plot_id,period,plottype,year,vol_bole_m3_ha_alive,vol_stump_m3_ha_alive,vol_tot_standing_agb_m3_ha_alive,biomass_standing_agb_t_ha_alive,biomass_standing_bgb_t_ha_alive,biomass_standing_t_ha_alive,carbon_standing_agb_t_ha_alive,carbon_standing_bgb_t_ha_alive,carbon_standing_t_ha_alive,vol_bole_m3_ha_dead,vol_stump_m3_ha_dead,vol_tot_standing_agb_m3_ha_dead,biomass_standing_agb_t_ha_dead,biomass_standing_bgb_t_ha_dead,biomass_standing_t_ha_dead,carbon_standing_agb_t_ha_dead,carbon_standing_bgb_t_ha_dead,carbon_standing_t_ha_dead,vol_log_m3_ha,vol_log_above30cm_m3_ha,vol_log_above40cm_m3_ha,biomass_lying_t_ha_dead,biomass_lying_above40cm_t_ha_dead,carbon_lying_t_ha_dead,carbon_lying_above40cm_t_ha_dead,vol_large_branches_m3_ha_alive,vol_top_m3_ha_alive,vol_tot_standing_bgb_m3_ha_alive,vol_large_branches_m3_ha_dead,vol_top_m3_ha_dead,vol_tot_standing_bgb_m3_ha_dead,biomass_lying_above30cm_t_ha_dead,carbon_lying_above30cm_t_ha_dead
11000,0,CA,1986,441.86565780746764,11.986617755038607,558.7592217537131,326.71821223922007,78.03380097418241,404.7520132134025,163.35910611961003,39.016900487091206,202.37600660670125,4.136546528416015,0.10961066604274076,5.209518726918536,2.2656356807818745,0.5273349811315046,2.7929706619133787,1.1328178403909372,0.2636674905657523,1.3964853309566894,,,,,,,,181.6301966898578,0.2261513786179781,133.42912021325125,1.2713264400553423,0.003541980536559032,0.9085230998458419,,
200,1,CP,2000,238.25431100195183,6.314843346654998,285.6937907852915,132.36862238208337,23.863740804582946,156.2323631866663,66.18431119104169,11.931870402291473,78.11618159333315,15.77960743275028,0.5223466438531602,18.87052167540242,6.62874039341774,1.1910094380030127,7.8197498314207525,3.31437019670887,0.5955047190015064,3.9098749157103763,20.125126638475855,,,7.971667142232325,,3.9858335711161623,,6.461983479721139,2.729667759133944,50.73418355985311,0.2950746660665655,0.8351012294505379,2.5031238721083535,,
204,1,CP,2000,263.51425244070805,5.237448777096917,299.2597880761842,126.69511718833921,20.33975433514668,147.0348715234859,63.347558594169605,10.16987716757334,73.51743576174295,10.150177244472363,0.2706080345519128,11.718296144518575,3.7127517042054676,0.5940402726728748,4.306791976878342,1.8563758521027338,0.2970201363364374,2.153395988439171,19.308964174806306,,,6.045539624438782,,3.022769812219391,,4.459700266488962,2.425495239621746,48.01133392631664,0.229657281567132,0.43403954321616967,1.4061955373422292,,
205,1,CP,2000,327.60109794914626,8.29470682845812,388.84905949856585,175.55754184065896,30.891643699173496,206.44918553983246,87.77877092032948,15.445821849586748,103.22459276991623,18.424899003739952,0.6800809456576061,22.897121738467234,7.866505393877216,1.4115249931468796,9.278030387024096,3.933252696938608,0.7057624965734398,4.639015193512048,11.59236858998438,,,3.6295775533564076,,1.8147887766782038,,8.550129360929464,4.381121295295084,67.51340766004253,0.2954490201559033,1.3959726622964885,3.037131125601295,,
206,1,CP,2000,291.65946475268316,6.026760891317095,333.94884757485687,143.2604203525802,23.436074985680143,166.69649533826035,71.6302101762901,11.718037492840072,83.34824766913017,13.473834769151859,0.449623437887633,16.232966176657346,5.32475184663942,0.897331590339117,6.222083436978537,2.66237592331971,0.4486657951695585,3.1110417184892687,10.790784719102048,,,3.4015080253889973,,1.7007540126944987,,5.759026700493396,2.8553722168931874,54.39084636158634,0.2678264441002736,0.9747830523606095,2.0338636439877784,,
207,1,CP,2000,344.5056414665516,7.229558041884437,394.2945589877661,170.72094002768713,28.081245812972615,198.80218584065975,85.36047001384357,14.040622906486307,99.40109292032987,19.9554338862069,0.49574085699928533,22.98893113876745,7.344286386650747,1.1872629416523885,8.531549328303136,3.6721431933253736,0.5936314708261943,4.265774664151568,7.642437339088257,,,2.354041132682922,,1.177020566341461,,7.000674670852927,2.6484510633054588,64.46145090712483,0.4998529600016083,0.6298250205471734,2.7803225145234722,,
209,1,CP,2000,32.894305218539465,0.6723849828984843,37.26590720771355,15.742796141220127,2.5188473825952205,18.261643523815348,7.871398070610064,1.2594236912976102,9.130821761907674,102.84553711021515,2.5757200857445777,118.37005914036709,37.68080724337773,6.073195474499164,43.754002717876894,18.840403621688864,3.036597737249582,21.877001358938447,26.33008448930527,,,8.342259391120573,,4.171129695560286,,0.5537519325481566,0.36848687336922525,5.962545153234168,2.083371540615015,3.4229797612306614,14.288222590558831,,
210,1,CP,2000,63.77703797600548,1.335282318482798,72.31931682525907,30.55093373969192,4.888149398350707,35.439083138042626,15.27546686984596,2.4440746991753537,17.719541569021313,50.97432056822338,1.2154325183782801,58.50239836737113,18.69828548614175,3.032387698330298,21.730673184472046,9.349142743070875,1.516193849165149,10.865336592236023,1.3705070882057746,,,0.46627867994056493,,0.23313933997028247,,1.151296335224999,0.8597179432949771,11.57109069204145,0.9447783252983243,1.306342552510503,7.097278791127893,,
211,1,CP,2000,94.25415836069752,2.272308889656451,109.3787102151896,47.30998729975011,7.823145468968536,55.133132768718646,23.654993649875056,3.911572734484268,27.566566384359323,64.567751154511825,1.6354474669588404,74.38381959067556,23.622623687729714,3.793440830123323,27.416064517853034,11.811311843864857,1.8967204150616614,13.708032258926517,6.637055563576755,,,2.112071474112339,,1.0560357370561695,,2.3471252160627563,2.334603491241624,17.970175695892166,1.3844742998253894,2.310993268481437,8.952227623925051,,
212,1,CP,2000,87.87113367579737,2.0056174805105753,99.9757583502307,42.23425915808087,6.75748146529294,48.99174062337381,21.117129579040434,3.37874073264647,24.495870311686904,35.96967796551521,1.0500994342053924,42.359847751655316,13.578448299250006,2.2118815060117387,15.790329805261745,6.789224149625003,1.1059407530058694,7.895164902630873,4.592463629399567,,,1.452124463476261,,0.7260622317381304,,1.7391030589728065,1.9464963614801194,15.996121336036913,0.6998437392554374,1.99071736635542,5.157650199737989,,
213,1,CP,2000,165.61217426660664,3.724814296522513,188.86486671114162,79.9918989024364,12.850391143441133,92.84229004587753,39.9959494512182,6.425195571720566,46.42114502293877,5.483583757733191,0.2044911645212909,6.742149068978964,2.16831149596957,0.35496752230197137,2.523279018271541,1.084155747984785,0.17748376115098569,1.2616395091357706,1.2010627780429881,,,0.38053722324834255,,0.19026861162417127,,3.2340801655009166,3.4318395586629036,30.31624537243146,0.09993125529234004,0.5699915971700402,0.8242767371021201,,
214,1,CP,2000,290.24750394234934,6.288207625975316,329.82968840389793,139.79723016159738,22.483065475734445,162.28029563733185,69.89861508079869,11.241532737867223,81.14014781866592,15.93417689978777,0.45805037085671646,18.61644218181452,5.898317177203752,0.9437307483526003,6.8420479255563516,2.949158588601876,0.47186537417630015,3.4210239627781758,5.567430895286209,,,1.7512418990723226,,0.8756209495361613,,5.1195720250010295,4.558800127547131,52.99145853260958,0.34799737838578404,0.876544512261953,2.2339730618177427,,
215,1,CP,2000,276.1722719792714,5.686249595440982,313.55561135030786,132.86062885174897,21.35779433455577,154.21842318630473,66.43031442587449,10.678897167277885,77.10921159315237,17.138457547971807,0.5045839944538902,20.00263080808861,6.337508517060508,1.0140013627296813,7.351509879790189,3.168754258530254,0.5070006813648407,3.6757549398950946,10.71319668434475,,,3.417985172212703,,1.7089925861063515,,4.441157793480361,3.183320364887594,50.35841899731666,0.45306718854895867,0.9953469518277283,2.4003156969706336,,
216,1,CP,2000,336.5202657240273,6.992396762661214,382.2336413294071,161.99345308582318,26.049060649976802,188.04251373579996,80.99672654291159,13.024530324988401,94.02125686789998,25.890185670861452,0.6465522975767898,29.63604563817266,9.389699457331558,1.5023519131730494,10.892051370504607,4.694849728665779,0.7511759565865247,5.4460256852523035,20.701577884607545,,,6.275741994979601,,3.1378709974898005,,6.032040048010814,4.023639155629065,61.40373425083808,0.5854073368757079,0.8525553864718168,3.5563254765807195,,
217,1,CP,2000,179.2590943480961,5.775771890948943,221.36745371207928,104.77673189716339,19.577781814125384,124.35451371128877,52.38836594858169,9.788890907062692,62.17725685564439,5.199521493934764,0.2606797719318459,7.18256196075278,2.817470402814523,0.5861574859240888,3.403627888738612,1.4087352014072616,0.2930787429620444,1.701813944369306,0,,,0,,0,,4.02675097401696,5.969561393179974,40.74598740130729,0,0.5075858460811512,1.1182073165872346,,
218,1,CP,2000,317.80284964956576,6.978709790333931,362.6373720853889,154.67986575869477,25.119923425040113,179.7997891837349,77.33993287934739,12.559961712520057,89.89989459186745,11.731608439743736,0.3759868423851371,14.121805107347562,4.739076094908531,0.8244131130446656,5.563489207953197,2.3695380474542653,0.4122065565223328,2.7817446039765983,13.237720349415548,,,4.147923808044366,,2.073961904022183,,6.213390777326475,4.638890040698426,58.72471914382451,0.33406147954186466,0.6099836919008715,1.819888201477178,,
219,1,CP,2000,187.87687861866814,5.658718772806544,228.3025833740227,105.73089043548038,19.219641812440134,124.9505322479205,52.86544521774019,9.609820906220067,62.47526612396025,2.1945891305698493,0.11457711657529202,3.028438938613202,1.1270844392579542,0.22220014508960517,1.3492845843475594,0.5635422196289771,0.11110007254480259,0.6746422921737797,0.10254352983410817,,,0.021659500690289726,,0.010829750345144863,,4.687743490767892,5.794893903902134,40.880267562612595,0,0.30939028755022674,0.44268452126940183,,
220,1,CP,2000,307.0278357579009,8.370299450400655,353.280553786261,164.80107521841495,28.69648868378811,193.49756390220304,82.40053760920748,14.348244341894056,96.74878195110152,37.79521759295212,1.2976367816117558,43.5896601225128,16.089647144682726,2.8930681746161153,18.982715319298837,8.044823572341363,1.4465340873080577,9.491357659649418,12.84748834444853,,,4.039894630730478,,2.019947315365239,,6.18086728194177,2.64687553227711,60.51930818994027,0.7330787500089649,0.7793347228971867,5.769446533031373,,
221,1,CP,2000,254.04380354587622,7.100123722085971,307.08441791136187,141.64982667821283,25.596299962794713,167.24612664100755,70.82491333910642,12.798149981397357,83.62306332050377,5.014782298439697,0.2456374139012233,6.851988808225349,2.641611684591142,0.5402508666095747,3.181862551200717,1.320805842295571,0.27012543330478733,1.5909312756003584,0.4861149004327305,,,0.1318059449115132,,0.0659029724557566,,7.427623914701998,5.5191994575372885,54.663576339751,0,0.5026586967343881,1.044893625733315,,
223,1,CP,2000,319.1567972335532,6.790700349282677,363.5394042219163,154.87885578743683,25.106273452115794,179.9851292395526,77.43942789371842,12.553136726057897,89.9925646197763,16.962349731648082,0.4752011881586178,19.838500307945186,6.3548531997456825,1.0341022121143553,7.388955411860038,3.1774265998728413,0.5170511060571776,3.694477705930019,16.75723297221395,,,5.25016900751802,,2.62508450375901,,5.410901183239981,4.112962713614511,58.782914894228576,0.3408688220488273,0.8294299535047152,2.4134251641504862,,
224,1,CP,2000,341.58593596574025,8.245449752336908,395.51743919538893,176.53923506739667,30.092899836095597,206.63213490349227,88.26961753369834,15.046449918047799,103.31606745174614,26.355206365114753,0.7743747651272078,31.247926666433376,10.261490724589148,1.732054524709552,11.9935452492987,5.130745362294574,0.866027262354776,5.99677262464935,9.255488602818925,,,2.9542661953390033,,1.4771330976695016,,6.812308057626665,3.98999047567477,66.6426419604477,0.47809232572084887,1.3012043569163427,3.9205695574756017,,
225,1,CP,2000,339.98770864206995,10.385064911803559,406.09200798390964,198.42104522062593,36.592443226215984,235.01348844684193,99.21052261031296,18.296221613107992,117.50674422342097,13.873722854204056,0.5082548837308043,16.39492524783921,6.317238762516225,1.1917838747468612,7.509022637263086,3.1586193812581125,0.5958919373734306,3.754511318631543,6.041975231356158,,,2.1263601052489287,,1.0631800526244644,,11.368234877550028,3.7913375989821008,73.59868190461908,0.2666137545838577,0.5406595181597886,2.2829689223319747,,
226,1,CP,2000,318.1699055469477,9.771520324137498,393.7226628429867,193.54338199730344,37.02852633820001,230.57190833550345,96.77169099865172,18.514263169100005,115.28595416775173,13.319942169910131,0.5472300247117444,17.103256156926058,6.1885336351297155,1.1824546134811447,7.3709882486108596,3.0942668175648578,0.5912273067405723,3.6854941243054298,7.9476010269726585,,,2.603208258545563,,1.3016041292727816,,16.06244991507506,4.314951613788667,74.16801062665405,0.15154705157771073,1.126367255337512,2.416478345874737,,
227,1,CP,2000,288.4540267400473,9.189729181523616,347.92345963316814,172.42052707482944,32.42736942452707,204.8478964993565,86.21026353741472,16.213684712263536,102.42394824967825,20.502321762565096,0.5980944680783994,23.759100289304456,8.158241974940315,1.4137333079546568,9.571975282894972,4.079120987470158,0.7068666539773284,4.785987641447486,5.596659700585035,,,1.7707262000464088,,0.8853631000232044,,9.947909143090445,3.2901211037221314,64.37753479478069,0.4012688916660519,0.6670781176660585,3.0436689441674316,,
228,1,CP,2000,352.80375619763936,8.913128600507292,411.83698609990637,188.44853617012666,32.87038507166935,221.318921241796,94.22426808506333,16.435192535834673,110.659460620898,30.47567174372562,0.948902010357513,36.52897621613283,12.315736670421778,2.145196022814334,14.460932693236112,6.157868335210889,1.072598011407167,7.230466346618056,13.728100602323142,,,4.489400848667518,,2.244700424333759,,9.983285702089232,3.32942480516428,70.78811570384539,0.9685856153250575,1.4553504254805498,4.709133615109694,,
229,1,CP,2000,235.752575039134,6.28745844566029,276.7138258557913,120.7255806221758,20.272788166727917,140.99836878890372,60.3627903110879,10.136394083363959,70.49918439445186,4.313670649220979,0.1352385106830654,5.2163255263974895,1.652707974689815,0.2644332759503704,1.9171412506401855,0.8263539873449075,0.1322166379751852,0.9585706253200927,0.2608629094747711,,,0.07733070709074716,,0.03866535354537358,,5.388625783689525,8.129732441792918,46.0856546557169,0.05261099789643791,0.3222243788678142,0.6259590631676988,,
2001,1,CP,2000,493.32555349327856,13.080068353751724,612.0782131454172,351.38519244234993,81.08791159790741,432.47310404025734,175.69259622117497,40.543955798953704,216.23655202012867,4.503458848433496,0.11588617947630861,5.378286712224971,2.2686959080462668,0.4764261406897161,2.745122048735983,1.1343479540231334,0.23821307034485806,1.3725610243679915,8.1,,,3.159,,1.5795,,122.83774267732129,2.1769264549882705,140.6837704486547,0.5292117777986268,0.023299134100254356,0.8470801571754327,,
2002,1,CP,2000,332.00157713944947,9.246034057387607,415.56415356157,243.10322567063324,58.14618214184394,301.24940781247716,121.55161283531662,29.07309107092197,150.62470390623858,36.52280193184869,1.001829494467036,46.45395610690785,20.40443469512296,4.8970643268295095,25.301499021952466,10.20221734756148,2.4485321634147548,12.650749510976233,49.2,,,19.188000000000002,,9.594000000000001,,108.39064692377669,1.391272601258677,99.38230254614734,11.18442876251735,0.03612955315271034,8.361712099243412,,
2003,1,CP,2000,404.8355549035101,9.990556335358058,493.5277784136257,277.8985804962203,64.1404203902679,342.0390008864882,138.94929024811015,32.07021019513395,171.0195004432441,14.320894347696953,0.589179654492254,15.836892363323985,6.910186118872183,1.7755844376563739,8.685770556528556,3.4550930594360914,0.8877922188281869,4.342885278264278,23.5,,,9.165000000000001,,4.5825000000000005,,81.87110361040372,1.407764764289091,113.35078363961827,0.7143858648346209,0.022372212252732077,3.0779900757833922,,
2004,1,CP,2000,488.4358085033122,12.649941605093394,605.9171673233584,348.38559510414547,80.49248070569202,428.87807580983747,174.19279755207273,40.24624035284601,214.43903790491873,0,0,0,0,0,0,0,0,0,28.3,,,11.037,,5.5185,,133.6361687730957,0.6122614213250955,139.71474343526646,0,0,0,,
2005,1,CP,2000,516.8297426382378,12.550479900293718,624.9902474139047,348.15523959498836,77.34697687127439,425.5022164662627,174.07761979749418,38.673488435637196,212.75110823313136,12.35624350049304,0.30954776867485445,14.769936362173281,6.23032872360648,1.308369031957361,7.538697755563842,3.11516436180324,0.6541845159786805,3.769348877781921,0,,,0,,0,,94.40042711329787,2.41480695001353,137.86429859725516,1.7182630637711833,0.0435611740103333,2.326264977042292,,
2006,1,CP,2000,432.4898318219382,11.613460776074573,541.1924652675374,313.73384515052066,74.83332728964359,388.56717244016426,156.86692257526033,37.416663644821796,194.28358622008213,4.2545270092413485,0.24912959685442065,5.070584209651334,2.1574903169916158,0.4979954567061961,2.6554857736978117,1.0787451584958079,0.24899772835309805,1.3277428868489058,24.9,,,9.711,,4.8555,,125.68542176530345,1.1585689451444154,128.87622898915797,0.3330310973120326,0.02458408291970657,0.8753219334061091,,
2007,1,CP,2000,430.0876591925398,11.778088742707064,538.2525096228318,312.2156845110395,73.88471602413188,386.10040053517133,156.10784225551976,36.94235801206594,193.05020026758567,15.870367642418197,0.6406725608714682,18.723779199668016,8.020359378268825,1.897103002409854,9.917462380678678,4.010179689134413,0.948551501204927,4.958731190339339,35.3,,,13.767,,6.8835,,107.0305446220953,2.4222914533395503,127.20491456855294,2.462922149536804,0.3811566256377149,3.312397139615008,,
2008,1,CP,2000,449.5779827674,12.508642704653536,563.1615453005705,327.66121796055194,77.23926876246443,404.9004867230164,163.83060898027597,38.61963438123222,202.4502433615082,23.58495390561204,0.6976857937697096,26.833733815821866,11.498458042367393,2.7879199674290938,14.286378009796486,5.749229021183696,1.3939599837145469,7.143189004898243,37.6,,,14.664000000000001,,7.332000000000001,,112.98066820855388,2.330658560498003,132.65881124559607,2.7849016686585473,0.0175666562676235,4.863624904186461,,
2009,1,CP,2000,448.66464252707374,12.21496934815267,563.3789854071691,327.4041094513491,77.49190151635335,404.8960109677024,163.70205472567454,38.745950758176676,202.4480054838512,0,0,0,0,0,0,0,0,0,14.5,,,5.655,,2.8275,,130.28317184631197,2.3179562116260715,133.18166524109333,0,0,0,,
2010,1,CP,2000,509.35461762840583,13.853993019395642,634.0339085333242,366.88830304005336,85.81441443664177,452.7027174766951,183.44415152002668,42.907207218320885,226.35135873834756,4.01375,0.15997937020368722,4.173729370203686,1.8332688000446498,0.5244083469896655,2.357677147034315,0.9166344000223249,0.26220417349483277,1.1788385735171576,7.3,,,2.847,,1.4235,,114.65215043287783,2.9078289508839643,148.08937158249327,0,0,0.8954245497540074,,
2011,1,CP,2000,415.819281921762,11.039033427699124,517.5431807004918,299.55779602610227,70.34237818327409,369.90017420937636,149.77889801305113,35.171189091637046,184.95008710468818,9.998373034949934,0.2779086449357979,12.40348861330063,5.448108075431688,1.307545938103605,6.755654013535293,2.724054037715844,0.6537729690518025,3.3778270067676464,5.3,,,2.0669999999999997,,1.0334999999999999,,122.00767542701001,0.6046919072574507,121.34972890827575,2.0563123542988198,0.021543506046948924,2.232627950394113,,
2012,1,CP,2000,488.5535975034575,12.905114671711553,604.4440968964956,348.5509365960887,82.45108462970111,431.0020212257898,174.27546829804436,41.22554231485056,215.5010106128949,2.054444444444444,0.1717630258993019,2.226207470343746,0.9390700140531344,0.23020151003767342,1.1692715240908078,0.4695350070265672,0.11510075501883671,0.5846357620454039,7.4,,,2.886,,1.443,,142.9758073629769,1.2109790727768148,142.65608458715533,0,0,0.4092956172019373,,
2013,1,CP,2000,461.745133158603,10.225935741734752,551.6235116418303,300.78531103300946,68.62467427718065,369.4099853101901,150.39265551650473,34.31233713859032,184.70499265509505,0,0,0,0,0,0,0,0,0,0,,,0,,0,,94.49488293140375,1.3330901473758683,124.79364364890539,0,0,0,,
2016,1,CP,2000,347.32807904037054,9.379021127008507,437.30265098850134,257.5345682650494,58.947918419461956,316.48248668451134,128.7672841325247,29.473959209730978,158.24124334225567,27.959722222222222,1.1788502397029998,29.13857246192522,12.75111212659068,3.717564992873531,16.46867711946421,6.37555606329534,1.8587824964367654,8.234338559732105,49.3,,,19.227,,9.6135,,94.97754667016387,0.8713152844171212,99.94459824426687,0,0,6.3676947095325955,,
2017,1,CP,2000,469.21600227051476,12.798380716888339,586.5647979168886,341.3173509221545,80.94837232422984,422.26572324638437,170.65867546107725,40.47418616211492,211.13286162319218,0,0,0,0,0,0,0,0,0,15.6,,,6.084,,3.042,,113.32433168859006,1.4588547414143103,138.99142055499928,0,0,0,,
2018,1,CP,2000,568.5532609561426,15.001285769693064,710.1012445794116,409.2346721872623,96.82275983748406,506.0574320247464,204.61733609363114,48.41137991874203,253.0287160123732,0,0,0,0,0,0,0,0,0,7.1,,,2.7689999999999997,,1.3844999999999998,,142.96594755471037,0.8112876719656348,167.62912698836323,0,0,0,,
2019,1,CP,2000,391.74891450882285,10.398262316893094,482.1025574339078,274.81187719738557,62.63850587403983,337.4503830714254,137.40593859869279,31.319252937019915,168.7251915357127,0,0,0,0,0,0,0,0,0,0,,,0,,0,,73.12513813407807,2.0641931999712844,109.6560915766747,0,0,0,,
2020,1,CP,2000,391.8986895915745,9.483982104949847,480.06270674605264,269.6538837688179,62.09097650938394,331.7448602782018,134.82694188440894,31.04548825469197,165.8724301391009,18.459781603513164,0.46258627877239594,22.08661883934314,9.316688466886514,1.9565045780461678,11.273193044932682,4.658344233443257,0.9782522890230839,5.636596522466341,0,,,0,,0,,93.54472262383297,0.8357622879989145,109.9745246804402,2.617933060071989,0.0657786951924377,3.478642467196544,,
2021,1,CP,2000,530.3876761467258,13.883987589882848,662.6285622980957,381.69192782096786,90.52671651875676,472.2186443397246,190.84596391048393,45.26335825937838,236.1093221698623,5.475755458808063,0.13846539743450043,6.5410392173773415,2.7591740085375727,0.5794265417928902,3.338600550330463,1.3795870042687863,0.2897132708964451,1.6693002751652315,0,,,0,,0,,142.13394394500872,0.9842640979156292,156.75686685377337,0.7143858648346209,0.022372212252732077,1.0302136767369312,,
2022,1,CP,2000,440.00956345402403,10.666495404998997,538.1519585801236,302.58542255908566,69.4829143827089,372.0683369417946,151.29271127954283,34.74145719135445,186.0341684708973,6.909786259741351,0.1717630258993019,8.26645264826384,3.486996566126899,0.7322692788866487,4.219265845013548,1.7434982830634496,0.36613463944332436,2.109632922506774,8.8,,,3.4320000000000004,,1.7160000000000002,,103.23273215754008,0.8392431641575224,122.97838600478136,1.0159873020796617,0.021204515081651776,1.3019662921015547,,
2023,1,CP,2000,522.659937966434,14.154553612700802,657.9243799644987,383.7561218404046,91.63547979303235,475.39160163343695,191.8780609202023,45.81773989651617,237.69580081671847,12.346478327813037,0.30932088211109227,14.75741877346241,6.225048491479322,1.3072601832106574,7.532308674689979,3.112524245739661,0.6536300916053287,3.7661543373449895,43.1,,,16.809,,8.4045,,173.4027767165975,0.5458295618819995,157.00674564607672,1.7142263627234835,0.04355597394790123,2.3242934568203295,,
2024,1,CP,2000,536.8271595023402,14.633422256130908,675.8569948004458,394.69277950686757,93.90869970318131,488.6014792100489,197.34638975343378,46.954349851590656,244.30073960502446,0,0,0,0,0,0,0,0,0,7.1,,,2.7689999999999997,,1.3844999999999998,,150.08280791130164,0.6663063611498505,160.75205342741202,0,0,0,,
2025,1,CP,2000,435.0402437100044,11.597297851977327,542.6195504498705,313.94198065868216,72.5521027006109,386.4940833592931,156.97099032934108,36.27605135030545,193.24704167964654,13.021057696433328,0.8247980291752807,14.553478586909343,8.406828570912442,2.262289527271263,10.669118098183706,4.203414285456221,1.1311447636356315,5.334559049091853,21.2,,,8.267999999999999,,4.1339999999999995,,117.9285761350599,0.9807107480898669,125.26104110038638,0.47488776759289253,0.023616264237184523,3.9046087555244346,,
2026,1,CP,2000,435.58705843260935,11.674300055239824,545.6047561919913,318.0359155861083,74.43305707679255,392.4689726629008,159.01795779305414,37.216528538396275,196.2344863314504,38.02538746569978,0.9647696482519941,44.278146427146226,21.94498314004709,5.109328998040795,27.054312138087887,10.972491570023545,2.5546644990203977,13.527156069043944,40.2,,,15.678000000000003,,7.839000000000001,,114.1483056907391,1.615735534819395,127.5722685999688,6.140347948833719,0.03859870525584121,9.071234616413108,,
2027,1,CP,2000,324.2858347774578,8.758194281687002,407.37652555516365,234.20973426531876,55.25082706364818,289.46056132896695,117.10486713265938,27.62541353182409,144.73028066448347,6.559185322780882,0.0793884438548844,7.053151860323169,2.234676549088923,0.3575482478542277,2.592224796943151,1.1173382745444616,0.17877412392711384,1.2961123984715754,3.5,,,1.365,,0.6825,,77.94626083192688,0.8957977631400776,95.90807084618527,0.1225439626407808,0.02196602336620196,0.8463782232387803,,
2028,1,CP,2000,367.7933910587065,9.00667467126171,449.42237824063136,254.27111708596328,54.853933715410626,309.1250508013739,127.13555854298164,27.426966857705313,154.56252540068695,9.628268241957832,0.17114318785396448,10.801326225168221,3.8941896209811233,0.7178813720485735,4.612070993029697,1.9470948104905617,0.35894068602428675,2.3060354965148484,0,,,0,,0,,79.5886200441806,0.5431068117585335,96.61159159861346,0.49731016654985066,0.04669090422127373,1.464732064446785,,
2029,1,CP,2000,380.5390520701943,10.447297162672623,480.68509113310245,281.3343834583298,64.17573573642082,345.5101191947506,140.6671917291649,32.08786786821041,172.7550595973753,5.673168751335331,0.13783950788982643,7.106971918201225,2.737943261080525,0.5749680848269103,3.3129113459074353,1.3689716305402626,0.28748404241345515,1.6564556729537177,0,,,0,,0,,92.52259800139012,1.7759693048245133,109.64443509771202,0.65520716913262,0.02157488390778458,1.119348077116693,,
2030,1,CP,2000,318.73057869430795,8.455121419649014,394.7331424882758,224.78837985429882,50.0528954571795,274.84127531147834,112.39418992714941,25.02644772858975,137.42063765573917,20.53785620667822,0.4994782767532654,24.811364929270134,10.466054544866605,2.197871454421987,12.66392599928859,5.2330272724333025,1.0989357272109934,6.331962999644295,0,,,0,,0,,64.40389049181216,3.96395851321642,87.75577093462742,3.8898652391920656,0.03923479496431348,3.9077899763600454,,
2031,1,CP,2000,462.80415145564774,12.631681109596824,580.5914376841021,338.4626054995394,79.44162479808716,417.90423029762655,169.2313027497697,39.72081239904358,208.95211514881328,0,0,0,0,0,0,0,0,0,12.2,,,4.757999999999999,,2.3789999999999996,,121.73325355113631,1.4282816045714672,136.20650437999308,0,0,0,,
2032,1,CP,2000,285.4285215565326,7.708236090998493,352.67447929572944,202.54429685885682,45.69980803323395,248.24410489209077,101.27214842942841,22.849904016616975,124.12205244604539,47.646325430548096,1.174265438887125,57.160573890347436,24.11176031055429,5.0634696652164,29.175229975770684,12.055880155277144,2.5317348326082,14.587614987885342,65.4,,,25.506,,12.753,,60.83364472743466,2.6030910243217384,79.4667253080904,7.67528729228693,0.12377983948392633,9.002790387729721,,
2033,1,CP,2000,497.8983906007758,13.229883824850507,616.8787871012661,356.0112551942737,83.80953725407142,439.8207924483451,178.00562759713685,41.90476862703571,219.91039622417256,0,0,0,0,0,0,0,0,0,0,,,0,,0,,148.37864028454692,1.4303997995605935,144.93597292107893,0,0,0,,
2034,1,CP,2000,481.4240445988524,13.603831553210181,607.4700292538778,355.76683035360804,85.38403928486592,441.150869638474,177.88341517680402,42.69201964243296,220.575434819237,0,0,0,0,0,0,0,0,0,0,,,0,,0,,191.88217995855518,3.4315050608469084,145.79280702093064,0,0,0,,
2035,1,CP,2000,223.15133351738754,6.4865468618272,280.21910864401156,163.52250796594487,38.37765157907832,201.9001595450232,81.76125398297243,19.18882578953916,100.9500797725116,10.723555555555553,0.9811161302250764,11.704671685780632,5.1411597430095135,1.5043686578671154,6.645528400876628,2.5705798715047568,0.7521843289335577,3.322764200438314,6.4,,,2.4960000000000004,,1.2480000000000002,,54.3893989238769,3.4173752193980738,65.74074878170227,0,0,2.5687017299921964,,
2036,1,CP,2000,286.2073735260057,7.966671977322375,361.9131024541908,216.4092080174595,50.2307485279912,266.6399565454507,108.20460400872975,25.1153742639956,133.31997827272534,0,0,0,0,0,0,0,0,0,47.7,,,18.603,,9.3015,,100.05749707358194,1.3331657170809823,84.17179820176543,0,0,0,,
2037,1,CP,2000,478.7555303726221,13.492294683279264,596.5064893060602,347.3890394256996,81.95132695791595,429.34036638361556,173.6945197128498,40.975663478957976,214.67018319180778,1.7539803963097838,0.1402804289530301,2.82139522449082,1.2392695785643542,0.297424698855445,1.5366942774197994,0.6196347892821771,0.1487123494277225,0.7683471387098997,0,,,0,,0,,182.24451700464795,4.412383272059271,140.6331823399551,2.6449778164657594,0.633484316299389,0.5078511404083476,,
2038,1,CP,2000,372.1267097686557,10.16795052638969,459.4961422805581,262.3235757504958,58.02955364679301,320.35312939728885,131.1617878752479,29.014776823396506,160.17656469864443,0,0,0,0,0,0,0,0,0,0,,,0,,0,,103.14343050085681,6.002942106156983,101.5169613954531,0,0,0,,
2039,1,CP,2000,250.51705167802135,6.8274301424902255,317.13682860010005,185.73223182390086,44.57573563773621,230.30796746163708,92.86611591195043,22.287867818868104,115.15398373081854,0,0,0,0,0,0,0,0,0,0,,,0,,0,,102.56113114400507,0.14737612310793216,76.112838864024,0,0,0,,
2040,1,CP,2000,355.0849211006965,10.796264088086886,447.3046067179107,263.56124650199905,62.019728216082406,325.58097471808145,131.78062325099953,31.009864108041203,162.79048735904072,0.550064537548499,0.06031290107520651,1.037680521046371,0.45579077005549823,0.10938978481331954,0.5651805548688178,0.22789538502774911,0.05469489240665977,0.2825902774344089,0,,,0,,0,,67.68951885624088,7.40413600200636,105.32614498935567,1.3899143399721483,0.3120130109790342,0.1867824937883468,,
2041,1,CP,2000,295.5278136928787,9.27073532921649,377.4644061600063,221.06327700774406,53.05518648185858,274.1184634896027,110.53163850387203,26.52759324092929,137.05923174480134,0.19336785917253402,0.0479078190421862,0.4994034107305792,0.21935794353709473,0.05264590644890273,0.27200384998599747,0.10967897176854736,0.026322953224451363,0.13600192499299874,0,,,0,,0,,115.56356457319274,8.41340403197003,90.59145747840151,1.5631761114111173,0.28141370742000604,0.08989261393150424,,
2042,1,CP,2000,471.30274997197984,13.494469803539051,591.9497878934508,347.66832433195594,83.23494760949332,430.9032719414493,173.83416216597797,41.61747380474666,215.45163597072465,0,0,0,0,0,0,0,0,0,0,,,0,,0,,200.4475691844168,4.561003525326176,141.76790640727796,0,0,0,,
2043,1,CP,2000,269.3065607864891,7.663163294346831,339.33968347691354,198.19555015737248,47.45137226342901,245.6469224208015,99.09777507868624,23.725686131714504,122.82346121040075,0,0,0,0,0,0,0,0,0,0,,,0,,0,,90.74249149962517,2.289878114598966,81.21655222365189,0,0,0,,
2044,1,CP,2000,524.329736009698,15.049981560018994,659.2930708975962,385.2477357901629,92.27334961288426,477.52108540304715,192.62386789508145,46.13667480644213,238.76054270152358,0,0,0,0,0,0,0,0,0,77.8,,,30.342000000000002,,15.171000000000001,,208.010570186451,5.384238114577135,157.86802388524086,0,0,0,,
2048,1,CP,2000,191.17224655091715,6.851665030797017,328.1833494773612,180.44227845137007,38.34061514165632,218.78289359302642,90.22113922568504,19.17030757082816,109.39144679651321,0,0,0,0,0,0,0,0,0,0,,,0,,0,,48.97528894340682,11.567823588891557,69.68301144134878,0,0,0,,
2056,1,CP,2000,556.098764490755,15.142620258554347,703.4764828336607,411.99332719909364,98.87839852778247,510.8717257268761,205.99666359954682,49.43919926389123,255.43586286343805,0,0,0,0,0,0,0,0,0,0,,,0,,0,,234.78736634527445,0.2762877193765725,168.83435588007856,0,0,0,,
2057,1,CP,2000,350.65212045478535,9.81967855414543,444.87237175887077,260.5409748476659,62.52983396343981,323.07080881110574,130.27048742383295,31.264916981719907,161.53540440555287,54.612239032177285,2.366617054747977,68.02806248946506,28.828390099503366,7.034811231854807,35.86320133135817,14.414195049751683,3.5174056159274034,17.931600665679085,88.4,,,34.476,,17.238,,158.92075198106667,2.1301353937021377,106.76936922212899,24.566020837301007,0.012119743132006798,12.011903921910992,,
2058,1,CP,2000,483.3799712493741,13.14948862224472,608.6091149581596,356.4339396610601,85.54414551865442,441.9780851797145,178.21696983053005,42.77207275932721,220.98904258985726,0,0,0,0,0,0,0,0,0,17.7,,,6.9030000000000005,,3.4515000000000002,,234.09809654521993,0.16272565475486447,146.06618758995828,0,0,0,,
2059,1,CP,2000,219.29798568684652,6.2721099862963525,397.5828878528585,228.80763145461788,51.9795056997442,280.7871371543621,114.40381572730894,25.9897528498721,140.39356857718104,5.610776933201196,0.06810073496997224,62.471972626790986,26.352241196778103,5.5339706513234015,31.88621184810151,13.176120598389051,2.7669853256617007,15.943105924050755,0,,,0,,0,,96.24192658345476,4.628450108715372,90.20269572837624,3.2720749468989014,0.1971583294635091,9.83933568871958,,
2060,1,CP,2000,531.6769714354315,14.48827001376149,672.893510240253,394.08230822139734,94.57975397313535,488.66206219453267,197.04115411069867,47.28987698656768,244.33103109726633,0,0,0,0,0,0,0,0,0,0,,,0,,0,,219.1826625787932,0.27840134897956814,161.4944424576607,0,0,0,,
2061,1,CP,2000,391.9575491467009,10.664912760164105,496.1796208231527,290.5892348353765,69.74141636049036,360.3306511958669,145.29461741768824,34.87070818024518,180.16532559793345,0,0,0,0,0,0,0,0,0,0,,,0,,0,,167.2968939047062,0.17892349134222507,119.08310899755664,0,0,0,,
2062,1,CP,2000,565.1535252350835,15.315003726004367,713.0839226633891,416.7873669023837,99.51061444894819,516.2979813513319,208.39368345119186,49.755307224474095,258.14899067566597,0,0,0,0,0,0,0,0,0,0,,,0,,0,,248.75016650206865,0.6678460842027517,170.212406073395,0,0,0,,
2063,1,CP,2000,341.7808150529972,9.528445542571038,436.12228543432815,256.19190045984533,61.32529028055107,317.5171907403964,128.09595022992266,30.662645140275536,158.7585953701982,32,1.72376130917028,33.72376130917028,14.812824202168526,4.315543158896663,19.12836736106519,7.406412101084263,2.1577715794483314,9.564183680532595,100.8,,,39.312,,19.656,,134.44504620347354,2.4491325537971216,104.43456360505748,0,0,7.368767702080805,,
2064,1,CP,2000,480.43962901349823,13.082717607658664,606.6969501919845,355.31407404594245,85.27537777102619,440.5894518169686,177.65703702297122,42.63768888551309,220.2947259084843,0,0,0,0,0,0,0,0,0,0,,,0,,0,,208.4562510425031,0.22594065161691532,145.60726804607626,0,0,0,,
2065,1,CP,2000,410.5403066975195,11.865807701853585,593.3543860406289,344.36920488822244,80.38301985299377,424.7522247412162,172.18460244411122,40.191509926496884,212.3761123706081,0,0,0,0,0,0,0,0,0,0,,,0,,0,,209.8629509857323,7.746421478870618,138.3761982562786,0,0,0,,
11000,1,CA,2000,461.3966986648866,12.617422857778253,581.3411070211883,339.9289955922135,81.20779962964691,421.1367952218604,169.96449779610674,40.60389981482346,210.5683976109302,15.605669278094563,0.5215546719366115,18.411472829667147,8.32694330904914,2.1005715865283596,10.4275148955775,4.16347165452457,1.0502857932641798,5.21375744778875,,,,,,,,198.46630342225197,0.8815594501534253,138.85386012265045,4.097102780292744,0.05682900999199168,3.6079402122185047,,
31000,1,CA,2001,133.67577604719918,7.31057608377185,221.0048020779267,114.4552635776128,24.03560535129869,138.49086892891148,57.2276317888064,12.017802675649344,69.24543446445574,19.034452080856443,1.5945376061685579,26.02679834481395,10.01164905637894,2.692106256336649,12.70375531271559,5.00582452818947,1.3460531281683246,6.351877656357795,24.048309999999997,,,7.275916713908904,,3.637958356954452,,3.7128649864503678,13.325943059121084,46.411008436364604,0.18035330059183813,1.2059328446229736,5.2868219633351305,,
41000,1,CA,2001,329.9775276998537,10.6637479226284,428.82955101626237,241.5441963248236,53.389942051925246,294.9341383767488,120.7720981624118,26.694971025962623,147.4670691883744,16.936159761742058,0.5339190141788374,20.77805118862983,8.734717251948707,1.844858009752281,10.579575261700988,4.3673586259743535,0.9224290048761405,5.289787630850494,4.672354081632653,,,1.5383075737976748,,0.7691537868988374,,68.69765499737974,5.428319697358814,94.60580783144263,2.0012003618546554,0.5067480477470558,3.3036227859031593,,
43000,1,CA,2001,249.16241657180473,8.405652872710663,324.88762031789526,169.98230406538113,36.663878678633125,206.64618274401425,84.99115203269056,18.331939339316563,103.32309137200713,3.183492447260722,0.1428319696336411,4.1788250723444005,1.6319195554795478,0.3535778435230581,1.9854973990026057,0.8159597777397739,0.17678892176152905,0.9927486995013028,17.727479999999996,,,5.762798884146657,,2.8813994420733287,,37.74578719458167,8.334210895863832,69.87856344342504,0,0.2573493434426802,0.6790473600445694,,
51000,1,CA,2001,279.0296275871929,9.320640212215128,369.3185380780026,168.54560518009407,35.394577087819755,203.94018226791383,84.27280259004704,17.697288543909877,101.97009113395691,6.451083821388228,0.33309101758161985,8.826777637101955,3.0816477685990407,0.748809488219311,3.8304572568183515,1.5408238842995203,0.3744047441096555,1.9152286284091757,47.59424285714286,,,11.793593458129125,,5.896796729064563,,35.73661381507247,10.587407844858314,77.55689299638054,0.8812254446933167,0.7126717593245924,1.7615431463073152,,
53000,1,CA,2001,143.58900992668515,8.27072558688113,224.6761820936288,110.28271345481197,23.097009076828744,133.3797225316407,55.141356727405984,11.548504538414372,66.68986126582035,14.430344638824428,1.0202893642116002,21.68261328337228,8.194945226320261,2.2205563453732893,10.41550157169355,4.0974726131601305,1.1102781726866446,5.207750785846775,6.057779999999999,,,2.227420770195499,,1.1137103850977494,,22.11266054331812,23.058420964010285,47.033763804536335,7.887479509996559,3.1570055510388317,4.699311845576124,,
101,1,CP,2002,471.500350065845,14.210885773430155,609.523164258132,336.87132771484386,70.74297882011722,407.6143065349611,168.43566385742193,35.37148941005861,203.80715326748054,0,0,0,0,0,0,0,0,0,1.7284619794947964,,,0.7432185421030832,,0.3716092710515416,,121.55349388420464,4.722868294073149,127.99986449420773,0,0,0,,
102,1,CP,2002,357.1860583868465,10.353203541874361,468.7104144439742,231.0735592574687,48.525447444068426,279.5990067015371,115.53677962873435,24.262723722034213,139.79950335076856,0,0,0,0,0,0,0,0,0,4.467027331146156,,,2.335333622333888,,1.167666811166944,,94.55685813099926,9.160203855530376,98.42918703323457,0,0,0,,
103,1,CP,2002,327.27664755157997,10.081999971643453,431.4024497793903,237.31405678951117,49.83595192579734,287.1500087153085,118.65702839475559,24.91797596289867,143.57500435765425,2.9891209886012806,0.08384753085608486,6.517971990397588,2.8594862969088317,0.6004921223508546,3.459978419259686,1.4297431484544159,0.3002460611754273,1.729989209629843,0,,,0,,0,,63.954958275588574,9.829805631865291,90.59451445367196,1.5432010319072207,0.735487961800608,1.0894871945551339,,
104,1,CP,2002,361.0524235707085,10.706709823408172,475.07291606367767,263.40466894604367,55.31498047866916,318.7196494247128,131.70233447302184,27.65749023933458,159.3598247123564,0,0,0,0,0,0,0,0,0,7.015540067111544,,,3.9457737862413493,,1.9728868931206747,,103.63026385111215,7.326113039379726,99.76531237337231,0,0,0,,
105,1,CP,2002,331.071656501592,9.784336487904925,428.099319781926,240.21053887230983,50.44421316318506,290.6547520354949,120.10526943615491,25.22210658159253,145.32737601774744,0,0,0,0,0,0,0,0,0,1.2427053741716063,,,0.5242042211847591,,0.26210211059237953,,86.53741014695758,4.227351410792344,89.90085715420446,0,0,0,,
106,1,CP,2002,233.4320727433545,7.925720271715936,309.45165591151414,171.88502048088816,36.09585430098651,207.98087478187466,85.94251024044408,18.047927150493255,103.99043739093733,2.8290694745475182,0.10107810546961733,3.91337253732444,1.751667513547462,0.367850177844967,2.119517691392429,0.875833756773731,0.1839250889224835,1.0597588456962146,1.685794700615284,,,0.9487090719593703,,0.47435453597968513,,63.825659320222854,7.198608462807997,64.98484774141797,1.3743014884257074,0.5181074614904009,0.6540333534487176,,
107,1,CP,2002,325.2284539447753,9.616805049220106,423.8402408917354,236.841891992253,49.73679731837313,286.57868931062615,118.4209459961265,24.868398659186564,143.28934465531307,3.0464430966715006,0.08186385041365829,6.037411471399583,2.6476402825919223,0.5560044593443036,3.203644741936226,1.3238201412959612,0.2780022296721518,1.601822370968113,6.574847889193449,,,3.164649047064702,,1.582324523532351,,149.45575114601232,4.866048211312031,89.00645058726444,1.72063194053185,0.47413198243567883,0.9885694855655528,,
108,1,CP,2002,312.2009899450057,9.542757974220748,419.23640989788163,232.0730898665647,48.73534887197858,280.80843873854326,116.03654493328234,24.36767443598929,140.40421936927163,0.37808641975308643,0.034994704719320424,0.41308112447240686,0.1600482856359799,0.07556124773885434,0.23560953337483426,0.08002414281798995,0.03778062386942717,0.11780476668741713,3.2559073361128474,,,1.7584030813495393,,0.8792015406747696,,95.91576659093745,9.078690184848229,88.03964607855514,0,0,0.1462664457407683,,
109,1,CP,2002,289.7138244358324,8.504474958510855,402.54924031059585,220.23180371274137,46.248678779675686,266.4804824924171,110.11590185637068,23.124339389837843,133.24024124620854,4.927434579031485,0.17421693579903935,6.3419209699319,3.1917036342456493,0.6702577631915863,3.861961397437235,1.5958518171228246,0.3351288815957931,1.9309806987186175,9.977285841122074,,,1.8676530648768994,,0.9338265324384497,,80.2566191439622,6.217793248509614,84.53534046522512,0.1774309086246293,0.46949757852567675,1.2941262248655807,,
110,1,CP,2002,455.4469807484443,13.196799722436692,594.3629145010179,324.4625757597148,68.13714090954011,392.59971666925486,162.2312878798574,34.068570454770054,196.29985833462743,5.391374136731553,0.17942870451154389,7.23039789245335,2.7854928107812134,0.5849534902640547,3.370446301045268,1.3927464053906067,0.29247674513202737,1.685223150522634,6.267806565955731,,,2.8385934678427645,,1.4192967339213822,,115.2688075539406,5.435659238088214,124.81621204521376,0.14486789197245215,0.547525997047376,1.1387876680614029,,
111,1,CP,2002,357.3313275857015,10.78817389177188,447.4778002027871,259.0968057739853,60.02501951744315,319.1218252914284,129.54840288699265,30.012509758721574,159.5609126457142,0,0,0,0,0,0,0,0,0,0,,,0,,0,,61.51736956404319,6.911346375638574,103.55739280084592,0,0,0,,
112,1,CP,2002,356.5290973644445,10.509743471832875,476.6156577161765,260.3803415363333,54.67987172262998,315.06021325896324,130.19017076816664,27.33993586131499,157.53010662948162,0.7172067901234569,0.03283158148446988,0.7500383716079267,0.3483543953360855,0.09506524018963093,0.4434196355257164,0.17417719766804274,0.047532620094815466,0.2217098177628582,2.267014798656001,,,1.1584196694221742,,0.5792098347110871,,88.19536739406567,8.688752091370356,100.08928812039706,0,0,0.15351301484129953,,
113,1,CP,2002,316.86630030859203,10.160232348721314,414.03387524914297,228.51289087695423,47.987707084160384,276.5005979611146,114.25644543847712,23.993853542080192,138.2502989805573,74.05410949655023,2.1216816884902343,97.06239368287162,40.94334630263863,8.598102723554112,49.54144902619274,20.471673151319315,4.299051361777056,24.77072451309637,4.518919702097476,,,1.9061934005182433,,0.9530967002591216,,59.412545742651936,17.83756505794966,86.94711380232002,25.643327918486595,0.12039418071996429,15.287327005052282,,
114,1,CP,2002,247.65132666687796,7.00869877321223,464.40532031695096,248.29606303701087,52.142173237772276,300.43823627478315,124.14803151850543,26.071086618886138,150.21911813739158,0,0,0,0,0,0,0,0,0,0,,,0,,0,,110.02555100233512,15.177433179216512,97.5251172665597,0,0,0,,
115,1,CP,2002,431.51556457032956,12.439931890351938,582.9533537087309,299.0937670507375,62.809691080654865,361.9034581313923,149.54688352536874,31.404845540327432,180.95172906569616,2.1588301027397545,0.08483630288800709,3.349570887590795,1.4129328116917008,0.4154198702373255,1.8283526819290263,0.7064664058458504,0.20770993511866276,0.9141763409645132,4.089496087125454,,,1.4547835664688678,,0.7273917832344339,,114.70533052673225,7.934054601540585,122.42020427883348,1.1520093268711777,0.3234114591914898,0.7386117152702814,,
116,1,CP,2002,262.54895005815274,8.410330354144913,347.6807831080382,188.21430977820026,39.532274731488954,227.7465845096892,94.10715488910013,19.766137365744477,113.8732922548446,7.078527699173413,0.24672623893214315,9.520514823000461,3.724690793809427,0.7821850666999797,4.506875860509407,1.8623453969047135,0.39109253334998983,2.2534379302547034,3.1113219473793032,,,1.601875802299612,,0.800937901149806,,52.106820934368336,10.239388106430402,73.0253773905203,0.3123443753209719,0.4403723230486903,1.5777016678058953,,
117,1,CP,2002,309.682492338384,9.080354947525853,408.2067221145067,224.49422574777117,47.143787407031944,271.6380131548031,112.24711287388558,23.571893703515972,135.81900657740155,0.48125838889605016,0.018361056227071425,0.645237900803955,0.272177491382699,0.05715727319036677,0.32933476457306576,0.1360887456913495,0.028578636595183386,0.16466738228653288,0,,,0,,0,,84.69512972968943,5.7950613939467495,85.72341164404641,0.20983090598815204,0.0878972191413674,0.10162496937662291,,
118,1,CP,2002,421.0632244976915,12.523899733935883,552.9471921700734,307.58205572770873,64.59223170281884,372.1742874305276,153.79102786385437,32.29611585140942,186.0871437152638,0.1368602691561975,0.007716049382716051,1.2021912505527017,0.46314119020943384,0.0972596499439811,0.560400840153415,0.23157059510471692,0.04862982497199055,0.2802004200767075,0.6973639089809882,,,0.2865315933334628,,0.1432657966667314,,112.156690780886,7.367167821246433,116.11891035571541,0,0.26435563773944565,0.18934512196205053,,
119,1,CP,2002,390.94069508827846,11.285110400662132,514.960080796636,258.0988695248987,54.20076260022872,312.2996321251274,129.04943476244935,27.10038130011436,156.1498160625637,2.6629240448712066,0.119067044619086,3.276892845150966,1.2637071117055623,0.29257279646420514,1.5562799081697674,0.6318535558527811,0.14628639823210257,0.7781399540848837,6.03833854090651,,,2.5071898653777005,,1.2535949326888502,,64.44061779092505,5.460739900072478,108.14161696729356,0.07322862823542312,0.08779108990597086,0.5687515490371894,,
120,1,CP,2002,350.34287086731536,10.384815469622348,452.7472314414612,231.81251428616932,48.68062800009556,280.49314228626486,115.90625714308466,24.34031400004778,140.24657114313243,0.22222222222222224,0.027432804676807414,0.24965502689902963,0.0967288425648294,0.07637296307021901,0.17310180563504843,0.0483644212824147,0.03818648153510951,0.08655090281752421,0.5272940805943338,,,0.2059454846784925,,0.10297274233924625,,81.3886137308437,8.15166946666539,95.07691860270685,0,0,0.14783771037740231,,
121,1,CP,2002,371.4789007643548,11.142971336958075,484.08575778316805,275.1931992467392,58.74230562690359,333.9355048736428,137.5965996233696,29.371152813451793,166.9677524368214,1.1678166357762032,0.04333396863474844,1.450892914806223,0.6120229349901034,0.12852481634792173,0.7405477513380251,0.3060114674950517,0.06426240817396087,0.37027387566901254,0.6632045424914499,,,0.27975627039890544,,0.13987813519945272,,101.44438667535044,4.439477247938701,103.28308966739434,0.09743335622757501,0.08820032602773882,0.22851563408198017,,
122,1,CP,2002,404.2050196020865,11.556043152640125,521.47330737404,288.0913440401587,61.914660822772795,350.0060048629315,144.04567202007934,30.957330411386398,175.00300243146575,0.0541962076607326,0.023209861356145216,0.6369332470970351,0.3316897372421202,0.06965484482084523,0.4013445820629654,0.1658448686210601,0.034827422410422616,0.2006722910314827,0.46422156610976784,,,0.24698694497399093,,0.12349347248699546,,83.84616675616607,7.149527607215208,111.81014355832001,0,0.2827062320641051,0.13375598189037738,,
123,1,CP,2002,359.9216062308611,10.880640482594135,480.8222526999137,252.59587419960627,53.04513358191732,305.64100778152357,126.29793709980314,26.52256679095866,152.82050389076178,0.03929751681281367,0.022607337949981873,0.48935821764003723,0.1896018461148505,0.03981638768411861,0.2294182337989691,0.09480092305742525,0.019908193842059305,0.11470911689948456,0.8061197867604499,,,0.43909127116197727,,0.21954563558098864,,99.42441264541759,6.765175455859082,100.97267306698187,0,0.38924806875626394,0.07707391927830587,,
124,1,CP,2002,450.98070704091083,13.2999140473698,579.6917361001787,321.94899279869526,68.15138321741303,390.10037601610827,160.97449639934763,34.075691608706514,195.05018800805414,0.03929751681281367,0.027432804676807414,0.2508924380112709,0.09720827751212716,0.02041373827754671,0.11762201578967386,0.04860413875606358,0.010206869138773354,0.05881100789483693,2.1580624332924754,,,0.8313881867313827,,0.41569409336569135,,117.13581942666339,6.878932865247523,122.66088853809403,0,0.39170074884799594,0.03951555898677517,,
125,1,CP,2002,333.6932745285011,10.279574066929207,446.92864799799673,252.00047445947317,54.75095226326557,306.7514267227387,126.00023722973658,27.375476131632784,153.37571336136935,0,0,0,0,0,0,0,0,0,0.3125527999707135,,,0.1318425915692054,,0.0659212957846027,,112.10672089570444,7.500081519504832,96.98118750382885,0,0,0,,
126,1,CP,2002,468.74246361818166,14.992583744502712,603.9652485423328,353.7142439464032,84.89141854713677,438.60566249354,176.8571219732016,42.44570927356838,219.30283124677,0.5587440386515271,0.07237435697689276,1.22672494263171,0.6825948279989793,0.16382275871975502,0.8464175867187343,0.34129741399948965,0.08191137935987751,0.4232087933593672,0.2494115148317251,,,0.09741276679708019,,0.048706383398540096,,131.360594202453,11.92963989802086,144.95165965015985,3.5034524010115606,0.7456965207341972,0.2797265161932803,,
127,1,CP,2002,364.54246984157425,10.928950811606915,480.23507514843504,266.501292636156,55.97254113165967,322.4738337678157,133.250646318078,27.986270565829834,161.23691688390784,0.6482455664430447,0.03430028434771984,3.559201405639531,1.3711734921087908,0.2879464333428461,1.6591199254516371,0.6855867460543954,0.14397321667142304,0.8295599627258186,3.6420349119363515,,,1.7143941999352537,,0.8571970999676268,,92.053696141218,10.266967000405971,100.86177871900364,0,0.86398792102443,0.5605742213882261,,
128,1,CP,2002,338.4986124283951,10.270270972731378,426.61462103925936,237.3740106483425,49.84854223615193,287.22255288449446,118.68700532417125,24.924271118075964,143.61127644224723,2.6525240217805717,0.12810361249765365,4.65981091022361,1.949560963987877,0.4151029069640944,2.3646638709519716,0.9747804819939385,0.2075514534820472,1.1823319354759858,1.0681851020059012,,,0.4115156546677188,,0.2057578273338594,,46.26339702530312,8.077961472447162,89.58907041824446,0,0.7441181084605354,0.808122490582562,,
129,1,CP,2002,305.1883023787658,9.349712879917531,383.53092170389084,220.79139289471405,51.19267045328365,271.9840633479977,110.39569644735703,25.596335226641823,135.99203167399884,0,0,0,0,0,0,0,0,0,0.5234723970842876,,,0.22081375515753973,,0.11040687757876987,,51.62334060181362,4.559852985694585,88.78267977455165,0,0,0,,
130,1,CP,2002,266.44843054573516,7.8463572921517715,328.088226881485,188.87073282836394,44.85602527550069,233.72675810386465,94.43536641418197,22.428012637750346,116.86337905193233,0,0,0,0,0,0,0,0,0,0,,,0,,0,,28.740103543459345,3.519634858360751,77.71023832544704,0,0,0,,
131,1,CP,2002,375.2386651805345,11.422086613172173,511.2614051706309,290.4057800294757,60.98521380618989,351.3909938356656,145.20289001473785,30.492606903094945,175.6954969178328,2.487553962249935,0.13384959065798357,4.016985586602864,1.5475337096140624,0.331051886904317,1.8785855965183795,0.7737668548070312,0.1655259434521585,0.9392927982591898,0.9711791817534706,,,0.3567093647247144,,0.1783546823623572,,82.8583193590888,9.298744491354544,107.36489508583247,0,0.833357553963355,0.6444919340936202,,
132,1,CP,2002,390.3985918016007,12.260101156057273,516.0771870974141,281.48203087533886,62.560695506918854,344.04272638225774,140.74101543766943,31.280347753459427,172.02136319112887,0,0,0,0,0,0,0,0,0,0.7384985847048009,,,0.33232040394477885,,0.16616020197238943,,152.48459718121313,2.455915316330071,114.26615986929188,0,0,0,,
133,1,CP,2002,480.2861640564691,15.752589489096344,643.5324999169284,376.88693548582614,90.45286451659827,467.33980000242445,188.44346774291307,45.226432258299134,233.66990000121223,0,0,0,0,0,0,0,0,0,0,,,0,,0,,249.03609798629284,5.437879360655731,154.44779998006283,0,0,0,,
134,1,CP,2002,189.88466495139642,6.078772633452168,237.15552379073654,134.3906233951463,28.22203091298072,162.61265430812702,67.19531169757315,14.11101545649036,81.30632715406351,0,0,0,0,0,0,0,0,0,0,,,0,,0,,18.867691775650954,6.8839788481714965,49.80265999605467,0,0,0,,
135,1,CP,2002,530.8996699087436,15.892632538824591,685.0337926846853,388.0335487480547,87.34927738716536,475.3828261352201,194.01677437402736,43.67463869358268,237.69141306761006,1.9423633433101144,0.15476379258595577,2.791200562985213,1.239683856319635,0.3026201829190062,1.5423040392386413,0.6198419281598175,0.1513100914595031,0.7711520196193207,1.5344304902315287,,,0.6521092448704006,,0.3260546224352003,,141.46768675708194,7.408650943655061,153.86682764687052,3.3103284908749355,0.7885765620576547,0.5410982902500938,,
136,1,CP,2002,414.7178027168292,11.994781411161455,543.607104188941,296.11129784636944,62.18337254773758,358.294670394107,148.05564892318472,31.09168627386879,179.1473351970535,1.1010214898094062,0.04429799802006776,1.4353210979092736,0.6054543529926701,0.12714541412846073,0.7325997671211308,0.30272717649633507,0.06357270706423036,0.3662998835605654,1.172745969865595,,,0.4946935939588739,,0.24734679697943696,,120.54248874390754,4.48521622382348,114.1574918796776,0.3548618172492586,0.1786673010188053,0.2260630729207106,,
137,1,CP,2002,330.4591391891096,10.08401173171993,422.6498894691498,239.71856085806954,51.20553045657745,290.924091314647,119.85928042903477,25.602765228288725,145.4620456573235,0.03929751681281367,0.022607337949981873,0.48935821764003723,0.1896018461148505,0.03981638768411861,0.2294182337989691,0.09480092305742525,0.019908193842059305,0.11470911689948456,0,,,0,,0,,58.402036227781956,7.5343832587479,90.2328326272434,0,0.38924806875626394,0.07707391927830587,,
138,1,CP,2002,479.9432051407831,14.175244896150597,627.5367025710864,348.61864910177883,73.20991631137355,421.8285654131524,174.30932455088941,36.604958155686774,210.9142827065762,0.18314798402976462,0.034994704719320424,0.49042145480661514,0.19001379736523166,0.03990289744669864,0.2299166948119303,0.09500689868261583,0.01995144872334932,0.11495834740596515,1.290776061612881,,,0.5300806763445506,,0.2650403381722753,,159.26090443006817,8.367112600277348,131.78270753992814,0,0.3841617935438148,0.07724137913204186,,
139,1,CP,2002,179.46558914475983,5.915124321103822,236.646043894477,124.29335390753228,26.182902212325896,150.47625611985816,62.14667695376614,13.091451106162948,75.23812805992908,1.3727356690914698,0.09687533757379588,2.3853615805279755,0.9242083672378878,0.19408375711995646,1.1182921243578443,0.4621041836189439,0.09704187855997823,0.5591460621789222,9.049854619960469,,,4.153254883878272,,2.076627441939136,,26.299413775311493,8.715820434651851,49.83448494899473,0,0.7367521464735051,0.37569444893315607,,
140,1,CP,2002,494.42202247939053,14.53226574356833,646.755952535301,362.9380376042724,76.2169878968972,439.1550255011696,181.4690188021362,38.1084939484486,219.5775127505848,0.5002232786203561,0.09737204773558295,1.054036208935119,0.4191361725987153,0.18881581037420653,0.6079519829729217,0.20956808629935764,0.09440790518710326,0.3039759914864609,6.682935709187093,,,3.3624032646909168,,1.6812016323454584,,160.10835533798942,5.982775885974957,135.81875003241322,0,0.7758625423918107,0.34522698155896714,,
141,1,CP,2002,308.8244056290987,9.435572386375112,399.0457122733009,231.13719752304362,49.13924836663281,280.27644588967644,115.56859876152181,24.569624183316407,140.13822294483822,8.49920387360848,0.20284493383617302,37.487863831485576,18.62077927631785,3.910363648026749,22.531142924344604,9.310389638158926,1.9551818240133745,11.265571462172302,0,,,0,,0,,44.88276145701969,7.817706965862128,84.82484246702153,2.0992038066374454,0.37522478002117965,5.9043385534589765,,
142,1,CP,2002,372.8059714929439,11.481667025800764,472.4608647985794,266.67747574580847,56.90299288274123,323.5804686285497,133.33873787290423,28.451496441370615,161.79023431427484,0,0,0,0,0,0,0,0,0,0,,,0,,0,,34.11532377183156,7.936574941487708,100.75476144722268,0,0,0,,
143,1,CP,2002,388.6207406773879,12.21649855095413,506.5454921828284,295.6724483471646,70.24374317448395,365.9161915216486,147.8362241735823,35.121871587241976,182.9580957608243,0.4215192484530519,0.1446351178098229,1.3743463665616837,0.6753492469892683,0.22492479226504955,0.9002740392543178,0.3376746234946342,0.11246239613252478,0.4501370196271589,0.4304944723051705,,,0.1890903828846573,,0.09454519144232865,,115.19783723214326,4.277320907453935,120.2949546456909,7.5679812482651485,1.391879444218037,0.38405792356011953,,
144,1,CP,2002,254.33339092467853,7.771792903640468,329.345242903217,183.03211979472596,39.19334030345042,222.22546009817637,91.51605989736298,19.59667015172521,111.11273004908819,0.21111111111111114,0.027432804676807414,0.23854391578791856,0.09242384245833578,0.07297391884067425,0.16539776129901004,0.04621192122916789,0.036486959420337126,0.08269888064950502,0.14267945916812322,,,0.0549669068937098,,0.0274834534468549,,45.99072497328242,7.4625122963932995,70.45438332303259,0,0,0.14125806627081708,,
145,1,CP,2002,286.5200305132523,8.888015761450129,356.6516159360014,200.72611332480972,42.9710611209289,243.69717444573863,100.36305666240486,21.48553056046445,121.84858722286931,0,0,0,0,0,0,0,0,0,2.7722531479391437,,,1.4304825489875392,,0.7152412744937696,,32.05914205743528,8.351702373578764,76.29455590626414,0,0,0,,
146,1,CP,2002,276.8072405402853,8.336719263755835,360.63859940868025,196.0299619756087,41.166292014877826,237.19625399048653,98.01498098780435,20.583146007438913,118.59812699524326,17.755737916234363,0.5140328841733878,22.10546382232934,9.324637752239939,1.958173927970387,11.282811680210324,4.662318876119969,0.9790869639851935,5.641405840105162,0,,,0,,0,,42.24443107183857,8.302753911923677,75.73410587582285,2.9719624908860203,0.14226872231021814,3.4816105520168708,,
147,1,CP,2002,201.3484961442138,5.67174624553273,323.03228542726106,182.5413126139526,38.98226806044006,221.5235806743927,91.2706563069763,19.49113403022003,110.76179033719635,0,0,0,0,0,0,0,0,0,0.3119829859769277,,,0.13160222976902264,,0.06580111488451132,,70.71604743923082,8.767117210518492,68.94424813961918,0,0,0,,
148,1,CP,2002,303.3857175034336,9.361247276135698,377.50934940974247,221.0895981704919,53.061503560918055,274.15110173141,110.54479908524596,26.530751780459028,137.075550865705,0,0,0,0,0,0,0,0,0,0,,,0,,0,,37.125110376699304,4.915192310601643,90.60224385833818,0,0,0,,
401,1,CP,2002,230.12936857656962,8.853340060174393,323.1464762531226,182.49945523090395,41.30692679197818,223.8063820228821,91.24972761545197,20.65346339598909,111.90319101144105,2.811206314972326,0.17340500783025947,4.145113035787714,1.4805825402343062,0.3109223334492043,1.7915048736835104,0.7402912701171531,0.15546116672460214,0.8957524368417552,6.906184902200686,,,3.2262767806479498,,1.6131383903239749,,78.50336274583111,5.075838772619656,72.95257998199357,2.5825016904135856,0.7200803133923279,0.6528553031365649,,
402,1,CP,2002,285.372407984565,12.338262426133662,392.7605058924953,207.59329179944675,46.41989809872271,254.01318989816946,103.79664589972337,23.209949049361356,127.00659494908473,18.960054761227113,1.0484208650352507,26.667611650606368,10.767115279449516,2.269478634476004,13.036593913925522,5.383557639724758,1.134739317238002,6.518296956962761,2.3526047902743095,,,0.8403210109057502,,0.4201605054528751,,44.23487813613752,8.011028635297677,87.303903072751,7.441913573311165,3.0605943511173384,4.691643500486705,,
403,1,CP,2002,175.3795258567317,6.8082528225035395,247.11983062415095,142.0970498432986,33.306968054554375,175.40401789785298,71.0485249216493,16.653484027277187,87.70200894892649,0.3552683931087683,0.009336419753086425,1.9064694724383773,0.9792834988133796,0.20564953475080971,1.1849330335641894,0.4896417494066898,0.10282476737540486,0.5924665167820947,0,,,0,,0,,38.39301148366797,4.583059045337969,57.81434487033131,0,0.4472828875553875,0.4003585892120592,,
404,1,CP,2002,277.88817971667856,10.106782576796219,388.99611114527664,196.94623640907366,44.61458614277457,241.56082255184822,98.47311820453683,22.307293071387285,120.78041127592411,1.2365365842035876,0.07177621669939989,2.2889243053829653,1.082988056393831,0.2973447112511107,1.3803327676449417,0.5414940281969155,0.14867235562555536,0.6901663838224709,2.0998824596511048,,,0.6728131081462551,,0.33640655407312753,,46.06311962431187,14.198065094102576,87.24857567855783,0,0.45865796783898216,0.5772602201309803,,
405,1,CP,2002,257.86195431127595,10.561864495107598,356.40683299317124,208.73083968617675,50.09540152468242,258.82624121085917,104.36541984308838,25.04770076234121,129.41312060542958,0,0,0,0,0,0,0,0,0,2.16074448881495,,,0.6635704351205312,,0.3317852175602656,,47.72762931685164,1.4437191457424219,85.5376399183611,0,0,0,,
406,1,CP,2002,397.3784172717485,13.874420461561058,549.0894628660216,281.2924688121106,64.75377438764792,346.0462431997585,140.6462344060553,32.37688719382396,173.02312159987926,0,0,0,0,0,0,0,0,0,7.424352134515245,,,3.2610722740960707,,1.6305361370480354,,152.17772799219293,5.273349031136083,125.01138067836438,0,0,0,,
407,1,CP,2002,362.7376143316493,13.253560937125236,512.7911222711407,266.0123283371951,57.15243995448137,323.1647682916764,133.00616416859754,28.576219977240687,161.5823841458382,0.5044769528491818,0.11054386503826989,1.445255833545662,0.6949944681714408,0.14594883831600255,0.8409433064874434,0.3474972340857204,0.07297441915800128,0.4204716532437217,0,,,0,,0,,119.09495687306367,13.88578047914817,109.88854961798633,3.6874286690642615,1.2130165744407324,0.29020214418929574,,
408,1,CP,2002,160.46770019192698,6.914678919299802,230.4693215476859,132.6526308902755,30.48963866214007,163.14226955241557,66.32631544513775,15.244819331070035,81.57113477620778,0,0,0,0,0,0,0,0,0,0,,,0,,0,,39.581301205555505,10.942133773342288,52.893684851138794,0,0,0,,
409,1,CP,2002,308.08517289790694,11.083565303502573,427.3494050775391,197.5407221520714,44.884195586683,242.42491773875437,98.7703610760357,22.4420977933415,121.21245886937719,1.9314322761462466,0.16079463132818297,2.9110938536414803,1.1369872272357489,0.3138185184831702,1.4508057457189192,0.5684936136178744,0.1569092592415851,0.7254028728594596,0,,,0,,0,,78.2299727427276,4.604608052087279,95.54995705839906,0,0.7979885446671984,0.6026157144282133,,
410,1,CP,2002,294.6620471171606,10.944564332417041,409.40296801292254,235.20206586931442,53.61662018456212,288.81868605387655,117.60103293465721,26.80831009228106,144.40934302693827,5.0076730610391484,0.35648948750132503,8.060030357449836,2.8789420500642433,0.6045778305134911,3.4835198805777345,1.4394710250321217,0.30228891525674556,1.7417599402888673,0,,,0,,0,,80.7627092205873,1.7568533683804435,93.18739970786973,9.048405270693653,2.1786401040332835,1.2694547812983492,,
411,1,CP,2002,375.3568125150753,11.929588985932845,507.35823577004925,191.2910918892966,40.171129296752284,231.46222118604888,95.6455459446483,20.085564648376142,115.73111059302444,0.7337419612572582,0.07166108258883178,0.9841388452050591,0.47535377098055953,0.11865740743140583,0.5940111784119654,0.23767688549027977,0.05932870371570292,0.2970055892059827,2.2042664886851413,,,1.240487714232562,,0.620243857116281,,84.87908851133733,6.40860089382605,106.54522951171033,0,0.43018160135107036,0.2304690437283849,,
412,1,CP,2002,332.3201083413058,11.438985736327334,451.61707535106115,182.87824932196736,38.404432357613146,221.28268167958052,91.43912466098368,19.202216178806573,110.64134083979026,0.07859503362562734,0.04865034892293798,0.6674857929244803,0.30415026180908356,0.06387155497990754,0.36802181678899104,0.15207513090454178,0.03193577748995377,0.18401090839449552,0,,,0,,0,,72.27816777018317,7.198927252956431,94.83958582372284,0,0.8713687864382086,0.12265051444987324,,
413,1,CP,2002,254.27356171642833,9.446161044620132,358.21380852464864,199.77261832090653,43.80025010665708,243.5728684275636,99.88630916045327,21.90012505332854,121.7864342137818,0.22104841229124428,0.040247880624981115,0.6006042205626914,0.21145172308523316,0.04440486184789897,0.2558565849331321,0.10572586154261658,0.022202430923949485,0.12792829246656606,31.469087961670667,,,11.73870837346756,,5.86935418673378,,90.28889222975579,10.075282199600768,78.38035070852666,0,0.3586488519134826,0.12612688631816518,,
414,1,CP,2002,374.44884382726895,12.04814231459026,514.9229270945929,193.57679602108558,41.7321823050205,235.3089783261061,96.78839801054279,20.86609115251025,117.65448916305304,0.03929751681281367,0.026614991855395367,0.42278557016655055,0.220170065414938,0.046235713737136974,0.266405779152075,0.110085032707469,0.023117856868568487,0.1332028895760375,63.993363371661395,,,11.15502187546775,,5.577510937733875,,97.1594616196001,2.004490525597948,109.97971077081188,0,0.17585386604250577,0.08878496973497561,,
415,1,CP,2002,199.13423153767764,6.529150550057922,291.2331848758156,151.39034756451358,32.9972684716126,184.38761603612616,75.69517378225679,16.4986342358063,92.19380801806308,0.3553498194522376,0.018367388495765635,0.5151231162453461,0.2011918656941267,0.04225029179576661,0.24344215748989328,0.10059593284706335,0.021125145897883304,0.12172107874494664,0.9820842426690264,,,0.16924748682709448,,0.08462374341354724,,42.559197515674214,15.763251354135566,63.16015296604207,0,0.09165403002642801,0.08113189080864201,,
416,1,CP,2002,350.63452034095536,11.412647768271897,466.2647854366258,205.84017234146782,43.22643619170824,249.06660853317607,102.92008617073391,21.61321809585412,124.53330426658803,30.343364197530867,0.800941788642253,31.14430598617312,8.050880904282446,2.1528813959783957,10.20376230026084,4.025440452141223,1.0764406979891978,5.10188115013042,7.098290813140127,,,2.12558220439937,,1.062791102199685,,75.10274935694441,3.9774185481935436,97.91560494169141,0,0,6.246210608390563,,
417,1,CP,2002,320.0899211614797,11.050113236848695,442.81050620843473,190.38474002204012,42.47108636984421,232.85582639188434,95.19237001102006,21.235543184922104,116.42791319594217,0.03929751681281367,0.02432517446146899,0.33374289646224015,0.1738001496051906,0.03649803141709002,0.21029818102228062,0.0869000748025953,0.01824901570854501,0.10514909051114031,0.21416164225063128,,,0.05536131955519735,,0.027680659777598676,,82.7705946457174,4.416883428692255,97.24236529224895,0,0.4356843932191043,0.07008600825707043,,
418,1,CP,2002,300.57367753541695,10.787107560061102,413.4545962171039,198.10980311687547,44.884974613359056,242.99477773023452,99.05490155843773,22.442487306679528,121.49738886511726,7.429528680660077,0.27806758755166183,12.805366818286103,4.944909696056767,1.038431036171921,5.983340732228688,2.4724548480283834,0.5192155180859604,2.991670366114344,1.096823167383239,,,0.3932278834777056,,0.1966139417388528,,81.47051393760178,9.940011936328334,92.42931979071061,0.12264760822325266,2.3548180209859075,2.016845273880061,,
419,1,CP,2002,200.6623520392389,7.965742042606628,278.9362168221254,150.09569664060948,32.82299544297574,182.9186920835852,75.04784832030474,16.41149772148787,91.4593460417926,15.235956208225796,0.683303071319469,20.85101584603204,7.2394669560594105,1.5294495012858393,8.76891645734525,3.6197334780297052,0.7647247506429197,4.384458228672625,14.318276211470332,,,4.935080228762444,,2.467540114381222,,59.51566535058893,8.114530484387315,60.801299113652014,12.339294285782307,2.5745188577752525,4.200905646955781,,
420,1,CP,2002,364.4643627848135,12.317515201574894,517.3750647332088,227.67854040086098,49.50609884911037,277.1846392499714,113.83927020043049,24.753049424555186,138.5923196249857,0,0,0,0,0,0,0,0,0,0.37101768060897705,,,0.09590899733942054,,0.04795449866971027,,53.91513452637381,24.47643200454203,111.54058602597435,0,0,0,,
421,1,CP,2002,287.9661168699833,9.36046347239385,391.0894908700228,207.5442909894045,43.58430110777494,251.12859209717942,103.77214549470224,21.79215055388747,125.56429604858971,18.752715247596758,0.6194716588037016,24.846243321420904,10.480767123385675,2.200961095910992,12.681728219296668,5.240383561692838,1.100480547955496,6.340864109648334,4.076498433439617,,,1.4193322859101523,,0.7096661429550761,,70.4218474793195,4.4532960607450365,82.12879308270477,3.988075702413261,0.04266290358539453,3.913283323123792,,
422,1,CP,2002,188.9278349445453,6.098721580403221,244.06910295685384,95.9249780855595,20.58903669303198,116.51401477859149,47.96248904277975,10.29451834651599,58.257007389295744,0,0,0,0,0,0,0,0,0,6.301111211454591,,,1.4780770537762744,,0.7390385268881372,,24.698911982563267,2.4212598752014185,52.01399046486675,0,0,0,,
423,1,CP,2002,297.7058828982997,9.637593676160746,398.0141032636347,173.48557169119115,36.954152557964036,210.43972424915518,86.74278584559558,18.477076278982018,105.21986212457759,4.958832854635346,0.8596320352678966,6.082081329564734,2.1152820980087577,0.5579164535104617,2.6731985515192194,1.0576410490043788,0.27895822675523085,1.3365992757596097,82.07105617778797,,,40.99867008203654,,20.49933504101827,,49.58552925247841,5.467313879608103,84.47458561765887,0,0.4232480824987797,1.5854399597634143,,
425,1,CP,2002,102.0703440219879,5.753714246421567,143.0707858941616,75.56140607102682,15.867895274915632,91.42930134594246,37.78070303551341,7.933947637457816,45.71465067297123,4.049136876208942,0.6200372423843586,8.603028720024561,3.828880532553108,1.2543960451829752,5.083276577736083,1.914440266276554,0.6271980225914876,2.5416382888680413,0,,,0,,0,,0,28.641548957135328,30.04486503777393,0,4.844007974900065,2.462342425417514,,
427,1,CP,2002,236.12514549745478,9.024862557353021,331.7177734761842,181.2231722284173,39.90273742742707,221.12590965584434,90.61158611420865,19.951368713713535,110.56295482792217,2.333408560585179,0.08618009923254323,2.94020120856843,1.2402504380344508,0.2604525919872347,1.5007030300216855,0.6201252190172254,0.13022629599361735,0.7503515150108427,5.232405417350921,,,2.47737392619396,,1.23868696309698,,109.80851618743013,6.532282151174547,72.8125480921508,0.12521297176509638,0.07387593743065127,0.4630816903495278,,
428,1,CP,2002,202.84200837283072,7.976408563224972,300.42492278307657,163.5512971714938,35.87744128180857,199.42873845330237,81.7756485857469,17.938720640904286,99.71436922665119,3.0349137956759686,0.17903258131961364,4.357850300011782,1.7281837853750783,0.36291859492876644,2.0911023803038447,0.8640918926875392,0.18145929746438322,1.0455511901519223,19.464305686866687,,,10.165753574403155,,5.082876787201577,,66.71364763882482,1.5162911805256165,65.70455049584824,2.2578755831591,0.7166506279048377,0.7620338065706177,,
429,1,CP,2002,133.2321220891591,5.133219997954429,209.87307313334705,113.23284537560228,23.778897528876474,137.01174290447875,56.61642268780114,11.889448764438237,68.50587145223938,0,0,0,0,0,0,0,0,0,0.650511444560911,,,0.28227908010304287,,0.14113954005152143,,54.60847217084682,3.0966142140596897,44.07334535800288,0,0,0,,
430,1,CP,2002,327.82089216100024,10.107208302719979,433.5179744311008,237.77837161402456,52.4353810649389,290.2137526789635,118.88918580701228,26.21769053246945,145.10687633948174,14.801657626166278,0.6642650178122488,22.159955162228364,11.434536261408503,2.4012526148957853,13.835788876304289,5.717268130704252,1.2006263074478927,6.917894438152144,0,,,0,,0,,75.57750772584522,1.913799725846474,95.11071253529734,4.94935641444064,0.033680219727012024,4.653590584067956,,
431,1,CP,2002,309.0040835254868,10.312834421069336,420.45635806242683,179.76629673191442,37.75092231370203,217.51721904561646,89.88314836595721,18.875461156851014,108.75860952280823,2.363775512071498,0.14860503047013016,3.5030211916925356,1.6671423271590662,0.44205827158587263,2.109200598744939,0.8335711635795331,0.22102913579293632,1.0546002993724695,6.299814393399768,,,1.6285177593253553,,0.8142588796626776,,21.937720871193783,28.96280650090789,88.29583519310962,0,1.285964769822959,0.8558216249748135,,
432,1,CP,2002,223.4671373314644,6.825000151076413,316.6491898512711,163.41835194251234,34.56529902071842,197.9836509632308,81.70917597125617,17.28264951035921,98.9918254816154,0,0,0,0,0,0,0,0,0,38.057434547889315,,,12.62200320480672,,6.31100160240336,,51.765688578951966,14.963690874184564,66.84055291782319,0,0,0,,
433,1,CP,2002,216.2940435253857,7.410059355300468,302.87088475633294,172.45911117785877,38.20229961016348,210.66141078802224,86.22955558892939,19.10114980508174,105.33070539401112,0,0,0,0,0,0,0,0,0,27.1299249258542,,,9.45867840997703,,4.729339204988515,,79.0651434985946,2.0356305006525406,66.99377635758978,0,0,0,,
434,1,CP,2002,286.7832377274758,9.45479314811181,395.62546703378047,223.55129504467848,50.85861813073469,274.4099131754132,111.77564752233924,25.429309065367345,137.2049565877066,79.74764754922344,1.8252522267608147,90.66186901060304,37.40187616720295,7.535691703922477,44.93756787112543,18.700938083601475,3.7678458519612383,22.468783935562715,10.763413016204009,,,3.69909185647922,,1.84954592823961,,107.19515531640991,2.017454424900386,89.6783428185546,1.106774574530174,0.7131111072289653,16.43194301821024,,
435,1,CP,2002,374.654019020784,12.03024015692533,517.160035643749,238.83385828629906,51.44860324363524,290.2824615299343,119.41692914314953,25.72430162181762,145.14123076496716,0.1493475923844794,0.03749799827985126,0.4928871588252373,0.1648910843961843,0.0346271277231987,0.199518212119383,0.08244554219809215,0.01731356386159935,0.0997591060596915,5.803948501876483,,,3.079160634336968,,1.539580317168484,,77.23813714269723,14.254857155868372,110.75034561740468,0,0.25580115050962676,0.07762972751497488,,
436,1,CP,2002,131.8743693594679,4.356764490006958,182.70896752311762,96.94785699232266,21.05028291526944,117.9981399075921,48.47392849616133,10.52514145763472,58.99906995379605,105.83275605725667,1.5590751755198864,115.65881507725702,46.74433732977425,9.493017078980479,56.237354408754726,23.372168664887123,4.7465085394902395,28.118677204377363,9.751354592586004,,,3.351274944924258,,1.675637472462129,,30.010110750582367,3.4456343024088993,39.47514680137545,2.2617489128379487,0.204298398914057,20.71669227650594,,
437,1,CP,2002,71.24625686509245,2.7048948533154995,100.06225746663944,57.917229029449715,13.464709490563278,71.381938520013,28.958614514724857,6.732354745281639,35.6909692600065,55.70814789714696,1.2732442066185439,65.6973663642633,32.256702415329606,6.625992499591027,38.882694914920634,16.128351207664803,3.3129962497955137,19.441347457460317,40.17803662327997,,,14.444265146528203,,7.222132573264101,,20.112969394929802,0.9125458674383842,23.23638841309035,4.733001178123645,0.15139595651023552,13.21351317905743,,
438,1,CP,2002,99.74466103693761,3.720928511801977,175.04570628739162,98.78804531836471,22.41462019552325,121.20266551388796,49.394022659182355,11.207310097761624,60.60133275694398,56.165563634341865,0.8776012579083605,62.8877459756434,28.81707362532959,5.7634147250659185,34.58048835039551,14.408536812664796,2.8817073625329592,17.290244175197756,0,,,0,,0,,29.155731507815908,9.349737363443895,39.60963035169812,2.0448812932691416,0.09075119048209912,12.577549195128679,,
439,1,CP,2002,257.11318761637557,9.382487228071188,352.035543390012,203.900705739038,47.269453569145526,251.17015930818351,101.950352869519,23.634726784572763,125.58507965409176,0,0,0,0,0,0,0,0,0,0,,,0,,0,,75.60149998920767,0.6966572758669471,81.52633758456123,0,0,0,,
440,1,CP,2002,229.9778785681705,8.419402053426499,324.5490723535979,190.07323687600064,45.61757685024015,235.69081372624078,95.03661843800032,22.808788425120074,117.84540686312039,49.169442650105275,0.8017670032611538,54.6048704075406,25.021608684227925,5.0043217368455855,30.02593042107351,12.510804342113962,2.5021608684227927,15.012965210536755,6.9168640023945684,,,2.3975435458770606,,1.1987717729385303,,129.53076779684963,0.09088420871682729,77.8917773648635,0.7334582697041078,0.16069680302817288,10.92097408150812,,
441,1,CP,2002,223.70474410855778,6.8135275269437,292.1122871952619,157.5695206800513,34.21040165345328,191.7799223335046,78.78476034002566,17.10520082672664,95.8899611667523,53.56326487816186,0.8428088903151421,59.90484984702935,27.450220098916457,5.4900440197832925,32.94026411869975,13.725110049458229,2.7450220098916462,16.470132059349876,14.04255500913243,,,4.6959439104015654,,2.3479719552007827,,45.37773917659201,0.9502636970618001,62.26135385035153,1.7892492121053274,0.09155686930010543,11.98096996940587,,
442,1,CP,2002,208.84850523320415,7.518187188641459,285.71325682646744,163.01864129595924,36.193263478001604,199.21190477396084,81.50932064797962,18.096631739000802,99.60595238698042,24.38734737673211,0.409457658001593,26.967207915933777,12.265760126852765,2.5102680432173323,14.7760281700701,6.1328800634263825,1.2551340216086662,7.38801408503505,13.485925332237333,,,6.1796602370721985,,3.0898301185360992,,54.75557430806165,1.9654638640121835,63.345361921324276,0.5494196105251316,0.04881082127629251,5.369416930013923,,
443,1,CP,2002,335.95698704934955,11.493244330303522,466.43162385876053,216.43208556781607,46.54455065679155,262.9766362246076,108.21604278390804,23.272275328395775,131.4883181123038,0.1586241986086527,0.06630152751912541,1.017777160507337,0.4806698860878076,0.10094067607843957,0.5816105621662471,0.2403349430439038,0.050470338039219784,0.29080528108312353,16.59763043040556,,,8.578908745057543,,4.2894543725287715,,67.47396701251952,17.98703500641644,99.64513422548828,0,0.7482406246696065,0.1920343994904204,,
444,1,CP,2002,344.6218612505598,11.129845528781804,453.3314000939844,230.8718413043133,48.943707074145436,279.81554837845874,115.43592065215665,24.471853537072718,139.90777418922937,4.423611111111112,0.09673342141223683,4.520344532523349,1.9067944296432788,0.48747420666482427,2.3942686363081034,0.9533972148216394,0.24373710333241214,1.1971343181540517,46.23968841603569,,,15.891321331662272,,7.945660665831136,,52.943013876471255,6.037254948990801,95.44458721793491,0,0,0.8667234904508296,,
445,1,CP,2002,213.55067263333098,7.113829884755409,292.64929624784463,156.04803637055755,33.06610636479413,189.1141427353517,78.02401818527878,16.533053182397065,94.55707136767585,0.1400462962962963,0.02432517446146899,0.1643714707577653,0.06419863878306618,0.07072046525736018,0.13491910404042637,0.03209931939153309,0.03536023262868009,0.06745955202021318,23.231365648543004,,,9.72109475001974,,4.86054737500987,,54.280469481504035,7.980779961090736,61.961802662719535,0,0,0.1358022589034855,,
446,1,CP,2002,321.64926783826644,10.767820576451626,428.43163230688816,206.97097286161647,43.46390430093946,250.43487716255595,103.48548643080824,21.73195215046973,125.21743858127797,22.349670549889435,0.7575687033164215,29.558608695681794,12.430267563575205,2.6343838247093405,15.064651388284547,6.2151337817876025,1.3171919123546703,7.532325694142274,2.2885694866278294,,,0.8166788586292419,,0.40833942931462097,,87.65038764582398,3.317834731013074,89.97064278444651,4.906035743671825,0.040898140282377975,4.703600855195744,,
447,1,CP,2002,358.5441046952784,12.545380794598005,479.0015059380945,211.77542961629652,44.53750954467649,256.312939160973,105.88771480814826,22.268754772338244,128.1564695804865,3.2987796797299107,0.3248331404569523,5.843540425686307,2.599940252893293,0.5836925265659982,3.1836327794592916,1.2999701264466466,0.2918462632829991,1.5918163897296458,5.006739427053338,,,1.7256728667674601,,0.8628364333837301,,87.26505830787987,8.111930524147793,100.71449869432013,0,2.473297660605632,1.1208461839763657,,
448,1,CP,2002,240.26742371704663,8.654695432434094,338.0295980122542,171.62372102738027,39.88055782273995,211.50427885012022,85.81186051369014,19.940278911369976,105.75213942506011,16.942496876279254,0.4373917256537776,20.49272718869835,8.741855598009527,1.48611545166162,10.227971049671147,4.370927799004764,0.74305772583081,5.113985524835574,1.440784507666594,,,0.6726244000366888,,0.3363122000183444,,77.09218867625717,4.074463651605971,77.54227250884304,0,0.043191784264624944,3.4837636220787203,,
449,1,CP,2002,309.55203295974525,9.876829886380756,422.67806063013694,179.13850567259445,37.128039817533086,216.26654549012753,89.56925283629722,18.564019908766543,108.13327274506376,41.871799566199265,1.2002530849198298,46.64240761535308,14.967530156005948,3.2994942468575075,18.267024402863456,7.483765078002974,1.6497471234287537,9.133512201431728,1.898207603367745,,,0.49069140770392683,,0.24534570385196341,,28.147369555691157,24.964078223930567,87.61127793059654,0,0.50599328464332,8.85278575276869,,
450,1,CP,2002,180.7912330559719,5.9422843748426875,244.3891442611691,133.14169442109593,28.053874466882593,161.1955688879785,66.57084721054797,14.026937233441297,80.597784443989255,38.714567519180086,0.7635011438969981,44.104247887785476,19.975844430851616,4.090312402459323,24.066156833310938,9.987922215425808,2.0451562012296614,12.033078416655469,64.74350384572199,,,25.653638331836515,,12.826819165918257,,36.751348787811295,3.505485540753807,51.48242738492812,1.7051460542845207,0.8636606078985795,8.838748655530392,,
451,1,CP,2002,117.73273983534042,3.5380375594094757,155.28260828981595,79.46820710819442,16.471325927715032,95.93953303590945,39.73410355409721,8.235662963857516,47.969766517954724,21.451927696597227,0.3437189601985525,23.909906910443855,8.217183695213384,1.643436739042677,9.860620434256061,4.108591847606692,0.8217183695213385,4.930310217128031,17.11463838597414,,,6.0498861958645875,,3.0249430979322938,,25.197629808043462,4.565125726208077,32.13579210079723,0.5184388264581986,0.049157266983928936,3.5864860365665785,,
452,1,CP,2002,284.9281943963534,10.054455696404972,382.74460036074026,203.32810448798293,44.254881181689626,247.58298566967252,101.66405224399146,22.127440590844813,123.79149283483626,37.439171858658696,1.4018097704077481,50.977879437693645,21.258884824809037,4.529139319315509,25.78802414412454,10.629442412404519,2.2645696596577545,12.89401207206227,13.3441497159559,,,4.60826106162027,,2.304130530810135,,50.1666257564612,9.383539804732678,83.03319260740204,10.79734253866457,1.0756341734804613,8.225818534078714,,
453,1,CP,2002,156.2492783037295,4.7261338478891455,208.8948213036404,114.68628902860183,26.423766076186148,141.11005510478796,57.34314451430092,13.211883038093074,70.55502755239398,17.347838353813124,0.29221047277081436,19.128115177285906,6.573812133342161,1.3147624266684323,7.888574560010593,3.2869060666710803,0.6573812133342162,3.9442872800052964,22.758891603902548,,,7.8731495000414915,,3.9365747500207457,,48.09935248824511,0.22503207475596707,47.732159163548666,0.11571225418098038,0.1291849395696368,2.8692172765928854,,
454,1,CP,2002,355.912791025891,13.674577780865022,492.9753077732681,263.1081767478133,57.489999018742296,320.5981757665556,131.55408837390664,28.744999509371148,160.2990878832778,0,0,0,0,0,0,0,0,0,6.633666447483027,,,2.7852758367820316,,1.3926379183910158,,99.78289074697031,13.818820197979212,107.3449619488884,0,0,0,,
455,1,CP,2002,471.18464223924053,12.714329961365172,589.464881798407,309.30513623002986,69.02566805354648,378.33080428357636,154.65256811501493,34.51283402677324,189.16540214178818,34.1642079017524,0.7384647027575989,39.10169464990903,18.440595628869424,3.784342149456248,22.224937778325675,9.220297814434712,1.892171074728124,11.112468889162837,6.051896184206931,,,2.413842172965045,,1.2069210864825226,,79.21170166361051,4.113104837054936,130.13655379699807,0.48344635820935505,0.45989890642089254,7.909782964365328,,
456,1,CP,2002,446.13215276569366,16.893007386880548,641.9818921744424,375.2482875669378,89.52874263724514,464.77703020418295,187.6241437834689,44.76437131862257,232.38851510209147,0.33449074074074076,0.06593501731898473,0.40042575805972547,0.17588300147723696,0.05495961875746489,0.23084262023470184,0.08794150073861848,0.027479809378732446,0.11542131011735092,3.3768749172418913,,,1.3356987805525402,,0.6678493902762701,,183.02027350156604,0.4679971443179146,153.13181541193347,0,0,0.09384326577380875,,
457,1,CP,2002,458.97682284898735,17.200974250083053,642.5754765197829,365.18437652455395,83.46505017668764,448.64942670124157,182.59218826227698,41.73252508834382,224.32471335062078,18.55080630502118,0.8511596718588675,28.60458680619113,11.044581937668873,2.3781490817334854,13.42273101940236,5.522290968834437,1.1890745408667427,6.71136550970118,0.8414875518919823,,,0.47328067289776615,,0.23664033644888308,,147.33150104772324,1.4277106951990182,146.51140050924772,5.048006094065554,0.6422573890572764,4.781262707871695,,
458,1,CP,2002,140.8381956056771,5.512064850773126,196.7183978432254,114.155569336077,26.85360020824546,141.00916954432245,57.0777846680385,13.42680010412273,70.50458477216122,8.822651907400896,0.3230285030050726,12.986289213936352,6.8078200717446755,1.4658132426301969,8.273633314374873,3.4039100358723378,0.7329066213150984,4.1368166571874365,42.70055405187369,,,19.96945703862023,,9.984728519310115,,32.28293845206193,1.8484319836110774,46.2300377800394,0.925086381422313,0.4880301660654981,2.6852959272794426,,
459,1,CP,2002,340.385865616018,11.833155495201174,476.1648099957436,274.3308002230852,64.27832695608575,338.6091271791709,137.1654001115426,32.139163478042875,169.30456358958546,0,0,0,0,0,0,0,0,0,33.736485911115594,,,10.635780984848127,,5.3178904924240635,,169.0274999365828,0.7373136724043446,111.33080466001742,0,0,0,,
460,1,CP,2002,143.85364284799658,5.668474892946179,213.64843819204035,121.83973430497687,28.45195864231327,150.29169294729013,60.919867152488436,14.225979321156634,75.14584647364507,0.03929751681281367,0.030050807167488237,0.33314686211910716,0.11145136645258638,0.02340478695504314,0.13485615340762952,0.05572568322629319,0.01170239347752157,0.06742807670381476,0.2562492827571547,,,0.10008339687116408,,0.05004169843558204,,31.133108034904,10.599174368922071,49.759193904675755,0,0.1779869565953953,0.052470630783759374,,
461,1,CP,2002,309.9081751221921,9.988061668513561,401.4115376864291,221.00414703478074,46.783157998396,267.7873050331767,110.50207351739037,23.391578999198,133.89365251658836,10.352690513539876,0.49725625877859103,14.498379342221243,7.154396798561935,1.5024233276980064,8.656820126259941,3.5771983992809675,0.7512116638490032,4.3284100631299705,0,,,0,,0,,59.22329661929821,3.3215818748437957,84.82776078661894,10.31793197373321,1.9962315698254358,2.732830630856726,,
462,1,CP,2002,211.6916045309632,7.370602232590202,293.8611545790298,168.23588410010052,37.56816456582379,205.8040486659243,84.11794205005026,18.784082282911896,102.90202433296216,30.137844316142985,0.6313749444428584,33.83657837425248,14.20299648037631,2.9057186207265477,17.10871510110286,7.101498240188155,1.4528593103632739,8.55435755055143,0.7443047928138941,,,0.31372995232748074,,0.15686497616374037,,69.83197477510772,0.7371077169695113,65.53328977895131,0.41623007531873185,0.6549422388459641,6.237447483123488,,
463,1,CP,2002,281.0559508048135,10.254775366208728,380.27810625521755,212.37172440498935,49.02828672192239,261.40001112691175,106.18586220249468,24.514143360961196,130.70000556345587,2.6331366618640533,0.206997430323412,3.746511011911935,1.5717982532201666,0.39411370897147696,1.9659119621916437,0.7858991266100833,0.19705685448573848,0.9829559810958218,2.434235557073727,,,0.9747375379920913,,0.48736876899604564,,59.50088012311054,1.589768860392795,86.71680872519862,2.09303365709105,0.6768355461396521,0.6812737500639829,,
464,1,CP,2002,166.96803845374336,5.98458462589885,222.14554125475314,126.56206332503263,27.80382206684907,154.3658853918817,63.28103166251631,13.901911033424534,77.18294269594085,6.154854771906208,0.4631146155246374,7.336619907190325,3.744081244290113,0.8601065102308132,4.604187754520926,1.8720406221450565,0.4300532551154066,2.302093877260463,15.199139875208758,,,6.283221785532356,,3.141610892766178,,29.659938923577382,0.7037562977090487,48.74359166831716,0.2000916501953872,0.0689897579768275,1.5292594080147985,,
465,1,CP,2002,344.6339546811015,13.714223016640458,483.3667182849854,283.08531611656775,67.94047586797626,351.025791984544,141.54265805828388,33.97023793398813,175.512895992272,47.94134113236612,1.037413698151861,55.42135301621535,25.125732351581867,5.187892311423355,30.31362466300522,12.562866175790933,2.5939461557116776,15.15681233150261,6.112993998471652,,,2.770710433754717,,1.3853552168773584,,98.46053533376971,1.6858819628925155,116.00801238839648,2.1140468678684767,0.4160751094589617,10.685933116824362,,
466,1,CP,2002,299.9429258705546,7.043673960702748,357.7123972554005,180.41687494200062,37.306843400263375,217.723718342264,90.20843747100031,18.653421700131688,108.861859171132,9.019512407702255,0.32584269281143996,11.96686980404425,4.662790126032672,0.9308113632888114,5.593601489321483,2.331395063016336,0.4654056816444057,2.7968007446607417,7.132518950284087,,,2.6089319641858126,,1.3044659820929063,,23.72663293473453,1.2727476980017745,73.68544454894689,0.7091108497711478,0.09697055857453632,1.7713819596744989,,
467,1,CP,2002,247.62699753873304,9.024974647970573,346.4164938862256,194.10265005841194,44.839183144259685,238.94183320267163,97.05132502920597,22.419591572129843,119.47091660133582,104.23798164301192,2.6799761641987394,129.31401460041266,53.04159343005143,11.161752477344622,64.20334590739604,26.520796715025714,5.580876238672311,32.10167295369802,70.23913385506434,,,30.439520207969615,,15.219760103984807,,81.16876235360853,4.801838822434414,79.70999017469059,20.731539010685008,0.43761103194417766,21.475415218411552,,
468,1,CP,2002,226.24505762464997,6.886575805370225,297.3330087476975,154.74968514294784,32.350312278282246,187.09999742123009,77.37484257147392,16.175156139141123,93.54999871061504,123.18650839827471,3.0524534724912717,149.16405091182375,69.07369007940432,13.57022259212441,82.64391267152872,34.53684503970216,6.785111296062205,41.32195633576436,3.12066493200155,,,0.8240740017777627,,0.41203700088888134,,17.651584124850043,12.60453083902168,62.1188671085903,9.883423272026992,0.1976244026196416,29.03357765811107,,
469,1,CP,2002,87.966337858609,2.9420329530390403,127.10251349495432,70.52745557771591,14.810765671320341,85.33822124903625,35.263727788857956,7.405382835660171,42.669110624518126,17.326154415201692,0.2918961140658405,19.103260015030315,6.565270091133735,1.3130540182267474,7.8783241093604826,3.2826350455668676,0.6565270091133737,3.9391620546802413,37.514224972985794,,,12.892617229385241,,6.4463086146926205,,13.947397317625791,5.296268367670848,26.691527833940405,0.11172107403261405,0.12912731125145693,2.865489002254547,,
470,1,CP,2002,297.31460192222414,11.063170347589779,429.40434784715796,247.34320738891043,58.0321624176307,305.37536980654113,123.67160369445521,29.01608120881535,152.68768490327056,16.66371927852453,0.8004219839396156,24.316239667925334,9.351629702885804,1.9663157985521693,11.317945501437974,4.675814851442902,0.9831578992760847,5.658972750718987,24.61574839520401,,,10.572073395256306,,5.286036697628153,,120.2911965885578,4.359558225165594,100.57370839902131,3.5656196322759617,0.07813599042081842,3.835205820884272,,
471,1,CP,2002,278.11463412396705,9.587111193481809,368.0362401111168,207.82150897933892,44.404124261409684,252.22563324074858,103.91075448966946,22.202062130704842,126.11281662037429,7.400094144656701,0.2863659385893669,9.307676335524723,4.654058420935321,1.0040187745964133,5.658077195531734,2.3270292104676606,0.5020093872982067,2.829038597765867,2.4832493849185084,,,1.1379002259512763,,0.5689501129756381,,50.069897936848555,2.243582100583428,78.58805109220204,0.4868535487224266,0.1344809876177484,1.7795673381884822,,
472,1,CP,2002,275.86123755568207,9.129649470233575,363.69534253499205,184.5698526750977,42.28411741623436,226.8539700913321,92.28492633754885,21.14205870811718,113.42698504566604,0,0,0,0,0,0,0,0,0,0,,,0,,0,,73.63429238967652,2.6630641220840374,82.28763206858585,0,0,0,,
473,1,CP,2002,392.4627264769167,12.945016420538085,515.6839350420145,207.55232296391534,44.72673764151444,252.27906060542978,103.77616148195767,22.36336882075722,126.13953030271489,4.726080246913581,0.3153355156965021,5.041415762610082,2.1265953124804375,0.5589986065052308,2.685593918985668,1.0632976562402188,0.2794993032526154,1.342796959492834,25.19955230497517,,,9.588038246785912,,4.794019123392956,,63.183554811110724,7.35752695900204,110.24145079565021,0,0,0.993893044520594,,
474,1,CP,2002,181.68798217239555,7.781852916567002,253.69413130247924,138.5478728499193,31.941763260380014,170.4896361102993,69.27393642495964,15.970881630190007,85.24481805514965,4.8136193632170885,0.31509100414249414,7.200856818687463,2.572056006296524,0.5494450325221469,3.121501038818671,1.286028003148262,0.27472251626107347,1.5607505194093354,34.00834613242664,,,14.825591554823198,,7.412795777411599,,65.53658886386734,5.7505931474806555,58.13651016189532,5.478170861983908,1.3845800922368936,1.1536903743285734,,
475,1,CP,2002,0,0,0,0,0,0,0,0,0,0,0,0,0,0,0,0,0,0,1.284743892782114,,,0.4415314793083895,,0.22076573965419474,,0,0,0,0,0,0,,
476,1,CP,2002,361.88204683897203,11.492304664881267,483.96780884097825,183.78605231567573,38.5950709862919,222.38112330196762,91.89302615783787,19.29753549314595,111.19056165098381,0,0,0,0,0,0,0,0,0,20.56452808945424,,,6.344525567623686,,3.172262783811843,,40.65755144677351,16.848613482225808,101.63323985660543,0,0,0,,
477,1,CP,2002,251.87048363418066,10.078096407703805,353.8068407298507,192.11055745341733,43.05447913069804,235.16503658411537,96.05527872670866,21.52723956534902,117.58251829205769,8.97281545627512,0.6664006224197693,14.097625622396126,5.035495576374063,1.1385779195012398,6.1740734958753025,2.5177477881870316,0.5692889597506199,3.0870367479376513,0.8700470222356946,,,0.31076991608751653,,0.15538495804375826,,86.98169113926568,3.7554322608484494,78.92890255659249,15.57615659903708,3.7598370509093995,2.3907148275085857,,
478,1,CP,2002,154.25852405057327,5.008822679672781,225.5415551847107,125.34129990022991,26.32167297904828,151.6629728792782,62.67064995011496,13.16083648952414,75.8314864396391,85.07846023096965,1.2315167176071125,91.89509194133703,31.58183986239835,6.528844546769764,38.11068440916811,15.790919931199175,3.264422273384882,19.055342204584054,0.44814888173332706,,,0.18904041167476182,,0.09452020583738091,,35.71307652501416,7.991806935567393,47.36372658878924,1.8531572323962822,0.09135829005532242,14.247953234600015,,
479,1,CP,2002,344.47636189847003,11.331846622222454,467.3146760261856,183.853775355395,38.775949583698264,222.62972493909325,91.9268876776975,19.387974791849132,111.31486246954663,0.07859503362562734,0.04470733511405762,0.9637868160100832,0.4391644219621247,0.09222452861204619,0.5313889505741709,0.21958221098106234,0.046112264306023096,0.26569447528708545,16.34888697335965,,,4.125283049708597,,2.0626415248542984,,45.25756091088208,21.281863867361757,98.42064752267625,0,0.8775243173866973,0.17709582744185276,,
480,1,CP,2002,407.34173468716057,13.069057210990927,533.8765343301803,198.98757451544915,41.78739064824432,240.77496516369348,99.49378725772458,20.89369532412216,120.38748258184674,0.5787630874975417,0.08169605198440211,1.1028113805024058,0.5164358689534525,0.26322637134650506,0.7796622402999576,0.25821793447672625,0.13161318567325253,0.3898311201499788,1.9139560832304803,,,0.49476242909238427,,0.24738121454619214,,48.59507460640822,14.149504892997097,112.11407220933786,0,0.8534296838498501,0.5054652242704638,,
481,1,CP,2002,416.8015414887838,12.929287731281928,573.4668483374783,314.1048099724469,65.96201009421384,380.06682006666074,157.05240498622345,32.98100504710692,190.03341003333037,17.088167074853615,0.6825165501570144,23.559541732493805,8.545994910741342,1.8077098570424903,10.353704767783833,4.272997455370671,0.9038549285212452,5.176852383891917,1.1641594624419953,,,0.4376136275741832,,0.2188068137870916,,135.34578096542594,19.441780612601686,120.42803815087044,0.10189212464178066,2.308120984150984,3.736035369946591,,
483,1,CP,2002,357.38942299539883,11.398366997742167,480.27506552893556,195.50991082160937,41.057081272537964,236.56699209414734,97.75495541080468,20.528540636268982,118.28349604707367,0.7349178595266114,0.05535741773681936,3.0840733063411667,1.5582410667470976,0.32723062401689046,1.885471690763988,0.7791205333735488,0.16361531200844523,0.942735845381994,2.214994710775039,,,0.5725816663881481,,0.28629083319407406,,27.462642735328792,25.30371835909327,100.85776376107646,0,0.9524749553401846,0.6347909643972829,,
484,1,CP,2002,120.96790712188435,4.257099930579563,170.29921237045713,93.84431786282443,20.454701486937584,114.299019349762,46.92215893141221,10.227350743468792,57.149509674881,78.29167563084968,1.221607343766371,87.65985231563361,30.126303371687445,6.02526067433749,36.15156404602494,15.063151685843723,3.012630337168745,18.07578202301247,65.16264133566825,,,26.600678710597226,,13.300339355298613,,27.062607243667273,6.843066983076971,37.03900725710663,2.824644143611131,0.1419727347223653,13.148977847345042,,
485,1,CP,2002,321.6117070788826,11.438285853356136,437.50277485725354,236.6817005068484,52.245532606897015,288.9272331137454,118.3408502534242,26.122766303448508,144.4636165568727,20.721754328606206,0.9472277453954119,30.47129749159035,10.584159432396492,2.2710359671184848,12.855195399514978,5.292079716198246,1.1355179835592424,6.427597699757489,0.5708750267397442,,,0.22478986127074915,,0.11239493063537458,,45.634035087527366,12.12397601206303,96.21667578399168,0,4.071554758838631,4.892098298362082,,
486,1,CP,2002,351.95445651949296,11.36107867571882,482.2248702591652,225.08423100556342,48.53088860624211,273.61511961180554,112.54211550278171,24.265444303121054,136.80755980590277,17.568309357219917,0.38200024926371545,21.35222084104686,7.648966392266638,1.5585922390504827,9.20755863131712,3.824483196133319,0.7792961195252414,4.60377931565856,6.146534429071389,,,2.132776866261265,,1.0663884331306326,,95.97062150658249,7.886676421922459,103.37784513790405,0.09833301462074914,1.4806729652272153,3.258898953144781,,
487,1,CP,2002,135.2433908202456,4.674299412937027,187.05843299476297,106.45155782368039,23.42172188529836,129.87327970897874,53.225778911840194,11.71086094264918,64.93663985448937,5.251736111111112,0.18186428139327795,5.433600392504389,2.292028602419673,0.593454897042036,2.885483499461709,1.1460143012098365,0.296727448521018,1.4427417497308546,2.909558671683114,,,0.9999360585874139,,0.49996802929370693,,37.8889099309806,1.2359817395782304,41.10398820278743,0,0,1.0551559298050692,,
488,1,CP,2002,339.1977335679492,11.938077047674376,461.20713222031213,261.7650260828748,59.68224511020778,321.44727119308254,130.8825130414374,29.84112255510389,160.72363559654127,78.37623848969804,1.2597447244354087,87.29199406515555,35.52601243825981,7.105202487651962,42.63121492591178,17.763006219129906,3.552601243825981,21.31560746295589,0.7191445576744901,,,0.28087661123985785,,0.14043830561992893,,85.8528426896904,2.006076753290081,104.81583266109737,1.7555720015299672,0.20425861629771194,15.50574409318967,,
489,1,CP,2002,244.62041314493214,8.588856050697903,323.5966980062421,123.28361209949323,25.889558540893578,149.17317064038681,61.64180604974661,12.944779270446789,74.58658532019341,0,0,0,0,0,0,0,0,0,24.545956005344454,,,6.8092499815584056,,3.4046249907792028,,29.21293699768485,13.66472390039083,67.95530658131084,0,0,0,,
490,1,CP,2002,432.1295032258499,13.756576663089469,611.0565396193396,245.1586790837025,51.48332260757753,296.64200169128003,122.57933954185125,25.741661303788764,148.32100084564001,0,0,0,0,0,0,0,0,0,13.708928915770846,,,3.592518169304381,,1.7962590846521904,,121.71529726473125,17.525449091596755,128.3218733200613,0,0,0,,
491,1,CP,2002,349.4318823871239,11.139555345502579,470.9117152170985,187.31730633285028,39.33663432989856,226.65394066274885,93.65865316642514,19.66831716494928,113.32697033137443,3.021315586419753,0.1624610594501641,3.1837766458699175,1.2960143382823892,0.4113668767181802,1.7073812150005696,0.6480071691411946,0.2056834383590901,0.8536906075002848,1.7717776674017203,,,0.4740761498056467,,0.23703807490282336,,78.88494546853984,6.43759595478598,98.89146019559068,0,0,0.7899347224753509,,
492,1,CP,2002,488.42197071302,15.33913310087292,656.566553983676,290.45409871766697,61.21256696078706,351.666665678454,145.22704935883348,30.60628348039353,175.833332839227,6.443985791693786,0.2274296555426238,10.628882217349837,4.101844077109508,0.8613872561929966,4.963231333302504,2.050922038554754,0.4306936280964983,2.481615666651252,11.577716510840723,,,4.809991303529913,,2.4049956517649567,,86.16970870887694,18.571928866084374,138.30183350445745,0,2.3198076039873827,1.6740489492325992,,
493,1,CP,2002,373.90395565066405,11.898225955017097,511.2021700770657,207.81480650971668,43.6411093670405,251.4559158767572,103.90740325485834,21.82055468352025,125.7279579383786,0.6816128974049434,0.021246859731459684,1.5044637485660783,0.5795909185144204,0.12171409288802826,0.7013050114024485,0.2897954592572102,0.06085704644401413,0.35065250570122425,6.595547856174598,,,2.4919612088685508,,1.2459806044342754,,76.8418167256066,15.773836401961201,107.3524557161838,0,0.4589284372543162,0.23695304039915735,,
494,1,CP,2002,441.3654501830781,15.924549294954423,622.2676923691622,358.2424426832524,81.828293564748,440.0707362480004,179.1212213416262,40.914146782374,220.0353681240002,0,0,0,0,0,0,0,0,0,1.2639849795257452,,,0.5505734457965518,,0.2752867228982759,,154.90684860036868,4.372084249552298,141.9412087721622,0,0,0,,
495,1,CP,2002,469.97621353980907,14.714479081297917,642.0041215098536,265.96414917617545,55.85247132699685,321.8166205031723,132.98207458808773,27.926235663498424,160.90831025158616,8.195573572527712,0.2921517029194725,10.92339260896636,4.186911428750385,0.881637161975156,5.06854859072554,2.0934557143751924,0.440818580987578,2.53427429536277,9.226398714242034,,,1.7442733353221256,,0.8721366676610628,,93.17958232347077,17.414853826351166,134.82086551706925,0.2214157402076962,0.8088554798656811,1.7157241159225385,,
496,1,CP,2002,196.4673535437136,7.897657417069306,269.2488392233342,141.6450258006499,29.745455418136476,171.39048121878636,70.82251290032495,14.872727709068238,85.69524060939318,50.433168004645225,1.9302071646653334,73.68034395030548,32.34148195949203,7.759099464246136,40.10058142373817,16.170740979746014,3.879549732123068,20.050290711869085,3.210508879814845,,,1.3523551420001756,,0.6761775710000878,,66.90498093213658,10.878966427198229,56.54225623690018,24.884886571141042,0.4165498194659812,13.256464627958193,,
497,1,CP,2002,233.52563856849702,8.47670696088707,329.5535719001615,189.5611550657048,43.51313072501445,233.07428579071924,94.7805775328524,21.756565362507224,116.53714289535962,35.46795894113358,1.1643754262440447,48.464784264164294,20.458165418291237,4.296214737841159,24.754380156132395,10.229082709145619,2.1481073689205794,12.377190078066198,0,,,0,,0,,109.96569570415164,3.790444516877034,75.53301053774881,11.924379811975777,0.4170495376064797,7.6471971821650575,,
498,1,CP,2002,310.00702184600283,8.934416763235081,417.02043082549596,221.66027599460907,46.26314875120709,267.92342474581613,110.83013799730453,23.131574375603545,133.96171237290807,51.498736559735384,1.6161178678690282,72.23885864564008,30.443270229090576,6.38927219883439,36.83254242792496,15.221635114545288,3.194636099417195,18.41627121396248,0.05241306304909023,,,0.022109141447844052,,0.011054570723922026,,75.61076505484405,14.522465862489991,86.95122129018426,15.67875823602939,0.7262507207149077,11.550271191972415,,
499,1,CP,2002,350.93288814811825,12.005331322020114,477.7643030252655,264.33451575590243,57.04562556090295,321.3801413168054,132.16725787795122,28.522812780451474,160.6900706584027,0.7261161534126915,0.2530117380720521,3.9059939574969196,1.3971304510475788,0.29339739471999154,1.6905278457675703,0.6985652255237894,0.14669869735999577,0.8452639228837852,0.7351484713965085,,,0.25465371100871437,,0.12732685550435718,,124.11310217526562,10.559132110550069,102.90130472404388,11.657406883159569,3.1295583917639553,0.6151940483057649,,
500,1,CP,2002,467.0594791427077,14.938150696578525,650.8581860335823,263.35147371754715,56.73720470086798,320.08867841841516,131.67573685877358,28.36860235043399,160.04433920920758,0,0,0,0,0,0,0,0,0,1.2090372266422285,,,0.7080766477159938,,0.3540383238579969,,143.47201459303085,15.571426399176547,139.12773401798665,0,0,0,,
501,1,CP,2002,370.13682521616704,13.401344409023856,503.36524859109966,266.7556315777064,58.50650123758822,325.26213281529465,133.3778157888532,29.25325061879411,162.63106640764732,1.3940258104422085,0.05322833813149366,1.8528988377285884,0.8675462640027634,0.1821847154405803,1.0497309794433436,0.4337731320013817,0.09109235772029015,0.5248654897216718,2.414488554875288,,,1.2760174234664061,,0.6380087117332031,,106.52100596100922,1.1548728863120596,109.879214550656,0,0.19831357717325304,0.38910875592300354,,
502,1,CP,2002,245.61164702081572,8.171107072441334,343.1974982819474,192.81913518634983,41.437068554997424,234.25620374134724,96.40956759317491,20.718534277498712,117.12810187067362,0,0,0,0,0,0,0,0,0,0.3180446279453042,,,0.13415918202269078,,0.06707959101134539,,75.82083378270534,7.009939262517964,73.68514292675884,0,0,0,,
503,1,CP,2002,214.95092642910024,7.231805293571549,294.11845406781055,164.98756063984973,35.559128705646856,200.5466893454966,82.49378031992487,17.779564352823428,100.2733446727483,42.88090199436497,0.9751515694607729,49.338015255891,19.072140381490552,4.144620346126532,23.216760727617086,9.536070190745276,2.072310173063266,11.608380363808543,7.186661104072941,,,2.6557761807273366,,1.3278880903636683,,68.05000906893622,6.820092762360129,63.32166836370646,2.451259462465689,0.2513011881182643,7.989628790157865,,
504,1,CP,2002,280.66500358670817,9.12563338217567,398.59125073707594,172.49701408268984,36.224372957364864,208.7213870400547,86.24850704134492,18.112186478682432,104.36069352002735,72.30344271270985,1.185705105114167,81.35190314357429,37.31410199741901,7.465834455874563,44.779936453293566,18.657050998709504,3.7329172279372815,22.389968226646783,5.3965904425948565,,,1.4483635366115906,,0.7241817683057953,,58.987844102243315,19.41670895640637,83.70416265478595,2.3950026226566266,1.011905902840374,16.276168425286027,,
505,1,CP,2002,387.84593708839594,12.236222764642369,519.2920023726921,202.93100513669518,42.615511078705985,245.54651621540114,101.46550256834759,21.307755539352993,122.77325810770057,0,0,0,0,0,0,0,0,0,0.36819808377765767,,,0.11904887052397395,,0.059524435261986974,,107.84591378816955,6.629331654974245,109.05132049826533,0,0,0,,
506,1,CP,2002,563.6314327775585,17.349541123466942,740.9277504396399,282.8934824307318,63.17746953013686,346.0709519608687,141.4467412153659,31.58873476506843,173.03547598043434,0,0,0,0,0,0,0,0,0,16.04268072235421,,,3.2287584699007335,,1.6143792349503667,,131.16407674414762,7.635772269417107,164.2024896879712,0,0,0,,
507,1,CP,2002,432.23121250224926,13.360487930395262,594.0462539000936,227.24767843435836,47.72201247121526,274.9696909055736,113.62383921717918,23.86100623560763,137.4848454527868,25.60054503350251,1.7300598066130182,32.64160745558826,9.776718142673754,2.1752553392585057,11.95197348193226,4.888359071336877,1.0876276696292528,5.97598674096613,23.806416036444112,,,6.086476890259862,,3.043238445129931,,142.80234360114505,12.608733322505518,124.74971331901966,2.3102019886836622,2.288167044033655,4.924348729332064,,
508,1,CP,2002,344.33080359885923,10.650306513436485,473.61416305146594,196.48829475389942,41.26254189831888,237.7508366522183,98.24414737694971,20.63127094915944,118.87541832610916,9.154044640094344,0.3474529992927728,11.971760525800638,4.658874012762614,1.141848263448215,5.800722276210829,2.329437006381307,0.5709241317241075,2.9003611381054144,5.528610450327504,,,1.7866753863081288,,0.8933376931540644,,92.51430176821816,10.603630452264287,99.45897424080783,0.14387798862952364,1.2117080425390168,2.217008291611028,,
509,1,CP,2002,168.53182601249753,5.250981907708505,244.5058739093236,131.99566038195056,27.719088680209616,159.71474906216017,65.99783019097528,13.859544340104808,79.85737453108008,1.282297407692718,0.03545243757186141,5.476654080567095,2.397945608183831,0.5035685777186044,2.9015141859024354,1.1989728040919154,0.2517842888593022,1.4507570929512177,0.15891915799101847,,,0.06703607723717439,,0.033518038618587195,,48.28494408432974,15.913280357618602,51.34623352095796,0,1.346450489499542,0.9803474906531481,,
510,1,CP,2002,353.2758170467803,13.599370613874449,502.02753184221564,265.34202871373003,56.612398121013875,321.9544268347439,132.67101435686502,28.306199060506938,160.97721341737196,35.12848060262479,1.6378312628093668,56.241715425833526,20.19582856626196,4.241123998915011,24.43695256517697,10.09791428313098,2.1205619994575056,12.218476282588485,37.78806971889588,,,17.213653435914768,,8.606826717957384,,105.45465171886761,8.291268832181574,106.94642894258067,20.495045215047423,2.067636220605973,8.85807017956878,,
511,1,CP,2002,323.44615133438293,11.428702406905815,449.5287265718884,252.23496914972773,56.66723471146459,308.90220386119233,126.11748457486387,28.333617355732294,154.45110193059617,42.67534158329732,0.6381762053363471,48.12137691288802,22.050675214023556,4.410135042804712,26.46081025682827,11.025337607011778,2.205067521402356,13.230405128414136,49.16410154907404,,,25.278766544535316,,12.639383272267658,,98.98336329802196,4.2797976432157805,100.71516272861955,2.3292593316376826,0.03916169876503187,9.624275382577604,,
512,1,CP,2002,339.2085533228205,10.726541310002833,458.45978787774163,197.97372735109857,41.5744827437307,239.54821009482927,98.98686367554929,20.78724137186535,119.77410504741464,0,0,0,0,0,0,0,0,0,1.1335859943616264,,,0.3591740493020579,,0.17958702465102894,,62.477885427558576,14.7547037393772,96.27655545432573,0,0,0,,
513,1,CP,2002,341.93667862853687,11.316186631995809,470.3203669045876,260.0093723900213,57.996675488729174,318.0060478787505,130.00468619501066,28.998337744364587,159.00302393937525,32.437431343591015,0.697411881074866,38.32815431410276,18.0298088699919,3.6476462524251216,21.677455122417022,9.01490443499595,1.8238231262125608,10.838727561208511,6.802419809056453,,,2.4331683653633425,,1.2165841826816712,,123.69829414843808,7.942807967616482,104.44228240595412,1.8310452721028714,0.08708127631664249,7.746414739995793,,
514,1,CP,2002,526.5128319701569,16.067120559463206,717.4950173025188,275.1334232035265,57.77801887274057,332.91144207626706,137.56671160176325,28.889009436370284,166.45572103813353,1.8011106233021414,0.08138948673348118,3.3287747632637217,1.290377486567715,0.42438343109238347,1.7147609176600982,0.6451887432838574,0.21219171554619173,0.8573804588300491,1.7767979251745571,,,0.4368365516537025,,0.21841827582685125,,163.92217799021327,14.015473421069705,150.67395363352895,0,0.8411423438910158,0.8229292977019445,,
515,1,CP,2002,231.9821213922455,8.204119376476976,327.3986365844901,188.48965359067415,42.87409922868477,231.36375281935892,94.24482679533708,21.437049614342385,115.68187640967946,70.26468003253648,1.1687879292960437,78.33860997260096,35.3131779248043,7.07024027140069,42.383418196204985,17.65658896240215,3.535120135700345,21.191709098102493,0,,,0,,0,,84.8638103835418,0.21745994717160752,74.37354361666833,1.7907658523310794,0.38431926074999756,15.364876465637725,,
516,1,CP,2002,214.80720395450945,8.113246895162941,291.03641722064344,160.01029620817084,34.377076362342365,194.3873725705132,80.00514810408542,17.188538181171182,97.1936862852566,36.184387524412585,0.860608307814103,42.98646736989557,17.21677902154181,3.459782020202439,20.676561041744247,8.608389510770905,1.7298910101012195,10.338280520872123,34.82716884149683,,,11.97702670712953,,5.988513353564765,,53.099792475069016,5.386916834344358,62.44080954838539,8.10397189713057,3.033115299848651,7.486414193472053,,
517,1,CP,2002,281.1695473927412,9.473397800902003,395.84172726355916,192.16178553878166,40.35397496314415,232.5157605019258,96.08089276939083,20.176987481572073,116.2578802509629,75.3369118062403,1.6075777236685578,90.32603148896929,37.42541734256793,7.599261637160939,45.02467897972887,18.712708671283966,3.7996308185804697,22.512339489864434,2.4023161490425187,,,0.7252834529916291,,0.36264172649581455,,70.56926008018787,23.17792693197986,83.12676272534742,5.91111450747705,2.3014275410332696,15.653831724730729,,
518,1,CP,2002,269.3646956323261,8.388677961696002,363.1427049069622,163.38183774829955,34.53526870967899,197.91710645797852,81.69091887414977,17.267634354839494,98.95855322898926,71.97629846686952,1.8314979580093067,89.6145797849877,35.83315089598878,7.412066191648568,43.24521708763735,17.91657544799439,3.706033095824284,21.622608543818675,14.072126390534073,,,4.482428269092281,,2.2412141345461407,,33.14850188216987,10.935844794455944,76.6981592735459,8.89836486001242,0.6948551412957839,18.357697689285274,,
519,1,CP,2002,262.7982506276181,9.964960471919397,377.8043565752251,220.13136187168163,52.272779848925346,272.40414172060696,110.06568093584082,26.136389924462673,136.20207086030348,0,0,0,0,0,0,0,0,0,100.63703045469293,,,39.72860268427263,,19.864301342136315,,115.23464964103168,4.207407809835745,89.66105223357425,0,0,0,,
520,1,CP,2002,111.66047920645549,5.03438537667065,163.20699761671892,82.04212479499336,17.228846206948603,99.27097100194196,41.02106239749668,8.614423103474302,49.63548550097098,53.30823139631594,0.8617062236003888,59.916802201169695,24.504377871036013,4.902179075329242,29.406556946365253,12.252188935518006,2.451089537664621,14.703278473182626,3.90832471023918,,,1.1444616418873317,,0.5722308209436658,,6.145494992836773,27.15838251217619,34.27346949951097,1.795186844410781,0.5277460644412545,10.690894310461287,,
521,1,CP,2002,227.6910147316736,8.803799056857926,314.52806689522566,146.7292603379739,30.81314467097452,177.54240500894844,73.36463016898695,15.40657233548726,88.77120250447422,137.80456869019,3.5544032757219512,170.76203406503146,81.29604131728134,16.385011044046493,97.68105236132783,40.64802065864067,8.192505522023247,48.840526180663915,12.627264765498149,,,7.225221718792606,,3.612610859396303,,68.33534462794579,11.77646436272394,66.05089404799739,15.213453665018982,0.7681359585111149,34.28455168117364,,
522,1,CP,2002,214.985126055428,8.119384385064693,306.64747713976857,153.08883063018592,32.14865443233904,185.23748506252497,76.54441531509296,16.07432721616952,92.61874253126248,0.6776396330232907,0.07355636057111295,1.4949400992700084,0.6941033846157978,0.14576171076931754,0.8398650953851152,0.3470516923078989,0.07288085538465877,0.4199325476925576,9.071350361657078,,,3.2528702485578984,,1.6264351242789492,,56.2154414420525,20.856273928958643,64.3959701993514,0,0.8228482445923144,0.27990157463012033,,
523,1,CP,2002,130.9932257661345,4.0971316747625295,170.63189282515364,93.49212569992483,20.164227265132062,113.6563529650569,46.746062849962414,10.082113632566031,56.82817648252845,89.26459460529395,4.000247887818579,134.1373465959406,68.72286217435996,14.43180105661559,83.15466323097554,34.36143108717998,7.215900528307795,41.57733161548777,0,,,0,,0,,18.94403069631732,3.697745742782621,36.68596462189091,30.442028396468583,0.2548741129813481,27.968608172082313,,
71000,1,CA,2002,285.4752242456164,9.97225304841169,401.3407913634089,209.55755323228797,44.73057017084202,254.28812340313,104.77877661614399,22.36528508542101,127.144061701565,20.57081113474558,0.6848926278298546,29.130626256669633,12.247711446727598,2.490698175948947,14.738409622676544,6.123855723363799,1.2453490879744735,7.369204811338272,3.135318367346939,,,1.2799167506614737,,0.6399583753307369,,82.27300068813815,12.778395558619316,85.49799533478945,7.679405324922488,1.3613885598781048,4.753807807534745,,
81000,1,CA,2002,317.63104485575565,9.812102590902956,422.3552116814363,229.68808701785682,48.266132475951196,277.954219493808,114.84404350892841,24.133066237975598,138.977109746904,1.3093520926266007,0.07056700895177641,2.6850573630552517,1.2349538660887223,0.30627402215461813,1.5412278882433401,0.6174769330443611,0.15313701107730907,0.7706139441216701,4.5127867346938775,,,2.0214858856176687,,1.0107429428088344,,82.5664770166908,6.380328644065108,88.74860969032181,0.1498971814780978,0.20145580065470114,0.5660438669970423,,
701,1,CP,2003,165.70520018243633,8.281720539411184,260.59515405180713,135.54996928388806,28.465493549616493,164.01546283350456,67.77498464194403,14.232746774808247,82.00773141675228,58.31959628920643,3.7397005606857276,90.25409464656309,40.215629908882065,9.205372593359739,49.4210025022418,20.107814954441032,4.602686296679869,24.7105012511209,15.977014571759996,,,7.51455060186054,,3.75727530093027,,6.917411586650231,9.544961108195144,54.7249823508795,0.22918356074248789,7.960744471806932,17.676784049386395,,
702,1,CP,2003,175.61172376677257,7.581737114495088,275.37352974239445,120.04329778593078,25.20909253504546,145.25239032097622,60.02164889296539,12.60454626752273,72.62619516048811,1.7358825816675223,0.12138358869508059,2.664755545509612,1.1821433579610396,0.2606809619446879,1.4428243199057273,0.5910716789805198,0.13034048097234394,0.7214121599528637,7.055328802884518,,,1.7681637893312276,,0.8840818946656138,,21.729899174241464,20.81767363919593,57.82844124590283,0,1.0220674146442652,0.4984468672953385,,
703,1,CP,2003,143.62809928897062,7.696323746587548,247.27873522655912,129.30743133390507,27.154560580120066,156.46199191402516,64.65371566695254,13.577280290060033,78.23099595701258,6.872071174091376,0.5133378148220338,11.624963232890508,4.477098755123279,0.9941449230924524,5.471243678215732,2.2385493775616396,0.4970724615462262,2.735621839107866,0.33575798364868,,,0.08679427758697303,,0.043397138793486514,,2.304663973563527,49.59346943133292,51.928534397577415,0.4394247917315199,3.8604711055713534,2.352029562284897,,
704,1,CP,2003,138.69458567568026,5.308527585084887,202.0984698983273,113.60209872732499,23.856440732738246,137.45853946006324,56.80104936366249,11.928220366369123,68.72926973003162,5.603362312375059,0.5449426202375158,15.255449629955478,7.9444370384694984,1.6683317780785947,9.612768816548092,3.9722185192347492,0.8341658890392973,4.806384408274046,13.385078079716447,,,4.808350434526998,,2.404175217263499,,39.90524847228458,1.6303674439830165,42.44067867864873,0,4.027591637465006,3.20364442229065,,
705,1,CP,2003,252.47573093386706,9.572201752177463,369.10600957724586,206.34337867271728,43.33210952127063,249.67548819398792,103.17168933635864,21.666054760635316,124.83774409699396,3.097637531540521,0.21204195732346287,6.047838775318663,3.149476123928169,0.6613899860249155,3.8108661099530847,1.5747380619640845,0.33069499301245775,1.9054330549765424,0.27985726598245253,,,0.11085286411548118,,0.05542643205774059,,72.28607032255951,0.7846767688349868,77.51226201122164,0,1.0677022720656733,1.2700461428169192,,
706,1,CP,2003,410.7051196395193,7.783772880208574,456.3850762323648,191.61757441951193,31.11464054413901,222.73221496365093,95.80878720975596,15.557320272069505,111.36610748182547,21.3760090938082,0.7223818397482094,22.744504586914836,8.987707612808666,1.6557636723734073,10.643471285182073,4.493853806404333,0.8278818361867036,5.321735642591037,47.70954326176456,,,17.997733669461773,,8.998866834730887,,33.00851614864783,10.828902044854214,73.88469514814675,0.8293046089453522,0.5191564789208388,3.8211591679816665,,
707,1,CP,2003,109.43153675413667,5.493719313696954,154.0103534363723,74.22619381766539,15.58750070170973,89.81369451937512,37.113096908832695,7.793750350854865,44.90684725968756,0.03929751681281367,0.025203917899755908,0.3529919756145118,0.15745383393893903,0.033065305127177196,0.19051913906611623,0.07872691696946951,0.016532652563588598,0.09525956953305811,0,,,0,,0,,1.072053926292502,20.092149174030848,32.34217422163818,0,0.32899671496702043,0.07412831487904747,,
708,1,CP,2003,156.12422848174995,7.049253270125017,262.93735011044555,123.97150231278978,26.03401548568585,150.0055177984756,61.98575115639489,13.017007742842925,75.0027588992378,0,0,0,0,0,0,0,0,0,0,,,0,,0,,28.371053610512476,11.51627208239584,55.21684352319356,0,0,0,,
709,1,CP,2003,151.1271056104952,7.899119162696138,235.2682510059363,121.29016657083775,25.470934979875928,146.7611015507137,60.64508328541888,12.735467489937964,73.38055077535685,8.869580343161978,0.7405356361327797,18.33782797030237,9.092025183027205,1.9885267053548148,11.08055188838202,4.546012591513603,0.9942633526774074,5.54027594419101,0,,,0,,0,,4.614722562651003,19.512488609383812,49.40633271124662,0.058976851283906825,4.460865308062957,3.878469613946435,,
710,1,CP,2003,134.21661678350776,7.095856631664562,200.86839009468991,95.44332771540839,20.043098820235763,115.48642653564414,47.72166385770419,10.021549410117881,57.74321326782207,8.686270919884569,0.35892124707689554,11.83146121368687,4.077949709215718,0.8563694389353008,4.93431914815102,2.038974854607859,0.4281847194676504,2.46715957407551,0,,,0,,0,,5.850157162526102,36.16075004528991,42.18236191988488,0.8874317796159309,0.0537738027584859,2.4846068548742424,,
711,1,CP,2003,271.4496845958689,11.28719061050079,395.50662631565405,149.14709356928086,31.320889649548977,180.46798321882983,74.57354678464043,15.660444824774489,90.23399160941491,1.289693538385444,0.25459094051068637,3.827602285792491,1.3893344869605062,0.3055028119740623,1.6948372989345686,0.6946672434802531,0.15275140598703116,0.8474186494672843,0.3346380044195148,,,0.11195021505616791,,0.055975107528083955,,54.79817191443815,23.14846349719826,83.05639152628734,0,2.059184231319026,0.7098760105690936,,
712,1,CP,2003,309.2762553136806,12.899727266100571,446.7041825402322,168.3813847890878,35.36009080570844,203.74147559479624,84.1906923945439,17.68004540285422,101.87073779739812,3.743594702428692,0.14479609095847287,4.917881386441211,1.717227851932158,0.4200683581673687,2.1372962100995267,0.858613925966079,0.21003417908368435,1.0686481050497634,6.3522864027240775,,,1.3759595160203544,,0.6879797580101772,,46.76602375392145,24.762399589530506,93.80787833344876,0,0.8960757946408269,1.0383246539923958,,
713,1,CP,2003,157.25809980230352,7.397282331231644,252.00243703477292,118.56919846700467,24.899531678070982,143.46873014507565,59.284599233502334,12.449765839035491,71.73436507253783,0.6363172225477827,0.3015247396051854,1.941286839603217,0.6973993246094368,0.19689125340980493,0.8942905780192416,0.3486996623047184,0.09844562670490246,0.4471452890096208,0,,,0,,0,,5.528758975438845,31.320700923677425,52.920511777302316,0,2.629838999634177,0.4690980855394266,,
714,1,CP,2003,114.1666550836028,5.338954312380094,292.6874947959405,157.47902647853726,33.070595560492826,190.5496220390301,78.73951323926863,16.535297780246413,95.27481101951506,0.03929751681281367,0.03984066330932569,0.2890140612177828,0.09961447581291995,0.020919039920713187,0.12053351573363313,0.049807237906459974,0.010459519960356593,0.06026675786681657,0,,,0,,0,,28.89491385753379,27.21598984466161,61.4643739071475,0,0.46276493981917516,0.06069295285573438,,
715,1,CP,2003,94.18105292446714,5.178748431770374,269.7044438461583,145.09499972885448,30.469949943059436,175.56494967191392,72.54749986442724,15.234974971529718,87.78247483595696,0.3886715487327362,0.17211727115701136,1.930609787931385,0.704295665286174,0.2602984121707218,0.9645940774568958,0.352147832643087,0.1301492060853609,0.4822970387284479,0,,,0,,0,,22.131364008388868,36.58636936755949,56.63793320769325,0,1.670283708521278,0.6744183782919565,,
716,1,CP,2003,168.71896040617997,7.945072322557451,253.11648922346484,105.09071645650829,22.06905045586674,127.15976691237503,52.545358228254145,11.03452522793337,63.57988345618752,0.3008172558478496,0.12178138810811381,0.8515188421330295,0.3719917898852184,0.15636517549234713,0.5283569653775655,0.1859958949426092,0.07818258774617357,0.26417848268878275,0,,,0,,0,,18.09963618519188,36.767510360965886,53.15446273692761,0,0.8414838035714328,0.2960676581790954,,
717,1,CP,2003,96.4037951810708,6.103477514006895,200.30128055440363,94.59424709798915,19.86479189057772,114.45903898856687,47.29712354899458,9.93239594528886,57.22951949428344,0.15719006725125467,0.14120034569398737,1.5597864153396421,0.5427157682388636,0.11397031133016133,0.6566860795690248,0.2713578841194318,0.05698515566508067,0.3283430397845124,0,,,0,,0,,5.454321240948606,47.70724592037353,42.06326891642476,0,1.504818237409916,0.3275551472213248,,
718,1,CP,2003,239.3024857041846,9.325637490026146,337.2439202775009,130.9796127802819,27.5057186838592,158.4853314641411,65.48980639014096,13.7528593419296,79.24266573207055,46.8327352713145,1.7973959026481199,64.6401919605399,28.21360060513444,5.9248561270782325,34.138456732212674,14.10680030256722,2.9624280635391163,17.069228366106337,35.413084992796684,,,10.527771240226603,,5.263885620113301,,74.69640085248109,21.30251768699392,70.82122325827518,18.238961837678648,7.793813292621043,11.43037621548152,,
719,1,CP,2003,158.83965115567636,7.981560767465701,229.37352098224517,108.16645520805174,22.714955593690867,130.88141080174262,54.08322760402587,11.357477796845433,65.44070540087131,2.331603339979498,0.21569058662560447,3.5565563923101884,1.7615400595273984,0.43568118770902536,2.197221247236424,0.8807700297636992,0.21784059385451268,1.098610623618212,0.5419225812279037,,,0.2822119262768998,,0.1411059631384499,,4.209551878013225,36.43429664702433,48.16843940627148,0,1.864351551377605,0.836624720119208,,
720,1,CP,2003,68.614904964471,4.893914240114533,147.87959533104276,76.01743700173076,15.963661770363458,91.98109877209421,38.00871850086538,7.981830885181729,45.99054938604711,2.375,0.08320864654015461,2.4582086465401543,0.6354530763972861,0.1817471599645365,0.8172002363618227,0.31772653819864305,0.09087357998226825,0.40860011818091135,0,,,0,,0,,3.9351264740695666,34.6029350022314,31.054715019518984,0,0,0.5273077470667765,,
721,1,CP,2003,178.94359090059248,8.739252843786748,258.76266523821977,125.1038666930703,26.271812005544763,151.37567869861508,62.55193334653515,13.135906002772382,75.68783934930754,2.412909807412557,0.24829700936941584,3.7980960516866773,1.6713775945105314,0.5903691429541341,2.2617467374646654,0.8356887972552657,0.29518457147706706,1.1308733687323327,0,,,0,,0,,2.8203096230827405,31.965922620935796,54.34015970002615,0,1.1675642008817815,1.1657141256152197,,
722,1,CP,2003,145.1233003580448,6.6992820168692475,208.09740053994622,111.11253645570937,23.33363265569897,134.44616911140835,55.55626822785469,11.666816327849485,67.22308455570418,3.188766506184769,0.387743880452255,4.749884386197453,2.082692257475653,0.5311414358361529,2.6138336933118063,1.0413461287378265,0.26557071791807646,1.3069168466559031,14.977285744042018,,,3.6725433886932324,,1.8362716943466162,,7.770716331077062,22.396203737528058,43.7004541133887,0,1.8373074810406327,1.0104543117125269,,
723,1,CP,2003,134.9236618784914,6.824795623076708,225.1830584656169,118.92945509466583,24.975185569879823,143.90464066454564,59.46472754733291,12.487592784939912,71.95232033227282,2.425822457143983,0.18056402275706304,2.976921975725479,1.3983300225675626,0.6850352788421187,2.0833653014096813,0.6991650112837813,0.34251763942105934,1.0416826507048407,0,,,0,,0,,1.7418153331505957,33.53835844981323,47.288442277779545,0,0.45979530494854515,1.3154514461520295,,
724,1,CP,2003,254.60833683495187,10.15372870458985,365.15852608491423,138.5607576752314,29.09775911179859,167.65851678702998,69.2803788376157,14.548879555899296,83.82925839351499,3.801653123747832,0.2178453043794721,4.271320342757451,1.5493502943520547,0.41137568961297794,1.9607259839650324,0.7746751471760274,0.20568784480648897,0.9803629919825162,3.291815442100556,,,0.7713941662721183,,0.38569708313605916,,51.5141487284261,17.995694463858456,76.68329047783199,0,0.33603212739269295,1.146526488258344,,
725,1,CP,2003,121.91156161188759,5.862871851739908,174.52878619067135,88.49398949998893,18.583737794997674,107.0777272949866,44.246994749994464,9.291868897498837,53.5388636474933,1.538556724453138,0.29777792250302904,4.528527725404256,2.056508570027833,0.5168613359253191,2.573369905953152,1.0282542850139165,0.25843066796265957,1.286684952976576,5.635244262199074,,,1.5085900696216252,,0.7542950348108126,,0,28.067517528490914,36.65104510004098,0,4.188152218951047,0.9933531398599366,,
726,1,CP,2003,147.27411153429225,6.922478358972348,210.69622162094353,109.62347587078033,23.020929932863865,132.6444058036442,54.81173793539016,11.510464966431933,66.3222029018221,9.503138651166728,0.5633397128945947,15.10769535140733,7.111472434922529,1.493409211333731,8.60488164625626,3.5557362174612646,0.7467046056668655,4.30244082312813,17.137823920893698,,,3.2168978198240787,,1.6084489099120394,,0.1763650108871276,30.568772264253536,44.24620654039814,0,4.856879115022362,2.8703726291686964,,
727,1,CP,2003,62.02573198356937,4.7206693714065295,103.00935783032949,52.83601315826323,11.095562763235277,63.9315759214985,26.418006579131614,5.5477813816176385,31.96578796074925,0.30246913580246915,0.04854094581347482,0.351010081615944,0.13903685060289245,0.06280061414918539,0.20183746475207784,0.06951842530144622,0.031400307074592695,0.10091873237603892,0,,,0,,0,,6.554353845385457,32.126646627889464,21.631965144369193,0,0,0.11890902628934971,,
728,1,CP,2003,164.5629084253799,7.255783262170788,259.8859178485793,126.76795115605707,26.621269742771982,153.38922089882905,63.38397557802853,13.310634871385991,76.69461044941453,15.032466846723395,0.708918406556454,21.3484991931045,7.095934400155798,1.4901462240327175,8.586080624188515,3.547967200077899,0.7450731120163587,4.2930403120942575,1.432237297759807,,,0.37023691958506777,,0.18511845979253388,,7.94130078987855,22.266479501885527,54.57604274820166,0.8874317796159309,3.0831738521166097,4.019694744887145,,
729,1,CP,2003,166.2344087773947,7.275902012858769,243.03743468492664,88.70068553555205,18.62714396246593,107.32782949801799,44.35034276777603,9.313571981232965,53.663914749008995,35.28012703598763,1.5092183328389615,39.67121724792551,10.984717008728989,2.76212100886162,13.746838017590608,5.4923585043644945,1.38106050443081,6.873419008795304,57.287605629585265,,,12.804495749112645,,6.4022478745563225,,26.496274577607,9.449792268387272,51.037861283834594,0.9381150825996033,0.05337192420833097,8.013813292008692,,
730,1,CP,2003,198.5672859605467,7.685571748879366,279.87279263637816,97.57679563384912,20.491127083108314,118.06792271695743,48.78839781692456,10.245563541554157,59.03396135847871,29.05175144297975,1.0855189119766322,41.71123705406657,14.282114633381736,2.999244073010164,17.2813587063919,7.141057316690868,1.499622036505082,8.64067935319595,31.51466325679433,,,7.249252294703906,,3.624626147351953,,36.650274733660765,5.154709643730739,58.773286453639415,7.027971980880457,0.3993161375866858,8.697823763803054,,
731,1,CP,2003,184.8482883001384,7.529891918081357,540.4673951433457,297.653633597615,62.507263055499145,360.16089665311415,148.8268167988075,31.253631527749572,180.08044832655708,3.8953229272840453,0.23145516257564194,39.76097549864305,22.18944576999442,4.997255633030132,27.186701403024557,11.09472288499721,2.498627816515066,13.593350701512279,0,,,0,,0,,44.66186518885532,34.079411442425105,113.4981529801026,1.7418153331505957,1.0572187156560346,8.92143739593478,,
732,1,CP,2003,156.78362876895963,6.728266421503761,251.6389805631705,113.64994696939961,23.866488863573917,137.5164358329735,56.824973484699804,11.933244431786958,68.75821791648676,12.127260479775778,0.808645805926064,13.11260197953816,2.6922210934544237,0.7325247825615498,3.4247458760159737,1.3461105467272119,0.3662623912807749,1.7123729380079868,21.339593013553362,,,4.356157114834073,,2.1780785574170367,,29.208645076883727,16.933001543779035,52.8441859182658,0,0.446852227388442,2.1062164236103627,,
733,1,CP,2003,123.56687924621258,6.168344622076857,330.2424321085402,171.66791918485595,36.05026302881974,207.71818221367568,85.83395959242797,18.02513151440987,103.85909110683784,0.03929751681281367,0.025203917899755908,0.3529919756145118,0.15745383393893903,0.033065305127177196,0.19051913906611623,0.07872691696946951,0.016532652563588598,0.09525956953305811,0,,,0,,0,,15.266146270811118,34.48825707372951,69.35091074279343,0,0.32899671496702043,0.07412831487904747,,
734,1,CP,2003,146.86676690943796,6.787501606775249,319.5631677371152,151.9964177044275,31.919247717929775,183.9156654223573,75.99820885221375,15.959623858964887,91.95783271117865,24.266695711112625,1.1838992411330167,31.1386829686738,9.313047651737742,2.046790966347679,11.359838618085421,4.656523825868871,1.0233954831738394,5.6799193090427105,36.47564072551914,,,8.537714903120147,,4.2688574515600735,,26.47548631986544,24.89767000839773,67.10826522479418,2.730059599242164,0.04523761207317984,5.938407694469731,,
735,1,CP,2003,122.61600015142807,6.592022252874583,222.98948363805715,103.22474617334738,21.677196696402948,124.90194286975033,51.61237308667369,10.838598348201474,62.450971434875164,0.19648758406406835,0.13558405356707764,1.3952900807656703,0.6301283184813028,0.13232694688107358,0.7624552653623764,0.3150641592406514,0.06616347344053679,0.3812276326811882,5.520387444934422,,,1.1019014916564933,,0.5509507458282467,,15.631132902602715,34.45410028352576,46.827791563992,0,1.9076348503324791,0.2793401862131914,,
736,1,CP,2003,167.01851936607372,7.13039249139565,401.83117765854035,215.92421716937423,45.34408560556859,261.2683027749428,107.96210858468712,22.672042802784294,130.6341513874714,10.887261217803575,0.575070968950454,59.9518794982796,26.930489357352535,5.706659846775583,32.637149204128114,13.465244678676267,2.8533299233877916,16.318574602064057,8.819708712746225,,,2.155356919093104,,1.077678459546552,,31.42462363546656,29.122615319064355,84.38454730829348,4.60544507281797,2.3723998885249125,10.56447981600791,,
737,1,CP,2003,175.599109514575,7.4710721966064,273.80952743142683,115.78926957668834,24.31574661110455,140.1050161877929,57.89463478834417,12.157873305552275,70.05250809389645,11.418785260949274,0.9654106011364594,15.35445574369087,4.9625731707620835,1.1173629805692207,6.079936151331303,2.4812865853810417,0.5586814902846103,3.0399680756656515,5.171091466743729,,,0.9512491954057427,,0.47562459770287135,,14.00263192813953,27.48877499483922,57.500000760599626,0,0.9489196597788836,3.192197631431494,,
738,1,CP,2003,158.76513691958243,7.092462284314775,221.4962092503973,116.35182859366165,24.433884004668947,140.7857125983306,58.175914296830825,12.216942002334473,70.3928562991653,10.268581625073802,0.6239643458038733,16.5635555927052,7.191408422238665,1.7158342271385645,8.90724264937723,3.5957042111193327,0.8579171135692822,4.453621324688615,0.3669700363772572,,,0.14137429409906646,,0.07068714704953323,,4.733252126158396,19.408830191137422,46.51420394258343,0.18771755690752556,2.1832364631951493,3.33721535273058,,
739,1,CP,2003,176.20316731830445,8.74890504636412,271.8869170395947,142.25031711610708,29.872566594382487,172.1228837104896,71.12515855805354,14.936283297191244,86.0614418552448,11.43895326601709,0.8868177674948097,22.571211776801402,9.279985587162708,2.031895801846217,11.311881389008924,4.639992793581354,1.0159479009231085,5.655940694504462,2.0267890783792715,,,0.8379258114572719,,0.4189629057286359,,7.421749417711136,9.016248277843381,57.09625257831489,0,4.391812507870518,3.910494206922756,,
740,1,CP,2003,165.02370233632877,7.1086141137922825,236.3291676760369,119.04481679615701,24.99941152719297,144.04422832334998,59.522408398078504,12.499705763596484,72.02211416167499,0.07859503362562734,0.06063784995713552,0.91068084206619,0.3829944309868918,0.08042883050724726,0.46342326149413904,0.1914972154934459,0.04021441525362363,0.23171163074706952,0.4087432967492782,,,0.10545576500654999,,0.052727882503274995,,14.386920847280235,20.16181445113273,49.62912521196775,0,0.7205088801200176,0.1646748357663204,,
741,1,CP,2003,42.20553233851203,2.4728987957387836,63.612229413357454,21.925226965091756,4.604297662669269,26.52952462776103,10.962613482545878,2.3021488313346343,13.264762313880516,0,0,0,0,0,0,0,0,0,39.26891804495314,,,10.396261878466033,,5.198130939233017,,4.61792207554209,2.209165902290409,13.358568176805065,0,0,0,,
742,1,CP,2003,280.02110187380595,11.971812782116086,397.40188745842994,163.2275113986489,34.27777739371626,197.50528879236515,81.61375569932444,17.13888869685813,98.75264439618257,9.392076959161827,0.30185223739274347,10.128923424232699,2.823004243204126,0.7349616427072805,3.5579658859114067,1.411502121602063,0.36748082135364024,1.7789829429557034,11.979808702869434,,,2.1694311289530956,,1.0847155644765478,,31.624449812876684,13.637594503284719,83.45439636627029,0,0.42719166067929093,2.0076730738253517,,
743,1,CP,2003,35.845710467766224,1.4537121642329252,53.78086314326139,20.042829435232132,4.208994181398747,24.25182361663088,10.021414717616066,2.1044970906993736,12.12591180831544,0,0,0,0,0,0,0,0,0,20.165284967394456,,,6.2361808655230995,,3.1180904327615497,,6.270077536024452,0.6352059106179595,11.293981260084891,0,0,0,,
744,1,CP,2003,66.8655209659796,3.1679352349190784,97.77703567384678,43.93429622456525,9.226202207158702,53.16049843172395,21.967148112282626,4.613101103579351,26.580249215861976,0,0,0,0,0,0,0,0,0,0,,,0,,0,,3.9826565200437405,5.014773946511829,20.533177491507825,0,0,0,,
745,1,CP,2003,79.70623339008017,4.221198317149296,121.30618828047166,46.93043729583057,9.85539183212442,56.785829127955,23.465218647915286,4.92769591606221,28.3929145639775,13.19184027777778,0.9230955801582676,14.114935857936047,4.766008285375391,1.3334226703949223,6.0994309557703135,2.3830041426876956,0.6667113351974612,3.0497154778851567,26.203721752093,,,7.152387551232738,,3.576193775616369,,14.38093464059185,19.301366578624602,25.474299538899047,0,0,3.868693763087736,,
746,1,CP,2003,128.20423337981742,7.584759745643765,212.0105157293303,110.82903030333075,23.274096363699456,134.1031266670302,55.41451515166538,11.637048181849728,67.0515633335151,0.8333159650744129,0.3346061149873921,3.8286855284861523,1.7115907457027715,0.3960876605030734,2.107678406205845,0.8557953728513857,0.1980438302515367,1.0538392031029225,10.845289392483505,,,5.125589188730874,,2.562794594365437,,21.813213542432898,34.23098528331467,44.52220830315936,0,2.370225568374123,0.8137525149486273,,
747,1,CP,2003,221.2247857536934,9.39178982939865,389.6463533819583,194.87776990736592,40.92433168054684,235.80210158791274,97.43888495368296,20.46216584027342,117.90105079395637,6.27824180171355,0.304939561241077,42.52849170146618,17.687196174095266,3.750720158569776,21.43791633266504,8.843598087047633,1.875360079284888,10.71895816633252,3.592510216373003,,,1.3049806571395077,,0.6524903285697539,,25.237212410062668,21.62397714009605,81.82573421021124,1.7418153331505957,1.2830967965043794,6.854593328959549,,
748,1,CP,2003,175.70939090198965,8.19781462319395,269.855323323334,120.05427652689158,25.21139807064723,145.2656745975388,60.02713826344579,12.605699035323616,72.6328372987694,4.622927973505774,0.2765890818825011,6.7512223860382505,2.2279666555843964,0.4678729976727233,2.69583965325712,1.1139833277921982,0.23393649883636164,1.34791982662856,0,,,0,,0,,6.813098175795902,39.791754112517445,56.66961789790014,0.20983993467183262,0.5590178432905241,1.3195200422567985,,
749,1,CP,2003,96.92965308057998,4.793078541161495,159.84769098808943,69.55504107712808,14.606558626196897,84.16159970332497,34.77752053856404,7.303279313098448,42.08079985166248,10.334876543209877,0.587219482099177,10.922096025309054,2.992348910243392,0.8271937940451587,3.819542704288551,1.496174455121696,0.41359689702257935,1.9097713521442754,7.291467581412715,,,1.831971462981868,,0.915985731490934,,12.544238998895105,17.54639295910826,33.56801510749878,0,0,2.260534589791122,,
750,1,CP,2003,265.0200329088063,11.73957072890477,414.7086017515326,171.88341284793424,36.095516698066184,207.97892954600042,85.94170642396712,18.047758349033092,103.98946477300021,4.872740504274273,0.31219820804213627,6.811921460555626,2.3326909093070896,0.49999125174370257,2.8326821610507924,1.1663454546535448,0.24999562587185128,1.4163410805253962,6.434545929792501,,,2.1324589510329153,,1.0662294755164576,,24.288008341392754,19.88082114157603,87.08880636782186,0.03969803006424549,1.1816387936526418,1.2495296224251065,,
751,1,CP,2003,132.28146542793002,7.028590890891965,249.62118996374795,129.5894053080694,27.21377511469457,156.80318042276397,64.7947026540347,13.606887557347285,78.40159021138199,4.593371508501249,0.3063228722195712,40.79492713356147,17.137541400521958,3.8139581430952307,20.951499543617185,8.568770700260979,1.9069790715476154,10.475749771808593,0.45609680450871865,,,0.18066222764028694,,0.09033111382014347,,18.29497436477562,34.595994171273176,52.420449892387076,1.7418153331505957,2.090880422277375,6.8349543688544525,,
752,1,CP,2003,202.44219330452736,8.994930872894061,337.6019875172714,155.0500513281393,32.56051077890925,187.61056210704854,77.52502566406964,16.280255389454624,93.80528105352427,11.87507062730654,0.5936784584355801,85.3965773297177,40.45977142275427,8.540698988786493,49.00047041154077,20.229885711377136,4.270349494393247,24.500235205770384,0.8931244889840194,,,0.23087491166766533,,0.11543745583383266,,12.483686484726048,28.285480746585684,70.896417378627,3.4836306663011913,3.4163135948367853,15.59935461903275,,
753,1,CP,2003,138.29756755678537,6.236683525064471,366.6363684494395,199.14349409542695,41.82013376003966,240.96362785546663,99.57174704771347,20.91006688001983,120.48181392773331,3.06207728480634,0.4084408948116979,6.603321008525279,2.6496298590020717,0.6572851537490216,3.3069150127510927,1.3248149295010359,0.3286425768745108,1.6534575063755463,0,,,0,,0,,37.4345798122652,31.712723097168325,76.99363737438229,0.05283425011963605,3.203951616087877,1.2802444497076964,,
754,1,CP,2003,164.3539195418973,6.479544685609196,237.03799976574973,107.14844194480571,22.501172808409198,129.6496147532149,53.574220972402856,11.250586404204599,64.82480737660745,20.172453703703706,0.8241376536571593,20.996591357360863,4.697897881818006,1.2930520695704426,5.990949951388449,2.348948940909003,0.6465260347852213,2.9954749756942247,45.9821030177069,,,9.968530353008674,,4.984265176504337,,23.429049499778536,7.367703715823323,49.77797995080744,0,0,3.751565492293065,,
755,1,CP,2003,105.90990904585495,4.758494700984548,160.91739099240485,69.34018566076864,14.561438988761413,83.90162464953005,34.67009283038432,7.2807194943807065,41.950812324765025,7.3774112654321,0.5579871867805223,7.935398452212622,1.7520001091733892,0.4805988941112204,2.2325990032846095,0.8760000545866946,0.2402994470556102,1.1162995016423047,7.15595991906293,,,1.4284866123256963,,0.7142433061628481,,14.322492450863665,18.122828855484126,33.792652108405015,0,0,1.3943740311871793,,
756,1,CP,2003,181.82185458053237,7.399288216747948,348.9114854817955,160.27159732441416,33.65703543812697,193.92863276254113,80.13579866220708,16.828517719063484,96.96431638127056,0,0,0,0,0,0,0,0,0,9.49571442133945,,,2.5079107475826805,,1.2539553737913403,,53.594276806936755,22.915664590378796,73.27141195117706,0,0,0,,
757,1,CP,2003,113.06957577623741,4.548733739417128,176.11401284812342,82.84409516520381,17.397259984692802,100.24135514989662,41.422047582601905,8.698629992346401,50.12067757494831,0,0,0,0,0,0,0,0,0,4.892462248161676,,,0.8431424758913052,,0.4215712379456526,,12.224728401999375,8.686818912133417,36.98394269810592,0,0,0,,
758,1,CP,2003,82.7812440351755,3.717561270006179,118.9195503730396,50.719452568581566,10.651085039402128,61.37053760798369,25.359726284290783,5.325542519701064,30.685268803991846,0,0,0,0,0,0,0,0,0,1.7136468156563653,,,0.5238885995327905,,0.26194429976639527,,3.1270454901638547,6.448054359487094,24.973105578338313,0,0,0,,
759,1,CP,2003,122.9756047008005,6.883446757597448,176.15079670490888,90.01690201035235,18.90354942217399,108.92045143252633,45.00845100517618,9.451774711086996,54.46022571626317,1.3636199981727157,0.21663308766085196,3.241169683403742,1.4110962972439218,0.5346532381021181,1.9457495353460397,0.7055481486219609,0.26732661905105903,0.9728747676730198,2.7050642185684346,,,1.4906061756664097,,0.7453030878332049,,0.33328507400641716,34.73127292309087,36.99166730803086,0,1.323623242029226,1.0572507806355944,,
760,1,CP,2003,102.06007235785948,5.815308315060045,148.23956996929272,77.86622597404215,16.35190745454885,94.218133428591,38.933112987021076,8.175953727274425,47.1090667142955,1.9891431958251595,0.25439963720737646,2.458002932121069,0.9736272670045875,0.4402653646604317,1.413892631665019,0.48681363350229373,0.22013268233021585,0.7069463158325096,0,,,0,,0,,0.9529743142427133,27.583656319945334,31.130309693551467,0,0.4207419017857164,0.8336148703312718,,
761,1,CP,2003,193.44691469732314,8.517412395172924,275.1343979257269,109.2257808340912,22.93741397515915,132.16319480925034,54.6128904170456,11.468706987579575,66.08159740462517,21.680597671133803,1.0107654258335768,22.884457655914932,5.9354895755993224,1.6338760025689516,7.569365578168274,2.9677447877996612,0.8169380012844758,3.784682789084137,8.836361035495656,,,1.9070157483956107,,0.9535078741978054,,19.588660180730198,22.52456931917126,57.778223564402644,0,0.342308708310665,4.72834303095387,,
762,1,CP,2003,251.50728611038886,10.485445000382423,362.7250328038417,163.8654282040656,34.411739922853776,198.2771681269194,81.9327141020328,17.205869961426888,99.1385840634597,26.503365420114463,1.6758035681406147,30.603206484517678,8.802159779407406,2.198122481526773,11.000282260934178,4.401079889703703,1.0990612407633864,5.500141130467089,13.647192516857915,,,2.4618251080610984,,1.2309125540305492,,26.790755993973946,18.54064606401507,76.17225688880674,0.7036445034315844,0.05541926565982371,6.377469742783775,,
763,1,CP,2003,102.30706631758243,5.488097605075202,254.4047560948506,134.37997502076487,28.21979475436062,162.59976977512548,67.18998751038244,14.10989737718031,81.29988488756274,0.15719006725125467,0.11811614238937283,2.038897226140445,0.8839986117075713,0.18563970845858996,1.0696383201661612,0.44199930585378566,0.09281985422929498,0.5348191600830806,0,,,0,,0,,13.526043820573587,41.85267004504033,53.424998779918624,0,1.8359313959016585,0.42816841748949347,,
764,1,CP,2003,102.25051028839229,4.950845362048541,155.69746709391967,58.31867868265205,12.246922523356929,70.56560120600898,29.159339341326024,6.1234612616784645,35.28280060300449,2.614695773318096,0.4712390966250792,3.3004905440520242,0.7270658178012853,0.18016498562318356,0.9072308034244687,0.36353290890064266,0.09008249281159178,0.45361540171223436,45.60076973893456,,,8.806119569667098,,4.403059784833549,,18.84262669208546,20.667892610556546,32.696468089723126,0,0.08771679788926681,0.5187495611872985,,
765,1,CP,2003,171.73087149711225,6.823337304715873,233.99374429112245,95.54621986060388,20.064706170726815,115.61092603133069,47.77310993030194,10.032353085363408,57.805463015665346,10.680169753086421,0.7440793914974859,11.424249144583907,2.16425637614969,0.5998930713100329,2.7641494474597232,1.082128188074845,0.29994653565501644,1.3820747237298616,117.96475962558455,,,31.098833755444954,,15.549416877722477,,16.584063566749894,8.615140728333039,49.138686301135714,0,0,1.7404853202393162,,
766,1,CP,2003,294.55071132793665,11.67371854105601,404.6055688184309,163.7084113274765,34.37876637877007,198.08717770624656,81.85420566373826,17.189383189385033,99.04358885312328,2.161473264027711,0.13229250854811905,4.298506155613002,1.8538365578333882,0.38930567714501146,2.2431422349783996,0.9269182789166941,0.19465283857250573,1.1215711174891998,0,,,0,,0,,34.52677832010638,21.314691244613527,84.96716945187049,0,1.8676839524227449,0.7607459016110097,,
767,1,CP,2003,271.97225626307403,10.06645493009968,414.4329615233562,168.58046821107277,35.40189832432528,203.98236653539806,84.29023410553638,17.70094916216264,101.99118326769903,17.479003661549555,0.7151406571537312,19.558155495235802,5.432172695353666,1.469341848244084,6.90151454359775,2.716086347676833,0.734670924122042,3.450757271798875,25.009440743013982,,,5.384888973589545,,2.6924444867947726,,44.64225531556831,29.833876019166023,87.0309219199048,0,1.6418172381295213,4.082212828015121,,
768,1,CP,2003,184.83670028843954,7.6128555255640125,257.6342643353889,112.53528907286024,23.63241070530065,136.1676997781609,56.26764453643012,11.816205352650325,68.08384988908045,1.4377783812238467,0.15767524750113768,3.7950466116901715,1.4677365830685705,0.33908758187261656,1.806824164941187,0.7338682915342852,0.16954379093630828,0.9034120824705935,38.54998962362112,,,9.301856368819394,,4.650928184409697,,15.323495581047796,19.277328552149385,54.10319551043166,0,2.8897934832767493,0.6847492810337727,,
61000,1,CA,2003,292.8506142740517,8.434010695764945,356.48615047247193,166.20419820255665,29.914837562159466,196.1190357647161,83.10209910127833,14.957418781079733,98.05951788235805,8.847943082903948,0.3557949394792851,10.21775237384905,3.329047741596634,0.6850423117550974,4.0140900533517305,1.664523870798317,0.3425211558775487,2.0070450266758653,4.470739999999999,,,1.403721365651488,,0.701860682825744,,8.028553926319075,6.942310835491135,63.15919001261332,0.1782642753766226,0.3795175100747652,1.521261318437164,,
91000,1,CA,2003,236.45708749419614,9.33534437127758,326.5959775184236,148.31209430204123,31.145539803428658,179.45763410546988,74.15604715102062,15.572769901714329,89.72881705273494,4.3533652559916645,0.33807078926705925,6.915137686337349,2.955306164877222,0.759970864769417,3.715277029646639,1.477653082438611,0.3799854323847085,1.8576385148233194,7.831825510204082,,,1.6770217478860694,,0.8385108739430347,,20.45353857313592,24.997754268177825,68.58515527886895,0.01113746797578625,2.714948030279117,1.503903873085185,,
801,1,CP,2004,544.6454527114726,15.208377347074263,672.7325318520772,392.2146212448986,93.8999111092296,486.1145323541282,196.1073106224493,46.9499555546148,243.0572661770641,0,0,0,0,0,0,0,0,0,0,,,0,,0,,99.80141979444572,2.0774603761714032,160.96951264602228,0,0,0,,
802,1,CP,2004,443.92515922618776,12.212564196697292,541.982035176129,317.4135701806366,76.17925684335279,393.5928270239894,158.7067850903183,38.089628421676395,196.7964135119947,0,0,0,0,0,0,0,0,0,0,,,0,,0,,66.17691440964607,2.6454729184298422,130.07568844227094,0,0,0,,
803,1,CP,2004,461.14360754454003,12.23361534077799,563.257313283641,324.1715514194397,76.76349017822413,400.9350415976638,162.08577570971985,38.381745089112066,200.4675207988319,0,0,0,0,0,0,0,0,0,15.300488171069002,,,7.807091420406012,,3.903545710203006,,74.58170645247436,1.8151423299419367,133.00990112959144,0,0,0,,
804,1,CP,2004,509.9025367974273,13.800084760008865,627.292120004905,362.3607800736223,86.10202719383193,448.46280726745425,181.18039003681116,43.051013596915965,224.23140363372713,0,0,0,0,0,0,0,0,0,0,,,0,,0,,86.60026663848173,2.564856271659986,148.76618099852692,0,0,0,,
805,1,CP,2004,355.5412069048548,10.498594972672414,442.3663428115086,248.26350473381996,52.135335994102185,300.39884072792216,124.13175236690998,26.067667997051092,150.19942036396108,8.4609375,0.19194420130249487,8.652881701302494,3.650002009735224,0.9047451884459268,4.5547471981811505,1.825001004867612,0.4523725942229634,2.2773735990905752,0.532520650330438,,,0.22463053477768308,,0.11231526738884154,,47.00319986474613,4.978912125471611,92.8969319904168,0,0,1.6086264605947036,,
806,1,CP,2004,430.4358575694842,11.902825590858901,530.9033238736729,310.92528629061735,74.62206870974816,385.5473550003655,155.46264314530868,37.31103435487408,192.77367750018274,0,0,0,0,0,0,0,0,0,1.6336960177006963,,,0.6774893495713095,,0.33874467478565473,,79.57057250561229,2.036648737501436,127.4167977296815,0,0,0,,
807,1,CP,2004,326.50426006359527,9.343025273818157,413.29800219752696,224.4214823468033,47.00670081023227,271.42818315703556,112.21074117340164,23.503350405116134,135.71409157851778,23.962505452028832,0.7237896691302317,29.092028559529776,13.246565584306826,3.0209077890240774,16.2674733733309,6.623282792153413,1.5104538945120387,8.13373668666545,0.08475491938603587,,,0.023834497128466182,,0.011917248564233091,,49.627294045667774,4.31122844793409,86.52675240460395,2.302351813844832,0.32326564095667254,5.421355547362262,,
808,1,CP,2004,336.08446824412977,10.107956582475147,421.21261070118635,234.4403005945924,49.2324631248644,283.6727637194568,117.2201502972962,24.6162315624322,141.8363818597284,0.3808897850442032,0.029884448136788446,0.6111819222306937,0.21830653956814072,0.04584437330930956,0.2641509128774503,0.10915326978407036,0.02292218665465478,0.13207545643872515,4.4800446335904,,,1.8647270940278442,,0.9323635470139221,,47.476083534971046,7.130867566479741,88.45464824724912,0.23752113765893035,0.0692613036105151,0.09626115275133425,,
809,1,CP,2004,320.1041332605678,9.468803111638316,401.9464240300993,224.239584939475,47.00476724233624,271.2443521818112,112.1197924697375,23.50238362116812,135.6221760909056,7.165290329493274,0.2078282274670928,8.712441078102122,4.900167526846096,1.02903518063768,5.929202707483777,2.450083763423048,0.51451759031884,2.9646013537418887,12.250824027569003,,,5.557172607649131,,2.7785863038245653,,43.03235622498636,4.820289013691692,84.22206216358191,0.6607101595421456,0.0674538762679866,1.8296126264014454,,
810,1,CP,2004,262.4445702049657,8.052567469219841,325.714366439647,183.2374828881324,38.479871406507804,221.7173542946402,91.6187414440662,19.239935703253902,110.8586771473201,2.6355989185740825,0.08408871844019458,3.2037851752388016,1.3514367504436473,0.28380171759316597,1.6352384680368133,0.6757183752218237,0.14190085879658298,0.8176192340184066,0.6656606372922507,,,0.22876942832905792,,0.11438471416452896,,40.925726188982786,4.761184299952467,68.40001695232586,0.12521297176509638,0.0817940119197197,0.5045961651001112,,
811,1,CP,2004,315.6810538557926,10.206635510526661,401.37729753844707,215.26370923936724,45.20537894026712,260.46908817963435,107.63185461968362,22.60268947013356,130.23454408981718,0,0,0,0,0,0,0,0,0,0.14377978963888202,,,0.049413197113108265,,0.024706598556554132,,43.885248886466805,6.3039228002778325,84.28923248307389,0,0,0,,
812,1,CP,2004,422.40485399222536,11.682920896112854,516.820357721889,278.92836203720015,57.993317964124216,336.9216800013244,139.46418101860007,28.996658982062108,168.4608400006622,1.1212020879490463,0.08068602988426075,2.0823692453390095,0.9167234159795477,0.192511917355705,1.1092353333352527,0.4583617079897738,0.0962559586778525,0.5546176666676264,4.145956794406264,,,1.594710253597524,,0.797355126798762,,66.37886044846258,7.934811925119288,107.26296140589677,3.0337540585378844,0.2859419150744467,0.32797315614089395,,
813,1,CP,2004,223.9096646011153,6.781341888106463,311.93797715993094,181.0762049703826,38.02600304378035,219.10220801416295,90.5381024851913,19.013001521890175,109.55110400708148,8.096810964424092,0.2659416044124767,10.53597820821395,4.605708304388237,0.9671987439215297,5.572907048309767,2.3028541521941186,0.48359937196076486,2.7864535241548833,7.077944523810292,,,3.231667535508087,,1.6158337677540435,,36.58455107504579,3.9269498164351524,65.5069752035855,4.83924897289734,0.7295455586823807,1.7358820013085596,,
814,1,CP,2004,251.04151857640127,7.519829648457539,314.8591829303679,168.36464853738258,35.35657619285034,203.7212247302329,84.18232426869129,17.67828809642517,101.86061236511645,2.431596111963806,0.06937528075481486,2.8921986007259286,1.2207247341930612,0.25635219418054284,1.477076928373604,0.6103623670965306,0.12817609709027142,0.738538464186802,2.304416210282597,,,1.1567369492127737,,0.5783684746063869,,32.592646151061324,4.191808908658435,66.12042841537726,0.13173835663893618,0.09204656409263054,0.4555212796143337,,
815,1,CP,2004,405.1611300056108,11.63298265806492,505.64071743355686,277.8957795442188,58.05809192874551,335.9538714729643,138.9478897721094,29.029045964372756,167.97693573648215,0,0,0,0,0,0,0,0,0,5.191378809798343,,,2.1721918649885983,,1.0860959324942991,,50.14009409565876,7.974709171553415,105.52981057700303,0,0,0,,
816,1,CP,2004,480.992350597579,13.320081702422533,586.435010959918,313.64268540349184,65.37812536633703,379.02081076982887,156.82134270174592,32.689062683168515,189.51040538491443,0,0,0,0,0,0,0,0,0,4.649701838050519,,,1.838794558216997,,0.9193972791084986,,66.29802231309259,4.28582295801201,122.08892033439169,0,0,0,,
817,1,CP,2004,304.7052334852155,9.14645435126725,386.57445527382714,218.48475033187813,45.881797569694406,264.3665479015726,109.24237516593907,22.940898784847203,132.1832739507863,0.03929751681281367,0.030720332873364755,0.3933579440645281,0.2032087189305492,0.04267383097541533,0.24588254990596453,0.1016043594652746,0.021336915487707664,0.12294127495298227,0.1989142057272596,,,0.06836139405186901,,0.03418069702593451,,53.651841483767754,5.696207051084209,81.1806356075037,0,0.12796398013548843,0.0826051682535509,,
818,1,CP,2004,286.21243254722765,7.41830359418913,346.6644060236423,184.90224605072007,38.48540275224113,223.38764880296122,92.45112302536003,19.242701376120564,111.69382440148061,0,0,0,0,0,0,0,0,0,3.813873128579583,,,1.4709172990387804,,0.7354586495193902,,35.01328052907334,2.1414878014039007,72.048660724713,0,0,0,,
819,1,CP,2004,374.59271344682753,11.21496918898851,498.0940841618466,276.6902345305719,57.51085497350056,334.20108950407246,138.34511726528595,28.75542748675028,167.10054475203623,0.9764730415681493,0.037004147198079054,1.2181940845821755,0.5138647459265734,0.10791159664458042,0.6217763425711538,0.2569323729632867,0.05395579832229021,0.3108881712855769,23.522108326682613,,,10.68931000280384,,5.34465500140192,,59.4432523260895,5.792103783181218,103.30326065554843,0.10956115016413619,0.09003267109885506,0.19186556832169263,,
820,1,CP,2004,294.00685321634705,8.626138036978476,376.04035873552624,205.92874678828042,43.12825542844582,249.05700221672623,102.96437339414021,21.56412771422291,124.52850110836312,0,0,0,0,0,0,0,0,0,5.636727743458757,,,2.377712801604326,,1.188856400802163,,39.15087088875396,7.135323735072368,78.71362229384454,0,0,0,,
821,1,CP,2004,260.1613892113137,7.458411910345488,322.9487597775822,179.92785570404328,37.78484969784909,217.71270540189238,89.96392785202164,18.892424848924545,108.85635270094619,0,0,0,0,0,0,0,0,0,0.6743650372662888,,,0.255287743084774,,0.127643871542387,,34.68332099310166,2.084753077883152,67.81923955329226,0,0,0,,
822,1,CP,2004,372.0522891662176,10.20487014549169,461.2465164503064,248.12379679066865,51.744497727058565,299.8682945177272,124.06189839533432,25.872248863529283,149.9341472588636,4.37926937033259,0.18113275649827273,6.302958283144733,2.5038826150202924,0.5203745998508058,3.0242572148710978,1.2519413075101462,0.2601872999254029,1.5121286074355489,4.5874938689358356,,,1.894049884783813,,0.9470249423919065,,54.543020462198086,7.9730790508312275,96.07286479117901,4.517187798760946,1.1431098805932103,1.038692279899675,,
823,1,CP,2004,528.7499656950502,14.589592359841488,644.1404477293438,377.24298213146744,90.53831571155217,467.7812978430196,188.62149106573372,45.269157855776086,233.8906489215098,0.9386966072509721,0.03876947762722778,1.263318660303129,0.5549000615569155,0.1331760147736597,0.6880760763305751,0.27745003077845776,0.06658800738682985,0.34403803816528755,2.8703495742831295,,,1.2779246620403784,,0.6389623310201892,,72.44026474733889,5.615867757979595,154.5937074550425,0.5776839061828407,0.22586961825084098,0.22739735885456316,,
824,1,CP,2004,260.8755999873869,7.966947020434469,332.8045032342448,182.42361943140523,38.192178683502036,220.61579811490728,91.21180971570261,19.096089341751018,110.30789905745364,4.679063996192853,0.19032142495622495,5.932257974016839,3.0103586400103026,0.6321753144021636,3.642533954412466,1.5051793200051513,0.3160876572010818,1.821266977206233,7.344401336559576,,,2.6850691153886164,,1.3425345576943082,,29.91451514523962,7.056092350402658,69.63409263857544,0.22885485283809695,0.31988915780906707,1.1288097689328465,,
825,1,CP,2004,266.6379385898233,7.270275756322694,338.66752149056185,196.2777774750462,42.63075084836906,238.90852832341525,98.1388887375231,21.31537542418453,119.45426416170763,0.3808897850442032,0.029884448136788446,0.6111819222306937,0.21830653956814072,0.04584437330930956,0.2641509128774503,0.10915326978407036,0.02292218665465478,0.13207545643872515,3.833688901432444,,,1.5454130368582062,,0.7727065184291031,,37.96187930569586,4.193902258099926,73.48420984741998,0.23752113765893035,0.0692613036105151,0.09626115275133425,,
826,1,CP,2004,416.7177195933713,11.466018036726307,507.26689394120257,297.0825329809956,71.29980791543895,368.3823408964345,148.5412664904978,35.649903957719474,184.19117044821726,0.38631188343851613,0.017345419045667106,0.5374616312578548,0.23607463551429125,0.056657912523429894,0.29273254803772114,0.11803731775714563,0.028328956261714947,0.14636627401886057,0,,,0,,0,,57.5246459411205,3.2338298228799935,121.7440545458886,0.30723347991918015,0.11199264142494957,0.09674309362641387,,
827,1,CP,2004,331.85435108729826,9.219315011844754,416.56262044016387,231.4147937622125,51.085337127904594,282.5001308901171,115.70739688110625,25.542668563952297,141.25006544505854,5.0636151189483245,0.1378525398270392,6.332283035113264,2.5646695612899943,0.5385806078708988,3.1032501691608934,1.2823347806449972,0.2692903039354494,1.5516250845804467,1.7304268553354372,,,0.7008488185554044,,0.3504244092777022,,42.02285246990466,9.284911901653508,91.72679094103755,0.3179923711184695,0.07677375881721889,0.9973345780303389,,
828,1,CP,2004,360.40547989204003,9.970524760818446,438.60491256912303,256.87041665890087,61.64889999813621,318.5193166570371,128.43520832945043,30.824449999068104,159.25965832851855,17.682335135204834,0.6702725661541222,19.77529796337762,8.792376600019727,2.3606482268592277,11.153024826878955,4.396188300009864,1.1803241134296139,5.5765124134394775,0.4530119494389128,,,0.19898095906329297,,0.09949047953164648,,49.259673179814385,4.080626361922735,105.26517901658953,2.396106709517293,1.022929100887343,4.0307946808952595,,
829,1,CP,2004,316.52465903993203,8.771195508685915,394.4483121483609,208.5105628713218,43.496654294363594,252.00721716568543,104.2552814356609,21.748327147181797,126.00360858284272,3.126951413146975,0.10616446303114982,3.749048828354769,1.5695286170619283,0.3397048256351126,1.9092334426970408,0.7847643085309641,0.1698524128175563,0.9546167213485204,17.244781937278972,,,7.514120488816171,,3.7570602444080854,,27.567851399253787,6.7873399950844835,82.2000454509102,0.13673832123897237,0.08099183701361642,0.6101453032389568,,
830,1,CP,2004,425.32199741625715,11.745736489067665,516.7301853903521,302.62474089487654,72.62993781477037,375.2546787096469,151.31237044743827,36.314968907385186,187.62733935482345,3.1083534783145255,0.1235162218964555,4.126850754163243,2.0619398374866726,0.49486556099680135,2.5568053984834735,1.0309699187433363,0.24743278049840067,1.2784026992417368,2.2312049364603252,,,1.1563990897794925,,0.5781995448897462,,54.61392284782986,5.032333848947493,124.0152444936845,1.6843108809869733,0.678696825373511,0.84498039493078,,
831,1,CP,2004,372.67638399228343,10.347652856602474,455.36529088487805,266.68618761347335,64.00468502723359,330.6908726407069,133.34309380673668,32.002342513616796,165.34543632035346,1.8289024950842996,0.06074444843165486,2.290257323712205,1.1447146805393809,0.2747315233294514,1.4194462038688322,0.5723573402696904,0.1373657616647257,0.7097231019344161,0,,,0,,0,,56.834636080944414,4.1875834205030795,109.28766981237072,0.4337310254519847,0.22877279700052844,0.4691026601553207,,
832,1,CP,2004,454.136076763184,12.314320720191878,549.6864148605954,319.5227688611556,76.33981874354704,395.86258760470264,159.7613844305778,38.16990937177352,197.93129380235132,1.2999857936120502,0.07891865171035653,2.0677368324940475,1.0535938195885697,0.25286251670125676,1.3064563362898265,0.5267969097942848,0.12643125835062838,0.6532281681449132,0,,,0,,0,,56.618881845142596,4.766865355493548,131.1704338209399,2.1776430712494776,0.635515656740846,0.4317614440476288,,
833,1,CP,2004,372.4368186142534,11.690557210923915,470.4691337360504,257.4222994607371,54.05868288675479,311.4809823474919,128.71114973036856,27.029341443377394,155.74049117374594,18.808430176297794,0.5748639778786959,22.6014243055752,9.53384629375093,2.0327666702402145,11.566612963991142,4.766923146875465,1.0163833351201073,5.783306481995571,25.868376392370855,,,10.83711145612323,,5.418555728061615,,35.31361322630664,8.061015427090991,98.79851808457059,1.2889791827223935,0.4882806324396025,3.6142355833692617,,
841,1,CP,2004,156.76345486298,5.1257339072001225,218.8606640794222,107.87864306749397,22.65451504417373,130.5331581116677,53.939321533746984,11.327257522086866,65.26657905583384,0.03929751681281367,0.025168504229946577,1.3592203468990003,0.5308712982544173,0.11148297263342764,0.6423542708878449,0.26543564912720863,0.05574148631671382,0.32117713544392246,0,,,0,,0,,17.171054056558095,16.134496036171974,45.96073945667867,0,0,0.21407720463659255,,
842,1,CP,2004,353.78454223790203,8.724266264990028,455.4653251611141,240.1174003885335,50.42465408159203,290.5420544701255,120.05870019426675,25.212327040796016,145.27102723506275,0.5205268204666673,0.016640830831710914,1.474505637993241,0.7573995078700367,0.1590538966527077,0.9164534045227445,0.37869975393501837,0.07952694832635385,0.45822670226137224,16.905860503526863,,,6.663826805126716,,3.331913402563358,,107.15938470972237,9.92745144499486,95.64771828383395,0,0.43455081748952457,0.3096461839785806,,
843,1,CP,2004,247.42472513478828,7.833781690447543,313.59765757579964,171.9458602287547,38.78067868528803,210.72653891404275,85.97293011437735,19.390339342644015,105.36326945702137,12.095038300672375,0.5958578159729826,15.697499633113113,6.223354305063561,1.4886520827309697,7.71200638779453,3.1116771525317803,0.7443260413654849,3.856003193897265,21.86739796186626,,,7.091664635621966,,3.545832317810983,,64.53519493912276,17.946404590104,70.41801634314145,12.274741769181002,3.060880812530882,2.8057343910564985,,
844,1,CP,2004,313.95795219511564,10.046487364039987,398.5185480047943,206.21342054147664,43.30481831371009,249.51823885518672,103.10671027073832,21.652409156855047,124.75911942759336,15.542195349347477,0.5825370537005989,19.872024545426623,7.09803866071773,1.4905881187507235,8.588626779468454,3.549019330358865,0.7452940593753618,4.294313389734227,2.3634116073978335,,,0.9230736345434677,,0.46153681727173385,,52.94491008468831,2.635901221542681,83.68889508100679,3.276939615634567,0.7483129009585953,3.129843865904693,,
845,1,CP,2004,170.66077485102048,5.503173007372737,214.26755716969234,117.86300132649772,24.751230278564524,142.61423160506226,58.93150066324886,12.375615139282262,71.30711580253113,16.456759971152817,0.6137956307311871,20.87612571082485,9.893930485076991,2.1334250022586176,12.02735548733561,4.946965242538496,1.0667125011293088,6.013677743667805,15.868543600977427,,,4.937174395860001,,2.4685871979300007,,19.222593758591557,8.411214660541365,44.99618700563539,5.668740737018908,2.4556004592934566,3.833818094770572,,
846,1,CP,2004,309.75475261471416,9.417603602072266,391.74642067403124,211.1707283404461,48.82809160496467,259.9988199454108,105.58536417022304,24.414045802482335,129.9994099727054,2.1671460635342683,0.1654779804388203,3.810045144654072,2.1969303774441893,0.5272632905866054,2.7241936680307943,1.0984651887220946,0.2636316452933027,1.3620968340153972,24.848104787738976,,,6.281260164129727,,3.1406300820648636,,53.8856979722836,16.015645528605585,89.92014774148663,6.552450994243213,1.7074027712188693,0.9002993512317826,,
847,1,CP,2004,521.6834643857079,15.27449200496004,668.1105756547921,248.2634095543734,52.13531600641841,300.3987255607918,124.1317047771867,26.067658003209203,150.1993627803959,51.4959386559153,1.1064716950151674,53.20099573347932,14.077058688858484,3.645205771543616,17.722264460402098,7.038529344429242,1.822602885771808,8.861132230201049,14.43290706801331,,,5.03641731218453,,2.518208656092265,,84.85303292966006,9.433595091935466,140.30322088750634,1.0139183169116737,0.4113958182169934,10.352722767090244,,
848,1,CP,2004,231.64649434231353,7.582838273673574,291.0705084274558,169.0454760792802,40.179465883064715,209.22494196234493,84.5227380396401,20.089732941532358,104.61247098117246,9.118520180031965,0.4997918626951072,12.790169889181751,5.609299240578929,1.362314313887121,6.9716135544660505,2.8046496202894646,0.6811571569435605,3.4858067772330252,23.27977036487719,,,7.210730948673019,,3.6053654743365096,,43.01479232963557,17.81535353944972,69.11573906030692,12.583688332831175,3.2666934533759973,2.444121501049115,,
849,1,CP,2004,321.44885368382853,9.525821882700825,412.1514706029605,159.39128784168574,33.472170446754,192.86345828843974,79.69564392084287,16.736085223377,96.43172914421987,25.901906176806364,1.012859072638774,33.1170259186125,11.927007141241905,2.536024782683536,14.46303192392544,5.9635035706209525,1.268012391341768,7.23151596196272,7.3039838405175965,,,2.4472591768575955,,1.2236295884287978,,57.44985856924833,5.787985688806938,86.55180882662171,3.146913569555536,1.2129060287855868,5.30676569114689,,
850,1,CP,2004,365.08605981057724,11.195596949658048,464.7648961513056,189.60017880833672,39.81603754975071,229.4162163580874,94.80008940416836,19.908018774875355,114.7081081790437,30.32953329433416,1.6169029167430287,36.01841933725694,15.543191531319355,3.536915766688441,19.080107298007796,7.7715957656596775,1.7684578833442206,9.540053649003898,37.265471691560684,,,13.963725698104751,,6.9818628490523755,,54.80984570424064,4.664727650852501,97.60062819177418,5.15514325819649,1.4638185238997485,7.226650513766987,,
851,1,CP,2004,373.46324241753626,10.454007076571639,486.69165450219015,269.7998213208777,59.48458333339511,329.2844046542728,134.89991066043885,29.742291666697554,164.6422023271364,0,0,0,0,0,0,0,0,0,1.1180929483581745,,,0.4927504913238581,,0.24637524566192906,,149.1919154443213,4.644727823132144,107.03168798907055,0,0,0,,
852,1,CP,2004,202.23096460795614,6.743181901112581,255.7552111598374,147.18164988392175,34.606712538667814,181.78836242258956,73.59082494196088,17.303356269333907,90.89418121129478,10.241610604333738,0.6094669823690446,13.839882971448628,6.262165393656999,1.5351511856839193,7.797316579340918,3.1310826968284995,0.7675755928419596,3.898658289670459,8.921636646979461,,,2.2644401684256503,,1.1322200842128252,,44.56826594482179,17.64543469326645,60.02387683429652,15.961278571867847,3.841876516443101,2.7506902210556423,,
853,1,CP,2004,236.76993352039105,7.545169593188823,300.24834912995726,160.29913807720493,37.804904895664684,198.1040429728696,80.14956903860246,18.902452447832342,99.0520214864348,4.041531316976831,0.32513142794246636,7.511212260261651,3.7520152195812013,0.9004836526994884,4.65249887228069,1.8760076097906007,0.4502418263497442,2.326249436140345,50.69199882713544,,,11.150389449932034,,5.575194724966017,,55.10794834429038,17.90678739835883,70.1247436428451,13.079878458298131,3.4462724355385133,1.537571196011442,,
854,1,CP,2004,483.68164467485707,14.121275648403754,636.049978198444,246.16763640245523,51.695203644515594,297.8628400469708,123.08381820122761,25.847601822257797,148.9314200234854,4.6393476857130675,0.24391895328311403,7.087204936355731,2.6072224886660473,0.5620709769121839,3.169293465578231,1.3036112443330237,0.28103548845609194,1.5846467327891156,6.500143309732289,,,2.2433177433505236,,1.1216588716752618,,80.64645158015068,20.925714242775673,133.57049542167326,4.024506002182895,1.65944369159275,1.143792345657693,,
855,1,CP,2004,375.8664717259996,11.689096798738888,482.7384473467368,267.81768662185067,58.06581453472731,325.88350115657795,133.90884331092533,29.032907267363655,162.94175057828897,1.480594704174641,0.12406368023418277,2.181819862810187,1.0254173811347655,0.31389937501381504,1.3393167561485806,0.5127086905673828,0.15694968750690752,0.6696583780742903,21.92653090029034,,,8.619544061148035,,4.309772030574018,,107.60231013324722,9.163629667352637,104.48971587926103,2.3807122506646476,0.8805585230911649,0.5687175802864686,,
856,1,CP,2004,273.6867472031976,8.887890344080624,350.63713763720375,184.24931921902822,41.643212119640985,225.89253133866922,92.12465960951411,20.821606059820493,112.94626566933461,1.383142565727334,0.1396597523656204,2.8653455202129883,1.4935069295043935,0.35844166308105446,1.851948592585448,0.7467534647521967,0.17922083154052723,0.925974296292724,38.99817780287126,,,12.130055672939536,,6.065027836469768,,63.28490352479614,20.057348220149755,78.67236875082223,7.218323996327594,1.5805497552905954,0.6120372923502605,,
857,1,CP,2004,402.4880143261284,12.203617306314376,521.4897187156201,279.75310158383667,58.7481513326057,338.5012529164424,139.87655079191833,29.37407566630285,169.2506264582212,0,0,0,0,0,0,0,0,0,2.297578442357167,,,0.9691760758575538,,0.4845880379287769,,124.38780973173736,2.1115433007135236,109.51284093028023,0,0,0,,
858,1,CP,2004,291.5766346552501,9.193960885206018,368.43551061998465,209.7981060133331,45.676105572391265,255.47421158572433,104.89905300666655,22.838052786195632,127.73710579286217,0.7258880704113241,0.1250717693823157,1.8133138313362678,0.8192177704745626,0.19379615534973238,1.013013925824295,0.4096088852372813,0.09689807767486619,0.5065069629121475,6.059942350774354,,,2.072822212695607,,1.0364111063478034,,77.34014340801616,16.79506857713554,80.13504328977324,5.443728690612004,1.67375658752634,0.33510028754643145,,
859,1,CP,2004,388.3960369840571,12.954997367722433,503.73508461731456,286.82987383727124,63.082771498905416,349.91264533617664,143.41493691863562,31.541385749452708,174.95632266808832,0,0,0,0,0,0,0,0,0,49.58801368731307,,,21.33696788900665,,10.668483944503325,,172.96379456488188,17.075199649924933,110.64816341203787,0,0,0,,
860,1,CP,2004,254.3224610040203,8.321060215405026,324.6142707321717,184.4510578781766,40.09821711751456,224.54927499569118,92.2255289390883,20.04910855875728,112.27463749784559,0.32214484045530867,0.08484575069426084,1.2607605416809449,0.6122220602959206,0.14693329447102096,0.7591553547669416,0.3061110301479603,0.07346664723551048,0.3795776773834708,0.3155295868692841,,,0.08873218317780786,,0.04436609158890393,,106.44633472920616,16.603247148398065,70.49715747597335,5.828409656355445,1.1252463396123193,0.2508878430346184,,
861,1,CP,2004,479.3113402873897,13.606451857806427,619.339105048946,227.97157033028034,47.87402976935888,275.8456000996392,113.98578516514017,23.93701488467944,137.9228000498196,0,0,0,0,0,0,0,0,0,6.3230785233529545,,,2.242092106920232,,1.121046053460116,,79.44026274378437,10.457919007753697,130.06121206027865,0,0,0,,
862,1,CP,2004,222.95348352524834,6.743578635111878,280.16072627623214,157.52984736079662,33.08126794576729,190.6111153065639,78.76492368039831,16.540633972883644,95.30555765328195,0.4139579392303232,0.02495519456663385,0.7298038846999473,0.3800531058123985,0.07981115222060368,0.4598642580330022,0.19002655290619924,0.03990557611030184,0.2299321290165011,0.08995201598453048,,,0.037944011077124674,,0.018972005538562337,,59.87536756579976,0.7170391568470813,58.83375251800875,0,0.06060646296160705,0.1532588157869889,,
863,1,CP,2004,421.0205319561668,12.973534071384028,540.1380348930824,304.89317394178124,66.733429722212,371.62660366399325,152.44658697089062,33.366714861106,185.81330183199663,0,0,0,0,0,0,0,0,0,9.453725024624958,,,3.7962706083802136,,1.8981353041901068,,139.28620367759294,6.337277926051792,118.04923478639117,0,0,0,,
864,1,CP,2004,453.030144017438,14.289074925243558,572.6125994469458,315.13744040988115,66.17886248607503,381.3163028959562,157.56872020494058,33.08943124303752,190.6581514479781,16.301536917852573,0.4754625010526374,20.03732722298933,8.452245986747325,1.774971657216938,10.227217643964263,4.226122993373663,0.887485828608469,5.113608821982131,10.925760882536942,,,4.60894461079219,,2.304472305396095,,109.27293315119313,7.883526239995429,120.2486458838586,1.9840649726959199,0.13419620390661136,3.155879037620819,,
865,1,CP,2004,329.0227304371243,9.978682771746456,418.6622690210835,234.12692634254554,49.16665453193456,283.2935808744801,117.06346317127277,24.58332726596728,141.64679043724004,48.29991000664745,1.4274813269687057,60.25265703975464,27.969119469636187,5.873515088623599,33.84263455825979,13.984559734818093,2.9367575443117997,16.921317279129894,14.29041427205005,,,6.73255448106323,,3.366277240531615,,80.6563969898648,6.169753897375138,87.91907649442753,6.165492608640603,1.243068061411826,10.592132777809582,,
866,1,CP,2004,482.55975685990927,13.50599729742301,619.0731235289721,321.7141954641869,67.55998104747924,389.27417651166616,160.85709773209345,33.77999052373962,194.63708825583308,40.362936126250595,1.1313157224120143,50.48399580766993,21.248936007516708,4.462276561578509,25.71121256909522,10.624468003758354,2.2311382807892546,12.85560628454761,7.844992754479602,,,2.9371896151096433,,1.4685948075548216,,124.38427286164624,8.689768098283853,130.00535594108413,7.270979142359225,0.5408141946502831,7.951229339708013,,
867,1,CP,2004,565.3447932718184,17.198666351413742,727.7693049897573,410.403654687222,88.98706160608299,499.390716293305,205.201827343611,44.493530803041494,249.6953581466525,24.858402383674772,0.6626882088198985,25.811981343397658,8.936027197425727,2.4049153935225527,11.34094259094828,4.468013598712863,1.2024576967612763,5.67047129547414,11.374361685713616,,,4.4546496428726,,2.2273248214363,,196.91224879831222,4.358765318724653,157.61645681811407,0,0.06060646296160705,6.809086272936784,,
868,1,CP,2004,499.9653996986264,14.968763533146495,642.0055408480024,346.4445977236947,75.48320456700218,421.9278022906969,173.22229886184735,37.74160228350109,210.96390114534844,80.12721396722863,3.993531613297236,94.00115153866523,40.29830029463128,10.210220983474002,50.508521278105285,20.14915014731564,5.105110491737001,25.254260639052642,8.817675066251164,,,3.91517912148431,,1.957589560742155,,142.68280720519928,4.944326823686383,139.48234967823564,8.5930557450672609,0.09944320737564333,17.78916166169013,,
869,1,CP,2004,485.2543356063392,15.574703571423477,613.889315297908,342.3841057772565,71.90066221322387,414.28476799048036,171.19205288862824,35.950331106611934,207.14238399524018,72.17392192202948,1.6610913215456549,79.90482006838792,33.70585244372931,7.969851610175644,41.67570405390495,16.852926221864656,3.984925805087822,20.837852026952476,33.80664180300567,,,13.909394273795376,,6.954697136897688,,123.60722760965069,6.999414865720174,128.91675621256067,5.583956719018397,0.04701248811726714,14.170303805830166,,
870,1,CP,2004,531.0882899808391,17.221472717571242,693.09792948429,372.48228534770834,81.47458966084076,453.9568750085491,186.24114267385417,40.73729483042038,226.97843750427455,6.163549854870536,0.1850885278321706,7.535716641866165,3.1787538345134623,0.6675383052478271,3.8462921397612893,1.5893769172567311,0.33376915262391355,1.9231460698806446,21.52422257191916,,,8.437335870439812,,4.218667935219906,,194.57958379410255,7.699744518527765,151.10557480190647,0.5285005226920845,0.06807994528959725,1.1868753710939208,,
871,1,CP,2004,395.9711193237939,13.48749729795707,508.85698999162196,246.8367752405852,51.835722800522895,298.6724980411081,123.4183876202926,25.917861400261447,149.33624902055405,23.602846148036484,1.0230096187511875,31.368130326128647,12.533532108538836,2.6358251161525508,15.169357224691387,6.266766054269418,1.3179125580762754,7.5846786123456935,5.70282616673791,,,1.9080709279305808,,0.9540354639652904,,54.879268722170735,11.709737210374222,106.85996789824061,8.656112089482292,3.69888848083375,5.484182445891185,,
872,1,CP,2004,568.4934960684745,18.06165595032591,727.6892091766259,311.11393567496816,65.37548895343507,376.48942462840324,155.55696783748408,32.68774447671753,188.24471231420162,11.178151869393552,0.7295673645693903,13.755771462521649,4.205663807239466,0.96397078175204165,5.169634588991507,2.102831903619733,0.4819853908760208,2.5848172944957537,16.782790505248332,,,5.565579168745675,,2.7827895843728374,,85.49681472000542,7.2617665655940895,152.88570161622275,0.9839706943003304,0.942648950423679,2.363091302958972,,
873,1,CP,2004,649.0461429678586,21.18920416675663,838.3396457028181,416.8793899973807,87.54467189944995,504.42406189683066,208.43969499869036,43.772335949724976,252.21203094841533,83.79567113275212,2.1638499373307787,92.43099684209433,27.26667376351142,6.62622616945117,33.89289993296259,13.63333688175571,3.313113084725585,16.946449966481296,24.40434740350948,,,8.876692735816677,,4.438346367908339,,164.62251474290065,5.898208918266133,176.05132559759178,6.5911817320004715,2.872265406336745,17.169727202797052,,
874,1,CP,2004,374.75491424347524,11.555800530049684,474.42250400884643,211.75820832165974,44.46922374754855,256.2274320692083,105.87910416082987,22.234611873774274,128.11371603460415,30.76222015238602,1.3416625426585298,38.61474989829351,15.226471283248431,3.268073404556691,18.49454468780512,7.6132356416242155,1.6340367022783455,9.24727234390256,6.489503507055221,,,2.6763338451370786,,1.3381669225685393,,44.78561582739397,8.812488087121622,99.62872584185774,9.153404708226544,3.3891843660864707,6.627589175157868,,
875,1,CP,2004,360.81092769102776,11.858473191599648,468.3702708214516,186.09941285324967,39.080876699182426,225.1802895524321,93.04970642662484,19.540438349591213,112.59014477621605,51.641034635401184,1.7430545787110538,64.35308838398544,17.430582523272314,3.660422329887186,21.0910048531595,8.715291261636157,1.830211164943593,10.54550242657975,17.469868289203568,,,5.416948331206196,,2.708474165603098,,59.56546982230431,6.416383808816461,98.35775687250482,2.4178627648532,1.2135142716170393,10.177745679745524,,
876,1,CP,2004,547.8920183617342,15.42870123604626,708.8507071684265,291.58656497168124,61.23317864405306,352.81974361573435,145.79328248584062,30.61658932202653,176.40987180786718,31.986615601861025,1.2222944351480907,44.27622715051299,18.829520476736715,3.9716583426033067,22.80117881934002,9.414760238368357,1.9858291713016534,11.40058940967001,2.5430405567492045,,,0.9249704790878546,,0.4624852395439273,,92.18295186680244,14.540748249425755,148.85864850536956,4.461186807119971,4.852315778500681,7.843445405392373,,
877,1,CP,2004,447.287944547395,15.459072194273212,568.7282407520048,273.3423365654883,57.40189067875255,330.7442272442409,136.67116828274416,28.700945339376275,165.37211362212045,9.497506442078175,0.5438359991418926,13.017431452362219,4.3751789707608,0.9725852525255644,5.347764223286364,2.1875894853804,0.4862926262627822,2.673882111643182,12.001795663526202,,,4.66950544492625,,2.334752722463125,,46.08655185153494,9.973856566146202,119.432930557921,12.786003871186683,3.036239254159019,2.1890955289707508,,
878,1,CP,2004,334.8675228839582,10.750886026355214,434.2987674474236,219.16984092017879,46.025666593237545,265.1955075134163,109.58492046008939,23.012833296618773,132.59775375670816,29.27630058994768,1.101044157820832,36.39079222485538,13.11052219972411,2.7949847371209557,15.905506936845065,6.555261099862055,1.3974923685604779,7.952753468422532,4.230878728238754,,,1.3772825578605248,,0.6886412789302624,,51.157926317645426,6.060668435905371,91.20274116395895,3.076445401516593,2.4226510371285497,5.982331186653464,,
879,1,CP,2004,349.03074908477083,9.796729969043845,453.7206995237969,170.99172511190903,35.908262273500895,206.8999873854099,85.49586255595452,17.954131136750448,103.44999369270495,76.00569058641976,1.8882436477900266,77.89393423420978,22.73044873507045,5.928546078154929,28.65899481322538,11.365224367535225,2.9642730390774643,14.32949740661269,22.802452901289552,,,6.067285561103905,,3.0336427805519524,,59.17044307792823,8.05377051257003,95.28134689999735,0,0,15.288968153263275,,
880,1,CP,2004,280.71296578286785,8.767451240417198,364.53208066513946,168.97296276945423,35.48432218158539,204.4572849510396,84.48648138472711,17.742161090792695,102.2286424755198,76.62613467957217,2.382490878649289,91.32982340199496,29.577714288942555,6.842025663709625,36.41973995265218,14.788857144471278,3.4210128318548123,18.20986997632609,11.307339770789362,,,3.188420718000853,,1.5942103590004264,,22.765830566171157,13.222565707875265,76.55173693967929,5.448427600970963,6.278024400971771,16.441074634113335,,
881,1,CP,2004,211.7204676642794,6.210445378856206,267.90175111739023,148.2841836444302,31.13967856533034,179.42386220976053,74.1420918222151,15.56983928266517,89.71193110488026,0.2243051712645371,0.007716049382716051,1.8451167958023182,0.7108266579801071,0.1492735981758225,0.8601002561559296,0.35541332899005357,0.07463679908791125,0.4300501280779648,46.88144633872655,,,17.898109193539376,,8.949054596769688,,35.47407914338162,2.4985202250024514,56.25936773465195,0,0.36787500537144147,0.29060589533886516,,
882,1,CP,2004,504.7485210276166,13.726593800915138,648.6305026182102,249.1467994808102,52.32082789097014,301.46762737178034,124.5733997404051,26.16041394548507,150.73381368589017,5.819999505664017,0.1949278712735274,7.633429112697763,3.0585673645759477,0.642299146560949,3.700866511136897,1.5292836822879738,0.3211495732804745,1.8504332555684484,3.756479105274468,,,1.1020210748011374,,0.5510105374005687,,97.63358764760122,20.950035036245982,136.21240554982413,0.19084586340185838,1.3540960405327038,1.6030201136665303,,
883,1,CP,2004,383.26587503562615,10.828268721455498,477.236863525564,257.57083627397856,54.12025303617023,311.69108931014875,128.78541813698928,27.060126518085116,155.84554465507438,1.943420618091572,0.06596335008389374,2.3825082743447172,1.0050016040621483,0.21105033685305113,1.2160519409151995,0.5025008020310742,0.10552516842652557,0.6080259704575998,36.353916667191456,,,14.073636163435511,,7.0368180817177555,,57.98630232228855,5.472281551242399,100.27161062612608,0.09555495129772854,0.08396008030718571,0.37524505320929297,,
884,1,CP,2004,644.999264898183,17.70124191033868,839.1352317198531,308.99631107795545,64.88922532637064,373.8855364043261,154.49815553897773,32.44461266318532,186.94276820216305,0,0,0,0,0,0,0,0,0,14.526602172474263,,,4.3614572121029385,,2.1807286060514692,,126.34390164324819,9.350423985487554,176.21839866116915,0,0,0,,
885,1,CP,2004,600.1733888954864,18.166484156526806,762.083435569126,397.95863063668224,83.57131243370327,481.5299430703855,198.97931531834112,41.785656216851635,240.76497153519276,30.60381043094771,0.8435141173275572,38.25874565767242,16.036308929501704,3.3676248751953577,19.40393380469706,8.018154464750852,1.6838124375976788,9.70196690234853,19.553589645065404,,,7.377964658150076,,3.688982329075038,,107.97053450712255,7.699900255370468,160.03752146951643,6.294019252961822,0.14342073089750074,6.025752441083406,,
886,1,CP,2004,438.6048847974497,13.92981476442564,557.8135054398201,275.46834038002515,58.36811082167331,333.8364512016984,137.73417019001258,29.184055410836656,166.9182256008492,7.445240600195268,0.4435817587609254,11.427616520524316,4.365907759191444,0.9168406294302034,5.2827483886216475,2.182953879595722,0.4584203147151017,2.6413741943108238,2.850376611363017,,,0.9540404517410154,,0.4770202258705077,,63.33117402212635,19.67278646727751,118.02832253983138,7.79454334411261,4.015833875283003,2.011844366677043,,
887,1,CP,2004,518.5311552549848,16.607930692410058,660.9235465680867,347.67605944893097,73.01197248427549,420.68803193320645,173.83802972446549,36.505986242137745,210.34401596660322,11.257495649440322,0.352172504768119,13.734158786415454,5.752227377868937,1.2390482351600145,6.991275613028951,2.8761136889344683,0.6195241175800072,3.4956378065144755,6.735348772236182,,,2.252542423852781,,1.1262712119263905,,127.81172067883773,8.297247063159082,138.79394477929822,1.319132687758035,0.06016308185785006,2.2283908724285606,,
888,1,CP,2004,606.3478960965497,17.446021681870526,781.3117978983128,290.6609923554821,61.03880839465124,351.69980075013336,145.33049617774105,30.51940419732562,175.84990037506668,0.21068122452257187,0.06025517390602055,1.8252591557913918,0.8742916322237807,0.18360124276699394,1.0578928749907746,0.43714581611189035,0.09180062138349697,0.5289464374953873,4.198988793345157,,,1.5502031172683097,,0.7751015586341549,,105.66716663977249,6.724527550361974,164.07547755864567,1.7471523794638184,0.37926542933216456,0.3588373852493417,,
889,1,CP,2004,516.4744279723028,15.625031019453127,662.957066968193,361.00206845645397,77.75524725301229,438.75731570946624,180.50103422822698,38.87762362650614,219.37865785473312,9.327586267437827,0.33153805359290067,12.238684105975102,5.134536272946052,1.078252617318671,6.212788890264723,2.567268136473026,0.5391263086593355,3.1063944451323615,8.120409401062206,,,3.3972076299633356,,1.6986038149816678,,135.6481918607642,5.543058262324496,142.54174202775923,1.0468751347176166,0.2638899660927408,1.9275927466910785,,
890,1,CP,2004,453.2299521991183,12.881507801087297,577.2422377652857,307.77941440874577,64.6336770258366,372.4130914345824,153.88970720437288,32.3168385129183,186.2065457172912,11.795159161781855,0.33798263876986595,14.502307060886496,6.1174359878357185,1.2846615574455011,7.40209754528122,3.0587179939178593,0.6423307787227506,3.70104877264061,5.207608684242035,,,1.9961597696525517,,0.9980798848262759,,87.49178772682987,4.82424525954598,121.22086993070998,1.549269874496348,0.05871835401214697,2.2841133620896232,,
101000,1,CA,2004,376.24656462173675,10.79258627239654,467.33126965417887,266.48757725504447,61.22326501152193,327.7108422665664,133.24378862752224,30.611632505760966,163.8554211332832,1.3513195416156543,0.047424712807901594,1.7520905502072357,0.7378959133417191,0.154958141801761,0.8928540551434802,0.36894795667085956,0.0774790709008805,0.4464270275717401,2.5246357142857145,,,1.1105614325324644,,0.5552807162662322,,57.144200509020315,4.291719317828087,107.08309920921484,0.11475795460654513,0.06321582249604159,0.2785649822692791,,
171100,1,CA,2004,247.90908356363528,12.12924022565087,382.0188705180691,161.33674097516734,33.88071560478514,195.21745657995248,80.66837048758367,16.94035780239257,97.60872828997624,30.640515823726613,1.70627313767941,37.26743334489753,9.79647587727311,2.8587328783979906,12.6552087556711,4.898237938636555,1.4293664391989953,6.32760437783555,40.72453,,,11.396686282313224,,5.698343141156612,,48.52104147784784,5.3255761329095055,80.22396280879451,6.059261224328571,0.059402127705518906,8.0706371444306,,
171200,1,CA,2004,168.13827100800768,7.68537930756586,247.01627949865411,124.02716725331386,26.05087479232451,150.07804204563837,62.01358362665693,13.025437396162255,75.03902102281918,33.497306809814816,1.4458209321295108,45.06170454339773,12.854111336160882,2.8803234063784386,15.734434742539321,6.427055668080441,1.4401617031892193,7.8672173712696605,28.960548,,,7.191645986411478,,3.595822993205739,,51.93913766267852,13.773452272839735,51.88224587811066,4.12517348420445,0.4976679787550909,8.261432970027915,,
901,1,CP,2005,345.63012224466553,9.799042760742768,426.72824318322273,236.4078375673757,49.23231483435888,285.6401524017346,118.20391878368785,24.61615741717944,142.8200762008673,0,0,0,0,0,0,0,0,0,16.442306995202916,,,4.601641694100895,,2.3008208470504474,,49.19421898094867,6.320894673862677,88.64399713340268,0,0,0,,
902,1,CP,2005,191.356963150333,6.584560613694423,269.2432903975122,156.1744429643295,32.79663302250919,188.97107598683868,78.08722148216475,16.398316511254595,94.48553799341934,2.8680541008033806,0.1709838281075692,3.69984749082244,1.4562447364193434,0.4884585127571131,1.9447032491764564,0.7281223682096717,0.24422925637855655,0.9723516245882282,78.39876217790575,,,34.45152493132407,,17.225762465662037,,56.01017431870815,11.285214002792118,56.541090983477574,0,0.43657883071893056,0.9353018871418631,,
903,1,CP,2005,477.80388449814546,13.57317990214043,615.7106495554807,339.27870058807304,72.13908212797737,411.4177827160504,169.63935029403652,36.06954106398869,205.7088913580252,0.34176665261528283,0.060470039641767594,0.6865031969012849,0.2659856702191426,0.09142113474197078,0.3574068049611134,0.1329928351095713,0.04571056737098539,0.1787034024805567,0,,,0,,0,,119.82602483701447,2.7561887539462635,130.81985448700203,0,0.3484113811209924,0.17696696182823893,,
904,1,CP,2005,227.99625390875005,7.844503015387605,309.29413281715216,179.47937093163787,41.99644392709129,221.47581485872917,89.73968546581894,20.998221963545646,110.73790742936458,0,0,0,0,0,0,0,0,0,1.868125354247536,,,0.7692685026366692,,0.3846342513183346,,97.32674680943674,2.962375110667973,72.30385827390151,0,0,0,,
905,1,CP,2005,395.30381266237526,13.378644084381792,529.2862909931929,307.8342326656231,72.30671490431868,380.14094756994183,153.91711633281156,36.15335745215934,190.07047378497091,10.69579475308642,0.5116908697889437,11.207485622875364,2.8915311383936944,0.7384556919654927,3.6299868303591873,1.4457655691968472,0.36922784598274633,1.8149934151795937,6.883569181274913,,,2.8772247534145374,,1.4386123767072687,,152.05996732201947,2.3537739077068816,124.23213734313302,0,0,1.4311157574860762,,
906,1,CP,2005,252.34290281925075,7.516263067018813,331.6578679702801,185.96367903274975,39.06519120693835,225.02887023968813,92.98183951637488,19.532595603469176,112.51443511984407,1.8966416810002678,0.04499045916082754,3.4894072673262926,1.4719192955808582,0.3091030520719802,1.7810223476528384,0.7359596477904291,0.1545515260359901,0.8905111738264192,1.6371738479386302,,,0.6906008936147187,,0.34530044680735933,,72.03146786806502,6.2527954118834215,69.67003998437241,1.2406947367219368,0.3279929129022498,0.549581644603891,,
907,1,CP,2005,460.1920053610789,13.25805358842861,598.8242922624764,336.525986158243,70.67045709323102,407.196443251474,168.2629930791215,35.33522854661551,203.598221625737,5.992310562831938,0.24026170143985076,8.122401245837116,2.7296338504208673,0.5732231085883821,3.3028569590092496,1.3648169252104336,0.28661155429419105,1.6514284795046248,3.96150407486612,,,1.8010772502778263,,0.9005386251389131,,166.49098321646994,4.67373027480103,125.75310137512005,0.992369417143637,0.688324252879112,1.2927999840295967,,
908,1,CP,2005,545.5945181304228,14.578212331328203,702.1020962205384,357.6845463740387,75.11375473854811,432.7983011125868,178.84227318701934,37.556877369274055,216.3991505562934,3.6748783073501006,0.1797336690563344,6.354069809742233,2.4957842786101536,0.5826713729926929,3.0784556516028463,1.2478921393050768,0.29133568649634645,1.5392278258014231,4.128616765112611,,,1.5879017011676955,,0.7939508505838477,,181.85035650580596,2.3805988756968297,147.44144020631308,0,0.7791248761906402,1.1740863489277775,,
909,1,CP,2005,493.5650913103891,6.03887553623659,533.8437851938415,222.05764098883026,35.576409985367974,257.63405097419826,111.02882049441513,17.788204992683987,128.81702548709913,0,0,0,0,0,0,0,0,0,0.2296939857708959,,,0.07159612908300522,,0.03579806454150261,,4.861151788702168,3.770898337579632,85.50561814573993,0,0,0,,
910,1,CP,2005,307.5613043931751,10.686830806429706,403.49782157338694,212.95399175154688,48.05880746236003,261.01279921390693,106.47699587577344,24.029403731180015,130.50639960695347,5.097215734130346,0.29172409871390026,8.090230336417836,3.785443814226124,0.8882471856659442,4.673690999892068,1.892721907113062,0.4441235928329721,2.336845499946034,0.9474041840817184,,,0.4400207031770167,,0.22001035158850835,,79.34897898019632,12.33230916246426,90.43496147405403,9.7769391120974,2.679896168238098,1.8191958031454807,,
911,1,CP,2005,310.4078617028328,10.045092893116886,406.88771776572605,235.26668763858504,53.769817326157764,289.0365049647428,117.63334381929252,26.884908663078882,144.5182524823714,1.0657793209876545,0.05031443153242182,1.1160937525200763,0.3846297064522082,0.11936774156411656,0.5039974480163247,0.1923148532261041,0.05968387078205828,0.25199872400816237,5.492348666688479,,,1.9270773237700383,,0.9635386618850191,,71.4139487155837,1.0675028740848715,92.89760880470004,0,0,0.21192119209195986,,
912,1,CP,2005,264.16598035628874,7.838743061250163,327.56680497551184,184.23449940431462,38.689244874906066,222.9237442792207,92.11724970215731,19.344622437453033,111.46187213961035,8.7598390645309,0.30298861646016123,10.91924080460907,4.702024463575859,1.1478846796040703,5.8499091431799295,2.3510122317879296,0.5739423398020351,2.9249545715899647,1.3976849561021405,,,0.5895784866654976,,0.2947892433327488,,46.53126294102118,5.809806365578017,68.78902904485749,1.762159177163667,0.8106738326038501,2.0409256582995803,,
913,1,CP,2005,508.43202715968005,14.171933510573453,658.4127909420014,339.3350191019111,71.26035401140133,410.5953731133124,169.66750955095554,35.630177005700666,205.2976865566562,0,0,0,0,0,0,0,0,0,4.3004942792726535,,,1.7504677694866602,,0.8752338847433301,,122.09329530697427,5.875385997412167,138.2666860978203,0,0,0,,
914,1,CP,2005,405.5909791571693,14.000411824209605,553.5171277102894,321.6489137787227,75.36439549510641,397.0133092738291,160.82445688936136,37.682197747553204,198.50665463691456,0,0,0,0,0,0,0,0,0,4.06562284566167,,,1.742427885652408,,0.871213942826204,,202.13160563434678,3.713925829402077,129.58800257528065,0,0,0,,
915,1,CP,2005,411.1836199104328,13.088869352321543,552.7499779402663,313.8283202561993,72.7450860270363,386.5734062832356,156.91416012809964,36.37254301351815,193.2867031416178,4.616420392008347,0.0980824340414517,4.89978047611674,1.5564951653850903,0.2619465556769013,1.8184417210619916,0.7782475826925451,0.13097327783845064,0.9092208605309958,3.0400166031224525,,,1.111342880190954,,0.555671440095477,,146.95231046535986,1.9226303971987555,127.01197545996597,0.30430196898873485,0.10554636471729349,0.6124128759183961,,
916,1,CP,2005,306.8246682454805,4.899822731258349,336.7726938762636,142.01890054250597,22.723024086800955,164.7419246293069,71.00945027125299,11.361512043400477,82.37096231465345,0,0,0,0,0,0,0,0,0,0.24915608097244188,,,0.052627370215779956,,0.026313685107889978,,5.095234427746953,2.840797978025462,53.88363102020218,0,0,0,,
917,1,CP,2005,68.17734741582193,1.6385973194805785,80.30473289988817,37.86165190519261,7.05924948438914,44.92090138958174,18.930825952596305,3.52962474219457,22.46045069479087,2.1521844519531097,0.043757483398939416,2.3513896808315624,0.744999608910054,0.11919993742560865,0.8641995463356626,0.372499804455027,0.059599968712804326,0.4320997731678313,9.349586605071003,,,2.8964061808859825,,1.4482030904429912,,4.958724526609724,1.0908622149756506,14.719468605266634,0.05131854695975263,0.08727504312476368,0.2821667616997875,,
918,1,CP,2005,370.8616820250552,11.302001379165617,492.00623094263193,259.20982494135836,56.02268000249997,315.2325049438583,129.60491247067918,28.011340001249984,157.61625247192916,56.21241695088592,1.7060184770813982,73.35910834810434,30.457427765589173,6.4147012510177595,36.872129016606934,15.228713882794587,3.2073506255088797,18.436064508303467,0.8011879484004418,,,0.264512345029682,,0.132256172514841,,112.46318090660999,5.347485272865912,106.0338634363544,16.62297738071851,0.38063525510596724,11.596407157068993,,
919,1,CP,2005,296.632061276869,8.61973447751873,373.5253794541893,210.08313496141275,44.11745834189668,254.20059330330943,105.04156748070638,22.05872917094834,127.10029665165472,11.48489307134467,0.3162056406434039,24.431968400074915,10.306015595779774,2.1793205234995296,12.485336119279303,5.153007797889887,1.0896602617497648,6.2426680596396515,6.071201089341225,,,2.560984530074702,,1.280492265037351,,60.330550290614994,4.545204172980064,78.44032968537975,5.885923880802026,1.756015567368155,3.874806636153741,,
920,1,CP,2005,237.98722801413263,7.357473597626546,354.8354251648825,198.68284552440798,41.723397560125676,240.40624308453366,99.34142276220399,20.861698780062838,120.20312154226683,11.655083952711516,0.20746866413816864,48.01135521479006,21.78584319481477,4.575027070911101,26.360870265725868,10.892921597407385,2.2875135354555507,13.180435132862934,0.3584915971248927,,,0.1512207256666972,,0.0756103628333486,,68.88938556473842,12.365985687662087,74.51543928462533,7.458119127696472,1.5363821612943878,8.1343451152761,,
921,1,CP,2005,272.2145498714584,8.489564516699161,352.437308576152,199.31205557099548,42.71783790495205,242.02989347594755,99.65602778549774,21.358918952476024,121.01494673797377,0.03929751681281367,0.02889490702092838,0.2664548201760757,0.11703760956270823,0.028089026295049974,0.1451266358577582,0.058518804781354114,0.014044513147524987,0.0725633179288791,0.29831727450527173,,,0.16778358764480716,,0.08389179382240358,,135.76431740766722,10.330506217668109,75.48421825311623,1.9402762896004433,0.268421020308391,0.047961867631693626,,
922,1,CP,2005,108.54366740912343,3.090434376478604,143.89294504525546,78.42861800610159,16.505305012032842,94.93392301813442,39.21430900305079,8.252652506016421,47.46696150906721,20.342311956906258,0.563378834382878,25.21456001970481,10.636132322560064,2.2335877877376134,12.869720110297678,5.318066161280032,1.1167938938688067,6.434860055148839,22.514136844813144,,,9.386804546120143,,4.693402273060071,,32.99531513832346,1.4469286134439288,30.277784884104925,3.572033641992652,0.05114106765193964,3.971293203103508,,
923,1,CP,2005,316.69882495182844,6.9227191651499655,375.62740352187126,184.8795780488655,37.46706647152151,222.34664452038703,92.43978902443276,18.733533235760756,111.17332226019352,0.625,0.07230666582973629,0.6973066658297363,0.27620666128743543,0.0796503575568741,0.35585701884430954,0.13810333064371771,0.03982517877843705,0.17792850942215477,24.141555084202988,,,7.125337316477281,,3.5626686582386404,,28.04269899482341,3.5215181623758647,73.58403301252542,0,0,0.15081295922022925,,
924,1,CP,2005,14.898854980307995,0.541625835073064,19.795564377437557,10.647493643833311,2.2359736652049955,12.88346730903831,5.3237468219166555,1.1179868326024978,6.441733654519155,0,0,0,0,0,0,0,0,0,1.4466496620509064,,,0.45834743651534726,,0.22917371825767363,,3.638795850283877,0.42440861508844746,4.1570685192618875,0,0,0,,
925,1,CP,2005,249.42298601995753,8.07999637562632,326.56103993380947,192.36001865085413,41.47809278696588,233.83811143782,96.18000932542706,20.73904639348294,116.91905571891,0,0,0,0,0,0,0,0,0,1.726467630516546,,,0.934906814624336,,0.467453407312168,,48.4807723106058,3.8423743808320325,70.4261625531106,0,0,0,,
926,1,CP,2005,452.2744638653165,13.409506891251525,588.7375207024209,322.94368591168165,67.81817404145313,390.7618599531348,161.47184295584083,33.90908702072657,195.3809299765674,4.2421411784728,0.2686975900262666,6.56141597093071,2.5957606448908326,0.6048719841391348,3.2006326290299674,1.2978803224454163,0.3024359920695674,1.6003163145149837,0,,,0,,0,,138.8954026277055,8.008770837861391,123.63487934750836,1.0674217035178286,1.2662731568348395,1.1516418713571164,,
927,1,CP,2005,621.6400620300059,17.759415869468903,812.2509905871954,449.25143830720543,94.34280204451314,543.5942403517186,224.62571915360272,47.17140102225657,271.7971201758593,2.491923381356658,0.09190379309964596,3.736758305175822,1.439576846186878,0.350119350478176,1.789696196665054,0.719788423093439,0.175059675239088,0.894848098332527,2.4320545448906152,,,0.888646617127096,,0.444323308563548,,166.5342506859356,8.22211521045326,170.572708023311,0,0.3457491685649045,0.6816124791292928,,
928,1,CP,2005,266.2708477225094,7.617159206024478,350.39918443138515,189.75688413596788,39.84894566855325,229.6058298045211,94.87844206798394,19.924472834276624,114.80291490226055,0,0,0,0,0,0,0,0,0,4.479415873321395,,,1.7854724967544835,,0.8927362483772417,,89.30771634445725,5.67928226907807,73.58382873059087,0,0,0,,
929,1,CP,2005,517.2948328132612,17.84865799295337,694.3934844488188,403.6037290153285,94.63396910547168,498.23769812080013,201.80186450766425,47.31698455273584,249.11884906040007,0,0,0,0,0,0,0,0,0,1.4702478208970011,,,0.7559202427170502,,0.3779601213585251,,313.95091644142576,1.5924316006163295,162.68787594447087,0,0,0,,
930,1,CP,2005,129.32475319451638,4.324540989195825,173.53171394094318,100.19364866184246,23.003156952090965,123.19680561393344,50.09682433092123,11.501578476045482,61.59840280696672,0,0,0,0,0,0,0,0,0,46.42420990623026,,,17.96616828736341,,8.983084143681705,,41.02418802617274,2.2854700367291887,39.792602739957104,0,0,0,,
931,1,CP,2005,314.31391088108325,10.418902374681654,406.315821875782,234.09917360509183,53.37814582624461,287.4773194313364,117.04958680254592,26.689072913122306,143.7386597156682,2.676949162675175,0.12119195275515186,3.3170175238049735,1.4569667068030943,0.43661000435686137,1.8935767111599557,0.7284833534015471,0.21830500217843068,0.9467883555799779,5.089755431320407,,,2.1702309640243875,,1.0851154820121938,,72.18519020970588,7.295963724324793,92.52737368127819,0.4032941361329284,0.18901839609500415,0.7455093322094704,,
932,1,CP,2005,282.2876025642849,10.083928938510875,372.0839718293406,199.77057792059767,45.57573681271651,245.3463147333142,99.88528896029884,22.787868406358253,122.6731573666571,0.24813233456101602,0.10203100745260477,1.5329048152304576,0.6309089581049987,0.13249088120204972,0.7633998393070485,0.31545447905249935,0.06624544060102486,0.38169991965352423,0,,,0,,0,,90.71244403943453,17.40353899853969,84.3254510368186,7.961809856092514,1.8501617373111163,0.2781960801928883,,
933,1,CP,2005,219.03271049724012,6.393309908310511,285.3245698882406,159.06596229747248,33.40385208246922,192.4698143799417,79.53298114873624,16.70192604123461,96.23490718997085,1.6839851945374653,0.15022195663938587,2.4875364406942486,0.7932334040792507,0.18182638715803418,0.9750597912372849,0.39661670203962535,0.09091319357901709,0.48752989561864246,19.719434990394678,,,10.78070791865389,,5.390353959326945,,65.68690672306123,4.578993499775185,59.91815967653053,0,0.435196289168394,0.3960449772735999,,
934,1,CP,2005,384.661497790416,11.117859350802625,496.3476858225829,269.84964419718864,56.66842528140962,326.5180694785983,134.92482209859432,28.33421264070481,163.25903473929915,79.95020805246094,2.1867311974159738,92.8717261961323,39.153557150043504,9.05632110270147,48.20987825274498,19.576778575021752,4.528160551350735,24.10493912637249,13.286569029445925,,,5.528880391044364,,2.764440195522182,,86.57144124702695,7.407363636189653,104.23301402274241,10.597892873582083,0.14647548700287258,16.110270962306686,,
935,1,CP,2005,345.34679245265727,9.674393560040084,441.0233088774386,233.77230479260257,49.09218400644654,282.86448879904907,116.88615239630128,24.54609200322327,141.43224439952454,26.687992471067588,0.7573996021207936,33.30309225676161,13.375869065646993,2.8089325037858686,16.18480156943286,6.687934532823497,1.4044662518929343,8.09240078471643,2.7461694211546384,,,1.1458066337554749,,0.5729033168777374,,55.19648209486086,2.5534412735103085,92.6148948642621,1.3923108920681577,0.47380951934194115,5.394719405445411,,
936,1,CP,2005,394.3422483901436,11.336344647594942,496.193517446538,276.96876830597614,58.16344134425499,335.1322096502311,138.48438415298807,29.081720672127496,167.56610482511556,0.9584020751221042,0.054096956970363805,1.1645754736909955,0.48074122732624347,0.17147563597184207,0.6522168632980856,0.24037061366312173,0.08573781798592103,0.3261084316490428,3.8253283547305177,,,1.7766690297689418,,0.8883345148844709,,64.65880871437652,7.526994268416299,104.20063866377298,0.14977554066473683,0.09348615129005637,0.31992852810297223,,
937,1,CP,2005,496.4963257001132,14.913352407231304,658.8270256786841,370.62368730379967,78.44478904149636,449.068476345296,185.31184365189984,39.22239452074818,224.534238172648,0.5047296155782458,0.09744061640724885,0.7925838246648983,0.29791845638311226,0.08929395024500406,0.3872124066281163,0.14895922819155613,0.04464697512250203,0.19360620331405815,0.2591572990013029,,,0.10121918207508482,,0.05060959103754241,,111.5793199940112,8.7484297525544,139.40176084239943,0,0.3556495025456009,0.1782632940544026,,
938,1,CP,2005,417.81406847725765,14.693637076586112,569.6144924823689,333.5966101287916,80.06318643090998,413.6597965597016,166.7983050643958,40.03159321545499,206.8298982798508,0.341442701377354,0.04624381970627445,0.7295903537860794,0.32046525152259275,0.07691166036542227,0.397376911888015,0.16023262576129638,0.038455830182711134,0.1986884559440075,2.0914138447779433,,,0.7048459563115123,,0.35242297815575613,,135.74820477556415,3.2040872412847112,136.70747819576854,1.5631761114111173,0.3391003580478115,0.13132626368149428,,
939,1,CP,2005,441.74231451717105,12.979072762543945,595.1068716505595,343.36887601435546,72.85221651038353,416.221092524739,171.68443800717773,36.426108255191764,208.1105462623695,0.35829076842589735,0.04022230166741299,0.7724351479630368,0.3990400073088359,0.08379840153485553,0.4828384088436914,0.19952000365441794,0.041899200767427765,0.2414192044218457,3.978873577297384,,,1.7092857943491564,,0.8546428971745782,,123.96621710216293,3.131098407801637,126.24410418289432,0,0.36048960492341803,0.16221138107223773,,
940,1,CP,2005,308.12415892156133,8.792497373030004,435.97807198274944,241.06444983054206,50.62353446441383,291.6879842949559,120.53222491527103,25.311767232206915,145.84399214747796,2.577155592890647,0.03244958829549774,19.57718617809967,11.010862640788329,2.312281154565549,13.323143795353877,5.505431320394164,1.1561405772827744,6.6615718976769385,1.5815973347861083,,,0.6671573297589635,,0.33357866487948173,,83.92708372828066,8.314620085828352,91.55539511637738,1.6342580980783377,0.24969579721659185,4.1112090974009305,,
941,1,CP,2005,466.9771316630261,13.518212652458027,601.460837741504,327.6094759888084,68.79798995764976,396.4074659464582,163.8047379944042,34.39899497882488,198.2037329732291,0.03929751681281367,0.03131074110965952,0.20310487256525664,0.0786929848220525,0.01652552681263102,0.09521851163468352,0.03934649241102625,0.00826276340631551,0.04760925581734176,0.6915184033550822,,,0.32117486835788045,,0.16058743417894022,,129.52976247981232,5.68722846235276,126.30677592571583,0,0.35957631831083453,0.03198901742902792,,
942,1,CP,2005,283.9217669580352,9.106465182544836,373.1237255676278,205.98752010746014,43.25737922256663,249.24489933002675,102.99376005373007,21.628689611283313,124.62244966501338,0,0,0,0,0,0,0,0,0,5.103617630376127,,,1.8299488211748427,,0.9149744105874213,,75.74978249812553,8.42958128192683,78.35598236920183,0,0,0,,
943,1,CP,2005,319.6826093137043,9.208054645458878,417.39977993483376,217.7938666279983,45.736711991879645,263.53057861987793,108.89693331399916,22.868355995939822,131.76528930993896,12.157107036873827,0.30292222463624596,40.12977534397078,17.601332584903275,3.696279842829687,21.297612427732957,8.800666292451638,1.8481399214148435,10.648806213866479,21.631180588304435,,,9.128232185473559,,4.564116092736779,,64.37116005233155,6.536252555147456,87.65395378631509,6.961289138287808,1.9200554437446273,6.576854334094487,,
944,1,CP,2005,438.2353305053775,12.247729294827266,581.3530618943039,311.6859122479046,65.45404157205995,377.1399538199645,155.8429561239523,32.727020786029975,188.56997690998224,21.825442405668422,0.6045255174356341,27.129194445065426,11.443773030212702,2.4031923363446666,13.84696536655737,5.721886515106351,1.2015961681723333,6.923482683278685,0,,,0,,0,,131.02397072892822,6.72551540455353,122.0841429978038,3.988075702413261,0.049936534360046914,4.272848125097804,,
945,1,CP,2005,333.2851705536766,11.5418629556518,432.56629904475517,240.3064218401052,50.46434858642209,290.7707704265273,120.1532109200526,25.232174293211045,145.38538521326365,2.395138888888889,0.17973537111653914,2.574874260005428,0.9976350567177974,0.44420529713522666,1.441840353853024,0.4988175283588987,0.22210264856761333,0.720920176926512,1.0204386190783326,,,0.4491457920480213,,0.22457289602401065,,88.38434810473984,13.792708129327758,90.83892279939859,0,0,0.859863116815395,,
946,1,CP,2005,502.8996989089588,14.259141310038817,647.9765121849551,353.4147657470333,74.217100806877,427.6318665539103,176.70738287351665,37.1085504034385,213.81593327695515,0,0,0,0,0,0,0,0,0,0.4145102073415586,,,0.17495439716703076,,0.08747719858351538,,117.51948967021389,3.291456762764895,136.07506755884057,0,0,0,,
947,1,CP,2005,389.1547618466045,11.058497708461925,496.51840566012777,268.82766245468883,56.45380911548465,325.2814715701735,134.41383122734442,28.226904557742326,162.64073578508675,0.5867465115008554,0.11779870542311141,1.6667314803036855,0.7724326743718126,0.16731732651512127,0.9397500008869338,0.3862163371859063,0.08365866325756063,0.4698750004434669,0.9324318301760364,,,0.39332307681628476,,0.19666153840814238,,70.2448898289391,6.400905270432099,104.26886518862683,0,1.0588109743087666,0.3228329594837156,,
948,1,CP,2005,279.7967716642675,8.375004847547594,368.15800701079746,209.9031737195669,44.079666481109044,253.98284020067592,104.95158685978345,22.039833240554522,126.99142010033796,2.212788065615994,0.1887844175596603,2.8930616299770375,1.133276690736935,0.27462730242986383,1.4079039931667987,0.5666383453684675,0.13731365121493191,0.7039519965833994,1.4513555396892408,,,0.574889195246087,,0.2874445976230435,,75.624707839537,5.295957146623119,77.31318147226746,0,0.4663387845883376,0.5399575669148233,,
949,1,CP,2005,241.34763323948556,6.8902320817941485,317.02222222107787,171.23637441819335,35.9596386278206,207.19601304601395,85.61818720909667,17.9798193139103,103.59800652300697,0,0,0,0,0,0,0,0,0,34.4679502403109,,,13.264369015767349,,6.632184507883674,,56.812733448809716,5.726745169548243,66.57466666642635,0,0,0,,
950,1,CP,2005,371.10586199723224,10.463542784975981,473.7969390306218,258.35263229311073,54.25405278155325,312.60668507466397,129.17631614655537,27.127026390776624,156.30334253733199,45.56070596819469,1.267523388744714,58.84955197775437,24.824213528596786,5.213084841005326,30.037298369602112,12.412106764298393,2.606542420502663,15.018649184801056,25.71172666597577,,,10.792337213215808,,5.396168606607904,,97.29062417148874,4.898939995269314,99.49735719643057,12.244334063129697,0.03810914365033311,9.268804436496312,,
951,1,CP,2005,237.6611184090758,6.849600107441278,310.72248432694033,172.5677038974058,36.239217818455224,208.80692171586102,86.2838519487029,18.119608909227612,104.40346085793051,0,0,0,0,0,0,0,0,0,0.20694072353627677,,,0.08734450658718088,,0.04367225329359044,,45.84668305420485,7.264957957486953,65.25172170865746,0,0,0,,
952,1,CP,2005,494.8816651643098,13.85580801165167,639.9219026537937,336.90604305426,70.7502690413946,407.6563120956546,168.45302152713,35.3751345206973,203.8281560478273,1.8542193359889882,0.09849317282738189,3.1808064146900263,1.225975442822161,0.28506026788735317,1.5110357107095138,0.6129877214110805,0.14253013394367658,0.7555178553547569,0.5792061003040606,,,0.23359515429688305,,0.11679757714844152,,107.44977917922755,3.1710626178736607,134.3835995572967,0,0.8271720558081472,0.5544137586911831,,
953,1,CP,2005,259.462299164643,6.988682304123884,420.6123456571894,229.39215369704178,48.17235227637877,277.5645059734205,114.69607684852089,24.086176138189384,138.78225298671026,0,0,0,0,0,0,0,0,0,0.6625463090848352,,,0.2794786110780047,,0.13973930553900235,,79.96879239163654,4.623691076667333,88.32859258800977,0,0,0,,
954,1,CP,2005,297.1636132267859,8.979909270657386,374.9519175333529,212.9454148998387,46.55636377262001,259.5017786724587,106.47270744991935,23.278181886310005,129.75088933622936,0,0,0,0,0,0,0,0,0,0,,,0,,0,,46.72274493573921,2.9507908322939813,81.87798220412913,0,0,0,,
955,1,CP,2005,459.06756982095857,13.300235026483273,591.67885485348,292.39147173975624,61.4022090653488,353.793680805105,146.19573586987812,30.7011045326744,176.8968404025525,0,0,0,0,0,0,0,0,0,3.684220796234907,,,1.3400981626901052,,0.6700490813450526,,126.1462942297087,4.128496606190198,124.25255951923079,0,0,0,,
956,1,CP,2005,398.3808889930702,10.862857061134797,513.9208024046425,259.5322388828029,54.501770165388606,314.0340090481915,129.76611944140146,27.250885082694303,157.01700452409574,0,0,0,0,0,0,0,0,0,2.6477782634345566,,,1.0780044815934913,,0.5390022407967456,,73.66440783335642,3.098923548565643,107.92336850497492,0,0,0,,
957,1,CP,2005,228.9269103812702,6.690837222880209,290.5905818658578,159.71111855537137,33.539334896627985,193.25045345199936,79.85555927768569,16.769667448313992,96.62522672599968,4.780038257553555,0.27723611556009903,5.247687965793057,2.9396700458817313,0.7223655089029436,3.662035554784674,1.4698350229408657,0.3611827544514718,1.831017777392337,3.0727416102483227,,,1.223403233358306,,0.611701616679153,,35.54234915060088,6.0876727587093145,61.02402219183014,0,0.3556495025456009,1.2887651287394861,,
958,1,CP,2005,363.1016472140392,10.472409000015864,464.656612735951,252.69381970729097,53.0657021385311,305.75952184582206,126.34690985364549,26.53285106926555,152.87976092291103,0.7804606839283952,0.06332720584179566,1.337819224482626,0.5816467727444297,0.12214582227633025,0.70379259502076,0.29082338637221483,0.061072911138165126,0.35189629751038,1.308489417316257,,,0.5519535765989605,,0.27597678829948025,,58.605641363109186,8.969897913660496,97.57788867454971,0,0.43117211242536,0.2674202493311006,,
959,1,CP,2005,242.84878832996284,8.754742354049696,332.91267837592017,181.94317361562437,38.20806645928112,220.15124007490553,90.97158680781219,19.10403322964056,110.07562003745277,0.7572854382393247,0.04447606774388119,1.2671685151196366,0.6598914309107923,0.13857720049126637,0.7984686314020588,0.32994571545539614,0.06928860024563319,0.3992343157010294,2.374807887273549,,,1.0577580938124014,,0.5288790469062007,,72.3619296093816,21.23985036593993,69.91166245894323,0.003575608862339317,0.05838463396034072,0.26610538817512364,,
960,1,CP,2005,493.74001158340906,14.030140595334382,633.7204266523237,338.6465844614278,71.11578273689983,409.7623671983276,169.3232922307139,35.557891368449916,204.8811835991638,0.6012020170733502,0.07354099679500378,1.3032141084294095,0.5049303188015353,0.1060353669483224,0.6109656857498577,0.25246515940076764,0.0530176834741612,0.30548284287492883,20.308770025657243,,,8.529426348478022,,4.264713174239011,,72.32612951120014,9.503240911913062,133.08128959698797,0,0.7142072911175517,0.205256222077632,,
961,1,CP,2005,441.73014385603904,12.762759671696012,568.779084303679,314.492046847229,66.05112947470876,380.5431763219377,157.2460234236145,33.02556473735438,190.27158816096886,1.1573568275909345,0.14482779351020775,1.5645450061233301,0.6742422461925877,0.2587783317396274,0.933020577932215,0.33712112309629383,0.1293891658698137,0.4665102889661075,17.46696027295942,,,7.368000892774301,,3.6840004463871505,,129.19545373318894,6.535809360675904,119.45692554339439,0,0.3609857820420932,0.49701485023786285,,
962,1,CP,2005,385.1306430076203,10.775604607788996,487.3996872184435,265.93812537078617,55.847006327865095,321.78513169865124,132.96906268539308,27.923503163932548,160.89256584932562,0.22222222222222224,0.01317954151991184,0.2354017637421341,0.12091725892122246,0.09667387154851516,0.2175911304697376,0.06045862946061123,0.04833693577425758,0.1087955652348688,0,,,0,,0,,55.54513150173264,5.972090898376328,102.35393431587313,0,0,0.1882047283682414,,
963,1,CP,2005,170.59827593092797,5.077466000160532,233.99571620881926,128.9773442028845,27.085242282605744,156.06258648549024,64.48867210144225,13.542621141302872,78.03129324274512,20.30681407887943,0.6963760902980841,29.52838709723916,9.837327263708932,2.301307809514403,12.138635073223336,4.918663631854466,1.1506539047572015,6.069317536611668,3.0398495886759984,,,1.390846450458747,,0.6954232252293735,,33.37669275607616,6.280222298912702,49.13910040385204,1.530259613748306,0.27462028246493403,4.091698617062449,,
964,1,CP,2005,222.51080426691766,6.5565080436397105,279.3754502568661,155.4338937039738,32.6411176778345,188.0750113818083,77.7169468519869,16.32055883891725,94.03750569090415,2.573378268456742,0.0629727513103528,5.2980477595516025,2.9797988134790083,0.6257577508305918,3.6055565643096,1.4898994067395042,0.3128788754152959,1.8027782821548,5.056637449026408,,,2.12264208778526,,1.06132104389263,,39.21228078399761,4.966481627912946,58.668844553941874,1.510801034543698,0.406508450790696,1.1125900295058366,,
965,1,CP,2005,163.15152129116595,5.460038237605897,217.10796766027977,120.67877089507672,25.34254188796611,146.02131278304284,60.33938544753836,12.671270943983055,73.01065639152142,0.827079495566126,0.031183976026212264,1.0314781684170105,0.43510330057481034,0.09137169312071018,0.5264749936955205,0.21755165028740517,0.04568584656035509,0.26323749684776027,24.982610363410032,,,9.565748348078657,,4.782874174039328,,39.81801312232496,11.927335476761266,45.59267320865875,0.12708041641054796,0.09320833789001891,0.16245781152567915,,
966,1,CP,2005,269.82974996027866,7.605037542427707,346.52992944333636,187.29850684588095,39.332686437635,226.63119328351596,93.64925342294048,19.6663432188175,113.31559664175798,8.202907781014389,0.13717178769824773,79.10274831894773,38.78310400655526,8.144451841376604,46.92755584793186,19.39155200327763,4.072225920688302,23.46377792396593,1.011871760413139,,,0.42683282709693454,,0.21341641354846727,,33.03438797371119,4.749910825153964,72.77128518310063,4.785415533837106,0.8748530718474492,14.480740993584938,,
111000,1,CA,2005,441.82393811934173,13.075612832491865,565.1651713349481,309.9575104822152,66.55941261165022,376.5169230938654,154.9787552411076,33.27970630582511,188.2584615469327,20.398596145091357,0.6534823626534428,24.79543808883954,11.1759170351206,2.485195037939269,13.661112073059869,5.5879585175603,1.2425975189696346,6.830556036529934,17.488490816326532,,,6.795737587946228,,3.397868793973114,,125.12660161227326,6.1202091162383745,121.19186112596621,3.5149307709633835,0.4900350105788818,4.4843850207261875,,
121000,1,CA,2005,397.1774859872257,10.945371169239486,505.52286952690787,266.886377325263,56.49501240782359,323.3813897330866,133.4431886626315,28.247506203911794,161.6906948665433,15.018981802062257,0.4683565878140487,19.557693338228127,9.641047596575145,2.0624836989982303,11.703531295573375,4.820523798287573,1.0312418494991151,5.851765647786688,6.613681632653061,,,2.6795124007988336,,1.3397562003994168,,81.1602140208626,5.407127381996195,106.95845299455075,3.9429147443116657,0.2897602669566942,3.6910649336792503,,
1003,1,CP,2006,264.5203326452344,9.276761728076623,338.88039948226117,180.1122947435379,37.823581896142954,217.93587663968083,90.05614737176894,18.911790948071477,108.96793831984041,16.719321680387903,0.7377147086446273,19.438520932630325,8.831348494289422,1.9842690570775423,10.815617551366964,4.415674247144711,0.9921345285387712,5.407808775683482,5.827065659116787,,,2.209756232336341,,1.1048781161681704,,11.40342661236588,10.095356121583276,71.16488389127484,0.31939207025181526,0.2600533413016046,3.7570890773882217,,
1004,1,CP,2006,262.0363549715615,9.249925479849296,339.4774831277411,180.53027181582053,37.91135708132231,218.44162889714283,90.26513590791026,18.955678540661154,109.22081444857142,13.938702966906279,0.7576839748535106,15.110420124559834,6.160325396139052,1.544626643452607,7.704952039591658,3.080162698069526,0.7723133217263035,3.852476019795829,4.667512258620422,,,1.515264245013446,,0.757632122506723,,17.312012638798183,10.947105239436866,71.29027145682564,0,0.5727186663152722,2.9246537257935157,,
1005,1,CP,2006,291.58625801149464,10.138455898731321,376.91481897302543,199.074215682093,41.80558529323953,240.87980097533256,99.5371078410465,20.902792646619766,120.43990048766628,7.843638365469796,0.559005668994196,8.825550758784672,3.457697917445463,0.8788245374157472,4.3365224548612105,1.7288489587227316,0.4394122687078736,2.1682612274306052,6.124607593615343,,,2.0845268399757195,,1.0422634199878598,,25.03132193486387,8.576461995619841,79.15211198433535,0,0.4709535012716557,1.6639991732413684,,
1008,1,CP,2006,236.7475636882587,7.731704462079614,302.84572886737897,161.31345683088713,33.87582593448629,195.1892827653734,80.65672841544357,16.937912967243147,97.5946413826867,16.550714395656716,1.0330796681884968,19.909757324735768,6.796695774379768,1.6146865603050549,8.411382334684822,3.398347887189884,0.8073432801525274,4.205691167342411,9.41859147269363,,,3.0403626637378554,,1.5201813318689277,,37.80114475435713,4.310017825700913,63.59760306214958,0.08104940361112123,0.6642667293047403,3.374675086698342,,
1009,1,CP,2006,319.86634646768033,10.735629230624438,406.9606134983792,216.6999632678014,45.50699228623829,262.20695555403967,108.3499816339007,22.753496143119143,131.10347777701983,13.02203036248636,0.6696953800106833,15.593123718899559,6.2233032309410055,1.4015484009700938,7.6248516319111,3.1116516154705027,0.7007742004850469,3.81242581595555,24.535085526243687,,,11.411854851851455,,5.7059274259257275,,36.24553467688229,5.646500057981099,85.46172883465962,0.4609750181182478,0.22605932307539783,2.697316204550628,,
1011,1,CP,2006,232.08213848612465,8.091494213025381,316.35404135751827,167.99083298925504,35.27807492774355,203.2689079169986,83.99541649462752,17.639037463871777,101.6344539584993,1.7635555555555555,0.08514161519704301,1.8486971707525985,0.732278204536458,0.18627550137220908,0.9185537059086671,0.366139102268229,0.09313775068610454,0.45927685295433357,9.85043188494964,,,3.893006346416564,,1.946503173208282,,34.94118332862883,6.263131540307831,66.43434868507883,0,0,0.3527009853297289,,
1018,1,CP,2006,265.20176776030826,9.626585307837605,358.02151266916826,190.80916397937403,40.06992443566855,230.87908841504256,95.40458198968702,20.034962217834273,115.43954420752128,9.443998776439877,0.6613764766151697,11.383841153095334,4.821544632164405,1.1712565545636846,5.992801186728089,2.4107723160822023,0.5856282772818423,2.9964005933640445,6.865434949166471,,,2.1598754788432886,,1.0799377394216443,,12.584209826918684,10.652629878865191,75.18451766052533,0,1.090845300442051,2.2177008668631446,,
1019,1,CP,2006,230.10465733052237,8.421945649012592,304.93789523672297,161.2661136646314,33.86588386957259,195.131997534204,80.6330568323157,16.932941934786296,97.565998767102,10.808210528951362,0.7521216242228117,11.889791256064173,4.4877175183023725,1.2034728069572982,5.6911903252596705,2.2438587591511863,0.6017364034786491,2.8455951626298353,1.8329132072825822,,,0.5709556814130486,,0.2854778407065243,,11.901744148934258,12.24771378002684,64.03695799971183,0,0.3146029810766471,2.27870032132256,,
1022,1,CP,2006,397.0023825812979,13.32030537191702,507.74867311628833,275.64948568020554,57.886391992843166,333.53587767304873,137.82474284010277,28.943195996421583,166.76793883652437,7.452194486078481,0.26291480684429314,20.72904961699612,8.76985438256609,1.9738619820151115,10.7437163645812,4.384927191283045,0.9869309910075558,5.3718581822906,0.6975655052422378,,,0.3684122518327529,,0.18420612591637645,,36.4125742383544,4.558427936162095,106.62722135442056,1.0113253332006327,0.19558864160264655,3.6871015052896485,,
1023,1,CP,2006,203.4807769852618,7.539050516435864,264.52325971059696,140.7110090068585,29.54931189144028,170.26032089829874,70.35550450342924,14.77465594572014,85.13016044914937,13.564675790852078,0.7935188267230416,15.760113874586605,6.131437263733173,1.5313847448596845,7.662822008592857,3.0657186318665866,0.7656923724298422,3.8314110042964287,6.89661517090643,,,2.328108956043483,,1.1640544780217414,,16.275387153175064,12.89488088309596,55.54988453922536,0,0.8926784178060515,2.9151687288070955,,
1024,1,CP,2006,229.99539256280764,8.042788187864184,293.2320593119654,154.5902247457536,32.46394719660825,187.05417194236185,77.2951123728768,16.231973598304126,93.52708597118092,12.55027000149231,0.7597374573372668,13.808174592279679,4.486594184321372,1.1871526453187695,5.673746829640142,2.243297092160686,0.5935763226593848,2.836873414820071,9.541798619305835,,,3.157859432972994,,1.578929716486497,,21.875180601695153,10.056816969547631,61.57873245551273,0,0.09682572681175165,2.6820290069844597,,
1026,1,CP,2006,265.03319126368086,8.521597424585348,355.15664921053184,184.5733463383895,38.760402731061795,223.3337490694513,92.28667316919476,19.380201365530898,111.66687453472565,14.030386206535356,0.5341215176595463,16.818853229124276,7.7540976769026475,1.737645641041399,9.491743317944046,3.8770488384513238,0.8688228205206995,4.745871658972023,0.26510262031991344,,,0.14910255802343153,,0.07455127901171577,,48.81437501201946,4.199961560242131,74.58289633421168,0.5034902226625059,0.5027692637201473,3.522393299114917,,
1027,1,CP,2006,251.25102885341826,8.50352563761887,324.746907297964,177.92851931526397,37.36498905620543,215.29350837146941,88.96425965763198,18.682494528102715,107.64675418573471,14.205569173389078,0.9807270706651496,18.17529439955531,7.247143352127932,1.7196209754943104,8.966764327622242,3.623571676063966,0.8598104877471552,4.483382163811121,2.1423670050774377,,,0.6849058568957557,,0.34245292844787784,,32.58165956303922,7.992708900289093,68.19685053257244,0.793923259382284,1.498520255722111,3.2098661979506895,,
1028,1,CP,2006,333.5713049297283,10.989927613273478,425.9320328572158,229.57408667258068,48.21055820124194,277.78464487382263,114.78704333629034,24.10527910062097,138.89232243691131,13.289677425464891,0.927946756094204,15.244054835833346,6.130370859903873,1.5208524405930424,7.651223300496915,3.0651854299519363,0.7604262202965212,3.8256116502484576,3.4604670231054357,,,1.2669886971074156,,0.6334943485537078,,48.278011593826854,6.398285857169613,89.44572690001532,0,0.6024462655386302,2.87708156644794,,
1029,1,CP,2006,226.33054069608934,8.11480318170998,290.9574685151065,154.0566738156084,32.351901501277766,186.40857531688616,77.0283369078042,16.175950750638883,93.20428765844308,10.755455577564355,0.6936154245173435,12.49550428662916,5.065864088795564,1.3749574823843629,6.440821571179928,2.532932044397782,0.6874787411921814,3.220410785589964,1.7151102551824744,,,0.5491235121939502,,0.2745617560969751,,29.04901005001065,11.46301770602635,61.10106838817236,0.1577680562363561,0.7353188828824688,2.5703152377489236,,
1032,1,CP,2006,352.13718124304785,11.929702261265154,453.41450327164716,249.47345084368493,52.38942467717383,301.8628755208588,124.73672542184246,26.194712338586914,150.9314377604294,16.30742957559119,0.8977998507008111,17.695643502793615,7.026352697307092,1.7439760494007503,8.770328746707843,3.513176348653546,0.8719880247003752,4.385164373353922,4.983431283881321,,,1.9308621333586122,,0.9654310666793061,,37.13706280227345,8.409748790177982,95.2170456870459,0.18299579963118906,0.2711728590248651,3.2624864423464075,,
1035,1,CP,2006,341.1269290911264,10.886982096857889,433.1278246438991,227.08513237664494,47.68787779909544,274.7730101757404,113.54256618832247,23.84393889954772,137.3865050878702,36.76634663811438,1.6098779981951137,48.13835761460722,20.087840512712223,4.347374231710093,24.435214744422318,10.043920256356111,2.1736871158550466,12.217607372211159,2.847727565754665,,,0.8882159370612492,,0.4441079685306246,,64.07871159456042,5.472501839294352,90.95684317521881,3.1308180494893145,1.4328943359788058,7.975472293823909,,
1037,1,CP,2006,332.8958030450053,10.435773697506756,431.1030560969689,227.42237560320655,47.75869887667337,275.1810744798799,113.71118780160327,23.879349438336686,137.59053723993995,35.75069643594027,1.2411252979745833,55.31502660050947,25.266759583424196,5.740776595926712,31.00753617935091,12.633379791712098,2.870388297963356,15.503768089675455,29.638413533920907,,,11.782071618764123,,5.891035809382061,,69.93595637715505,4.4391015008751555,90.53164178036346,2.3642134163646182,0.7335768165209665,10.549661092743774,,
1041,1,CP,2006,369.4119359522994,13.922094205199556,485.31197783745824,242.87609955336117,51.00398090620585,293.880080459567,121.43804977668059,25.501990453102923,146.9400402297835,31.060627884769673,1.2867524576407385,36.48594670971013,14.207110844189291,3.232803180118681,17.43991402430797,7.1035554220946455,1.6164015900593405,8.719957012153985,11.164089711677116,,,3.8328871729146545,,1.9164435864573273,,67.80771269778435,6.84089922640809,101.91551534586623,4.8893550317814185,2.409041980574136,6.282072935480444,,
1044,1,CP,2006,139.63844559630994,5.296143442414146,182.81143662356047,88.33421401767521,18.55018494371179,106.88439896138699,44.167107008837604,9.275092471855896,53.442199480693496,5.048460878771892,0.24464923099254315,5.662936458738547,1.6583553667391708,0.4267874689157872,2.085142835654958,0.8291776833695854,0.2133937344578936,1.042571417827479,22.79681645845309,,,6.998320120539678,,3.499160060269839,,9.29730462950627,5.737190722986567,38.3904016909477,0,0.06530867130375509,1.1111788308729897,,
1046,1,CP,2006,281.91323410670196,9.864469044218117,372.2324637467141,191.27148313346288,40.167011458027204,231.43849459149007,95.63574156673144,20.083505729013602,115.71924729574503,15.058457174419601,0.7507526669263919,16.812479185579207,6.727225109277754,1.5738159326258485,8.301041041903602,3.363612554638877,0.7869079663129243,4.150520520951801,4.894545016552755,,,1.699844120416944,,0.849922060208472,,38.64958164419383,7.209268730292308,78.16881738680995,0.9416095434168326,0.802425718994483,3.1290709779853634,,
1051,1,CP,2006,331.4567705407215,12.886725941792093,434.94212179825314,216.08219704234764,45.37726137889301,261.4594584212407,108.04109852117382,22.688630689446505,130.72972921062035,35.48906441131504,1.657546559429987,41.843387855304094,16.46201971705071,3.693851205082217,20.155870922132927,8.231009858525354,1.8469256025411085,10.077935461066463,17.118493472373476,,,6.312567408974975,,3.1562837044874876,,48.213841993044994,7.145300792210264,91.33784557763316,4.925668013518841,2.299675436318697,7.0882894427937675,,
1052,1,CP,2006,385.97979056148625,14.368698825374887,505.50175682260067,251.1971498166205,52.7514014614903,303.9485512781108,125.59857490831025,26.37570073074515,151.9742756390554,22.310346162145482,1.0975666883299304,25.212826835034747,10.5678256801743,2.505191796277167,13.073017476451467,5.28391284008715,1.2525958981385834,6.536508738225733,8.30048909293142,,,2.868144523865098,,1.434072261932549,,55.91084623430156,8.503647289005295,106.15536893274613,0.7044366666759344,0.6331262497203214,5.035726437370985,,
1053,1,CP,2006,322.26222846973627,10.446976962573062,423.3768061691471,229.24006229345298,48.14041308162512,277.3804753750781,114.62003114672649,24.07020654081256,138.69023768753905,12.697277659356661,0.7670115294455816,16.1400698244187,6.774321070589912,1.619292884493273,8.393613955083186,3.387160535294956,0.8096464422466365,4.196806977541593,3.181217296732909,,,1.2549262214094399,,0.6274631107047199,,52.05776293818109,4.61912774349579,88.90912929552088,0.7580071238466003,1.4814229657776714,3.0445084862883918,,
1058,1,CP,2006,398.03486915342603,12.73355775934279,514.4364806084529,269.3005773734608,56.55312124842676,325.85369862188753,134.6502886867304,28.27656062421338,162.92684931094377,14.657773474266804,0.7451107255453502,19.497614755888506,7.881895434323642,1.929965386988188,9.81186082131183,3.940947717161821,0.964982693494094,4.905930410655915,22.92432432530529,,,6.508899959839898,,3.254449979919949,,87.11235293919803,7.197870302488986,108.03166092777512,0.5508934609493901,0.6385275707649268,3.6280150012019945,,
1059,1,CP,2006,280.41675352893003,9.272699141797977,368.3156486422798,199.8546668315189,41.96948003461897,241.82414686613785,99.92733341575945,20.984740017309484,120.91207343306893,26.629890103654567,1.5878349330201207,29.52870508104609,12.38268359516505,3.070924402896658,15.453607998061708,6.191341797582525,1.535462201448329,7.726803999030854,5.787807439820787,,,2.3739492311287327,,1.1869746155643663,,26.014431577619995,6.288745327141394,77.34628621487876,0.4466501052198972,0.8694995737465403,5.779429904475659,,
1060,1,CP,2006,318.8273178566274,10.247427047814949,412.6810940732186,220.81615220734113,46.37139196354163,267.18754417088275,110.40807610367057,23.185695981770817,133.59377208544137,23.58766275510322,1.1676815358016932,29.056608690946156,13.247106765200872,2.995311199639558,16.242417964840428,6.623553382600436,1.497655599819779,8.121208982420214,10.270233109954875,,,3.157431803445743,,1.5787159017228716,,60.12008597094695,5.676359188541723,86.6630297553759,0.42219178660822454,1.2003745072251781,5.690586727480639,,
1062,1,CP,2006,305.2321654029664,10.05560615284841,393.84855121665385,204.96936209877862,43.04356604074351,248.01292813952213,102.48468104938931,21.521783020371753,124.00646406976107,13.32212836287717,0.7561586950919739,17.06883578340473,7.311483119074802,1.7240845905376911,9.035567709612494,3.655741559537401,0.8620422952688456,4.517783854806247,7.06960598371778,,,2.2596842608163534,,1.1298421304081767,,56.131342989243066,7.035010567946549,82.7081957554973,0.5147739674321534,0.8355921648231348,3.2352525627841398,,
1063,1,CP,2006,395.9019860363178,12.552625082851602,507.64774760404447,268.8950924581472,56.467969416210906,325.3630618743581,134.4475462290736,28.233984708105453,162.68153093717905,11.511279286834627,0.550010315744563,15.496568194075783,6.403996668699086,1.352836040737748,7.756832709436834,3.201998334349543,0.676418020368874,3.878416354718417,13.456599953290935,,,5.365951604073667,,2.6829758020368333,,75.97100160499963,4.809314057410358,106.60602699684934,0.8824623490794079,0.8734179877325579,2.455850817076957,,
1065,1,CP,2006,291.5428030913798,9.545685797601719,371.2058022831731,203.43866188199263,42.722118995218445,246.16078087721107,101.71933094099631,21.361059497609222,123.08039043860553,11.461655183411127,0.49579249565812467,12.61610545250583,5.051500249368041,1.2605820050144472,6.312082254382488,2.5257501246840204,0.6302910025072236,3.156041127191244,9.83294606186861,,,3.8082416994336636,,1.9041208497168318,,35.106232227919485,5.217460265677305,77.95321847946636,0.13458044281663614,0.40958256823672134,2.3625524445430783,,
131000,1,CA,2006,288.73607655651324,9.36983571350209,367.91469802559067,193.07931801063685,40.54665678223373,233.62597479287058,96.53965900531843,20.273328391116866,116.81298739643529,24.58780556737698,1.193931987188577,29.180330143224424,12.648382892503015,2.8835227012028617,15.531905593705877,6.324191446251508,1.4417613506014308,7.765952796852939,17.45701470588235,,,6.9334763151482806,,3.4667381575741403,,42.930517638448585,7.102984561432991,77.26208658537404,1.1469004761492052,0.7617708705871138,5.354304855618266,,
1101,1,CP,2007,216.50462094585401,9.211633798573256,308.6238744764444,141.42831405598488,29.69994595175682,171.1282600077417,70.71415702799244,14.84997297587841,85.56413000387084,0.6939043209876543,0.14145264138960476,0.835356962377259,0.18630757286324864,0.05290236370435455,0.2392099365676032,0.09315378643162432,0.026451181852177274,0.1196049682838016,0,,,0,,0,,37.98423356209391,11.334080976183305,64.81101364005333,0,0,0.11860054094281003,,
1102,1,CP,2007,154.77358603045997,6.475905145595277,222.9712970837459,123.98730926334171,26.037334945301758,150.02464420864348,61.99365463167086,13.018667472650879,75.01232210432174,0,0,0,0,0,0,0,0,0,23.83844351264656,,,10.206763585256287,,5.103381792628143,,66.26850909457683,8.07934238472738,46.823972387586636,0,0,0,,
1103,1,CP,2007,159.42647320467586,6.039757863162147,213.14237460478316,103.8776287559101,20.152952383824296,124.0305811397344,51.93881437795505,10.076476191912148,62.0152905698672,7.005543981481482,0.5799786175829015,7.585522599064384,2.9253743630277023,0.9019766054445281,3.8273509684722304,1.4626871815138511,0.45098830272226403,1.9136754842361152,5.86794450800615,,,2.038321509948991,,1.0191607549744954,,11.221024466100651,7.500229144951851,40.82719817820178,0,0,1.7934548310010672,,
1104,1,CP,2007,266.1556354136799,7.133893605201384,316.59690236903515,140.87278969628238,24.19115139638068,165.06394109266307,70.43639484814119,12.09557569819034,82.53197054633154,14.832402949042029,0.803222991088482,15.745282110961666,6.762207030494356,1.932995230587888,8.695202261082244,3.381103515247178,0.966497615293944,4.347601130541122,6.36802505820761,,,2.158702282289273,,1.0793511411446366,,5.212567592897198,9.448793109137249,53.72123949543717,0.025185587014060266,0.08978982008866314,3.7053012510503316,,
1105,1,CP,2007,215.50918084389744,8.873127405780622,306.29780884949906,170.35973545732907,35.775544446039106,206.13527990336817,85.17986772866453,17.887772223019553,103.06763995168409,2.587146041643742,0.13895444401997437,3.677084771062481,1.8927229090587245,0.4584019457835116,2.351124854842236,0.9463614545293623,0.2292009728917558,1.175562427421118,6.056435047398811,,,2.5473824280547985,,1.2736912140273993,,58.93401740302227,14.96718994139452,64.3225398583948,0.0707130782507737,0.36373062910598586,0.8832201170368154,,
1106,1,CP,2007,298.35400163202894,7.344154530072026,351.8169487240037,152.39646459949012,25.25636356840761,177.65282816789772,76.19823229974506,12.628181784203806,88.82641408394886,1.06929012345679,0.024300985821184496,1.0935911092779744,0.3464865714777986,0.06146845556343925,0.4079550270412378,0.1732432857388993,0.030734227781719626,0.2039775135206189,3.2084457601821716,,,1.0165438999883336,,0.5082719499941668,,18.38948155677107,12.003245799351237,57.91050025400838,0,0,0.14550641072145995,,
1107,1,CP,2007,238.56528541052873,6.353683518230612,285.7244136603158,125.50380867701377,21.25935851700491,146.76316719401868,62.75190433850688,10.629679258502454,73.38158359700934,3.8749999999999996,0.045255731838329226,3.920255731838329,1.2420693221780639,0.21724212578790936,1.4593114479659732,0.6210346610890319,0.10862106289395468,0.7296557239829866,0.13924092644700203,,,0.02941081653200778,,0.01470540826600389,,15.955650252140767,11.371903974866157,47.93797339400735,0,0,0.5142494909161173,,
1108,1,CP,2007,358.68786051980106,16.410651875333368,513.7043076699313,231.83702935364735,48.68577616426594,280.5228055179133,115.91851467682368,24.34288808213297,140.26140275895665,11.785108984601793,1.0727805506512846,13.947637032544735,4.257152668420409,1.1416046375205269,5.3987573059409355,2.1285763342102046,0.5708023187602634,2.6993786529704678,5.483094101479062,,,1.6520900759775408,,0.8260450379887704,,18.497962015576825,9.219909303055507,107.87790461068558,0,0.33195858467697,2.5248996213444825,,
1109,1,CP,2007,240.50021722243378,5.476431384254299,346.8745838668966,159.82936158322414,28.287922042137286,188.1172836253614,79.91468079161207,14.143961021068643,94.0586418126807,16.982101482646172,0.31159460847028786,18.2819614319828,6.430852829517921,1.1441504676579606,7.575003297175881,3.2154264147589604,0.5720752338289803,3.7875016485879405,15.650206597565434,,,5.122805264776856,,2.561402632388428,,55.64541887069055,11.849177606369343,60.35388548104437,0.0729011012594283,0.4161087902168916,2.665127776251283,,
1110,1,CP,2007,322.5897606202667,14.861681706801786,465.86203946075733,207.80008971029426,43.638018839161795,251.43810854945605,103.90004485514713,21.819009419580897,125.71905427472802,16.38082944961887,0.898625552332953,21.038702525507606,6.998782490871348,1.61483077821427,8.613613269085619,3.499391245435674,0.807415389107135,4.306806634542809,2.139985575558581,,,0.5175659811748272,,0.2587829905874136,,18.870303786254084,4.03029132033726,97.83102828675904,0,0.6090778281493043,3.620250408802561,,
1111,1,CP,2007,230.57243694551005,10.234128562611744,328.5014383833971,159.91993769818652,33.58318691661917,193.5031246148057,79.95996884909326,16.791593458309585,96.75156230740285,6.344537037037036,0.5863398000299834,6.930876837067021,2.3186641749893773,0.6510440881522991,2.9697082631416762,1.1593320874946886,0.32552204407614954,1.4848541315708381,9.454029580380258,,,4.835164617260642,,2.417582308630321,,23.463895876403694,5.926877516189446,68.98530206051338,0,0,1.459560133531906,,
1112,1,CP,2007,72.57267287600477,3.547610407009258,111.59876200242277,60.30192982619816,12.663405263501614,72.96533508969978,30.15096491309908,6.331702631750807,36.48266754484989,0.03929751681281367,0.03477497578840623,0.5766429366807866,0.3045482054509663,0.06395512314470292,0.36850332859566914,0.15227410272548314,0.03197756157235146,0.18425166429783457,2.130387157077051,,,1.035350324866722,,0.517675162433361,,9.05770808919699,8.061761430493974,23.43574002050878,0,0.4489362813376612,0.1210950167029652,,
1113,1,CP,2007,204.762912792637,10.127325715297983,310.01999398911005,131.10680330412717,27.532428693866706,158.63923199799387,65.55340165206358,13.766214346933353,79.31961599899694,3.961092067159498,0.29468958455138855,5.578525959238313,1.6179186774150054,0.40519892599512214,2.0231176034101273,0.8089593387075027,0.20259946299756107,1.0115588017050636,1.3652841534899758,,,0.44758910941123753,,0.22379455470561876,,2.926663135960792,20.869224142693028,65.10419873771312,0,0.3288910964844536,1.0437974127755891,,
1114,1,CP,2007,280.8376863073689,12.931027983509905,402.9979314792858,180.19538660825648,37.84103118773386,218.03641779599033,90.09769330412824,18.92051559386693,109.01820889799517,25.223894870290504,1.3391941190279206,34.84419532597673,13.886373369657782,2.974563025438803,16.860936395096587,6.943186684828891,1.4872815127194015,8.430468197548294,0.9602544720795083,,,0.2779868036577134,,0.1389934018288567,,17.00924350634831,8.741498568570517,84.62956561065,0.19975902188552042,1.3459811178078125,6.668601536541267,,
1115,1,CP,2007,324.55536058884036,14.728234490457808,464.3440077653905,207.1229640899165,43.495822458882465,250.61878654879897,103.56148204495825,21.747911229441232,125.30939327439948,16.000675815454954,1.447015686079224,19.348502269778628,6.3164286225533175,1.5290615477668172,7.845490170320135,3.1582143112766587,0.7645307738834086,3.9227450851600674,15.263047461925595,,,4.113616942357558,,2.056808471178779,,14.707700802085903,8.924851122818959,97.51224163073199,0.812570157874181,0.050488730100963886,3.0891607568379515,,
1116,1,CP,2007,374.6691348257824,17.260795539013298,539.9821256431144,240.53234165985177,50.51179174856887,291.04413340842063,120.26617082992588,25.255895874284434,145.52206670421032,4.581011523517114,0.5359741533728152,5.529319596601579,1.6566683226056529,0.43095816927504327,2.087626491880696,0.8283341613028264,0.21547908463752163,1.043813245940348,2.76896198090607,,,0.8634943382966891,,0.43174716914834455,,20.023357858615565,8.447740308250383,113.39624638505401,0,0.39503893735758455,0.9661547881940115,,
1117,1,CP,2007,566.949232939693,26.05300086500109,817.4558503592098,364.7269461772052,76.59265869721308,441.3196048744183,182.3634730886026,38.29632934860654,220.65980243720915,12.261153797190794,0.5421790538181002,15.391676325343328,5.454537675112615,1.2734449473696174,6.727982622482232,2.7272688375563074,0.6367224736848087,3.363991311241116,0.20715685987874727,,,0.09240335210985288,,0.04620167605492644,,36.355021082372296,9.579764855909266,171.66572857543403,0,0.656774598646926,2.8549056987881447,,
1118,1,CP,2007,183.33509476164295,8.23175749657111,263.20574700374186,126.45508168244314,26.55556715331306,153.0106488357562,63.22754084122157,13.27778357665653,76.5053244178781,21.94002032776676,1.0513758728483318,32.23290344537008,14.088810411623344,2.958650186440902,17.047460598064248,7.044405205811672,1.479325093220451,8.523730299032124,0,,,0,,0,,16.137040571127542,22.90102065718072,55.27320687078579,1.1176968585127334,1.4135762993925352,6.632926924275661,,
1119,1,CP,2007,574.5711941485786,26.409003985837412,829.1119873705028,369.8749105172066,77.67373120861339,447.54864172582,184.9374552586033,38.836865604306695,223.77432086291,13.149368646602815,0.8103765221298691,16.0767594056546,5.438430679447513,1.3325734791490083,6.771004158596521,2.7192153397237564,0.6662867395745041,3.3855020792982606,8.033188562496166,,,2.474385034834754,,1.237192517417377,,40.846521877299644,15.280271484694355,174.11351734780555,0,1.1015245596685026,2.9874645366763777,,
1120,1,CP,2007,236.3993403814058,10.814491785761666,338.0654622587194,150.34980742531346,31.573459559315825,181.9232669846293,75.17490371265673,15.786729779657913,90.96163349231465,16.413078463871834,0.8603880507377366,21.567520954764746,7.215225339699993,1.6318729400229817,8.847098279722974,3.6076126698499964,0.8159364700114908,4.423549139861487,1.213752928659766,,,0.27070027829867616,,0.13535013914933808,,8.851755666867081,11.471244316752507,70.99374707433107,0,0.9986432312337876,3.658456822804092,,
1121,1,CP,2007,284.12967356538206,12.103621890490974,404.3665148952113,196.84380092791133,41.33719819486137,238.1809991227727,98.42190046395567,20.668599097430686,119.09049956138635,12.25844119635346,0.9419219465848204,13.708408011539223,4.736191177855727,1.350158313076827,6.086349490932554,2.3680955889278636,0.6750791565384135,3.043174745466277,20.610064087061087,,,7.7924712512593235,,3.8962356256296617,,64.68646364340881,11.878956846574331,84.91696812799437,0,0.37570402272490216,2.9003781006778393,,
1122,1,CP,2007,401.2138606133175,18.230127942646885,575.3085539221579,256.61925417770493,53.89004337731803,310.50929755502295,128.30962708885247,26.945021688659015,155.25464877751148,20.047281325778176,1.196328902190519,24.34560459783386,8.123340486551395,1.9940036654441013,10.117344151995496,4.061670243275698,0.9970018327220507,5.058672075997748,2.618796344785106,,,0.8001691633150223,,0.40008458165751115,,20.75569846601891,6.577277132839824,120.81479632365316,0,1.0438775318557294,4.470309014645224,,
1123,1,CP,2007,236.9694602295696,9.829864895147114,334.7567678745491,162.57451157566797,34.14064743089027,196.71515900655822,81.28725578783398,17.070323715445134,98.35757950327911,15.24699074074074,1.8783470559588096,17.12533779669955,6.514390359009423,1.8319705507386685,8.34636090974809,3.2571951795047114,0.9159852753693343,4.173180454874045,13.51545741612216,,,7.03764537768172,,3.51882268884086,,28.98342691517427,8.27076738969772,70.29892125365531,0,0,3.779241521509108,,
1124,1,CP,2007,245.48168840495666,10.407351698340447,361.987412533192,171.10700518718963,35.93247108930982,207.03947627649944,85.55350259359481,17.96623554465491,103.51973813824972,14.510421860577088,0.6670018147196187,19.30864373806691,7.237906377142605,1.5918067041536066,8.82971308129621,3.6189531885713024,0.7959033520768033,4.414856540648105,0.7472422821956519,,,0.20446881466626693,,0.10223440733313346,,27.56865610565118,9.224624597963572,76.01735663197033,0.08332126850160429,1.0776124261242788,3.568633289129755,,
1125,1,CP,2007,199.0132258853093,9.58423056693012,300.86433492583365,128.89083913851792,27.06707621908876,155.95791535760668,64.44541956925896,13.53353810954438,77.97895767880334,9.751188727108081,0.7965592980355196,12.900923956076507,4.5622686562223045,1.1506809709805674,5.712949627202872,2.2811343281111522,0.5753404854902837,2.856474813601436,0.6148587724324859,,,0.2056956200249624,,0.1028478100124812,,13.266973837599398,7.547418849240119,63.18151033442506,0,0.345281767235345,2.771283300063582,,
1126,1,CP,2007,215.91028080349778,8.88847355359109,296.40973134384313,159.93375952693648,33.58608950065666,193.51984902759312,79.96687976346824,16.79304475032833,96.75992451379656,33.159544379121755,1.6558033290608667,47.59790644523008,16.85326451071451,3.6006130701714696,20.45387758088598,8.426632255357255,1.8003065350857348,10.22693879044299,8.597520552686577,,,3.314686682446262,,1.657343341223131,,29.82882958956589,6.207871405926159,62.24604358220706,2.5172693985110035,1.4563178497895566,7.637093195344438,,
1127,1,CP,2007,357.7061820880603,16.451549454688895,516.4359393850245,230.3908676644243,48.382082209529095,278.7729498739534,115.19543383221215,24.191041104764547,139.3864749369767,46.16773954035425,2.322206714464436,61.939702570316705,20.76742739271335,4.54597712872657,25.31340452143992,10.383713696356676,2.272988564363285,12.65670226071996,0,,,0,,0,,20.027332038030384,5.018956036615891,108.45154727085514,0.8762436473663571,1.8503211795203975,10.19151714266851,,
1128,1,CP,2007,450.25462392997656,20.959277862330072,654.1436673154514,291.9347670784092,61.30630108646593,353.2410681648751,145.9673835392046,30.653150543232965,176.62053408243756,100.77254140278929,6.073248289542167,124.42705828953845,39.84987075363225,9.65806649279468,49.50793724642693,19.924935376816126,4.82903324639734,24.753968623213463,6.299352647577218,,,1.404928857048023,,0.7024644285240115,,29.901664936666982,5.816294219650872,137.37017013624478,1.9980169597265114,1.4441611152583724,21.65218773415207,,
1129,1,CP,2007,104.31581721961282,4.954175078212323,151.78275556260903,79.21805319946756,16.635791171888187,95.85384437135575,39.60902659973378,8.317895585944093,47.926922185677874,41.58687970095042,2.4405593561862773,54.42872423058147,22.340265890010926,5.214095915124785,27.55436180513571,11.170132945005463,2.6070479575623926,13.777180902567855,8.315668937725874,,,3.326495715185463,,1.6632478575927314,,56.276283145429964,10.723662279418296,31.874378668147898,2.1282011727579855,1.022079266675992,11.280268325135395,,
1130,1,CP,2007,109.75856983949147,5.845387659713629,181.4749122433556,74.81329197057437,15.710791313820616,90.52408328439498,37.406645985287184,7.855395656910308,45.26204164219749,0.7064043209876544,0.11607121623708899,0.8224755372247434,0.1689206119246176,0.0515331297430623,0.22045374166767995,0.0844603059623088,0.02576656487153115,0.11022687083383997,3.2690818286243437,,,1.643936686070888,,0.821968343035444,,2.9698824227953864,6.86798945837485,38.10973157110467,0,0,0.12716576453707115,,
1131,1,CP,2007,253.83129433175765,12.163708889444838,375.30308629024086,161.70539913582618,33.95813381852349,195.66353295434968,80.85269956791309,16.979066909261746,97.83176647717484,8.943385100382825,0.5499636922459638,16.728304049925534,4.407663291203414,0.9511795220540376,5.358842813257452,2.203831645601707,0.4755897610270188,2.679421406628726,1.3076641694631879,,,0.4374676009874985,,0.21873380049374924,,6.621156310606595,18.280218649163167,78.81364812095057,0.5099506550241805,0.1577279165716156,2.693097430784725,,
1132,1,CP,2007,240.20834287723824,5.873068084089932,330.6136628643794,152.89619459979195,27.18377598608352,180.07997058587546,76.44809729989598,13.59188799304176,90.03998529293773,9.343028763981467,0.14230225549042508,9.590444098681305,3.0385763623256787,0.5282939738530819,3.5668703361787606,1.5192881811628394,0.2641469869265409,1.7834351680893803,7.5050594096695615,,,2.408123957530695,,1.2040619787653475,,14.116370926482452,8.841697128736044,57.77190820307329,0.02021474246003664,0.09211669990762045,1.2505627355775029,,
1133,1,CP,2007,288.2580561083577,11.452319902361873,395.3948905863358,222.57411010026078,46.74056312105476,269.3146732213155,111.28705505013039,23.37028156052738,134.65733661065775,4.173985365517183,0.25049203715855417,5.425466802459343,2.273359011187033,0.6121858373346438,2.885544848521677,1.1366795055935166,0.3060929186673219,1.4427724242608384,18.081504665257402,,,7.947739076875868,,3.973869538437934,,65.61337823727071,5.189917576366744,83.03292702313053,0.29234175466170054,0.05747143406756082,1.1102897040721251,,
1134,1,CP,2007,215.4371433559965,5.796917880982923,298.15424209865324,141.9021038449251,25.935335446110294,167.8374392910354,70.95105192246255,12.967667723055147,83.9187196455177,32.400595932726645,1.3684935669714706,39.29105283805197,14.32959929521798,2.823948901401467,17.153548196619447,7.16479964760899,1.4119744507007335,8.576774098309723,3.7313974651686896,,,1.557347793025019,,0.7786738965125095,,55.64251800207015,9.518955368282906,53.46538621650088,1.5565479615033226,0.3318556162563656,5.6853265684747285,,
1135,1,CP,2007,81.69800455102082,3.589617126677861,115.59828810660613,58.54727774275658,12.29492832597888,70.84220606873546,29.27363887137829,6.14746416298944,35.42110303436773,68.6786273146589,2.914921070110385,93.91889164007404,39.855991722207,8.533530398361902,48.389522120568905,19.9279958611035,4.266765199180951,24.194761060284453,11.808992221663337,,,4.003687443713426,,2.001843721856713,,22.38924648797122,5.230774278595437,24.275640502387287,8.237005629570294,0.556770024127994,15.520295200121357,,
1136,1,CP,2007,58.08914801499998,3.000577399256242,82.94640429049281,45.75785776342446,9.609150130319136,55.36700789374359,22.87892888171223,4.804575065159568,27.683503946871795,4.251583333333334,0.3830075044438201,4.6345908377771545,1.949332608848937,0.6435014507322456,2.592834059581183,0.9746663044244686,0.3217507253661228,1.2964170297905915,29.284764962768023,,,12.353046610198911,,6.1765233050994555,,14.431843566759918,7.971102589188587,17.41874490100349,0,0,1.1592549611905556,,
1137,1,CP,2007,201.40135490707144,5.730719383896525,244.37657816059425,108.59526545691179,18.71502274896667,127.31028820587846,54.297632728455895,9.357511374483336,63.65514410293923,0.5297067901234569,0.09060621844724877,0.6203130085707056,0.24570908819092552,0.07993929623258385,0.3256483844235094,0.12285454409546276,0.039969648116291924,0.1628241922117547,3.53579407523291,,,1.3455475215455306,,0.6727737607727653,,3.0335454994704047,11.282697824430642,41.63738792804969,0,0,0.15136004649081486,,
1138,1,CP,2007,120.6217541322286,6.579242793357615,174.80781394739438,90.56158639040626,19.017933141985317,109.57951953239159,45.28079319520313,9.508966570992659,54.78975976619579,6.170914506987448,0.6819464874535889,10.492868548138429,3.3612437720337165,1.0110052011167232,4.372248973150439,1.6806218860168582,0.5055026005583616,2.1861244865752196,1.899553543318584,,,0.4739516333668545,,0.23697581668342724,,2.2243426538646456,16.31943022492725,36.70964092895282,0,2.3551106333166505,2.1949858776328997,,
1139,1,CP,2007,159.5485762322363,6.911612267008254,220.25486331692096,121.81382793360522,25.580903866057096,147.3947317996623,60.90691396680261,12.790451933028548,73.69736589983115,2.2998579741343987,0.13393831987750476,2.8461302137235522,1.0633191881863662,0.2773147410469679,1.340633929233334,0.5316595940931831,0.13865737052348395,0.670316964616667,1.56182085945006,,,0.629426294761687,,0.3147131473808435,,19.823750092505236,7.84296221642384,46.2535212965534,0,0.39503893735758455,0.5505446593859223,,
1140,1,CP,2007,108.43814241765243,3.4208274694000704,202.75724284821638,100.18109281977527,19.039221806916416,119.22031462669167,50.09054640988764,9.519610903458208,59.61015731334584,9.294453511905903,0.18574211389976825,10.763430410904554,3.4102180136380733,0.5456348821820919,3.9558528958201653,1.7051090068190367,0.27281744109104594,1.9779264479100827,5.2371800656436776,,,1.6151680448044774,,0.8075840224022387,,39.023276284445664,14.07422709504436,37.84749928775722,0.178668384178653,0.04326178471809822,1.2916116493085465,,
1141,1,CP,2007,251.11539822208843,9.766544602348784,355.22622758475836,193.07848358413645,40.54648155266865,233.62496513680512,96.53924179206822,20.273240776334326,116.81248256840256,5.654761194428531,0.25166450986466,7.929146500533216,3.333833715956831,0.7001050803509344,4.0339387963077655,1.6669168579784155,0.3500525401754672,2.0169693981538828,6.188150499376159,,,2.36297259837397,,1.181486299186985,,59.80712735742385,8.482401378665006,74.59750779279926,0.7091108497711478,0.4023797225095995,1.2488405738339816,,
1142,1,CP,2007,194.12061372175256,8.603064038806666,277.5270884684913,135.33898649341296,28.42118716361672,163.7601736570297,67.66949324670648,14.21059358180836,81.88008682851485,8.133938523554065,0.47859391817363023,11.447259360262079,3.8295804130438964,0.8352312837913506,4.664811696835247,1.9147902065219482,0.4176156418956753,2.3324058484176233,3.331908733628829,,,1.4054824732168634,,0.7027412366084317,,26.55638759130646,14.390972773085535,58.28068857838317,0,1.4854402011855368,1.8724849918541173,,
1143,1,CP,2007,169.3110073834679,4.952117093373345,214.17290060210976,104.62209646236148,19.663200745650396,124.28529720801187,52.31104823118074,9.831600372825198,62.142648604005934,0,0,0,0,0,0,0,0,0,0,,,0,,0,,32.69968673606474,3.61121464944605,39.5142027795412,0,0,0,,
1144,1,CP,2007,328.4440420238797,7.889374377914329,385.38165685229114,165.70347195609367,27.235417588047653,192.93888954414132,82.85173597804683,13.617708794023827,96.46944477207066,0,0,0,0,0,0,0,0,0,3.692826952416913,,,1.1700122092694432,,0.5850061046347216,,14.115945803209387,11.904548944270672,63.02885537608879,0,0,0,,
1145,1,CP,2007,139.645006012065,4.94431722606073,192.69175438231363,90.01849997555355,16.41070309347375,106.4292030690273,45.009249987776776,8.205351546736875,53.21460153451365,1.3125000000000002,0.08398429213138313,1.3964842921313834,0.5531544193844538,0.1578381338336477,0.7109925532181015,0.2765772096922269,0.07891906691682385,0.35549627660905075,2.551037601420612,,,0.8082548081528894,,0.4041274040764447,,4.866728354012492,17.27447286503699,34.56347787711984,0,0,0.29885661246722955,,
1146,1,CP,2007,199.51374453566268,6.577854405636651,249.07098464786944,116.05637816180061,21.276699389536933,137.33307755133754,58.028189080900304,10.638349694768467,68.66653877566877,0.8090277777777779,0.06988449307848292,0.8789122708562608,0.40502338290150897,0.23166647074109553,0.6366898536426044,0.20251169145075448,0.11583323537054777,0.3183449268213022,10.63777885495344,,,4.253049396267653,,2.1265246981338266,,2.839094259632167,10.176550058626235,44.97817778134133,0,0,0.4386459405360945,,
1147,1,CP,2007,272.42637102791207,12.602582890668359,390.7454766132269,179.5854581193859,37.712946205071034,217.29840432445692,89.79272905969295,18.856473102535517,108.64920216222846,5.260676107563441,0.27296999615076256,7.324717636163062,3.075455872170922,0.661573896184719,3.737029768355641,1.537727936085461,0.3307869480923595,1.8685148841778205,0,,,0,,0,,14.675720472759107,30.363445703521727,82.05655008877766,0.5285005226920845,0.4595578557442512,1.222419517305268,,
1148,1,CP,2007,176.88443360266353,8.51816678625547,255.12920035214754,117.20693821712027,24.613457025595253,141.8203952427155,58.603469108560134,12.306728512797626,70.91019762135775,6.6627227973520196,0.9457079470043747,8.384733508741727,2.436367265345749,0.6858781832828246,3.122245448628574,1.2181836326728746,0.3429390916414123,1.561122724314287,0.2248407424445134,,,0.1044270051321028,,0.0522135025660514,,5.070475585163246,30.07878241522868,53.57713207395098,0,1.2689491444136722,1.337218346448817,,
1149,1,CP,2007,229.71332633977948,6.206014385535281,281.63560739823015,128.78959830996695,22.73054850617356,151.5201468161405,64.39479915498347,11.36527425308678,75.76007340807026,11.925932709124062,0.2401386453177353,13.227864481792263,4.191033900499779,0.683505858965161,4.874539759464939,2.0955169502498894,0.3417529294825805,2.4372698797324697,9.97681427092032,,,2.728029100605493,,1.3640145503027465,,37.08953539410193,10.406314521825939,48.92849774109001,0.1434048718801073,0.11124684900839693,1.6179759737491013,,
1150,1,CP,2007,378.3948027750891,8.22531078405656,538.0737099703705,245.0192602093885,42.80530725525338,287.82456746464186,122.50963010469425,21.40265362762669,143.91228373232093,0,0,0,0,0,0,0,0,0,0.43571121766207155,,,0.09837257201073132,,0.04918628600536566,,30.097284013704044,10.055254977677201,92.52242957318128,0,0,0,,
1151,1,CP,2007,210.68750255672046,5.719722836826983,253.2396263720797,111.35167622558478,18.909270114931886,130.26094634051668,55.67583811279239,9.454635057465943,65.13047317025834,10.72124778608054,0.2712024562059983,11.72620708160351,4.479853957467048,0.776994232295274,5.256848189762322,2.239926978733524,0.388497116147637,2.628424094881161,2.6581626322523424,,,0.90962050486356,,0.45481025243178,,3.7477083777937468,10.994697890109187,42.58821629195301,0.0874042975946185,0.05067940715430552,1.8038590401250931,,
1152,1,CP,2007,122.67356598213635,6.241257483746259,213.36274372321654,114.5130368677973,24.04773774223743,138.5607746100347,57.25651843389865,12.023868871118715,69.28038730501736,0,0,0,0,0,0,0,0,0,2.5409774371165317,,,0.4472946068341084,,0.2236473034170542,,10.632472620740906,15.954642547861157,44.80617618187547,0,0,0,,
1153,1,CP,2007,171.78287777701664,7.334522386499325,266.998972427491,138.93619168752105,29.17660025437942,168.11279194190047,69.46809584376052,14.58830012718971,84.05639597095023,3.5401479184269684,0.19578441601755175,11.83749712158946,6.39799212170985,1.3801286728348632,7.778120794544714,3.198996060854925,0.6900643364174316,3.889060397272357,5.791461715909211,,,2.2529029213049525,,1.1264514606524763,,27.785824038030743,8.732228149088611,56.06978420977311,1.530259613748306,0.3125105336704287,2.484947556736807,,
1154,1,CP,2007,191.2127732663152,9.368200326683802,281.3422404064312,144.17660917368542,30.277087926473936,174.45369710015936,72.08830458684271,15.138543963236968,87.22684855007968,13.60204988158157,1.0517848586226022,16.532696702412935,6.601335226717194,1.831438136787806,8.432773363505,3.300667613358597,0.915719068393903,4.2163866817525,9.200324811836733,,,4.282917763464495,,2.1414588817322473,,18.731477363748503,15.91061612027459,59.08187048535054,0.010500817333801536,1.1741870065408306,3.7613658587371934,,
1155,1,CP,2007,98.28319619247185,4.092255775619409,137.12438188635704,70.85788869694956,14.3104212816354,85.16830997858496,35.42894434847478,7.1552106408177,42.58415498929248,8.806984766961191,0.7589229027475892,9.811208563505772,3.557011970684572,0.953101528024685,4.5101134987092575,1.778505985342286,0.4765507640123425,2.2550567493546287,4.032151185716356,,,1.1785215682828258,,0.5892607841414129,,17.651252475428386,6.522114490676548,27.44745860520911,0,0.3204415506770955,1.8475859818627083,,
1156,1,CP,2007,154.0016772504504,5.422397021913782,196.9686802662117,92.48038799495953,17.091321428343964,109.5717094233035,46.240193997479764,8.545660714171982,54.78585471165175,13.78732961736714,0.26545616877669115,16.167615114409536,3.414964077181726,0.5463942523490761,3.9613583295308024,1.707482038590863,0.27319712617453806,1.9806791647654012,11.591264329761941,,,3.743584761173833,,1.8717923805869165,,20.18466421571523,13.531202356640248,35.848953386719295,0.4257162402968795,0.03755347265045714,1.2934092091527631,,
1157,1,CP,2007,177.80920522887783,6.063730398913549,232.3111149252353,118.60490623118257,23.344493086487873,141.94939931767044,59.302453115591284,11.672246543243936,70.97469965883522,2.5558808469142034,0.09983970980496434,3.6156367710118555,1.5251660586876312,0.32028487232440256,1.8454509310120337,0.7625830293438156,0.16014243616220128,0.9227254655060169,8.007920259185527,,,3.3779411355441087,,1.6889705677720543,,23.70513174408571,4.908120583022838,45.08653967596053,1.0966008239770624,0.4025385584682624,0.5694627914343673,,
1158,1,CP,2007,118.94542371428409,4.90155248133789,168.1100487728709,94.33993113666627,19.811385538699916,114.15131667536619,47.16996556833313,9.905692769349958,57.075658337683095,7.746331775442445,0.36018366294993437,10.627423624532836,4.474762161181663,0.9397000538481491,5.414462215029812,2.2373810805908314,0.46985002692407457,2.707231107514906,1.3605782758516414,,,0.5739259604708384,,0.2869629802354192,,32.681224836219165,6.2294274688689075,35.303110242302886,0.775086726762995,0.5300538819630543,1.6738192208639218,,
1159,1,CP,2007,294.555249685128,14.827869962131054,424.61049123245624,182.94444200490858,38.4183328210308,221.36277482593937,91.47222100245429,19.2091664105154,110.68138741296968,1.0921067207291566,0.16939343550084687,1.3517101148106339,0.39275613223222894,0.10177403142163388,0.4945301636538628,0.19637806611611447,0.05088701571081694,0.2472650818269314,5.799714194439902,,,2.142080175369028,,1.071040087684514,,33.93638736987498,17.6965889325071,89.16820315881581,0,0.10779065879094385,0.21610702757351558,,
1160,1,CP,2007,152.94367873018788,5.961323186372155,215.37021780774688,117.00895166998826,24.571879850697535,141.5808315206858,58.50447583499413,12.285939925348767,70.7904157603429,8.84657401877634,0.48027224958993536,12.196024684057912,6.292294463868045,1.3456909181505021,7.637985382018547,3.1461472319340227,0.6728454590752511,3.8189926910092735,9.838015441537463,,,3.867695157889076,,1.933847578944538,,36.632435355543976,4.265744847788895,45.22774573962684,0.12190298396475992,0.26278132706302965,2.5479814000477066,,
1161,1,CP,2007,116.78624409138226,4.030296846851707,152.66444628874086,77.95933651700389,15.27690779352062,93.23624431052451,38.979668258501945,7.63845389676031,46.618122155262256,1.4524498456790123,0.08854244492321243,1.5409922906022249,0.6103947610345174,0.17171186501087932,0.7821066260453967,0.3051973805172587,0.08585593250543966,0.39105331302269836,3.640531781918261,,,1.4650201865883117,,0.7325100932941558,,11.927937938096294,4.366771949946108,29.468538734125172,0,0,0.32512565278848893,,
1162,1,CP,2007,256.0757892723329,10.156774541399988,355.39464163112245,199.05470869987104,41.77053513993071,240.82524383980177,99.52735434993552,20.885267569965354,120.41262191990089,9.681308621771356,0.3784485006385264,12.500224756512548,5.091540189758306,1.1183590494996023,6.209899239257909,2.545770094879153,0.5591795247498011,3.1049496196289543,13.75341370480295,,,5.704408285567686,,2.852204142783843,,72.07210242755392,6.86092256068942,74.56031286400446,1.178152032062167,0.047847675041632565,2.0789413444815312,,
1163,1,CP,2007,215.2328685525867,8.370576832541758,300.43548009738544,166.94959326665065,35.059414585996635,202.00900785264727,83.47479663332533,17.529707292998317,101.00450392632364,7.762986141786575,0.3190152941468913,10.711994274559968,4.53093422465741,0.9514961871780562,5.482430411835467,2.265467112328705,0.4757480935890281,2.7412152059177335,15.38562624124396,,,6.368953707184996,,3.184476853592498,,84.40361759655943,8.06015476196069,63.09145082045094,5.3082901551883594,0.4004419425312534,1.6871390982431949,,
1164,1,CP,2007,214.5683914396302,6.092078892449603,275.0353623386793,130.14160296953239,23.83392057052169,153.9755235400541,65.07080148476619,11.916960285260846,76.98776177002705,2.0752587992355793,0.08190340786392965,5.417403405640328,2.2584246509454684,0.4742691766985483,2.7326938276440167,1.1292123254727342,0.23713458834927414,1.3663469138220083,1.5692284413692756,,,0.5762919501213941,,0.28814597506069706,,26.910832028832917,7.724810892949852,49.48222799539086,6.251638770957823,1.3602123310103658,0.8822805825936175,,
1165,1,CP,2007,31.441850555753167,2.1179505984926443,59.632625802251546,23.700694172352595,4.977145776194044,28.677839948546637,11.850347086176297,2.488572888097022,14.338919974273319,0.6804523698707128,0.05124227437861269,0.8952811728338961,0.33664848594480956,0.07392303250417542,0.410571518448985,0.16832424297240478,0.03696151625208771,0.2052857592244925,2.6302122734192284,,,1.1012448738996814,,0.5506224369498407,,0.9314078378192531,6.489672422594458,12.522851418472824,0.1774309086246293,0.07940313302255107,0.13741245574000716,,
1166,1,CP,2007,279.63458380244805,12.10521425272967,409.18223225106834,198.6026717163375,41.70656106043088,240.3092327767684,99.30133585816876,20.85328053021544,120.1546163883842,1.6712962962962963,0.06508524079253147,1.7363815370888276,0.5808912434612812,0.17122156159296278,0.7521128050542439,0.2904456217306406,0.08561078079648139,0.37605640252712197,3.761892338215433,,,1.6049824565088564,,0.8024912282544282,,95.70601503683194,6.4981557919297295,85.92826877272434,0,0,0.3838575141837477,,
1167,1,CP,2007,256.58207955712743,7.97005216326716,325.5022956430657,153.5453739154936,28.565169981046406,182.11054389654,76.7726869577468,14.282584990523203,91.05527194827,11.507735982784776,0.3367051190200542,13.179119698676939,4.222098494136782,0.8091185001148146,5.031216994251597,2.111049247068391,0.4045592500574073,2.5156084971257986,16.023346344082302,,,5.072403077730679,,2.5362015388653396,,18.94901297990718,9.237350663828732,59.64580733917551,0.16776059886926142,0.1051388928930665,1.8694362794263253,,
1168,1,CP,2007,211.07818811685547,9.571545886680374,304.6638190997784,132.07370639662426,27.735478343291092,159.80918473991537,66.03685319831213,13.867739171645546,79.90459236995768,7.186226851851853,0.7000977348084644,7.886324586660317,2.3871110886020954,0.6978843248255374,3.084995413427633,1.1935555443010477,0.3489421624127687,1.5424977067138166,37.80488905609177,,,10.975969335209792,,5.487984667604896,,11.610091068734567,8.142223565015826,63.97940201095346,0,0,1.5645701372130467,,
1169,1,CP,2007,445.8120467435324,18.972883649533173,660.4155447915346,251.028671416529,52.71602099747109,303.7446924140001,125.5143357082645,26.358010498735545,151.87234620700005,6.1342592592592595,0.718514675122321,6.852773934381581,3.0567140434476467,0.8554394363928164,3.9121534798404634,1.5283570217238234,0.4277197181964082,1.9560767399202317,74.28001891389235,,,19.54423592377123,,9.772117961885614,,83.99265938053568,6.379857325278905,138.68726440622225,0,0,1.9177891647145717,,
1170,1,CP,2007,262.11473227092296,12.070098745062,379.66514266549683,166.95166746948482,35.05985016859181,202.0115176380766,83.47583373474241,17.529925084295904,101.0057588190383,32.26781324105287,1.8168988821386378,43.550848482518795,14.742207953158763,3.3040341538123967,18.04624210697116,7.3711039765793815,1.6520170769061984,9.02312105348558,1.1465050530138385,,,0.38355322931873626,,0.19177661465936813,,9.284350172411367,10.086563496140048,79.72967995975434,0.7990360875420817,2.148385226869565,7.470656100599365,,
1171,1,CP,2007,175.47766346222204,6.761126020182549,234.26252158767872,120.6845977795773,24.010114862865205,144.6947126424425,60.34229888978865,12.005057431432602,72.34735632122126,2.4369835093705556,0.17093167502440076,4.043777012083308,1.951676850681245,0.4098521386430614,2.3615289893243063,0.9758384253406225,0.2049260693215307,1.1807644946621532,14.167904263386102,,,7.428423529858899,,3.7142117649294497,,47.149291971549246,11.149090016084953,46.03814892454078,0,0.9750308239230487,0.8491931725374946,,
1172,1,CP,2007,272.58484088886365,13.068904029637423,436.2693912366774,160.3296607264332,33.669228752550964,193.99888947898415,80.1648303632166,16.834614376275482,96.99944473949208,12.515697945464876,0.9467986330387064,16.75613099862759,4.871477778625516,1.193033086916211,6.064510865541727,2.435738889312758,0.5965165434581055,3.0322554327708633,9.269773348424177,,,2.9025466802900146,,1.4512733401450073,,53.05185982397458,10.97886620657525,91.61657215970226,0,0.823066322562587,2.839518786695283,,
1173,1,CP,2007,142.20970771750515,4.929234714921019,186.5830782272964,92.89991431463758,17.956370800430754,110.85628511506835,46.44995715731879,8.978185400215377,55.42814255753417,0,0,0,0,0,0,0,0,0,0,,,0,,0,,29.32312130859178,8.716931969692974,35.50714855814622,0,0,0,,
1174,1,CP,2007,268.9416355886177,12.0291105489808,393.5904660582809,181.71874688761966,37.7660360018412,219.48478288946086,90.85937344380983,18.8830180009206,109.74239144473043,22.28492468420743,1.1354430558267834,31.456110615901743,10.5054249018932,2.2467719395497063,12.752196841442906,5.2527124509466,1.1233859697748532,6.376098420721453,0.5944142393106195,,,0.1988560804344543,,0.09942804021722715,,17.074919816677188,10.636913659085328,81.71919962562713,1.1176968585127334,0.2169499735485397,5.03048430735838,,
1175,1,CP,2007,171.03567124765286,7.258522284603582,241.71917908833413,123.72435991804139,25.98211558278869,149.70647550083007,61.86217995902069,12.991057791394345,74.85323775041503,25.52650528814605,1.1419466701264311,30.722200361245335,10.483938769640373,2.5529029081038463,13.03684167774422,5.2419693848201865,1.2764514540519232,6.51842083887211,2.3041313032857036,,,0.6863869338012191,,0.34319346690060953,,26.15504062621859,6.311722502635479,50.761027608550165,0.2976501526845698,0.3327156742867204,5.6213130471214265,,
1176,1,CP,2007,256.56591907537734,10.545040838693266,359.8040327644486,186.28186848229197,39.11919238128131,225.4010608635733,93.14093424114598,19.559596190640654,112.70053043178665,0,0,0,0,0,0,0,0,0,8.821143072109894,,,2.7672900967860774,,1.3836450483930387,,40.77966017152161,9.588382869025747,75.5588468805342,0,0,0,,
1177,1,CP,2007,202.13777076872736,7.741542104294173,277.25849204161887,147.1658610131972,29.669123199344092,176.8349842125413,73.5829305065986,14.834561599672046,88.41749210627064,1.465389980415834,0.0695247020356915,1.9694123302682915,0.8307473985683349,0.17445695369935033,1.0052043522676852,0.41537369928416745,0.08722847684967516,0.5026021761338426,13.057926252249773,,,5.586531817566651,,2.7932659087833254,,61.81060296650521,14.402164041649995,55.299150789084365,0.09555495129772854,0.06679010220804305,0.3101824420172559,,
1178,1,CP,2007,280.84701432383554,11.290719359140274,390.3057616196837,210.49653654612928,44.20427267468715,254.70080922081644,105.24826827306464,22.102136337343573,127.35040461040822,3.4390014377413367,0.1465913137783951,4.620453088538287,1.9490227234371504,0.4092947719218016,2.358317495358952,0.9745113617185752,0.2046473859609008,1.179158747679476,8.187372369711241,,,3.4536385259257996,,1.7268192629628998,,56.17475537800078,8.453113357628258,81.96420994013357,0.3087782384917517,0.05710384811367696,0.7277213614447802,,
1201,1,CP,2007,117.86067400692899,5.037602972927604,179.0493879870759,70.87583990805518,14.883926380691587,85.75976628874677,35.43791995402759,7.441963190345794,42.87988314437339,3.1138805800702785,0.1175845124586091,8.368822998266861,4.423725870482834,0.9289824328013953,5.35270830328423,2.211862935241417,0.4644912164006976,2.676354151642115,3.247556613790125,,,0.5842876517821153,,0.29214382589105764,,0.7223624646645569,22.478203379053596,37.60037147728594,1.4299276873115374,1.1272670979376798,1.7320648808840433,,
1202,1,CP,2007,150.3789659836116,5.441754731919541,207.82513032323448,106.03811274090683,22.268003675590432,128.30611641649725,53.01905637045341,11.134001837795216,64.15305820824862,0,0,0,0,0,0,0,0,0,183.47016372727336,,,46.294261821093144,,23.147130910546572,,9.629628816400954,23.846665177594446,43.643277367879236,0,0,0,,
1203,1,CP,2007,80.83943499555845,3.5493132245909584,157.89317485455342,82.49940102650906,17.3248742155669,99.82427524207597,41.24970051325453,8.66243710778345,49.912137621037985,50.88537045350772,1.6784074393516375,53.87776228509392,14.144482603774597,3.593955125497564,17.73843772927216,7.072241301887298,1.796977562748782,8.86921886463608,268.58560835692924,,,69.04099943964438,,34.52049971982219,,5.8981574793261125,22.22955659237608,33.15756671945621,0,1.7630711922622546,10.320442332226355,,
1204,1,CP,2007,418.0332476488135,12.601694569058592,539.9161862516302,200.11626612197225,42.02441588561417,242.1406820075864,100.05813306098612,21.012207942807084,121.0703410037932,37.67784186304552,1.0957741936581522,43.23198104237984,11.175575104576735,2.5607514269620104,13.736326531538747,5.5877875522883675,1.2803757134810052,6.868163265769374,0.20396393663770615,,,0.05272518717764359,,0.026362593588821794,,118.81084548654411,24.09632858586267,113.38239911284232,2.5204137303675442,0.05693165138660913,7.429574503463214,,
1205,1,CP,2007,425.738198289406,13.462200249524745,592.1778107873042,272.537873984588,59.17210559559023,331.7099795801782,136.268936992294,29.586052797795116,165.8549897900891,33.91859503362562,0.7832469508336716,35.27021829505094,12.179910881259701,3.112016569392846,15.291927450652546,6.089955440629851,1.556008284696423,7.645963725326273,23.47365448845241,,,7.372534732043495,,3.6862673660217475,,176.79597742075956,7.495103201006921,127.66843241164888,0,0.8442679099727857,8.979024643427742,,
1206,1,CP,2007,234.97348278227392,8.262516602136463,317.05288287862066,122.0049528365125,25.621040095667627,147.62599293218014,61.00247641825625,12.810520047833814,73.81299646609007,249.55800831499835,5.807154649680296,273.1608994607805,71.06901527520426,17.155290843276756,88.22430611848102,35.53450763760213,8.577645421638378,44.11215305924051,59.89608637620701,,,14.49088063045076,,7.24544031522538,,39.11445934509864,8.831227396042811,66.58110540451034,11.365315853764937,0.5755492371671073,49.5977949768855,,
1207,1,CP,2007,180.8145218040607,6.025100480112988,231.7746579891736,129.4984835016905,27.194681535355,156.69316503704547,64.74924175084524,13.5973407676775,78.34658251852274,0,0,0,0,0,0,0,0,0,0.6181892369823717,,,0.17394814952816082,,0.08697407476408041,,18.35218944594754,14.84708298344324,48.67267817772645,0,0,0,,
1208,1,CP,2007,184.5213981232932,6.1373448293561665,296.0291667353502,158.0866163265802,33.19818942858184,191.28480575516204,79.0433081632901,16.59909471429092,95.64240287758102,7.750390571194847,0.09454507061896951,72.73543764768215,35.700730094868526,7.49715331992239,43.197883414790915,17.850365047434263,3.748576659961195,21.598941707395458,0,,,0,,0,,42.14280655787297,8.893401947896558,62.16612501442354,5.010331529307271,0.8870354920948607,13.329851723531295,,
1209,1,CP,2007,173.6707835261906,6.9892600382201335,247.48564281532757,123.71023126773161,25.97914856622364,149.68937983395526,61.85511563386581,12.98957428311182,74.84468991697763,29.065225765084296,1.0902849524753515,122.63544863560232,60.0633272681053,12.613298726302112,72.6766259944074,30.03166363405265,6.306649363151056,36.3383129972037,0,,,0,,0,,20.772464587293815,13.608128149946317,51.97198499121878,10.610715247133552,4.553865353376389,22.929702443499384,,
1210,1,CP,2007,468.78508708591113,13.867327027209496,615.2654068415868,225.320152242754,47.31723197097834,272.63738421373233,112.660076121377,23.65861598548917,136.31869210686617,0.9527570559016978,0.058015879748903626,1.4863185067276106,0.6629797941759219,0.1392257567769436,0.8022055509528655,0.33148989708796095,0.0696128783884718,0.40110277547643275,0,,,0,,0,,80.31542759129849,18.872419447739674,129.20573543673322,0,0.37056388971234305,0.3121268864127982,,
1211,1,CP,2007,293.19200167645624,9.29954987485587,389.86196509226625,152.1226009746316,31.945746204672638,184.06834717930425,76.0613004873158,15.972873102336319,92.03417358965213,4.323118067829432,0.15883062055162175,5.481324057427634,1.4169359626674591,0.2975565521601664,1.7144925148276255,0.7084679813337296,0.1487782760800832,0.8572462574138128,0,,,0,,0,,25.964897845455912,22.635687099562624,81.87101266937592,0.19084586340185838,0.07575025350222377,0.8633085390448525,,
1212,1,CP,2007,201.73043409693727,8.378836539057255,276.1696528155908,106.85649935342417,22.439864864219075,129.29636421764323,53.428249676712085,11.219932432109538,64.64818210882162,17.355257088111117,0.6327189797018904,22.713500746605536,7.8552783055431386,1.649608444164059,9.504886749707197,3.9276391527715693,0.8248042220820295,4.752443374853598,0.2858403129172034,,,0.07389043499511294,,0.03694521749755647,,12.746812433535773,27.030423236305612,57.99562709127406,1.4128018133284979,1.4057155374838382,4.731488488746942,,
1213,1,CP,2007,115.80607614734912,4.931503677058718,161.88533295229612,78.86962863520645,16.562622013393355,95.4322506485998,39.43481431760323,8.281311006696678,47.7161253242999,10.631905684911745,1.292198774656261,15.174660067809816,4.828187437657312,1.0508237580068742,5.8790111956641855,2.414093718828656,0.5254118790034371,2.9395055978320928,0,,,0,,0,,4.346102915394017,9.731000953458684,33.995919919982185,0,1.8086639341004305,2.488004399474849,,
1214,1,CP,2007,158.17382640152937,6.208253706636866,218.75037251661624,89.22457245514475,18.737160215580396,107.96173267072516,44.612286227572376,9.368580107790198,53.98086633536258,4.013013428112858,0.18511896628430044,5.468116810987391,2.0291207368024984,0.4261153547285247,2.455236091531023,1.0145603684012492,0.21305767736426234,1.2276180457655115,0,,,0,,0,,8.063928698305611,22.422005541823463,45.93757822848941,0.14484419727616674,0.6006715558489565,1.148304530307352,,
1215,1,CP,2007,129.73181907057761,5.694513229099006,184.23642806629826,83.82586682928175,17.603432034149165,101.42929886343092,41.912933414640875,8.801716017074583,50.71464943171546,0.5940741963367177,0.14360176767994895,1.5984303382628289,0.6577267965918379,0.14821392850129306,0.805940725093131,0.32886339829591893,0.07410696425064653,0.4029703625465655,1.578915279263634,,,0.5854931053792024,,0.2927465526896012,,3.045432931044677,40.832361079986185,38.689649893922635,0,1.3852684701536169,0.3582938173114776,,
1216,1,CP,2007,190.4379830206524,9.16232148062806,297.8852541187202,121.84472912991086,25.58739311728128,147.43212224719213,60.92236456495543,12.79369655864064,73.71606112359606,3.7056558859066397,0.16367029930604027,4.834246874873691,1.2496648944043465,0.26242962782491275,1.5120945222292592,0.6248324472021732,0.13121481391245637,0.7560472611146296,18.718389695863472,,,4.997330856099401,,2.4986654280497005,,149.5396920029189,16.350301717123923,62.55590336493123,0.09182873293074176,0.16444234149072334,0.7613938827926062,,
1217,1,CP,2007,315.27130949377766,11.012927350350658,413.9524528905596,229.8495033126447,48.26839569565539,278.1178990083001,114.92475165632236,24.134197847827696,139.05894950415006,7.513173171720879,0.2601758248262289,10.631909689420315,5.461222364293554,1.1468566965016462,6.608079060795199,2.730611182146777,0.5734283482508231,3.3040395303975996,1.712408943876762,,,0.9636866810456263,,0.48184334052281313,,46.99004410161304,18.351839165725224,86.93001510701751,0.6782695565207405,0.05097413374357585,2.232701034778266,,
1218,1,CP,2007,59.168403904239135,4.026810677418216,102.30210249598258,50.10137169042449,10.521288054989144,60.622659745413635,25.050685845212247,5.260644027494572,30.311329872706818,0,0,0,0,0,0,0,0,0,9.745499262580896,,,2.420065181861764,,1.210032590930882,,0.13907030097059236,39.9839850383123,21.48344152415634,0,0,0,,
1219,1,CP,2007,259.0982399750276,8.650857799871154,336.5656266704072,188.07256860717618,39.49523940750699,227.56780801468318,94.03628430358809,19.747619703753497,113.78390400734159,0.07859503362562734,0.04955739139992524,0.7304127245756188,0.2982789991661639,0.06263858982489443,0.3609175889910583,0.14913949958308195,0.03131929491244721,0.18045879449552915,1.2154721950203269,,,0.5130204308282388,,0.2565102154141194,,40.99682569337752,15.355733536750664,70.67878160078551,0,0.8440959718456059,0.1404279528726573,,
1220,1,CP,2007,351.8242208345118,10.796093793170215,452.52808720401333,165.26683862314206,34.706036110859834,199.9728747340019,82.63341931157103,17.353018055429917,99.98643736700095,0.03929751681281367,0.022414875221791086,0.48357997622852084,0.2157032639077118,0.045297685420619474,0.26100094932833123,0.1078516319538559,0.022648842710309737,0.13050047466416562,0,,,0,,0,,40.16088470091606,22.740444286804095,95.0308983128428,0,0.42650605882495674,0.10155179500798937,,
1221,1,CP,2007,155.33442452132266,6.371226930293463,208.25214230331014,111.20634952526312,23.353333400305253,134.55968292556838,55.60317476263156,11.676666700152627,67.27984146278419,25.124439380853786,0.8403880775044092,75.41568413977429,32.5091099615488,6.826913091925248,39.336023053474044,16.2545549807744,3.413456545962624,19.668011526737022,0,,,0,,0,,18.47058784773219,9.084793702936421,43.73294988369513,11.696984412032275,4.418278615569297,12.393645030463274,,
1222,1,CP,2007,263.3538169834518,6.785694159761656,340.302857345988,129.1865281055515,27.129170902165814,156.3156990077173,64.59326405277575,13.564585451082907,78.15784950385866,58.34585783859185,1.570382841153925,70.07315830138211,18.114086482512064,3.988981242803459,22.103067725315526,9.057043241256032,1.9944906214017295,11.051533862657763,180.06434618889887,,,45.85119179770743,,22.925595898853715,,52.75542494142234,0.9097657319024052,71.46360004265748,8.796375507493376,0.0469147788947774,11.573334695544911,,
1223,1,CP,2007,221.661738150691,7.367584734326069,289.4679095324967,105.84858463961795,22.22820277431977,128.07678741393772,52.92429231980898,11.114101387159884,64.03839370696886,11.568973733603086,0.4059126193502397,14.332705061497487,4.930359956919154,1.0639679587577278,5.99432791567688,2.465179978459577,0.5319839793788639,2.99716395783844,4.807383124261935,,,1.310391323913139,,0.6551956619565695,,25.097579421548794,12.56396294876457,60.78826100182431,0.8874317796159309,0.0651523067499942,3.0237248189982293,,
1224,1,CP,2007,212.12979220772903,7.044494706874913,277.5635178972277,107.87366514934772,22.65346968136302,130.52713483071074,53.93683257467386,11.32673484068151,65.26356741535537,15.320610432053176,0.5078450085362087,19.750517066639393,5.306721076801238,1.1144114261282598,6.421132502929497,2.653360538400619,0.5572057130641299,3.2105662514647486,40.50163202547509,,,10.816625433654066,,5.408312716827033,,69.1578835352202,14.798696467507828,58.28833875841782,6.207340596194907,0.9915222830318057,3.124217624695071,,
1225,1,CP,2007,111.92289399654169,4.477831449061929,152.4969920673319,69.69778006408241,14.636533813457307,84.33431387753973,34.848890032041204,7.318266906728653,42.167156938769864,249.133675414233,6.715789053553676,292.09404164037466,87.76903211679229,19.486177153266418,107.25520927005871,43.884516058396144,9.743088576633209,53.62760463502936,33.28972226684992,,,8.556221161920952,,4.278110580960476,,7.354895547681981,20.977887634177502,32.024368334139695,20.348793622163306,0.5332357479052087,56.535750961049196,,
1226,1,CP,2007,241.12790555604462,7.517972722627746,342.20572781529415,135.90889403603973,28.540867747568345,164.4497617836081,67.95444701801986,14.270433873784173,82.22488089180405,149.70531150453462,3.6997473071272844,172.73091512179525,47.30965240654685,10.727740844458365,58.03739325100522,23.654826203273426,5.363870422229183,29.01869662550261,105.01777026329735,,,26.562939649515876,,13.281469824757938,,33.60209026171495,5.077091239922193,71.86320284121177,13.428057512815162,0.15721555150920685,31.124672632636287,,
1227,1,CP,2007,291.40528317500906,9.484481811221364,377.16696298298444,135.6065594728494,28.477377489298373,164.0839369621478,67.8032797364247,14.238688744649187,82.0419684810739,0.03929751681281367,0.024423620931522748,0.3354956395770206,0.1122371293906263,0.02356979717203152,0.1358069265626578,0.05611856469531315,0.01178489858601576,0.0679034632813289,0.5629958746187751,,,0.14553584010413967,,0.07276792005206983,,33.442212253857086,14.193889282603996,79.20506222642673,0,0.42318619814839853,0.052840563233380745,,
1228,1,CP,2007,195.66451261545666,7.613456017415825,269.62505404472097,146.13359315167196,30.68805456185111,176.82164771352308,73.06679657583598,15.344027280925555,88.41082385676154,0,0,0,0,0,0,0,0,0,0.24517720739514445,,,0.06894792052138658,,0.03447396026069329,,33.63680571280641,9.846432250911498,56.6212613493914,0,0,0,,
1229,1,CP,2007,324.26356414600866,11.579865713017602,433.7481731831209,239.66277463452812,50.329182673250905,289.99195730777905,119.83138731726406,25.164591336625453,144.99597865388952,0,0,0,0,0,0,0,0,0,0,,,0,,0,,58.32261612708325,3.9057941173694464,91.08711636845538,0,0,0,,
1230,1,CP,2007,174.98093592417678,6.19976901120061,237.4418581481866,100.87526542274985,21.18380573877747,122.05907116152731,50.437632711374924,10.591902869388734,61.02953558076366,2.4890937475415056,0.17304306254551252,3.42048535416196,1.091628475689689,0.24573978652640646,1.3373682622160956,0.5458142378448445,0.12286989326320323,0.6686841311080478,6.540698347083113,,,2.019102443192936,,1.009551221596468,,28.24369719933907,10.206205733805541,49.86279021111919,0,0.838349581273562,0.7029824411216146,,
1231,1,CP,2007,145.10702199371372,4.628322691822563,192.19312118424116,73.82587107677284,15.503432926122297,89.32930400289514,36.91293553838642,7.751716463061149,44.66465200144757,129.5792867362831,3.873924266700664,135.7592724882424,35.63773804866321,9.314982576884663,44.95272062554787,17.818869024331605,4.657491288442332,22.476360312773934,24.379373831574938,,,6.300237573448589,,3.1501187867242946,,13.524498706393498,8.474001080026849,40.36055544869064,0,0.6935953993917409,26.84835286545378,,
1232,1,CP,2007,198.59160161618328,7.5185583852956706,263.56655730241494,98.21179648644434,20.62447726215331,118.83627374859765,49.10589824322217,10.312238631076655,59.418136874298824,1.6992627654439365,0.15541214138142614,2.8288678559717217,1.0704898227290858,0.2322300176953194,1.3027198404244054,0.5352449113645429,0.1161150088476597,0.6513599202122027,14.953707233954326,,,5.064177751639701,,2.5320888758198503,,16.81328603463965,8.817830089872993,55.34897703350714,0.09021464249229771,0.15934934320896943,0.45960953959597667,,
1233,1,CP,2007,67.63196428930506,2.79726907324069,94.78352137886881,36.01854195848761,7.563893811282398,43.58243576977001,18.009270979243805,3.781946905641199,21.791217884885004,232.04001861721252,5.412389584307709,278.23893565065623,79.58359549822875,17.352189448446335,96.93578494667508,39.79179774911437,8.676094724223168,48.46789247333754,84.97528021156373,,,21.770603364717182,,10.885301682358591,,2.8515346878646595,8.152658107932918,19.90453948956245,44.804916261591686,0.21690680064239806,50.22982127785084,,
1234,1,CP,2007,178.0620204392876,6.199454492189506,251.43603514250313,119.9555084601563,25.19065677663282,145.1461652367891,59.97775423007815,12.59532838831641,72.57308261839455,98.78413170240943,2.5133025220559353,120.5255786547129,32.23598083619978,7.255707098473143,39.49168793467292,16.11799041809989,3.6278535492365713,19.74584396733646,35.95902574511869,,,9.310647709455518,,4.655323854727759,,9.383708543584081,18.059955806264313,52.80156737992566,9.651780041189834,2.227998315559271,20.387417574438345,,
1235,1,CP,2007,300.8685816791965,9.423198138229537,393.02624384946483,168.40787215030917,35.36565315156493,203.77352530187412,84.20393607515459,17.682826575782464,101.88676265093706,157.73447422899463,4.228048636102171,193.01244575341954,63.37071646347086,13.557043233785166,76.92775969725604,31.68535823173543,6.778521616892583,38.46387984862802,21.172519620823685,,,5.473149216634058,,2.736574608317029,,43.905114525201796,25.6631473667899,82.5355112083876,20.20513894863204,0.33764940770443336,39.33340100549049,,
1236,1,CP,2007,363.4757290787615,10.789577607423295,473.7017782193597,175.33264410211424,36.81985526144399,212.15249936355823,87.66632205105712,18.409927630721995,106.07624968177912,0.15234612749983228,0.05769319519150991,0.6460789516065412,0.243665302761554,0.051169713579926335,0.2948350163414803,0.121832651380777,0.025584856789963167,0.14741750817074015,1.736655511750268,,,0.29928652561347574,,0.14964326280673787,,52.33570832858716,11.561119308171625,99.47737342606554,0,0.8282511070227663,0.11471615416625287,,
1237,1,CP,2007,353.0865622990196,10.177717401265225,449.8599282374159,161.73891237456348,33.96517159865833,195.70408397322183,80.86945618728174,16.982585799329165,97.85204198661091,15.494568349722055,0.6422168061481545,16.557469800168683,4.390268031218839,1.1103616604649873,5.5006296916838275,2.1951340156094195,0.5551808302324936,2.7503148458419138,37.145908996657695,,,11.244901215332112,,5.622450607666056,,52.55191941390822,12.844010777853626,94.47058492985734,0,0.8411307357138804,3.1753873149982614,,
1238,1,CP,2007,190.3936025318709,6.534054753076031,258.9571916814546,145.84185989971286,30.868436282031062,176.71029618174393,72.92092994985643,15.434218141015531,88.35514809087196,0,0,0,0,0,0,0,0,0,0,,,0,,0,,51.23326231214392,7.078133789063,54.79361904572416,0,0,0,,
1239,1,CP,2007,259.9322692858923,8.16700470102752,332.3941211460326,186.94897468268326,39.25928468336348,226.20825936604675,93.47448734134163,19.62964234168174,113.10412968302337,0,0,0,0,0,0,0,0,0,0,,,0,,0,,36.852824659219856,8.97556218903564,69.80276544066685,0,0,0,,
1240,1,CP,2007,340.3142463153639,10.36893314625929,437.5490748031917,157.75738532598996,33.12905091845789,190.88643624444785,78.87869266299498,16.564525459228946,95.44321812222393,0,0,0,0,0,0,0,0,0,0,,,0,,0,,43.72926335780819,20.940767290086153,91.88530570867024,0,0,0,,
1241,1,CP,2007,200.9658920945816,6.57437166492763,280.1938478378133,153.0427967996108,32.138987327918265,185.18178412752908,76.5213983998054,16.069493663959133,92.59089206376454,2.4992207238678974,0.03204086676800393,18.519906499828146,10.416213276756247,2.187404788118812,12.60361806487506,5.208106638378124,1.093702394059406,6.30180903243753,0,,,0,,0,,24.032362421278247,12.461771406258892,58.84070804594079,1.6342580980783377,0.30366582018262583,3.889180364963911,,
1242,1,CP,2007,275.9888937790873,8.732644297360197,363.0202180111084,139.33749991199062,29.26087498151803,168.59837489350866,69.66874995599531,14.630437490759014,84.29918744675433,0,0,0,0,0,0,0,0,0,0,,,0,,0,,37.79360911461547,14.82856476960782,76.23424578233276,0,0,0,,
1243,1,CP,2007,186.82930841546707,5.6647652505444714,245.4723319236067,102.84565295041787,21.597587119587754,124.44324007000561,51.422826475208936,10.798793559793877,62.22162003500281,151.6113850308642,3.1899304194891167,154.80131545035331,40.04424409735026,10.284698012848164,50.328942110198426,20.02212204867513,5.142349006424082,25.164471055099213,191.70131353071412,,,49.64835305271186,,24.82417652635593,,22.98200850339902,8.832922986336076,51.5491897039574,0,0,29.804853344652706,,
1244,1,CP,2007,59.71796186883693,3.843699144067079,96.55014960510803,49.89896043030861,10.478781690364809,60.377742120673425,24.949480215154306,5.239390845182404,30.188871060336712,0.03929751681281367,0.024423620931522748,0.3354956395770206,0.1122371293906263,0.02356979717203152,0.1358069265626578,0.05611856469531315,0.01178489858601576,0.0679034632813289,14.969652201401127,,,4.021006725169843,,2.0105033625849216,,6.4389401477929065,31.358278203940593,20.275531417072685,0,0.42318619814839853,0.052840563233380745,,
1245,1,CP,2007,255.40472112769018,9.19806743551208,345.985459193494,137.25430048108768,28.823403101028415,166.0777035821161,68.62715024054384,14.411701550514207,83.03885179105805,8.91028139104051,0.4559243891805886,11.54931408888318,4.0457753022946905,0.9401571120422346,4.985932414336925,2.0228876511473453,0.4700785560211173,2.4929662071684624,21.48101495218347,,,7.122243339160326,,3.561121669580163,,101.42944475064297,17.621545657115472,72.65694643063375,0.4803894090831217,0.9035325642710371,2.553447721920068,,
1246,1,CP,2007,381.12371774025155,10.600228577915994,485.6109855169029,174.03948749436594,36.54829237381685,210.58777986818282,87.01974374718297,18.274146186908425,105.29388993409141,0.997575983578421,0.056172839506172856,1.6897046390986437,0.8008531039379032,0.6425866241239465,1.4434397280618498,0.4004265519689516,0.32129331206197326,0.7217198640309249,3.451383009118986,,,0.9973215269070204,,0.4986607634535102,,60.05909836094153,14.357047632917352,101.9783069585496,0,1.2927215233776752,1.141834897179951,,
141100,1,CA,2007,331.4002004566501,15.22080509134206,479.929313890536,216.62566130182677,45.49138887338362,262.1170501752104,108.31283065091338,22.74569443669181,131.0585250876052,10.23174403512565,0.7186300699387304,13.178940304187376,4.427865670432797,1.100418941602308,5.528284612035105,2.2139328352163985,0.550209470801154,2.7641423060175523,8.386474,,,2.6517126629672942,,1.3258563314836471,,19.40389506376712,8.054538155086652,100.78515591701256,0.8266144233711069,0.34409597689149307,2.4698086123360534,,
141200,1,CA,2007,160.90778284324335,6.607904234573662,228.11331754460923,124.64701846222289,25.767261896067073,150.41428035828997,62.323509231111444,12.883630948033536,75.20714017914499,11.086615427417767,0.5932129712293043,15.53218909993412,6.306555586950606,1.5853582790749157,7.891913866025521,3.153277793475303,0.7926791395374578,3.9459569330127606,5.819074,,,2.0669415449114736,,1.0334707724557368,,34.19488039815932,3.8409252508549683,46.93654181863124,0.9820533177441311,0.48982874338584115,3.0969516358894182,,
151000,1,CA,2007,315.45474268011804,9.121692603412514,394.3922270463907,180.55299423358127,37.91612878905207,218.46912302263334,90.27649711679064,18.958064394526033,109.23456151131667,0.062312047075935906,0.01865595360707828,0.3401926824510085,0.14715183891726893,0.03287390907409842,0.18002574799136736,0.07357591945863447,0.01643695453704921,0.09001287399568368,3.572133333333333,,,1.6834699600323602,,0.8417349800161801,,42.171028539681586,18.85372069613771,82.82236767974204,0,0.2034834087325622,0.06937991051389586,,
21000,1,CA,2008,473.9632915930031,12.99751696360747,611.9417441866809,348.9626687656315,73.68976809013218,422.65243685576365,174.48133438281576,36.84488404506609,211.32621842788183,11.808467933779298,0.3354899298077847,15.21670403540558,7.144827517082125,1.5060154289589556,8.650842946041081,3.5724137585410625,0.7530077144794778,4.3254214730205405,9.111220408163266,,,3.5501123782944153,,1.7750561891472076,,127.38970968426896,6.237753142803368,129.20375423971177,2.304038346809687,0.26050717359886394,2.6571388729656436,,
2001,2,CP,2010,541.2819816882172,14.177053768886005,672.9464566373784,386.697616427791,89.38626510776447,476.0838815355554,193.3488082138955,44.693132553882236,238.0419407677777,8.32092661918057,0.34144516927496593,9.209123234594838,5.247096994317433,1.2835789832091806,6.530675977526614,2.6235484971587164,0.6417894916045903,3.265337988763307,25.96946768247114,,,12.422755272637662,,6.211377636318831,,145.24676129577847,1.1307899783152926,154.96237520330595,0.3333357220444911,0.1287124184951924,2.2533514977193083,,
2002,2,CP,2010,384.6892054275626,10.581968967524935,483.162458684119,282.64631338863893,67.60303645963633,350.24934984827524,141.32315669431947,33.801518229818164,175.12467492413762,18.35159236111111,0.9926970619004621,19.344289423011574,8.496785275876704,2.525707138048534,11.022492413925237,4.248392637938352,1.262853569024267,5.5112462069626185,25.413008949774177,,,11.162409512096088,,5.581204756048044,,129.9908995758308,0.8044179872160205,115.54635674962104,0,0,4.312631921059334,,
2003,2,CP,2010,500.9989517330408,12.425862308408773,613.0741887605303,346.22709681424857,80.1478132512062,426.3749100654548,173.11354840712428,40.0739066256031,213.1874550327274,11.655257139556957,0.4339371618530221,12.679370768149662,5.505014828079045,1.4730218631341825,6.978036691213227,2.7525074140395227,0.7365109315670912,3.4890183456066133,13.88098837743373,,,5.030448408835925,,2.5152242044179625,,109.39521434644476,1.4657029589467365,141.26284749632296,0.09125264852205062,0.05718536446131948,2.538223401691984,,
2004,2,CP,2010,567.9431259010815,14.826630044926352,705.9541889231432,407.40259031748315,94.00091274083086,501.403503058314,203.70129515874157,47.00045637041543,250.701751529157,9.269297333574295,0.42432591146526394,9.778559453519236,5.673204882379714,1.658247088935129,7.331451971314842,2.836602441189857,0.8291235444675645,3.665725985657421,13.15766806562271,,,5.208769952241664,,2.604384976120832,,159.51709243879125,1.2148525738418576,162.62335264114282,0.07518143798547905,0.03349444466003387,2.8314483579718703,,
2005,2,CP,2010,535.5057782883817,12.7004909242946,647.6058681545176,359.32604939123684,79.20858693647807,438.5346363277149,179.66302469561842,39.604293468239035,219.26731816385745,14.523560270838564,0.34371018418171023,17.07630677423066,7.035500391587688,1.445770790231684,8.481271181819373,3.517750195793844,0.722885395115842,4.240635590909687,6.9648254427391025,,,3.189982098152962,,1.594991049076481,,109.96818859616981,1.6592104091769038,141.6781796166291,1.5454458525043595,0.10535479461624452,2.651014469762281,,
2006,2,CP,2010,525.2017043736374,14.071013897342105,657.9918323170936,381.6591382051607,91.06654710383161,472.7256853089923,190.82956910258034,45.533273551915805,236.36284265449615,0,0,0,0,0,0,0,0,0,10.372247891700267,,,3.851776014194051,,1.9258880070970255,,167.51639106679067,1.1633065826046314,156.7578240053652,0,0,0,,
2007,2,CP,2010,537.1791741230547,14.76274818899888,672.5114477124051,390.84717184210785,92.71738000199247,483.5645518441003,195.42358592105393,46.35869000099623,241.78227592205016,9.141328479836206,0.4336354326847329,10.427486387168857,4.504795808056532,1.1346484211936672,5.639444229250199,2.252397904028266,0.5673242105968336,2.8197221146250997,49.63004277451954,,,18.276245799388906,,9.138122899694453,,136.97394699355453,2.821547163690959,159.3619561368003,0.22577171508220947,0.09151488827186254,1.964433156061242,,
2008,2,CP,2010,526.4019942109086,14.342133140834598,660.1087457481241,384.0836697754197,90.35529329700172,474.4389630724215,192.04183488770985,45.17764664850086,237.21948153621074,17.63104166666667,0.9139580729608858,18.54499973962755,8.145705292299814,2.41753158341993,10.563236875719745,4.072852646149907,1.208765791709965,5.281618437859873,68.58910657532657,,,25.415576700416494,,12.707788350208247,,140.58795286630982,1.858354596115473,155.1816480412432,0,0,4.127922719053408,,
2009,2,CP,2010,525.2200814624106,14.191690637752352,659.9841112567834,383.6618254324931,90.81533812051498,474.4771635530081,191.83091271624656,45.40766906025749,237.23858177650405,0,0,0,0,0,0,0,0,0,28.41960144294666,,,10.957609834080316,,5.478804917040158,,161.2326967958008,1.9945126193225877,156.0387949322152,0,0,0,,
2010,2,CP,2010,581.154965436238,15.71380012210424,725.2972639916911,419.8113682744555,98.33356852421196,518.1449367986675,209.90568413722775,49.16678426210598,259.07246839933373,2.7072941528511927,0.07408944765365022,3.2455667592425304,1.3690612680145484,0.28750286628305516,1.6565641342976036,0.6845306340072742,0.14375143314152758,0.8282820671488018,11.665459613405204,,,4.557924587231691,,2.2789622936158453,,140.3826347071082,2.6269533568417303,169.6483897153425,0.23785565743517237,0.02539506795572075,0.5111767645806985,,
2011,2,CP,2010,518.8440242523785,13.92198799176562,647.0084131228385,375.5248402921851,88.20185747466078,463.72669776684586,187.76242014609255,44.10092873733039,231.86334888342293,16.091420513785355,0.42897816499921304,19.654278286963148,9.595863168181658,2.171122456792543,11.766985624974202,4.797931584090829,1.0855612283962714,5.883492812487101,20.75239694213092,,,8.677585228095273,,4.3387926140476365,,145.9876537283801,1.3318584600370813,151.78968405190207,1.125588466993358,0.043329459741920096,3.772259566282684,,
2012,2,CP,2010,541.4507878188492,14.333760918269412,672.1311126631123,388.0725326681188,91.83023259820786,479.90276526632664,194.0362663340594,45.91511629910393,239.95138263316332,2.0368108952771027,0.1638383542957549,2.266531717925449,0.9603306685166914,0.2346362140849023,1.1949668826015936,0.4801653342583457,0.11731810704245114,0.5974834413007968,7.0821969081046054,,,3.1786137050178094,,1.5893068525089047,,170.60418148796742,1.3338699033986805,158.71435306128623,0.09125264852205062,0.03227613966647856,0.4153665468292115,,
2013,2,CP,2010,601.4360072970717,13.791812670216183,722.839461898964,397.9916057290561,91.29916636953335,489.29077209858946,198.99580286452806,45.649583184766676,244.64538604929473,5.435425458795719,0.1788900795399176,6.57377082969032,2.7938003264458673,0.6215596893984292,3.4153600158442967,1.3969001632229336,0.3107798446992146,1.7076800079221484,3.30872516358511,,,1.364684490335363,,0.6823422451676815,,121.39375047694038,1.9235109345929031,164.56382819065578,0.13485971743611835,0.0909680967591527,1.0948949435965607,,
2014,2,CP,2010,457.24825484751995,12.78824837693982,576.4886718765739,337.62249601053986,81.02939904252956,418.6518950530694,168.81124800526993,40.51469952126478,209.3259475265347,0,0,0,0,0,0,0,0,0,63.672410727471934,,,20.15410205695466,,10.07705102847733,,213.04162209795277,2.4982829050851176,138.35728125037772,0,0,0,,
2015,2,CP,2010,496.1113516303594,13.801159309908744,623.9457838149318,365.4159104655431,87.69981851173034,453.1157289772734,182.70795523277155,43.84990925586517,226.5578644886367,0.02798613558062373,0.023942253546601077,0.12362246934364277,0.05429993081250409,0.013031983395000982,0.06733191420750508,0.027149965406252044,0.006515991697500491,0.03366595710375254,10.036986235688932,,,3.2526500946286325,,1.6263250473143163,,222.49382646629454,2.107989448003798,149.74698811558363,0.9303316097449863,0.14787968287267284,0.022252044481855696,,
2016,2,CP,2010,421.01234493966444,11.516127833987515,534.2132279029258,318.3085034317318,72.45307728177625,390.76158071350807,159.1542517158659,36.22653864088812,195.38079035675403,29.18883295801392,1.1589222346842716,31.3046451310464,13.619616301296729,3.7603132662829775,17.379929567579705,6.809808150648364,1.8801566331414887,8.689964783789852,54.786443650553124,,,23.273593475039554,,11.636796737519777,,120.70017554284058,1.2925775148212209,121.54784345755981,0.7485878903260905,0.022221770525387624,6.468339212538276,,
2017,2,CP,2010,561.3112805982712,15.178993092592801,703.7471163035793,409.2699458508825,96.93204896268179,506.2019948135643,204.63497292544125,48.466024481340895,253.10099740678214,0,0,0,0,0,0,0,0,0,21.35062500544822,,,9.703014385268446,,4.851507192634223,,144.9095555900834,1.191201320951889,166.52086141618645,0,0,0,,
2018,2,CP,2010,645.455534730617,17.079335225028178,808.3440380465032,466.32688076199423,110.39994733103552,576.7268280930298,233.16344038099712,55.19997366551776,288.3634140465149,0.17999999999999997,0.02613165908515569,0.20613165908515566,0.06036084370971312,0.017654466333031988,0.07801531004274512,0.03018042185485656,0.008827233166515994,0.03900765502137256,9.742447024450044,,,4.219080507973469,,2.1095402539867343,,164.78514502069828,1.0445341060972253,190.9662295375008,0,0,0.03014491027488161,,
2019,2,CP,2010,473.0340410667236,12.290973357146134,582.2722074045719,331.52995534180553,74.8411840640123,406.37113940581787,165.76497767090277,37.42059203200615,203.18556970290894,0.30311516603243793,0.010258103751262692,0.3860604004507463,0.1487288093930867,0.0312330499725482,0.17996185936563489,0.07436440469654335,0.0156165249862741,0.08998092968281744,3.906705652546492,,,1.6684425280109525,,0.8342212640054762,,101.3052221832124,1.7802996882111488,131.19010470493689,0,0.03707598994179883,0.060804513070992536,,
2020,2,CP,2010,479.0081929012023,11.68924670092405,588.4433931598389,331.4839693004878,76.51418305739249,407.99815235788026,165.7419846502439,38.25709152869624,203.99907617894013,7.685133399141713,0.18976769320179315,9.20438095219334,3.8826381931024425,0.815354020551513,4.697992213653955,1.9413190965512213,0.4076770102757565,2.3489961068269776,4.23802380274566,,,1.8197574737381812,,0.9098787368690906,,119.41568022704318,1.0108233145444463,135.1685645922463,1.1916291961783532,0.02065242407305521,1.449689999970451,,
2021,2,CP,2010,602.306007094423,15.638308073848949,752.9576069594374,433.10095158863436,102.63474565981664,535.7356972484511,216.55047579431718,51.31737282990832,267.86784862422553,4.199257696433329,0.10881923557918617,5.01569979331325,2.1157476731787703,0.44430701136754175,2.5600546845463117,1.0578738365893852,0.22215350568377087,1.2800273422731558,3.011257501393331,,,1.1726527654748642,,0.5863263827374321,,172.23655241140642,0.8531994554040593,177.9413887644999,0.47488776759289253,0.023616264237184523,0.789972717446837,,
2022,2,CP,2010,447.7045957061296,10.787161292997062,547.676874222862,307.3226411423649,70.79463557125791,378.1172767136228,153.66132057118244,35.39731778562896,189.0586383568114,21.620391993623798,1.2632198343483754,23.0605829539708,12.365879096110518,3.3999364456218144,15.765815541732334,6.182939548055259,1.6999682228109072,7.882907770866167,71.61697277922568,,,35.297022004430744,,17.648511002215372,,108.15723049574265,0.9030127351084012,125.4967056225107,0.02258001269395526,0.03323011250612997,5.996669225309627,,
2023,2,CP,2010,603.751374573494,16.337455076324115,760.489755029892,443.6461494393294,105.94565213811353,549.5918015774429,221.8230747196647,52.972826069056765,274.79590078872144,6.353724712608979,0.15885121786553952,7.595947166169534,3.20416057672301,0.6728737211118322,3.877034297834842,1.602080288361505,0.3364368605559161,1.938517148917421,41.15289523153263,,,17.85059942160445,,8.925299710802225,,211.15367404943652,0.5745832460300364,181.50309297429814,0.8952936920393513,0.021632637953480346,1.1963616786717015,,
2024,2,CP,2010,614.0028383258554,16.707764733131903,774.2775990557119,452.04701965481195,107.46581121497101,559.512830869783,226.02350982740597,53.732905607485506,279.7564154348915,0,0,0,0,0,0,0,0,0,4.829351615085801,,,2.053143059226371,,1.0265715296131854,,179.75253850047181,0.7511234633463546,184.0033437699865,0,0,0,,
2025,2,CP,2010,526.6604493564633,14.039042505144684,657.1081619372372,380.34442451393124,88.0176756695062,468.36210018343746,190.17221225696562,44.0088378347531,234.18105009171873,13.481105896987252,0.8354847882252704,15.10204703213936,6.536521324390644,1.7453111236567727,8.281832448047416,3.268260662195322,0.8726555618283863,4.140916224023708,20.858033383025777,,,8.034887264137149,,4.0174436320685745,,152.183025407637,1.2724130328194974,151.90085121238656,0.5577371548186851,0.02314196268482369,3.0148560967670535,,
2026,2,CP,2010,529.1949393559853,14.10911085135528,661.9222063999788,385.28937581987606,90.23462479988915,475.5240006197652,192.64468790993803,45.117312399944574,237.7620003098826,26.026703623668674,0.71756427679966,33.00163261550054,19.32751521343624,4.638603651224697,23.96611886466093,9.66375760671812,2.3193018256123485,11.983059432330466,48.53070299415961,,,20.209419512234497,,10.104709756117249,,143.67503497636687,1.4931559680232398,154.85873259985357,3.995498753225696,0.042995067949779094,7.920391827720129,,
2027,2,CP,2010,432.5905403601514,11.5579509580482,546.8096292783835,312.1475679583448,72.97079283218022,385.118360790525,156.0737839791724,36.48539641609011,192.5591803952625,11.061488695555138,0.19757835686557434,12.713982295036935,4.4398496868268875,0.8264145827327385,5.266264269559627,2.2199248434134438,0.41320729136636924,2.6331321347798133,5.049335577427419,,,2.1366493569816014,,1.0683246784908007,,107.37087993738551,2.1384907667017177,127.49929848806447,0.623248698891282,0.07699229605751569,1.7498246206401746,,
2028,2,CP,2010,439.7246208374095,10.928332732121644,539.8266372215761,306.49511281480926,66.78305281620473,373.27816563101396,153.24755640740463,33.391526408102365,186.63908281550698,28.5857211240295,0.5810099372416808,33.1683552034707,16.14348488609717,3.292825244452696,19.436310130549863,8.071742443048585,1.646412622226348,9.718155065274932,1.9674769432785233,,,0.8191479831575113,,0.4095739915787556,,100.03467104389979,1.0951625462926078,117.2381361783119,4.310405637156417,0.040409078051099084,6.097259099980944,,
2029,2,CP,2010,460.72177590268535,12.512758369244166,579.9153134408144,338.8930815806337,77.04891540921939,415.94199698985307,169.44654079031685,38.524457704609695,207.97099849492653,3.347119601833941,0.08900503122535575,4.003052236614861,1.6885875957971264,0.3546033951173966,2.043190990914523,0.8442937978985632,0.1773016975586983,1.0215954954572615,17.157302521052305,,,8.171778531079061,,4.085889265539531,,114.7933798350384,1.5505650142447518,131.82462184424784,0.3330310973120326,0.02458408291970657,0.6304807272668407,,
2030,2,CP,2010,405.0376386525331,10.6427579591003,502.938775222407,284.92842798469326,63.09903729755331,348.02746528224657,142.46421399234663,31.549518648776655,174.01373264112328,12.634305235094999,0.3046805694222429,15.26806428138299,6.440451543839534,1.3524948242063022,7.792946368045837,3.220225771919767,0.6762474121031511,3.8964731840229185,11.338109726453794,,,4.780518963766525,,2.3902594818832625,,82.14672904199826,5.461174986116487,111.19052109509717,2.4851331235792893,0.017988387321130835,2.404720124317821,,
2031,2,CP,2010,519.4343339468759,14.081100742902104,652.3257239907165,379.6296577753772,89.36200507806159,468.9916628534388,189.8148288876886,44.68100253903079,234.4958314267194,3.962847222222223,0.2852374297609688,4.248084651983191,2.0009248287467774,0.5301814315950588,2.5311062603418364,1.0004624143733887,0.2650907157975294,1.2655531301709182,14.012273521601976,,,6.106308792594247,,3.0531543962971237,,151.94891726584748,1.2385861182589764,153.44827148990697,0,0,0.8388085333927239,,
2032,2,CP,2010,356.7878598550189,9.371629699387585,441.999384803741,253.98897116905906,57.4158612914909,311.4048324605499,126.99448558452953,28.70793064574545,155.70241623027496,4.2852941528511925,0.1869733441660402,4.93645065575492,2.085713999646902,0.4632000080547296,2.5489140077016312,1.042856999823451,0.2316000040273648,1.2744570038508156,181.50116361224315,,,79.25477478063395,,39.627387390316976,,85.86554926090686,1.4428034141579784,99.78333760867754,0,0.02539506795572075,0.8217890665784622,,
2033,2,CP,2010,572.6349298399316,15.124676067452398,710.0439756969014,410.3378066154566,96.71637069432981,507.0541773097864,205.1689033077283,48.358185347164905,253.5270886548932,4.0114164761154525,0.13050961914102202,5.001475883130998,2.3274733255500757,0.5585935981320181,2.886066923682094,1.1637366627750378,0.27929679906600907,1.443033461841047,10.771981446769871,,,5.446896631914712,,2.723448315957356,,191.68245217648294,0.9516895956272229,167.053822102115,0.27661143412741324,0.13357672263438095,0.9537956898933385,,
2034,2,CP,2010,581.4953202796016,16.35549640679929,730.4313519545623,427.77953538703986,102.66708849288955,530.4466238799293,213.88976769351993,51.333544246444774,265.2233119399647,0,0,0,0,0,0,0,0,0,0.5527203599225604,,,0.24277687916934315,,0.12138843958467158,,223.47404326634273,3.4406268091039367,175.30352446909495,0,0,0,,
2035,2,CP,2010,240.97669512424702,6.908572155355447,302.8688380741373,177.6651721366001,41.27561071231362,218.9407828489137,88.83258606830005,20.63780535615681,109.47039142445685,7.992197916666665,0.5378704724169818,8.530068389083647,3.573878831877205,1.0334481912557578,4.607327023132963,1.7869394159386025,0.5167240956278789,2.3036635115664814,6.918171823754098,,,2.0716912607001525,,1.0358456303500763,,65.04574586182032,2.8704678410845097,70.37425174811546,0,0,1.764607460314732,,
2036,2,CP,2010,346.53308507984826,9.646917560896059,436.31784077995087,258.07493207588635,60.118445578317115,318.1933776542035,129.03746603794318,30.059222789158557,159.09668882710176,0.11249160779498968,0.014093861136841844,0.23679437096186662,0.10246256395711839,0.023449832188632627,0.12591239614575103,0.051231281978559196,0.011724916094316314,0.06295619807287552,33.6497724034916,,,13.57499013229427,,6.787495066147135,,100.69617761636839,2.655748580075313,101.7397430947967,0.11060405277090485,0.19347018928284257,0.040595178056814,,
2037,2,CP,2010,542.9989811192182,15.141468039661378,676.5973294046466,396.35963434071783,92.17918782697716,488.53882216769495,198.17981717035892,46.08959391348858,244.26941108384747,1.3754625038606478,0.10497838563415751,2.1453170130948167,0.9960513608086488,0.2184801458125855,1.2145315066212343,0.4980256804043244,0.10924007290629276,0.6072657533106172,8.367525154961726,,,3.670070853972669,,1.8350354269863345,,189.55192897854408,4.105080745463349,157.35670041135896,1.9662289181419177,0.41322277782199396,0.383205167580258,,
2038,2,CP,2010,526.0156679898281,14.299598292158038,646.4573627203297,371.3170599424729,83.82395325758952,455.1410132000624,185.65852997123645,41.91197662879476,227.5705066000312,2.4649322839614025,0.1520635931749313,3.5040147467829112,1.7315532811938688,0.4155727874865285,2.1471260686803975,0.8657766405969344,0.20778639374326424,1.0735630343401987,10.045757441441552,,,4.249982222047792,,2.124991111023896,,125.43396940441296,5.6879491847358405,145.74040145316073,2.8925051035299694,0.5641342656199227,0.7095883928263937,,
2039,2,CP,2010,329.62151476292524,9.20798407616229,416.7434363734348,241.25296910903364,56.96148336486449,298.2144524738981,120.62648455451682,28.480741682432246,149.10722623694906,0.3143783611354799,0.016361849421515518,0.48125177045809764,0.20300403842297757,0.042630848068825285,0.24563488649180285,0.10150201921148878,0.021315424034412642,0.12281744324590142,1.4093665359499172,,,0.645487227375828,,0.322743613687914,,130.76816643211507,0.3437904551708742,98.27053862474702,0.1342179273828606,0.04657237190829839,0.07579715384715037,,
2040,2,CP,2010,515.4316888081753,15.172430532589845,643.706016490292,378.5402499046914,89.12333146122607,467.6635813659174,189.2701249523457,44.561665730613036,233.8317906829587,5.470718569786594,0.26853452995456734,6.99749703995969,3.417485245879772,0.7979209310966614,4.215406176976434,1.708742622939886,0.3989604655483307,2.107703088488217,5.00723025303833,,,2.1630111433810817,,1.0815055716905408,,92.79032518868493,7.310342855510549,151.62123219231512,3.373447708992034,0.6627929155221335,1.333639308096501,,
2041,2,CP,2010,431.1631331645702,13.145416423014673,543.826061256406,316.27935006827204,75.43308489889495,391.712434967167,158.13967503413602,37.71654244944747,195.8562174835835,1.590940110767918,0.153354426810209,2.841910371692627,1.2805585994805893,0.3073340638753414,1.5878926633559307,0.6402792997402946,0.1536670319376707,0.7939463316779654,3.988921559371252,,,1.6698839733349693,,0.8349419866674846,,131.7650723374404,9.870562241281478,129.5955509188493,4.366431358428593,0.7476498998079759,0.5247713301082718,,
2042,2,CP,2010,511.32621262077765,14.426999400369464,640.03907843715,375.60586952383596,89.9868352202551,465.59270474409107,187.80293476191798,44.99341761012755,232.79635237204553,0.36347593849370496,0.04276922658555741,0.6664489897629746,0.29273104012829465,0.07025544963079072,0.36298648975908543,0.14636552006414733,0.03512772481539536,0.18149324487954271,7.6679472238835045,,,3.057912155777147,,1.5289560778885736,,224.44802299971678,3.0591642113655007,153.37779568846386,1.0804672133660271,0.22096715944508952,0.11996081815733542,,
2043,2,CP,2010,372.45387295404714,10.610902569524438,467.25383952493297,272.2799216538605,65.05417375463166,337.3340954084922,136.13996082693026,32.52708687731583,168.6670477042461,0.5275100103538738,0.05540335002065435,1.2130392043561185,0.5650932624875974,0.13562238299702337,0.7007156454846207,0.2825466312437987,0.06781119149851168,0.35035782274231037,0.7291276988456172,,,0.32026203497635697,,0.16013101748817848,,117.18923484261482,3.3231204243415116,111.57049449052316,2.6322562304033474,0.26604587559078074,0.23157451998770034,,
2044,2,CP,2010,555.8454942145815,15.682493953386773,699.1119005118638,408.6742206101233,97.82736317292134,506.5015837830447,204.33711030506166,48.91368158646067,253.25079189152234,2.9513082742992545,0.20035748547848203,3.8122469677934814,1.7226722268053154,0.4346117817122129,2.1572840085175287,0.8613361134026577,0.21730589085610644,1.0786420042587643,63.628155042962845,,,20.559593521313655,,10.279796760656827,,232.81743631349113,4.153787922872566,167.31330119380314,1.105494535556685,0.26340188440123663,0.7420973773423067,,
2045,2,CP,2010,325.8168753545821,8.928452145672978,405.75126225409286,237.62956776882456,57.0310962645179,294.66066403334247,118.81478388441228,28.51554813225895,147.33033201667124,2.666666666666667,0.7545282544718742,3.421194921138541,1.5027255845983174,0.44836920715573064,1.9510947917540482,0.7513627922991587,0.22418460357786532,0.9755473958770241,212.763120257421,,,87.53877269672648,,43.76938634836324,,199.89249648897453,0.1051557944114929,97.38030294098229,0,0,0.7655881103831729,,
2046,2,CP,2010,446.4903700755866,13.04961915619092,557.7239189614796,326.63285644729865,78.39188554735166,405.0247419946503,163.31642822364932,39.19594277367583,202.51237099732515,18.830159867742612,0.7719465640301317,20.620772120859105,9.16790920078906,2.6255317773037423,11.793440978092802,4.58395460039453,1.3127658886518712,5.896720489046401,85.08028199756205,,,25.21377554430233,,12.606887772151165,,134.00851695221561,5.616440517785389,133.8537405507551,1.3245984411648017,0.40632319017732405,4.483081978104693,,
2047,2,CP,2010,252.2231344538018,6.869647117068201,319.18467031582077,186.93155709293958,44.8635737023055,231.7951307952451,93.46577854646979,22.43178685115275,115.89756539762254,9.671111111111111,0.47290353080422415,10.144014641915337,2.970437850775477,0.8780658515867218,3.8485037023621986,1.4852189253877386,0.4390329257933609,1.9242518511810993,249.37153000134325,,,86.4540385125242,,43.2270192562621,,108.57874634178886,0.12150828276340891,76.60432087579699,0,0,1.4992929161497575,,
2048,2,CP,2010,262.08397460414443,8.764107233726065,376.91149026814753,205.57194752471267,43.80740217171096,249.37934969642362,102.78597376235633,21.90370108585548,124.68967484821181,10.371125840354258,0.23395111489646675,84.0023140662867,43.30389965806328,9.093818928193288,52.397718586256566,21.65194982903164,4.546909464096644,26.198859293128283,4.701811917244982,,,2.1376329534440304,,1.0688164767220152,,48.689882701077316,9.60360878846477,80.2395877963093,5.593291293631286,0.7359126524143216,16.159651345619675,,
2049,2,CP,2010,354.9362050921253,10.527910297838506,442.28302569158075,257.9191338243734,61.097355417186684,319.01648924156007,128.9595669121867,30.548677708593342,159.50824462078003,60.66373177923545,1.6953846898265141,67.51472783327905,29.27608995759277,7.63478461691724,36.91087457451001,14.638044978796385,3.81739230845862,18.455437287255005,30.17442616159533,,,12.521077961755264,,6.260538980877632,,76.49199514740691,6.359696171861654,104.71978062035166,7.356062857512523,0.47383667614081254,13.196557630500305,,
2050,2,CP,2010,496.58806160191983,13.824593728158337,627.0084823508727,367.20958998550003,88.13030159652,455.33989158202,183.60479499275002,44.06515079826,227.66994579101,31.552569444444444,1.2375885550663899,32.79015799951083,14.402748304235176,4.232789344099209,18.635537648334385,7.201374152117588,2.1163946720496045,9.317768824167192,113.45838290490337,,,43.42321022705204,,21.71160511352602,,205.4600413244612,2.207878458743288,150.48203576420943,0,0,7.227465989816303,,
2051,2,CP,2010,560.64934162449,15.505256237840792,710.0179405075371,415.8243535056683,99.79784484136039,515.6221983470286,207.91217675283414,49.898922420680194,257.8110991735143,53.24946717610437,1.4458107837294316,66.67166321990793,29.284859938625267,7.028366385270064,36.31322632389533,14.642429969312634,3.514183192635032,18.156613161947664,59.7452023814787,,,23.217538805257337,,11.608769402628669,,242.1265693696351,1.9894493374518274,170.4043057218089,28.456257413982094,0.011648811378888787,12.000899379583425,,
2053,2,CP,2010,656.1524824901633,18.232916331511014,827.2023003344249,485.1869964562026,116.29286378934172,601.4798602455444,242.5934982281013,58.14643189467086,300.7399301227722,78.84208333333333,2.133057417470407,80.97514075080375,35.56751910592324,10.503011098475692,46.070530204398935,17.78375955296162,5.251505549237846,23.035265102199467,37.956445038357565,,,12.319056470416463,,6.1595282352082315,,332.25812538290126,2.730933376601659,198.30654650203755,0,0,17.933837319525498,,
2054,2,CP,2010,559.615864399368,15.359618787414462,706.8581990746984,413.97384049241117,99.35372171817868,513.3275622105898,206.98692024620559,49.67686085908934,256.6637811052949,0,0,0,0,0,0,0,0,0,131.8764896644706,,,54.40302002530439,,27.201510012652196,,249.99469596126792,1.052653534414797,169.6459677779276,0,0,0,,
2055,2,CP,2010,580.3545832848122,16.171252729784946,734.390561174737,430.09825935223427,103.22358224453622,533.3218415967705,215.04912967611713,51.61179112226811,266.66092079838523,0,0,0,0,0,0,0,0,0,101.01824898471617,,,50.49398261932743,,25.246991309663716,,274.5059802171171,2.6752637091424676,176.25373468193686,0,0,0,,
2056,2,CP,2010,527.497767951622,14.455003691957513,666.7771136343944,390.5002203341569,93.72005288019766,484.22027321435456,195.25011016707845,46.86002644009883,242.11013660717728,39.88747083333333,1.108510994867309,40.99598182820064,18.00707418870569,5.305830621465509,23.312904810171197,9.003537094352845,2.6529153107327543,11.656452405085599,63.81543089611082,,,22.70182086089866,,11.35091043044933,,228.7929918036315,0.889680274470081,160.02650727225463,0,0,9.059678440607287,,
2057,2,CP,2010,436.7595325739885,12.194555886710942,550.0148676304478,322.11802505645113,77.30832601354827,399.4263510699994,161.05901252822557,38.654163006774134,199.7131755349997,27.545312499999998,1.9130323424338354,29.45834484243383,12.27073250676483,3.611535273514831,15.882267780279658,6.135366253382415,1.8057676367574156,7.941133890139829,36.70241019008883,,,13.75888149918666,,6.87944074959333,,190.8254257174409,2.186650533747151,132.00356823130747,0,0,6.1666778661542985,,
2058,2,CP,2010,507.4254946439294,13.800007182804485,638.5064319245251,373.9434021546505,89.74641651711612,463.68981867176666,186.97170107732526,44.87320825855806,231.84490933588333,0,0,0,0,0,0,0,0,0,12.006839892784294,,,5.1566849147777765,,2.5783424573888882,,250.66359681622106,0.1588806674155013,153.24154366188603,0,0,0,,
2059,2,CP,2010,297.2078132594037,9.264719340143138,390.0857029192232,226.44126818182244,52.37571029475492,278.81697847657733,113.22063409091122,26.18785514737746,139.40848923828867,6.673196338844233,0.145972036241029,49.010944030319735,21.432032083962156,4.5007267376320526,25.93275882159421,10.716016041981078,2.2503633688160263,12.966379410797105,0.6205062185736552,,,0.2623313944780046,,0.1311656972390023,,105.70822932658437,6.455797679213266,90.15332034570697,3.960566712332731,0.47370475579211,8.002239983720788,,
2060,2,CP,2010,577.6562931491757,15.76490763904878,730.2503166408412,427.6735114572276,102.64164274973463,530.3151542069622,213.8367557286138,51.320821374867315,265.1575771034811,0,0,0,0,0,0,0,0,0,1.457067040782815,,,0.6170947966960454,,0.3085473983480227,,243.46756222495262,0.47518411613058753,175.26007599380188,0,0,0,,
2061,2,CP,2010,418.3605793174182,11.380700904381568,527.1695253345806,308.7385748357932,74.09725796059037,382.83583279638356,154.3692874178966,37.048628980295184,191.41791639819178,1.9951388888888888,0.4886950679716758,2.4838339568605647,0.7273327830200133,0.21533027541224137,0.9426630584322546,0.3636663915100066,0.10766513770612068,0.4713315292161273,50.694994476842076,,,22.10040599334864,,11.05020299667432,,191.05621815704555,0.17978904659589362,126.52068608029934,0,0,0.3676753354828129,,
2062,2,CP,2010,584.7264003312666,15.835552134036675,735.37520342495975,429.6270588087148,102.50722696902959,532.1342857777444,214.8135294043574,51.253613484514794,266.0671428888722,0,0,0,0,0,0,0,0,0,28.181226242736642,,,16.361286310421903,,8.180643155210952,,262.35639560687207,0.5113797497467365,175.40629683846234,0,0,0,,
2063,2,CP,2010,412.2128901312236,11.59512325344083,520.939105912348,306.64356955895164,73.27230819653062,379.91587775548226,153.32178477947582,36.63615409826531,189.95793887774113,21.327280555555557,1.5403406957587646,22.86762125131432,10.044373473411532,2.933956147493736,12.978329620905269,5.022186736705766,1.466978073746868,6.4891648104526345,36.367852352603606,,,15.738463232910531,,7.869231616455266,,159.74597921571439,2.6756871178825867,124.55491478087379,0,0,5.009715000625941,,
2064,2,CP,2010,550.4724835897372,15.029979662814155,694.3703698977675,406.61393653489927,97.5774199368347,504.19135647173397,203.30696826744963,48.78870996841735,252.09567823586698,0,0,0,0,0,0,0,0,0,0.05944967640959264,,,0.026112674605238674,,0.013056337302619337,,244.66461884646213,0.6132901517489775,166.62956710980237,0,0,0,,
2065,2,CP,2010,492.33438893426705,14.411162725456728,662.5769339811332,385.485199811652,89.87155345778028,475.3567532694323,192.742599905826,44.93577672889014,237.67837663471616,7.301749205766759,0.1844733591090437,39.066197058051806,16.479099414145168,3.4654949033494384,19.94459431749461,8.239549707072584,1.7327474516747192,9.972297158747304,7.931256698511249,,,3.472729646755407,,1.7363648233777036,,228.6736807511426,7.247920402314782,154.3714321719861,4.46460603858917,0.6145438835697477,6.161609778947355,,
11000,2,CA,2010,513.8122580313724,14.228355444304732,646.388008468333,377.99146545810953,90.26511202803981,468.25657748614935,188.99573272905477,45.132556014019904,234.12828874307468,17.82560438175705,0.7007873437531225,19.927176946686295,8.940042814431175,2.399858952733045,11.339901767164221,4.4700214072155875,1.1999294763665225,5.669950883582111,,,65.41224200829367,,25.137735167995334,,12.568867583997667,220.4192181885232,2.2088067864593923,154.33081472993015,2.1886944775533688,0.08322312173685019,4.118547737678578,,
200,2,CP,2011,264.32420446352216,7.192297028168934,319.8292488980032,149.91024550439712,27.32296606565608,177.2332115700532,74.95512275219856,13.66148303282804,88.6166057850266,8.157611703456034,0.3146785760276038,8.56842987636192,2.9096152859689863,0.5781209988835643,3.487736284852551,1.4548076429844932,0.28906049944178214,1.7438681424262754,40.20976425942913,,,12.255353053180619,,6.127676526590309,,8.859704251318163,2.631142797581027,57.3985513861036,0.0019941500567160065,0.05624775689107651,1.253761408567296,,
204,2,CP,2011,305.86081187114365,5.950483900186387,348.56536422822063,147.8837302204771,23.820497351170058,171.70422757164718,73.94186511023855,11.910248675585029,85.85211378582359,7.533118327536205,0.19299655485109618,8.624057343474188,3.0435821708015176,0.48697314732824276,3.53055531812976,1.5217910854007588,0.24348657366412138,1.76527765906488,27.788437148350617,,,8.67189695583226,,4.33594847791613,,5.6304895939361,2.341494811545168,56.072033052038975,0.186697197875953,0.26896636806324764,1.1527492294374597,,
205,2,CP,2011,346.4429582415934,8.555448953721209,412.7930793119304,186.9886536874395,33.03663140440361,220.0252850918431,93.49432684371975,16.518315702201804,110.01264254592155,13.2523943949157,0.4722623641216703,15.54863478245992,5.57850193657141,1.0577277520342196,6.63622968860563,2.789250968285705,0.5288638760171098,3.318114844302815,32.54188600268763,,,9.64695679576096,,4.82347839788048,,10.300205195672142,3.2982736936417316,71.93673098365878,0.2520939866360889,0.6115914771423644,2.2728688435624287,,
206,2,CP,2011,307.8342717534795,6.192364365887942,353.2614042953872,151.87463942910213,24.900937883466185,176.77557731256832,75.93731971455107,12.450468941733092,88.38778865628416,21.781964552385578,0.5831739686500728,24.583862517965475,9.25904040898939,1.5759979997749483,10.835038408764339,4.629520204494695,0.7879989998874741,5.417519204382169,16.202458629331375,,,5.141571102263689,,2.5707855511318445,,7.1010146721880565,2.3896340522210275,57.631884664982856,0.3886540962563882,0.40688554538768257,3.6225721103846475,,
207,2,CP,2011,373.9742015952148,7.880004568223229,429.6399194989497,187.1615145414755,30.963242525736543,218.12475706721204,93.58075727073775,15.481621262868272,109.06237853360602,10.83802758154482,0.2490586185466123,12.500630538738871,4.640639906267252,0.753659800063587,5.394299706330839,2.320319953133626,0.3768299000317935,2.6971498531654197,23.883315971682013,,,7.555389699602659,,3.7776948498013296,,8.39487532013413,2.514470260814606,70.5581186442676,0.3129799314128715,0.24781387522967874,1.7564326037224112,,
209,2,CP,2011,35.17478513786438,0.6848995503745112,39.98854437193622,16.892960595931036,2.702873695348966,19.595834291280003,8.446480297965518,1.351436847674483,9.797917145640001,4.562118776256146,0.21525987723604292,5.153492692145563,1.6328004122275006,0.28022094793036006,1.9130213601578607,0.8164002061137503,0.14011047396518003,0.9565106800789304,36.37287280686403,,,11.00123708025861,,5.500618540129305,,0.6285151649266673,0.3118173982661781,6.398167099509796,0.013971047419645952,0.22102353409484088,0.6633311992072192,,
210,2,CP,2011,86.7439652646661,1.7444378674146472,98.44888890612759,41.58924079696076,6.654278527513721,48.243519324474484,20.79462039848038,3.3271392637568606,24.121759662237242,1.9057031249999998,0.11948150981246704,2.025184634812467,0.6416468411022238,0.11540666919093896,0.7570535102931628,0.3208234205511119,0.05770333459546948,0.3785267551465814,15.40575285745481,,,4.881062440365,,2.4405312201825,,1.6220939198068478,0.9211978492835077,15.751822224980415,0,0,0.2731874431099317,,
211,2,CP,2011,93.71958995714253,2.214571796574401,108.3090325603014,47.146532643615515,7.848142362166643,54.994675005782156,23.573266321807758,3.9240711810833213,27.497337502891078,14.496456845581132,0.41941584700104684,16.410303248948384,5.23735421607279,0.8722974070148107,6.109651623087601,2.618677108036395,0.43614870350740537,3.0548258115438003,11.75038557523317,,,3.452718965475086,,1.726359482737543,,2.1063168880113943,1.746160609459951,17.885969647632972,0.25646035618126617,0.20310664743589327,2.0405730497796872,,
212,2,CP,2011,95.36735708177402,2.074264492639008,108.27847560541633,45.74170054245493,7.318672086792788,53.060372629247716,22.870850271227464,3.659336043396394,26.530186314623858,2.9509184821882446,0.07456172376777662,3.403820193009622,1.0784451140805889,0.1725512182528942,1.2509963323334832,0.5392225570402944,0.0862756091264471,0.6254981661667416,8.986365551797686,,,2.638046639689704,,1.319023319844852,,1.7316744724416953,1.6334626986643848,17.324556096866612,0.05134602501628212,0.10525600889806355,0.4084584231611547,,
213,2,CP,2011,196.48145519727294,4.260220200192285,223.8199711325843,94.87557638190718,15.2610280905412,110.13660447244838,47.43778819095359,7.6305140452706,55.06830223622419,1.473283146409262,0.05935166764136186,1.7561429983816514,0.5564053706835077,0.09145946331418987,0.6478648339976975,0.27820268534175385,0.04572973165709494,0.3239324169988487,3.3902390202720083,,,0.9057910405469626,,0.4528955202734813,,3.672877973412628,3.2902973513138374,35.96444237659574,0.03318265954698652,0.10971836432731988,0.216500286388751,,
214,2,CP,2011,315.98705591476863,6.599509912089154,359.2022585196127,152.44956514737345,24.568410301517083,177.01797544889055,76.22478257368672,12.284205150758542,88.50898772444528,17.76539346861083,0.5107523994444999,20.26394183993427,6.853586766073878,1.1132027272089589,7.966789493282836,3.426793383036939,0.5566013636044794,3.983394746641418,12.838074329564645,,,4.015976671292252,,2.007988335646126,,5.389860490363813,3.865210910690541,57.806514949523994,0.3595213405996061,0.6439000158553102,2.635142395506337,,
215,2,CP,2011,327.95747122933244,6.603374534683347,373.48926221249,158.74560339398585,25.640876369019157,184.386479763005,79.37280169699292,12.820438184509579,92.1932398815025,5.38860907664998,0.19620844626145853,6.031608565065421,1.9110171566641996,0.3253721180012237,2.2363892746654233,0.9555085783320998,0.16268605900061184,1.1181946373327116,18.35171881183295,,,5.513763248360972,,2.756881624180486,,5.575653478950287,3.164181107250099,60.21569821127196,0.05824860867148694,0.22282502358389486,0.7702117875783576,,
216,2,CP,2011,384.58422228369267,7.6715815300078845,437.3140545106942,185.4337637596865,29.842449511001867,215.2762132706884,92.71688187984326,14.921224755500933,107.6381066353442,8.268434107188245,0.29215563972787784,8.938929733969724,3.143344370869006,0.5359035021229271,3.679247872991933,1.571672185434503,0.26795175106146357,1.8396239364959666,41.30847449356972,,,12.873996409286272,,6.436998204643136,,7.072205762329371,3.4152910989894174,70.29790295483768,0.05134602501628212,0.10525600889806355,1.2685757983050336,,
217,2,CP,2011,241.39573042320515,7.316434374108222,296.95834218869993,140.71781883370176,26.329743998674953,167.0475628323767,70.35890941685088,13.164871999337477,83.52378141618836,5.923679952993845,0.33354847652563197,7.4027357986642155,3.0957612736865645,0.5911494279697143,3.6869107016562785,1.5478806368432823,0.29557471398485713,1.8434553508281393,5.2175287528986765,,,1.7015264762429634,,0.8507632381214817,,6.731306920698893,5.111969791607947,54.73659548456041,0.04641241413836845,0.45058859810480895,1.255860459376761,,
218,2,CP,2011,350.18987857538997,7.471418519989575,400.59435616204814,171.25182651773846,27.9019011480714,199.15372766580987,85.62591325886923,13.9509505740357,99.57686383290493,7.6030452753884585,0.31011723456154555,8.834268224310495,3.283854700737428,0.5540407890834547,3.8378954898208826,1.641927350368714,0.27702039454172733,1.9189477449104413,24.68190772963422,,,7.088539520234488,,3.544269760117244,,7.458375021248393,4.109481817596796,65.04308241330399,0.13278844989350863,0.4414944204858874,1.2917826338980765,,
219,2,CP,2011,237.5392220163611,6.8339011082139365,288.55568081785924,134.34830091021496,24.572945202715132,158.92124611293008,67.17415045510748,12.286472601357566,79.46062305646504,3.618802821544958,0.20036418258812083,4.5120779950815955,1.7631533973137918,0.3395524575387514,2.1027058548525432,0.8815766986568959,0.1697762287693757,1.0513529274262716,2.458490279181971,,,0.8426405290266668,,0.4213202645133334,,7.04818290108332,4.655436787045154,51.97971799236,0.034371372901034765,0.28828435074483594,0.7180684535665527,,
220,2,CP,2011,356.87099794970595,10.0335256118705,413.46798121395466,196.16491622673792,34.60263476385852,230.76755099059645,98.08245811336896,17.30131738192926,115.38377549529822,19.062280347081987,0.8554822247546245,21.694998259583457,8.274470304753812,1.5494352697268206,9.823905574480632,4.137235152376906,0.7747176348634103,4.911952787240316,20.561115689581793,,,6.429194834167064,,3.214597417083532,,8.944855836015977,2.291991347950284,71.67177465344024,0.2523404556714048,0.25520749820370825,2.992335076959302,,
221,2,CP,2011,291.8891674398348,7.984992971998733,353.80325483228626,164.0238615588808,29.80892786751545,193.83278942639626,82.0119307794404,14.904463933757725,96.91639471319813,5.763237968570812,0.31785705752871857,6.613079713226867,2.6436038393403165,0.5172433593107671,3.1608471986510835,1.3218019196701583,0.2586216796553836,1.5804235993255418,4.785009279552142,,,1.6175052210098548,,0.8087526105049274,,10.277693074990651,4.714463790837112,63.32427721708066,0.054003598916687816,0.15893669670279822,1.1198238772768825,,
223,2,CP,2011,354.4721201335966,7.301071144155266,404.38315584573684,172.4355297232018,27.990902176299628,200.42643189950144,86.2177648616009,13.995451088149814,100.21321594975072,9.33671362830897,0.3182119531615599,10.768724531701404,3.9266526315702865,0.6512680448913678,4.5779206764616545,1.9633263157851433,0.3256340224456839,2.2889603382308272,40.74508191051872,,,12.947951646739496,,6.473975823369748,,6.381428594357142,3.6479412849281916,65.46098497123333,0.14924055392994603,0.37924272391222646,1.5264934114549749,,
224,2,CP,2011,388.47647399446083,9.288596298844519,451.5040465809006,202.4414811879745,34.693801497754414,237.1352826857289,101.22074059398724,17.346900748877207,118.56764134286445,6.093941380153141,0.21970043940939088,7.036156093093767,2.247430172047466,0.3773153081758222,2.624745480223288,1.123715086023733,0.1886576540879111,1.312372740111644,22.501962474104534,,,7.209625388571555,,3.6048126942857777,,8.849897073990517,3.7448846323878167,76.43558995538255,0.10708984080065935,0.3317121277820125,0.8813480537023093,,
225,2,CP,2011,375.44802953014704,11.980248458087777,451.7800297590637,225.46342567462264,42.17240129717952,267.63582697180215,112.73171283731132,21.08620064858976,133.81791348590107,13.435314331604287,0.5335030128786349,15.85616140138359,6.751807348361047,1.200123248743972,7.951930597105019,3.3759036741805235,0.600061624371986,3.9759652985525094,12.325627243797358,,,4.078788423818695,,2.0393942119093476,,15.046866920106341,3.41839697705989,83.0852576717692,0.5379774894996627,0.24796528927632497,2.5836008578548677,,
226,2,CP,2011,354.4298720075661,10.696155363687993,439.35378960021285,216.64491791846828,41.56014539975397,258.20506331822224,108.32245895923414,20.780072699876985,129.10253165911112,5.025990864820146,0.383159324098516,5.607199797744796,1.9634206427673089,0.45624727180533126,2.4196679145726403,0.9817103213836544,0.22812363590266563,1.2098339572863201,9.603600252096674,,,3.097933553732816,,1.548966776866408,,21.568768434332558,3.7721932465856103,82.99762498434761,0.013971047419645952,0.11276975069821998,0.9262014328661334,,
227,2,CP,2011,334.953074147289,10.760181655679483,406.12979386834047,203.2768937151857,38.495981296266486,241.7728750114522,101.63844685759285,19.247990648133243,120.8864375057261,10.931388253205812,0.36016744172420717,12.232813724078653,4.111242370200274,0.7683623251860862,4.87960469538636,2.055621185100137,0.3841811625930431,2.43980234769318,12.975791101822063,,,4.27151344329262,,2.13575672164631,,14.133265840309237,2.9785041766172435,75.69916914195537,0.22281299295772483,0.2688138355100741,1.6826437504968992,,
228,2,CP,2011,381.5125493083359,9.859072396816531,448.29011364939856,207.87208337628633,36.721392336450606,244.59347571273693,103.93604168814316,18.360696168225303,122.29673785636847,25.1623296416536,0.7873873653018838,28.88329692918623,9.551964118488632,1.6914677091132666,11.2434318276019,4.775982059244316,0.8457338545566333,5.62171591380095,25.003408672427003,,,7.834538641628907,,3.9172693208144533,,14.22935853305007,3.064645579310571,77.95641696681402,0.5221968862952415,0.6318533562328885,3.7699547723941915,,
229,2,CP,2011,301.63416247220164,7.33855153727781,351.00520272008487,153.18731450102737,25.73592308706144,178.9232375880888,76.59365725051369,12.86796154353072,89.4616187940444,4.9903880426883065,0.23642466032460177,6.029411698248942,2.41155173011614,0.4320757269498483,2.8436274570659883,1.20577586505807,0.21603786347492415,1.4218137285329941,6.9471689701913135,,,2.20109759263477,,1.100548796317385,,7.1882424440954,6.353417785806464,58.482097151545254,0.07206589398427492,0.44655531439504315,0.9720792767919654,,
31000,2,CA,2011,191.94412926496886,9.415104405469355,309.7638639919174,153.1817649065468,32.168170630374824,185.34993553692163,76.5908824532734,16.084085315187412,92.67496776846082,21.00724467432095,1.8159815096981438,27.369697820188843,10.77594718480847,3.0124204009419038,13.788367585750372,5.387973592404235,1.5062102004709519,6.894183792875186,38.493950000000005,,,14.591787863243793,,7.2958939316218965,,20.809622834400926,8.774978155749857,65.05041143830265,0.22966441644979743,0.5969799448523344,5.8415479575741385,,
41000,2,CA,2011,377.9638175916466,12.258037841462952,495.2457226659058,278.9617539581761,61.86314264130791,340.824896599484,139.48087697908804,30.931571320653955,170.412448299742,22.612740230451582,0.7255619746135782,27.60849177071779,12.134088973446595,2.6915806869129675,14.825669660359562,6.067044486723297,1.3457903434564837,7.412834830179781,13.560669387755102,,,5.742429310922293,,2.8712146554611464,,88.85309471757716,5.04189910536905,109.60418998358465,2.5524150642526036,0.6467034849836165,4.772967009828797,,
43000,2,CA,2011,291.00959267777404,10.128147148441492,386.72623574304197,205.87989845074313,44.9556037246964,250.83550217543953,102.93994922537156,22.4778018623482,125.41775108771976,14.122529022524384,0.5940443123664705,18.541961617543212,7.380974779746826,1.591038196657358,8.972012976404184,3.690487389873413,0.795519098328679,4.486006488202092,19.601788,,,6.866705232324299,,3.4333526161621495,,51.69885635477522,8.040920621908084,84.03193267848135,1.4482024179343196,0.702633416196886,3.028768227032397,,
51000,2,CA,2011,309.82631379393194,10.312458727070993,412.40860047208844,191.80507817978352,40.27950300640102,232.08458118618455,95.90253908989176,20.13975150320051,116.04229059309228,28.061772846441926,0.8928739244593867,34.84803229251064,11.657917245575977,2.609010021549614,14.26692726712559,5.828958622787988,1.304505010774807,7.133463633562795,25.583316326530614,,,6.825145193483093,,3.4125725967415463,,40.479508706697025,11.067340139068689,86.60658188894426,1.849637501546286,1.1485323242438041,6.481031329966409,,
53000,2,CA,2011,125.77809559268594,6.9587869257967725,194.48010324783047,90.1588983439543,18.81220048069399,108.9710988246483,45.07944917197715,9.406100240346994,54.48554941232415,58.705541023557984,3.428446356781663,89.08064844398034,36.551979543277966,8.003997335747833,44.5559768790258,18.275989771638983,4.001998667873917,22.2779884395129,9.65133,,,3.1846880958949764,,1.5923440479474882,,9.937988197837951,22.447305027421834,40.566183845097854,10.184243265206595,4.206525926017359,14.920185315043682,,
101,2,CP,2012,525.5222491994219,15.806369804134865,681.406677790057,375.19115343656966,78.79014222167962,453.9812956582493,187.59557671828483,39.39507111083981,226.99064782912464,4.817960000094262,0.3154232777797795,7.916535121226896,3.0725476971242394,0.6452350163960903,3.7177827135203296,1.5362738485621197,0.32261750819804513,1.8588913567601648,2.7917152431406893,,,1.1376093197143216,,0.5688046598571608,,143.04578517255567,2.394832771342353,143.09540233591196,0.032459694625801457,2.3367770213420602,1.246854281593236,,
102,2,CP,2012,442.0712614214124,12.574095820243166,578.0659345795638,283.9662787884353,59.632918545571414,343.59919733400676,141.98313939421766,29.816459272785707,171.79959866700338,0.27583345054985464,0.01415165425641558,1.143873902241459,0.44067457676975885,0.09254166112164934,0.5332162378914082,0.22033728838487943,0.04627083056082467,0.2666081189457041,10.52225397990297,,,4.223337569578157,,2.1116687847890785,,110.32979066188669,9.624444989851076,121.39384626170839,0,0.31611399297291015,0.18016013960302976,,
103,2,CP,2012,291.01969258680543,8.894811967275055,386.20469472632385,211.56071372146837,44.427749881508355,255.9884636029767,105.78035686073419,22.213874940754177,127.99423180148835,30.292789513320816,0.9687633099152484,39.86955017117952,16.80125618757896,3.5282637993915817,20.329519986970542,8.40062809378948,1.7641318996957909,10.164759993485271,61.30808545280822,,,34.24726178560025,,17.123630892800126,,56.635042239316256,10.32904411576972,81.102985892528,3.149105075599711,1.6030525734928591,6.330948404715468,,
104,2,CP,2012,411.96704966608047,11.970884235132013,540.2117470798676,300.4404321755219,63.43427017807384,363.8747023535957,150.22021608776095,31.71713508903692,181.93735117679785,6.289946204360989,0.29495599842610176,8.563732461128597,3.612371179465453,0.7585979476877451,4.370969127153199,1.8061855897327266,0.37929897384387257,2.1854845635765994,3.144027305746767,,,1.3262293858600556,,0.6631146929300278,,119.84141737104014,4.7350572918258065,114.02805348700984,0.488671615728516,1.6266091915010594,1.3666545303669255,,
105,2,CP,2012,432.7409118609758,12.514160728169852,562.5145756025723,311.85035578302046,65.488574714434293,377.3389304974548,155.92517789151023,32.744287357217146,188.6694652487274,2.1943571596785283,0.08171061636804028,2.7332997198799367,1.396098240181951,0.2931806304382097,1.6892788706201607,0.6980491200909755,0.14659031521910484,0.8446394353100803,8.756891632120944,,,3.8380390863625773,,1.9190195431812886,,111.01894387044489,4.057659797062296,118.12806087654019,0.21799306531348564,0.17676209532096626,0.521271763452907,,
106,2,CP,2012,285.786857590782,9.779139099254833,371.2966396291421,205.13861545443203,43.07910924543072,248.21772469986274,102.56930772721601,21.53955462271536,124.10886234993137,6.142229419631568,0.15308044782215008,15.976407617904199,8.32260673180704,1.7477474136794784,10.070354145486519,4.16130336590352,0.8738737068397392,5.035177072743259,5.075647622784607,,,2.1143943681616437,,1.0571971840808219,,80.28554873490218,6.257332082257833,77.97229432211985,1.8581669797531346,0.42478317965703777,2.7190366603998872,,
107,2,CP,2012,367.52298675516704,10.783054967471784,476.37545889196684,264.92825337394095,55.6349332085276,320.5631865824685,132.46412668697047,27.8174666042638,160.28159329123426,3.1297839949971697,0.11817237376509253,3.905998738600628,1.788848712553401,0.37565822963621426,2.164506942189615,0.8944243562767005,0.18782911481810713,1.0822534710948075,19.994271998604294,,,8.44583220198903,,4.222916100994515,,155.64235502044852,4.259578063387577,100.03884636731304,0.321947128865698,0.26613860416551005,0.6679159790514785,,
108,2,CP,2012,356.82059816243424,10.591260261578842,475.5758208121338,263.8313529461109,55.404584118683275,319.23593706479414,131.91567647305544,27.702292059341637,159.61796853239707,1.7661870325657998,0.16180342973043246,3.3260567107515007,1.3210834636297255,0.27742752736224235,1.5985109909919677,0.6605417318148628,0.13871376368112118,0.7992554954959838,4.840284970213463,,,1.9836507537523291,,0.9918253768761646,,118.57766384351177,6.038854428386344,99.8709223705481,0,1.5107739094957942,0.537025784938953,,
109,2,CP,2012,346.7154906252009,10.436673747326111,462.7299122044486,251.66544838224124,52.84974416027066,304.5151925425119,125.83272419112062,26.42487208013533,152.25759627125595,7.486313646142415,0.22359577872235176,17.41543989865989,7.317920092814963,1.5800856747053371,8.898005767520301,3.6589600464074814,0.7900428373526686,4.4490028837601505,0.5292393076765681,,,0.22324638234214794,,0.11162319117107397,,93.87468958038158,7.717968810781484,97.1732815629342,2.0324322743981584,0.42069720211772554,2.809374019113175,,
110,2,CP,2012,439.9344134235215,12.789813725352195,572.5453104075413,317.2761007184121,66.62798115086655,383.9040818692786,158.63805035920606,33.31399057543327,191.9520409346393,22.82716049382716,1.725958266684675,24.553118760511836,9.459027954885721,2.5395625690171357,11.998590523902859,4.729513977442861,1.2697812845085679,5.9992952619514295,29.714168928981643,,,11.932778113182396,,5.966389056591198,,123.6896328177522,4.895917772356213,120.23451518558365,0,0,4.944021335032221,,
111,2,CP,2012,437.87346535466594,13.190523496397676,549.1123827343093,318.2120831752478,73.91667991123089,392.12876308647867,159.1060415876239,36.95833995561544,196.06438154323934,7.625796269884719,0.34113718905695833,8.495143737279177,4.59531783011469,1.268814670767757,5.864132500882447,2.297658915057345,0.6344073353838785,2.9320662504412236,10.49081596645272,,,5.404672223888407,,2.7023361119442035,,81.16538785149142,5.166426941445707,127.42339704610866,0.7535919453155524,0.3280655860709536,2.166494511033951,,
112,2,CP,2012,424.07459129418675,12.429932833286383,560.4511890984667,300.75271627888134,63.15807041856508,363.91078669744644,150.37635813944067,31.57903520928254,181.95539334872322,8.19405831458606,0.2676708785697982,11.16509068449917,4.301323425900712,0.9032779194391495,5.204601345339862,2.150661712950356,0.45163895971957474,2.602300672669931,4.180116160895802,,,1.690708163512093,,0.8453540817560465,,107.94494791808162,5.440331063985238,117.694749710678,0.2577295247037972,0.6711533422874988,1.7585017828086191,,
113,2,CP,2012,454.1791537665527,13.926954487175598,578.2617817475124,318.2168281005372,66.8255339011128,385.04236200165,159.1084140502686,33.4127669505564,192.521181000825,63.58855196511418,1.9260863720853982,84.71229877926982,36.0838703479224,7.577612773063705,43.66148312098611,18.0419351739612,3.7888063865318524,21.830741560493056,6.296572348262711,,,2.656051766215947,,1.3280258831079734,,76.85763411602214,14.676259548773318,121.4349741669776,14.71546742208763,1.5604104763581748,13.533092086676302,,
114,2,CP,2012,249.2265931711802,7.821679848099331,336.962869550621,173.93355924446533,36.52604744133772,210.459606685803,86.96677962223266,18.26302372066886,105.2298033429015,28.60176060113556,0.6800368384317647,78.67076493863088,35.65607891515498,7.518034606429495,43.174113521584474,17.82803945757749,3.7590173032147476,21.587056760792237,0,,,0,,0,,84.92591310108041,10.693831188392027,70.7622026056304,17.198200054355297,4.039883013931715,13.366978408962236,,
115,2,CP,2012,537.3535366015532,15.259060476406848,705.0475338707912,361.6468593205451,75.94584045731447,437.5926997778596,180.82342966027255,37.97292022865724,218.7963498889298,0.8758096489779303,0.03422574183718565,1.1016693949520224,0.464711716217429,0.0975894604056601,0.5623011766230892,0.2323558581087145,0.04879473020283005,0.2811505883115446,15.230725254347055,,,8.059183910822918,,4.029591955411459,,128.4992652492779,6.1563780056752675,148.05998211286615,0.1176603251424904,0.08948784621398181,0.17351292970494353,,
116,2,CP,2012,378.1032761901212,11.447762965170377,494.2775547772819,264.69915683157484,55.60940239897364,320.3085592305485,132.34957841578742,27.80470119948682,160.15427961527425,3.235572391720852,0.17377168942681473,4.757167123777415,2.022129702747309,0.42464723757693484,2.446776940324244,1.0110648513736544,0.21232361878846742,1.223388470162122,18.027942149841536,,,7.375352209343677,,3.6876761046718385,,74.75027512985561,11.257426057470031,103.8368408222232,0.1487078960133823,0.531648008237243,0.8162134887873471,,
117,2,CP,2012,397.0387225945936,11.4828264692128,522.3692328604978,286.0875517723486,60.07838587219321,346.1659376445418,143.0437758861743,30.039192936096605,173.0829688222709,2.21208143878141,0.0798774623916306,2.759826036453715,1.451309177405394,0.3047749272551327,1.7560841046605264,0.725654588702697,0.15238746362756636,0.8780420523302632,2.4478521466493666,,,0.9787822349888395,,0.48939111749441977,,107.30410800604845,5.756815571753847,109.69753890070453,0.267645551116927,0.17501721858277156,0.5418862888351618,,
118,2,CP,2012,493.0894232115157,14.506628440311248,646.2390209707451,359.4486317406555,75.48421266553765,434.93284440619317,179.72431587032776,37.74210633276883,217.46642220309658,0.07859503362562734,0.05004014262678928,0.7402506556513082,0.3500107389985945,0.07350225518970485,0.42351299418829935,0.17500536949929724,0.036751127594852426,0.21175649709414968,2.721991623935555,,,1.2826440428534183,,0.6413220214267091,,140.8363682124681,5.806782002830927,135.71019440385646,0,0.7809488176042598,0.142280784691183,,
119,2,CP,2012,462.8444191618863,13.070679633648687,608.3787499189058,303.72614141213614,63.782489696548595,367.50863110868477,151.86307070606807,31.891244848274297,183.75431555434238,6.230055562643909,0.2534496563256769,8.400467750039718,4.296961271142393,0.9023618669399023,5.199323138082294,2.1484806355711963,0.45118093346995114,2.599661569041147,6.341970804560715,,,2.011019830748545,,1.0055099153742726,,81.22420719079052,4.650965679692611,127.7595374829702,0.5538841297986173,0.9944747925952014,1.730223237716133,,
120,2,CP,2012,440.08135873977534,12.638960429553364,566.2586358671308,290.5917508403275,61.02426767646877,351.61601851679626,145.29587542016375,30.512133838234384,175.80800925839813,2.909928706705668,0.12910205957508172,3.6728788448807976,1.5823428907604764,0.3426518067858787,1.9249946975463552,0.7911714453802382,0.17132590339293935,0.9624973487731776,17.065860343230234,,,8.19563108940019,,4.097815544700095,,99.79596436310489,5.752076872768203,118.91431353209745,0.6353571017405436,0.35768938427422986,0.6175290981237569,,
121,2,CP,2012,437.6262310170387,13.129424799008222,570.0449608921796,324.9629691518842,70.26625243810396,395.2292215899882,162.4814845759421,35.13312621905198,197.6146107949941,3.7951458027901612,0.1286342774432759,4.650810156078238,1.96182809410503,0.4119838997620563,2.3738119938670863,0.980914047052515,0.20599194988102815,1.1869059969335432,5.840426421857977,,,2.586719843706193,,1.2933599218530965,,121.98719420085168,4.255417906932345,123.1654607302076,0.19697152181079214,0.1690849807341307,0.7325025995823227,,
122,2,CP,2012,450.0207543870976,13.034439661367687,581.2280866084491,318.34747353208553,67.66811249067597,386.0155860227615,159.17373676604277,33.83405624533798,193.00779301138076,1.463603429856854,0.1096095869791694,3.572412955604512,1.3952789243991432,0.29300857412382003,1.688287498522963,0.6976394621995716,0.14650428706191002,0.8441437492614815,2.3812625044100537,,,0.981532958731198,,0.490766479365599,,100.12564720147147,5.452155034611297,123.31653350392928,0,1.0290207422239182,0.5626550405077106,,
123,2,CP,2012,348.3314464814983,10.329130055529,465.0215738388204,241.2730341123832,50.667337163600465,291.94037127598364,120.6365170561916,25.333668581800232,145.97018563799182,39.015356073742616,1.1394068282374221,50.7999624802209,21.36044321369585,4.485693074876129,25.846136288571973,10.680221606847924,2.2428465374380644,12.923068144285986,1.3075462769127493,,,0.5515557363779684,,0.2757778681889842,,98.88009187576722,3.9720056754512645,97.65453050615228,9.581485708121406,0.5239546049889565,8.000994090634789,,
124,2,CP,2012,330.1382220870282,9.771065957903591,430.49253346028473,237.6195104340855,50.78585832331157,288.40536875739707,118.80975521704275,25.392929161655786,144.20268437869854,11.385115146706168,0.36405623031578227,13.711318383598146,5.7300481544472115,1.2299648524719318,6.960013006919143,2.8650240772236057,0.6149824262359659,3.4800065034595713,175.70065167821198,,,73.69768944762772,,36.84884472381386,,70.51568861352749,5.723819418175397,91.91586459471706,1.178152032062167,0.06145558460915332,2.2114241030383637,,
125,2,CP,2012,432.7873669330202,13.197289592832027,571.6423504409859,323.67611783052547,71.38704700167669,395.0631648322022,161.83805891526274,35.693523500838346,197.5315824161011,1.7002406759728834,0.14898355556298185,3.171960538933965,1.3072773025596063,0.2995192970061807,1.606796599565787,0.6536386512798031,0.14975964850309034,0.8033982997828935,1.7089212892596246,,,0.7444457121742052,,0.3722228560871026,,140.34401827289196,7.4850492175457095,125.87609479611282,1.8006972490700477,0.8706450387652864,0.5422558969542262,,
126,2,CP,2012,524.0139178923434,16.561760860137845,673.2470617097996,394.2893668080439,94.62944803393053,488.9188148419744,197.14468340402195,47.314724016965265,244.4594074209872,2.2521471246669114,0.13773957374103282,3.5365543982084158,1.5533960788597474,0.37281505892633937,1.9262111377860869,0.7766980394298737,0.18640752946316969,0.9631055688930434,2.269323527768754,,,1.0539845096766274,,0.5269922548383137,,143.04313746901704,9.240169790311061,161.57929481035188,4.401189276626808,1.0463740103094905,0.6365797916775148,,
127,2,CP,2012,433.1687055681649,12.808988723043205,569.7556439831307,315.13749405541046,66.18240719136536,381.31990124677577,157.56874702770523,33.09120359568268,190.65995062338789,10.527018792547407,0.43243443380978785,14.416775188627108,5.56543746015135,1.1687418666317835,6.734179326783133,2.782718730075675,0.5843709333158917,3.3670896633915666,3.8435820512900696,,,1.542953185717165,,0.7714765928585825,,108.95168017759231,9.516339187542409,119.65471856658412,0.14119008468838248,1.456048428133336,2.2706420922087696,,
128,2,CP,2012,439.46898368259093,13.081256775934763,554.2043377902942,308.58544306042023,64.80294304268826,373.38838610310853,154.29272153021012,32.40147152134413,186.69419305155427,1.9510304106604086,0.06590752929987105,2.389208675320269,1.007828000847755,0.21164388017802852,1.2194718810257834,0.5039140004238775,0.10582194008901426,0.6097359405128917,2.424538894800165,,,0.9827795711300581,,0.49138978556502905,,65.93665962042049,8.047228777138697,116.38291093596179,0.09555495129772854,0.08423341000919232,0.37630036636294234,,
129,2,CP,2012,331.28329259220186,10.225956346700741,423.5896289431125,244.02683801985373,56.994463998330836,301.02130201818454,122.01341900992686,28.497231999165418,150.51065100909227,18.100409663422266,0.5597073851923375,22.016682965588252,11.965044363749922,2.512659316387483,14.477703680137404,5.982522181874961,1.2563296581937415,7.238851840068702,3.8805708389901303,,,1.6369218776100682,,0.8184609388050341,,71.98569093430217,3.963006150926952,98.76991628353979,1.0960557487387534,0.3871765485478085,4.467479147077305,,
130,2,CP,2012,454.46942541550277,13.692871547187778,567.030794423287,328.665080024454,78.38607608914324,407.0511561135973,164.332540012227,39.19303804457162,203.52557805679865,1.2661689689793043,0.10213937344248325,2.097649318539575,1.0651396324006905,0.2556335117761657,1.3207731441768564,0.5325698162003453,0.12781675588808286,0.6603865720884282,0,,,0,,0,,68.47733628101491,4.173490605851965,135.01151531750978,3.643366056749801,0.8791416034700201,0.436492903856696,,
131,2,CP,2012,436.1255073012227,13.175515142050118,588.6914450524537,334.736769451032,70.29472158471673,405.03149103574873,167.368384725516,35.14736079235836,202.51574551787436,12.92525282571048,0.3948164243162634,17.286792529817053,8.381657127821725,1.7601479968425622,10.141805124664288,4.190828563910863,0.8800739984212811,5.070902562332144,9.200383758111952,,,3.4197545195909207,,1.7098772597954603,,106.94053674163074,7.844342614811883,123.62520346101527,1.1328645114958753,0.6435321314423019,3.3694968787250996,,
132,2,CP,2012,464.97045490439837,14.485535644550097,616.1236726412226,334.0246700682312,73.93385433183887,407.95852440007013,167.0123350341156,36.96692716591944,203.97926220003507,0.7336587289344677,0.0571437037293543,1.2080820037612519,0.49274097386156673,0.103475604510929,0.5962165783724958,0.24637048693078337,0.0517378022554645,0.2981082891862479,11.023434860575192,,,4.723716188760241,,2.3618580943801204,,182.33946558581067,2.848964323392423,135.85511193023586,0.1774309086246293,0.4734954440532174,0.19027291559239717,,
133,2,CP,2012,532.2573020484137,17.380139612534226,712.3079252855637,417.16549065944224,100.11971775826613,517.2852084177083,208.58274532972112,50.05985887913307,258.64260420885415,2.2841521865260903,0.1293115896842742,3.5057156300857804,1.5398504590036426,0.3695641101608742,1.9094145691645168,0.7699252295018213,0.1847820550804371,0.9547072845822584,10.48470520258833,,,4.605301690807271,,2.3026508454036354,,287.7448681083678,3.8037962427322634,170.95390206853529,3.0870621598634767,0.9607994404595566,0.6310288134154404,,
134,2,CP,2012,248.1876494942417,7.630012907430098,312.5963074778732,176.24085403167538,37.01057934665183,213.25143337832722,88.12042701583769,18.505289673325915,106.62571668916361,20.348555200542794,0.6294651299792337,24.98315503003447,13.09531329961625,2.7500157929194122,15.845329092535662,6.547656649808125,1.3750078964597061,7.922664546267831,7.6531619261578525,,,3.20996037167623,,1.604980185838115,,31.84138821750967,5.955144122212161,65.64522457035336,2.063128896706101,0.4843628309233356,4.889496211792103,,
135,2,CP,2012,597.2607367714705,17.7984522508222,772.4519175225731,438.36841492574746,99.14031302047034,537.5087279462178,219.18420746287373,49.57015651023517,268.7543639731089,1.6186715807294427,0.10035873173592537,2.3376089369604465,1.0267712998904832,0.2543207361792351,1.2810920360697184,0.5133856499452416,0.12716036808961756,0.6405460180348592,3.938740988252298,,,1.5766881758812683,,0.7883440879406342,,161.61590635684013,4.69821343887845,174.3089962756329,1.7285875644347217,0.5283695551014691,0.43425134629080764,,
136,2,CP,2012,477.1439032333053,13.647926009137224,624.1473802047188,339.0653081247718,71.20371470620206,410.2690228309738,169.5326540623859,35.60185735310103,205.1345114154869,6.958050332987482,0.3096547788955127,8.069386718229325,3.019329766183184,0.8110965086435303,3.830426274826715,1.509664883091592,0.40554825432176517,1.9152131374133574,6.902795491375581,,,2.644418137823458,,1.322209068911729,,136.9802206849651,3.3508247904303095,131.07094984299096,0.9109710449075071,0.7386544917095671,2.075582166388887,,
137,2,CP,2012,386.7612511289605,11.57463947774874,495.1789510603508,279.22950582469844,59.100625227573104,338.33013105227155,139.61475291234922,29.550312613786552,169.16506552613578,4.2354470711537635,0.16118382962721328,5.377764761121962,2.3253274940424147,0.4883187737489071,2.8136462677913214,1.1626637470212073,0.24415938687445354,1.4068231338956607,41.08817693704395,,,17.415610389572116,,8.707805194786058,,72.79747499912213,6.794052232535703,104.77717486436593,0.5271262273270756,0.45283004705466046,0.8824181535332889,,
138,2,CP,2012,505.15361743900843,14.728489355627573,657.5678504437332,367.15586476968224,77.10273160163327,444.2585963713155,183.57793238484112,38.55136580081663,222.12929818565775,0.03929751681281367,0.03087313272873948,0.19771229453422445,0.10213817388299241,0.021449016515428406,0.12358719039842082,0.05106908694149621,0.010724508257714203,0.06179359519921041,14.248277509647508,,,5.611064951156308,,2.805532475578154,,173.1616335481326,5.316157668974102,138.08924859318395,0,0.38877275919176335,0.04151958185218714,,
139,2,CP,2012,245.93572502598553,7.991468637116683,320.76236638927185,168.82879250405423,35.76611071301407,204.5949032170683,84.41439625202712,17.883055356507036,102.29745160853415,0.07859503362562734,0.05004014262678928,0.7402506556513082,0.3824134981693036,0.08030683461555375,0.46272033278485736,0.1912067490846518,0.04015341730777688,0.23136016639242868,8.726652192933482,,,3.9647810100126493,,1.9823905050063246,,33.70700163217667,9.383811249974737,67.89294510373956,0,0.7809488176042598,0.1554526376867747,,
140,2,CP,2012,554.4420102051145,16.18547333243978,723.3422420562354,405.98850379447197,85.25758579683911,491.24608959131115,202.99425189723598,42.628792898419555,245.62304479565557,12.071968395787536,0.37599787999848955,15.181516543631044,6.556568344868085,1.3768793524222978,7.933447697290383,3.2782841724340424,0.6884396762111489,3.9667238486451915,7.3599729775966525,,,3.212222725435355,,1.6061113627176775,,186.78785855082864,5.181272161146079,151.90187083180942,1.3933293044571122,0.41734735619074825,2.475634388325896,,
141,2,CP,2012,420.5271906687945,12.700514196208836,560.9275402956697,325.5645827001443,70.5083889816074,396.0729716817517,162.78229135007214,35.2541944908037,198.03648584087586,8.405752814480774,0.2268274112236356,16.127910440124705,8.448769621437744,1.7742416205019262,10.22301124193967,4.224384810718872,0.8871208102509631,5.111505620969835,4.549856672208364,,,1.9192433886005795,,0.9596216943002898,,65.02967733127929,6.672086335567995,121.44852637809936,3.6895394775470476,0.9793036038407901,2.718695237254677,,
142,2,CP,2012,430.524183353492,12.819599677317191,571.0854993756946,327.84872850858744,70.21103162398762,398.0597601325751,163.92436425429372,35.10551581199381,199.02988006628755,10.547934105828345,0.34327543212665534,13.902333026594222,7.270181960326557,1.526738211668577,8.796920171995135,3.6350909801632785,0.7633691058342885,4.398460085997567,3.2830226227136894,,,1.3848610884287715,,0.6924305442143858,,54.97724586649671,6.931061083590959,122.25492651820512,0.5647349168006729,0.5904468658376236,2.7309414394764557,,
143,2,CP,2012,570.1373678922774,17.886588027953223,739.6197908847261,432.132503329472,102.96459702704658,535.0971003565186,216.066251664736,51.48229851352329,267.5485501782593,3.3742425822354987,0.11882180285293335,4.225467523455916,1.8232310179010716,0.4137677070499966,2.2369987249510683,0.9116155089505358,0.2068838535249983,1.1184993624755342,6.4336322625266025,,,2.8110668199407693,,1.4055334099703847,,164.68748656564676,4.274223354777998,176.18023016449513,0.5121341799800656,0.3043477225698601,0.7182542732895071,,
144,2,CP,2012,290.8073880907214,8.656671777230052,377.87266682625807,207.56191226010614,43.93964499490123,251.50155725500736,103.78095613005307,21.969822497450615,125.75077862750368,0.9845933861859508,0.1461839075422628,2.2371190677202377,0.8667718042297103,0.18202207888823918,1.0487938831179495,0.43338590211485517,0.09101103944411959,0.5243969415589748,6.090486345717113,,,2.5553815332759617,,1.2776907666379809,,55.72558482786302,6.053188952986911,79.95368936131709,0,1.5289757637001327,0.3523462531659374,,
145,2,CP,2012,373.82162002830654,11.27534694424005,469.2649090473257,264.9238492481403,57.389465862391035,322.31331511053133,132.46192462407015,28.694732931195517,161.15665755526567,13.59260645292567,0.43517596472999076,16.576375709503,7.797011957898637,1.6373725111587136,9.43438446905735,3.8985059789493186,0.8186862555793568,4.717192234528675,3.5844149279095636,,,1.4595822798574578,,0.7297911399287289,,55.96686060029776,6.368653546642112,101.5430655684247,0.7676118275777349,0.40554739663076367,2.9112293504700113,,
146,2,CP,2012,307.96768304035106,9.135107615783113,403.48695224681404,219.02989179695993,46.37839852489152,265.40829032185144,109.51494589847997,23.18919926244576,132.70414516092572,18.92478303837633,0.5952106355664432,23.96685545236339,9.400916965456675,1.9741925627459018,11.375109528202577,4.7004584827283376,0.9870962813729509,5.6875547641012885,17.86860054354478,,,8.018861464117242,,4.009430732058621,,53.964886513832845,8.439532893171876,85.38473003258625,2.1564152162501418,0.6035600376797706,3.4787684536606043,,
147,2,CP,2012,225.0398677801192,6.701537247411605,315.9491354051858,181.33925828999273,39.30724087229306,220.64649916228578,90.66962914499636,19.65362043614653,110.32324958114289,15.31446790697509,0.34751404732304775,49.26990001260489,27.711035509845047,5.81931745706746,33.53035296691251,13.855517754922523,2.90965872853373,16.765176483456255,0,,,0,,0,,62.1890007637413,6.083924393740416,68.44270136457176,9.512905142240802,2.2578901663390125,10.346679002647027,,
148,2,CP,2012,343.57641737132855,10.587985137710671,430.3079908637324,252.011297040367,60.482711289688076,312.49400833005507,126.0056485201835,30.241355644844038,156.24700416502753,4.134539671863028,0.12939486020957894,5.096276690346181,2.2384884653770714,0.5372372316904972,2.7757256970675686,1.1192442326885357,0.2686186158452486,1.3878628485337843,1.9049274787427364,,,0.8367203053599874,,0.4183601526799937,,48.262474203612584,3.7151257245431752,103.27391780729577,0.29664491397934944,0.2046217331634474,0.9173298042623124,,
401,2,CP,2012,283.07533129406266,10.484242487615008,400.27185087059775,228.3543047040702,52.09588568081237,280.45019038488255,114.1771523520351,26.047942840406186,140.22509519244127,24.20262773646648,1.0789266764242536,33.01630770782107,12.735599242493151,2.6744758409235616,15.410075083416713,6.367799621246576,1.3372379204617808,7.705037541708356,3.4952488622612896,,,1.2434156803402363,,0.6217078401701182,,107.58992675780837,3.714397910327206,91.12864732890506,7.805999297055097,1.7672206247356073,5.186766883126525,,
402,2,CP,2012,500.26120017930646,21.744104932015208,703.7933682290015,369.5580664168445,82.4140188990135,451.97208531585795,184.77903320842225,41.20700944950675,225.98604265792898,51.221418849126636,2.749694478813324,71.39721498973226,25.901642065416468,5.500687362369849,31.402329427786317,12.950821032708234,2.7503436811849244,15.701164713893158,18.964853896934233,,,6.798565225971412,,3.399282612985706,,108.8034985540509,4.8377078078801095,156.00423615899965,13.207585327519286,3.796073766371877,11.621028848413433,,
403,2,CP,2012,267.3022808891975,9.806796657891502,367.14957641263413,193.82288593965683,44.386400361065284,238.2092863007221,96.91144296982841,22.193200180532642,119.10464315036106,7.6988108146086045,0.2667246762398909,9.9163833014085,5.4564291872079,1.145850129313659,6.602279316521558,2.72821459360395,0.5729250646568295,3.301139658260779,0.6173836378877091,,,0.23784551146557265,,0.11892275573278632,,62.813367865335195,2.902232508394518,83.39112935260471,0.8676826793237303,0.16266653613809412,2.0466251633101775,,
404,2,CP,2012,306.33415687155934,11.05316075192657,422.56463796253126,221.9795522540226,50.864926262973796,272.8444785169964,110.9897761270113,25.432463131486898,136.4222392584982,23.740006907803657,0.8160562389020714,27.084053556695505,8.100971164333878,1.9768089688910786,10.077780133224959,4.050485582166939,0.9884044844455393,5.038890066612479,15.810324329819242,,,3.677669181639487,,1.8388345908197434,,67.06399693215154,6.880640095163213,95.99409571675716,0,1.7984859580649435,5.1455103559502415,,
405,2,CP,2012,269.6027191718784,10.90622678061329,375.80784914012935,220.0931089140432,52.82234613937037,272.91545505341355,110.0465544570216,26.411173069685184,136.45772752670678,0.33333333333333337,0.02860373783256781,0.3619370711659012,0.14136192361643693,0.03991425771717452,0.18127618133361142,0.07068096180821846,0.01995712885858726,0.09063809066680571,31.0321683453666,,,9.383804532389894,,4.691902266194947,,61.50235442080387,1.1012788030049647,90.19388379363104,0,0,0.07664607890689817,,
406,2,CP,2012,493.36407749851736,17.327656106720283,676.1212258756598,349.0106788764776,80.66134241835456,429.6720212948322,174.5053394382388,40.33067120917728,214.8360106474161,0,0,0,0,0,0,0,0,0,6.251409677065585,,,2.8795000746488113,,1.4397500373244057,,197.36328658735573,3.4857564206390688,154.56815745573584,0,0,0,,
407,2,CP,2012,440.00334575335364,15.665567640038255,612.3486500599018,318.3472316953914,68.36090781263789,386.70813950802926,159.1736158476957,34.180453906318945,193.35406975401463,4.893901858637464,0.33264326171737485,7.18248494716524,2.9832055195336253,0.6286443137780762,3.6118498333117017,1.4916027597668127,0.3143221568890381,1.8059249166558509,19.92476451574163,,,8.506616301291785,,4.253308150645893,,124.20169359870818,8.512975676259543,131.16810022550817,3.372074263149867,1.2946602854197575,1.320459889871037,,
408,2,CP,2012,204.10946972811408,8.327981885763368,307.1622436977561,178.17781085856697,40.21872190681842,218.39653276538542,89.08890542928349,20.10936095340921,109.19826638269271,0,0,0,0,0,0,0,0,0,0,,,0,,0,,54.95319060353282,13.091735668773683,69.2874158658624,0,0,0,,
409,2,CP,2012,341.44739464737864,11.854551552267298,473.19839374665986,218.36368647581355,49.88573393552194,268.2494204113355,109.18184323790678,24.94286696776097,134.12471020566775,0.4817323434272634,0.023099413682902855,0.6828675893009231,0.2667078994918715,0.056008658893293005,0.3227165583851645,0.13335394974593576,0.028004329446646502,0.16135827919258225,17.090922334577606,,,5.9719673850185515,,2.9859836925092758,,97.18223826964655,0.5828868381107944,106.25177373685327,0,0.08792305841580571,0.10755164531489539,,
410,2,CP,2012,439.28360091302443,16.40126358305297,613.1087097268047,354.9689311106424,82.21308459164817,437.1820157022906,177.4844655553212,41.106542295824084,218.5910078511453,12.155070302482057,0.6782542398160214,17.604112595024365,6.287968873099452,1.3204734633508848,7.608442336450336,3.143984436549726,0.6602367316754424,3.804221168225168,1.019593722466857,,,0.3641861272741038,,0.1820930636370519,,130.08850282934674,0.9878336931914993,141.848646981725,7.258903716817148,2.0804229644928727,2.772647733716337,,
411,2,CP,2012,446.77245280314077,13.76776367434988,608.3043190867694,225.8964503438686,47.43825457221241,273.334704916081,112.9482251719343,23.719127286106204,136.6673524580405,2.17573650990274,0.17298102540457003,3.8069097476051392,1.6507525937173366,0.34665804468064065,1.9974106383979773,0.8253762968586683,0.17332902234032033,0.9987053191989886,5.4396605210216995,,,2.2170314109861065,,1.1085157054930532,,120.8418307759676,2.370199678186278,127.74390700822158,0,1.6106019846323747,0.6656764115362903,,
412,2,CP,2012,429.12483498717774,14.366838253616612,584.8219817263566,238.91674121571765,50.17251565530071,289.0892568710184,119.45837060785882,25.086257827650353,144.5446284355092,0,0,0,0,0,0,0,0,0,0.8685831897344173,,,0.29675609532779657,,0.14837804766389828,,108.72392618810196,2.847697988318793,122.8126161625349,0,0,0,,
413,2,CP,2012,351.3630885395911,12.823193388253129,486.41638924777527,272.0158916831632,60.376955270991346,332.39284695415455,136.0079458415816,30.188477635495673,166.19642347707727,4.737261480254965,0.5046276654265727,9.018628638342742,3.012005100922549,0.6372183697776772,3.649223470700226,1.5060025504612744,0.3186091848888386,1.824611735350113,29.728119547450195,,,8.376160390584898,,4.188080195292449,,100.66915429318739,6.200592768808918,107.70297773824592,14.208043412306749,4.11686856309049,1.430964771624418,,
414,2,CP,2012,337.36278709718977,10.472537064078638,465.19298903738326,170.69935693757498,36.38500279294521,207.0843597305202,85.34967846878749,18.192501396472604,103.5421798652601,5.039297516812813,0.9723186164475182,6.368489194758674,1.7021067899857976,0.4516837140010264,2.1537905039868237,0.8510533949928988,0.2258418570005132,1.0768952519934119,35.80624682412967,,,8.79204378315523,,4.396021891577615,,104.12518465737688,1.43109134975927,98.60939527942267,0,0.17585386604250577,1.276461740590552,,
415,2,CP,2012,247.59364076832634,7.868254025788161,348.48243938189376,180.8438961754674,39.45919046761434,220.30308664308174,90.4219480877337,19.72959523380717,110.15154332154087,0.2789258196467503,0.007716049382716051,2.243323294549154,1.1523129620564445,0.2419857220318533,1.3942986840882978,0.5761564810282223,0.12099286101592666,0.6971493420441489,3.070128325380271,,,1.1635025347220163,,0.5817512673610081,,59.383320778036754,11.885700791856802,75.64462322133222,0,0.4325362359732086,0.4710978918553223,,
416,2,CP,2012,366.5012936644669,11.675462989996099,491.1561179805656,207.5935323398951,43.59464179137797,251.18817413127306,103.79676616994755,21.797320895688983,125.59408706563653,0,0,0,0,0,0,0,0,0,10.47735656694433,,,2.879480821252674,,1.439740410626337,,92.11158701707744,3.124888949605766,103.14278477591878,0,0,0,,
417,2,CP,2012,353.45828634130794,11.864901980562472,486.48543968697373,207.76179387930733,46.50549660888553,254.26729048819288,103.88089693965367,23.252748304442765,127.13364524409644,0,0,0,0,0,0,0,0,0,6.2017376158141895,,,2.131559431371885,,1.0657797156859425,,106.69069733777849,1.1362989191206085,107.07187773361694,0,0,0,,
418,2,CP,2012,373.8471286750856,12.954619789207253,515.366160113753,248.2556571552984,56.09187449392545,304.34753164922387,124.1278285776492,28.045937246962726,152.17376582461193,26.80395694131501,0.9744860594510689,37.76402011137416,19.18551353743673,4.028957842861713,23.21447138029844,9.592756768718365,2.0144789214308565,11.60723569014922,60.06877931384091,,,18.064426430300397,,9.032213215150199,,101.94743320884325,5.763115198626238,114.98547665783819,6.6195525164480005,2.618191394003948,7.777340958815664,,
419,2,CP,2012,267.91452335752314,10.200796951652789,367.59846401559787,195.43625308047925,42.73742008419714,238.1736731646764,97.71812654023962,21.36871004209857,119.0868365823382,10.948502819153502,0.5130968707245268,13.4960136173664,3.849923945260246,0.914767603475204,4.764691548735449,1.924961972630123,0.457383801737602,2.3823457743677245,11.154629620454768,,,2.883499624153848,,1.441749812076924,,72.16216744679024,6.7528088796080334,80.091259048746,9.39902926101409,1.8100226233149848,2.4339854362378675,,
420,2,CP,2012,471.18180367820094,16.089079355515278,650.5907612831862,292.8952880382636,64.67121365938102,357.5665016976446,146.4476440191318,32.33560682969051,178.7832508488223,3.544700057426476,0.11222876931807704,12.122536309871728,5.2053912717411395,1.093132167065639,6.298523438806779,2.6026956358705697,0.5465660835328195,3.1492617194033894,1.5710656002802743,,,0.46610100627195994,,0.23305050313597997,,90.07220272854772,17.534077448683714,142.02521298181358,0,2.778845424969579,2.1513182871022756,,
421,2,CP,2012,331.67597233653737,10.677629220431198,450.39810625728245,237.51483425345955,49.8781151932265,287.39294944668603,118.75741712672978,24.93905759661325,143.69647472334302,0,0,0,0,0,0,0,0,0,45.78261899798586,,,19.37070937441019,,9.685354687205095,,84.3380002336004,3.8699348637109563,94.5836023140293,0,0,0,,
422,2,CP,2012,228.92956026520426,7.591153895602887,304.31768253190364,132.9277424793382,28.921457742209842,161.84920022154805,66.4638712396691,14.460728871104921,80.92460011077402,17.968113955537184,0.5620165484696936,22.958452293173064,7.913089698902332,1.6617488367694897,9.574838535671821,3.956544849451166,0.8308744183847449,4.787419267835911,5.900384608135128,,,1.3773210159748155,,0.6886605079874077,,38.90212921894831,2.0331845562000397,65.62553197894789,1.161018130777043,0.05471538165101931,4.821274981566344,,
423,2,CP,2012,435.16713367146775,13.831112385542413,580.6385740291762,259.9022677739074,55.566677011474646,315.46894478538206,129.9511338869537,27.783338505737323,157.73447239269103,3.336261973842617,0.1459874839002128,4.460983761438962,1.9681806316263764,0.4329661054704368,2.401146737096813,0.9840903158131882,0.2164830527352184,1.2005733685484066,124.12361382617676,,,47.79082439547194,,23.89541219773597,,82.7686800761747,4.272771977071728,123.61974078828966,0,0.1458113912119101,0.8314110340982344,,
425,2,CP,2012,145.3931399848665,6.595006148259578,192.95564945938105,101.9075983358667,21.400595650532008,123.3081939863987,50.95379916793335,10.700297825266004,61.65409699319935,2.3969135802469137,0.23328917058926044,2.6302027508361743,0.9744251290727042,0.29626797125939636,1.2706931003321005,0.4872125645363521,0.14813398562969818,0.6353465501660502,1.610078210096195,,,0.5723401189987487,,0.28617005949937435,,1.5901127903978907,20.982549433325957,40.52068638647002,0,0,0.5609648322783612,,
427,2,CP,2012,304.9497756394924,11.231348158302854,429.06264916418064,235.19068778441536,51.67623924448426,286.8669270288996,117.59534389220768,25.83811962224213,143.4334635144498,0.3975343969982594,0.09281030913988327,1.4592302955334566,0.5212188133579357,0.10945595080516649,0.6306747641631022,0.26060940667896787,0.05472797540258324,0.3153373820815511,8.622946046064467,,,3.317044964216339,,1.6585224821081694,,131.4851860917426,3.751334084718587,94.0068221793942,5.635285746218821,1.1207766409767184,0.22982877154651943,,
428,2,CP,2012,284.83990969420245,11.41491605489562,416.02635994642594,224.06293599685534,49.16276196427242,273.22569796112776,112.03146799842767,24.58138098213621,136.61284898056388,1.666697542139749,0.10319262397684095,2.4533950678599945,0.8763220376402057,0.18402762790444321,1.0603496655446487,0.43816101882010283,0.09201381395222161,0.5301748327723244,15.812456220106338,,,6.536920161290232,,3.268460080645116,,108.87192914063317,2.0912141926693617,90.96757349535586,1.5645430989294242,0.45508962900438926,0.3864097231879491,,
429,2,CP,2012,210.16796414427398,7.975096299631019,364.1171602363196,206.2140994548647,43.30496088552159,249.5190603403863,103.10704972743235,21.652480442760794,124.75953017019314,0,0,0,0,0,0,0,0,0,0,,,0,,0,,90.99092311851837,5.448113604842508,76.46460364962711,0,0,0,,
430,2,CP,2012,286.4574054785534,10.00645621552579,395.82754712657743,226.10633249515192,50.427509678176676,276.5338421733286,113.05316624757596,25.213754839088338,138.2669210866643,95.53974023141254,1.9293672375847848,111.55217536777889,44.44129616940296,8.966047348472692,53.407343517875645,22.22064808470148,4.483023674236346,26.703671758937823,0.4934589186185012,,,0.18201793742646102,,0.09100896871323051,,97.20997446896308,1.9148172646142565,88.15266431855375,6.1301592431401755,0.23400938130718757,19.167566250983736,,
431,2,CP,2012,441.80878270026403,14.1519629624958,583.4019590649788,259.88472391376143,54.5757920218899,314.46051593565136,129.94236195688072,27.28789601094495,157.23025796782568,3.299161122290539,0.132040224100075,6.834254691208308,2.6384379944134846,0.5540719788268318,3.192509973240316,1.3192189972067423,0.2770359894134159,1.596254986620158,36.40148631129336,,,9.314966398825897,,4.657483199412948,,32.8282828821388,22.28101176234055,122.51441140364552,0,1.742068937264676,1.0763951138653085,,
432,2,CP,2012,237.47642318484546,7.726806536819654,339.0161058592533,176.93295582394393,37.83881666369063,214.77177248763456,88.46647791197196,18.919408331845315,107.38588624381728,40.68937810006831,0.9557091291052152,49.44631730862442,21.558796965298267,4.371469229576155,25.930266194874424,10.779398482649134,2.1857346147880774,12.965133097437212,35.488634468869314,,,11.866135066171285,,5.933067533085643,,61.48181956306707,15.782811345082768,72.35942352956943,4.011782600303195,0.0804374761728906,9.233535248386357,,
433,2,CP,2012,268.2593922998448,9.281264740140406,375.9587425816723,214.5835719777704,47.98861257831891,262.57218455608927,107.2917859888852,23.994306289159454,131.28609227804463,0.03929751681281367,0.030050807167488237,0.33314686211910716,0.14860182193678184,0.031206382606724186,0.17980820454350604,0.07430091096839092,0.015603191303362093,0.08990410227175302,27.123057684791164,,,9.430998715630915,,4.715499357815458,,97.57028899980784,2.4208259757718906,83.9475725171651,0,0.1779869565953953,0.0699608410450125,,
434,2,CP,2012,336.69819662612997,11.042345920630433,460.7326854790744,261.0979191791342,59.631100490011306,320.7290196691455,130.5489595895671,29.815550245005653,160.36450983457274,73.86106458229764,1.3456972437121637,85.0756080503711,29.729253573668558,5.923409324704291,35.652662898372846,14.864626786834279,2.9617046623521457,17.826331449186423,17.054198805116034,,,5.946189177934565,,2.9730945889672826,,141.63624610016797,0.6464310361711089,104.85579922315453,1.019818992551923,1.6333793077155945,12.839845601138641,,
435,2,CP,2012,410.31278853549696,13.317838624773534,566.269183401932,259.79633261751945,55.76559358332399,315.56192620084346,129.89816630875973,27.882796791661995,157.78096310042173,25.986913934138634,0.4796974859353768,30.52954256248534,10.668362059528219,2.1466141832975745,12.814976242825795,5.3341810297641095,1.0733070916487872,6.407488121412897,8.966200031045192,,,3.7908930550205517,,1.8954465275102759,,98.51054869803981,11.922214817488198,120.97980336185847,0.71929045641617,0.8605801250800185,4.639679863615404,,
436,2,CP,2012,170.3417584993091,5.721717905407165,242.16285635449103,129.02720788960104,28.015805097926165,157.0430129875272,64.51360394480052,14.007902548963083,78.5215064937636,100.97152451594346,1.4899512704838962,110.22652964796035,39.76793886987712,8.09350076145084,47.86143963132796,19.88396943493856,4.04675038072542,23.93071981566398,11.572214858486934,,,4.021850524717103,,2.0109252623585516,,43.59573759722261,5.731408559512396,52.3469630223746,1.9919020115693749,0.20764199597936644,17.662515859778786,,
437,2,CP,2012,136.53756887085112,4.679242598186147,188.59555850207002,106.63237124687869,24.21193011729775,130.84430136417643,53.316185623439345,12.105965058648875,65.42215068208822,51.405960093963955,1.1790259128821896,60.372977946583596,22.548178075869664,4.631595017492397,27.179773093362066,11.274089037934832,2.3157975087461984,13.589886546681033,39.83351529338204,,,14.236518099212525,,7.118259049606262,,39.17833483883031,1.4195201573740983,42.674418934559895,3.9757837610001476,0.1549050478411791,9.282826255657485,,
438,2,CP,2012,165.45661089671964,6.153455144011328,234.57940483781334,132.69698402336783,30.345079569449023,163.04206359281687,66.34849201168392,15.172539784724512,81.52103179640844,56.708544239586324,0.8938375913532935,66.92884196766485,23.174146444012248,4.6508162622589735,27.824962706271222,11.587073222006124,2.3254081311294867,13.912481353135611,0,,,0,,0,,40.885876546571,7.0946944558524,53.49406455963928,2.0269209826014953,0.9704948484505763,10.070449740902136,,
439,2,CP,2012,247.24375086073275,9.205753559700497,347.3063117505585,202.04155785402978,47.496838201087115,249.5383960551169,101.02077892701489,23.748419100543558,124.76919802755845,0,0,0,0,0,0,0,0,0,0,,,0,,0,,89.8357100163131,0.39322450512458873,81.58809896809477,0,0,0,,
440,2,CP,2012,261.011559459121,9.562054975091883,366.2228567286976,214.47962642937344,51.47511034304963,265.9547367724231,107.23981321468672,25.737555171524814,132.97736838621154,51.33480313298865,0.8347255958392286,57.04357062207896,26.139095128402232,5.227819025680446,31.36691415408268,13.069547564201116,2.613909512840223,15.68345707704134,8.975493893771421,,,3.1159437531880565,,1.5579718765940282,,147.404988920014,0.1395214115374473,87.89348561488742,0.84146582329547015,0.1586668080917492,11.408714124415791,,
441,2,CP,2012,303.0413362052738,8.856398177181926,397.74346205234946,213.24824798587713,46.13305821023478,259.3813061961119,106.62412399293856,23.06652910511739,129.69065309805595,77.46063307426107,1.2288263385693883,86.39499883795493,32.56916173393071,6.3463017371958195,38.91546347112653,16.284580866965356,3.1731508685979097,19.457731735563264,13.6232210316021,,,5.034186161223736,,2.517093080611868,,70.0919881440319,0.9570444183065644,84.35945605524718,1.9509432771315263,0.20175144605991416,13.999584661164125,,
442,2,CP,2012,216.7513566145863,7.715451257080211,300.6679293233384,171.7795656423995,38.4134153414935,210.192980983893,85.88978282119974,19.20670767074675,105.0964904919465,26.668592878124237,0.5240352854629842,30.437134472832874,10.927878005757409,2.210806862241616,13.138684867999023,5.463939002878704,1.105403431120808,6.569342433999512,14.759911529791939,,,4.9197045551034835,,2.4598522775517417,,69.0005922053504,1.6932074439557314,67.13530204474152,0.8853750497087876,0.2009264309167025,4.61043106075567,,
443,2,CP,2012,431.94881401070575,14.852812882263187,595.5111294521589,287.5262706020319,63.22550504206006,350.751775644092,143.76313530101595,31.61275252103003,175.375887822046,14.80392555009566,0.4131484633539239,20.696998751808426,6.977437941708795,1.2551725613324125,8.232610503041208,3.4887189708543973,0.6275862806662063,4.116305251520604,19.657462806380867,,,8.607961116573353,,4.303980558286677,,96.97687281447018,13.33496482696855,129.9151399004566,0,1.0407939316631711,2.795254475382236,,
444,2,CP,2012,428.3382606191482,13.415641334521904,557.5102674758681,281.2356433403919,59.364399996343835,340.6000433367357,140.61782167019595,29.682199998171917,170.30002166836786,2.049423480046607,0.0763062144617662,2.5785725934192656,1.0877064396722025,0.22841835233116256,1.3161247920033652,0.5438532198361012,0.11420917616558128,0.6580623960016826,26.913287540044365,,,6.88028421347201,,3.440142106736005,,75.06021694979053,6.700429118262446,116.73072287623701,0.10714918962130374,0.07605081818064484,0.4061251834635343,,
445,2,CP,2012,276.71210177349377,9.16913282848391,377.329802905019,201.16287604790082,43.10325522600747,244.2661312739083,100.58143802395041,21.551627613003735,122.13306563695414,0.2606853975415199,0.03441263773633951,0.6483018326967888,0.2532075364893255,0.05317358266275835,0.3063811191520838,0.12660376824466274,0.026586791331379176,0.1531905595760419,21.14627870397193,,,8.62224565400062,,4.31112282700031,,69.85655086809214,5.971791180327014,80.70608420214984,0,0.4155041686151647,0.10210753864974421,,
446,2,CP,2012,385.1479269602197,12.883792215724066,517.6989783455653,245.15321747259733,51.482175669245436,296.63539314184277,122.57660873629867,25.741087834622718,148.31769657092138,4.726499047252074,0.24757874362805496,5.6099479928374345,2.6646393446276577,0.671317002001703,3.335956346629361,1.3323196723138289,0.3356585010008515,1.6679781733146806,22.723533663150217,,,8.198318586077885,,4.099159293038943,,109.50729460630748,3.858208876222204,108.71678545256871,0,0.1599038499506667,1.2891086756907175,,
447,2,CP,2012,385.73524056077883,13.306843795237105,515.5394594434658,221.93907797624183,46.60720637501078,268.5462843512526,110.96953898812092,23.30360318750539,134.2731421756263,11.026363037017392,0.7167436144678229,15.080063249681933,6.694788430230552,1.4429701994341728,8.137758629664724,3.347394215115276,0.7214850997170864,4.068879314832362,19.09119541348743,,,5.208234220361932,,2.604117110180966,,112.19633721091809,3.215014498906391,108.26328648312783,0,1.081195838094798,2.8988395199302164,,
448,2,CP,2012,301.5654999682914,10.770236278293336,424.83460219000045,216.54905143648244,50.39963474400047,266.9486861804829,108.27452571824122,25.199817372000236,133.47434309024146,17.4080094800164,0.447245799821764,21.03598370541256,6.730199824851075,1.1441339702246829,7.874333795075758,3.3650999124255376,0.5720669851123414,3.937166897537879,4.373882391920583,,,1.383506817936245,,0.6917534089681225,,109.67387128121352,3.9493640245850083,97.62354128708226,0,0.043093187411513904,2.6820879224401017,,
449,2,CP,2012,377.56363842176273,12.030297115629013,512.0433160367758,224.6370699669432,47.17378469305807,271.81085466000127,112.3185349834716,23.586892346529034,135.90542733000063,50.12326254380619,1.3782464380017325,63.23345856507835,20.696150370877415,3.7904989969030427,24.48664936778046,10.348075185438708,1.8952494984515214,12.24332468389023,38.47947022970053,,,8.681117968058635,,4.340558984029317,,40.9715131437404,21.521572558543312,107.52909636772291,0.41866777572655695,1.1603290356744616,8.889276845191329,,
450,2,CP,2012,175.04231950528012,5.844968147859826,238.1012413686792,130.76768656076086,28.580656934313666,159.34834349507452,65.38384328038043,14.290328467156833,79.67417174753726,98.61735068696863,2.7580528123155093,125.48319136903866,60.73800148115818,12.753714175135373,73.49171565629355,30.36900074057909,6.376857087567687,36.745857828146775,31.386229147470846,,,11.571987179266472,,5.785993589633236,,32.660781145786274,2.856224932907719,51.91270342477937,21.7140590504888,0.47861195213685503,23.895812292720038,,
451,2,CP,2012,125.43290913914704,4.854677785624125,176.69252021780537,92.51607692478035,19.428376154203875,111.94445307898422,46.258038462390175,9.714188077101937,55.97222653949211,63.61879877181945,1.0173850801285504,70.9291437706558,24.376414592107636,4.875282918421528,29.251697510529166,12.188207296053818,2.437641459210764,14.625848755264583,18.17585800312497,,,6.4922798646942885,,3.2461399323471443,,22.691065651840425,4.702148607074805,37.105429245739124,1.5980742522182447,0.14930584681115142,10.63937156559837,,
452,2,CP,2012,299.78390900530593,10.260268449586933,402.668482342581,212.32629525391954,46.25946081936622,258.5857560732858,106.16314762695977,23.12973040968311,129.2928780366429,1.9182519839034469,0.10849798514596098,2.2743029411710545,0.7608481403916922,0.19339549640774695,0.9542436367994391,0.3804240701958461,0.09669774820387347,0.47712181839971957,37.95026039516157,,,14.665520898230554,,7.332760449115277,,63.00745059356045,7.682342981514448,87.4135007085393,0,0.09024569253549396,0.43356872706188876,,
453,2,CP,2012,189.006541390098,5.950531367622111,255.2365203108661,142.17197079536695,32.82351070857874,174.99548150394568,71.08598539768347,16.41175535428937,87.49774075197284,34.263129426238194,0.5676413991896732,37.919299284191816,15.184502936691324,3.036900587338265,18.221403524029586,7.592251468345662,1.5184502936691324,9.110701762014793,19.371976171114987,,,5.993364436937004,,2.996682218468502,,69.44750241252144,0.6540359713478393,58.55098149170067,0.37922196700988264,0.18213867482236623,6.627454097974067,,
454,2,CP,2012,448.93768688238254,17.807708014844742,617.0510825223859,328.9070159324645,71.49629144751802,400.4033073799825,164.45350796623225,35.74814572375901,200.20165368999125,0.3552683931087683,0.009336419753086425,1.9064694724383773,0.9792834988133796,0.20564953475080971,1.1849330335641894,0.4896417494066898,0.10282476737540486,0.5924665167820947,10.281704055112536,,,4.636345676042018,,2.318172838021009,,135.2364702268638,11.614758904926369,133.72279923601087,0,0.4472828875553875,0.4003585892120592,,
455,2,CP,2012,526.1275706082716,13.581174606057484,649.4879583810199,338.1086184787582,75.05867031872346,413.16728879748166,169.0543092393791,37.52933515936173,206.58364439874083,14.803069816491464,0.262593781524517,17.25405865135426,7.752218407816911,1.5585787958752995,9.31079720369221,3.8761092039084555,0.7792893979376497,4.655398601846105,19.336274377090543,,,6.998597015722449,,3.4992985078612246,,99.94728316342912,2.048180400127769,142.59798902996422,0.13140766459605618,0.6235685823527806,3.3610662170606247,,
456,2,CP,2012,496.7276733185309,18.69460239849545,714.0522197929607,417.4065354425085,99.61040534514817,517.0169407876567,208.70326772125426,49.80520267257408,258.50847039382836,0.3075693540426592,0.018167555754865353,0.4619364909575782,0.2705346326542194,0.06492831183701266,0.33546294449123204,0.1352673163271097,0.03246415591850633,0.16773147224561602,3.6671460251797394,,,1.5533383970082477,,0.7766691985041239,,214.58463464627866,0.45124577376600233,170.36412322241583,0.30723347991918015,0.09556560642875729,0.11086475782981876,,
457,2,CP,2012,478.1013717574266,17.757429332232856,673.1233931606304,382.2984134344231,87.42506327888248,469.72347671330556,191.14920671721154,43.71253163944124,234.86173835665278,15.816703132371067,0.73418071725284,23.01532065228933,8.2207847220258,1.7263647916254177,9.947149513651219,4.1103923610129,0.8631823958127088,4.9735747568256095,2.6045509949404613,,,1.1299696682844922,,0.5649848341422461,,171.59773136680545,0.6755547230132025,153.55151770421492,4.737557794782737,0.041622654695260414,3.624913002735569,,
458,2,CP,2012,263.8140243257237,10.144672106052424,369.82455936476043,213.8366221130803,50.091371537164996,263.92799365024524,106.91831105654015,25.045685768582498,131.96399682512262,27.51048631224076,1.5079484360921203,31.288639685100087,13.444085751936141,3.885740697666228,17.329826449602372,6.722042875968071,1.942870348833114,8.664913224801186,51.435105045686555,,,21.49603508255876,,10.74801754127938,,71.1094541814328,3.091851635638396,86.5176808658018,1.07726228781926,0.132685485859579,6.742144467273429,,
459,2,CP,2012,356.77312587469396,12.768826116698378,498.3378028397731,290.2291878661604,68.47491425032214,358.70410211648255,145.1145939330802,34.23745712516107,179.35205105824127,21.371286035561294,0.3596536797646873,23.934735535813996,8.233345129938952,1.648685202638571,9.882030332577523,4.116672564969476,0.8243426013192855,4.941015166288762,27.03676033787023,,,14.97747529184529,,7.488737645922645,,171.56970494896217,0.6683266958164575,117.50288484762157,0.7589062636920174,0.13856008686807442,3.594443772222095,,
460,2,CP,2012,214.73749449913595,8.350543457902887,307.60852563814245,176.2118195638929,41.34446282921896,217.55628239311187,88.10590978194645,20.67223141460948,108.77814119655594,4.039788219465556,0.14992443132384722,8.424377900414177,3.94898025686326,0.890962624246412,4.839942881109672,1.97449012843163,0.445481312123206,2.419971440554836,1.1818236962493551,,,0.4707531641300553,,0.23537658206502765,,51.843931448567254,8.627868831875483,72.00828509709521,0.1792097168564857,1.4433068772076316,1.61644962972611,,
461,2,CP,2012,415.20413597439057,13.31650821838989,542.5869981366657,300.5349731629436,64.10072294531037,364.6356961082539,150.2674865814718,32.05036147265518,182.31784805412696,1.6089298312340492,0.19781085215607597,3.2120477535551224,1.1473032897422042,0.2409336908458629,1.388236980588067,0.5736516448711021,0.12046684542293146,0.6941184902940335,7.8136824579589925,,,3.244239193497628,,1.622119596748814,,80.13341624360858,1.8941696079567214,115.50630292350496,8.487565892353016,1.8938605964428197,0.5058975211849317,,
462,2,CP,2012,246.9989246898455,8.694470458319184,343.6323786440104,197.220933774032,44.40567153662599,241.62660531065802,98.610466887016,22.202835768312994,120.81330265532901,29.373722255350575,0.5911660748631359,33.502572239361335,14.198456331627892,2.8699318634995024,17.06838819512739,7.099228165813946,1.4349659317497512,8.534194097563695,1.2240979999607395,,,0.47158071095107446,,0.23579035547553723,,82.76564258201019,0.7641665929469582,77.26697192967961,0.8028963647200171,0.285755651227936,6.019332481297803,,
463,2,CP,2012,330.70174482882464,11.898908064405374,447.4397609156159,249.59673654265015,57.56649176653603,307.1632283091862,124.79836827132507,28.783245883268016,153.5816141545931,6.919071383356235,0.34432582378680093,9.2909261927287,4.080946223836241,0.9957243365736766,5.076670560409918,2.0404731119181205,0.4978621682868383,2.538335280204959,5.755926936331225,,,2.3521389850635233,,1.1760694925317616,,77.73903199779619,1.2302389124139255,101.90777334308103,0.47121042318845197,0.23041125794076095,1.700194172868806,,
464,2,CP,2012,180.0825955333545,6.417491876936026,243.98378824643197,139.40682586365492,30.926619303225458,170.33344516688038,69.70341293182746,15.463309651612729,85.16672258344019,11.045546167379444,0.5049302645772702,13.95339551331303,5.885891362476003,1.2776209264596856,7.163512288935689,2.9429456812380015,0.6388104632298428,3.5817561444678443,14.871624545711564,,,6.5742880643178,,3.2871440321589,,41.76318609478846,0.4505466473792448,54.05598689795583,1.319132687758035,0.05236222768686644,2.2715952017858148,,
465,2,CP,2012,429.5369254279316,16.962985012205323,603.7472723639922,353.5865854771351,84.86078051451243,438.44736599164753,176.79329273856754,42.430390257256214,219.22368299582376,45.48017342176664,0.9402011212970662,51.98929489055541,23.44005818010082,4.793605497284444,28.233663677385266,11.72002909005041,2.396802748642222,14.116831838692633,10.181023817038108,,,3.6970267280502296,,1.8485133640251148,,133.41459267675918,1.6558101898698416,144.89934536735814,1.8535538793001554,0.25204334747160667,10.01269041378395,,
466,2,CP,2012,353.56370229904223,8.232429229240651,425.4478072437367,215.04339111323648,44.66458644590251,259.70797755913895,107.52169555661824,22.332293222951254,129.85398877956948,1.8249258721054031,0.08065827269336695,2.858999121168607,0.914701002529654,0.15549917043004122,1.0702001729596953,0.457350501264827,0.07774958521502061,0.5351000864798476,8.830594124903374,,,3.441309267727002,,1.720654633863501,,35.72282695589068,1.2260668564847519,87.97920474093975,0,0.03515360876368993,0.3645223879489975,,
467,2,CP,2012,308.3466532338911,11.252424059628165,432.8252464667128,243.5834965284885,56.47307850223242,300.0565750307209,121.79174826424425,28.23653925111621,150.02828751536046,82.43975925390393,2.1257533139790095,103.1847634238238,40.68256628298229,8.530992154024418,49.21355843700671,20.341283141491147,4.265496077012209,24.606779218503355,89.24477857445028,,,34.689657273798105,,17.344828636899052,,99.38521785099078,5.170486503992682,99.97810361149173,15.94466694447502,0.08419763152162492,16.224655787629278,,
468,2,CP,2012,254.82512887442206,8.168936202900806,336.7378885676537,177.65507524025762,37.3075658004541,214.96264104071173,88.82753762012881,18.65378290022705,107.48132052035587,152.660537204969,3.3733285521038763,182.95196224616416,66.89022797828771,13.17472025065415,80.06494822894186,33.445113989143856,6.587360125327075,40.03247411447093,0.7897425466287099,,,0.30424635251378895,,0.15212317625689448,,23.929890641591758,10.781438230276505,70.71495659920727,11.064235552667501,0.7004803792781646,28.321258925272698,,
469,2,CP,2012,138.0974142748171,4.560229971177227,195.27245401116463,108.43889350257882,22.772167635541553,131.21106113812039,54.21944675128941,11.386083817770777,65.60553056906019,17.326154415201692,0.2918961140658405,19.103260015030315,6.565270091133735,1.3130540182267474,7.8783241093604826,3.2826350455668676,0.6565270091133737,3.9391620546802413,27.141881195344503,,,9.327925217407858,,4.663962608703929,,26.7401358450619,6.514447719379945,41.007215342344566,0.11172107403261405,0.12912731125145693,2.865489002254547,,
470,2,CP,2012,348.1487276059045,12.829867133857839,499.39803021879266,285.0990173060832,66.8116464337027,351.91066373978595,142.5495086530416,33.40582321685135,175.95533186989297,24.697042775192713,1.0878841218288857,35.61950306694567,14.927711066987921,3.136868677850346,18.06457974483827,7.463855533493961,1.568434338925173,9.032289872419135,32.4524297248777,,,14.254404544048441,,7.1272022720242205,,150.95508912136452,4.583839082669661,116.7250567287332,4.853030608316182,0.6905583599363638,5.9943142711207225,,
471,2,CP,2012,376.03526922483263,12.764128286095525,500.30102975118933,281.508795038911,60.8033725569433,342.3121675958543,140.7543975194555,30.40168627847165,171.15608379792715,45.38771444571493,1.5998052316754257,53.87638013947348,25.657327625999834,6.1226642656115695,31.779991891611406,12.828663812999917,3.0613321328057848,15.889995945805703,23.54801521464146,,,11.638634483667158,,5.819317241833579,,74.32905462438747,2.0430426704001072,107.90514375351043,4.391289848236146,0.18188596811952712,10.881851306836483,,
472,2,CP,2012,290.1611993513867,10.287306942055064,391.97366957805434,198.87487566313357,46.169971604703015,245.04484726783656,99.43743783156678,23.084985802351508,122.52242363391828,49.849242201944755,0.7513282479089378,56.513016581188765,25.80197977186778,5.165357810697762,30.96733758256554,12.90098988593389,2.582678905348881,15.48366879128277,0.7074142489058652,,,0.2762950993024208,,0.1381475496512104,,96.30852401487049,1.3291914110456333,89.83811587629923,2.976272756926858,0.1348111237644402,11.247864768601262,,
473,2,CP,2012,483.6264532016494,15.46226604722996,637.437665432271,261.08222516590365,56.06207933755998,317.1443045034637,130.54111258295183,28.03103966877999,158.57215225173184,0.7783843378818622,0.05228815620763514,0.9890532962885767,0.3862949878887762,0.09220026180963538,0.4784952496984115,0.1931474939443881,0.04610013090481769,0.23924762484920575,28.648538165568574,,,9.362133018793802,,4.681066509396901,,88.27506749601365,4.3640834557726,135.97034495673964,0,0.08975711801590554,0.17704922867342332,,
474,2,CP,2012,261.6149699764393,10.998385037728543,365.3959276740126,198.684730948794,45.68485099932642,244.36958194812044,99.342365474397,22.84242549966321,122.18479097406022,16.925158586072605,0.9819091554881505,23.823040315281748,9.154755789422856,1.9527376095327396,11.107493398955596,4.577377894711428,0.9763688047663698,5.553746699477798,42.42890996690512,,,13.621469192435672,,6.810734596217836,,88.04881034225603,3.0187898220009206,83.49663007816538,8.9368482958000115,2.8112119058231073,4.100236512041816,,
475,2,CP,2012,33.62448878047089,1.551881815206777,43.846663909652136,23.157177447728433,4.863007264022971,28.020184711751405,11.578588723864216,2.4315036320114856,14.010092355875702,0,0,0,0,0,0,0,0,0,0,,,0,,0,,0,5.347198404691407,9.207799421026948,0,0,0,,
476,2,CP,2012,313.87464654807985,10.078880854841936,429.62876155211273,178.08441589532094,37.3977273380174,215.48214323333835,89.04220794766047,18.6988636690087,107.74107161666917,5.285553660719085,0.8359996298174603,7.148090577372156,2.011136530548396,0.4752135599879235,2.4863500905363196,1.005568265274198,0.23760677999396174,1.2431750452681598,92.46088735041096,,,24.753708030554574,,12.376854015277287,,36.368342701611695,15.862576552659036,90.22203992594366,0,0.14306454993953543,1.2288532111367794,,
477,2,CP,2012,308.4591775943281,12.383818479696384,435.1219455040832,234.82565625259872,52.636503635265896,287.4621598878646,117.41282812629936,26.318251817632948,143.7310799439323,14.080758900730045,0.705553921728135,19.035218754502505,7.530158016842216,1.6006183788491481,9.130776395691365,3.765079008421108,0.8003091894245741,4.5653881978456825,5.870970416800736,,,2.189771025295407,,1.0948855126477035,,111.92101142587329,2.923913247931482,97.04981169540159,3.82974453383614,1.3460685533573071,3.2203126588404056,,
478,2,CP,2012,161.72580162919604,5.188020192004788,239.42103593241927,132.76365388562266,27.880367315980752,160.6440212016034,66.38182694281133,13.940183657990376,80.3220106008017,82.62230232657613,1.3078346129511373,89.87383323599116,31.426242380270537,6.526820369162398,37.95306274943293,15.713121190135269,3.263410184581199,18.976531374716465,0.25710400374783343,,,0.09724305907759394,,0.04862152953879697,,41.37252539965889,9.646444690317047,50.27841754580804,1.7972105896333859,0.15636351476689497,13.996495568491493,,
479,2,CP,2012,436.3825600787982,14.25004535247841,589.3993655351738,238.94830904500475,50.842071614276044,289.7903806592808,119.47415452250237,25.421035807138022,144.8951903296404,0,0,0,0,0,0,0,0,0,23.094384329312742,,,5.541222335940311,,2.7706111679701557,,65.22200342227933,17.379900104640573,124.9058107113142,0,0,0,,
480,2,CP,2012,446.72763202745114,14.248189173284755,588.2706086211083,224.13993323750375,47.06938597987579,271.2093192173796,112.06996661875188,23.534692989937895,135.6046596086898,0.9434673983729482,0.06293756421628828,1.5593531969681282,0.6090372749350543,0.1278978277363614,0.7369351026714157,0.30451863746752716,0.0639489138681807,0.36846755133570785,27.44958075198883,,,8.876467093808245,,4.438233546904122,,60.11195014105345,11.452547643791945,123.53682781043273,0,0.4906753099432928,0.24559812852248025,,
481,2,CP,2012,494.3448012762954,15.41599576027583,665.8145402301212,365.77623385010276,77.20445378392941,442.9806876340322,182.88811692505138,38.602226891964705,221.4903438170161,4.437933544002394,0.16678616850600672,9.67335666610291,4.3980733327979,0.9286246776372252,5.326698010435125,2.19903666639895,0.4643123388186126,2.6633490052175626,2.485597411548074,,,0.8803434476515198,,0.4401717238257599,,162.3443092554382,15.733754524186127,140.48944321413055,0,1.7293889589563842,1.813287973919824,,
483,2,CP,2012,416.5608815005994,13.588679206457352,561.6574141322386,248.555532810137,52.87272363436525,301.42825644450227,124.2777664050685,26.436361817182625,150.71412822225113,5.343816042544948,0.1433805407605494,7.785955630629097,3.005765979387756,0.6312108556714288,3.636976835059185,1.502882989693878,0.3156054278357144,1.8184884175295926,20.509835770430005,,,5.6260465309435235,,2.8130232654717617,,39.41101220934455,22.696062736487193,119.10242891172162,0.15919262919139834,0.5432303748558411,1.6350506824321103,,
484,2,CP,2012,181.12464853160697,6.178315398123141,245.62342435875692,131.6542758491432,28.103316593184065,159.75759244232728,65.8271379245716,14.051658296592032,79.87879622116364,48.4563995143654,0.7661752084489436,54.13896090756865,18.606086109484128,3.7212172218968256,22.32730333138095,9.303043054742064,1.8606086109484128,11.163651665690475,68.87935135392816,,,34.36572647428228,,17.18286323714114,,37.77573874912805,7.933382944524716,52.35939788585007,1.4873745938156349,0.09555887962367178,8.120844136135299,,
485,2,CP,2012,357.4717624587601,13.035735916992477,484.6409279697525,265.7297152034405,60.20561682474072,325.9353320281812,132.86485760172025,30.10280841237036,162.9676660140906,97.32341692999326,3.581897311224416,132.72993717569508,64.56805291730295,13.582808531703904,78.15086144900685,32.284026458651475,6.791404265851952,39.07543072450343,5.360269712680613,,,1.8016748759963028,,0.9008374379981514,,56.43708100687674,8.637892210710005,109.29163028355575,15.997151847013951,5.639911615128838,26.59870621976317,,
486,2,CP,2012,456.34281550495496,14.680260014736103,627.0397893774298,295.5311489019939,63.86468245515932,359.3958313571532,147.76557445099695,31.93234122757966,179.6979156785766,13.891357994570502,0.6333943354605762,19.37088008286131,7.345344626511456,1.5425223715674057,8.887866998078861,3.672672313255728,0.7712611857837028,4.443933499039431,14.198811760359382,,,4.955997986061773,,2.4779989930308863,,133.77268516246926,8.574046661097048,134.7075231046208,0,2.860978965368048,3.0509136130506556,,
487,2,CP,2012,218.679087067813,7.575335900646877,301.9272621178857,171.82342479179394,37.83804294594293,209.66146773773687,85.91171239589697,18.919021472971465,104.83073386886844,3.97753250379364,0.11570447828235414,4.8099769215867925,2.0301710254631327,0.4263359153472578,2.4565069408103906,1.0150855127315663,0.2131679576736289,1.2282534704051953,7.678371283193272,,,2.898563752380515,,1.4492818761902575,,63.27693491915488,2.0564654348524236,66.4015897845618,0.20465616766034403,0.07810447301137757,0.7575713651499197,,
488,2,CP,2012,352.76148355448106,12.490141421069156,486.75112832774124,277.5824870395378,64.54097741442578,342.12346445396355,138.7912435197689,32.27048870721289,171.06173222698177,100.76576037489443,1.8669901345547395,111.79348724207993,40.12957727273107,8.341492332866503,48.47106960559757,20.064788636365535,4.1707461664332515,24.235534802798785,3.710402766811444,,,1.2673801207179445,,0.6336900603589722,,110.80067864828149,1.8002824869359533,112.7939050867893,2.726102540124695,0.3400071229311925,17.42040916501063,,
489,2,CP,2012,320.1260797005098,10.63373799835352,423.30885899915125,166.9225386670231,35.05373312007485,201.97627178709797,83.46126933351155,17.526866560037426,100.98813589354899,2.4268682063669464,0.18181678229093406,4.252049285510262,1.7451273016282656,0.36647673334193576,2.1116040349702017,0.8725636508141328,0.18323836667096788,1.0558020174851008,31.417490322095443,,,7.254881791283205,,3.6274408956416027,,43.60680130089764,6.679022019184823,88.89486038982177,0,1.5960321723265678,0.7037336086844477,,
490,2,CP,2012,549.3353453525184,17.391340508564866,757.469792742581,308.38760010017165,64.76139602103605,373.14899612120774,154.19380005008583,32.380698010518024,186.57449806060387,0.11932668179583904,0.030367435040199064,0.4133105564975311,0.16142688873859545,0.03389964663510504,0.19532653537370048,0.08071344436929773,0.01694982331755252,0.09766326768685024,23.115683583425284,,,4.6569906516136905,,2.3284953258068453,,165.15536805772012,15.72602758463782,159.06865647594202,0,0.4232480824987797,0.06509641264836115,,
491,2,CP,2012,401.64318404475756,12.411311997906028,540.2919588377534,217.09585881869774,45.59013035192652,262.6859891706242,108.54792940934887,22.79506517596326,131.3429945853121,12.234992186217541,0.6115200249778843,16.78348861998468,6.665628745333182,1.4576940948753019,8.123322840208484,3.332814372666591,0.7288470474376509,4.061661420104242,20.04342336775792,,,5.571711760014502,,2.785855880007251,,92.84072387436748,4.985496495054103,113.46131135592822,0,1.1548520919078016,2.7991635823370857,,
492,2,CP,2012,602.5241174808837,18.488108658972944,804.5948065444472,359.822843933905,75.56279722612005,435.38564116002505,179.9114219669525,37.78139861306003,217.69282058001252,0.9122825347065778,0.04699296225904716,2.1808868022684753,0.849245215760292,0.18734136775516574,1.0365865835154577,0.424622607880146,0.09367068387758287,0.5182932917577289,15.230656483692632,,,5.764545861087665,,2.8822729305438326,,116.15850580189424,16.07321794880812,168.9649093743339,0,0.45525628568735116,0.3603890417215068,,
493,2,CP,2012,473.08437180463113,14.75325153256067,644.9251816171966,262.71943391832355,55.171081122847944,317.8905150411715,131.35971695916177,27.585540561423972,158.94525752058576,0.5967820847140484,0.09597156050521868,0.8833160325991862,0.3774769260604004,0.09747592742492464,0.474952853485325,0.1887384630302002,0.04873796371246232,0.2374764267426625,6.528015073531778,,,2.491969056546416,,1.245984528273208,,112.84140284484037,14.08607535754139,135.43428813961128,0,0.3548791599653101,0.1876123119478806,,
494,2,CP,2012,511.905378615524,18.227858140869316,718.3135292721735,413.86418026307103,94.58816300487734,508.45234326794844,206.93209013153552,47.29408150243867,254.22617163397422,1.0113621447619237,0.10075902195204187,1.5745897101996333,0.5809953746009737,0.1330747106432349,0.7140700852442086,0.29049768730048686,0.06653735532161745,0.3570350426221043,1.417264943854125,,,0.6823824706266753,,0.34119123531333767,,192.50527171143514,2.5201001214420002,163.9537414755399,0.2534795792279184,0.5383861758818677,0.27123290747868956,,
495,2,CP,2012,577.9054350303085,17.727396084709248,783.1837867714916,324.7143523907608,68.19001400205975,392.9043663928206,162.3571761953804,34.09500700102988,196.4521831964103,2.5660779462953065,0.0889903740658287,3.773997875754567,1.7317029694266015,0.3636576235795863,2.0953605930061876,0.8658514847133008,0.18182881178979315,1.0476802965030938,1.3858760522998899,,,0.44017916433813914,,0.22008958216906957,,131.9645908330861,15.647844268667097,164.46859522201322,0,0.8920947408013943,0.707968794137814,,
496,2,CP,2012,337.5655804143641,13.678010028803277,460.172538925902,236.23213156166597,49.60874762794985,285.8408791896158,118.11606578083298,24.804373813974927,142.9204395948079,9.55018323140112,0.5432172676025219,13.821378445337531,6.06396004150141,1.2734316087152961,7.3373916502167065,3.031980020750705,0.6367158043576481,3.6686958251083532,22.87363052861676,,,7.174682947495736,,3.587341473747868,,91.18865959615557,8.227105094314298,96.63623317443941,6.155300900684808,1.5897997980729728,2.673872184441615,,
497,2,CP,2012,274.14232423834835,9.757131694196444,384.1187094734455,221.88013889104624,51.220889004794536,273.1010278958408,110.94006944552312,25.610444502397268,136.5505139479204,35.15491716543898,1.2164315047796141,48.51673419720334,20.27482020182382,4.257712242383003,24.532532444206826,10.13741010091191,2.1288561211915016,12.266266222103413,1.1043879393697058,,,0.4625432256070686,,0.2312716128035343,,129.57357485580224,2.317544083568929,88.56390232015644,14.261169400502858,1.1377250278513664,7.641385636059525,,
498,2,CP,2012,289.8032010552105,9.097512071920187,392.4476293107214,213.20209508235283,44.7724399672941,257.97453504964693,106.60104754117641,22.38621998364705,128.98726752482347,53.60247172908303,1.509973633978009,72.45269613665826,29.318715635622137,6.097960059882298,35.41667569550444,14.659357817811069,3.048980029941149,17.70833784775222,1.0505405169569477,,,0.4298062203868251,,0.21490311019341254,,84.78307428294355,11.864749351533762,82.4140021552515,9.579509095250069,2.062285134259796,11.522205416895996,,
499,2,CP,2012,467.52873612903545,16.01946780475434,629.3792882188494,352.92382079222915,77.96582539135946,430.8896461835886,176.46191039611458,38.98291269567973,215.4448230917943,14.05550959843511,0.8849349682803478,23.58145237219003,8.64172633061773,1.8189319707456915,10.460658301363422,4.320863165308865,0.9094659853728457,5.230329150681711,2.536006301239711,,,0.9925641443002566,,0.4962820721501283,,152.60775074013554,3.6757486285031096,138.6821230957452,11.213633844479975,5.202557534740419,3.721973324393896,,
500,2,CP,2012,553.1118776578396,17.46036167494554,764.6758256653153,310.87260882660786,66.88711559699667,377.75972442360455,155.43630441330393,33.44355779849833,188.87986221180228,0,0,0,0,0,0,0,0,0,2.040356546058895,,,0.7203849122467423,,0.36019245612337114,,173.20106525658088,13.225006448647694,163.32051929546617,0,0,0,,
501,2,CP,2012,453.8133539285452,16.53932573081842,623.6635856811698,332.37531321919687,73.52201401169174,405.8973272308886,166.18765660959843,36.76100700584587,202.9486636154443,0.6875,0.07600935126817723,0.7635093512681773,0.2554253699311241,0.06804209603064487,0.32346746596176895,0.12771268496556204,0.034021048015322436,0.16173373298088448,4.853567530896194,,,1.9491643680939474,,0.9745821840469737,,145.11350012027998,0.9352049191180648,137.24840658583258,0,0,0.1525419438952755,,
502,2,CP,2012,299.67291322145627,9.885330907725088,416.6231376637363,233.95581754580135,50.30862835922987,284.2644459050312,116.97790877290068,25.154314179614936,142.1322229525156,0,0,0,0,0,0,0,0,0,0,,,0,,0,,93.774732671464065,7.314343176600028,89.50212848550963,0,0,0,,
503,2,CP,2012,254.0112491078056,8.300070789445535,339.41739758491207,188.29053020008615,39.54101134201809,227.83154154210422,94.14526510004308,19.770505671009044,113.91577077105211,18.96618615448095,0.3180951578697391,20.932275993716676,7.193853060303787,1.4387706120607575,8.632623672364545,3.5969265301518933,0.7193853060303788,4.3163118361822725,63.034189581294235,,,26.283799292661474,,13.141899646330737,,70.6004607000133,6.641008538215172,71.27765349283153,0.1219447139890068,0.1261740462704713,3.1398413990575014,,
504,2,CP,2012,371.5576456607194,11.815321103565969,515.8670697519889,227.569493640098,47.78959366442058,275.3590873045186,113.784746820049,23.89479683221029,137.6795436522593,73.19991554534327,1.1919332062891284,82.27141121958387,28.539771481337567,5.7157567883933185,34.25552826973089,14.269885740668784,2.8578783941966592,17.127764134865444,8.552632964107142,,,3.0697736898254475,,1.5348868449127238,,81.71733130954772,16.668332356654023,108.33208464791765,2.3950026226566266,0.5285242843222331,12.430608946925162,,
505,2,CP,2012,469.3072961546011,14.405926712617406,629.1210251756959,245.2842450562469,51.50969146181185,296.79393651805873,122.64212252812345,25.754845730905924,148.39696825902936,0.5504553007832537,0.025754036863698287,0.7763384456216627,0.40428647148321223,0.08490015901147456,0.4891866304946868,0.20214323574160611,0.04245007950573728,0.2445933152473434,3.2490793925666215,,,1.2948929177418917,,0.6474464588709459,,149.34494538039573,3.7960231914450406,132.1154152868961,0,0.08615297605944082,0.16303107358054914,,
506,2,CP,2012,604.9920884133993,19.436895175819107,826.5940234595213,319.4311342339841,69.3667329988937,388.79786723287776,159.71556711699205,34.68336649944685,194.39893361643888,0,0,0,0,0,0,0,0,0,51.70512810808659,,,13.107072821793185,,6.553536410896593,,189.15602717756252,4.529797896271969,177.48841078141575,0,0,0,,
507,2,CP,2012,500.7032937217245,14.807449344048791,680.4563946261627,258.40573529371994,54.26520441168119,312.67093970540117,129.20286764685997,27.132602205840595,156.33546985270058,14.268078786582317,0.6809045985096822,18.261725062775703,6.679983772945765,1.5029253797098807,8.182909152655645,3.3399918864728826,0.7514626898549404,4.0914545763278225,12.04159422367838,,,4.256691176107262,,2.128345588053631,,186.0683117735063,10.000545307395551,142.89584287149415,0,1.18075075814448,3.068680313983437,,
508,2,CP,2012,396.4963668275703,11.710087407858442,532.5574802679644,220.90311925367283,46.3896550432713,267.2927742969441,110.45155962683641,23.19482752163565,133.64638714847206,8.654179943227014,0.8017899172020942,13.914748505036913,5.7489159738114815,1.4072215735909632,7.1561375474024445,2.8744579869057407,0.7036107867954816,3.5780687737012222,11.471121996485968,,,4.521861039355659,,2.2609305196778293,,120.37855778044229,7.829230070659622,111.83707085627252,0.0458980527501376,1.0624154286758665,2.7197347162226793,,
509,2,CP,2012,188.26654238027595,5.877855006143662,256.5026228091358,140.011410651765,29.402396236870647,169.41380688863566,70.0057053258825,14.701198118435324,84.70690344431783,0.3552683931087683,0.009336419753086425,1.9064694724383773,0.7344626241100347,0.1542371510631073,0.888699775173142,0.36723131205501736,0.07711857553155364,0.444349887586571,1.2829165582503181,,,0.49859575213514845,,0.24929787606757423,,65.68026735236398,11.518106014045337,53.865550789918515,0,0.4472828875553875,0.3002689419090444,,
510,2,CP,2012,389.3150806083732,14.933089021139374,549.8120239774418,287.55592191475296,60.8315348971626,348.3874568119155,143.77796095737648,30.4157674485813,174.19372840595776,39.001221638415,1.9119862895993744,59.220357236966535,21.127417697433607,4.436757716461058,25.564175413894667,10.563708848716804,2.218378858230529,12.782087706947333,66.69693428459094,,,26.41379718884195,,13.206898594420975,,128.28957321326047,7.235123476402851,116.2200038791902,25.150576899014812,2.693859701058699,9.327206264822228,,
511,2,CP,2012,382.0532835213784,13.912151117190731,530.70472560768,298.4458534115538,68.3716098374084,366.8174632489622,149.2229267057769,34.1858049187042,183.4087316244811,105.48004262819732,2.6148282579533273,135.10763325881265,53.06267968270527,10.977782669262929,64.0404623519682,26.531339841352636,5.4888913346314645,32.0202311759841,41.983335072523026,,,18.227464199009017,,9.113732099504508,,115.08459683508029,3.841935538970935,121.17726492130575,22.338172327841963,1.0145554107263108,21.02248185702385,,
512,2,CP,2012,413.06412314288934,12.872493560762896,552.0370770488645,238.10811687106283,50.0027045429232,288.11082141398606,119.05405843553142,25.0013522714616,144.05541070699303,2.88216932472402,0.10783506290951551,5.945572294328791,2.5913151155560348,0.5441761742667672,3.1354912898228022,1.2956575577780174,0.2720880871333836,1.5677456449114011,1.8899256516994445,,,0.7650062167417644,,0.3825031083708822,,82.64128673303469,10.761730216495458,115.92778618026153,2.260481912587386,1.324529253975614,1.054202109320615,,
513,2,CP,2012,397.2689410234767,12.93109016453233,541.5832693510487,299.2665000544053,67.16066117400335,366.42716122840864,149.63325002720265,33.580330587001676,183.21358061420432,58.65818434714457,1.6287919326703681,74.07741846452572,28.46509613561975,5.871603750746478,34.336699886366226,14.232548067809875,2.935801875373239,17.168349943183113,5.29042820092504,,,1.8327048953187175,,0.9163524476593587,,149.6541698940965,6.745547670582022,120.94152131752243,13.502210963597644,1.2702892300262303,11.43572371490174,,
514,2,CP,2012,615.2792585595902,18.590694635237295,832.0523962871054,323.0943852054117,67.84982089313645,390.94420609854814,161.54719260270585,33.92491044656823,195.47210304927407,0,0,0,0,0,0,0,0,0,7.612282684293323,,,2.241655170652513,,1.1208275853262566,,202.52384580870546,12.683427827066996,174.7310032202921,0,0,0,,
515,2,CP,2012,276.68364731057585,9.698182466619945,390.84001813994684,224.91475768687104,51.102672072732226,276.01742975960326,112.45737884343552,25.551336036366113,138.00871487980163,65.76776809118319,1.090820069857943,73.39843982228558,28.361995482718854,5.680003782983601,34.04199926570245,14.180997741359427,2.8400018914918004,17.020999632851225,5.444847793240992,,,1.8782941046711785,,0.9391470523355893,,109.22689054408356,0.4483954231224688,88.68538718759129,1.5391504686398148,0.3062550273582099,12.33095149926653,,
516,2,CP,2012,264.25529285528205,9.761991863749884,359.21280916602166,196.4960663242439,42.09019548083679,238.5862618050807,98.24803316212196,21.045097740418395,119.29313090254036,35.9349946794858,0.8028651920993338,41.24212533414147,14.291106390882323,2.889856401392119,17.180962792274443,7.1455531954411615,1.4449282006960595,8.590481396137221,87.1036140733873,,,43.389749299671124,,21.694874649835562,,70.8905402962785,3.8965595629232896,76.84511746897242,6.633898172502824,1.6036693814526193,6.276377536427705,,
517,2,CP,2012,358.660470209705,11.643457341940572,492.0145492723411,238.03126522694896,49.98656569765928,288.01783092460823,119.01563261347448,24.99328284882964,144.00891546230412,53.20409310753979,1.0396255885963714,64.54321982063827,22.635058043830263,4.566294645394155,27.201352689224414,11.317529021915131,2.2831473226970775,13.600676344612207,23.267362173943546,,,9.540041815168202,,4.770020907584101,,92.86766473074778,16.29761238987509,103.32305534719163,1.535268755596027,2.9455716100725287,9.757318022653287,,
518,2,CP,2012,336.4376389371109,10.271584838172426,457.54682671795024,207.74068776997902,43.625544431695594,251.36623220167462,103.87034388498951,21.812772215847797,125.68311610083731,63.374682679533635,2.4441256434791727,71.7519249205428,24.59002979140037,5.449039743887616,30.039069535287986,12.295014895700184,2.724519871943808,15.019534767643993,50.75388259173643,,,13.795087128438137,,6.897543564219069,,44.93371407106787,10.251476734218414,96.08483361076955,1.5085902991798867,0.551417727955146,12.009570681386117,,
519,2,CP,2012,344.4770174758998,13.070122909249754,491.0214363907925,286.2688918277259,68.07754189566015,354.34643372338604,143.13444591386295,34.03877094783007,177.17321686169302,0,0,0,0,0,0,0,0,0,59.883314683242844,,,18.22296538316395,,9.111482691581974,,155.37216693815566,5.08936976922484,116.70799551146001,0,0,0,,
520,2,CP,2012,149.99238167249982,5.891987629613416,211.589419918557,105.90511871162505,22.24007492944126,128.14519364106633,52.952559355812525,11.12003746472063,64.07259682053316,30.60275629403714,0.6241343306761004,35.23697668481024,12.197338321309179,2.472304800343577,14.669643121652754,6.098669160654589,1.2361524001717885,7.334821560826377,10.029443470311882,,,3.4513237073165075,,1.7256618536582538,,9.570157354221317,18.508760081748644,44.43377818289697,1.1338667759801122,1.7502495795464332,5.348602610166439,,
521,2,CP,2012,321.5710852389912,12.403094590245505,435.1223970447786,206.3631789046211,43.336267569970424,249.69944647459153,103.18158945231055,21.668133784985212,124.84972323729576,139.40898266626678,3.620450796725446,173.28584968536072,60.458875379096384,12.259406344857126,72.71828172395351,30.229437689548192,6.129703172428563,36.359140861976755,46.285361954951384,,,24.60901863232781,,12.304509316163905,,96.17560679537844,10.913923166995046,91.3757033794035,15.213453665018982,1.6624131601085257,25.528464840436556,,
522,2,CP,2012,283.9685120832764,10.52546837121626,384.5547720107047,192.48396250830984,40.42163212674507,232.9055946350549,96.24198125415492,20.210816063372533,116.45279731752746,0.12760416666666669,0.020637925871369263,0.14824209253803594,0.05789898032439209,0.016562113963795425,0.07446109428818752,0.028949490162196046,0.008281056981897713,0.03723054714409376,11.4917728415711,,,3.987663802752877,,1.9938319013764385,,68.3619212471581,16.116922694925407,80.75650212224798,0,0,0.03180370039019643,,
523,2,CP,2012,200.52044148095615,6.636176133333884,265.9860445698038,147.47781924291226,32.58734562898166,180.06516487189393,73.73890962145613,16.29367281449083,90.03258243594696,86.09856646238262,3.832379500174758,129.3256834945702,50.04903687612196,10.510297743985612,60.55933462010758,25.02451843806098,5.255148871992806,30.27966731005379,8.237899151953316,,,3.013462648823128,,1.506731324411564,,35.69643972823523,4.87045602113593,58.5468664769477,29.97570556257391,0.20926530902383284,20.368795150394806,,
71000,2,CA,2012,328.06858731346404,11.480448470782516,456.11305089064166,238.87619880400845,51.45839052242417,290.33458932643265,119.43809940200423,25.729195261212084,145.16729466321632,31.687519762125433,1.006336416277496,43.403297224985046,18.59069911469197,3.8181913941628958,22.408890508854864,9.295349557345984,1.9090956970814479,11.204445254427432,3.21785,,,1.2513064804425729,,0.6256532402212864,,95.44721149519266,9.214730643388476,97.98744392215168,9.064609680443244,1.87300645906596,7.284912501365197,,
81000,2,CA,2012,357.65491192633056,10.93036924290927,476.3739318655613,258.05434122045045,54.24268991271734,312.29703113316776,129.02717061022523,27.12134495635867,156.14851556658388,2.9262329648785714,0.13389650811854245,4.197141487523245,1.87874748978213,0.3945369728542472,2.273284462636377,0.939373744891065,0.1972684864271236,1.1366422313181885,17.859786734693877,,,7.51915464480913,,3.759577322404565,,95.23370145599212,5.580007633288076,100.1260830503284,0.27860430081451504,0.6189676843843716,0.7452415518662139,,
702,2,CP,2013,184.19146361676368,8.508358508323877,305.1121109900762,149.63074398151662,31.42245623611849,181.05320021763512,74.81537199075831,15.711228118059244,90.52660010881756,94.52805578683538,3.0472451004441736,106.36051048494205,29.227643040515805,7.507927903649536,36.735570944165346,14.613821520257902,3.753963951824768,18.367785472082673,10.694524469231144,,,3.0848613084811296,,1.5424306542405648,,28.295169709503913,26.47804668152721,64.073543307916,3.6877445114583907,1.5325311107113695,20.752061003976753,,
703,2,CP,2013,208.4580326809504,9.024420425824701,288.54230634720795,149.01564536192697,31.293285526004663,180.30893088793164,74.50782268096349,15.646642763002331,90.15446544396582,10.607514399436658,0.8156795206568308,14.309159293046887,6.152301422012017,1.5088819406217548,7.661183362633771,3.0761507110060085,0.7544409703108774,3.8305916813168857,10.317641634237853,,,3.0373897942863084,,1.5186948971431542,,4.373549374030322,25.10267359601842,60.59388433291367,0,3.1058652327722087,2.895221051612082,,
704,2,CP,2013,160.53538369436248,6.216372059315111,237.37740292477923,133.34712731587587,28.00289673633393,161.3500240522098,66.67356365793793,14.001448368166965,80.6750120261049,10.182505950075127,0.42344273528908866,10.855586529103192,4.118640813031245,1.1493288901120764,5.267969703143321,2.0593204065156225,0.5746644450560382,2.6339848515716606,6.451178603783523,,,1.868859483023592,,0.934429741511796,,49.40002649796896,3.0639983005838127,49.84925461420364,0,0.071921294277115,2.178668955347016,,
705,2,CP,2013,264.1929577416379,9.921983772645186,393.37094018094825,221.20079109068243,46.45216612904331,267.65295721972575,110.60039554534121,23.226083064521656,133.82647860986287,3.0476525978059654,0.3868984020894145,5.218801795803497,1.7254016336774542,0.38424086645992167,2.109642500137376,0.8627008168387271,0.19212043322996084,1.054821250068688,7.960281844429194,,,2.5195260267104658,,1.2597630133552329,,89.36535332667219,0.7733300113893585,82.60789743799913,0,0.7217471655006354,0.7353380346439952,,
706,2,CP,2013,450.18865377180344,7.892074196624403,500.87458163623995,210.19627875727267,34.10488494205954,244.3011636993322,105.09813937863633,17.05244247102977,122.1505818496661,26.990274349765173,1.0489247714559524,29.12246116723377,9.717360658427861,1.7443338796476984,11.46169453807556,4.8586803292139304,0.8721669398238492,5.73084726903778,95.13055433071024,,,29.502091496850067,,14.751045748425033,,20.662755510603404,8.210944169917923,81.03481328886407,1.839748739961049,0.5321195576769309,4.058295738642625,,
707,2,CP,2013,162.48775375883406,7.054589529292828,222.09977635468496,112.12575465863348,23.54640847831303,135.67216313694652,56.06287732931674,11.773204239156515,67.83608156847326,11.228107969334994,0.6220797040588569,12.445398493227207,4.561971221271305,1.2437769852010983,5.805748206472404,2.2809856106356525,0.6218884926005491,2.902874103236202,8.084442348799278,,,2.8381040537035847,,1.4190520268517923,,5.751459800973215,14.371430164016719,46.64095303448384,0,0.8023026820339918,2.704903995736653,,
708,2,CP,2013,183.9331796774208,7.714444150396567,285.9235984778837,140.94204555567487,29.597829566691722,170.5398751223666,70.47102277783743,14.798914783345861,85.2699375611833,25.714833422967608,1.043805253630552,31.959433836610767,10.031416928733515,2.331780276092716,12.36319720482623,5.0157084643667575,1.165890138046358,6.181598602413115,7.4275843552730985,,,1.9214088169170067,,0.9607044084585034,,38.727849486033655,11.08928925341999,60.043955680355566,1.8732861185656924,0.8215974304495273,6.676457453301157,,
710,2,CP,2013,180.71959129796593,8.23914870850427,255.10547513295552,127.58222009815697,26.792266220612966,154.37448631876995,63.79111004907848,13.396133110306483,77.18724315938498,17.744917627168483,1.133434909299909,20.470775621905837,7.216971090122847,1.9600999512423471,9.177071041365194,3.6084855450614235,0.9800499756211736,4.588535520682597,14.416942451808106,,,4.33198176766252,,2.16599088383126,,1.5375249959619028,25.911720630523362,53.572149777920664,0,1.6306260978021405,5.403154581174946,,
711,2,CP,2013,321.5766664977878,12.591047406368357,466.8063879823688,178.98036658730916,37.58587698333492,216.5662435706441,89.49018329365458,18.79293849166746,108.28312178532205,15.413286487073233,0.749456816343642,17.847993400249294,4.865609544524816,1.4146782400519342,6.28028778457675,2.432804772262408,0.7073391200259671,3.140143892288375,3.0589973037430416,,,0.7907584452159591,,0.39537922260797953,,80.95764059909824,23.493113821661147,98.02934147629745,0.2671008646613388,0.6085297811833856,3.7355298339091254,,
712,2,CP,2013,359.23834681547214,14.745442830673925,519.4473507719239,202.79717170259042,42.58740605754399,245.38457776013442,101.39858585129521,21.293703028771994,122.69228888006721,43.01401543920524,1.4622141441805823,47.860380672162705,13.594383955584213,3.4969735220691636,17.09135747765338,6.797191977792107,1.7484867610345818,8.54567873882669,17.190954163624625,,,4.456930673781082,,2.228465336890541,,49.480953869140414,24.97493156864987,109.08394366210402,0.7036445034315844,1.4207515844975143,9.907760638681026,,
713,2,CP,2013,282.00971720114393,12.020454774228346,380.8658555680416,168.67948144791958,35.42269110406311,204.10217255198268,84.33974072395979,17.711345552031556,102.05108627599134,6.873427897055886,0.6159901372259863,45.302633252119016,18.879993948526447,3.998401604713132,22.878395553239578,9.439996974263224,1.999200802356566,11.439197776619789,1.3718173656601058,,,0.3546182161920467,,0.17730910809602335,,10.30247666131498,30.31520330482724,79.98182966928873,1.7418153331505957,4.653759813292018,7.368028653953383,,
714,2,CP,2013,174.03783970517074,7.338549150459683,355.4193862118366,184.2441042367498,38.69126188971745,222.93536612646724,92.1220521183749,19.345630944858726,111.46768306323362,2.2556534250086684,0.34663391784626185,5.452808003077435,1.994159751785117,0.4187735478748746,2.4129332996599917,0.9970798758925585,0.2093867739374373,1.2064666498299959,1.476191570314939,,,0.558027651747658,,0.279013825873829,,29.33895959919793,22.53111180648808,74.63807110448568,0,3.0326432675513444,0.8588172604846961,,
715,2,CP,2013,154.42445087311827,7.126210862025441,334.30085735896387,176.28079423507452,37.01896678936565,213.2997610244402,88.14039711753726,18.509483394682825,106.6498805122201,2.7358153579272124,0.39588247314665276,6.082768129883846,2.4904703161357817,0.5229987663885141,3.0134690825242956,1.2452351580678909,0.26149938319425703,1.5067345412621478,0.37647021106675493,,,0.09731849008464437,,0.048659245042322184,,21.602947254558142,33.17764285311169,70.20318004538241,0,3.687663236974722,1.045198887110019,,
716,2,CP,2013,204.14831344702637,8.995814056504445,286.56139455714396,124.70466315824494,26.187979263231437,150.89264242147638,62.35233157912247,13.093989631615718,75.44632121073819,2.950226912843634,0.3121380236135519,6.588589514650976,2.9687321936409026,0.637261812487909,3.6059940061288116,1.4843660968204513,0.3186309062439545,1.8029970030644058,0.2716244362101681,,,0.10759179902635763,,0.05379589951317881,,16.11683851759548,33.51557325566277,60.17789285700024,0,3.551733184278707,1.2673181149252404,,
717,2,CP,2013,163.97459649633655,7.704986785164636,255.0300894469333,113.51171051598332,23.8374592083565,137.34916972433982,56.75585525799166,11.91872960417825,68.67458486216991,4.75502472116885,0.798574098213803,11.140247402062997,3.6701502339402667,0.823812504814155,4.493962738754422,1.8350751169701334,0.4119062524070775,2.246981369377211,0.29712852462168415,,,0.11769409612822485,,0.05884704806411242,,7.851015049154084,40.11228766649046,53.556318783855986,0,7.65698836763357,1.944153474493484,,
718,2,CP,2013,279.0969334168312,10.311968136998448,391.8711400674713,155.69383766025834,32.69570590865425,188.3895435689126,77.84691883012917,16.347852954327124,94.1947717844563,16.59442315898057,0.7164951454815697,24.325523654449235,9.871034735474632,2.1193370522872987,11.99037178776193,4.935517367737316,1.0596685261436494,5.995185893880965,29.893915770883453,,,9.451209447344251,,4.7256047236721255,,87.26008816827161,17.77600239583071,82.29293941416897,6.330181198910911,5.0584990393809655,4.022830039053384,,
719,2,CP,2013,155.51610334413198,7.2701056787808565,218.88101368762963,112.49064452817913,23.623035350917615,136.11367987909674,56.245322264089566,11.811517675458807,68.05683993954837,28.16994594890718,1.5839386399776263,33.939308592505455,12.398795245616316,3.0566630234889764,15.455458269105293,6.199397622808158,1.5283315117444882,7.727729134552646,29.348760968897697,,,8.888331908096468,,4.444165954048234,,1.298148237642007,25.8165789024917,45.96501287440223,0,3.874477592604118,6.829435458639732,,
720,2,CP,2013,113.39097021572864,6.195198416212557,177.79081679177628,94.65088145887131,19.876685106362974,114.52756656523428,47.325440729435655,9.938342553181487,57.26378328261714,5.662772153059778,0.29054350099549,6.141197617434862,1.6962543044662477,0.4784151841398116,2.174669488606059,0.8481271522331238,0.2392075920699058,1.0873347443030295,0.672341215150429,,,0.1387643491317399,,0.06938217456586995,,3.223809045712626,32.28208452153179,37.336071526273024,0,0.07364812523844329,1.2966492605233995,,
721,2,CP,2013,259.76237767422003,11.371896519214813,357.7032102912614,173.93651599718194,36.526668359408205,210.46318435659015,86.96825799859097,18.263334179704103,105.23159217829507,13.02779026943991,1.0119053271347815,19.89435033740774,7.933230217104235,1.9074720402597516,9.840702257363986,3.9666151085521175,0.9537360201298758,4.920351128681993,0.1632811823572408,,,0.0637728043552792,,0.0318864021776396,,20.039827767071177,22.725400547876685,75.1176741611649,0.2113370004785442,2.5493419514096205,3.756651699326824,,
722,2,CP,2013,128.98274901586987,5.343784744201496,178.15198947488443,95.74651655347405,20.10676847622955,115.8532850297036,47.873258276737026,10.053384238114775,57.9266425148518,10.551241279379163,0.8079376602163519,13.860076362655002,5.712760662501896,1.3483501559564208,7.061110818458317,2.856380331250948,0.6741750779782104,3.5305554092291587,5.709035174394335,,,2.3210032809399794,,1.1605016404699897,,10.895124468175991,9.94621324283159,37.411917789725734,0.05283425011963605,1.6424103230508451,2.5763957428011186,,
723,2,CP,2013,180.27358431666326,7.811526243653444,241.71988152433428,126.52846219276024,26.570977060479652,153.0994392532399,63.26423109638012,13.285488530239826,76.54971962661995,10.387837683562344,0.6312049716349106,14.190284468526535,5.7873426205789125,1.292761847742227,7.08010446832114,2.8936713102894562,0.6463809238711135,3.54005223416057,7.5247769387303896,,,2.5273847031332304,,1.2636923515666152,,3.5595714266664977,18.58996143811696,50.7611751201102,0,1.7736561590695268,2.6612123836803314,,
724,2,CP,2013,366.1116845004543,13.424439053337986,522.4407683334045,200.03527373028842,42.007407483360566,242.042681213649,100.01763686514421,21.003703741680283,121.0213406068245,7.313037421461214,0.7230652999530118,13.1249445771044,6.435721067563441,1.3711572349915315,7.806878302554972,3.2178605337817205,0.6855786174957658,3.903439151277486,5.564155054284694,,,1.8090649694789258,,0.9045324847394629,,88.67113690666886,12.4391123511695,109.71256135001495,0.7097236344985172,5.063281318893692,2.5869730273143,,
725,2,CP,2013,184.2163915364101,7.796813910349245,254.6481529751685,125.66760512569341,26.390197076395616,152.05780220208902,62.83380256284671,13.195098538197808,76.02890110104451,11.778252335345414,0.7069368902475698,16.746855663029667,6.472702279268792,1.522858489376727,7.995560768645519,3.236351139634396,0.7614292446883635,3.9977803843227595,3.921784109747569,,,1.5677033033519507,,0.7838516516759754,,2.9856012846162363,14.380706007204724,53.47611212478538,0,3.248373090404711,3.078736300005122,,
726,2,CP,2013,234.08402677094216,9.965825625587128,327.48326253380145,174.35621115717782,36.61480434300734,210.97101550018516,87.17810557858891,18.30740217150367,105.48550775009258,9.26900531134055,0.6092160198695182,12.134652860764787,5.510303232603588,1.2782070866341424,6.78851031923773,2.755151616301794,0.6391035433170712,3.394255159618865,16.69044134073822,,,6.518793132556963,,3.2593965662784816,,16.472776387287848,18.2148711333609,68.7714851320983,0,2.2477264093185605,2.45534115671716,,
727,2,CP,2013,123.790409131143,6.8166222427025795,177.64422346066232,92.04958988860959,19.330413876608013,111.38000376521761,46.024794944304794,9.665206938304006,55.690001882608804,0.2777777777777778,0.051851439958215895,0.3296292177359937,0.08704518892015378,0.031991531099079505,0.1190367200192333,0.04352259446007689,0.015995765549539753,0.05951836000961665,7.725096030683708,,,2.7245866666776872,,1.3622933333388436,,6.07900787064148,32.40460018951013,37.305286926739086,0,0,0.06057395877467447,,
728,2,CP,2013,164.62553589131,7.209615039461083,224.23746908052317,107.83816305075175,22.646014240657866,130.48417729140962,53.91908152537587,11.323007120328933,65.24208864570481,49.94823169142487,1.6376433435274627,96.36836504716763,43.18166206597694,9.073951789768673,52.25561385574561,21.59083103298847,4.536975894884336,26.127806927872804,25.22941841775291,,,7.501787912160607,,3.7508939560803034,,2.819608299075865,16.18459567797324,47.08986850690986,3.919906112962764,4.860842737047333,16.174686597860816,,
729,2,CP,2013,215.73832787883228,9.656339421017753,327.9156700776449,130.4255111675573,27.38935734518703,157.8148685127443,65.21275558377864,13.694678672593515,78.90743425637216,10.826751201639688,0.48163809462902474,15.341258314649385,5.358556204171069,1.1252968028759245,6.483853007046992,2.6792781020855343,0.5626484014379622,3.241926503523496,38.16309574621977,,,8.233213677620439,,4.1166068388102195,,39.46587627603947,25.012079217755918,68.86229071630542,1.2850897567034252,0.9785910869230147,3.2043318061043666,,
730,2,CP,2013,120.30285277986297,5.149046739099224,176.1814391772221,64.3168648292311,13.506541614138529,77.82340644336962,32.15843241461555,6.753270807069264,38.91170322168481,14.388467464222186,0.5621449007034526,19.7885492046819,5.115389406530907,1.0742317753714903,6.189621181902397,2.5576947032654536,0.5371158876857451,3.0948105909511985,97.83979391044005,,,25.566951468052828,,12.783475734026414,,24.77921123519075,12.514970806219818,36.99810222721664,2.1346063209964807,0.04715794416305979,3.1166964997373996,,
731,2,CP,2013,209.4706456684411,8.439462993132787,409.43860241967667,222.64347376520976,46.755129490694046,269.3986032559038,111.32173688260488,23.377564745347023,134.6993016279519,13.937836121458806,0.3669426372215517,126.35905479037399,53.43424124863964,11.221190662214322,64.65543191085395,26.71712062431982,5.610595331107161,32.327715955426974,4.599636801630995,,,1.3485251276346442,,0.6742625638173221,,29.24719017525722,22.66171948946839,85.98210650813209,7.807383013634502,2.957567113687945,20.003311605241024,,
732,2,CP,2013,182.9115622931412,7.813694470559653,266.70742185255006,129.10318353422946,27.111668542188184,156.21485207641766,64.55159176711473,13.555834271094092,78.10742603820883,87.12713497581697,2.9188555971895,105.97806370984135,32.04399296595715,7.733452064498927,39.77744503045608,16.021996482978576,3.8667260322494634,19.88872251522804,32.97624597523411,,,9.061445270919622,,4.530722635459811,,27.322676148067334,16.017571549973482,56.0085585890355,5.510878689677132,2.872092418148376,19.764090030154264,,
733,2,CP,2013,206.05241724139933,8.715290535706297,441.1197212012343,226.9283592561675,47.654955443795174,274.58331469996267,113.46417962808376,23.827477721897587,137.29165734998134,15.856782565681042,0.762865925042912,40.15202737890692,15.13447190487581,3.1782391000239194,18.31271100489973,7.567235952437905,1.5891195500119597,9.156355502449864,4.7700897808065745,,,1.4290469500713883,,0.7145234750356941,,17.987384591558836,28.129347490998722,92.6351414522592,1.7561610820430975,4.095265682833031,6.959852274051188,,
734,2,CP,2013,173.0055688600621,8.09598517697201,246.5524971911194,111.84284200268498,23.486996820563842,135.32983882324882,55.92142100134249,11.743498410281921,67.66491941162441,20.941194521961307,1.0188343939217188,27.357474653580482,7.439294146162596,1.7145880071437571,9.153882153306354,3.719647073081298,0.8572940035718786,4.576941076653177,26.760960540498697,,,6.666843966582088,,3.333421983291044,,20.268799704959616,21.801132711272828,51.776024410135065,1.6977753112066316,2.446454652990705,4.7681117700948965,,
735,2,CP,2013,193.01489524366522,9.260334862565509,274.1577071356529,117.96220266533953,24.772062559721302,142.73426522506082,58.981101332669766,12.386031279860651,71.36713261253041,6.928326745666122,0.45876806683824256,18.92880072034749,9.75473674970489,2.2483823291885257,12.003119078893416,4.877368374852445,1.1241911645942628,6.001559539446708,1.0194856542956219,,,0.29420433047909955,,0.14710216523954978,,15.140989569220059,29.78608535927357,57.57311849848711,1.530259613748306,3.7109959510059323,4.214742432797032,,
736,2,CP,2013,260.8667102509107,10.759262373049332,479.34484661634207,253.93296194984765,53.325922009468,307.25888395931565,126.96648097492383,26.662961004734,153.62944197965783,12.221958401685425,0.4511230255526647,57.99203518044895,25.893324320858238,5.52296978543776,31.416294106296,12.946662160429119,2.76148489271888,15.708147053148,7.920895908203551,,,2.047571380799959,,1.0237856903999796,,27.523051782329613,21.954969974178287,100.66241778943184,4.798775809904981,2.631478841464828,10.052625167287623,,
737,2,CP,2013,301.5511541486967,11.61048906177398,499.83072526011074,219.99316657012352,46.19856497972594,266.19173154984946,109.99658328506176,23.09928248986297,133.09586577492473,6.595153562673812,0.820912836509309,10.667485464023628,2.9049289471078215,0.6449960960844314,3.5499250431922533,1.4524644735539107,0.3224980480422157,1.7749625215961267,1.317734158146471,,,0.3479460542842491,,0.17397302714212454,,26.902326154582394,24.40995431662106,104.96445230462325,0,3.006655690619071,1.6208440671684372,,
741,2,CP,2013,46.918848148985404,2.4009604600423358,71.76448166167319,24.8119294429363,5.210505183016624,30.022434625952926,12.40596472146815,2.605252591508312,15.011217312976463,0,0,0,0,0,0,0,0,0,13.867965966312301,,,4.330974177786073,,2.1654870888930366,,8.822451331438307,4.720873384107624,15.070541148951369,0,0,0,,
742,2,CP,2013,340.6386833818841,14.11261864329063,487.42765257592583,207.96603628140386,43.67286761909481,251.6389039004987,103.98301814070193,21.836433809547405,125.81945195024934,3.4409746328139943,0.20228901522830323,4.554991326922142,1.8309970885815148,0.4313211289362064,2.262318217517721,0.9154985442907574,0.2156605644681032,1.1311591087588606,19.612575217801435,,,5.644862273429141,,2.8224311367145707,,53.943946230656486,10.98029285915873,102.35980704094443,0,0.463400018172542,0.8621762265856963,,
743,2,CP,2013,154.1705045264455,5.767932478707778,217.20746258035064,78.0583729476926,16.392258319015447,94.45063126670804,39.0291864738463,8.196129159507723,47.22531563335402,0,0,0,0,0,0,0,0,0,1.943665005940967,,,0.5024422598339281,,0.25122112991696405,,34.171217654649105,0.6286927373268272,45.61356714187363,0,0,0,,
744,2,CP,2013,129.53628234235367,5.558513564340665,204.73089328666222,99.71137790381823,20.939389359801826,120.65076726362005,49.855688951909116,10.469694679900913,60.32538363181003,0,0,0,0,0,0,0,0,0,0,,,0,,0,,12.318026706142975,4.930724211445141,42.99348759019907,0,0,0,,
745,2,CP,2013,122.62228720082497,6.549451540217854,188.2014149131597,78.31395403180298,16.445930346678622,94.7598843784816,39.15697701590149,8.222965173339311,47.3799421892408,20.195432209800074,0.9474378732279949,28.620863561708237,9.070779382552173,1.9048636703359563,10.97564305288813,4.5353896912760865,0.9524318351679781,5.487821526444065,42.103438108282184,,,9.934699140954544,,4.967349570477272,,12.705837972633072,34.36147584466161,39.52229713176354,1.2584965191262025,1.2729813197237607,4.9063055081424904,,
746,2,CP,2013,185.91678107488568,8.89009275329394,320.7042068960543,164.82583751024495,34.61342587715144,199.4392633873964,82.41291875512248,17.30671293857572,99.7196316936982,39.51548384773883,2.6141313778442887,61.68415945681391,23.73480658647653,5.128576416922897,28.863383003399427,11.867403293238265,2.5642882084614484,14.431691501699714,15.171140394479625,,,5.150234562614647,,2.5751172813073233,,29.147894272907262,23.614466116880646,67.3478834481714,1.8217995950916337,3.080050940073598,10.073683974686697,,
747,2,CP,2013,298.2031270250672,12.525690061374188,443.8940442235071,209.6974714928115,44.03646901349041,253.7339405063019,104.84873574640575,22.018234506745205,126.86697025315095,27.283037449515597,1.4780462216268548,41.39745760701725,15.826894423888376,3.502683164610272,19.329577588498648,7.913447211944188,1.751341582305136,9.664788794249324,10.81632712259246,,,3.787938086664272,,1.893969043332136,,29.28307060429014,17.57489331976854,93.21774928693648,2.8922129123898204,3.601471374932459,8.073154661927429,,
748,2,CP,2013,235.2870311118861,10.060012423890047,339.20330929074197,149.4430209099288,31.383034391085047,180.82605530101387,74.7215104549644,15.691517195542524,90.41302765050693,7.34255139809923,0.40524360211084476,11.743263496885021,4.224932324086059,1.1317689670014837,5.356701291087543,2.1124661620430296,0.5658844835007418,2.6783506455437713,6.643481002307028,,,1.673262892811961,,0.8366314464059805,,11.251546620389378,28.04396706466574,71.2326949510558,0.19125651734103932,1.511469044914433,2.4370719511061694,,
749,2,CP,2013,116.20658369787529,5.816684661050578,171.84720780016133,74.05438160049079,15.551420136103065,89.60580173659386,37.02719080024539,7.7757100680515325,44.80290086829693,5.876017560109412,0.48987166280374317,9.988398932402559,4.438550276556886,0.9624090542840701,5.400959330840956,2.219275138278443,0.48120452714203504,2.700479665420478,6.335201807289708,,,1.9326340743975288,,0.9663170371987644,,12.594741818678692,21.12185149855033,36.087913638033875,0.4706413005699616,3.3118672725311518,1.9356936181816815,,
750,2,CP,2013,345.05164329008943,14.88761010890535,479.7163385055361,186.16331484092032,39.09429611659326,225.25761095751358,93.08165742046016,19.54714805829663,112.62880547875679,21.601806230666508,1.0131981762607478,32.249267368316914,10.446077934195491,2.356060119178656,12.802138053374147,5.223038967097746,1.178030059589328,6.401069026687074,7.307098168725012,,,1.9931635262070742,,0.9965817631035371,,37.53289624810459,16.50107562980005,100.74043108616259,2.350108528869373,1.4371238329676403,5.624801205995512,,
751,2,CP,2013,168.8289172163328,7.9065879130507595,269.38049736698997,139.59653524975482,29.31527240244851,168.91180765220332,69.79826762487741,14.657636201224255,84.45590382610166,17.41371353905249,0.9373067532159051,34.81315003591723,13.67572652907621,2.8988378876078733,16.574564416684083,6.837863264538105,1.4494189438039367,8.287282208342042,14.344929752248625,,,4.126535743053379,,2.0632678715266897,,14.849692526148274,25.099911649531055,56.5699044470679,2.1266154114090616,2.3019029428164397,5.543456770993193,,
752,2,CP,2013,208.20305131634674,9.174155035175945,310.02810429798274,144.87718897581055,30.424209684920218,175.3013986607308,72.43859448790528,15.212104842460109,87.6506993303654,26.261530561994828,1.0546397213261203,35.14974305048414,9.749320525553307,2.085140594319507,11.834461119872813,4.874660262776653,1.0425702971597535,5.917230559936407,8.359259708250487,,,2.6045412876051035,,1.3022706438025518,,14.090876339675793,26.27514027933177,65.10590190257638,0.3104127995230326,1.8521909918537858,5.614761817664407,,
753,2,CP,2013,183.81963285051125,7.478208224158775,326.96221190113835,174.9409638832274,36.73760241547775,211.67856629870516,87.4704819416137,18.368801207738876,105.83928314935258,26.04910109164966,1.156081686531927,59.05217555443642,28.835372922950356,6.055428313819575,34.89080123676994,14.417686461475178,3.0277141569097874,17.44540061838497,1.643628465075135,,,0.641952704057916,,0.320976352028958,,26.10080605703704,16.911333187202757,68.66206449923905,8.997895769717802,5.702088635453325,11.215548549848164,,
754,2,CP,2013,243.28513754160332,9.88925374465485,347.32115802306515,156.25905611153092,32.814401783421495,189.0734578949524,78.12952805576546,16.407200891710747,94.5367289474762,6.719660232938399,0.24139738020717172,10.167335204242507,4.932180864892774,1.0357579816274827,5.967938846520256,2.466090432446387,0.5178789908137413,2.983969423260128,17.36670248319073,,,3.946811639186633,,1.9734058195933164,,37.934719755023174,7.096336598464837,72.93744318484369,1.2406947367219368,0.6205344806660096,1.9427449829693386,,
755,2,CP,2013,191.282688001515,8.549355290445234,275.91697380954395,117.38661409280175,24.651188959488366,142.03780305229012,58.693307046400875,12.325594479744183,71.01890152614506,3.8170715538394777,0.3044320966347882,5.11305826475112,2.3479633046355026,0.5840345457531052,2.9319978503886075,1.1739816523177513,0.2920172728765526,1.4659989251943037,31.659857757038473,,,8.409148080670317,,4.204574040335158,,26.576491228092568,24.563286004737495,57.94256450000423,0,1.4605329972545773,1.1113285607228602,,
756,2,CP,2013,250.88684057571515,9.987650921588914,377.0206425143852,161.9056912000448,34.000195152009404,195.90588635205418,80.9528456000224,17.000097576004702,97.95294317602709,10.626205650137114,0.5791770789429016,33.738606588710475,14.629946347383864,3.1237784792760332,17.753724826659898,7.314973173691932,1.5618892396380166,8.876862413329949,3.571643234945399,,,1.2785997542537002,,0.6392998771268501,,68.5668728407048,18.819940777589686,79.17433492802088,3.4959910594480323,4.327348433631536,5.959750874470791,,
757,2,CP,2013,236.91762533153315,9.913387512950749,349.45680509973295,161.93532097649114,34.00641740506314,195.9417383815543,80.96766048824557,17.00320870253157,97.97086919077715,0.7230265811739907,0.029182544675257167,0.9888060902123512,0.2610930098568336,0.05482953206993505,0.3159225419267686,0.1305465049284168,0.027414766034967526,0.1579612709633843,0,,,0,,0,,35.71511563819047,11.280756952391629,73.38592907094392,0,0.08697023626805135,0.1557369592084453,,
758,2,CP,2013,151.69949685689832,6.762797624172575,219.18825882236789,107.6168582801182,22.59954023882482,130.216398518943,53.8084291400591,11.29977011941241,65.1081992594715,10.410304979787556,0.4052864567723604,14.571441442584725,3.8475708653655345,0.8079898817267621,4.655560747092297,1.9237854326827672,0.40399494086338106,2.3277803735461484,3.2516828530554704,,,0.8764484954046051,,0.43822424770230256,,15.319870152241036,8.359873156439003,46.029534352697254,0.5181542569023752,0.40679870326122075,2.295002027207094,,
759,2,CP,2013,179.7798912209398,8.328997138558885,243.8254029002312,125.377553020243,26.32928613425103,151.70683915449405,62.6887765101215,13.164643067125516,75.85341957724702,2.819660047753546,0.24109047469697462,4.019507084560626,1.6764706228400519,0.43461026346174003,2.111080886301792,0.8382353114200259,0.21730513173087002,1.055540443150896,11.613722860620465,,,3.113338541077972,,1.556669270538986,,5.091371874144488,26.306564646715426,51.203334609048554,0,0.9926423314988085,0.881321579135494,,
760,2,CP,2013,158.0256507351545,7.368872494687667,214.65925208351732,113.31707940739568,23.796586675553094,137.11366608294878,56.65853970369784,11.898293337776547,68.55683304147439,4.8487008032705,0.37075300322867466,5.796898293172914,2.288526432583319,0.7044782646817233,2.9930046972650426,1.1442632162916595,0.3522391323408616,1.4965023486325213,6.576174180385881,,,2.7030907864876315,,1.3515453932438157,,3.3791560959552713,20.504977133109385,45.07844293753864,0,0.35862037892862647,1.3789942605340433,,
761,2,CP,2013,227.9470792536458,9.604793799564856,324.9379095357075,136.8327795246946,28.73488370018586,165.56766322488045,68.4163897623473,14.36744185009293,82.78383161244022,46.01386959876544,1.012020099797115,47.02588969856255,12.173950088937664,3.4040670660011116,15.578017154938776,6.086975044468832,1.7020335330005558,7.789008577469388,33.06465556368373,,,7.721381072676771,,3.8606905363383857,,21.545358906367937,19.43695175647854,68.23696100249856,0,0,9.862141660769685,,
762,2,CP,2013,326.86602639168234,13.393387301990103,477.7524346886378,227.26613868421288,47.7258891236847,274.9920278078976,113.63306934210644,23.86294456184235,137.4960139039488,66.06442610510624,3.221256629676851,85.76536788850959,29.575558356093712,6.8451492736144175,36.42070762970813,14.787779178046856,3.4225746368072087,18.210353814854066,14.39162502660145,,,4.234812558957726,,2.117406279478863,,31.268097219444094,12.925597406212585,100.32801128461394,4.925775259859916,2.1689679065658956,17.92477365375581,,
763,2,CP,2013,171.03030026962657,7.624861622404002,295.9154318707683,149.1593206210946,31.32345733042986,180.48277795152444,74.5796603105473,15.66172866521493,90.24138897576222,1.0025014860044918,0.1961527572031578,2.8640175297397863,1.2160711127937254,0.3078556803741474,1.5239267931678726,0.6080355563968627,0.1539278401870737,0.7619633965839363,0,,,0,,0,,14.981337196547186,37.38644699884639,62.14224069286134,0,2.130224117310024,0.5990720966157598,,
764,2,CP,2013,64.25611134034664,3.596241185386288,100.08953973990013,46.587859143322945,9.783450420097818,56.371309563420766,23.293929571661472,4.891725210048909,28.185654781710383,73.29692198482435,3.0357197457019858,82.84795650204408,26.610636138923102,6.829033826185072,33.43966996510817,13.305318069461551,3.414516913092536,16.719834982554087,82.8627439514989,,,24.00903427416743,,12.004517137083715,,2.7926714189916777,21.262741274158152,21.018803345379027,0.45430371856483237,2.510273850110306,17.911244282216927,,
765,2,CP,2013,211.6596094669781,8.124800632354575,292.61728868415105,124.75399587903478,26.1983391345973,150.95233501363208,62.37699793951739,13.09916956729865,75.47616750681604,11.310030864197532,0.7401273712679213,12.050158235465453,2.443188558202669,0.675611803478357,3.1188003616810263,1.2215942791013346,0.3378059017391785,1.5594001808405131,55.470773359157654,,,17.28747332098275,,8.643736660491374,,28.147204855965676,9.959506139361578,61.44963062367172,0,0,1.864437109042797,,
766,2,CP,2013,307.79056810289785,11.69384840656392,422.4380868778317,177.1388840678223,37.199165654242684,214.338049722065,88.56944203391114,18.599582827121342,107.1690248610325,27.056977256579735,1.033712246548999,32.58852898848489,10.03743645803124,2.423672317442894,12.461108775474132,5.01871822901562,1.211836158721447,6.230554387737066,9.241783692074252,,,2.559582702743578,,1.279791351371789,,41.515839287072225,15.402663116544257,88.71199824434467,0.9907731971096349,2.013696449313273,6.74366797150497,,
767,2,CP,2013,301.4297888755401,10.824018340298444,426.8676259554244,175.12348175291558,36.775931168112265,211.89941292102785,87.56174087645779,18.387965584056133,105.94970646051392,22.393046484191107,2.2876613871467573,27.75913729420553,8.813187965970304,2.1853633441069165,10.99855131007722,4.406593982985152,1.0926816720534582,5.49927565503861,33.6619778192385,,,8.043791994443717,,4.021895997221859,,50.396972051152375,26.723653248806748,89.64220145063912,0.105679372530297,4.713648509959057,5.333439128508269,,
768,2,CP,2013,263.1713268773452,10.328885723347664,364.96776376992307,158.1591643607302,33.21342451575334,191.37258887648355,79.0795821803651,16.60671225787667,95.68629443824177,4.788540772853994,0.2932334212916645,6.578756198466383,2.240122515054855,0.5286609737608319,2.768783488815687,1.1200612575274276,0.26433048688041594,1.3843917444078435,18.000787565723886,,,4.527056806474873,,2.2635284032374363,,29.16091080939953,14.646625210758446,76.64323039168384,0,1.1493308164915383,1.1667103022746175,,
801,2,CP,2013,612.163110050591,17.13456529869373,762.2432008934633,444.47537750185273,106.42140640089482,550.8967839027475,222.23768875092637,53.21070320044741,275.44839195137376,1.343714881776212,0.04108241761753454,1.6471450413913158,0.7234919530452418,0.17363806873085802,0.8971300217760999,0.3617459765226209,0.08681903436542901,0.44856501088804995,2.9166224003302172,,,1.28109716126031,,0.640548580630155,,129.4051793049992,1.503585802392124,182.40779770872038,0.17462875895727603,0.11320494544828823,0.29648610745043685,,
802,2,CP,2013,556.2219677973383,15.328749350490797,683.3805650695792,400.2240865424717,96.0537807701932,496.2778673126649,200.11204327123585,48.0268903850966,248.13893365633245,2.1117651145509324,0.060592856537077674,2.551265437775936,1.1206177767770849,0.2689482664265004,1.3895660432035852,0.5603088883885424,0.1344741332132502,0.6947830216017926,2.012219524020921,,,0.8838472610523432,,0.4419236305261716,,95.9162189336467,2.1378955815571037,164.011335616699,0.144391147532946,0.10940752601937002,0.4592277787996684,,
803,2,CP,2013,530.9853562262897,14.120781809443168,654.5838353059642,376.6167791434186,89.20068057514462,465.81745971856327,188.3083895717093,44.60034028757231,232.90872985928164,0.6453302195779002,0.023710491401813607,0.8325446462630628,0.3656868927665516,0.087764854263972375,0.453451747030524,0.1828434463832758,0.04388242713198619,0.226725873515262,16.380826030149265,,,6.443067267883663,,3.2215336339418315,,102.27813200886914,1.5829857442157138,154.6016528285796,0.2534795792279184,0.11436107264277061,0.1498580363273513,,
804,2,CP,2013,590.8117394410706,16.019556676151414,732.9403179578459,423.2563756719773,100.55678966073822,523.8131653327156,211.62818783598865,50.27839483036911,261.9065826663578,9.818799575362643,0.2993808064333871,11.915974735739184,5.683110990368995,1.2509442811364053,6.9340552715054,2.8415554951844975,0.6254721405682027,3.4670276357527,0,,,0,,0,,117.19395184031293,2.4115186586195363,173.78622536330641,0.6285140919675449,0.3815604236664283,2.1917424860527808,,
805,2,CP,2013,403.868766436443,11.829384261001355,504.35244085954724,282.70354525507616,59.36774450356599,342.07128975864214,141.35177262753808,29.683872251782994,171.03564487932107,15.28642619507152,0.40900416803688233,17.65095583021268,7.510056632170768,1.7082151558061205,9.218271787976889,3.755028316085384,0.8541075779030602,4.609135893988444,2.8774526004470458,,,1.1814597498879185,,0.5907298749439592,,55.93751845406249,4.956103321547604,105.91401258050492,0.6607101595421456,0.16363902909601136,3.048822753740791,,
806,2,CP,2013,470.2032786573175,13.067561256937774,587.2982833191672,343.95318067824104,82.54876336277785,426.5019440410189,171.97659033912052,41.274381681388924,213.25097202050944,0,0,0,0,0,0,0,0,0,0.9166931746925044,,,0.37509669964308573,,0.18754834982154286,,106.66511322187543,1.6625282928113123,140.95158799660013,0,0,0,,
807,2,CP,2013,395.5985926835585,11.257747539064432,503.13400131559513,272.7005124570916,57.10468464992795,329.8051971070195,136.3502562285458,28.552342324963973,164.90259855350976,5.993784486119693,0.18422245432608186,7.994765436024754,3.4644657580511655,0.7275378091907447,4.19200356724191,1.7322328790255828,0.36376890459537237,2.096001783620955,3.992067718567286,,,1.7366084807617221,,0.8683042403808611,,67.4723914579095,4.242531582850129,105.30368324975393,0.4509182751119072,0.35067924377692977,1.3118100818894636,,
808,2,CP,2013,430.64421176008005,12.773315752475156,540.7101292363644,300.49983821084885,63.10496602427826,363.6048042351271,150.24991910542442,31.55248301213913,181.80240211756356,13.396158825516249,0.404719896094132,16.26115763206305,7.85992500021748,1.657755281284739,9.51768028150222,3.92996250010874,0.8288776406423695,4.75884014075111,12.972768533316406,,,5.4003411781127735,,2.7001705890563867,,62.28205290206013,6.511508022696709,113.54912713963651,1.160029124883055,0.1377254552832753,2.9521302465469264,,
809,2,CP,2013,405.8168385541841,11.919067790470514,514.9785970967325,287.20004511745987,60.21542277271398,347.4154678901739,143.60002255872993,30.10771138635699,173.70773394508694,6.873138899432102,0.1998024288406556,8.353054929843273,3.5235275754165567,0.7399407908374769,4.263468366254033,1.7617637877082784,0.36997039541873844,2.1317341831270165,34.361208360268094,,,13.355723518530551,,6.677861759265276,,58.686002584141406,6.204197746984289,107.93472340543939,0.6144928428111405,0.06813069513646225,1.3156061514503157,,
810,2,CP,2013,333.1483133357744,10.141586677583733,416.6797421701465,233.6477786849949,49.06603352384893,282.7138122088439,116.82388934249745,24.533016761924465,141.35690610442194,1.679076136540554,0.05759510773332977,2.0575727377853963,0.8679356643651585,0.18226648951668326,1.0502021538818418,0.4339678321825792,0.09113324475834163,0.5251010769409209,18.767776850117972,,,9.225185081038568,,4.612592540519284,,47.648634585528356,3.4433832769393367,87.50274585573075,0.09021464249229771,0.0864333232399308,0.3240677062011999,,
811,2,CP,2013,405.7889056835537,13.166169282519961,523.2087399104971,281.7121145403303,59.159544053469354,340.8716585937996,140.85605727016514,29.579772026734677,170.4358292968998,18.96825824434208,0.5989234697245879,24.668058849947077,10.877708927264115,2.2843188747254644,13.16202780198958,5.438854463632057,1.1421594373627322,6.58101390099479,8.11268743900849,,,3.424162578285366,,1.712081289142683,,69.20645142951933,6.25474252085096,109.87383538120439,2.1479901392562906,0.36102190148957897,4.177723519296024,,
812,2,CP,2013,493.6486906114629,13.363554941296458,603.4663003703552,323.465449749125,67.20449481530389,390.6699445644289,161.7327248745625,33.602247407651944,195.33497228221444,3.4907601331390605,0.16390415377675663,5.1601324142265526,2.3966171266123903,0.503289596588602,2.899906723200992,1.1983085633061952,0.251644798294301,1.449953361600496,9.48458339970222,,,4.324203025112407,,2.1621015125562035,,64.9202099100805,6.3598516488683945,125.1495692266399,1.374758743224353,0.28343749645057165,0.8127208552406819,,
813,2,CP,2013,315.4317492306759,9.350969349640236,430.24141222169817,248.538925758081,52.193174409197006,300.732100167278,124.2694628790405,26.096587204598503,150.366050083639,0.23098685734602056,0.014845920943762787,1.0025623945821875,0.5149795597248407,0.10814570754221653,0.6231252672670572,0.25748977986242033,0.054072853771108265,0.3115626336335286,5.312375864064997,,,2.24089306310375,,1.120446531551875,,52.400092163450765,3.947465778497161,90.35069656655662,0,0.2797409283956847,0.21053810286225938,,
814,2,CP,2013,224.9075786136055,6.766646618188267,282.0152712878845,151.15207167376056,31.741935051489712,182.89400672525025,75.57603583688028,15.870967525744856,91.44700336262513,2.9328160353313324,0.17518379710297136,3.4313399268126537,1.485464974584185,0.35234549522957664,1.8378104698137618,0.7427324872920925,0.17617274761478832,0.9189052349068809,33.95541237727978,,,16.91197224662161,,8.455986123310804,,36.051637986903096,2.3269532238469157,59.22320697045574,0,0.12796398013548843,0.6328716998597099,,
815,2,CP,2013,424.84974378544854,11.851809063550492,529.5328353915999,289.8596555176299,60.511060351717525,350.3707158693474,144.92982775881495,30.255530175858762,175.1853579346737,18.192710836668653,0.5753275891112506,32.03370413163694,15.053964845314713,3.1613326175160896,18.215297462830804,7.5269824226573565,1.5806663087580448,9.107648731415402,11.287376632248453,,,5.087815883816567,,2.5439079419082833,,56.58899392198401,6.1348466147869285,110.41742685703909,2.606925235934508,1.0837976681303212,5.652373611853243,,
816,2,CP,2013,571.1050044952483,15.32791681328624,696.2420835624536,369.32965125703817,76.8438004461352,446.1734517031734,184.66482562851908,38.4219002230676,223.0867258515867,0,0,0,0,0,0,0,0,0,8.117314721613198,,,3.1146013194732385,,1.5573006597366192,,76.54188404470317,3.6631522605031295,144.64955658233245,0,0,0,,
817,2,CP,2013,356.9367618478081,10.74831289589955,452.61636088426775,254.74255622453356,53.49593680715205,308.2384930316856,127.37127811226678,26.747968403576024,154.1192465158428,0,0,0,0,0,0,0,0,0,1.4701299283465625,,,0.7656919541847295,,0.38284597709236473,,56.17392191326172,3.844627813756538,95.04943578569622,0,0,0,,
818,2,CP,2013,316.90763763585477,8.047367165988138,385.26870277505117,204.31993322066387,42.487142530343235,246.8070757510071,102.15996661033194,21.243571265171617,123.40353787550355,3.887497132792311,0.11621826205833888,4.692359848224534,1.9793547938881821,0.4156645067165183,2.3950193006047007,0.9896773969440911,0.20783225335825914,1.1975096503023503,6.9642371589124155,,,2.969663039247454,,1.484831519623727,,44.52444665530079,1.4425211787291632,79.98976318185771,0.22037772413851447,0.0780447153339235,0.7390466760953641,,
819,2,CP,2013,420.23499087091074,13.08816060974753,563.1366800090984,317.26801690996024,66.13471505598976,383.40273196595,158.63400845498012,33.06735752799488,191.701365982975,2.459417173696875,0.07925722045912797,2.9922811727744456,1.682958760074202,0.3534213396155824,2.0363800996897847,0.841479380037101,0.1767106698077912,1.0181900498448924,22.174223148761506,,,8.352128692826444,,4.176064346413222,,73.03165327402866,5.677200513334106,117.18594867525903,0.11535891182179303,0.08259292543162786,0.6283790462826334,,
820,2,CP,2013,335.79189712531377,9.66668841083881,456.5286316025832,253.84733661770693,53.17049019548176,307.0178268131887,126.92366830885346,26.58524509774088,153.50891340659436,10.182082906793639,0.33192330977732676,13.794442745404229,7.466059228043884,1.5678724378892155,9.0339316659331,3.733029614021942,0.7839362189446077,4.51696583296655,8.416280405145882,,,3.528945174841938,,1.764472587420969,,52.16807612149529,6.73689090556607,95.57105324864037,0.797448480781118,0.5006386517620655,2.8097527102966104,,
821,2,CP,2013,267.4080682032674,7.697107244199932,335.387607696112,186.4675028820122,39.15817560522257,225.62567848723478,93.2337514410061,19.579087802611284,112.81283924361739,0,0,0,0,0,0,0,0,0,2.8892320311116864,,,1.2999456848711066,,0.6499728424355533,,41.27334045903167,1.8665718564974467,70.43139761618353,0,0,0,,
822,2,CP,2013,414.93466208825134,11.108019456464682,515.4271293706471,275.731439781432,57.45365012613096,333.18508990756294,137.865719890716,28.72682506306548,166.59254495378147,9.651210435692242,0.3105795554944616,11.926193810818909,4.947525136167829,1.035319738648446,5.9828448748162755,2.4737625680839144,0.517659869324223,2.9914224374081377,3.8708054060621464,,,1.7274061902142184,,0.8637030951071092,,59.58209657177766,6.966427038826584,107.25776257650163,5.549670303976146,0.6040123790726967,1.8703870976036965,,
823,2,CP,2013,758.1844516748629,20.906609174919247,929.1670907507802,544.1697776453359,130.6007466348806,674.7705242802165,272.08488882266795,65.3003733174403,337.38526214010824,3.1664538595601375,0.1093815562635831,4.013529768190366,1.7629027302541067,0.4230966552609856,2.1859993855150925,0.8814513651270534,0.2115483276304928,1.0929996927575463,2.682222536920987,,,1.0945643051851677,,0.5472821525925838,,121.32383530170655,5.181147197617029,223.00010178018724,0.9483156284197206,0.4561242719029762,0.7224353582742657,,
824,2,CP,2013,364.878680185025,10.923608900233592,464.7762307941841,255.29394677050897,53.47159219940461,308.76553896991356,127.64697338525448,26.735796099702306,154.38276948495678,4.496353476928602,0.18532260398124378,5.7127132198254875,2.4001048089309545,0.5040220098755005,2.904126818806455,1.2000524044654772,0.25201100493775025,1.4520634094032274,7.226695449325995,,,2.7289150026851967,,1.3644575013425984,,48.367913414398444,7.070239385483535,97.29718711843145,0.21732950336422097,0.32069133271517036,0.8997523321225142,,
825,2,CP,2013,405.99095200479877,11.118641070104557,500.0052645995205,286.6472806712801,62.040291699828465,348.68757237110856,143.32364033564005,31.020145849914233,174.34378618555428,0.9746581037621851,0.06194280471311969,1.7668906768254804,0.8383162320469134,0.17604640872985178,1.0143626407767652,0.4191581160234567,0.08802320436492589,0.5071813203883826,3.6015781183775597,,,1.3175982489932805,,0.6587991244966402,,63.04814625353542,3.7797455259363675,108.08884396095345,0.2704504262636605,0.407369223746529,0.34780566356226905,,
826,2,CP,2013,563.5638241772076,15.55053258198314,690.8178933353119,404.5797824220674,97.09914778129617,501.67893020336356,202.2898912110337,48.549573890648084,250.83946510168178,20.069386247724513,0.563051152170083,24.5818851187573,14.108001264320224,3.3859203034368535,17.493921567757077,7.054000632160112,1.6929601517184267,8.746960783878539,6.707575252228727,,,3.5344828395856758,,1.7672414197928379,,92.78891796782715,3.1224876819794445,165.79629440047484,1.9096708349736535,0.296024202132324,5.781441467535689,,
827,2,CP,2013,398.8815681984337,10.87932677839578,497.836905373565,279.7011917210581,62.918269033749425,342.6194607548075,139.85059586052904,31.459134516874713,171.30973037740375,5.1548122035427335,0.2792743965001952,6.255973813712198,2.6018824066221504,0.6481669631187287,3.250049369740879,1.3009412033110752,0.32408348155936434,1.6250246848704395,8.352343345291434,,,3.6402178463550574,,1.8201089231775287,,48.94340261535753,7.353137870706554,111.68481813378294,3.1290308469756676,0.8201828461520673,1.1699906711055819,,
828,2,CP,2013,500.0680100466301,13.769533497736349,611.3321651347468,358.0287029968055,85.92688871923333,443.95559171603884,179.01435149840276,42.963444359616666,221.97779585801942,12.41242447043989,0.3727895104683021,15.163795717450338,6.660545309313075,1.598530874235138,8.259076183548213,3.3302726546565373,0.799265437117569,4.129538091774107,7.746346162900236,,,3.367736873565318,,1.683868436782659,,76.99065609104522,2.880453660298356,146.71971963233923,1.553164429614258,0.8919474366007442,2.729483229141061,,
829,2,CP,2013,387.649109316333,10.304695890712747,483.6331662682097,255.01259133169646,53.18466336922829,308.19725470092476,127.50629566584823,26.592331684614145,154.09862735046238,0.5635943264651814,0.031008516230275788,1.1950494616268135,0.46038983378270915,0.09668186509436892,0.5570716988770781,0.23019491689135457,0.04834093254718446,0.27853584943853904,36.69885062101592,,,15.335572888671987,,7.667786444335993,,45.53482617206612,4.620409235046711,100.75991724982664,0,0.32937230413695956,0.1882202902062231,,
830,2,CP,2013,511.34773423361753,14.06566171758077,624.6509440500072,365.82888988780746,87.7989335730738,453.62782346088125,182.91444494390373,43.8994667865369,226.81391173044062,28.118334412350382,0.9831592442124172,30.53314545177568,13.490069705810015,3.6867244621768234,17.176794167986838,6.7450348529050075,1.8433622310884117,8.588397083993419,20.630321956978094,,,9.061662178819773,,4.530831089409887,,77.70610545744468,2.716259140607636,149.91622657200173,1.2280822173631982,0.6771101853087685,6.295063018279575,,
831,2,CP,2013,471.6217543502363,13.0508414360375,579.4670209120391,339.3667759667636,81.44802623202327,420.8148021987869,169.6833879833818,40.72401311601163,210.40740109939344,8.049425330451573,0.2471473547320928,9.889846566677333,5.029636597603441,1.2071127834248259,6.236749381028266,2.5148182988017207,0.6035563917124129,3.118374690514133,1.901066497715877,,,0.8529241070837117,,0.42646205354185585,,80.71889314930714,3.2588580284592927,139.0720850188894,1.1871853661052079,0.6725736765114314,2.0611388563992135,,
832,2,CP,2013,482.19910269057357,13.034263172998498,586.5648977819046,340.68009069777327,81.35418565408693,422.03427635186017,170.34004534888663,40.67709282704347,211.01713817593009,4.518035203242981,0.2054202937415788,5.799910821825882,2.730421369845788,0.6802078750897165,3.410629244935504,1.365210684922894,0.34010393754485824,1.705314622467752,7.1860519925623425,,,3.156401324798956,,1.578200662399478,,68.92548003336019,3.4659911378850867,139.8829324627681,2.2371074482564506,0.7583062255729289,1.1614514410148058,,
833,2,CP,2013,451.5775265196996,13.336626623352416,567.5941448289244,312.06478149038054,65.53360411297992,377.5983856033605,156.03239074519027,32.76680205648996,188.79919280168025,21.137548440443837,0.7591677211588224,24.379410792898355,10.516575181691564,2.4158224492859137,12.932397630977478,5.258287590845782,1.2079112246429569,6.466198815488739,39.14894272612362,,,16.237357204628452,,8.118678602314226,,54.6177322916816,6.8758209799059635,119.19477041407411,0.8028450324995383,0.5993032424328474,4.422703329282829,,
91000,2,CA,2013,280.2154803224693,10.820916780868023,386.13251265257963,175.00465594225773,36.75097774787412,211.75563369013184,87.50232797112886,18.37548887393706,105.87781684506592,14.724684214655117,0.6998365525234587,20.566594434484966,7.6350210669726755,1.701469796935707,9.336490863908383,3.8175105334863377,0.8507348984678536,4.668245431954191,10.391219387755102,,,3.9058207371041758,,1.9529103685520879,,30.250053394457062,17.252351584374637,81.08782765704173,0.5747073506790455,1.6620981502036072,3.856072865415003,,
101000,2,CA,2013,454.37405980643257,12.984056984518519,568.226069640269,323.84999353549716,74.44377591037447,398.29376944587165,161.92499676774858,37.221887955187235,199.14688472293582,8.60777806479842,0.26636622424302253,10.567900939657632,5.074555257457326,1.1718898235619786,6.246445081019305,2.537277628728663,0.5859449117809893,3.1232225405096523,5.5788142857142855,,,2.2312458097137737,,1.1156229048568869,,79.71369418597946,4.129550801348084,130.26730146991645,0.8080098508225432,0.2406329308080243,2.0382949980525384,,
701,2,CP,2014,19.61850747305871,1.0458229021008143,38.91956267461371,19.88913585899509,4.1767185303889685,24.065854389384057,9.944567929497545,2.0883592651944842,12.032927194692029,1.2137345679012348,0.13591511513396462,1.3496496830351992,0.6752168846507466,0.20775921635329483,0.8829761010040414,0.3376084423253733,0.10387960817664742,0.4414880505020207,1.2059916690892356,,,0.47102470509219607,,0.23551235254609804,,4.918268645038754,8.477930252864505,8.173108161668878,0,0,0.3989534116626734,,
709,2,CP,2014,95.03988154716717,4.84511761295307,139.09413505420716,70.8163765559204,14.871439076743282,85.68781563266369,35.4081882779602,7.435719538371641,42.84390781633184,6.82701704729714,0.42505559883322513,9.534099838282806,3.3518743066257457,0.7475666305642794,4.099440937190026,1.6759371533128729,0.3737833152821397,2.049720468595013,8.754553429870581,,,3.4096538871837723,,1.7048269435918861,,1.1525228059310335,17.17528602284492,29.209768361383503,0,1.713122789888802,1.6357332958233688,,
738,2,CP,2014,200.2319830771016,8.442849147065177,273.95138761203583,144.03072338046383,30.246451909897402,174.27717529036124,72.01536169023191,15.123225954948701,87.13858764518062,10.765085876300214,0.5441356546467255,13.433455367567346,5.2210555503408616,1.2121499682001318,6.433205518540993,2.6105277751704308,0.6060749841000659,3.2166027592704967,13.929044131818618,,,5.394341060160911,,2.6971705300804554,,6.401924003431705,17.220194737529223,57.52979139852753,0.028524927716127208,0.7934993911419045,2.338046886218241,,
739,2,CP,2014,24.908267826721005,1.0599275806082256,33.11763645451697,18.626463612844233,3.9115573586972885,22.53802097154152,9.313231806422117,1.9557786793486442,11.26901048577076,0,0,0,0,0,0,0,0,0,0,,,0,,0,,2.458388125632499,0.8135549842710347,6.954703655448564,0,0,0,,
740,2,CP,2014,118.62258933260266,5.051027415836833,205.6350827381226,103.24499725878424,21.68144942434469,124.92644668312894,51.62249862939212,10.840724712172346,62.46322334156447,9.118866331253958,0.4754123572046921,15.979358783511941,6.147679943385249,1.3216276472454445,7.469307590630693,3.0738399716926246,0.6608138236227222,3.7346537953153467,4.1835841667545335,,,1.619046987252526,,0.809523493626263,,3.9278261546148707,12.95957206519173,43.18336737500575,0.7355376128994628,1.739914682480897,2.5813247319187598,,
841,2,CP,2014,270.71601694316536,8.09159058967532,349.5175522143568,173.6699376975461,36.47068691648468,210.14062461403077,86.83496884877304,18.23534345824234,105.07031230701539,1.5525456396663553,0.17912723658562324,6.758784181688323,2.8385459495477936,0.5960946494050366,3.43464059895283,1.4192729747738968,0.2980473247025183,1.717320299476415,2.2696870297992726,,,0.8749316330105497,,0.43746581650527483,,29.480771865592125,11.52895283627046,73.39868596501492,0,1.5593864058891849,1.1524314009174093,,
842,2,CP,2014,451.5581178976066,10.915699538652664,570.051708048355,300.10404067773044,63.0218485423234,363.12588922005386,150.05202033886522,31.5109242711617,181.56294461002693,0,0,0,0,0,0,0,0,0,1.8023511354820894,,,0.6975098526910218,,0.3487549263455109,,141.96433345509865,11.11441523478585,119.71085869015454,0,0,0,,
843,2,CP,2014,772.0613002051277,22.83800429040307,966.4148224034248,505.6224607682807,109.78057686300038,615.4030376312811,252.81123038414034,54.89028843150019,307.70151881564055,24.04006827831362,1.0183692238620232,31.884610894737524,12.596706892590452,2.7360946550106546,15.332801547601107,6.298353446295226,1.3680473275053273,7.666400773800554,6.933054579321448,,,2.5417585273943253,,1.2708792636971626,,156.04590766836031,13.550310400449664,209.09385527510608,13.724009776624086,5.0757847143656845,5.402653591710739,,
844,2,CP,2014,293.88300886123136,9.117107485548502,373.6071331948338,196.60148844616015,41.28631257369363,237.88780101985378,98.30074422308007,20.643156286846814,118.94390050992689,0,0,0,0,0,0,0,0,0,8.69471313614387,,,3.1056428016743154,,1.5528214008371577,,56.07459540569375,1.7232686478089587,78.45749797091509,0,0,0,,
845,2,CP,2014,268.2963722726328,8.05004126009394,331.50932675904545,180.26132947477396,37.85487918970253,218.1162086644765,90.13066473738698,18.927439594851265,109.05810433223824,7.523981341464734,0.2724554462243271,9.305689320628131,4.36967104297969,0.9176309190257348,5.287301962005425,2.184835521489845,0.4588154595128674,2.6436509810027125,6.785354862380488,,,2.788549827615921,,1.3942749138079604,,30.943286487824757,5.161458811572771,69.61695861939954,0.7951701507576707,0.6401551858684847,1.6315371402418408,,
846,2,CP,2014,386.4998843302432,11.389349081189343,486.4942052793048,262.8088072767403,61.148676643889765,323.9574839206301,131.40440363837016,30.574338321944882,161.97874196031506,16.686277370590066,0.6616568991330567,21.991576875874408,9.929344194906912,2.337465631017387,12.2668098259243,4.964672097453456,1.1687328155086936,6.13340491296215,6.775550131935691,,,2.617250424358716,,1.308625212179358,,51.716260390774764,9.820027678658972,112.3384496978365,8.176349323018476,3.2571304331971738,4.02957723796334,,
847,2,CP,2014,592.508404254576,16.745660185216163,761.0996171644694,280.1554957152626,58.83265410020514,338.9881498154677,140.0777478576313,29.41632705010257,169.49407490773385,0.9905864197530866,0.11440695559009352,1.10499337534318,0.4071910080140697,0.14235358799146103,0.5495445960055306,0.20359550400703486,0.07117679399573051,0.2747722980027653,42.73536182739064,,,12.874341641454171,,6.4371708207270855,,112.63925026747796,7.145426414992535,159.83091960453856,0,0,0.2865069025599722,,
848,2,CP,2014,324.7121543509812,10.102660445692528,402.07732659566784,233.9951453649907,55.75035017696133,289.745495541952,116.99757268249535,27.875175088480663,144.872747770976,18.22092384559241,0.8379150190741115,25.903500723072845,11.783369903545209,2.82800877685085,14.61137868039606,5.891684951772604,1.414004388425425,7.30568934019803,3.50251890287166,,,1.2353239692308282,,0.6176619846154141,,30.553415518829212,10.894075458971981,95.72511818888067,17.881238828866923,5.945858940048553,4.828810411291864,,
849,2,CP,2014,373.61161838773575,10.610723041241775,483.6056709863566,185.56909289029522,38.969509506962,224.53860239725722,92.78454644514761,19.484754753481,112.26930119862861,7.788615099229529,0.730719763411928,9.558329809991525,3.4986459457470205,0.8638403677218761,4.362486313468897,1.7493229728735102,0.43192018386093806,2.1812431567344484,46.70115915596856,,,17.036089292502144,,8.518044646251072,,79.01939504595408,4.4905864268296805,101.55719090713488,2.2353405633030414,0.8264939994777782,1.769214038505461,,
850,2,CP,2014,446.308215091784,13.777400543303253,580.8959749407043,236.63304965495306,49.692940427540144,286.3259900824932,118.31652482747653,24.846470213770072,143.1629950412466,29.418586093721192,1.4676430314837599,36.52312853427498,15.084448474631879,3.275756597076576,18.360205071708453,7.542224237315939,1.637878298538288,9.180102535854227,41.72895242181448,,,14.158983955762357,,7.079491977881179,,79.80665655595874,3.925724595887419,121.9881547375479,5.109909670902628,2.385044386356747,6.820726699355991,,
851,2,CP,2014,419.40169459491534,11.48699496517219,537.3995887446937,297.1676273889794,65.25623646337135,362.42386385235073,148.5838136944897,32.628118231685676,181.21193192617537,0,0,0,0,0,0,0,0,0,1.137437151009282,,,0.49720917224326777,,0.24860458612163389,,167.3910202338193,3.4961767286367396,117.72204071273542,0,0,0,,
852,2,CP,2014,272.82370460080466,8.534284793535134,339.303549522816,195.62260594651815,46.09771713971231,241.72032308623048,97.81130297325907,23.048858569856154,120.86016154311524,9.093866525960543,0.3876946557965782,12.55044810985902,5.892724426281694,1.4142538623076064,7.3069782885893,2.946362213140847,0.7071269311538032,3.65348914429465,7.22382673059866,,,2.6426022644629854,,1.3213011322314927,,28.23679357684675,9.99334388850848,79.8201956317821,6.95890383899789,2.499593576522765,2.4148311810140015,,
853,2,CP,2014,325.71714350264654,9.740049567253532,406.3586757886596,218.14852653744424,51.50449100143966,269.6530175388839,109.07426326872212,25.75224550071983,134.82650876944194,11.457256726611693,0.48233531183708417,15.696184204912505,7.095080954862773,1.7028194291670655,8.79790038402984,3.5475404774313866,0.8514097145835328,4.39895019201492,7.257711014470509,,,2.851948059399204,,1.425974029699602,,44.95302617206874,8.796725156836342,95.05660305489975,8.33385077239929,3.0846067266871997,2.9075553991979906,,
854,2,CP,2014,565.9565436094864,15.85407811681179,740.2363823124982,281.336801541036,59.080728323617556,340.41752986465355,140.668400770518,29.540364161808778,170.20876493232677,20.837271914056572,0.699971946127329,26.6597351492121,13.602841645755978,2.8602641325567855,16.463105778312762,6.801420822877989,1.4301320662783927,8.231552889156381,32.44018854839051,,,9.251317937534074,,4.625658968767037,,111.81077085371068,17.220181201402657,155.4496402856246,2.4126204894087335,1.5720024383855826,5.509153714020777,,
855,2,CP,2014,522.3100210694869,16.719776681736715,669.7897624006289,363.5893061398594,78.63822465230129,442.2275307921607,181.7946530699297,39.319112326150645,221.11376539608034,8.266233296858188,0.35515883877251186,11.10966657998534,4.172311312809556,0.8761853756900067,5.048496688499562,2.086155656404778,0.4380926878450033,2.524248344249781,11.127052588031377,,,4.234554380702936,,2.117277190351468,,144.49306031695536,7.682500957994096,144.55657147498016,1.0770268661900786,1.2621014294717445,1.8062588895441605,,
856,2,CP,2014,379.33432288666245,11.508978140453978,479.4504053572156,247.77859888625719,56.10297023248688,303.88156911874404,123.88929944312859,28.05148511624344,151.94078455937202,6.373048617833114,0.30659129187356504,7.749077742431775,3.802645276598268,0.922810009784585,4.725455286382853,1.901322638299134,0.4614050048922925,2.3627276431914264,25.327023625136736,,,7.82506700939651,,3.912533504698255,,65.9273608216784,16.238435123727502,107.63317472786855,2.2585203427364484,0.7657604673386504,1.669120012894276,,
857,2,CP,2014,442.2386404871761,13.297505319752526,573.0650993196343,308.63870032312406,64.81412706785605,373.4528273909801,154.31935016156203,32.407063533928024,186.72641369549004,0,0,0,0,0,0,0,0,0,2.153837950235098,,,0.9085427396769716,,0.4542713698384858,,143.15034408356598,2.9677667489957185,120.3436708571232,0,0,0,,
858,2,CP,2014,345.7751407776397,10.399761605050944,432.1789259748949,245.0679382270679,53.407888292497525,298.47582651956543,122.53396911353396,26.703944146248762,149.23791325978272,6.423123891916883,0.32758475663468467,9.4075001684845,4.392642725035276,1.0269227512336265,5.419565476268902,2.196321362517638,0.5134613756168133,2.709782738134451,2.9624040074171454,,,1.2544094125615637,,0.6272047062807818,,63.04736600558585,9.970241555489562,94.0762977472312,8.351262893718147,2.479085638744615,1.789013883054634,,
859,2,CP,2014,415.4927328261624,14.152691844185284,539.3051003922984,307.774561545619,68.04308210732262,375.8176436529416,153.8872807728095,34.02154105366131,187.9088218264708,36.33812099472458,1.0635333776014424,45.748551786166594,19.011872063131825,3.992493133257683,23.00436519638951,9.505936031565913,1.9962465666288416,11.502182598194755,32.42088364325622,,,9.334535329014003,,4.667267664507001,,177.33688831493444,15.415996781810168,119.07735279754324,12.433235446401468,1.4601410182706787,7.20539690632124,,
860,2,CP,2014,320.98030886169744,10.424304901224252,406.620148438908,231.55197033456434,50.71973587706597,282.2717062116303,115.77598516728217,25.359867938532986,141.13585310581516,2.573889583183646,0.15637515491683612,4.171643628101698,2.1092243193971165,0.5062138366553081,2.615438156052425,1.0546121596985583,0.25310691832765403,1.3077190780262125,1.7732120267653877,,,0.7703809001962127,,0.3851904500981064,,109.93157553195216,14.702103612741906,88.96542162826388,4.925353003317494,1.4365258362946232,0.8643575171301773,,
861,2,CP,2014,554.0313285483311,15.191569132427379,710.2268974023262,264.18135293501416,55.47808411635297,319.6594370513671,132.09067646750708,27.739042058176484,159.82971852568355,0,0,0,0,0,0,0,0,0,42.558562299249786,,,11.858462527169275,,5.929231263584637,,98.74382111370117,8.746166539336508,149.14764845448852,0,0,0,,
862,2,CP,2014,250.94711656338765,7.752188873914472,316.1324263425613,177.56414774528204,37.28847102650923,214.85261877179127,88.78207387264102,18.644235513254614,107.42630938589564,0,0,0,0,0,0,0,0,0,0.24185656722446172,,,0.13610881524010757,,0.06805440762005378,,70.7018644399996,0.6634053737251058,66.38780953193788,0,0,0,,
863,2,CP,2014,484.16357778951135,15.030027498351245,620.5818148141276,350.0084210494641,76.40189124948394,426.4103122989481,175.00421052473206,38.20094562474197,213.20515614947405,0,0,0,0,0,0,0,0,0,64.35186479316549,,,26.901593219710975,,13.450796609855487,,165.13249016034192,5.016156693566795,135.27412589480184,0,0,0,,
864,2,CP,2014,496.23846855284415,16.204980907994006,627.7367222465213,344.59768097225634,72.36551300417383,416.96319397643015,172.29884048612817,36.18275650208692,208.48159698821507,22.274701688869705,0.6690633712215144,27.808508116816242,11.846737766322576,2.487814930927741,14.334552697250315,5.923368883161288,1.2439074654638704,7.167276348625157,36.79097382480437,,,15.48578242338788,,7.74289121169394,,131.96930845308623,6.589606465613923,131.82471167176945,2.6694119435066543,0.7615270161049149,4.463984213823092,,
865,2,CP,2014,382.315734073501,11.61481408014039,484.3423805728381,270.18304804026695,56.73844008845606,326.921488128723,135.09152402013348,28.36922004422803,163.4607440643615,0,0,0,0,0,0,0,0,0,43.60641093630506,,,18.217441538951448,,9.108720769475724,,90.64519467532755,6.614845819114694,101.711899920296,0,0,0,,
866,2,CP,2014,525.3683652020405,14.557603540783465,671.522554866343,346.9193350747532,72.85306036569817,419.7723954404513,173.4596675373766,36.426530182849085,209.88619772022565,35.22076202840975,1.0926283568722006,44.25124079781353,18.800679634146718,3.9481427231708106,22.74882235731753,9.400339817073359,1.9740713615854053,11.374411178658764,45.2248988149992,,,18.250131907602047,,9.125065953801023,,143.98044911106146,7.4959934734626605,141.019736521932,7.968330747444935,1.2375385255568205,7.201461590303399,,
867,2,CP,2014,719.8811505815007,22.56397603662221,927.7115287874739,512.9058206761472,110.81013463259698,623.7159553087441,256.4529103380736,55.40506731629849,311.85797765437206,14.227360801763808,0.5216784790632136,17.971560631888728,9.337608592663129,1.9854089745103767,11.323017567173505,4.668804296331564,0.9927044872551883,5.661508783586752,55.12674324821988,,,19.374813947993125,,9.687406973996563,,249.8548626951864,3.4620959878333357,200.1125053050439,6.037647498941079,1.2243688236647283,3.6536441584362542,,
868,2,CP,2014,488.00018456121484,15.232901572625762,629.7086118685231,345.9852378010794,75.68125092786636,421.66648872894575,172.9926189005397,37.84062546393318,210.83324436447288,133.06551196434262,5.265298299374072,152.35033462279813,55.22294129187039,13.20260143217788,68.42554272404827,27.611470645935196,6.60130071608894,34.212771362024135,71.872682507077,,,25.57069190414593,,12.785345952072966,,153.15254163334527,4.821148434829077,137.40287222009704,13.775386586810065,0.5037965945683142,25.87155978448574,,
869,2,CP,2014,520.4223582090872,17.37856887425432,658.235705139314,366.0266637107213,76.86559937925148,442.89226308997274,183.01333185536066,38.43279968962574,221.44613154498637,44.909994413059266,0.9276735623611678,46.77500596211529,19.676934154328684,5.018785673965583,24.69571982829427,9.838467077164342,2.5093928369827916,12.347859914147135,49.53794865089355,,,20.727243189894775,,10.363621594947388,,145.33485321991833,6.088499300475664,138.2294980792559,0,0.43455081748952457,8.943480418268653,,
870,2,CP,2014,582.8395894059438,19.056272912829407,758.8369503713134,409.15247455271015,89.51788038114444,498.6703549338546,204.57623727635507,44.75894019057222,249.3351774669273,17.555553095922367,0.5102149994356824,21.578759782532273,9.102460809325581,1.9115167699583722,11.013977579283953,4.551230404662791,0.9557583849791861,5.5069887896419765,38.883507648811474,,,16.158684889972807,,8.079342444986404,,228.7430237685217,6.213005193815045,165.49567323345414,2.158570835780312,0.13059174782436178,3.3986546657488326,,
871,2,CP,2014,499.08258140116,17.153920137350536,648.5240362867346,310.83189579489255,65.27469811692742,376.10659391181997,155.41594789744627,32.63734905846371,188.05329695590999,68.57970221946837,2.655185292206235,87.41737024595693,32.250399424185986,6.811278615941211,39.0616780401272,16.125199712092993,3.4056393079706053,19.5308390200636,21.365185521377708,,,8.472978075124594,,4.236489037562297,,80.89028330341229,8.787909144565406,136.19004762021427,10.581821122433713,4.898416850136204,13.844606678944363,,
872,2,CP,2014,778.660281110575,24.019139518017518,1000.8614576828403,429.52561496159484,90.24384960582462,519.7694645674195,214.76280748079742,45.12192480291231,259.88473228370975,36.45292347107173,1.510512031287423,46.76955675032314,14.710705159470967,3.123419871826776,17.834125031297745,7.3553525797354835,1.561709935913388,8.917062515648873,14.996512054142686,,,4.806871591403926,,2.403435795701963,,133.84471072919374,4.562139047493844,210.25513170644717,5.106708756563144,3.040881151932503,7.451668678604415,,
873,2,CP,2014,663.4731256173053,22.06328345639904,863.6980554412884,424.44816042238324,89.13411368870048,513.5822741110837,212.22408021119162,44.56705684435024,256.79113705554187,59.4912742314327,1.8871681237622053,75.15916681902796,29.99545881300027,6.299046350730057,36.29450516373033,14.997729406500135,3.1495231753650286,18.147252581865164,40.81405710851616,,,11.320593854659636,,5.660296927329818,,186.79311531566762,4.715815450813368,181.37659164267055,12.88725050137488,1.9537187200136332,11.992462898517388,,
874,2,CP,2014,358.99876379541246,10.638889579690117,456.7734014864546,194.55627095615475,40.856816900792495,235.41308785694724,97.27813547807737,20.428408450396248,117.70654392847362,86.10222375275751,3.105049524522192,97.06925858963312,33.05842311598643,7.720779129056144,40.77920224504257,16.529211557993214,3.860389564528072,20.389601122521285,31.870728232256027,,,11.581305490034854,,5.790652745017427,,55.257596611236636,5.431005064290689,95.92241431215547,7.086974047226244,3.2733295406172895,18.09503572095157,,
875,2,CP,2014,560.6836764637435,18.63402340648943,735.1757926879961,313.8043165553996,65.89890647663393,379.7032230320335,156.9021582776998,32.94945323831696,189.85161151601676,29.38940446702522,1.4119454646237966,35.98716354886203,13.998115362803212,3.090375967202477,17.088491330005688,6.999057681401606,1.5451879836012385,8.544245665002844,56.729590715222514,,,18.470419045310727,,9.235209522655364,,110.09018135337841,5.30820215863601,154.38691646447919,5.176486690919139,2.6097092412963407,7.074095699831689,,
876,2,CP,2014,712.8609216380836,20.111102143566704,917.7566898449302,378.03662734675015,79.38769174281752,457.42431908956763,189.01831367337508,39.69384587140876,228.71215954478382,48.542905770193705,1.6559283167775911,58.977724961817394,21.306376056501914,5.016781037036574,26.323157093538487,10.653188028250957,2.508390518518287,13.161578546769244,26.69868380072959,,,9.772216503956399,,4.886108251978199,,143.84712587483858,10.990269622907961,192.72890486743535,2.367049851004625,5.2942775590145095,12.444307329718649,,
877,2,CP,2014,528.8691295956921,18.196541719071995,676.4809615453388,322.52392591659583,67.73002444248513,390.253950359081,161.26196295829791,33.865012221242566,195.1269751795405,23.21872240237934,1.002589225797034,29.50491494105557,12.85266623679578,2.7307312685619487,15.583397505357729,6.42633311839789,1.3653656342809743,7.791698752678864,25.013812591759407,,,9.27455256460284,,4.63727628230142,,63.09305751894348,7.6201596987767015,142.06100192452115,7.17546072998134,2.9945718172060425,5.59245251942841,,
878,2,CP,2014,534.2933474542755,16.49820699457773,691.7438851420562,347.6724932678998,73.01122358625895,420.6837168541588,173.8362466339499,36.505611793129475,210.3418584270794,41.56191749479067,1.663395884514206,50.564818123518826,24.785246263991855,5.389264020288588,30.174510284280444,12.392623131995927,2.694632010144294,15.087255142140222,24.587503304994804,,,9.174454037642906,,4.587227018821453,,97.23406358787561,4.390086638457864,145.2662158798318,1.7137231496616852,1.700077048885164,10.789355000805445,,
879,2,CP,2014,474.25448226584297,13.061624632937447,611.4918043961833,231.10825147432539,48.532732809608326,279.64098428393373,115.55412573716269,24.266366404804163,139.82049214196687,72.69922839506174,1.9795116226130296,74.67874001767477,21.876545702273138,5.728283558984699,27.604829261257837,10.938272851136569,2.8641417794923494,13.802414630628919,40.16080466215756,,,13.323625760138514,,6.661812880069257,,98.14403890397887,6.503375817814367,128.4132789231985,0,0,14.70848037357291,,
880,2,CP,2014,546.4683448975421,17.563599223511414,705.4973534899024,320.07739938871583,67.21625387163033,387.29365326034616,160.03869969435792,33.608126935815164,193.64682663017308,41.11844660092463,1.4859131142517876,53.11662219449281,20.814378923335894,4.398915526349873,25.213294449685765,10.407189461667947,2.1994577631749364,12.606647224842883,16.973855031992233,,,5.678039589037,,2.8390197945185,,77.54284792484435,9.907838852969169,148.15444423287948,2.8851235817702108,5.137967695386971,8.78991573201725,,
881,2,CP,2014,244.8161795263774,6.867830857061211,306.8242980916498,166.8034303158301,35.02872036632432,201.83215068215443,83.40171515791505,17.51436018316216,100.91607534107722,3.859491630564108,0.10908580635545677,4.782665602150269,1.8425100318566083,0.3869271066898878,2.2294371385464964,0.9212550159283042,0.1934635533449439,1.1147185692732482,29.97966295256901,,,12.462503246575357,,6.231251623287679,,42.38120109066882,2.0853493785049473,64.43310259924645,0.15541001754537412,0.08319270169772303,0.7532698323386673,,
882,2,CP,2014,552.8489684854351,14.654099249854283,708.3782830094633,275.5875580256786,57.8733871853925,333.4609452110711,137.7937790128393,28.93669359269625,166.73047260553554,70.08389080112431,1.0985195506442982,71.48840588178275,18.680541670065423,4.875765345156749,23.55630701522217,9.340270835032712,2.4378826725783744,11.778153507611085,10.344137984948894,,,2.855320776593887,,1.4276603882969434,,116.8861562631985,15.09142675043459,148.7594394319873,0,0.6196729617739791,14.023956960364753,,
883,2,CP,2014,440.34658976663894,12.60249166366702,550.7115306516731,297.7869618204327,62.596678496448654,360.3836403168813,148.89348091021634,31.298339248224327,180.19182015844066,3.4910478762814017,0.10643038958596153,4.171451256482811,2.0117590910521224,0.42246940912094566,2.4342285001730684,1.0058795455260612,0.21123470456047283,1.2171142500865342,22.939080542868503,,,9.585816423537747,,4.792908211768873,,75.34312083715062,4.907874674426453,115.75428981824325,0.15727955157695533,0.19802235958099496,0.7509230794582926,,
884,2,CP,2014,740.1966696618701,19.438331186899685,959.4629972184495,354.805989682776,74.50925783338295,429.31524751615893,177.402994841388,37.25462891669147,214.65762375807947,30.410519770074238,0.9064188931054475,38.88347009650407,10.435521405462987,2.1914594951472277,12.626980900610217,5.217760702731494,1.0957297475736139,6.313490450305109,13.094021021442344,,,3.387234613600222,,1.693617306800111,,167.5731778651209,9.790704792626853,201.48722941587437,4.3700276986274895,0.2260271319974813,6.1241465401993915,,
885,2,CP,2014,740.3680576160863,22.31007140557607,942.355931864807,490.40346289290056,102.98472720750912,593.3881901004097,245.20173144645028,51.49236360375456,296.69409505020485,0,0,0,0,0,0,0,0,0,40.47249291675839,,,13.451327059447303,,6.725663529723652,,141.9558560759657,6.553597447231888,197.89474569160944,0,0,0,,
886,2,CP,2014,660.2764026420384,20.027990971491278,831.2512639300847,420.3139108389812,88.96876272968574,509.2826735686669,210.1569554194906,44.48438136484287,254.64133678433345,6.244442309920883,0.29280463952288205,8.818419985832413,3.275501433017627,0.6878553009337016,3.9633567339513287,1.6377507165088134,0.3439276504668508,1.9816783669756644,2.0315833754304347,,,0.6031827183111838,,0.3015913591555919,,97.82605746372775,17.042399011897814,175.76286358481718,3.480327127415527,2.5443048827415713,1.4088326295005675,,
887,2,CP,2014,671.7375781491655,22.39539395131373,863.2096748105108,448.75449964543515,94.23844492554139,542.9929445709765,224.37724982271757,47.11922246277069,271.49647228548827,11.85021561327935,0.3933080780940072,14.589762179991403,6.011439157095919,1.2717836818311266,7.283222838927045,3.0057195785479593,0.6358918409155633,3.6416114194635223,6.516530374243233,,,2.4567385168359714,,1.2283692584179857,,174.99865736821698,7.049665214336404,181.27403171020728,0.925086381422313,0.49521626798776197,2.315650747595423,,
888,2,CP,2014,714.4347467748576,20.162013091466157,917.9127361742333,357.7759102036224,75.13294114276071,432.90885134638313,178.8879551018112,37.56647057138036,216.45442567319157,47.6526787910755,1.239943898207231,61.65544010246661,21.250780397823068,4.462663883542844,25.713444281365913,10.625390198911534,2.231331941771422,12.856722140682956,26.113877804279703,,,7.224873411346779,,3.6124367056733897,,130.59390785753322,6.404972696726065,192.76167459658896,2.8499995381109997,0.04244419421060557,12.94764242151799,,
889,2,CP,2014,526.9210171725709,16.162154145493016,675.3307199333254,376.67633676200745,81.34724440385457,458.023581165862,188.33816838100373,40.67362220192729,229.011790582931,65.12112860090163,2.0472132858195353,75.15681882010463,26.562239212143595,6.0583519160375205,32.62059112818112,13.281119606071798,3.0291759580187603,16.31029556409056,20.497172145637077,,,8.24830869801588,,4.12415434900794,,143.34812677813088,5.340278527293674,145.6531419796106,8.006288394759627,0.14730982895345437,13.230652658144217,,
890,2,CP,2014,539.6061039954187,15.775850815394804,690.6363202038759,363.54869164292404,76.34522524501405,439.89391688793813,181.77434582146202,38.172612622507025,219.94695844396907,27.671252067038363,0.8579412891252747,34.422910870140726,14.46984171599846,3.038666760359676,17.508508476358134,7.23492085799923,1.519333380179838,8.754254238179067,13.237113104537002,,,5.17824173938737,,2.589120869693685,,109.42079259405246,4.644297235166553,145.03362724281394,5.289160128067557,0.9435104127645458,5.556754045872326,,
1301,2,CP,2014,520.6196817204386,14.56650025034581,681.6230283728219,252.82061541131395,53.092329236375924,305.91294464768987,126.41030770565698,26.546164618187962,152.95647232384493,13.500771604938274,0.502171224443217,14.002942829381489,3.78506588360047,1.0041765310545698,4.789242414655039,1.892532941800235,0.5020882655272849,2.3946212073275195,13.022460243326208,,,3.6854353653569882,,1.8427176826784941,,144.27909496743553,5.898139604062012,143.14083595829257,0,0,2.7965746512838745,,
1302,2,CP,2014,657.3625920289145,16.834389338080175,866.7230960440075,349.76852746189206,73.45139076699732,423.21991822888936,174.88426373094603,36.72569538349866,211.60995911444468,0,0,0,0,0,0,0,0,0,25.21862142500859,,,10.639332278019248,,5.319666139009624,,183.3990531932109,4.569661812171949,182.0118501692416,0,0,0,,
1303,2,CP,2014,372.51097222502955,10.725585340154192,465.4006983721806,244.03159868703884,51.24663572427816,295.278234411317,122.01579934351942,25.62331786213908,147.6391172056585,30.055720196311512,0.7710054181485833,35.95236568493532,17.930295000182273,3.765361950038278,21.695656950220553,8.965147500091136,1.882680975019139,10.847828475110276,30.337849993938605,,,12.677377748071635,,6.338688874035817,,79.9305552016981,2.9178444036972633,97.73414665815793,4.076749813339235,0.12476133214230845,6.69080480927962,,
1304,2,CP,2014,361.61153005076426,10.67331545126153,490.44551445544766,264.28739189635445,55.50035229823444,319.7877441945889,132.14369594817722,27.75017614911722,159.89387209729446,73.32357611601745,3.38172719811833,81.98153778832119,37.73333883499015,11.459676430889337,49.19301526587948,18.866669417495075,5.729838215444668,24.59650763293974,31.797330295228896,,,12.98651403935902,,6.49325701967951,,73.60943274213388,5.470371467749784,102.99355803564401,5.409982945321643,0.8974601031993754,19.346453094105293,,
1305,2,CP,2014,339.253602018648,12.080109386462217,443.789215146233,253.08934081327715,55.70621769559616,308.7955585088733,126.54467040663857,27.85310884779808,154.39777925443664,20.829892448504793,2.063753311416286,23.145112561986547,9.671332763367156,2.4814684239764726,12.152801187343629,4.835666381683578,1.2407342119882363,6.076400593671814,74.16721539188117,,,29.457514283945702,,14.728757141972851,,148.3499203278523,2.3620634224305785,97.56257833302992,0,0.08901231320659915,4.445844253074718,,
1306,2,CP,2014,459.57304053971626,13.59879038858531,589.538311264729,279.1184809217421,58.61488099356583,337.7333619153079,139.55924046087105,29.307440496782917,168.86668095765395,9.527777777777779,0.48295556727408506,10.010733345051863,2.5877995792015005,0.6976344278652445,3.285434007066745,1.2938997896007502,0.34881721393262227,1.6427170035333725,31.329345991884303,,,12.459074448260893,,6.229537224130446,,96.90875743003481,5.238650977482648,123.80304536559309,0,0,2.0240648519934075,,
1307,2,CP,2014,608.7165202701633,18.145420144280727,776.886860892824,294.2007522933279,61.78215798159886,355.9829102749268,147.10037614666396,30.89107899079943,177.9914551374634,26.147688468214245,1.273192100487125,33.37160999008498,11.295752682251418,2.3905609185416967,13.686313600793115,5.647876341125709,1.1952804592708484,6.8431568003965575,62.048303303873574,,,16.614301348633106,,8.307150674316553,,104.26426844427981,5.590680570381533,163.146240787493,4.8141306548906035,1.4422928776647377,5.692171156722163,,
1308,2,CP,2014,709.2422361821273,22.20047018273645,906.4564332181793,505.9739594912886,106.2545314931706,612.2284909844592,252.9869797456443,53.1272657465853,306.1142454922296,26.770315429259714,0.7297065488847891,32.621004116978384,13.76851042311349,2.8913871888538325,16.659897611967324,6.884255211556745,1.4456935944269163,8.329948805983662,50.534985598709845,,,21.03349003736541,,10.516745018682705,,263.4745674477071,5.148205955157569,190.35585097581767,5.485246239212912,0.051828468080115465,5.137808148424096,,
1309,2,CP,2014,655.5509131811635,16.194864725020263,827.3347925126639,353.2746396208481,74.18767432037811,427.4623139412262,176.63731981042406,37.093837160189054,213.7311569706131,0,0,0,0,0,0,0,0,0,12.760640537560837,,,3.3943262102349956,,1.6971631051174978,,225.32875860222748,1.8187514181263753,173.7403064276594,0,0,0,,
1310,2,CP,2014,374.18609190730143,11.165884228608672,473.49967636560655,270.98964939130616,56.907826372174284,327.89747576348043,135.49482469565308,28.453913186087142,163.94873788174021,73.04119759680596,2.2348731486873725,90.94438239126272,47.60724606307886,9.997521673246561,57.60476773632543,23.80362303153943,4.998760836623281,28.802383868162714,183.53511269818574,,,62.10698262020628,,31.05349131010314,,83.26166974326519,2.547860489711164,99.43493203677737,20.319338134442184,0.09743799569471329,17.767314758249423,,
1312,2,CP,2014,178.83614914458667,5.558301702702952,224.3632150872406,106.06792969713274,22.274265236397873,128.3421949335306,53.03396484856637,11.137132618198937,64.1710974667653,0,0,0,0,0,0,0,0,0,0,,,0,,0,,18.788174359428808,2.9610917262705505,47.11627516832052,0,0,0,,
1313,2,CP,2014,3.667972269783227,0.15005084577647895,4.936062435749805,2.201755305394068,0.4623686141327542,2.6641239195268223,1.100877652697034,0.2311843070663771,1.3320619597634111,0,0,0,0,0,0,0,0,0,0,,,0,,0,,0,0.3483651354745965,1.036573111507459,0,0,0,,
1315,2,CP,2014,42.64663358470291,1.30392689892879,53.177499814644,29.926524552400824,6.284570156004173,36.211094708405,14.963262276200412,3.1422850780020863,18.1055473542025,0,0,0,0,0,0,0,0,0,0,,,0,,0,,12.172510625984685,0.04392518772300571,11.16727496107524,0,0,0,,
1316,2,CP,2014,540.3440608040103,17.234138937391076,709.4777112670574,300.5227364456379,63.10977465358396,363.63251109922186,150.26136822281896,31.55488732679198,181.81625554961093,14.346725980391161,0.5470841809100684,18.21113931280484,5.512185877198608,1.1575590342117075,6.669744911410316,2.756092938599304,0.5787795171058537,3.334872455705158,25.445977208529122,,,7.587103896294208,,3.793551948147104,,66.4942882744711,10.089169485353167,148.99031936608205,4.755857037287777,1.0597651421554692,2.868254441766762,,
1318,2,CP,2014,117.93824155449875,2.714916837452706,156.21153834265348,58.621760626216556,12.310569731505476,70.93233035772204,29.310880313108278,6.155284865752738,35.46616517886102,0,0,0,0,0,0,0,0,0,3.6965896896517396,,,2.006754280232342,,1.003377140116171,,47.20719871651074,1.2492363074602728,32.80442305195723,0,0,0,,
1319,2,CP,2014,111.295985600923,3.3302605619846144,140.63210293030073,75.90395668277571,15.939830903382898,91.84378758615861,37.95197834138786,7.969915451691449,45.921893793079306,0,0,0,0,0,0,0,0,0,5.615752693859918,,,1.4516861010241102,,0.7258430505120551,,8.180938525048113,2.6964237962600794,29.53274161536315,0,0,0,,
1320,2,CP,2014,16.437290745914055,0.7717362110439722,31.08963821463815,14.493251533505513,3.0435828220361576,17.536834355541668,7.246625766752756,1.5217914110180788,8.768417177770834,0.03929751681281367,0.030581924410205016,0.3582955990778664,0.09460750424950097,0.0198675758923952,0.11447508014189617,0.047303752124750485,0.0099337879461976,0.057237540070948084,0,,,0,,0,,1.530259613748306,4.934251853398439,6.5288240250740115,0,0.539079971185234,0.056431556854763955,,
1321,2,CP,2014,701.7275852850955,20.833377135164316,902.3971137812424,464.8580940163757,97.62019974343889,562.4782937598146,232.42904700818784,48.810099871719444,281.2391468799073,43.49743354962335,1.1037678521737408,53.09078671193457,22.397338243365812,4.70344103110682,27.100779274472636,11.198669121682906,2.35172051555341,13.550389637236318,26.937612702951498,,,12.245268379088554,,6.122634189544277,,197.20735437036404,5.012310140634547,189.50339389406088,8.203308218134348,0.12111633194029023,8.361798907129694,,
1322,2,CP,2014,222.64774905773731,6.2845202980540495,278.86962705545477,138.11432229236277,29.557395963330308,167.6717182556931,69.05716114618139,14.778697981665154,83.83585912784655,1.6878858024691359,0.17153538815520716,1.859421190624343,0.9549104043407448,0.2916441237503958,1.2465545280911405,0.4774552021703724,0.1458220618751979,0.6232772640455703,18.634843175119425,,,5.084755804474762,,2.542377902237381,,48.78780303934231,1.1339834279170942,59.50752932095844,0,0,0.42592157967710764,,
1323,2,CP,2014,0.07859503362562734,0.06461113250124055,0.5132425616352686,0.18069474090072354,0.03794589558915195,0.2186406364898755,0.09034737045036177,0.018972947794575975,0.10932031824493775,0,0,0,0,0,0,0,0,0,0,,,0,,0,,0,1.057607188801785,0.1077809379434064,0,0,0,,
1324,2,CP,2014,526.622483642437,14.843783323020734,671.3190548673464,346.17280284019216,72.69628859644035,418.8690914366325,173.08640142009608,36.34814429822018,209.43454571831626,9.344444444444445,1.7427850524004034,11.087229496844849,2.866076523817039,0.7519888954225994,3.6180654192396386,1.4330382619085196,0.3759944477112997,1.8090327096198193,116.83746123391298,,,34.60215083435507,,17.301075417177536,,96.50492318485462,6.803985422970437,140.97700152214273,0,0,2.181764877877033,,
1325,2,CP,2014,0.4569237817206468,0.03818148108826728,0.8912032479008313,0.39752566033983183,0.08348038867136467,0.4810060490111965,0.19876283016991592,0.04174019433568234,0.24050302450559824,0,0,0,0,0,0,0,0,0,0,,,0,,0,,0,0.4502717913167747,0.18715268205917454,0,0,0,,
1326,2,CP,2014,250.24885585612807,9.689135045662278,462.48699061638445,236.1935288666324,49.6006410619928,285.7941699286252,118.0967644333162,24.8003205309964,142.8970849643126,14.669186334021141,0.5144748956046049,27.261262389756308,8.934901252698632,1.879291869584739,10.81419312228337,4.467450626349316,0.9396459347923695,5.407096561141685,17.64917303404123,,,4.660242037902781,,2.3301210189513903,,36.92190650099837,18.271419907128315,97.12226802944073,1.688223023495541,1.0506948349486056,4.2989131866796875,,
1327,2,CP,2014,343.39292184608684,10.15385410569703,437.06487552565983,160.94613301361952,33.7986879328601,194.7448209464796,80.47306650680976,16.89934396643005,97.3724104732398,0.03929751681281367,0.028467217857698145,0.2701859657295779,0.10552665336729443,0.02216059720713183,0.12768725057442626,0.052763326683647215,0.011080298603565915,0.06384362528721313,104.55952191974312,,,36.038530178765775,,18.019265089382888,,40.30601429125756,3.948443614142838,91.78362386038857,0,0.3033568754261696,0.042554289602408514,,
1328,2,CP,2014,602.6505129321864,18.189396671616127,765.5050816845271,436.10751157738076,94.07922676072894,530.1867383381096,218.05375578869038,47.03961338036447,265.0933691690548,32.588363046867975,0.8894612551186647,39.74780523036116,16.843065782202334,3.5641782413248126,20.407244023527152,8.421532891101167,1.7820891206624063,10.203622011763576,57.48417180868296,,,24.368589686095838,,12.184294843047919,,166.56762966417278,3.3802213570552024,165.01908301643758,6.31664818612368,0.048940316403222675,6.3568060708491565,,
1329,2,CP,2014,363.513539831798,10.155495046816467,459.48150540091734,194.16299127485556,40.77422816771966,234.9372194425752,97.08149563742778,20.38711408385983,117.4686097212876,6.933028281978086,1.0312184628429302,8.404763900739123,2.810929164661629,0.6707381262422493,3.481667290903878,1.4054645823308145,0.33536906312112463,1.740833645451939,104.90926981937714,,,27.873964190832414,,13.936982095416207,,53.835325731559045,7.688230380091385,96.49111613419264,0,0.3714339771425172,1.6672746823814,,
1330,2,CP,2014,14.339046423821943,1.04532688541898,23.512334356140045,12.417804465520542,2.607738937759313,15.025543403279855,6.208902232760271,1.3038694688796566,7.512771701639927,0,0,0,0,0,0,0,0,0,0,,,0,,0,,0,3.0842058030289636,4.9375902147894095,0,0,0,,
1331,2,CP,2014,187.64982119253062,7.527766873874409,269.7860195691397,95.74409593394995,20.10626014612949,115.85035608007945,47.872047966974975,10.053130073064745,57.925178040039725,13.337385905996532,0.6190531153719174,18.56458007973733,5.020374382339445,1.0542786202912833,6.074653002630728,2.5101871911697224,0.5271393101456416,3.037326501315364,4.656411889046308,,,1.6393596375512542,,0.8196798187756271,,6.783931815416519,7.924190066406455,56.65506410951934,0,3.96696504478379,2.9945567704866627,,
1332,2,CP,2014,59.18902978520657,2.6277747233708215,93.19514941877783,63.81413618589544,13.400968599038043,77.21510478493349,31.90706809294772,6.7004842995190215,38.607552392466744,0,0,0,0,0,0,0,0,0,0,,,0,,0,,8.384489221790183,0.40306338251953366,19.570981377943344,0,0,0,,
1333,2,CP,2014,89.65962556299426,4.138447323718347,145.74115017646722,70.21956730341334,14.746109133716804,84.96567643713016,35.10978365170667,7.373054566858402,42.48283821856508,0,0,0,0,0,0,0,0,0,32.35217193510901,,,8.363117269656527,,4.181558634828264,,31.706577465220125,11.898239333475281,30.605641537058116,0,0,0,,
1334,2,CP,2014,0.03929751681281367,0.007716049382716051,0.6196974427169468,0.3487450669770242,0.07323646406517507,0.42198153104219926,0.1743725334885121,0.03661823203258754,0.21099076552109963,0,0,0,0,0,0,0,0,0,0,,,0,,0,,0,0.20595185116341921,0.13013646297055884,0,0,0,,
1337,2,CP,2014,207.7990240775924,7.8668658167202725,287.39830846510887,103.38117824785233,21.71004743204899,125.09122567990133,51.690589123926166,10.855023716024496,62.545612839950664,6.046825771947664,0.2987157797423006,8.877255168694013,2.3440281104697642,0.4922459031986505,2.836274013668415,1.1720140552348821,0.24612295159932526,1.4181370068342074,7.292734926329929,,,2.422038165658189,,1.2110190828290945,,7.288123251075843,6.253455226981299,60.35364477767286,0,2.0425022646440603,1.398167689069307,,
1338,2,CP,2014,431.9426356986012,13.251319367745074,625.6474230378778,357.91917187085636,75.16302609287983,433.0821979637362,178.95958593542818,37.581513046439916,216.5410989818681,0,0,0,0,0,0,0,0,0,20.385822631747963,,,7.24326604818361,,3.621633024091805,,105.07408321510627,8.992995673743913,131.38595883795435,0,0,0,,
1339,2,CP,2014,1.5941393930891972,0.0631149133729539,2.0977714623802584,1.1805558627816592,0.24791673118414848,1.4284725939658078,0.5902779313908296,0.12395836559207424,0.7142362969829039,0,0,0,0,0,0,0,0,0,0,,,0,,0,,0,0.3714339771425172,0.4405320070998542,0,0,0,,
1341,2,CP,2014,0.03929751681281367,0.024161173671079155,0.6107015360111959,0.3180292957482446,0.06678615210713137,0.384815447855376,0.1590146478741223,0.03339307605356569,0.192407723927688,0,0,0,0,0,0,0,0,0,0,,,0,,0,,0,0.13617381337401407,0.12824732256235113,0,0,0,,
1342,2,CP,2014,559.825220190964,17.63735470959636,733.8051263148903,417.77492572702096,87.7327344026744,505.50766012969535,208.88746286351048,43.8663672013372,252.75383006484768,0,0,0,0,0,0,0,0,0,32.490705506253384,,,10.2829630478327,,5.14148152391635,,120.79768316002789,5.071406254585713,154.09907652612696,0,0,0,,
1343,2,CP,2014,508.28169917364505,13.583502049662453,641.8462042795069,360.93861899193115,75.79710998830554,436.7357289802367,180.46930949596558,37.89855499415277,218.36786449011834,11.828948678860165,0.3351605665065737,15.173065049863746,6.962794860143975,1.4621869206302347,8.42498178077421,3.4813974300719877,0.7310934603151173,4.212490890387105,26.70901904765136,,,8.990155455689724,,4.495077727844862,,114.13298763267012,7.757398764435052,134.78770289869644,0.318940291064677,0.7359359202865384,2.38975774535354,,
1344,2,CP,2014,678.5824317937786,17.605146417660283,858.2768066674221,403.8604217401108,85.19508366702443,489.05550540713523,201.9302108700554,42.59754183351222,244.52775270356761,0,0,0,0,0,0,0,0,0,22.61974892124758,,,8.630190733444431,,4.315095366722216,,174.810888218166,4.27785416441153,180.89448205502143,0,0,0,,
1345,2,CP,2014,63.519291271200515,2.8916378260388464,91.19448973423556,37.86830368387423,7.952343773613588,45.820647457487816,18.934151841937116,3.976171886806794,22.910323728743908,0.43776041666666676,0.09828836420516635,0.5360487808718332,0.1415430093051473,0.04734055418204332,0.1888835634871906,0.07077150465257365,0.02367027709102166,0.0944417817435953,1.7099528490759612,,,0.45151090845590536,,0.22575545422795268,,0.7990360875420817,13.288411810170423,19.150842844189466,0,0,0.13446538165144709,,
1346,2,CP,2014,549.5898221239337,15.620921580561753,712.6192735525033,380.843228344571,79.9770779523599,460.8203062969309,190.4216141722855,39.98853897617995,230.41015314846544,2.6836863942923133,0.07156127165006926,3.250513767488493,1.583406549212164,0.3325153753345544,1.9159219245467185,0.791703274606082,0.1662576876672772,0.9579609622733593,87.19763338236197,,,43.61724647397351,,21.808623236986755,,126.89754807982496,7.110330200096812,149.6500474460257,0.03047574599118998,0.0966022465530478,0.5119559183794377,,
1347,2,CP,2014,549.8806011044646,15.232923318641722,692.9985460741082,388.4266327443223,84.64022247404378,473.0668552183661,194.21331637216116,42.32011123702189,236.53342760918304,27.8322145437225,0.69654716647082,33.167179363102164,13.990746148112562,2.938056691103638,16.9288028392162,6.995373074056281,1.469028345551819,8.4644014196081,32.91376292350173,,,13.84733895094103,,6.923669475470515,,116.10868565674551,2.6561186226131883,150.77277888808072,3.58190881550719,0.1324558952929853,5.223830749688591,,
1351,2,CP,2014,82.74516795497921,3.8049786385207494,120.69569077934527,48.530270821509966,10.191356872517092,58.721627694027056,24.265135410754983,5.095678436258546,29.360813847013528,0,0,0,0,0,0,0,0,0,0,,,0,,0,,2.647990675181192,12.85266643767206,25.346095063662506,0,0,0,,
1352,2,CP,2014,346.66906644629296,10.60863926371768,462.1749446060771,192.77106618502228,40.481923898854674,233.25299008387694,96.38553309251114,20.240961949427337,116.62649504193847,51.06328271319847,1.5091498844507807,64.03564361410079,21.23937917628193,4.56161682591878,25.80099600220071,10.619689588140965,2.28080841295939,12.900498001100354,23.517058595772166,,,8.03737986308478,,4.01868993154239,,33.47544421272655,19.80318323460054,97.05673836727618,8.56055186709449,0.4893327089228697,13.127194018202502,,
1353,2,CP,2014,640.9969084542033,17.892477668528887,800.9660134440207,440.4178928334272,93.172058380813,533.5899512142402,220.2089464167136,46.5860291904065,266.7949756071201,1.6160799442616391,0.08607255391138988,3.836049987986775,1.7470525870120148,0.3713349231588561,2.118387510170871,0.8735262935060074,0.18566746157942804,1.0591937550854356,18.089550831824827,,,7.396822023814645,,3.6984110119073224,,122.44565547411835,6.126174261205373,169.3713030589407,0,0.7925398163579386,0.6928639360397919,,
1355,2,CP,2014,2.279845893543139,0.23447935948130866,4.906052603244478,1.727249394835971,0.3627223729155539,2.089971767751525,0.8636246974179855,0.18136118645777696,1.0449858838757624,0,0,0,0,0,0,0,0,0,0,,,0,,0,,0,2.9988700843464695,1.0302710466813405,0,0,0,,
1356,2,CP,2014,428.2771562251519,13.3890524742766,559.5228691217562,285.0080738490506,59.85169550830063,344.8597693573513,142.5040369245253,29.925847754150315,172.42988467867565,4.272177189227982,0.1947972428617333,5.5358598440388596,1.9458773454607299,0.43222080964198795,2.378098155102718,0.9729386727303649,0.21611040482099397,1.189049077551359,3.564717047607141,,,1.1840664230727591,,0.5920332115363796,,58.40897879392406,7.667944083708201,117.4998025155688,0,0.23803939933973106,0.9866749852340111,,
1357,2,CP,2014,570.1962888820108,15.737533037460903,718.5110561926042,360.0185509702007,76.03018217304555,436.04873314324624,180.00927548510035,38.01509108652277,218.02436657162312,8.078839731495284,0.20264000659655249,9.499358354079176,4.007067041996529,0.8414840788192711,4.8485511208158005,2.0035335209982645,0.42074203940963556,2.4242755604079003,55.83973774451316,,,15.125531785479538,,7.562765892739769,,130.64691677123744,5.116797539148452,151.61520374975868,0.6607101595421456,0.07540106034906233,1.4961489407674702,,
1358,2,CP,2014,683.1972917546855,19.777098550237415,868.9876727488323,362.34304885401383,77.00068037140818,439.343729225422,181.17152442700691,38.50034018570409,219.671864612711,8.941969361388955,0.3980986786472222,14.693839316784665,5.934781883797766,1.2840569343394193,7.218838818137185,2.967390941898883,0.6420284671697096,3.6094194090685927,21.256400170460633,,,5.75184943659017,,2.875924718295085,,92.79874360987202,11.234776269808604,184.038909585596,0,3.482425069354125,2.499802507810281,,
1359,2,CP,2014,1.8884231420543256,0.044043598100271315,3.3312930337314217,1.8736303407925317,0.39346237156643166,2.2670927123589633,0.9368151703962658,0.19673118578321583,1.1335463561794816,0,0,0,0,0,0,0,0,0,0,,,0,,0,,1.2406947367219368,0.3714415194776172,0.6995715370835985,0,0,0,,
1360,2,CP,2014,63.76429414553664,3.6522950129732985,214.76610481403938,128.8525637698205,27.059038391662302,155.9116021614828,64.42628188491025,13.529519195831151,77.9558010807414,9.569119604902578,0.2610204837203868,12.10771936917165,6.813820924979117,1.4309023942456145,8.24472331922473,3.4069104624895585,0.7154511971228072,4.122361659612365,0,,,0,,0,,14.206663250521196,44.4717572112057,45.10088201094827,0.9326569895401929,0.5399198477363717,2.5426210675260466,,
1361,2,CP,2014,536.6048916113917,15.2481097175845,714.7985581538028,398.0519917166768,85.08856813151417,483.140559848191,199.0259958583384,42.54428406575708,241.5702799240955,15.958456365489464,0.40072326564499317,18.772031646932703,7.918512653166607,1.6628876571649873,9.581400310331592,3.9592563265833034,0.8314438285824937,4.790700155165796,58.72381197654317,,,19.43753383717998,,9.71876691858999,,140.96198597061655,6.938701144562817,152.66492664836343,1.3186009544356376,0.15182864627100728,2.9565949843919004,,
1362,2,CP,2014,341.7821385628006,10.951177982558168,444.7223502849621,235.4442343424261,52.89028252774061,288.33451687016674,117.72211717121306,26.445141263870305,144.16725843508337,61.03691471184313,3.5672569420626545,71.3542798102081,30.59633699875053,7.713720581478969,38.3100575802295,15.298168499375265,3.8568602907394847,19.15502879011475,66.90478867539312,,,29.005614214041152,,14.502807107020576,,132.77156441210894,1.4606053855893772,99.27741688127875,6.903147565498026,0.04790357301416804,13.43969917074926,,
1364,2,CP,2014,7.560299823880663,0.353295873098664,11.30542545572622,7.741239368900444,1.625660267469093,9.366899636369537,3.870619684450222,0.8128301337345465,4.683449818184768,0,0,0,0,0,0,0,0,0,0,,,0,,0,,0.42859675848521495,0.2847556510499726,2.374139345702506,0,0,0,,
1365,2,CP,2014,382.75874219749613,12.266315913721373,578.3475767381333,325.50208363701506,70.50695079115846,396.00903442817355,162.75104181850753,35.25347539557923,198.00451721408677,18.483242088836775,0.7538326966369053,24.794433805611042,9.510588845938628,2.372716162877628,11.883305008816256,4.755294422969314,1.186358081438814,5.941652504408128,5.8966316952795035,,,1.9117332300914311,,0.9558666150457156,,75.11359259641831,16.394538799861,125.12668886215549,0.6225569011303287,1.1424322406248455,4.616094845615087,,
1366,2,CP,2014,100.2409733251837,4.016865438767986,175.54015609558505,90.94976396063012,19.099450431732325,110.04921439236246,45.47488198031506,9.549725215866163,55.02460719618123,0.4183236089016073,0.07546169942804667,1.2653843919317436,0.49016051359097623,0.102933707854105,0.5930942214450812,0.24508025679548812,0.0514668539270525,0.2965471107225406,0.9999547884396534,,,0.26403680966244225,,0.13201840483122113,,9.92252523680118,16.598117187429665,36.86343278007286,1.5631761114111173,0.9004182065135733,0.23790272024924203,,
1367,2,CP,2014,162.46699701520595,5.607138942084107,234.69291482360157,109.4131511548949,22.97676174252793,132.38991289742282,54.70657557744745,11.488380871263965,66.19495644871141,0.117892550438441,0.05993862622462048,0.9518167304043973,0.37158855011555925,0.07803359552426745,0.4496221456398267,0.18579427505777962,0.03901679776213372,0.22481107281991336,0,,,0,,0,,27.09171111346035,22.286243458909684,49.28551211295632,0,1.1957057439910366,0.16214135098717705,,
1368,2,CP,2014,2.359461803406474,0.10036482623662345,3.1779054985242383,1.417520621445271,0.2976793305035069,1.715199951948778,0.7087603107226355,0.14883966525175346,0.857599975974389,0,0,0,0,0,0,0,0,0,0,,,0,,0,,0,0.38054208078586954,0.66736015469009,0,0,0,,
1369,2,CP,2014,380.21182416891935,12.964543874289495,490.82755932295987,183.88883061753933,38.61665442968326,222.5054850472226,91.94441530876966,19.30832721484163,111.2527425236113,3.94635435730228,0.22403915659807686,5.31856201211018,1.4766039026156095,0.34899315845829504,1.8255970610739045,0.7383019513078047,0.17449657922914752,0.9127985305369523,3.8008361773769317,,,1.045920314556768,,0.522960157278384,,21.092335661726473,18.18166283786213,103.07378745782157,0,0.8479790848826916,0.9876486077299412,,
1372,2,CP,2014,410.8625717514413,13.950344255976534,517.0757527674591,183.3539841351179,38.50433666837476,221.8583208034927,91.67699206755896,19.25216833418738,110.92916040174634,12.855292708221283,0.8956464404704358,17.070818176571724,5.239293243914752,1.146062937803899,6.385356181718651,2.619646621957376,0.5730314689019494,3.1926780908593253,2.423291198641358,,,0.6624196496924899,,0.33120982484624495,,25.250809355452475,18.557367445280782,108.5859080811664,0.2082308836484138,3.2615540797440863,3.0564671208699843,,
1373,2,CP,2014,73.12976870400553,3.9804347183112494,109.253990706656,38.46450590576406,8.077546240210452,46.54205214597451,19.23225295288203,4.038773120105226,23.271026072987254,3.0740210424373826,0.8202095175748346,12.413377231275167,3.452845062041409,0.7250974630286958,4.1779425250701046,1.7264225310207044,0.3625487315143479,2.0889712625350523,0,,,0,,0,,0,31.75476620366832,22.94333804839776,0,13.239642419300885,2.0595556766344836,,
111000,2,CA,2014,477.6219355382758,14.053238081794941,609.8539553762569,333.1849894369373,71.56199729155851,404.7469867284958,166.59249471846866,35.780998645779256,202.3734933642479,15.705465746333237,0.4600929782219221,18.76194153998231,7.992539167885956,1.7660573453213853,9.75859651320734,3.996269583942978,0.8830286726606926,4.87929825660367,47.051573469387755,,,19.769409710277344,,9.884704855138672,,130.23583541741417,5.282204351481152,130.78962520611972,2.8644984526384905,0.3723408938185143,3.179955877778013,,
171100,2,CA,2014,233.50364864005016,11.388995932266232,356.0497271353989,157.4134965716807,33.056834280052946,190.47033085173365,78.70674828584035,16.528417140026473,95.23516542586682,57.462570911194206,2.4970911201932013,60.77944626758548,16.34501779329059,5.4272705864289446,21.772288379719534,8.172508896645295,2.7136352932144723,10.886144189859767,69.016206,,,17.664940012014522,,8.832470006007261,,29.98573734528071,6.128747407381717,74.77044269843377,0.04291547137938473,0.18052622063565044,15.222944071199812,,
171200,2,CA,2014,164.4751223145796,7.2792188098426385,235.5594868088124,129.5268159663187,27.20932369038617,156.7361396567049,64.76340798315935,13.604661845193085,78.36806982835245,37.20869758091697,1.3430335061876102,46.26683348229213,12.77091304325723,3.134784411501884,15.905697454759116,6.385456521628615,1.567392205750942,7.952848727379558,53.340594,,,13.43845375817036,,6.71922687908518,,44.33812649256108,11.5934144955487,49.48233435126311,7.284173939145771,1.07097527334514,8.618111944756622,,
901,2,CP,2015,342.9074382585375,9.872137724503185,449.6886482122002,254.75689858206084,53.498948702232774,308.2558472842936,127.37844929103042,26.749474351116387,154.1279236421468,7.330158358131813,0.324126407141721,9.00430851489122,2.8807250228408443,0.5852410744658285,3.465966097306673,1.4403625114204222,0.29262053723291426,1.7329830486533364,13.737694698077824,,,5.163556809347952,,2.581778404673976,,63.33937400645719,6.453747786256142,94.43461612456203,0,0.7904529057381559,1.4068756027167135,,
902,2,CP,2015,242.997144056574,8.023714172091307,326.6410475569626,185.25872986631109,38.904333271925324,224.16306313823642,92.62936493315554,19.452166635962662,112.08153156911821,5.230183631557865,0.41323658169767585,7.040099229660021,3.1972921625015784,0.7620663007025438,3.959358463204122,1.5986460812507892,0.3810331503512719,1.979679231602061,68.43539748211461,,,28.916807312590098,,14.458403656295049,,65.73920048516825,9.310387204041774,68.59461998696214,0.0898223321894884,0.8854330174684764,1.310951144302916,,
903,2,CP,2015,554.4494266100482,15.777736533578889,721.7175567984177,397.8907524293896,84.87397599353854,482.7647284229281,198.9453762146948,42.43698799676927,241.38236421146405,5.127569299458771,0.2470293920513657,7.575100032430252,3.0969511047092584,0.6503597319889443,3.747310836698203,1.5484755523546292,0.32517986599447213,1.8736554183491014,7.127537990028062,,,3.028418324722725,,1.5142091623613625,,160.02196952476666,2.9980924918270175,153.80931759704634,0.276624507661497,1.1987109537074783,1.2376118399412601,,
904,2,CP,2015,275.07258831197134,9.430870049976052,374.18771102786144,217.2958824380357,50.94690660308441,268.2427890411201,108.64794121901785,25.473453301542204,134.12139452056005,0.9944695216049384,0.043510609419151684,1.0379801310240901,0.6078964943143425,0.18461001843843364,0.7925065127527761,0.3039482471571712,0.09230500921921682,0.39625325637638803,3.2051349443906925,,,1.450744264965825,,0.7253721324829125,,116.89452797661521,2.6899757106379014,87.65436390377478,0,0,0.3152206550281532,,
905,2,CP,2015,447.15479859614675,15.492289271306586,602.1268999588052,351.55236516129656,83.59289664518126,435.1452618064778,175.77618258064828,41.79644832259063,217.5726309032389,0,0,0,0,0,0,0,0,0,10.304879765652892,,,4.081783563694573,,2.0408917818472867,,175.2790468872247,2.3694202429353024,143.12358033798128,0,0,0,,
906,2,CP,2015,276.0740771957695,8.114223058640368,359.91005494409126,201.84642922103868,42.41929695303207,244.26572617407075,100.92321461051934,21.209648476516033,122.13286308703537,2.8828335157276137,0.1424344636177755,3.934749121130377,1.6321301227560534,0.3427473257787712,1.9748774485348246,0.8160650613780267,0.1713736628893856,0.9874387242674123,11.845224532164751,,,5.497535347400153,,2.7487676737000766,,81.5795865712037,4.89223397248423,75.63497756503938,0.48353596527720777,0.6962089914487275,0.6197229865780343,,
907,2,CP,2015,571.0898171358753,16.51726210807555,741.4381278928918,407.7495691031173,85.62740951165463,493.376978614772,203.87478455155866,42.81370475582732,246.688489307386,2.1939065192869895,0.06548995980920735,6.935589282513817,2.9500151424720156,0.6195031799191233,3.569518322391139,1.4750075712360078,0.30975158995956165,1.7847591611955695,13.343570077582914,,,5.704448295424948,,2.852224147712474,,195.5712804525359,5.476367041235442,155.70200685750726,1.4299276873115374,0.6513892389487701,1.1058770998061769,,
908,2,CP,2015,691.8358021571893,18.450089438510872,889.9235268150156,456.43979665965554,95.85235729852765,552.2921539581832,228.21989832982777,47.926178649263825,276.1460769790916,1.0802469135802468,0.06451577297065547,1.1447626865509024,0.44101697871514467,0.1200989929252053,0.56111597164035,0.22050848935757233,0.06004949646260265,0.280557985820175,5.280977148131559,,,1.7599268462612412,,0.8799634231306206,,230.02161996314265,2.5588846560578924,186.88394063115328,0,0,0.2338087632028303,,
909,2,CP,2015,788.1068674868764,9.982326621428536,866.6425749653303,362.4376430011003,58.45361384143225,420.8912568425326,181.21882150055015,29.226806920716125,210.4456284212663,5.224350313797254,0.06528784016925285,5.531140639524713,1.7240689079193339,0.27585102526709343,1.9999199331864272,0.8620344539596669,0.13792551263354672,0.9999599665932136,0.24676875682606345,,,0.07691837340919272,,0.03845918670459636,,33.90848824755843,9.055623893161343,139.50657576048738,0.22267932761561005,0.09697186742158956,0.6637368767429656,,
910,2,CP,2015,423.9914916587002,14.747984095545625,554.2462159083485,288.6166022917173,64.56924684491499,353.18584913663227,144.30830114585865,32.28462342245749,176.59292456831614,9.720196546613934,0.37023377338056124,12.68810326717103,5.618458272913428,1.17987623731182,6.798334510225248,2.809229136456714,0.58993811865591,3.399167255112624,5.5807779038965135,,,2.0899394908352007,,1.0449697454176003,,92.2712118589212,9.561169702865456,123.15297575361495,4.97934145701617,1.8694026773415502,2.4774304567596483,,
911,2,CP,2015,400.85732419808744,12.980266383319124,529.326317403735,306.09834192318453,70.62718311745832,376.7255250406429,153.04917096159227,35.31359155872916,188.36276252032144,0.462962962962963,0.01951531629821108,0.48247827926117415,0.1884417571259102,0.06274032017742659,0.2511820773033368,0.0942208785629551,0.031370160088713295,0.1255910386516684,3.5715056936365546,,,1.6141395332143458,,0.8070697666071729,,104.93088873419141,0.8208787520625848,121.99519616356055,0,0,0.12047824025783997,,
912,2,CP,2015,343.23493035767564,9.842995664009702,423.4587921234007,238.16735212544728,50.015143946343926,288.1824960717912,119.08367606272364,25.007571973171963,144.0912480358956,3.3384167591613902,0.12087175127006156,4.177877048317999,1.7623330757534723,0.3700899459082292,2.1324230216617015,0.8811665378767362,0.1850449729541146,1.0662115108308508,21.78949063478486,,,9.335829612330226,,4.667914806165113,,58.83117272047191,4.084528396386102,88.92634634591414,0.6040956743631184,0.36846667251413634,0.658015635110085,,
913,2,CP,2015,603.8781649325182,16.493937331612987,780.0001894014783,399.88641680649766,83.9761475293645,483.8625643358621,199.94320840324883,41.98807376468225,241.93128216793104,0.3044357166498034,0.07899378528585588,1.7554926042655283,0.6832806888847814,0.1434889446658041,0.8267696335505855,0.3416403444423907,0.07174447233290206,0.41338481677529276,2.051124065665606,,,0.7579057274709351,,0.37895286373546755,,162.27134889757528,4.436660807747668,163.80003977431045,0,1.013686617393346,0.2764900851718207,,
914,2,CP,2015,502.4350101564968,17.25820910284044,683.9716324940576,397.621670849309,93.28658893654833,490.9082597858573,198.8108354246545,46.64329446827416,245.45412989292865,1.2347701452982962,0.11052989538148406,2.2009123557597734,0.9667286964631954,0.2320148871511669,1.1987435836143623,0.4833643482315977,0.11600744357558344,0.5993717918071811,7.3480560056231665,,,3.2015299862938473,,1.6007649931469237,,248.82835678109765,3.220983102110125,160.34365237217932,2.8650223251789515,0.70855427115767,0.3961642240367592,,
915,2,CP,2015,497.750425449138,15.843232678299028,667.2759122517057,376.2352443853987,86.57129094658173,462.8065353319804,188.11762219269934,43.28564547329086,231.4032676659902,1.4471694228078176,0.055241465165837986,1.8795780700907891,1.1007811088551465,0.26418746612523514,1.3649685749803815,0.5503905544275732,0.13209373306261757,0.6824842874901907,2.8846342216445873,,,1.2055383872010619,,0.6027691936005309,,176.76028852163154,1.5225658578929178,152.0989638656975,0.15217590639694697,0.092664621147214,0.45109873682178936,,
916,2,CP,2015,377.4054958848645,6.075414161186117,419.77658353929036,177.39911127114195,28.48701426667575,205.8861255378177,88.69955563557097,14.243507133337875,102.94306276890885,0,0,0,0,0,0,0,0,0,0,,,0,,0,,12.638491937993381,5.428342130153514,67.35740450045759,0,0,0,,
917,2,CP,2015,119.76523657132734,5.077736152567236,163.0683477129954,82.82743021014313,17.02285952245241,99.85028973259554,41.41371510507157,8.511429761226205,49.92514486629777,0,0,0,0,0,0,0,0,0,7.231705882719629,,,2.2807099421159243,,1.1403549710579621,,9.716426431121674,21.532760207320862,32.83456680199734,0,0,0,,
918,2,CP,2015,375.5365561197142,11.490632419027612,494.44331889853413,266.3287992879253,57.85253605363607,324.18133534156135,133.16439964396264,28.926268026818036,162.09066767078068,0,0,0,0,0,0,0,0,0,21.004984482271457,,,8.286430388493512,,4.143215194246756,,120.92971265975602,3.6557514211659012,107.11744316220567,0,0,0,,
919,2,CP,2015,370.4025675283728,10.46280078776906,463.72559092926605,260.81474315509524,54.77109606257,315.58583921766524,130.40737157754762,27.385548031285,157.79291960883262,2.8109086595938813,0.10304871886130837,3.4859830275110317,1.470474865547146,0.3087997217649007,1.7792745873120468,0.735237432773573,0.15439986088245036,0.8896372936560234,14.29808711220775,,,6.301329422626591,,3.1506647113132953,,73.93162926588519,2.4840555354920903,97.38237409514586,0.36486922203480227,0.277751379402247,0.5490423268329875,,
920,2,CP,2015,284.7000149225069,8.613272991978917,375.58213109091116,212.65459070414525,44.657464047870505,257.31205475201574,106.32729535207262,22.328732023935252,128.65602737600787,18.6438710802913,0.5972530769518142,28.564531658170203,13.927383872745999,2.9247506132766596,16.852134486022656,6.963691936372999,1.4623753066383298,8.426067243011328,6.7828299969252654,,,3.1797269151623726,,1.5898634575811863,,63.00086682732982,7.265830282906407,78.87224752909135,5.622488524967084,2.3278859374761045,5.232901293515456,,
921,2,CP,2015,338.49321172321146,10.266294165956445,432.87671543421504,245.7218387897421,53.30977031948749,299.0316091092296,122.86091939487105,26.654885159743746,149.5158045546148,0.7901047947401868,0.043075429986283734,1.1456829908569917,0.5032297726044133,0.12077514542505918,0.6240049180294724,0.25161488630220663,0.06038757271252959,0.3120024590147362,2.7234554564368323,,,1.1747792441973293,,0.5873896220986646,,125.09425582133827,8.41187408031147,93.82082591392432,0.5588351408257604,0.18819774614378404,0.20622293835425848,,
922,2,CP,2015,205.72165315351396,5.722369711517951,270.97989903706394,144.32808431038134,30.387531143303864,174.71561545368522,72.16404215519067,15.193765571651932,87.35780772684261,3.938200152337057,0.22039854657726507,6.247683858342284,2.5959675295465487,0.5451531812047751,3.1411207107513235,1.2979837647732744,0.27257659060238754,1.5705603553756617,13.122128570342708,,,4.37802000913423,,2.189010004567115,,48.21134516815407,2.259796448590228,57.0400449881135,0,1.3560496569218403,1.0682436635845332,,
923,2,CP,2015,480.597655491823,10.333326819251319,573.6460146120154,280.03702881573525,56.10606197958,336.1430907953153,140.01851440786763,28.05303098979,168.07154539765764,4.264764991906836,0.0694297200191945,4.474293576932349,1.878454622669523,0.3569910813423504,2.235445704011873,0.93922731133476145,0.1784955406711752,1.1177228520059366,20.741298144457478,,,5.977732598880937,,2.9888662994404687,,53.50679366477571,5.210547023187979,111.20925034087773,0.40188933095532364,0.11577831152711682,0.7802293054135279,,
924,2,CP,2015,71.89374699025453,2.520195590312768,95.92933371002056,52.89442458190417,11.515422491153371,64.40984707305753,26.447212290952084,5.757711245576686,32.20492353652877,0,0,0,0,0,0,0,0,0,0,,,0,,0,,11.093958005735368,2.972321399504983,20.638152359556965,0,0,0,,
925,2,CP,2015,364.13769409061945,11.820408024504303,475.84916426941635,279.05087219470744,61.74494253174929,340.79581472645674,139.52543609735372,30.872471265874644,170.39790736322837,6.0331225983706736,0.21102083789038148,7.68833061510783,4.3735004825703685,1.0396605201264688,5.413161002696837,2.1867502412851842,0.5198302600632344,2.7065805013484185,1.9425744998494117,,,0.8354072984963733,,0.41770364924818665,,69.6729905202044,3.484166097357169,105.29713116722766,0.5982134775056004,0.16966673876087535,1.7801394608256245,,
926,2,CP,2015,502.2650663942211,14.996197228385336,654.8483792905561,358.0771681803705,75.1962053178778,433.2733734982483,179.03858409018525,37.5981026589389,216.63668674912415,9.632227576480817,0.543683088170145,14.19126408827297,6.298638394539953,1.3404684931912534,7.639106887731207,3.1493191972699766,0.6702342465956267,3.8195534438656034,4.474660873787045,,,1.615177401058068,,0.807588700529034,,156.5250884093122,9.664882348415718,137.51815965101676,2.397288222520308,2.4774126250404005,2.542300174340963,,
927,2,CP,2015,618.8323578969938,17.44706917265561,807.9369160285903,447.65140101457314,94.00679421306036,541.6581952276335,223.82570050728657,47.00339710653018,270.82909761381677,44.90594783141999,1.3681505510961538,58.341952841413374,30.49438083592429,6.4038199755441,36.898200811468385,15.247190417962145,3.20190998777205,18.449100405734193,1.3755604541365265,,,0.5009411665979827,,0.25047058329899136,,178.26287618761242,5.803774507118316,169.66675236600395,8.3993175061901,1.8098265841740637,11.557493970372105,,
928,2,CP,2015,329.4605300670866,9.31812681127261,429.90592572068834,232.36534086998222,48.796721582696264,281.16206245267847,116.18267043499111,24.398360791348132,140.58103122633923,3.3553047578603996,0.1700554976201247,4.855342899992004,1.9668625854886368,0.41304114295261374,2.3799037284412505,0.9834312927443184,0.20652057147630687,1.1899518642206253,22.008328681536216,,,8.369562253112125,,4.184781126556063,,119.66081183794857,4.428558052560843,90.28024440134456,0.24323418150962306,0.8983452713792855,0.7647165067487406,,
929,2,CP,2015,552.2451139003629,19.07728658098389,741.279313844723,430.99592112148076,101.15966417353923,532.15558529502,215.49796056074038,50.57983208676961,266.07779264751,0,0,0,0,0,0,0,0,0,135.71467184397545,,,61.20868639433679,,30.604343197168394,,191.82126978241763,1.6150859118845031,173.85436517620826,0,0,0,,
930,2,CP,2015,209.513751056364,7.057111640364321,280.1947735892212,162.07989602956664,37.51406564809852,199.59396167766516,81.03994801478332,18.75703282404926,99.79698083883258,0,0,0,0,0,0,0,0,0,23.991418921219637,,,8.910150348555163,,4.455075174277582,,58.36535326364117,3.1907029551803205,64.7783529075858,0,0,0,,
931,2,CP,2015,384.3176907860309,12.665535776417219,497.91801590815516,287.52830809349075,66.04273119478334,353.57103928827405,143.76415404674538,33.02136559739167,176.78551964413703,1.424298086249244,0.09816371895570467,2.0828689973111194,1.0845510924251214,0.2602922621820291,1.3448433546071505,0.5422755462125607,0.13014613109101456,0.6724216773035753,3.002546420841435,,,1.4679230054215608,,0.7339615027107804,,84.90760634264106,6.1436203359310015,114.23025460108742,2.196841846484791,0.49988417357278747,0.444447696164128,,
932,2,CP,2015,378.49550680491075,13.207970136379519,494.4457629016507,262.99030053052803,59.646006901526746,322.63630743205476,131.49515026526402,29.823003450763373,161.31815371602738,7.42226989345005,0.6015016331686052,13.771710026088414,5.619786564740409,1.2188360712101336,6.838622635950542,2.8098932823702043,0.6094180356050668,3.419311317975271,1.9658189810441908,,,0.8290073016505417,,0.41450365082527085,,82.22248048545197,9.038724031838871,111.37739721095961,25.189849725199316,7.019337494231224,2.5592358834965125,,
933,2,CP,2015,263.1047931223019,7.716355292946818,341.33687120030817,190.65714503658884,40.48247599580197,231.13962103239083,95.32857251829442,20.241237997900985,115.56981051619542,1.9295061733425678,0.13913545065418026,3.167333506398841,1.2149005860002844,0.2551291230600597,1.470029709060344,0.6074502930001422,0.12756456153002985,0.735014854530172,10.95256178900328,,,4.559741093284936,,2.279870546642468,,77.7753640157553,3.841706423329253,72.43968264263395,0.6019653922450452,0.8784874238351644,0.5408193252465373,,
934,2,CP,2015,447.34093754926687,12.816637943691447,575.3723189534444,311.3983466977415,65.39365280652571,376.7919995042672,155.69917334887074,32.696826403262854,188.3959997521336,34.276127468901066,0.9804805501444097,37.267154994399306,15.784006736425981,4.0027231388174265,19.78672987524341,7.892003368212991,2.0013615694087132,9.893364937621705,30.365043875573072,,,12.726125257579897,,6.363062628789948,,99.88943278505671,6.528145290352432,120.82818698022332,0,0.6602004002430406,7.17354407371111,,
935,2,CP,2015,418.7275284272879,12.113241683292175,541.7711752008992,288.6887173308955,60.62463063948804,349.3133479703835,144.34435866544774,30.31231531974402,174.65667398519176,3.709285120532335,0.11014174690601641,4.465142241448489,2.511344962697975,0.5273824421665747,3.0387274048645496,1.2556724813489875,0.26369122108328735,1.5193637024322748,10.643192087894406,,,4.284970689762657,,2.1424853448813286,,90.86332435381016,2.3381072702209584,113.77194679218883,0.2000916501953872,0.07957833517929763,0.9376798707041826,,
936,2,CP,2015,386.31945673336384,11.043712563159332,491.5680137899113,273.7979107060902,57.49756124827894,331.29547195436913,136.8989553530451,28.74878062413947,165.64773597718457,3.505910854039229,0.14589493488893499,4.416230115347963,1.8558946309636248,0.3897378725023612,2.2456325034659863,0.9279473154818124,0.1948689362511806,1.1228162517329932,5.657634022403174,,,2.1731462151569536,,1.0865731075784768,,73.64074850166159,6.7459327177108666,103.22928289588137,0.181938863788613,0.5367583335899959,0.6955562431673041,,
937,2,CP,2015,513.3445493435147,15.377199199459593,674.1086485003704,382.91311012388974,81.41815265004148,464.3312627739312,191.45655506194487,40.70907632502074,232.1656313869656,1.086313718505311,0.10712993359234305,2.6023498056618886,1.0373038506647592,0.22595677294709818,1.2632606236118573,0.5186519253323796,0.11297838647354909,0.6316303118059287,1.038761086292307,,,0.4103859254642891,,0.20519296273214455,,122.56921310313199,4.1068076977164765,143.2812381855006,0.2704504262636605,1.2009812909059434,0.42374001408212436,,
938,2,CP,2015,443.86304955775466,15.52797175542869,607.0475311208057,355.51939292559535,85.32465430214289,440.84404722773826,177.75969646279768,42.662327151071445,220.42202361386913,3.7344231194253186,0.16536181482729612,5.074032753521117,2.228718039037818,0.5348923293690763,2.7636103684068947,1.114359019518909,0.26744616468453813,1.3818051842034473,0.17507043740108488,,,0.07689793521085814,,0.03844896760542907,,150.4449269464442,1.9761237314938218,145.69140746899336,1.6668981631333624,0.4341482245306628,0.9133258956338008,,
939,2,CP,2015,476.0328828889519,14.088316401597911,638.8643192512511,367.5944768258722,78.06696796376933,445.6614447896415,183.7972384129361,39.033483981884665,222.83072239482075,3.699538566434993,0.23209977245265437,5.8893977329260805,2.9824821741913894,0.6641024932738314,3.646584667465221,1.4912410870956947,0.3320512466369157,1.8232923337326106,3.1518180384549073,,,1.351069789471037,,0.6755348947355185,,132.82052700467972,3.3748307444652985,135.65066081823096,5.055745607073481,0.6311650675662522,0.9827564441339641,,
940,2,CP,2015,344.36331369617335,10.368458316478145,449.6256351562337,247.3229388095434,51.93781715000411,299.2607559595475,123.6614694047717,25.968908575002054,149.63037797977375,6.203291488443764,0.14264453111268777,16.314543181240868,6.864706807137567,1.4415884294988892,8.306295236636457,3.4323534035687837,0.7207942147494446,4.153147618318228,2.026484522623972,,,0.8548218773361275,,0.42741093866806373,,87.19758481439587,13.466924839682743,94.42138338280908,4.0966679391496745,1.2593826745342733,2.5695405510454368,,
941,2,CP,2015,500.3898850743354,14.307164723007158,644.4885766347733,351.25341413281853,73.76321696789188,425.01663110071036,175.62670706640927,36.88160848394594,212.50831555035518,3.700829417008184,0.19924645111388567,5.674752918930104,2.0620309797811727,0.4330265057540463,2.4950574855352192,1.0310154898905863,0.21651325287702314,1.2475287427676096,1.2408780396398107,,,0.5183168890901316,,0.2591584445450658,,140.87102254012956,4.258166544206341,135.3426010933024,2.4078615689801808,1.0436869743179655,0.8937735847314915,,
942,2,CP,2015,356.9072456403332,11.43239824357366,467.24876200373996,256.64639894377495,53.89574377819274,310.5421427219677,128.32319947188748,26.94787188909637,155.27107136098385,5.382325498093351,0.23198906040882986,7.570340049585029,3.2161836518392533,0.6753985668862431,3.891582218725496,1.6080918259196266,0.33769928344312156,1.945791109362748,2.9555072932164967,,,1.2185456724671198,,0.6092728362335599,,100.29205912003704,7.0314843371427695,98.12224002078538,0,1.1105293266024427,1.310150964455004,,
943,2,CP,2015,393.85974139137113,11.024260605088852,516.1701338116097,268.4543335047876,56.3754100360054,324.829743540793,134.2271667523938,28.1877050180027,162.4148717703965,2.5296051049511354,0.07876862947625968,3.054233762142087,1.2883522223979695,0.27055396670357357,1.558906189101543,0.6441761111989848,0.13527698335178678,0.7794530945507715,22.86773590109484,,,8.213172360180772,,4.106586180090386,,87.58910509243034,4.673447305519574,108.39572810043803,0.11535891182179303,0.0845749716628684,0.4810418175373787,,
944,2,CP,2015,511.1043015470095,14.199795856798724,678.2672829588091,364.58734772599473,76.5633430224589,441.15069074845366,182.29367386299737,38.28167151122945,220.57534537422683,19.72337027025984,0.6245809518454899,24.902170375243898,10.344109128668688,2.1722629170204244,12.51637204568911,5.172054564334344,1.0861314585102122,6.258186022844555,2.08560763666885,,,0.7361222709526309,,0.36806113547631547,,158.5608502677592,5.962494979461119,142.4361294213499,2.595814112840219,1.1978645329234663,3.9220918341009132,,
945,2,CP,2015,432.87887087855887,14.568833386692754,558.41515452695,308.3355500472087,64.75046550991382,373.08601555712255,154.16777502360435,32.37523275495691,186.54300777856128,2.7567962882163184,0.2297617346815115,5.107291706956239,2.360768579067451,0.49576140160416465,2.8565299806716156,1.1803842895337255,0.24788070080208233,1.4282649903358078,0.6418659908620921,,,0.24623825772335478,,0.12311912886167739,,113.99169805520172,11.390594573153223,117.26718245065949,0,1.8130932102704231,0.9854349165336732,,
946,2,CP,2015,580.8694014565338,16.415428561761978,756.6194170270143,409.1453899280914,85.92053188489919,495.06592181299055,204.5726949640457,42.960265942449595,247.53296090649528,0.4489657639151704,0.016128943242663868,0.6031233720971113,0.23235177952573036,0.04879387370040336,0.2811456532261337,0.11617588976286518,0.02439693685020168,0.14057282661306686,17.85734180497791,,,7.528762802732542,,3.764381401366271,,147.31135542874713,3.436162684075112,158.890077575673,0,0.10691413841099351,0.09499193110529502,,
947,2,CP,2015,468.47234212089944,12.98733106003054,598.81437631456,324.0096813306523,68.04203307943698,392.05171441008923,162.00484066532616,34.02101653971849,196.02585720504462,6.837638552237956,0.37339337769007647,10.569438486002376,4.23109984264987,0.8885309669564728,5.119630809606344,2.115549921324935,0.4442654834782364,2.559815404803172,0.3200193281651481,,,0.12462059650276637,,0.062310298251383185,,93.40760242837182,4.30215934570534,125.7510190260576,0.20983090598815204,1.7900861021477574,1.8038169703232907,,
948,2,CP,2015,307.4819816644087,9.164207568956682,403.6778950528235,230.66004499964552,48.438609449925565,279.0986544495711,115.33002249982276,24.219304724962782,139.54932722478554,0.20668520860127898,0.06327922488687762,0.7227384111897481,0.34010307362060327,0.0714216454603267,0.4115247190809299,0.17005153681030163,0.03571082273016335,0.20576235954046496,1.745919901338889,,,0.820160048082188,,0.410080024041094,,82.18602625630238,3.851647335956055,84.77235796109294,0,0.7166352845876941,0.13825327853959624,,
949,2,CP,2015,289.19463433534594,8.166257143102106,382.35757582285106,205.7834237558419,43.2145189887268,248.99794274456872,102.89171187792095,21.6072594943634,124.49897137228436,0.8991035381754655,0.034614541527853496,1.5166901452923292,0.5843011074541296,0.12270323256536718,0.7070043400194966,0.2921505537270648,0.06135161628268359,0.3535021700097483,18.90925773502331,,,7.279190309323833,,3.6395951546619165,,71.5105052800165,5.283240856759234,80.29509092279872,0,0.4173095844103806,0.2388786978835418,,
950,2,CP,2015,388.39141030587723,10.919955315020946,495.7023661169902,270.6105763782055,56.828221039423156,327.4387974176287,135.30528818910275,28.414110519711578,163.71939870881434,28.41279076363635,0.796017257586265,36.179789611326186,15.210265011834785,3.1941556524853048,18.40442066432009,7.605132505917393,1.5970778262426524,9.202210332160044,23.5407844715479,,,9.740573181258453,,4.8702865906292265,,103.71226941947818,4.196776483763851,104.09749688456795,5.761927472722942,0.4558079789257944,5.698316863783873,,
951,2,CP,2015,271.1204037157981,7.705843172767465,359.8870442461581,195.58440821176507,41.072725724470665,236.65713393623574,97.79220410588253,20.536362862235332,118.32856696811787,3.948403956040088,0.18779370744215979,5.918585731839513,2.4907066561660836,0.5543564016094532,3.0450630577755367,1.2453533280830418,0.2771782008047266,1.5225315288877683,5.166817861790335,,,2.5626892973873985,,1.2813446486936992,,57.79455272348279,7.593411138674269,75.5762792916932,0.252819002264838,0.5003878535863387,1.034529432148312,,
952,2,CP,2015,682.2794590633619,18.752648891707498,887.0089069244171,465.6693632381801,97.79056628001781,563.4599295181979,232.83468161909005,48.89528314000891,281.72996475909895,2.5296051049511354,0.07876862947625968,3.054233762142087,1.2883522223979695,0.27055396670357357,1.558906189101543,0.6441761111989848,0.13527698335178678,0.7794530945507715,4.2951399926069085,,,1.6877658055925453,,0.8438829027962726,,152.78419421959168,2.6614899636612583,186.2718704541276,0.11535891182179303,0.0845749716628684,0.4810418175373787,,
953,2,CP,2015,294.29189116332043,8.031264440514583,423.59242562091464,229.17980213781166,48.12775844894045,277.3075605867521,114.58990106890583,24.063879224470224,138.65378029337606,13.5687133564942,0.29006802142425786,58.74692191614125,25.423280581500887,5.338888922115186,30.76216950361607,12.711640290750443,2.669444461057593,15.381084751808036,4.513575239810932,,,1.8170586649008449,,0.9085293324504224,,87.85000273128793,2.7908114212936024,88.95440938039208,8.159603301311703,1.930863701696517,9.492482634853728,,
954,2,CP,2015,339.9829591306728,10.347612749037678,432.4098752497673,246.80464019855185,54.621096111614996,301.4257363101669,123.40232009927593,27.310548055807498,150.71286815508344,2.229749152100961,0.13378806555406564,2.6788706229077763,1.1151850642400691,0.24401125341093455,1.3591963176510038,0.5575925321200346,0.12200562670546727,0.6795981588255019,24.355873916520874,,,10.145973504214226,,5.072986752107113,,57.933531007650245,2.830668762335639,95.57360716361441,0.09021464249229771,0.0886036399780589,0.4405202027144702,,
955,2,CP,2015,479.9363028409015,12.647599774937559,623.659377755555,303.25821891998123,63.684225973196064,366.9424448931773,151.62910945999062,31.842112986598032,183.47122244658865,0,0,0,0,0,0,0,0,0,16.154963552267617,,,5.936144448286532,,2.968072224143266,,129.80612940990088,4.815723966038513,130.96846932866654,0,0,0,,
956,2,CP,2015,517.9552925869165,13.927687207713259,672.3961509791362,339.4576907937585,71.28611506668928,410.74380586044776,169.72884539687925,35.64305753334464,205.37190293022388,1.1593237883963203,0.037260969646557604,1.4536868036630883,0.5600292267397066,0.11760613761533838,0.677635364355045,0.2800146133698533,0.05880306880766919,0.3388176821775225,1.1864804519916734,,,0.4659450193367631,,0.23297250966838154,,110.03754628458475,2.7082472723710045,141.2031917056186,0,0.10134859133718255,0.22895567157693641,,
957,2,CP,2015,282.7270750113773,8.041777991539774,361.4596489561258,197.01283062086404,41.37269443038144,238.38552505124548,98.50641531043202,20.68634721519072,119.19276252562274,2.18907173376727,0.06964822490105434,2.6485394891420158,1.1172202269651148,0.2346162476626741,1.3518364746277889,0.5586101134825574,0.11730812383133706,0.6759182373138944,10.815079426433655,,,4.548328991614034,,2.274164495807017,,49.312863105893776,4.9965464185407225,75.90652628078642,0.10055685337586849,0.086224643629178,0.4171449695398675,,
958,2,CP,2015,450.24909996888437,12.680178198678286,578.4712055582559,311.3810785451523,65.39002649448199,376.77110503963434,155.69053927257616,32.69501324724099,188.38555251981717,1.007403136204729,0.058746477805170866,1.6044467789642567,0.6216429198874042,0.13054501317635486,0.752187933063759,0.3108214599437021,0.06527250658817743,0.3760939665318795,15.176199949769275,,,6.2212713691661525,,3.1106356845830763,,75.97148456385291,7.230874381126047,121.47895316723373,0,0.35174818791421436,0.25270036768687043,,
959,2,CP,2015,331.0371687698347,10.842460849992408,442.227445173619,239.34354740642834,50.262144955349946,289.6056923617783,119.67177370321417,25.131072477674973,144.80284618088916,4.411146327305938,0.24798152888558278,6.937124531597633,3.085779851237359,0.6480137687598453,3.7337936199972037,1.5428899256186794,0.32400688437992264,1.8668968099986019,6.514123401338448,,,3.255607493422598,,1.627803746711299,,89.20876120979236,16.869228056206342,92.86776348645998,0.1930513045248164,1.0892613238444215,1.3965241479567911,,
960,2,CP,2015,631.0672455283244,17.524501136023332,817.8095680466253,433.84019973277634,91.10644194388303,524.9466416766594,216.92009986638817,45.553220971941514,262.4733208383297,2.398626632488862,0.18245139307663127,4.2962594557232645,1.971322272713932,0.4139776772699257,2.3852999499838576,0.985661136356966,0.20698883863496284,1.1926499749919288,19.959670535050613,,,8.310600485442876,,4.155300242721438,,106.83012789757143,7.734965640443607,171.7400092897913,0.0898223321894884,1.4941474341790801,0.7742813793989545,,
961,2,CP,2015,481.2740983067408,13.681725497688632,619.0951476856308,342.6042103348452,71.95063258445506,414.55484291930026,171.3021051674226,35.97531629222753,207.27742145965013,2.968385863544061,0.2029315531318707,5.820035819440078,2.1441931818729087,0.45028056819331075,2.594473750066219,1.0720965909364544,0.22514028409665537,1.2972368750331096,20.81975563677426,,,9.931232446902774,,4.965616223451387,,123.94460111821445,5.52807284638995,130.01638141180354,0.03047574599118998,1.5065048796158047,0.9349572250248486,,
962,2,CP,2015,426.8811692101431,11.82496487495734,538.8176699089533,297.41721265013604,62.45761465652856,359.8748273066646,148.70860632506802,31.22880732826428,179.9374136533323,0.9127595747311265,0.03388162682754025,1.1328618678577105,0.4778694817716761,0.100352591172052,0.5782220729437281,0.23893474088583805,0.050176295586026,0.28911103647186404,1.8121263927892768,,,0.7224529039707875,,0.36122645198539377,,73.83598374572108,4.805372508556826,113.1517106808802,0.1176603251424904,0.09288374561223205,0.17842574418758939,,
963,2,CP,2015,201.79588945575605,6.011090016955312,256.26662415991774,141.4734383848677,29.709422060822213,171.18286044568993,70.73671919243385,14.854711030411107,85.59143022284496,0.6988316515552649,0.07408550131860005,1.4858078680321711,0.8037127577031398,0.16877967911765934,0.9724924368207991,0.4018563788515699,0.08438983955882967,0.48624621841039956,26.492214647395066,,,11.055596664686838,,5.527798332343419,,37.50569456071512,4.996534574152764,53.81599107358272,0.1629966700753496,0.7902154969757921,0.3120196522867559,,
964,2,CP,2015,310.6253465979545,8.844123682682717,391.05639645493073,216.44431229871046,45.45330558272919,261.89761788143966,108.22215614935523,22.726652791364597,130.94880894071983,5.3326007497834915,0.1895878789180046,6.742666856303494,2.7314985620706267,0.5736146980348316,3.3051132601054585,1.3657492810353133,0.2868073490174158,1.6525566300527292,8.65073921483033,,,3.6080387749425324,,1.8040193874712662,,56.12008211279786,4.689433436165292,82.12184325553545,0.36650159326403753,0.702316178648667,1.0619700298678003,,
965,2,CP,2015,244.71443372981443,7.374536995545053,318.846416484969,176.7365896396704,37.11468382433078,213.85127346400117,88.3682948198352,18.55734191216539,106.92563673200058,6.46846370774812,0.36035408652268563,9.581502474019489,4.039286545078958,0.8482501744665811,4.887536719545539,2.019643272539479,0.42412508723329057,2.4437683597727693,15.758402485730313,,,6.4979970434776115,,3.2489985217388058,,63.48781988957095,7.312513701315282,66.9577474618435,0.12989305085337646,2.2676227834696463,1.6230137796673498,,
966,2,CP,2015,397.30772303683943,11.061583595743974,502.59691854470486,270.8894338140596,56.88678110095252,327.77621491501213,135.4447169070298,28.44339055047626,163.88810745750607,3.5366777820289643,0.12045595489661433,9.077811261667325,3.7542438324370226,0.7883912048117747,4.542635037248798,1.8771219162185113,0.39419560240588736,2.271317518624399,3.012262731873403,,,1.2044401880630478,,0.6022200940315239,,54.463275488252734,4.317913585647923,105.54535289438802,1.469625717375783,0.34533207363238255,1.4297552737126034,,
121000,2,CA,2015,445.8779500033804,12.325827274410756,572.5320807033372,301.40396790186725,63.301124822414714,364.70509272428194,150.70198395093362,31.650562411207357,182.35254636214097,9.3063446941244,0.3075472051515813,12.522691372532238,5.228639525356541,1.1008272589488868,6.329466784305428,2.6143197626782704,0.5504136294744434,3.164733392152714,14.493180612244897,,,6.041234817029769,,3.0206174085148847,,100.08537252634373,4.417016020929564,120.24318676571332,2.7204295855529335,0.5529847347870563,2.004838812962351,,
1003,2,CP,2016,293.9987065952598,10.178975095159158,372.62617590199324,198.047809279538,41.59003994870298,239.63784922824095,99.023904639769,20.79501997435149,119.81892461412048,15.551097907536136,0.8171422955949725,17.767523992649988,7.374958486592124,1.7211778624440757,9.0961363490362,3.687479243296062,0.8605889312220378,4.5480681745181,18.34084587663739,,,8.596835042571765,,4.298417521285883,,16.983261014267352,7.429887920437847,78.25149693941857,0.32794957616670256,0.9189075394353066,3.2465406294209895,,
1004,2,CP,2016,274.96290170911885,9.506459638214997,356.0785111149027,188.49006570647853,39.58291379836049,228.07297950483903,94.24503285323927,19.791456899180243,114.03648975241951,33.20092054888163,1.385487938650855,38.5935331155561,17.380106818911965,3.9665874830240604,21.346694301936026,8.690053409455983,1.9832937415120302,10.673347150968013,11.517385391129018,,,4.445816409908993,,2.2229082049544964,,25.62105164547846,8.498708134923273,74.77648733412957,0.4544743373488511,1.1066330153627693,7.303275224786974,,
1005,2,CP,2016,375.8507088614252,12.475409511465797,480.50017866724534,253.77108725659818,53.29192832388562,307.0630155804838,126.88554362829909,26.64596416194281,153.5315077902419,16.115739392820867,0.8947432828721628,17.11980463137466,6.684473938000354,1.7333182663112472,8.417792204311601,3.342236969000177,0.8666591331556236,4.2088961021558005,6.792322705086567,,,2.604457869897483,,1.3022289349487415,,45.48922099149656,5.553879580922898,100.90503752012151,0,0.16407258341248127,3.343094934171499,,
1008,2,CP,2016,308.05140720384566,9.46547605994379,396.45142229458315,210.7013477760931,44.247283032979546,254.9486308090726,105.35067388804654,22.123641516489773,127.4743154045363,9.48547653733359,0.6075692394647947,11.309845754607576,4.875963065251737,1.1345262030148215,6.010489268266559,2.4379815326258685,0.5672631015074108,3.0052446341332795,10.117274599314024,,,4.005026720989741,,2.0025133604948704,,67.61598708703848,2.4363549752111213,83.25479868186245,0.41472335767362395,0.5601802556382748,2.137279069473565,,
1009,2,CP,2016,393.61519634620004,12.637112739049911,502.3055334024841,268.8503827434941,56.45858037613375,325.30896311962783,134.42519137174705,28.229290188066877,162.65448155981392,7.92277213711631,0.367851360950032,9.165005277245971,3.6688439216777993,0.8473706377843702,4.51621455946217,1.8344219608388996,0.4236853188921851,2.258107279731085,35.690347443743974,,,13.97393748982509,,6.986968744912545,,63.430052205604994,3.8735151869976767,105.48416201452166,0.16943086820518616,0.24836613905235225,1.5891190597638047,,
1011,2,CP,2016,254.47442732180747,8.28087686341732,327.63137212336255,179.20864337482143,37.6338151087125,216.84245848353393,89.60432168741072,18.81690755435625,108.42122924176697,3.507358922006346,0.10847276619899629,16.908970371988264,7.132626790797373,1.4978516260674484,8.63047841686482,3.5663133953986863,0.7489258130337242,4.31523920843241,61.962853211415116,,,22.777698548720124,,11.388849274360062,,46.72584063915982,3.68694803052824,68.80258814590613,0.7646526498029436,0.18344191130428095,2.663162833588152,,
1018,2,CP,2016,314.08264658388134,11.117232933465724,404.7891014148996,214.8067594091479,45.10941947592106,259.916178885069,107.40337970457395,22.55470973796053,129.9580894425345,5.754035386804092,0.48144107670315384,6.91791469325143,2.9929065647955713,0.7027545517217738,3.6956611165173454,1.4964532823977856,0.3513772758608869,1.8478305582586727,16.405917887609412,,,7.232946413949184,,3.616473206974592,,23.038621110382994,7.961002899473583,85.00571129712891,0,0.4414902364428982,1.3678476185757649,,
1019,2,CP,2016,278.83339981972483,10.00755245877754,381.96294074645687,202.02439191632115,42.42512230242744,244.4495142187486,101.01219595816058,21.21256115121372,122.2247571093743,10.934877941108319,0.5548564635570954,12.970893370891028,5.732189916421173,1.3108421881364871,7.04303210455766,2.8660949582105864,0.6554210940682436,3.52151605227883,4.941371937586903,,,1.907877179974419,,0.9539385899872095,,17.29089291136235,10.038635474022517,80.21221755675593,0,0.7211396287522004,2.500487743930752,,
1022,2,CP,2016,490.5458947458896,16.238036179742203,631.5242033602717,343.77416249284175,72.19257412349677,415.9667366163385,171.88708124642088,36.096287061748384,207.98336830816925,4.158474268068668,0.35061750449471685,5.027917664359865,2.053515188664761,0.47401213302424094,2.5275273216890017,1.0267575943323806,0.23700606651212047,1.2637636608445009,5.030187469385208,,,1.9924824394379583,,0.9962412197189792,,61.611001007115526,4.2446551585053625,132.62008270565707,0.4973804443718887,0.24234629042825478,0.872886812725753,,
1023,2,CP,2016,233.33641526949387,8.230174338716198,298.48473192336434,158.94480778247856,33.3784096343205,192.32321741679905,79.47240389123928,16.68920481716025,96.16160870839953,9.868045036449175,0.4342171406575688,11.407391609760555,4.696686128449981,1.1438795443326497,5.840565672782631,2.3483430642249905,0.5719397721663249,2.9202828363913156,4.6007945064763,,,1.7462298415032043,,0.8731149207516021,,24.570902503489172,9.030657138884521,62.681793703906514,0.4800132453308647,0.2660586848090571,2.149047562294246,,
1024,2,CP,2016,266.24407271449707,9.079748716453539,340.9850901681471,179.48434444666358,37.69171233379935,217.17605678046294,89.74217222333179,18.845856166899676,108.58802839023147,11.523036912601494,0.428151875887052,15.304134081030211,6.37168228308138,1.3883716773502253,7.760053960431606,3.18584114154069,0.6941858386751126,3.880026980215803,13.595510387621541,,,4.927425756949324,,2.463712878474662,,35.91654839536025,7.210547295501386,71.60686893531089,0.5450163213535019,0.790911880800949,2.604288378213766,,
1026,2,CP,2016,374.8212438711939,11.29932166261942,492.71765332679723,254.8449987978601,53.517449747550614,308.3624485454107,127.42249939893004,26.758724873775307,154.18122427270535,8.378974320306561,0.35085193891324956,11.245488116225882,4.955910692574657,1.0696351917653044,6.025545884339961,2.4779553462873287,0.5348175958826522,3.0127729421699807,3.7845064872405345,,,1.0800516964802556,,0.5400258482401278,,92.60166223148094,3.102718784339911,103.47070719862741,0.9057443514809513,0.3218930419563575,1.9126877837285345,,
1027,2,CP,2016,313.0250679345317,10.103998108213215,408.8036508165375,225.0991820336425,47.270828227064925,272.37001026070743,112.54959101682125,23.635414113532462,136.18500513035372,12.697624405366051,0.4813392263816096,28.519592578918534,11.970958033628008,2.529601856716755,14.500559890344762,5.985479016814004,1.2648009283583774,7.250279945172381,4.125324419154032,,,1.5817825011788558,,0.7908912505894279,,55.82750074516773,6.558041904979797,85.84876667147287,1.549987170927038,0.960629466941774,4.6019718007188795,,
1028,2,CP,2016,416.4163401599679,13.094057976759878,536.8436179562251,289.4121114767925,60.77654341012643,350.1886548869189,144.70605573839626,30.388271705063215,175.09432744345946,17.689119446790237,0.7779557490833747,21.476851733515954,8.531852270090612,1.8793130705155865,10.4111653406062,4.265926135045306,0.9396565352577932,5.2055826703031,18.47685615422721,,,7.359386788526578,,3.679693394263289,,87.34863527545816,5.443770162617695,112.73715977080727,0.6640368354847399,0.6386644373798829,3.5485148769920793,,
1029,2,CP,2016,264.86382798892845,8.85543204337906,352.7270132028794,187.3566034213887,39.34488671849163,226.70149013988035,93.67830171069436,19.672443359245815,113.35074506994017,19.44376071756146,1.2341279378164272,22.28579927799554,9.246432261978603,2.2116622567012922,11.458094518679895,4.623216130989301,1.1058311283506461,5.729047259339947,18.67112421454169,,,7.351718094904297,,3.6758590474521484,,50.45422296372601,7.542986828273726,74.07267277260466,0.381419839571181,0.8920536251682827,4.289410215162298,,
1032,2,CP,2016,416.3029763365116,13.477485053961484,534.6638520950501,295.7980071555443,62.11758150266431,357.9155886582086,147.89900357777216,31.058790751332154,178.9577943291043,35.544644941701925,1.3998900369150362,39.83152367386741,16.965023744105135,4.022629088924394,20.98765283302953,8.482511872052568,2.011314544462197,10.493826416514764,10.224693575571514,,,3.984578242823034,,1.992289121411517,,62.45710388367888,5.685431866307203,112.27940893996052,0.7031172576526488,0.20059260326549272,7.4962566615032,,
1035,2,CP,2016,457.0822337115822,14.053067643030712,582.4986949391968,304.81849425548796,64.01188379365247,368.83037804914045,152.40924712774398,32.005941896826236,184.41518902457022,14.995965171963515,0.6503361315513942,19.190509632082488,8.030629975037202,1.7047808878678916,9.735410862905095,4.015314987518601,0.8523904439339458,4.867705431452547,5.4632869740798995,,,2.199503015953454,,1.099751507976727,,101.31093690023779,4.046114911883598,122.32472593723132,3.417175452572831,0.957890438162109,3.0643211853141983,,
1037,2,CP,2016,460.87880841869014,13.620561690900502,593.7311500586218,311.7735916214574,65.47245424050605,377.24604586196347,155.8867958107287,32.73622712025303,188.62302293098173,13.431457883825423,0.5817553939283616,16.954572772168245,6.8757325655753085,1.4609753122392684,8.336707877814577,3.4378662827876543,0.7304876561196342,4.168353938907289,27.200513483404382,,,11.002526111064771,,5.501263055532386,,128.9780213853732,3.3890239061418455,124.68354151231058,1.114031930209556,0.5805302694621737,2.702668976518479,,
1041,2,CP,2016,464.86954336173807,17.36396171073668,619.3098121283399,306.92283303752356,64.45379493787995,371.37662797540355,153.46141651876178,32.226897468939974,185.68831398770178,41.590784015223626,1.6038137649984698,51.85935089133059,24.280592068345378,5.197682789069864,29.478274857415244,12.140296034172689,2.598841394534932,14.739137428707622,10.053697504713583,,,3.8016567194178177,,1.9008283597089088,,107.91689585927746,5.218108714818112,130.05506054695135,3.6286664756649163,1.4991637846531776,9.794784300992667,,
1044,2,CP,2016,140.45638375044462,5.009594797131798,180.58595662568703,90.60353012832181,19.02674132694758,109.6302714552694,45.301765064160904,9.51337066347379,54.8151357276347,0.7822222222222222,0.10605429172410835,0.8882765139463306,0.3518507741858665,0.09627963696915398,0.4481304111550205,0.17592538709293326,0.04813981848457699,0.22406520557751025,51.12066675085915,,,23.638737328961277,,11.819368664480638,,11.021121533976455,3.766220327560124,37.923050891394276,0,0,0.18229945739539682,,
1046,2,CP,2016,368.7867803224375,12.536643346736673,475.030988009676,241.921178863612,50.80344756135852,292.7246264249705,120.960589431806,25.40172378067926,146.36231321248525,16.140561648278524,0.6668151623915105,28.487218722982227,12.51710014777052,2.665556893489309,15.18265704125983,6.25855007388526,1.3327784467446544,7.591328520629915,9.592770642413399,,,3.761226238470063,,1.8806131192350315,,67.58249913125088,4.216957657397282,99.75650748203195,1.7981525627752104,0.8785352533828062,4.9397940906405795,,
1051,2,CP,2016,406.6350908099215,15.778594503633697,538.7551184397724,266.31743461096204,55.92666126830202,322.2440958792641,133.15871730548102,27.96333063415101,161.12204793963204,16.9142454223158,0.8839440065477372,20.44749660692233,8.765043868801772,1.9871329349422557,10.752176803744028,4.382521934400886,0.9935664674711279,5.376088401872014,8.375115077358954,,,3.165288666712894,,1.582644333356447,,66.90849087947026,5.540226782354144,113.13857487235221,5.693047228112365,1.5277770778760147,3.875832495794174,,
1052,2,CP,2016,426.54728374200204,15.738071065511173,563.2936634033645,275.7464939924795,57.906763738420686,333.6532577309001,137.87324699623974,28.953381869210343,166.82662886545006,40.03079683054231,2.0368986952940444,47.02020673138853,19.963381689496877,4.607284585467381,24.57066627496426,9.981690844748439,2.3036422927336906,12.28533313748213,24.256811950188794,,,9.214943952947676,,4.607471976473838,,76.53271102118251,5.808251104843948,118.29166931470654,3.9747750852778876,1.2593393101677055,8.918938521192402,,
1053,2,CP,2016,386.0244169203806,11.94529626557628,510.0153009391434,273.6306573759797,57.46243804895574,331.0930954249354,136.81532868798985,28.73121902447787,165.5465477124677,42.7563126370542,1.5035849896096452,51.34267850319379,21.70857943076984,4.797687468204294,26.506266898974136,10.85428971538492,2.398843734102147,13.253133449487068,4.1414238258419065,,,1.6625329342243014,,0.8312664671121507,,85.3491206508429,3.268094967194531,107.1032131972201,2.9469720700129454,0.636197037210924,8.7052817150403,,
1058,2,CP,2016,503.89167558398526,15.316636125076581,657.0543721183969,342.6241393946864,71.95106927288414,414.5752086675705,171.3120696973432,35.97553463644207,207.28760433378525,30.65965031965593,1.1703695612272957,40.0414599898221,17.318037247300516,3.6462662525739282,20.964303499874447,8.659018623650258,1.8231331262869641,10.482151749937223,19.00099228637046,,,6.381335918179609,,3.1906679590898044,,140.51997235799925,5.598270668792321,137.98141814486334,3.1351779872462426,1.836699578980804,6.738869506052558,,
1059,2,CP,2016,298.94714719134345,9.45724338148084,381.4521350129575,209.15222706033515,43.92196768267038,253.07419474300553,104.57611353016758,21.96098384133519,126.53709737150277,22.505419202086365,1.2595592752266094,25.79149600757124,10.762879155005372,2.5051621561832147,13.268041311188586,5.381439577502686,1.2525810780916073,6.634020655594293,27.494377170329262,,,10.855622127905377,,5.427811063952689,,39.50110400957983,3.8479314594278398,80.10494835272108,0.5229686801846434,0.3726672464194618,4.73389633980736,,
1060,2,CP,2016,385.4812678957164,11.595106953138556,496.42984782636427,266.47894300179365,55.960578030376666,322.4395210321703,133.23947150089683,27.980289015188333,161.21976051608516,6.09850988268781,0.44971714345382663,6.775428883632149,2.711699581792276,0.6761005454846365,3.3878001272769125,1.355849790896138,0.33805027274231825,1.6939000636384562,29.886992334371367,,,11.850939582677377,,5.9254697913386885,,92.47124340901955,3.11304902031084,104.2502680435365,0.2347152049085034,0.1224818916764013,1.2690530839774161,,
1062,2,CP,2016,359.56772892377757,11.04035754017981,466.4072181765237,241.66538615375597,50.749731092288755,292.41511724604476,120.83269307687799,25.374865546144378,146.20755862302238,19.18373115972735,1.0544748146867813,24.1328857590488,10.426213520194349,2.295498142543718,12.721711662738068,5.213106760097174,1.147749071271859,6.360855831369034,19.481102624477987,,,7.77737075649568,,3.88868537824784,,88.49819543974169,3.250842860180859,97.94551581706997,0.23747140213844978,1.6406384247777517,4.347678190634139,,
1063,2,CP,2016,483.8501356800776,14.557742106974525,631.9641974911359,332.38094958494423,69.79999941283829,402.18094899778254,166.19047479247212,34.899999706419145,201.09047449889127,20.830918396852166,0.7036731243787693,26.51990246708058,11.36241068515504,2.3861062438825584,13.748516929037597,5.68120534257752,1.1930531219412792,6.874258464518799,21.60480959667203,,,9.0679957057298,,4.5339978528649,,125.53101546889212,3.141614173530498,132.71248147313852,2.842153005379059,0.5747755009731736,4.263624464620282,,
1065,2,CP,2016,318.4114177813483,9.981843166386795,405.7798492544516,225.54834175173298,47.36515176786393,272.9134935195969,112.77417087586649,23.682575883931964,136.45674675979845,5.426982872150476,0.25768285520066775,6.8400012829304035,3.3167632431948455,0.7262135274210718,4.042976770615917,1.6583816215974228,0.3631067637105359,2.0214883853079586,17.551111975462376,,,6.675928322081034,,3.337964161040517,,52.90845262668865,3.283034355255537,85.21376834343484,0.45860843190093753,0.24206756874071989,1.3641646129634022,,
1101,2,CP,2016,177.32763876665513,7.711976405091222,251.04877258446277,118.2255816441298,24.827372145267258,143.05295378939707,59.1127908220649,12.413686072633629,71.52647689469853,85.3446036769792,2.7307208252897843,104.3738781080705,32.69537973150543,7.820056401950631,40.51543613345606,16.347689865752717,3.9100282009753156,20.25771806672803,2.8685615372681466,,,0.8102889608325164,,0.4051444804162582,,21.486394407865955,9.149877318219563,52.72024224273718,8.622412515866838,0.4790153886168688,20.053418277480855,,
1102,2,CP,2016,174.22208004060994,7.189605276104069,248.9424631847352,138.64808409873459,29.116097660734262,167.76418175946884,69.32404204936729,14.558048830367131,83.88209087973442,15.907752042316693,0.67007592633936,21.452056397457135,8.900311172069935,1.9085902675846744,10.808901439654608,4.450155586034968,0.9542951337923372,5.404450719827304,15.974440584408756,,,6.325575293681287,,3.1627876468406435,,66.43069712606017,6.485069990570071,52.27791726879439,3.06020407467233,0.04088529407803061,3.467308856454123,,
1103,2,CP,2016,170.71064397637775,6.87220979089862,267.6786039053761,136.39693654141453,27.453808440550127,163.85074498196465,68.19846827070727,13.726904220275063,81.92537249098233,5.697822058059709,0.49043640673797084,6.886875305980514,2.759781639597702,0.6922218158419619,3.452003455439664,1.379890819798851,0.3461109079209809,1.726001727719832,7.445946120003886,,,2.9833319441695463,,1.4916659720847731,,35.603638660142046,9.445516089079954,53.39664147588543,0.2672532408141177,0.23481539646062455,1.3014550374204366,,
1104,2,CP,2016,348.41492942512775,9.344486503414068,419.4355466940625,189.19761570526734,32.98564273412442,222.18325843939178,94.59880785263367,16.49282136706221,111.09162921969589,12.889370831318073,0.6607015812284462,14.830995670534456,6.22447372379576,1.5500971832917065,7.774570907087466,3.11223686189788,0.7750485916458533,3.887285453543733,7.40547950206589,,,2.669896094945577,,1.3349480474727884,,10.188182373041972,10.35995739043684,72.11286161132692,0.14996191203118,0.12994857220584752,2.922164798697754,,
1105,2,CP,2016,247.77934808628635,10.115950985655177,351.8892830853977,193.24865689904885,40.582217948800256,233.83087484784912,96.62432844952443,20.291108974400128,116.91543742392456,41.237755838054504,1.6371587137299168,58.6404943016696,29.793442947719285,6.25662301902105,36.05006596674034,14.896721473859643,3.128311509510525,18.02503298337017,12.266415317364489,,,5.027635828586647,,2.5138179142933237,,77.48821367106402,10.965074369971491,73.89674944793352,7.967516629523696,3.5788568100638285,11.133981251235022,,
1106,2,CP,2016,356.9876087521011,8.932518575568299,425.91217294814857,185.50796799545694,30.978017462404097,216.48598545786103,92.75398399772847,15.489008731202048,108.24299272893052,4.9157201038572085,0.13723266696377154,6.012760477745588,2.082545248168052,0.3611310804422766,2.4436763286103282,1.041272624084026,0.1805655402211383,1.2218381643051641,9.284008873889618,,,2.829539721194162,,1.414769860597081,,25.170374062051263,15.333579042472943,70.55470517538451,3.267498700252313,0.3773243931247334,0.7666231644101966,,
1107,2,CP,2016,310.50660092772694,7.9193791486592104,371.8969444335694,162.96671299817555,27.5127068893383,190.47941988751384,81.48335649908778,13.75635344466915,95.23970994375692,2.701675454318065,0.10929335022111002,3.7043546005643617,1.4624295113218966,0.2751756091495165,1.7376051204714131,0.7312147556609483,0.13758780457475825,0.8688025602357066,1.6557517490118878,,,0.5368717791312009,,0.26843588956560044,,22.229944507067867,11.985315349188905,62.213916918083605,0.04915654772867409,0.5172875541624,0.5705272206433549,,
1108,2,CP,2016,406.24525524982937,18.762218719041346,585.3884065130857,263.32104006712996,55.29741841409729,318.6184584812272,131.66052003356498,27.648709207048643,159.3092292406136,28.546197846773378,1.8803973943466559,36.02758172784839,13.511385721761965,3.253780698329205,16.76516642009117,6.755692860880982,1.6268903491646025,8.382583210045585,4.914950252157809,,,1.7279529816210315,,0.8639764908105158,,23.399110213564498,8.512023425163191,122.931565367748,0.1968368698818245,1.3146230550562081,7.21981665583627,,
1109,2,CP,2016,371.97024067130087,8.609036605791605,461.94752120234597,205.97317637649925,35.202845729009645,241.17602210550893,102.98658818824963,17.601422864504823,120.58801105275447,0.22602591187454207,0.050722633187858565,0.7091701711384726,0.27816914204424603,0.06428400090212659,0.34245314294637264,0.13908457102212302,0.032142000451063295,0.17122657147318632,48.581172009051976,,,15.730688948602543,,7.8653444743012715,,73.02170536852267,13.397697671998207,77.94964314845343,0,0.36129650542526737,0.12280590300506652,,
1110,2,CP,2016,355.33013876011296,16.44622509787072,514.4316926464174,229.4648261220882,48.187613485638515,277.6524396077267,114.7324130610441,24.093806742819257,138.82621980386335,23.690830655450995,1.130871044080091,33.92830625216296,11.476523878391243,2.419508499395362,13.896032377786607,5.738261939195621,1.209754249697681,6.948016188893304,8.478900998187099,,,2.8237164640271573,,1.4118582320135786,,21.555832196318452,3.8888229124359484,108.03065545574766,0.9265207067554774,2.028134279711236,5.393877036984385,,
1111,2,CP,2016,248.70753989656234,11.004625223258067,357.0672626281794,172.80602653279124,36.289265571886155,209.09529210467738,86.40301326639562,18.144632785943077,104.54764605233869,4.95960921551002,0.43883114184978167,5.7188983777824305,2.462543106234641,0.6502836444398126,3.1128267506744534,1.2312715531173204,0.3251418222199063,1.5564133753372267,12.32576439213104,,,4.613888817246259,,2.3069444086231297,,32.296436006902404,4.6514348416084985,74.98412515191767,0,0.0779321861259137,1.2791072019276835,,
1112,2,CP,2016,125.79978405409591,5.590407920892495,208.26870490364522,114.18338161973034,23.97851014014337,138.1618917598737,57.09169080986517,11.989255070071685,69.08094587993685,0.6426263518572006,0.06117897548296421,0.9663821856412929,0.30220204309128773,0.1158216987286953,0.418023741819983,0.15110102154564387,0.05791084936434765,0.2090118709099915,0.47899743243138576,,,0.13225576134286227,,0.06612788067143113,,14.418344609663396,6.5135254117122345,43.7364280297655,0,0.06147536257880277,0.24529936897357224,,
1113,2,CP,2016,239.56204551088305,11.510650738448884,360.03942895391384,152.54969840394307,32.03543666482804,184.58513506877108,76.27484920197153,16.01771833241402,92.29256753438554,15.278890213270932,0.8353200392496903,22.287188696894724,9.476734174601592,2.01044226969187,11.48717644429346,4.738367087300796,1.005221134845935,5.74358822214673,1.830596225691299,,,0.5949605780534384,,0.2974802890267192,,3.8933445648361995,18.97851110541724,75.6082800803219,0.6133671543380681,1.415080255113734,4.510191903381442,,
1114,2,CP,2016,320.7644044060919,15.371161690598543,469.3747274192463,207.91314702575235,43.66176087540799,251.57490790116034,103.95657351287618,21.830880437703996,125.78745395058017,18.934233630485625,1.154878631519337,26.471552239865957,9.646619348568429,2.081904755051415,11.728524103619842,4.823309674284214,1.0409523775257075,5.864262051809921,3.226355603469612,,,1.0546274562479532,,0.5273137281239766,,17.19996426144027,11.238041552533979,98.56869275804172,0,2.4926751892380303,4.458176368118966,,
1115,2,CP,2016,481.9540450130367,22.417681076468522,699.0154574352568,311.7993364131241,65.47786064675606,377.2771970598801,155.89966820656204,32.73893032337803,188.63859852994005,80.1942390772397,5.920797079981509,107.75895071033288,36.04839776692311,8.290698608362657,44.339096375285756,18.024198883461555,4.1453493041813285,22.169548187642878,20.04170410139736,,,4.70635786207961,,2.353178931039805,,29.259709957879515,8.231693753777778,146.79324606140395,3.608571874292407,0.4760612389507342,18.371757119919288,,
1116,2,CP,2016,413.7017685925808,19.52231597755397,602.1908709611444,267.4272998106857,56.15973296024401,323.58703277092974,133.71364990534286,28.079866480122003,161.79351638546487,9.883053131090023,0.694187995112368,12.953624194183597,4.333521581958925,0.99397535882884,5.327496940787764,2.1667607909794624,0.49698767941442,2.663748470393882,3.9342315981980276,,,1.3266482832276527,,0.6633241416138264,,24.773485369389228,11.508000345812732,126.46008290184032,0,0.2870114706132457,2.22836952805609,,
1117,2,CP,2016,747.0808951196751,34.99783866500744,1089.6358034737952,488.0359500239391,102.48754950502722,590.5234995289663,244.01797501196955,51.24377475251361,295.26174976448317,30.181208137992993,2.537678963987621,38.06702010090334,14.024789820308829,3.3662202026435217,17.39101002295235,7.0123949101544145,1.6831101013217609,8.695505011476175,8.11311971169343,,,3.2713025957943986,,1.6356512978971993,,63.710800528455465,9.311591560347189,228.82351872949698,0.12190298396475992,0.9274511666179869,7.54664837278859,,
1118,2,CP,2016,305.4969817823864,13.169373303391088,433.27654615186765,203.58897453727772,42.75368465282832,246.34265919010602,101.79448726863886,21.37684232641416,123.17132959505301,9.566738169006443,1.1909394901539894,11.655672800429832,4.170091124245867,1.1285324522665503,5.2986235765124174,2.0850455621229336,0.5642662261332752,2.6493117882562087,4.3807299842252165,,,1.4866426815403968,,0.7433213407701984,,24.545729562411125,17.738046828632307,90.98807469189221,0,0.7766050192427132,2.530029850052082,,
1119,2,CP,2016,762.6707367144945,35.557283892126264,1108.2776084939183,495.0069469936633,103.95145886866929,598.9584058623326,247.50347349683165,51.975729434334646,299.4792029311663,33.42182521089141,1.8449072297988875,48.12493055006646,16.868333671309767,3.6451647835016052,20.513498454811373,8.434166835654883,1.8225823917508026,10.256749227405686,3.125243092710242,,,0.9580493571942654,,0.4790246785971327,,59.261177510398674,11.72906863947459,232.7382977837228,0.8410393568772878,4.075860498337245,8.06049498331352,,
1120,2,CP,2016,280.5237155479535,12.705257574213759,416.7975130974933,187.54195482329757,39.38381051289249,226.92576533619007,93.77097741164879,19.691905256446244,113.46288266809503,35.88424709737235,1.604737797823656,51.06661287539562,17.083888315397882,3.5876165462335545,20.671504861631433,8.541944157698941,1.7938082731167773,10.335752430815717,3.357157388181062,,,1.1231076166504765,,0.5615538083252383,,12.803063161376734,10.681497995350519,87.5274777504736,1.5280820731491156,0.6164858537021636,8.04299152787481,,
1121,2,CP,2016,321.21599424604625,13.696077862996484,459.4984600830744,222.71703726772577,46.770577826222414,269.4876150939482,111.35851863386289,23.385288913111207,134.7438075469741,41.23972162331344,1.7595501355250203,57.92789369267297,21.5497518786136,4.529982974521669,26.079734853135264,10.7748759393068,2.2649914872608345,13.039867426567632,10.890343995509395,,,4.547428358294364,,2.273714179147182,,82.96832593238491,10.565976999761917,96.49467661744562,3.9736157027435066,2.328667773041005,9.248083233862062,,
1122,2,CP,2016,414.75801747912936,19.009772464128947,597.4053290192835,266.5208730959407,55.96938335014754,322.4902564460882,133.26043654797036,27.98469167507377,161.2451282230441,23.31574721435458,1.6974397336790201,29.803639309986256,11.15250427712809,2.6254420192510395,13.77794629637913,5.576252138564045,1.3127210096255197,6.888973148189565,5.093655709864079,,,1.9550565916652356,,0.9775282958326178,,28.167539889593133,6.3138627837810635,125.45511909404954,0.44473660565889855,0.4453460244186238,5.885915522363065,,
1123,2,CP,2016,217.17723650942617,8.829686845537928,307.41213921780354,151.47588608719028,31.809936078309956,183.28582216550024,75.73794304359514,15.904968039154978,91.64291108275012,24.643427349667995,1.2840898886340242,28.838490534177563,11.156661336036704,2.7932254392506914,13.949886775287395,5.578330668018352,1.3966127196253457,6.974943387643697,34.05308635531802,,,12.874525837159206,,6.437262918579603,,44.96417883197252,4.481589515923136,64.55654923573874,0,1.4579496958998328,5.930187660348101,,
1124,2,CP,2016,220.22352397077162,9.412517574008456,306.4901308496227,154.21481358971414,32.38511085383997,186.5999244435541,77.10740679485707,16.192555426919984,93.29996222177705,85.39315950170999,3.7365497938001964,120.84472026340963,41.14597318314655,9.54555586493351,50.691529048080056,20.572986591573276,4.772777932466755,25.345764524040028,16.799452652376967,,,4.708990220239208,,2.354495110119604,,19.070024043652662,6.012505625058702,64.36292747842076,6.066736419625719,3.399809933515327,21.618285991578112,,
1125,2,CP,2016,245.77975466441822,11.861167769557348,370.8193242631755,159.96120092780436,33.59185219483891,193.55305312264326,79.98060046390218,16.795926097419454,96.77652656132163,11.389480456306682,0.6447127947280287,16.56960591290642,5.127409877199138,1.1602781562644984,6.2876880334636365,2.563704938599569,0.5801390781322492,3.1438440167318182,2.921514941173413,,,0.8360631303205804,,0.4180315651602902,,15.947584596432826,7.670193552142933,77.87205809526685,0.19975902188552042,0.49419025210759354,2.7932790026424335,,
1126,2,CP,2016,246.2379238974649,9.97025705527579,338.5798194192691,183.08894149850695,38.44867771468646,221.5376192131934,91.54447074925348,19.22433885734323,110.7688096065967,44.39564325723238,2.408398150122187,60.82226404652205,27.135326589529967,5.8852438130041484,33.02057040253411,13.567663294764984,2.9426219065020742,16.510285201267056,14.181412784790506,,,5.624464626175531,,2.8122323130877653,,37.10119852643407,6.394733669307124,71.1017620780465,4.564779446904535,3.942221165690955,11.327290689456914,,
1127,2,CP,2016,370.78978656802377,17.36450895387796,539.8381399146813,240.74502781002118,50.55645584010445,291.30148365012565,120.37251390501059,25.278227920052224,145.65074182506282,21.12781838520592,1.265355755313631,27.73579779343468,9.807338933749252,2.22356576241068,12.030904696159931,4.903669466874626,1.11178288120534,6.0154523480799655,3.454978731907358,,,1.009470249428782,,0.504735124714391,,23.744427916280348,3.650121848441282,113.36600938208308,0.09888458785697611,1.5130048838231498,4.956298705928924,,
1128,2,CP,2016,528.0906415840825,25.48571148439183,782.1788411200272,349.2188164989923,73.33595146478837,422.5547679637806,174.60940824949614,36.66797573239418,211.2773839818903,30.96875328626007,3.826350268980031,38.646438118993174,13.045361564231177,3.3374155812397435,16.38277714547092,6.5226807821155885,1.6687077906198717,8.19138857273546,7.172730134362798,,,2.378941522166891,,1.1894707610834454,,46.19787221779146,6.249364890809225,164.2575566352057,0.33328507400641716,0.7079617224027903,7.42709220788686,,
1129,2,CP,2016,269.9231600711645,11.029484059731134,378.1874166580049,205.15622510191275,43.08280727140167,248.23903237331442,102.57811255095638,21.541403635700835,124.11951618665721,14.931673114759082,1.4780971362206583,18.720338162460436,6.678368427407052,1.6829218943617978,8.36129032176885,3.339184213703526,0.8414609471808989,4.180645160884425,8.519957078877287,,,3.1757460859912117,,1.5878730429956058,,78.56820875599509,8.691669522706677,79.41935749818103,2.8990587449806737,0.9010799358568707,3.5373680640945793,,
1130,2,CP,2016,120.02322257234276,6.541572580559926,192.9576085920204,83.50313779745377,17.535658937465293,101.03879673491907,41.75156889872689,8.767829468732646,50.51939836745954,3.2385881168384074,0.15675539801386829,4.73777466628459,1.8431186762706573,0.38705492201683805,2.2301735982874957,0.9215593381353286,0.19352746100841903,1.1150867991437479,12.000371128541738,,,4.519519401079863,,2.2597597005399317,,13.940813567408599,10.47656302817593,40.52109780432428,0.12748766375604512,0.12003548561251698,0.7861795960426744,,
1131,2,CP,2016,248.1554011759209,12.11010821853392,380.39076499497116,159.0760400659843,33.405968413856705,192.482008479841,79.53802003299215,16.702984206928353,96.2410042399205,1.918007329812398,0.2168525294975789,2.72947553309605,0.902225339875635,0.22906741596727553,1.1312927558429107,0.4511126699378175,0.11453370798363777,0.5656463779214553,2.687262443452231,,,0.7865384309410892,,0.3932692154705446,,6.589885410760383,15.977230655207684,79.88206064894395,0,0.2759349953941607,0.6064109517983379,,
1132,2,CP,2016,236.62303310124145,5.975548285534487,307.6441611533694,141.1493263114726,24.913986674879407,166.063312986352,70.5746631557363,12.456993337439703,83.031656493176,0.9119119399804407,0.024300985821184496,1.038055428492307,0.3288909935082449,0.052622558961319184,0.3815135524695641,0.16444549675412246,0.026311279480659592,0.19075677623478204,12.590934211204702,,,3.8829713698663495,,1.9414856849331747,,19.582598096689633,9.803063319649306,53.41477126961006,0.014786293040654255,0.09458342628744727,0.12456665141907683,,
1133,2,CP,2016,377.98426095477333,14.853304779342542,523.2776829476114,293.14820704138464,61.56112347869077,354.70933052007535,146.57410352069232,30.780561739345384,177.35466526003768,10.643125257988677,0.5843742879484138,14.502163402339146,6.043234561067691,1.4067185486172031,7.449953109684894,3.0216172805338455,0.7033592743086016,3.724976554842447,15.362254043119542,,,5.958379100697081,,2.9791895503485404,,123.39322596644676,7.767528549550125,109.88831341899841,0.7315454083832684,0.8085113902651393,2.547417590050795,,
1134,2,CP,2016,289.4414748489127,8.063570692986437,361.51272647030936,170.38950095919688,30.909352503525234,201.29885346272212,85.19475047959844,15.454676251762617,100.64942673136106,8.081795429395493,0.38806064825961994,11.08957040459724,4.668488009862963,1.0957295441631918,5.764217554026155,2.3342440049314814,0.5478647720815959,2.8821087770130775,20.035524566878546,,,6.912574235120886,,3.456287117560443,,58.0847033662099,11.119740045629394,64.3837623292066,0.710112147413713,0.4755039550498701,1.9359331435764622,,
1135,2,CP,2016,77.24891750885725,3.649023773838387,111.08456350609778,52.93525233648832,11.116402990662547,64.05165532715087,26.46762616824416,5.558201495331273,32.025827663575434,37.3987322428231,1.5469767652559283,51.29252768232721,26.375749494821203,5.599087015166143,31.97483650998735,13.187874747410602,2.7995435075830715,15.987418254993676,34.55145746353813,,,15.141556630518586,,7.570778315259293,,35.1786421397192,5.750255549286881,23.32775833628053,7.374727940145362,1.2219491229964348,9.978468626981188,,
1136,2,CP,2016,127.91018508214651,5.362462501535628,179.92315693150238,97.64536160125394,20.164029528545154,117.8093911297991,48.82268080062697,10.082014764272577,58.90469556489955,16.15635135355725,0.7224050399443764,19.616179855806546,7.296433063264113,1.4785856207417003,8.775018684005813,3.6482165316320563,0.7392928103708502,4.3875093420029065,22.212548052033206,,,9.578905826446052,,4.789452913223026,,64.7511496639648,9.429599949031948,36.97548219989502,0.4822065942361333,0.583680015685735,2.90789855530016,,
1137,2,CP,2016,249.07774837485806,6.563971924896736,300.50971926722235,132.83732097987826,22.725890500343173,155.56321148022144,66.41866048993913,11.362945250171586,77.78160574011072,1.8710370777150143,0.1753281268876408,2.73793011343709,1.2110315695527158,0.2753375525805223,1.486369122133238,0.6055157847763579,0.13766877629026114,0.743184561066619,12.377745182495188,,,4.511203807740156,,2.255601903870078,,4.330907294220938,9.154700144690214,50.86888716809314,0,0.5952785109126255,0.521334396515089,,
1138,2,CP,2016,154.10979848899828,7.854582179481608,220.03048595389527,115.40191444455186,24.23440203335589,139.63631647790777,57.70095722227593,12.117201016677946,69.81815823895388,1.876756483942981,0.21013031321616,3.8244459930924237,1.1814608085686842,0.25445032154562164,1.4359111301143057,0.5907304042843421,0.12722516077281082,0.7179555650571529,0.587625593281206,,,0.15516180203314564,,0.07758090101657282,,3.8311931299075095,14.155560356199892,46.206402050318005,0,1.1911436001765425,0.6767633439694082,,
1139,2,CP,2016,189.40357429046855,7.758375435782181,261.7696352930965,144.27147301996746,30.297009334193163,174.5684823541606,72.13573650998373,15.148504667096581,87.2842411770803,10.758042588516194,0.516898335126295,15.851307525551798,6.547647214777342,1.488878490740278,8.03652570551762,3.273823607388671,0.744439245370139,4.01826285275881,10.940939548405892,,,4.206959288254962,,2.103479644127481,,28.990563517212678,6.084740862246492,54.97162341155026,5.715969339205032,0.9651110218262702,2.896961215620699,,
1140,2,CP,2016,165.1517788860099,5.214468625430839,231.94270161771226,109.81722481079338,20.153187302770988,129.97041211356438,54.90861240539669,10.076593651385494,64.98520605678219,17.052972843141198,0.2536823278343917,50.68174594934563,24.85902617155425,5.066253290034749,29.925279461588996,12.429513085777126,2.5331266450173744,14.962639730794498,4.607132802963039,,,1.4286626294344786,,0.7143313147172393,,50.67474616281917,16.86222246154457,41.82321331758749,1.7967477256652598,0.6902653507943225,9.494779770806645,,
1141,2,CP,2016,303.75956558971563,11.663852464777895,434.3059714534375,232.2104715245218,48.764199020149576,280.97467054467137,116.1052357622609,24.382099510074788,140.48733527233568,11.634323563874606,0.531158620783439,16.67053741284783,9.01278197762558,1.8996305558634794,10.91241253348906,4.50639098881279,0.9498152779317397,5.45620626674453,8.203248566503618,,,3.3998704929924144,,1.6999352464962072,,99.29523094562714,7.6329731369633,91.20425400522187,2.0097553363388903,0.879188934864102,3.3946024480122086,,
1142,2,CP,2016,264.77733711454437,11.531669838830602,376.9380020792557,181.04430173037903,38.01930336337959,219.0636050937586,90.52215086518952,19.009651681689796,109.5318025468793,3.287612684741304,0.241510668177448,4.577359394098517,1.6160655228687515,0.3612091615094864,1.9772746843782378,0.8080327614343757,0.1806045807547432,0.9886373421891189,4.2103850732208725,,,2.0146706115181923,,1.0073353057590961,,27.84261867193123,10.90252218660776,79.15698043664369,0.1176603251424904,0.6516683286283095,0.7698863681901921,,
1143,2,CP,2016,206.20245542612358,6.908494562215844,274.4543313255628,138.5308457678187,26.889762028364526,165.42060779618325,69.26542288390935,13.444881014182263,82.71030389809162,3.090491750687887,0.16326275030627183,4.730692873718677,1.921075121992262,0.403425775618375,2.324500897610637,0.960537560996131,0.2017128878091875,1.1622504488053185,0,,,0,,0,,55.848627291622755,10.950086251835158,52.423569961487566,0.3383438146260092,0.1950202595348552,0.7450841276106916,,
1144,2,CP,2016,339.7509898132845,8.097203982040732,400.5919323025209,173.07909591052692,28.6386575075912,201.71775341811812,86.53954795526346,14.3193287537956,100.85887670905906,5.8367445240091715,0.16615986396623436,7.569618434921372,3.1662249795031867,0.5259088120621113,3.692133791565298,1.5831124897515934,0.26295440603105563,1.846066895782649,6.056700305637297,,,1.9189670669088972,,0.9594835334544486,,19.01061618580452,10.63592350127655,65.87825565182443,0.08425751333194682,0.7739128194322643,1.2086665639400391,,
1145,2,CP,2016,175.51308153981367,6.4539442395234365,242.77432382140393,114.60296275411464,21.20001380903471,135.80297656314934,57.30148137705732,10.600006904517356,67.90148828157467,1.2172599562920567,0.23887749766050947,2.559147710189941,1.013691219962529,0.2314920643191043,1.2451832842816333,0.5068456099812645,0.11574603215955215,0.6225916421408166,2.732277748961309,,,0.8565912776662614,,0.4282956388331307,,5.453863591794017,21.406742867147933,44.1968527571116,0,1.712339419999127,0.4383157129085697,,
1146,2,CP,2016,256.90597435537313,8.228103666557454,323.5254033665157,151.06492387749316,27.76710898572029,178.83203286321344,75.53246193874658,13.883554492860146,89.41601643160672,1.6865390070453397,0.15471190112949382,1.9905600002622332,0.8665749430748098,0.22064478802746806,1.087219731102278,0.4332874715374049,0.11032239401373403,0.543609865551139,19.899044290987643,,,7.454750225313467,,3.7273751126567336,,5.839449368255239,9.866434287734418,58.574559195653386,0,0.08980940622291446,0.4177770752024806,,
1147,2,CP,2016,350.3891941128853,15.493778383724994,496.6788342821294,227.9718933805437,47.87409760991417,275.84599099045784,113.98594669027185,23.937048804957087,137.92299549522892,12.047054568889163,0.6777095808198259,18.12404283638919,6.344140928253834,1.3322695949333052,7.676410523187139,3.172070464126917,0.6661347974666526,3.8382052615935693,3.7117487067622825,,,1.477458806505132,,0.738729403252566,,19.882208507253043,21.387977992775117,104.30255519924717,0.09211653159912458,3.511467582729375,2.9116443927889537,,
1148,2,CP,2016,256.39911766515866,11.422972733451443,362.9973540146761,167.07400678998425,35.08554142589669,202.15954821588096,83.53700339499213,17.542770712948347,101.07977410794048,8.485846257269621,0.5818392692041457,13.95940592238866,5.769794393874735,1.2116568227136941,6.98145121658843,2.8848971969373673,0.6058284113568471,3.490725608294215,0.13762972825767666,,,0.04261463820372362,,0.02130731910186181,,7.982205440032008,22.56287627987464,76.22944434308197,0,3.9586249637641413,2.7163843833893195,,
1149,2,CP,2016,272.3222042328854,7.489788966437503,370.5504281408508,177.40139614443987,32.711074368624075,210.11247051306393,88.70069807221994,16.355537184312038,105.05623525653196,4.368477714956632,0.2892235530396488,6.928748929758056,2.804955297234473,0.5604021384636776,3.3653574356981504,1.4024776486172366,0.2802010692318388,1.6826787178490752,21.328589708845772,,,6.880424541265486,,3.440212270632743,,70.29600056764028,11.235851425570202,67.0610092419923,0.02641984313257425,2.006331087468433,1.1394193838280247,,
1150,2,CP,2016,415.892102478341,9.062758494949131,509.83798147568723,222.53272794554195,37.09250722530027,259.62523517084225,111.26636397277098,18.546253612650133,129.81261758542112,0.2635533434625789,0.04887946257097039,0.6766787655372456,0.3573811289484746,0.07505003707917966,0.4324311660276543,0.1786905644742373,0.03752501853958983,0.21621558301382715,2.8268079256545318,,,0.9009340266863615,,0.45046701334318073,,28.94234938340038,10.232931015822196,84.24793906102985,0,0.4196179520574604,0.14210254076282156,,
1151,2,CP,2016,256.601129111953,6.626392233273158,309.2928030618067,136.88029225039656,23.424740298853333,160.3050325492499,68.44014612519828,11.712370149426667,80.15251627462494,5.165940378405124,0.19515016491946674,6.568366468113133,2.260002005893332,0.3884475248380287,2.648449530731361,1.130001002946666,0.19422376241901435,1.3242247653656805,21.15346032516947,,,7.237875780627224,,3.618937890313612,,6.263796785927808,8.499953522575405,52.35784666928262,0.0729011012594283,0.9028565206625523,0.8661046244766942,,
1152,2,CP,2016,147.39748350652886,7.0494431431198565,240.88096921046844,130.23920134285592,27.35023228199974,157.58943362485567,65.11960067142796,13.67511614099987,78.79471681242784,8.457378807811162,0.44946977943285543,11.535949595899469,4.648992663128647,0.9915891486652982,5.640581811793945,2.3244963315643234,0.4957945743326491,2.8202909058969725,2.250775099833106,,,0.7767955960023541,,0.3883977980011771,,12.492949998796382,11.882714937215155,50.585003534198364,0.285167836123941,0.9796252264071982,1.8441165098130545,,
1153,2,CP,2016,162.82038592280503,7.069666181959298,231.447809259384,115.94989032794552,24.349476968868558,140.29936729681407,57.97494516397276,12.174738484434279,70.14968364840703,10.028555679985601,0.6782040541665403,13.426949152492075,4.933523355480008,1.1363013001175069,6.069824655597515,2.466761677740004,0.5681506500587534,3.0349123277987573,15.296244039253219,,,5.38865851621868,,2.69432925810934,,22.17391906707452,6.632925903155006,48.604039944470635,0.23026901427862526,0.6376671259834285,2.3510172441949324,,
1154,2,CP,2016,232.110271007947,10.45280691084706,333.71355277408895,175.19911964038977,36.79181512448185,211.9909347648716,87.59955982019488,18.395907562240925,105.9954673824358,12.79768742466413,1.0013945067131185,20.73945625210279,6.483379730025414,1.4553315208189497,7.938711250844363,3.241689865012707,0.7276657604094748,3.9693556254221813,11.82657786043707,,,3.8548786855854633,,1.9274393427927317,,25.397912964401726,9.752051595724083,70.07984608255869,0.03529752117209562,1.8998588044403444,3.536434190499787,,
1155,2,CP,2016,128.80384290813123,4.945527590887028,176.84886208966046,93.21524007992289,18.942096185788014,112.15733626571091,46.607620039961446,9.471048092894007,56.078668132855455,17.827022221353474,0.9800878234361455,25.389409512573284,11.8213905187799,2.4815142817955547,14.302904800575455,5.91069525938995,1.2407571408977773,7.151452400287727,2.697735231682845,,,0.9800046451935619,,0.49000232259678095,,24.312252610934745,4.745723069011874,35.639594390702264,1.1020225149192189,1.760482089437308,4.605912752130031,,
1156,2,CP,2016,222.6250869616245,7.640095139695135,286.65928993967486,135.77027289531776,25.3408355175414,161.11110841285915,67.88513644765888,12.6704177587707,80.55555420642958,0.03929751681281367,0.025016131345986105,0.3480667156496195,0.13594457266449012,0.028548360259542924,0.16449293292403303,0.06797228633224506,0.014274180129771462,0.08224646646201651,8.465795276330025,,,2.222397575796444,,1.111198787898222,,30.611755085355863,14.73718080879321,52.69233341323401,0,0.3509377399562122,0.05482050771481507,,
1157,2,CP,2016,215.200020153568,7.554597593347214,335.75735887764927,173.34179894153718,34.495280990939364,207.83707993247654,86.67089947076859,17.247640495469682,103.91853996623827,2.2544992478477566,0.15013366835711514,3.093090551365012,1.538092458408996,0.34066076109093774,1.878753219499934,0.769046229204498,0.17033038054546887,0.939376609749967,5.825866691878829,,,2.457496342589123,,1.2287481712945616,,28.58484140378652,9.47028772127525,65.99603943380019,0.12708041641054796,0.4511314996416492,0.6358340217963566,,
1158,2,CP,2016,111.48665127468462,4.596849144961411,160.13219723299346,89.86081176267284,18.870770470161293,108.73158223283413,44.93040588133642,9.435385235080647,54.365791116417064,39.654558584367386,1.637981330327965,53.5996146181977,22.609658589000023,4.748028303690005,27.35768689269003,11.304829294500012,2.3740141518450026,13.678843446345015,9.915853997964446,,,4.29344575668788,,2.14672287834394,,79.38129964897196,9.198092444033795,33.62776141892863,5.012174647468389,0.6616819783620806,8.441939302366137,,
1159,2,CP,2016,320.2969404885097,15.451400471593544,463.7696557810231,204.93802505294866,43.03698526111921,247.97501031406787,102.46901252647433,21.518492630559606,123.98750515703394,6.494635156936725,0.40113689556989124,8.833117671112394,3.464932709058202,0.812622455946053,4.277555165004255,1.732466354529101,0.4063112279730265,2.1387775825021276,33.68759980020045,,,10.472921023337724,,5.236460511668862,,39.48273101397231,10.384896142538212,97.39162771401486,0.3014964517870938,0.6067854254453089,1.8928772290644302,,
1160,2,CP,2016,194.54937205382856,7.946086882706298,280.4447536611008,146.16709875288495,30.69509073810584,176.8621894909908,73.08354937644248,15.34754536905292,88.4310947454954,34.02467053141892,1.8051504044928994,46.08886543560211,19.224231285436705,4.21339149728038,23.437622782717085,9.612115642718353,2.10669574864019,11.718811391358543,12.884231227937137,,,4.998068765380913,,2.4990343826904566,,57.66745480032148,6.079861029850111,58.89339826883116,5.518769954599834,0.2950376141819592,7.59626333337958,,
1161,2,CP,2016,198.51621354755693,6.547409575596924,259.27409918798486,132.43729755883734,25.920386013190278,158.35768357202764,66.21864877941867,12.960193006595139,79.17884178601382,12.771904898076103,0.6109453505375131,17.59292137938846,8.535558830641516,1.8204455321820188,10.356004362823533,4.267779415320758,0.9102227660910094,5.178002181411767,9.296348294168842,,,2.9709310831608047,,1.4854655415804023,,22.795080162687622,4.65764814469433,49.970181578528326,2.0995781775297364,0.8110688186555548,3.2567181580458815,,
1162,2,CP,2016,229.11698991686373,8.890306885270164,319.28893567054035,178.71081061649136,37.49061086359557,216.20142148008694,89.35540530824568,18.745305431797785,108.10071074004347,46.13490144735983,1.8597945604977446,63.36991203943555,28.92981784641512,6.097213772575142,35.02703161899026,14.46490892320756,3.048606886287571,17.51351580949513,13.450469147692969,,,5.456064206918909,,2.7280321034594546,,79.14280410170339,7.001774257802431,66.96005089889755,10.690856407976908,0.7951454796491223,10.837519771970586,,
1163,2,CP,2016,195.48656055016255,7.562948765035678,274.14293661591296,150.23497644723878,31.549345053920142,181.78432150115893,75.11748822361939,15.774672526960071,90.89216075057946,45.77502735348766,1.7309591799012827,62.94449788742861,26.625939333766524,5.59144726009097,32.21738659385749,13.312969666883262,2.795723630045485,16.108693296928745,8.547445691887848,,,3.5329374763985446,,1.7664687381992723,,81.50718090202403,7.2492710020874265,57.57001668934171,11.544850841466083,0.7246678881718186,9.913758417270005,,
1164,2,CP,2016,276.4769209736032,8.174122535451295,348.33868302593623,167.1256456979687,31.262710445442277,198.388356143411,83.56282284898435,15.631355222721139,99.1941780717055,7.850934453196131,0.4149725949427997,13.35876340166043,5.320037098468091,1.1560410940199455,6.476078192488036,2.6600185492340453,0.5780205470099727,3.238039096244018,10.058995202955119,,,4.277290891069247,,2.1386454455346233,,34.471207683881296,7.0960010630726265,64.08998532409645,1.7164415492152467,0.46186375198218715,2.147115338191672,,
1165,2,CP,2016,67.0841670322309,3.656878759430051,118.50180702224496,49.866184199527304,10.471898681900733,60.33808288142803,24.933092099763652,5.235949340950366,30.169041440714015,21.740761055147537,0.9621101381263731,30.23104998033335,14.443152842327706,3.033062096888818,17.476214939216526,7.221576421163853,1.516531048444409,8.738107469608263,20.476030081591784,,,9.954808450387748,,4.977404225193874,,4.645013724157568,3.606146667809824,24.885379474671442,2.9818805741207735,1.0090750737295195,5.59640270741086,,
1166,2,CP,2016,258.45118905596735,11.434671996452273,381.0268129446435,180.3970765688255,37.88338607945335,218.28046264827884,90.19853828441275,18.941693039726676,109.14023132413942,31.084518110609515,1.097618890496688,42.81205354515112,23.44400634328334,4.990248744940096,28.43425508822343,11.72200317164167,2.495124372470048,14.217127544111715,6.0926280603834115,,,1.9703985205233199,,0.9851992602616599,,94.5714157139531,4.157269406374212,80.01563071837514,8.174393115245518,0.033810134553687025,8.994485462562002,,
1167,2,CP,2016,299.85255330413213,9.464596732490064,383.7608850513408,181.0952934565687,33.77746216040818,214.87275561697686,90.54764672828435,16.88873108020409,107.43637780848843,24.619537852523496,0.7740175124456531,27.995713553980703,8.973511356564057,1.7384080410533826,10.711919397617441,4.486755678282028,0.8692040205266913,5.355959698808721,15.541362300373143,,,5.877279395310527,,2.9386396976552636,,30.10335606435947,11.294749742501512,70.52326957264135,0.4217603872425765,0.15605233487310338,4.015372987548643,,
1168,2,CP,2016,242.52131966997183,11.107501070539156,354.04484702828,150.93124935392592,31.69556236432444,182.62681171825037,75.46562467696296,15.84778118216222,91.31340585912518,19.188714760820684,1.318338459157866,25.97520857458086,9.226220590600223,2.073609104197027,11.299829694797248,4.613110295300111,1.0368045520985134,5.649914847398624,15.75216400493628,,,5.935273005631589,,2.9676365028157945,,23.600932852690537,5.785483611149429,74.3494178759388,0.39553835142790444,1.2110708909967736,4.5652135447654745,,
1169,2,CP,2016,456.89727545425075,19.40727177834449,672.4788272037981,264.9237379741291,55.63398497456711,320.5577229486962,132.46186898706455,27.816992487283557,160.2788614743481,69.6637654709255,3.4393104306677245,74.86953104738586,22.16366123549485,6.394523872590924,28.558185108085773,11.081830617747425,3.197261936295462,14.279092554042887,117.15093752552878,,,25.864923741259442,,12.932461870629721,,94.9356806963686,5.8332257791422695,141.2205537127976,0.017383787621324046,0.3998015110554074,17.16715680040567,,
1170,2,CP,2016,301.492118197146,13.825491261410487,440.35900590136896,194.78740482934046,40.90535501416149,235.69275984350193,97.39370241467023,20.452677507080747,117.84637992175097,24.046813586832293,1.7846060842175624,30.880987195974846,10.89352288010607,2.5306307570879336,13.424153637194003,5.446761440053035,1.2653153785439668,6.7120768185970014,2.415343275865966,,,0.7942343749662735,,0.39711718748313674,,14.171494692000755,8.342293422553784,92.47539123928748,0,1.358367991927509,5.673360426661558,,
1171,2,CP,2016,191.691255185106,8.092594358471317,264.00501724539555,140.13873343537273,28.736052989600605,168.87478642497334,70.06936671768636,14.368026494800302,84.43739321248667,0.6098821162798065,0.03477571030786113,1.0762625589277237,0.28418578090099533,0.05967901398920901,0.34386479489020433,0.14209289045049767,0.029839506994604505,0.17193239744510216,11.437267185751725,,,4.864805562428945,,2.4324027812144724,,48.82585688036865,10.79746837987948,53.8004115660923,0,0.05556366960115898,0.16951135303111645,,
1172,2,CP,2016,264.4532286209466,13.922090342936972,445.8458951268406,164.6361685367778,34.573595392723334,199.20976392950112,82.3180842683889,17.286797696361667,99.60488196475056,74.6568319985355,2.695985259647958,106.35913875280649,35.6078892562989,7.477656743822768,43.08554600012167,17.80394462814945,3.738828371911384,21.542773000060834,6.72874678941163,,,1.7610474161083096,,0.8805237080541548,,38.13004501118072,11.801368011099454,93.62763797663654,20.185411840613664,0.7377300814118378,20.512745126531513,,
1173,2,CP,2016,206.93903077864542,7.534119173184324,275.59286793663983,138.35113037910978,27.04608842239451,165.39721880150427,69.17556518955489,13.523044211197256,82.69860940075213,0,0,0,0,0,0,0,0,0,3.327114436577666,,,1.06215110564278,,0.53107555282139,,54.926765974689516,13.296136814117572,53.12205174429496,0,0,0,,
1174,2,CP,2016,292.90888675055504,12.83413712490477,421.87306059455324,196.48421408845772,40.72385629339445,237.20807038185217,98.24210704422886,20.361928146697224,118.60403519092608,44.95098733162763,2.7473762888865827,47.90947017413541,16.98945079693215,4.80874459430099,21.79819539123314,8.494725398466075,2.404372297150495,10.89909769561657,4.280629384523777,,,1.3699065800229862,,0.6849532900114931,,21.442873301338807,9.051875781109347,87.32020973434314,0,0.3393101992800498,9.96678897101418,,
1175,2,CP,2016,221.48669467015978,9.342272268532158,314.1799952842442,158.8050399615477,33.34905839192502,192.1540983534727,79.40251998077385,16.67452919596251,96.07704917673635,20.11973047273455,0.8783136265891018,27.490926332689845,11.30527467352982,2.4531474027018585,13.758422076231678,5.65263733676491,1.2265737013509292,6.879211038115839,4.1060206929452425,,,1.3742379273754202,,0.6871189636877101,,42.23851132332548,6.352132238884618,65.97779900969128,4.432500503549819,0.038179783117303724,4.528863472616432,,
1176,2,CP,2016,358.5787650687083,14.125484584053583,499.25919882367435,261.0773218948745,54.533646212891874,315.6109681077663,130.53866094743725,27.266823106445937,157.80548405388316,9.960467650949749,0.4936801140657206,13.545214077782896,5.90369152461331,1.2696536872599844,7.173345211873295,2.951845762306655,0.6348268436299922,3.5866726059366476,5.291233800019703,,,1.9120713443148065,,0.9560356721574033,,74.37001551913387,8.454391644084897,104.1518176006597,0.09743335622757501,0.435789162460236,2.722384321369382,,
1177,2,CP,2016,264.9517094549531,9.65134979408108,360.3322055669058,186.4736636788602,36.983203560030574,223.45686723889077,93.2368318394301,18.491601780015287,111.72843361944538,7.773093623731477,0.3347435155495931,10.948574994240598,4.672198743813198,0.9811617362007716,5.65336048001397,2.336099371906599,0.4905808681003858,2.826680240006985,4.913378351485297,,,1.9974209787635424,,0.9987104893817712,,81.05034330197815,16.752184274275265,70.51816753752735,5.821053445405233,0.5592763776552556,1.7439914002227395,,
1178,2,CP,2016,323.7777866805756,12.763047861482683,452.07747324515503,243.080143692299,51.04683017538279,294.1269738676818,121.5400718461495,25.523415087691394,147.0634869338409,25.249070326372888,1.1776719685619108,33.838804704980774,15.63084041142521,3.3305953128195926,18.9614357242448,7.815420205712605,1.6652976564097963,9.4807178621224,15.305469131325026,,,6.53742851097676,,3.26871425548838,,78.46916625285303,8.741974696639128,94.93626938148255,2.9539944916124927,0.6538869859410238,6.089326109455009,,
1401,2,CP,2016,220.12435243539034,7.015592121801205,299.25719911789656,172.33659578347704,36.190685114530176,208.5272808980072,86.16829789173852,18.095342557265088,104.2636404490036,0,0,0,0,0,0,0,0,0,34.41352317952516,,,14.337528015816869,,7.168764007908434,,46.923239287977836,3.4623542585883347,62.844011814758275,0,0,0,,
1402,2,CP,2016,160.78972458623116,4.802148379175457,218.15992104618903,94.77477631144912,19.902703025404314,114.67747933685342,47.38738815572456,9.951351512702157,57.33873966842671,0,0,0,0,0,0,0,0,0,3.4611680908053764,,,1.1591389240685146,,0.5795694620342573,,64.02764065935764,0.5471249777393195,45.8135834196997,0,0,0,,
1403,2,CP,2016,139.39487132807946,4.607521013327442,189.1947376983526,104.01288477043434,21.842705801791208,125.85559057222555,52.00644238521717,10.921352900895604,62.927795286112776,0,0,0,0,0,0,0,0,0,3.0051498813302837,,,1.2285527256778441,,0.6142763628389221,,30.76521575529746,6.724062977638485,39.730894916654044,0,0,0,,
1404,2,CP,2016,208.14867248502145,6.927875778923006,295.84281342816746,162.18119927756555,34.05805184828876,196.2392511258543,81.09059963878278,17.02902592414438,98.11962556292715,0,0,0,0,0,0,0,0,0,7.978849921123248,,,3.7368817879361,,1.86844089396805,,65.16432122457056,11.25657713803212,62.126990819915164,0,0,0,,
1405,2,CP,2016,130.77796184521222,4.283631458627179,179.774797935522,101.87824810883168,21.394432102854655,123.27268021168634,50.93912405441584,10.697216051427327,61.63634010584317,2.0035232517395265,0.11259232083499784,3.0857456983031,1.1955722003826403,0.2510701620803545,1.4466423624629947,0.5977861001913202,0.12553508104017724,0.7233211812314974,0,,,0,,0,,33.18834158536866,3.9530273133582927,37.75270756645962,0,0.749981850703168,0.48600494748273815,,
1406,2,CP,2016,124.93365597428773,3.953836911890281,168.03302263971594,94.17618817614508,19.776999516990465,113.95318769313555,47.08809408807254,9.888499758495232,56.97659384656777,0,0,0,0,0,0,0,0,0,1.3339443838317566,,,0.2854627459194776,,0.1427313729597388,,35.657598314307855,3.3645586979474613,35.28693475434035,0,0,0,,
1407,2,CP,2016,391.97146203121486,12.238238499960314,532.8837004490939,301.36439738461814,63.286523450769806,364.6509208353879,150.68219869230907,31.643261725384903,182.32546041769396,33.48825744566234,0.9989272385105146,42.86875554619031,18.083113730179566,3.834477887456987,21.917591617636553,9.041556865089783,1.9172389437284936,10.958795808818277,2.530927097191655,,,1.1624224342787308,,0.5812112171393654,,101.62372547658356,3.1754880271882113,111.9055770943097,7.429821648489985,0.12671617441018757,6.81765724880364,,
1408,2,CP,2016,341.0260216541709,10.617939374866161,444.3253885971161,248.22232070221096,52.1266873474643,300.34900804967526,124.11116035110548,26.06334367373215,150.17450402483763,12.877687094676814,0.6516577090780307,15.428364612570475,6.4175822911980935,1.5538765408347766,7.97145883203287,3.2087911455990468,0.7769382704173883,3.985729416016435,11.49137004202377,,,4.814085135889373,,2.4070425679446865,,69.25757518121628,6.879741227719563,93.30833160539439,0.29048466075239143,1.8626333560153037,2.796560650870687,,
1409,2,CP,2016,215.6981080878698,8.348217422143904,306.9660069351069,168.41456340199295,35.36705831441852,203.78162171641148,84.20728170099648,17.68352915720926,101.89081085820574,3.1636563299004923,0.25466190649646836,6.327207392435525,2.699900185619863,0.5669790389801711,3.2668792246000335,1.3499500928099315,0.28348951949008555,1.6334396123000168,3.0049239206086096,,,1.2765392455559952,,0.6382696227779976,,45.696265956394186,24.06581608348203,64.46286145637245,0.9870396738129261,2.2134642776302487,1.061629923488274,,
1410,2,CP,2016,271.604129429938,9.890470726344457,390.50592821719965,221.0549715435345,46.42154402414224,267.4765155676767,110.52748577176725,23.21077201207112,133.73825778383835,2.0044322751138517,0.1609608328302225,3.7422487282275285,1.4499343056190654,0.30448620418000377,1.7544205097990693,0.7249671528095327,0.15224310209000189,0.8772102548995346,33.40264368141153,,,14.057407608160526,,7.028703804080263,,70.30718319387132,7.632439177411623,82.00624492561194,0,1.3501341576491472,0.5894041746958356,,
1411,2,CP,2016,513.3518608056997,15.870913548258292,683.1939862768451,380.8390329198523,80.64691073173508,461.4859436515873,190.41951645992614,40.32345536586754,230.74297182579366,0,0,0,0,0,0,0,0,0,0.8481779541293638,,,0.3957380615133492,,0.1978690307566746,,137.92066773502032,4.085236354065701,144.6159775065693,0,0,0,,
1412,2,CP,2016,385.20516892574915,12.120876048829022,505.75125008014555,270.3446302709873,56.77237235690733,327.11700262789464,135.17231513549365,28.386186178453666,163.55850131394732,28.14613583307703,1.0175525324250967,30.61026880911644,11.392747910209906,2.914548597140649,14.307296507350554,5.696373955104953,1.4572742985703244,7.153648253675277,5.509816412911777,,,1.735346665744028,,0.867673332872014,,80.54494836490468,5.968392366590652,106.20776251683056,1.2565435538170258,0.6810528864005887,7.662021699093847,,
1413,2,CP,2016,253.75140773192996,8.058098561616424,325.3329919091924,182.04591310254943,38.22964175153538,220.27555485408485,91.02295655127472,19.11482087576769,110.13777742704242,78.94744587658026,2.1241555200464166,82.78848461970308,35.34904752714785,9.42968758410047,44.778735111248324,17.674523763573927,4.714843792050235,22.389367555624162,2.204993492746178,,,0.930121427496826,,0.465060713748413,,45.41898450995601,5.138017573819065,68.3199283009304,1.3363806166190015,0.47563794900503376,16.765875250445664,,
1414,2,CP,2016,328.97074277146993,10.59964964062416,440.3377527051158,252.1398943832655,52.94937782048575,305.08927220375125,126.06994719163275,26.474688910242875,152.54463610187562,0.9785089378560983,0.11714758075069434,2.0410265191326546,0.8176477319102345,0.17170602370114924,0.9893537556113837,0.40882386595511727,0.08585301185057462,0.49467687780569186,5.4564896825967875,,,2.284410633228814,,1.142205316614407,,106.88321910698384,5.722484261903493,92.47092806807431,0,1.071695519839876,0.33237711857069996,,
1415,2,CP,2016,291.83715502504305,8.999381541962684,380.6733323549451,212.87178867433516,44.70307562161038,257.57486429594553,106.43589433716758,22.35153781080519,128.78743214797277,7.606375741967763,0.23114686581184216,44.98860912175951,18.79804441415354,3.9475893269722433,22.74563374112578,9.39902220707677,1.9737946634861216,11.37281687056289,0.5877336614524412,,,0.2479207643815975,,0.12396038219079875,,76.88044044580982,5.367064224194833,79.94139979453847,2.0006657429814685,0.9973822832252693,7.085705936677124,,
1416,2,CP,2016,299.9746868504222,9.413737852404177,380.8272818866436,212.93715892709298,44.716803374689526,257.6539623017825,106.46857946354649,22.358401687344763,128.82698115089124,1.7150981088751653,0.06758991531131439,2.1991631886542793,0.9276620593478782,0.19480903246305442,1.1224710918109326,0.4638310296739391,0.09740451623152721,0.5612355459054663,1.5437440017161657,,,0.6511898467226855,,0.32559492336134277,,42.87656039875515,7.216604604261004,79.97372919619515,0.2865099453697026,0.16894376631701663,0.346368202213049,,
1417,2,CP,2016,365.27017071940384,11.732886858440065,479.22353565200444,278.52653906967566,58.504965264403666,337.0315043340794,139.26326953483783,29.252482632201833,168.5157521670397,7.33515319756313,0.34384783374604677,10.281144654913739,4.178140390362511,0.8774094819761273,5.055549872338639,2.0890701951812556,0.43870474098806367,2.5277749361693194,6.36728822976737,,,2.6731355246611117,,1.3365677623305559,,66.54347133829584,5.617542423446255,100.66151685480648,0.9081757707941489,1.6532149231758593,1.619280283148914,,
1418,2,CP,2016,418.6507998913352,12.496324675673556,539.1873433083123,297.3442312833042,63.34618350512357,360.6904147884278,148.6721156416521,31.673091752561785,180.3452073942139,10.153162132697922,0.36770768363971856,12.951521880180369,5.426899049603903,1.1396488004168195,6.566547850020722,2.7134495248019515,0.5698244002084097,3.283273925010361,10.133267509731336,,,4.232200559325857,,2.1161002796629287,,118.86840369962593,6.794149035569679,114.63021218230304,0.8638512358008321,0.6898489741742319,2.039864696128408,,
1419,2,CP,2016,298.5042401226174,9.557098888357856,400.6096834109696,220.16642556433743,46.234949368510854,266.4013749328483,110.08321278216872,23.117474684255427,133.20068746642414,11.809841262220369,0.5205525093093262,16.34627678347469,6.537634058966972,1.3729031523830642,7.910537211350036,3.268817029483486,0.6864515761915321,3.955268605675018,4.319612521202089,,,1.8070805768940446,,0.9035402884470223,,62.21176628091388,9.859837508715014,84.1280335163036,0.9245268837244365,2.4260923344858347,2.5745385933972638,,
1420,2,CP,2016,287.2132035485474,9.209848958567648,399.2619241360931,202.37589300544713,42.498937531143895,244.87483053659102,101.18794650272356,21.249468765571947,122.43741526829551,11.568734867708534,0.5135275854149832,18.913446332147032,7.782567934871084,1.6343392663229277,9.416907201194013,3.891283967435542,0.8171696331614638,4.708453600597006,0,,,0,,0,,47.43912512913952,16.34747800158894,83.84500406857954,0.3257519133815871,3.1979171130172324,3.068877134551566,,
1421,2,CP,2016,382.7142962308643,12.166795571372232,537.7894575639658,303.2297578450248,63.678249147455205,366.90800699248,151.6148789225124,31.839124573727602,183.45400349624,3.858126479973918,0.1827661238209065,6.509916087936609,2.6266066797596825,0.5515874027495333,3.1781940825092154,1.3133033398798413,0.27579370137476666,1.5890970412546077,0.8769437364363434,,,0.3699168104812476,,0.1849584052406238,,103.18406274819543,13.553832931634615,112.93578608843282,1.1520093268711777,1.2839341526868417,1.0253117838500159,,
1422,2,CP,2016,301.23817716232224,9.394141774654486,385.5811276779577,217.61247349300615,45.69861943353129,263.3110929265374,108.80623674650307,22.849309716765646,131.6555464632687,7.420977624480406,0.22078265284269138,44.59911820379469,18.923134268598425,3.973858196405669,22.89699246500409,9.461567134299212,1.9869290982028345,11.448496232502045,1.5559950025825604,,,0.6472547137905815,,0.32362735689529076,,51.70951922877422,4.470840522996639,80.97203681237112,2.694958792912448,0.8118277347196899,7.0787352886722,,
1423,2,CP,2016,243.47073842567724,7.708674825016743,309.17315313954157,173.47785033903597,36.43034857119755,209.90819891023352,86.73892516951798,18.215174285598774,104.95409945511676,8.501692349707875,0.2710696988628596,10.483379006100957,5.4634211424222325,1.1473184399086689,6.610739582330901,2.7317105712111163,0.5736592199543344,3.3053697911654507,1.8931283993196888,,,0.7985689277554275,,0.39928446387771377,,35.57350744092199,6.197849158896033,64.92636215930374,0.6537134944571809,0.14456458205959397,2.039918890682914,,
1424,2,CP,2016,378.68798616051447,11.659490557763995,504.40855583919546,277.88309003817284,58.355448908016285,336.2385389461891,138.94154501908642,29.177724454008143,168.11926947309456,4.487847862190311,0.2261751712323082,7.291411013897432,3.4044037819014097,0.714924794199296,4.119328576100706,1.7022018909507048,0.357462397099648,2.059664288050353,0.19670372040653883,,,0.08297455109067173,,0.041487275545335864,,88.44324214059648,7.1601994055353675,105.92579672623104,1.2494426830987528,1.4937497936911062,1.307752249316298,,
1425,2,CP,2016,357.46982522099313,10.97195616881345,474.21362653935375,262.9910020645827,55.228110433562364,318.219112498145,131.49550103229134,27.614055216781182,159.1095562490725,0,0,0,0,0,0,0,0,0,3.597952922451578,,,1.473345060656679,,0.7366725303283395,,85.14728187647705,6.1763603877423625,99.58486157326428,0,0,0,,
1426,2,CP,2016,302.8564896981705,9.168204909309335,389.2915887281862,219.51971315277788,46.099139762083354,265.61885291486124,109.75985657638894,23.049569881041677,132.80942645743062,3.2086687314799605,0.17843035523980405,4.792860194801885,1.8937044774175438,0.39767794025768416,2.2913824176752278,0.9468522387087719,0.19883897012884208,1.1456912088376139,10.630990208924027,,,4.492098264659285,,2.2460491323296425,,104.73369922747123,6.685282257555985,81.7512336329191,0.1176603251424904,1.0887422613065876,0.754875480681297,,
1427,2,CP,2016,372.6026328383123,11.673775262961275,496.5750942735098,290.076030160218,60.91596633364578,350.9919964938638,145.038015080109,30.45798316682289,175.4959982469319,2.221468532801195,0.11775756516055313,3.3691084824211233,1.3053611138050385,0.2741258338990581,1.5794869477040965,0.6526805569025192,0.13706291694952905,0.7897434738520482,5.516850668421269,,,2.2045561360231902,,1.1022780680115951,,68.28876366493152,5.520336197976175,104.28076979743706,0,0.758597999318013,0.5306345859813268,,
1428,2,CP,2016,351.8187783490102,11.102564517974,495.115794029989,281.1777851249819,59.04733487624619,340.22512000122805,140.58889256249094,29.523667438123095,170.11256000061402,0.16104072107321266,0.03561053614487751,0.4550538536254696,0.1763106199486186,0.037025230189209904,0.21333585013782852,0.0881553099743093,0.018512615094604952,0.10666792506891426,7.14393487891821,,,2.751880958112115,,1.3759404790560574,,87.92261987712517,6.440856351692019,103.97431674629769,0,0.35165235953661955,0.07167098194601146,,
1429,2,CP,2016,428.01710537142696,13.432355825851815,546.6220371379842,306.9697845806072,64.46365476192751,371.43343934253477,153.4848922903036,32.23182738096376,185.71671967126738,0.07859503362562734,0.05993024979000674,0.473849953089568,0.18359316886613336,0.03855456546188801,0.22214773432802137,0.09179658443306668,0.019277282730944006,0.11107386716401069,4.485782071045071,,,1.8922151185869263,,0.9461075592934631,,68.13714938511481,9.15075911932896,114.79062779897669,0,0.6562641570883649,0.07463136761160695,,
1430,2,CP,2016,352.93114495505534,11.137493771384547,461.9716693851473,254.5992117905036,53.46583447600575,308.06504626650934,127.2996058952518,26.732917238002877,154.03252313325467,9.026557362724837,0.40567062283279737,12.54889046751447,6.037899456661266,1.275288651800216,7.313188108461482,3.018949728330633,0.637644325900108,3.656594054230741,2.6621808033464522,,,1.0287239557515526,,0.5143619778757763,,62.170038598919724,10.260847327320272,97.01405057088094,1.5867466614669135,1.503555899467637,2.3043609948927943,,
1431,2,CP,2016,368.4634211051166,12.473389167590527,502.76408840113885,308.16055374433677,64.71371628631073,372.8742700306475,154.08027687216838,32.356858143155364,186.43713501532375,2.6022920185749903,0.022691033750484313,25.382028696828783,13.03500433795683,2.737350910970934,15.772355248927761,6.517502168978415,1.368675455485467,7.886177624463881,1.9242225594978277,,,0.7801871103977747,,0.39009355519888733,,60.7128986274803,6.537689137651912,105.58045856423917,1.7418153331505957,0.37359710195825063,3.997669519750534,,
1432,2,CP,2016,337.8526422554627,11.313544771815037,454.1863940918058,264.4666084938437,58.13050611862203,322.5971146124657,132.23330424692185,29.065253059311015,161.29855730623285,0.20033823788602634,0.06388901469464234,0.7209906294330025,0.31369356172925894,0.06587564796314438,0.3795692096924033,0.15684678086462947,0.03293782398157219,0.18978460484620166,0.16151279410066416,,,0.06813013784490275,,0.034065068922451376,,86.38669973211128,6.204262270106368,99.80585445465178,0,0.6707066950765117,0.12751770486559338,,
1433,2,CP,2016,176.16221964074217,5.979515854387276,294.0986895602385,172.46986489785357,36.218671628549245,208.68853652640283,86.23493244892678,18.109335814274623,104.34426826320141,0.2792337662731885,0.009336419753086425,1.5465724542705643,0.7944175902535613,0.16682769395324784,0.9612452842068091,0.39720879512678064,0.08341384697662392,0.48062264210340455,0,,,0,,0,,32.07225357513752,16.587200145969092,61.760724807650085,0,0.3731125208166716,0.3247802153968185,,
1434,2,CP,2016,227.5469309519346,9.161451801891259,328.0426400921318,170.5593344304833,35.81746023040149,206.37679466088477,85.27966721524164,17.908730115200743,103.18839733044238,0,0,0,0,0,0,0,0,0,5.189187973236029,,,2.1889293284056217,,1.0944646642028109,,34.36041050459499,27.670501356361232,68.88895441934768,0,0,0,,
1435,2,CP,2016,110.78146032278404,3.530015579852806,151.39990422434687,84.15976996889485,17.691671008286146,101.851440977181,42.079884984447425,8.845835504143073,50.9257204885905,0,0,0,0,0,0,0,0,0,0.7250490095756154,,,0.3058438140566708,,0.1529219070283354,,21.42215700594261,6.908595163031765,31.82491852378043,0,0,0,,
1436,2,CP,2016,140.06389912914253,5.1211429615862825,384.534139993021,233.56772038502584,49.04922128085543,282.61694166588126,116.78386019251292,24.524610640427714,141.30847083294063,0,0,0,0,0,0,0,0,0,1.1809002046042538,,,0.49813325420286836,,0.24906662710143418,,43.1455182463775,27.823261617945786,80.7521693985344,0,0,0,,
1437,2,CP,2016,229.2391800431356,8.552457633847535,359.5641428343365,194.16455631305587,40.77455682574173,234.93911313879758,97.08227815652793,20.387278412870867,117.46955656939879,0,0,0,0,0,0,0,0,0,7.139936356582505,,,2.985112270098005,,1.4925561350490024,,45.63590064648575,23.41630866203097,75.50846999521067,0,0,0,,
1438,2,CP,2016,136.92766166139685,4.666386201109627,251.14402789728885,147.73976889828654,31.02535146864017,178.7651203669267,73.86988444914327,15.512675734320085,89.38256018346335,0,0,0,0,0,0,0,0,0,5.074773253035522,,,2.1406663365965133,,1.0703331682982566,,31.567707485563755,10.71076282979744,52.74024585843066,0,0,0,,
1439,2,CP,2016,152.85595834679856,6.366438198010761,235.62096974601482,128.74295707714612,27.036020986200686,155.7789780633468,64.37147853857306,13.518010493100343,77.8894890316734,0.36063306999080813,0.04016528259244857,0.774875278866298,0.30022543422348275,0.06304734118693137,0.3632727754104141,0.15011271711174137,0.03152367059346568,0.18163638770520704,26.883863524330774,,,13.04351486772571,,6.521757433862855,,26.32473948032772,30.251048331668862,49.48040364666311,0,0.3629347748382792,0.12204285642144193,,
1440,2,CP,2016,61.99456551408521,2.7783463439389964,90.95051495441825,49.219497859616645,10.336094550519496,59.55559241013614,24.609748929808323,5.168047275259748,29.77779620506807,0,0,0,0,0,0,0,0,0,0.40772156131214504,,,0.1719871563686928,,0.0859935781843464,,7.552866295393814,13.781460983490565,19.099608140427833,0,0,0,,
1441,2,CP,2016,180.66205543064538,5.537525878590376,248.86752350354948,139.0558343261366,29.207447513485135,168.26328183962175,69.5279171630683,14.603723756742568,84.13164091981088,0,0,0,0,0,0,0,0,0,4.397519848283491,,,1.8549839045724124,,0.9274919522862062,,84.93375423616199,6.456905351064611,52.27195074203483,0,0,0,,
1442,2,CP,2016,177.20652536644306,5.724097844881168,241.35928855970502,134.80393911472305,28.308827214091842,163.1127663288149,67.40196955736153,14.154413607045921,81.55638316440745,0,0,0,0,0,0,0,0,0,1.1353249094805933,,,0.47890845435721735,,0.23945422717860868,,58.244982276804535,8.359473333535252,50.68545059753806,0,0,0,,
1443,2,CP,2016,154.50889395391135,4.525613141879351,225.3102922452112,129.8263312117089,27.263529554458863,157.08986076616776,64.91316560585445,13.631764777229431,78.54493038308388,0,0,0,0,0,0,0,0,0,30.266151674513623,,,12.767020080986068,,6.383510040493034,,28.20294262495142,1.226425913351877,47.31516137149435,0,0,0,,
1444,2,CP,2016,295.19078671210184,9.00574388150624,395.8295426817294,222.2270826891289,46.66768736471707,268.89477005384595,111.11354134456445,23.333843682358534,134.44738502692297,0,0,0,0,0,0,0,0,0,2.2699719367961655,,,0.9575309610555967,,0.4787654805277983,,89.83080444715868,3.807462107129804,83.12420396316315,0,0,0,,
1445,2,CP,2016,152.72922289454,4.714733384930405,207.36715314362826,116.02741201545257,24.36575652324504,140.3931685386976,58.013706007726284,12.18287826162252,70.1965842693488,1.347258890435748,0.06465458411993841,1.960741801083977,0.7596894296225734,0.1595347802207404,0.9192242098433139,0.3798447148112867,0.0797673901103702,0.45961210492165694,33.02705766447308,,,13.831128389526826,,6.915564194763413,,36.628590423745784,4.150046006275728,43.547102160161934,0,0.3853915552668824,0.3088168336707263,,
1446,2,CP,2016,105.7825539274101,3.640861326450794,164.6827222678451,91.94780125309997,19.309038263150992,111.25683951625096,45.973900626549984,9.654519131575496,55.62841975812548,5.8025208045547645,0.2149176855844894,7.697140328962199,2.9822570942290834,0.6262739897881076,3.6085310840171907,1.4911285471145417,0.3131369948940538,1.8042655420085953,5.2349008096685345,,,2.1639651363587684,,1.0819825681793842,,27.086949050785268,11.789257489189273,34.58337167624747,0.14119008468838248,0.7675152360407288,1.2122996018115464,,
1447,2,CP,2016,282.0312290375661,9.283945555150657,376.9491394984502,211.26249749368014,44.36512447367283,255.62762196735295,105.63124874684007,22.182562236836414,127.81381098367648,0,0,0,0,0,0,0,0,0,4.684470316050656,,,1.8973959803262868,,0.9486979901631434,,107.07125559703528,3.3122017726827524,79.15931929467455,0,0,0,,
1448,2,CP,2016,206.3318236962314,7.525442843177272,293.65516404620547,161.6872770812341,33.954328187059154,195.64160526829323,80.84363854061705,16.977164093529577,97.82080263414662,3.285780363497437,0.14485407648509854,4.621740838873603,1.790693532318315,0.3760456417868462,2.166739174105161,0.8953467661591575,0.1880228208934231,1.0833695870525806,15.670444818724032,,,6.392015862875134,,3.196007931437567,,50.975833195086174,2.9267179719969127,61.66758444970314,0,0.7740941517297777,0.7279241821225925,,
1449,2,CP,2016,152.8833085382138,4.8748432236201245,204.56937111991058,112.46628665481204,23.617920197510525,136.08420685232258,56.23314332740602,11.808960098755263,68.04210342616129,0,0,0,0,0,0,0,0,0,26.48820630068016,,,10.82568259330674,,5.41284129665337,,30.931320353949246,5.098340295963637,42.95956793518122,0,0,0,,
1450,2,CP,2016,219.5052103849332,6.655062967163644,329.73137575456695,185.72218024252126,39.00165785092946,224.72383809345072,92.86109012126063,19.50082892546473,112.36191904672536,0,0,0,0,0,0,0,0,0,43.15982413086504,,,17.917815728387293,,8.958907864193646,,62.74515355966066,6.48648048818252,69.24358890845906,0,0,0,,
1451,2,CP,2016,263.46160463703023,8.86070167340376,362.256380914425,208.96323671354872,43.88227970984523,252.84551642339395,104.48161835677436,21.941139854922614,126.42275821169697,0.03929751681281367,0.025487860896140115,0.36163443207961493,0.14011526417530562,0.029424205476814184,0.1695394696521198,0.07005763208765281,0.014712102738407092,0.0847697348260599,22.216212545475997,,,9.191968318186275,,4.595984159093137,,81.60731060555536,7.0002031339104205,76.07383999202925,0,0.2965958394645703,0.05695742305253934,,
1452,2,CP,2016,234.00980782146908,7.324731781305726,307.9877156585112,173.45413872061846,36.42536913132987,209.87950785194835,86.72706936030923,18.212684565664937,104.93975392597417,23.312324165918405,0.7351898948653687,29.46052069935992,12.2165938606556,2.565484710737676,14.782078571393274,6.1082969303278,1.282742355368838,7.391039285696637,24.639434973462933,,,10.35528487914307,,5.177642439571535,,34.399952682820626,4.287741967099948,64.67742028828735,2.9884432792895645,0.5910651369364044,4.640032010149187,,
131000,2,CA,2016,339.9213914211963,10.370672333038867,434.6032484053628,228.85468726117412,48.059484324846565,276.9141715860207,114.42734363058706,24.029742162423283,138.45708579301035,33.03055030664686,1.5749298378862036,39.56087621137642,16.242534661829847,3.71031809073744,19.95285275256729,8.121267330914923,1.85515904536872,9.976426376283644,29.699273529411762,,,11.483375169392495,,5.741687584696248,,72.40364540058009,5.6957657932881505,91.26668216512618,1.6540768119240563,0.8413947016022978,7.128190738221749,,
141100,2,CA,2016,367.6986691733546,16.921267928655602,531.3873117723783,238.68337361885742,50.12350845996006,288.80688207881747,119.34168680942871,25.06175422998003,144.40344103940873,14.076878374239291,0.7514333298901789,19.268698627542033,8.557599326718007,1.9074167570932141,10.46501608381122,4.2787996633590035,0.9537083785466071,5.23250804190561,11.204737999999999,,,3.841852756785392,,1.920926378392696,,24.720614868870182,6.707364455273438,111.59133547219943,0.7422302199368331,1.6676853753939025,3.773233211438162,,
141200,2,CA,2016,168.7564303534652,6.672148891044588,237.54654708579085,129.35663367727452,26.67081576757331,156.0274494448478,64.67831683863726,13.335407883786655,78.0137247224239,32.53601546501068,1.3656168478223616,44.73319055353882,19.666354840518327,4.442490749978969,24.108845590497296,9.833177420259164,2.2212453749894845,12.054422795248648,6.1725900000000005,,,2.186686454419046,,1.093343227209523,,42.13932950891124,3.439256497488209,48.71520889583022,4.69427548917257,0.7180993981496491,8.027212488669377,,
1201,2,CP,2017,290.84239236125217,11.44259277364117,435.42007641428177,171.68334237776457,36.05350189933056,207.73684427709514,85.84167118888229,18.02675094966528,103.86842213854757,14.118026219753553,0.6673112560924044,20.483545715627997,6.9526544372398265,1.4600574318203634,8.412711869060189,3.4763272186199132,0.7300287159101817,4.2063559345300945,5.2412571830130075,,,1.5483230015394955,,0.7741615007697478,,13.435962786146666,21.30457037305542,91.43821604699917,0,2.8855927119874365,3.9954800106632113,,
1202,2,CP,2017,286.66637364367074,9.40673952920134,379.21793717984286,193.5540028973295,40.64634060843919,234.2003435057687,96.77700144866475,20.323170304219595,117.10017175288435,6.9522951276280684,0.3283370284672946,9.864531598313015,5.26771020489339,1.1158414227056506,6.383551627599041,2.633855102446695,0.5579207113528253,3.1917758137995205,16.098237586748322,,,3.1745038733633195,,1.5872519366816598,,25.35804013191152,18.730291474026824,79.635766807767,0.20202051667592702,2.8215255446235266,2.0488628561210245,,
1203,2,CP,2017,137.19298010027134,6.078752285307061,191.70345043048144,96.69265000731883,20.305456501536952,116.99810650885578,48.346325003659416,10.152728250768476,58.49905325442789,147.06523256588713,5.043973645219045,179.63161070020527,95.98007471486713,20.34804486848889,116.32811958335601,47.990037357433565,10.174022434244446,58.16405979167801,169.59556630499893,,,40.212930039150756,,20.106465019575378,,6.185771805048702,18.434098272504578,40.2577245904011,8.400278518278284,9.094688542205983,37.36546688904312,,
1204,2,CP,2017,445.69473754439844,12.523724792964183,567.8589594258976,211.92806702640652,44.50489407554537,256.4329611019519,105.96403351320326,22.252447037772686,128.21648055097594,155.14926129476552,4.595090463361628,172.50004403120536,62.53034782738746,14.546892710513347,77.0772405379008,31.26517391369373,7.273446355256674,38.5386202689504,39.489858508853985,,,10.689686427673623,,5.344843213836811,,106.72752655226115,9.50741811669944,119.25038147943849,8.821341113059605,9.320266286926476,34.74907025111004,,
1205,2,CP,2017,337.65339982032305,11.414138988927515,483.3623581625553,232.36196256184675,50.918510555861594,283.28047311770837,116.18098128092338,25.459255277930797,141.64023655885418,127.56143961754812,3.6580702869016237,140.23107552891187,50.10240388246269,11.59729989764465,61.69970378010734,25.051201941231344,5.798649948822325,30.84985189005367,50.77923931445989,,,14.228539410536456,,7.114269705268228,,179.59283838869328,8.79974209412851,105.13025032358165,2.372276688341848,3.1685024637845838,27.145768614913663,,
1206,2,CP,2017,262.5004153925189,10.466774517362067,371.4718982723007,156.413109782589,32.84675305434369,189.25986283693268,78.2065548912945,16.423376527171843,94.62993141846634,154.11151199646184,4.306414551098831,164.8003815966074,54.43172064946595,12.96733895086762,67.39905960033357,27.215860324732976,6.48366947543381,33.699529800166786,149.74934770098687,,,38.76063348646459,,19.380316743232296,,50.566690929739174,9.969493211239747,78.00909863718314,1.7061788549297192,1.9166483839887478,32.455769552975816,,
1207,2,CP,2017,154.2864011397417,5.5933499542581036,220.10973857590392,122.05582179475775,25.631722576899126,147.68754437165688,61.027910897378874,12.815861288449563,73.84377218582844,34.54287464164253,1.15863281463789,44.11358269462347,23.9847603693403,5.036799677561463,29.021560046901765,11.99238018467015,2.5183998387807316,14.510780023450883,1.0588126442460453,,,0.2795781527815064,,0.1397890763907532,,18.174263858000067,16.4526621427572,46.22304510093982,1.5224730644952253,3.7308052480006126,9.12632294882106,,
1208,2,CP,2017,138.74323813106005,4.820267604123527,189.9224423227517,93.19488345377094,19.570925525291898,112.76580897906284,46.59744172688547,9.785462762645949,56.38290448953142,25.159914479545968,0.7731615309209549,31.67867444424646,17.59805148092606,3.6955908109944726,21.29364229192053,8.79902574046303,1.8477954054972363,10.646821145960265,5.093311856591967,,,1.7100148555969719,,0.8550074277984859,,23.253401603588383,3.102418922760486,39.883712887777854,3.7404438913954423,0.2843056961253885,6.607639482296236,,
1209,2,CP,2017,241.33824333847647,8.959327698113709,369.45938731006055,183.4546525666983,38.52547703900664,221.98012960570492,91.72732628334914,19.26273851950332,110.99006480285246,21.170795751411028,0.8220848618630624,44.17737768072895,18.926928752554677,3.9746550380364813,22.901583790591157,9.463464376277338,1.9873275190182407,11.450791895295579,11.869461275659052,,,4.683143201900943,,2.3415716009504717,,23.5711303254296,5.448177174799386,77.5864713351127,2.417078969018003,3.0291918728944753,7.609975640759369,,
1210,2,CP,2017,564.6055389843184,15.556612018042712,726.8274953562797,262.2346598459247,55.06927856764418,317.30393841356886,131.11732992296234,27.53463928382209,158.65196920678443,54.93306699985873,1.3439051136996036,61.02773650885031,22.41468533554385,5.14584096482894,27.560526300372793,11.207342667771925,2.57292048241447,13.780263150186396,3.5331709659856543,,,0.9618999050711539,,0.48094995253557693,,113.09182800102279,13.355101919957294,152.63377402481873,0.9942453575635,2.479343391507796,11.990577849040253,,
1211,2,CP,2017,367.2338133556505,11.076577838857894,472.8229427375917,186.47945689927639,39.16068594884804,225.64014284812444,93.23972844963819,19.58034297442402,112.82007142406222,5.545990124940166,0.17821831380999908,8.682003333757352,4.023470540065479,0.8449288134137507,4.86839935347923,2.0117352700327396,0.42246440670687535,2.434199676739615,1.4256844368312702,,,0.6656484981353524,,0.3328242490676762,,43.70361541720564,11.904636560776297,99.29281797489425,0,2.3508409128723153,1.644907721930144,,
1212,2,CP,2017,194.16122412653314,8.05708436697889,269.7371569891811,112.11671511530655,23.544510174214373,135.66122528952093,56.058357557653274,11.772255087107187,67.83061264476046,23.436271811672054,1.0334063133314804,28.454829992947264,12.834327888399905,2.7950242263502534,15.629352114750157,6.417163944199952,1.3975121131751267,7.814676057375078,70.70594905728376,,,18.567401745761348,,9.283700872880674,,10.651272982472344,15.736915578513113,56.644802967728026,0.711120076072773,2.022880367209062,5.724783015558583,,
1213,2,CP,2017,108.88553002561635,4.839361828233495,155.39255505989894,70.70126040831656,14.847264685746476,85.54852509406304,35.35063020415828,7.423632342873238,42.77426254703152,128.48676406600808,4.145583020362192,160.34423596639297,86.60457563583547,18.19665307828789,104.80122871412337,43.30228781791774,9.098326539143946,52.400614357061684,7.803956322547822,,,2.838448403113196,,1.419224201556598,,6.2986579406063585,7.485768749960752,32.632436562578775,8.319756536901277,5.8921665391274525,32.634695377949086,,
1214,2,CP,2017,102.22549368139866,4.2475580604416745,139.88769443342963,64.72938512685613,13.593170876639785,78.32255600349592,32.364692563428065,6.796585438319893,39.16127800174796,87.60849439276073,2.8534340574916466,107.65041086836284,47.49864694563291,10.092735274868678,57.591382220501586,23.749323472816457,5.046367637434339,28.795691110250793,50.00982340840261,,,14.071022127955786,,7.035511063977893,,4.031229157066473,11.340617715241198,29.376415831020225,4.791722348517486,5.576458186527428,20.66636439328972,,
1215,2,CP,2017,154.10939075091625,5.948977944949359,206.71310279518067,102.06550998932333,21.4337570977579,123.49926708708124,51.032754994661666,10.71687854887895,61.74963354354062,43.646292699751434,1.603575387982703,57.919665926769596,30.415502618267805,6.3872555498362384,36.80275816810405,15.207751309133902,3.1936277749181192,18.401379084052024,35.008487584071155,,,9.56912535335265,,4.784562676676325,,4.853942063206297,24.189971188413185,43.40975158698794,1.2638495672081236,10.675133416083217,11.423977282001301,,
1216,2,CP,2017,223.89032994407498,11.124664369269432,333.3136009684688,143.86915232037865,30.212521987279516,174.08167430765815,71.93457616018932,15.106260993639758,87.04083715382907,77.32438859249078,2.329116894181702,94.11233312348709,25.98591821654125,5.599475081937105,31.585393298478355,12.992959108270625,2.7997375409685525,15.792696649239177,11.727253386692684,,,3.093343481869179,,1.5466717409345896,,179.82851784099702,16.666656734626418,69.99585620337844,6.32221096881945,0.3133633111135917,16.245902223665805,,
1217,2,CP,2017,317.7068322027447,11.28132829927894,419.70227986807896,231.83420721641124,48.68518351544636,280.5193907318576,115.91710360820562,24.34259175772318,140.2596953659288,52.851840746638295,1.727172044037435,68.4937882522008,38.250724114408776,8.032652064025843,46.28337617843462,19.125362057204388,4.0163260320129215,23.14168808921731,9.73096900573936,,,4.296374707369898,,2.148187353684949,,51.00542905890081,13.936332487384735,88.13747877229657,6.782026638862922,4.163549500397044,14.291686757651505,,
1218,2,CP,2017,174.59930934842995,7.278548896984027,239.44794178886045,116.17522624313862,24.396797511059113,140.57202375419774,58.08761312156931,12.198398755529556,70.28601187709887,38.368880955417474,1.4941799747352404,50.00765858797714,25.200879354014944,5.292184664343138,30.493064018358083,12.600439677007472,2.646092332171569,15.246532009179042,2.0103528919723117,,,0.8485197036853511,,0.42425985184267556,,5.5639539848620005,26.21608037211951,50.284067775660695,0.4466032937060973,7.797886428505307,9.810250078080832,,
1219,2,CP,2017,243.25246422764806,8.282258581710993,317.1205822104061,176.79221689073137,37.12636554705359,213.91858243778498,88.39610844536568,18.563182773526794,106.95929121889249,35.16121771207265,1.157668979485939,45.34953888085002,25.521209035556826,5.359453897466933,30.880662933023757,12.760604517778413,2.6797269487334665,15.440331466511878,2.38103654368838,,,1.0779562978692527,,0.5389781489346264,,40.99582379871383,12.078074424866148,66.59532226418528,4.518785026333918,4.013350737093324,9.523403164978504,,
1220,2,CP,2017,359.07733898179094,10.543111795245597,452.2665434753408,163.528687598732,34.34102439573372,197.86971199446572,81.764343799366,17.17051219786686,98.93485599723286,24.140642534528453,0.9952559563291117,34.45496744138278,19.144498764036992,4.020344740447768,23.16484350448476,9.572249382018496,2.010172370223884,11.58242175224238,0,,,0,,0,,44.89373261238552,8.679979107120317,94.97597412982157,0.37102530293871805,12.522654153059063,7.14389274690485,,
1221,2,CP,2017,224.4862542756587,8.718295121632654,300.20349047731514,159.02522211648954,33.3952966444628,192.42051876095235,79.51261105824477,16.6976483222314,96.21025938047617,32.85000133493221,1.1720173465233472,41.75356761560944,20.92862124076794,4.408329999043486,25.336951239811427,10.46431062038397,2.204164999521743,12.668475619905713,8.699114458026903,,,3.5544187516917614,,1.7772093758458807,,28.579595509099114,4.896096034661564,63.04273300023617,2.9845113219032955,3.2956755662009503,7.988500869412011,,
1222,2,CP,2017,283.95280107706924,6.495298705633705,359.3966856320174,133.35235592853192,28.003994744991704,161.35635067352362,66.67617796426596,14.001997372495852,80.67817533676181,26.8305362654321,0.9215454978796171,27.752081763311715,7.1739824679838815,1.8470513839735538,9.021033851957435,3.5869912339919408,0.9235256919867769,4.510516925978718,199.45021403220716,,,50.43774914438695,,25.218874572193474,,75.13933914239483,0.3675863645296323,75.47330398272365,0,0,5.358898065805878,,
1223,2,CP,2017,168.49842360729036,6.4687542152376105,231.85528080935234,93.39251316101782,19.61242776381374,113.00494092483156,46.69625658050891,9.80621388190687,56.50247046241578,237.74731560445548,5.22918836949178,244.53231475646945,64.99489289218724,16.505226283402138,81.50011917558938,32.49744644609362,8.252613141701069,40.75005958779469,102.10819194285583,,,26.624561591313174,,13.312280795656587,,14.963895707007294,14.071069009640722,48.68960896996399,0.07025925638485164,1.2228430700678548,47.114286154660455,,
1224,2,CP,2017,314.92068289269906,9.833031867306266,410.34461474417077,162.4365230284002,34.11166983596404,196.54819286436424,81.2182615142001,17.05583491798202,98.27409643218212,0.2334895741275745,0.02371917032212848,0.5873041479646723,0.3636969148729636,0.07637635212332235,0.4400732669962859,0.1818484574364818,0.038188176061661173,0.22003663349814295,54.19566718237388,,,14.366948942696425,,7.183474471348212,,73.427839014524,13.241687138537857,86.17236909627586,3.884359694627573,0.3658740413464396,0.12333387107258119,,
1225,2,CP,2017,78.86625061581302,3.711072596465952,116.57785969009997,56.28363753771588,11.819563882920335,68.10320142063622,28.14181876885794,5.909781941460167,34.05160071031811,226.38442531980107,6.834255042583551,264.81713438998844,102.56650148332602,22.49156943120367,125.0580709145297,51.28325074166301,11.245784715601834,62.52903545726485,125.77741052372721,,,32.115723936441796,,16.057861968220898,,3.398310337964607,15.107876797004883,24.481350534920992,10.770904145527101,9.180022876080953,50.37178224279307,,
1226,2,CP,2017,267.10434543459627,8.586023408384833,384.1114540950119,161.86963268269253,33.99262286336543,195.86225554605795,80.93481634134626,16.996311431682717,97.93112777302898,83.17978395061728,2.235926789671705,85.41571074028899,22.08017461779388,5.669427258437508,27.749601876231388,11.04008730889694,2.834713629218754,13.874800938115694,153.42184801283238,,,39.03992813388436,,19.51996406694218,,41.158461471112034,5.214012999155613,80.66340535995249,0,0,16.44885628688221,,
1227,2,CP,2017,307.99909655720165,9.775912638447048,398.98151036484154,144.6388367928703,30.374155726502764,175.01299251937309,72.31941839643515,15.187077863251382,87.50649625968654,5.746580925206592,0.2196037872769993,7.922914991916322,4.458752496048609,0.9363380241702078,5.395090520218817,2.2293762480243045,0.4681690120851039,2.6975452601094085,60.52491541586645,,,16.309661818185653,,8.154830909092826,,41.189115322283136,12.980741908962992,83.78611717661671,0.06172460027922681,2.192575729082247,1.6638121483024277,,
1228,2,CP,2017,184.24781976226197,6.877503511988702,256.374687918441,138.93055558229295,29.175416672281518,168.10597225457445,69.46527779114648,14.587708336140759,84.05298612728723,5.8000941352928495,0.4303537648546305,6.9991688194748685,2.9877618207526706,0.7093809986826789,3.6971428194353497,1.4938809103763353,0.35469049934133945,1.8485714097176749,7.48619660159941,,,3.44328807599593,,1.721644037997965,,39.68830211779341,7.1277537295840725,53.83868446287261,0,0.3948989256806237,1.3662911805254534,,
1229,2,CP,2017,273.13846089578254,9.703051593906137,368.46961003016963,207.09793207843933,43.49056573647226,250.58849781491162,103.54896603921966,21.74528286823613,125.29424890745581,71.30954496288535,2.49182883463242,93.521031919819535,36.130120778507404,7.587325363486554,43.71744614199395,18.065060389253702,3.793662681743277,21.858723070996977,5.674138979464557,,,1.7476592605085737,,0.8738296302542868,,56.28389856876141,3.336498554511916,77.37861810633562,10.60472159989475,0.4336138358420912,14.729562527371575,,
1230,2,CP,2017,256.912210053104,8.295390717445493,344.86993675929386,140.57592260768223,29.52094374761327,170.0968663552955,70.28796130384112,14.760471873806635,85.04843317764775,10.546533953696377,0.3865256213908158,13.85847856301827,5.810075015526111,1.2201157532604836,7.030190768786595,2.9050375077630557,0.6100578766302418,3.5150953843932977,26.76035142898809,,,9.326462165539763,,4.663231082769881,,50.0696162268579,10.03471188051751,72.4226867194517,1.2480413628988833,0.4209104170934231,2.2655818731523314,,
1231,2,CP,2017,187.4753846235553,5.8320192069798384,248.62731112809354,93.70102731098916,19.677215735307723,113.37824304629687,46.85051365549458,9.838607867653861,56.68912152314844,74.08667075589887,2.459026918700056,78.09467728512669,20.179946784282087,5.259758358175659,25.439705142457747,10.089973392141044,2.6298791790878293,12.719852571228873,87.5016487968051,,,22.64935438220878,,11.32467719110439,,27.959170982506123,11.597476643078386,52.21173533689964,0,0.8420736299458502,15.060074626189422,,
1232,2,CP,2017,150.42827170795397,5.246988607859821,200.6336083791538,70.66940679228969,14.840575426380834,85.50998221867053,35.334703396144846,7.420287713190417,42.754991109335265,96.5631684508393,3.098303767555538,119.87546529882705,39.318461743653295,8.512837230674808,47.83129897432811,19.659230871826647,4.256418615337404,23.915649487164053,46.37787813390795,,,13.447755467218132,,6.723877733609066,,15.858349566166165,4.206063547544104,42.1330577596223,9.911734709739275,2.952160897471309,20.73651967333914,,
1233,2,CP,2017,208.4025363831999,8.185875254560251,294.6984436691274,108.59895723628433,22.805781019619708,131.40473825590405,54.29947861814217,11.402890509809854,65.702369127952025,102.33336797202739,3.013008347697234,106.10651794756203,27.831564190354314,7.105369538497306,34.93693372885162,13.915782095177157,3.552684769248653,17.46846686442581,150.82964626255034,,,36.31823255938321,,18.159116279691606,,21.03969674796093,7.8037680620034395,61.88667317051675,0,0.5765315788301882,20.4089788727439,,
1234,2,CP,2017,233.08954689192154,8.08927894685124,315.5624159749618,147.9622254598653,31.07206734657171,179.034292806437,73.98111272993265,15.536033673285855,89.5171464032185,36.889299259529146,1.031637901672047,45.968398250194014,13.92699778690622,3.331178925902428,17.25817671280865,6.96349889345311,1.665589462951214,8.629088356404324,102.4282996904338,,,25.880738132329235,,12.940369066164617,,18.320223592340273,14.798046718133769,66.26810735474199,0,3.229801427350686,8.592747374017387,,
1235,2,CP,2017,161.5989255357197,6.107573346142554,218.684977547423,111.52633290759957,23.42052991059591,134.94686281819548,55.763166453799784,11.710264955297955,67.47343140909774,341.0486799057618,8.87796773551107,384.38348419118705,146.87568417181626,33.12836350440462,180.0040476762209,73.43784208590813,16.56418175220231,90.00202383811045,119.87572909753726,,,30.379381941993923,,15.189690970996962,,19.42039001976847,20.861253367726718,45.92384528495882,11.411283726028161,13.087678176284467,75.20812367588913,,
1236,2,CP,2017,509.0200109579783,14.20202742203352,656.2424724216154,241.95266316161948,50.81005926394009,292.76272242555956,120.97633158080974,25.405029631970045,146.38136121277978,1.0910668758851534,0.052701271682404224,1.5678090217822291,0.5905124246144369,0.12400760916903174,0.7145200337834687,0.29525621230721844,0.06200380458451587,0.35726001689173437,1.9120403292858557,,,0.5179796951767741,,0.25898984758838706,,87.07202234382794,7.660835126675331,137.81091920853922,0,0.16705861079021553,0.27800968612034116,,
1237,2,CP,2017,265.177612155292,7.88819277719169,344.8408200295584,129.96177013310475,27.291971727952,157.25374186105677,64.98088506655237,13.645985863976,78.62687093052838,184.74092628777984,3.1003363816144547,192.5924821160412,69.60772826240473,17.457895353837397,87.06562361624214,34.80386413120237,8.728947676918699,43.53281180812107,99.92670818954292,,,25.604698536703463,,12.802349268351731,,45.26999062745842,11.208536238722862,72.41657220620726,0.39996120470286245,4.674128345520852,48.292104069576816,,
1238,2,CP,2017,248.8861460955612,8.747567718085195,335.1488123331956,189.34357647734117,40.62406526223379,229.96764173957493,94.67178823867059,20.312032631116896,114.98382086978746,38.30354844635745,1.260774536767706,52.696267652770025,22.671706764700204,4.761058420587042,27.432765185287245,11.335853382350102,2.380529210293521,13.716382592643622,0.8987636826466582,,,0.3791210097606593,,0.18956050488032966,,54.920112878617616,7.937344932937044,71.85296464768156,10.668152129966934,0.6600998655996599,8.464715443793093,,
1239,2,CP,2017,298.49643277646675,9.58590416311051,384.0223888556218,215.5122242747316,45.25756709769364,260.76979137242523,107.7561121373658,22.62878354884682,130.38489568621262,9.774172756826983,0.3536918673934438,12.59941307181022,7.090529753253549,1.4890112481832454,8.579541001436796,3.5452648766267747,0.7445056240916227,4.289770500718398,0,,,0,,0,,47.212175588443465,9.960049196106551,80.64470165968058,0.5162396706813953,2.168663720146051,2.645876745080146,,
1240,2,CP,2017,351.30602257517705,10.297953477630589,445.0705399148104,163.95595800387213,34.43075118081315,198.3867091846853,81.97797900193606,17.215375590406573,99.19335459234264,105.60149881205933,2.8631633349749674,114.39119129631602,37.508492614250734,8.946600763717104,46.45509337796784,18.754246307125367,4.473300381858552,23.22754668898392,59.51254261211395,,,16.01381166353374,,8.00690583176687,,49.57560150743534,11.854099114119233,93.46481338211018,0.1961791400161259,7.787356179276755,22.396632626126017,,
1241,2,CP,2017,237.0007042545678,7.92751369634478,311.42237516465246,168.9069747113053,35.47046468937411,204.37743940067944,84.45348735565265,17.735232344687056,102.18871970033972,14.25575002601432,0.41782266038681776,25.23910329261974,12.199776412546157,2.561953046634693,14.761729459180849,6.099888206273079,1.2809765233173465,7.380864729590424,0.7827868861528418,,,0.33028596331813154,,0.16514298165906577,,26.274061280199057,10.869309681068046,65.39869878457701,2.70133946868362,0.8182507873997078,4.553518096723378,,
1242,2,CP,2017,434.3712275860168,13.08877280002493,558.75585294611,215.062977589136,45.16322529371856,260.2262028828546,107.531488794568,22.58161264685928,130.1131014414273,2.767477613818733,0.13565617326733187,6.40804588251702,2.9230151640210824,0.6138331844444274,3.5368483484655098,1.4615075820105412,0.3069165922222137,1.7684241742327549,0,,,0,,0,,67.64178161597499,10.602478185001907,117.3387291186831,0,1.8052355509407811,1.261014024384582,,
1243,2,CP,2017,242.81196227579102,8.308212860300127,335.67073629146114,165.14242829922355,34.67990994283694,199.8223382420605,82.57121414961178,17.33995497141847,99.91116912103026,74.64001592570379,2.9258384538151563,89.43700835789832,23.350791502319538,5.263013495011603,28.61380499733114,11.675395751159769,2.6315067475058016,14.30690249866557,206.00604192326324,,,48.490883686699355,,24.245441843349678,,19.313420199507725,9.168997014480606,70.49085462120684,9.854196648001302,0.08363444953889304,15.128912394663208,,
1244,2,CP,2017,129.82819977255892,6.622906673972813,190.84939381615737,96.94603809985553,20.35866800096966,117.30470610082519,48.473019049927764,10.17933400048483,58.65235305041259,16.544866299811332,0.549613349906746,21.244705574466973,11.660968727814074,2.4488034328409554,14.109772160655028,5.830484363907037,1.2244017164204777,7.054886080327514,1.645033351301193,,,0.4343689963659746,,0.2171844981829873,,12.540348401183158,27.330627851742907,40.07837270139305,1.4403664517246906,1.4820594922837245,4.400192147623543,,
1245,2,CP,2017,324.78374039229465,11.219805481511695,434.8443792242914,170.05538420805675,35.711630683691915,205.76701489174866,85.02769210402838,17.855815341845958,102.88350744587433,1.434020623914652,0.12196198684289358,3.0374134943686877,1.3813700028581342,0.29008770060020816,1.6714577034583424,0.6906850014290671,0.14504385030010408,0.8357288517291712,27.8987808422969,,,8.434817314819654,,4.217408657409827,,174.24190554886806,21.658512023097412,91.31731963710119,8.802628339666327,1.562252975130868,0.5723830751820567,,
1246,2,CP,2017,393.3821666322408,10.114625831728441,498.8897216864569,173.84393567825745,36.507226492434064,210.3511621706915,86.92196783912873,18.253613246217032,105.17558108534575,43.73675577283753,1.5235094719649267,50.02622850351063,18.99446556604991,4.342606187179484,23.337071753229395,9.497232783024955,2.171303093589742,11.668535876614698,72.75389984846673,,,22.461579335384574,,11.230789667692287,,79.90372065952465,5.187794834036964,104.76684155415595,0.18331706517896687,6.244502451638522,9.877097533528287,,
151000,2,CA,2017,344.743615622926,9.963129990697151,430.2649091112908,195.84766000065474,41.12800860013749,236.9756686007922,97.92383000032737,20.564004300068746,118.4878343003961,35.37230333751022,1.0566190657776895,43.65205003477676,22.654125291460616,4.809430768100622,27.46355605956124,11.327062645730308,2.404715384050311,13.73177802978062,6.878066666666666,,,2.29634892099379,,1.148174460496895,,50.43859151357887,13.448019696088785,90.35563091337107,2.520775965006398,5.283687225311412,8.954538663801895,,
1501,2,CP,2018,600.5204033921914,15.77306276550286,761.2450282001088,296.5495736930225,62.27541047553473,358.82498416855725,148.27478684651126,31.137705237767364,179.41249208427863,0.5685454135915096,0.021611635639658417,0.7298460638779382,0.32555148241761006,0.0683658113076981,0.39391729372530815,0.16277574120880503,0.03418290565384905,0.19695864686265407,129.38803689535092,,,33.45764408434067,,16.728822042170336,,101.95803569953193,8.735479056029554,159.86145592202283,0,0.11090415189036051,0.153267673414367,,
1502,2,CP,2018,620.1130706482375,16.756429018418036,774.9483985231197,294.21987587047596,61.78617393279995,356.0060498032759,147.10993793523798,30.893086966399974,178.00302490163796,2.8274597888698603,0.23566332013407956,5.357662367936274,2.097107507424548,0.44039257655915504,2.5375000839837027,1.048553753712274,0.22019628827957752,1.2687500419918514,12.809546297234384,,,3.3112997195285443,,1.6556498597642721,,85.1286677436228,8.591919395615648,162.73916368985513,4.38442727135594,1.8880141326889681,0.8603881447124703,,
1503,2,CP,2018,568.5345766427591,20.23708222542854,756.5212517430608,375.2325324930433,78.7988318235391,454.0313643165824,187.61626624652166,39.39941591176955,227.0156821582912,71.16345672995148,2.160314365831219,89.23681616365775,42.28296496481589,8.90239307982362,51.18535804463951,21.141482482407945,4.45119653991181,25.592679022319754,61.706955248458264,,,22.174370392396103,,11.087185196198051,,143.75802674115045,4.204861782777262,158.86946286604277,14.109711755543868,0.24106644892319196,16.11191951182268,,
1504,2,CP,2018,723.8343349326985,19.313721943746717,908.2553602306647,339.96939617628243,71.39357319701931,411.3629693733017,169.98469808814122,35.696786598509654,205.68148468665086,2.8256991674583998,0.19927628706916542,4.681066126433257,2.089856141544107,0.4388697897242625,2.5287259312683696,1.0449280707720534,0.21943489486213125,1.2643629656341848,1.7435522259509169,,,0.6140033738148984,,0.3070016869074492,,123.8340797902095,15.413889227226429,190.73362564843958,0,1.8072489850622249,0.836648607791496,,
1505,2,CP,2018,320.43656332082685,9.132422427957373,399.2476882766519,182.17123719597635,38.25595981115504,220.4271970071314,91.08561859798817,19.12797990557752,110.2135985035657,35.959057949275376,1.161282590105544,43.09424798483588,14.298372351195233,3.044091648426753,17.342463999621984,7.149186175597617,1.5220458242133765,8.671231999810992,31.496026409445847,,,8.338435559364003,,4.169217779682001,,32.61466584544908,8.087965559280855,83.84201453809689,2.1534789822643523,1.2789609444302557,8.076700136785687,,
1506,2,CP,2018,454.40104787435985,11.847128689817803,564.6920131606369,214.43087254108625,45.030483233628104,259.4613557747143,107.21543627054312,22.515241616814052,129.73067788735716,6.998527299923348,0.2459897217816409,8.908428276125793,3.7223476198163015,0.7816930001614232,4.504040619977725,1.8611738099081507,0.3908465000807116,2.2520203099888625,21.051502917798626,,,5.614023414700418,,2.807011707350209,,69.42869790447146,5.725536266939498,118.58532276373373,0.06953515048529618,1.4503429815194064,1.4430868761859454,,
1507,2,CP,2018,463.6554279727371,13.131094148535675,591.1024576523058,336.2653888102345,71.68480023523809,407.95018904547265,168.13269440511726,35.84240011761904,203.97509452273633,5.252573246802783,0.2709771662162361,13.57627562471702,6.839004473499309,1.4361909394348549,8.275195412934165,3.4195022367496546,0.7180954697174274,4.137597706467083,17.291870186799926,,,7.772124510786974,,3.886062255393487,,113.04234753912561,5.649143189631517,125.95694520618615,1.4299276873115374,2.593019218897932,2.1382634108929306,,
1508,2,CP,2018,691.907714673563,19.175186974713284,859.4615486850621,333.2955187928229,69.9920589464928,403.28757773931574,166.64775939641146,34.9960294732464,201.64378886965787,4.913186003213633,0.23402469045828497,6.992241582372865,3.2640364654584038,0.6854476577462647,3.9494841232046682,1.6320182327292019,0.34272382887313235,1.9747420616023341,1.234413598124103,,,0.48099236723377226,,0.24049618361688613,,95.49402672601184,10.228412338634175,180.48692522386304,3.991897142351393,1.2898300315647817,1.240787654549948,,
1509,2,CP,2018,449.12992302251257,13.18328140465342,619.9974492239794,361.05122282334696,82.43643573072711,443.4876585540741,180.52561141167348,41.218217865363556,221.74382927703704,2.0723998248840547,0.08610680132887819,2.713339176301833,1.2922277633064347,0.2713678302943513,1.563595593600786,0.6461138816532174,0.13568391514717565,0.781797796800393,18.998738180806082,,,8.094270937024872,,4.047135468512436,,168.96735611730088,2.523581016803273,141.49570202704157,0.14782548397390277,0.07979462327932443,0.5698012270233849,,
1510,2,CP,2018,384.4755266767178,10.659120287155256,478.95974590474435,253.80503997653187,53.2990583950717,307.1040983716036,126.90251998826594,26.64952919753585,153.5520491858018,5.745593155231428,0.2605966920427119,7.832867865102326,3.436381279436696,0.7216400686817062,4.158021348118401,1.718190639718348,0.3608200343408531,2.0790106740592007,30.241099507545457,,,10.831680155682779,,5.4158400778413895,,80.90848693442611,6.479660098917529,100.5815466399963,0.5660382359319319,0.7108852660694287,1.4995475200111383,,
1511,2,CP,2018,688.2687846752517,22.548072528823074,881.5862414956214,456.4621164807344,98.99450528514917,555.4566217658835,228.2310582403672,49.49725264257459,277.72831088294174,18.754765447175853,0.831019089516372,24.447801902173456,9.383632472860416,1.9841216548472114,11.367754127707627,4.691816236430208,0.9920608274236057,5.683877063853814,68.13637285230669,,,26.095036463698996,,13.047518231849498,,128.99887394501295,9.23290690221074,190.49030890133776,1.9936997769709812,0.9391619045035097,4.143582745154913,,
1512,2,CP,2018,518.8221122221498,15.472629010417014,665.4626781533855,376.1853148276449,83.2546237579446,459.4399385855895,188.09265741382245,41.6273118789723,229.71996929279476,9.61902808880569,0.2958950930304085,12.57512081300301,5.040044358373913,1.0584093152585217,6.098453673632434,2.5200221791869564,0.5292046576292608,3.049226836816217,11.231475914582226,,,4.580465121416876,,2.290232560708438,,136.52446080855563,5.801253829927251,147.0137612812276,0.3737132576696451,0.678202933967617,2.0605116407351116,,
1513,2,CP,2018,483.7639100831221,14.642011131710714,633.3112215067924,367.64388107397946,86.01283122436614,453.6567122983456,183.82194053698973,43.00641561218307,226.8283561491728,6.667371008414701,0.17130649460941483,7.864383659020791,4.42581301267522,0.9294207326617963,5.355233745337016,2.21290650633761,0.46471036633089813,2.677616872668508,3.2107937868117373,,,1.3623810941759789,,0.6811905470879894,,198.79420177637235,1.5875982856710282,148.0343157826474,0.5217610392472448,0.07781834840615696,1.6515205683943661,,
1514,2,CP,2018,500.8579193494714,14.962631647072117,661.1515945582552,386.27627043612483,84.95246855528401,471.2287389914088,193.13813521806242,42.47623427764201,235.6143694957044,37.8389181402986,1.0344126308963253,47.8090470317561,20.10206101807845,4.227012222995697,24.32907324107415,10.051030509039226,2.1135061114978484,12.164536620537074,13.602020021281584,,,5.562408933161411,,2.7812044665807054,,145.75951792721608,5.507754018812042,145.3891414814934,8.3993175061901,0.4631121191924181,7.540786903364323,,
1515,2,CP,2018,530.4597215195028,15.78224511849311,688.1837957447683,397.25901636540004,91.18027880760651,488.43929517300654,198.62950818270002,45.590139403803256,244.21964758650327,12.518841190042798,0.43137518935910335,15.68632095907805,6.490542382262124,1.3856081341169575,7.876150516379082,3.245271191131062,0.6928040670584787,3.938075258189541,10.948838349285268,,,4.723503944360454,,2.361751972180227,,176.01571029009736,2.5072773644794903,157.76173140436487,1.1113140894898565,0.9415928612603548,2.513376316534464,,
1516,2,CP,2018,522.185233601205,14.93962039727066,673.4032465307666,385.1486800505015,85.05882543614634,470.20750548664785,192.57434002525076,42.52941271807317,235.10375274332392,12.083528446487419,0.36300752285251375,15.091765116755534,6.4643724013512065,1.3575182042837532,7.821890605634961,3.2321862006756032,0.6787591021418766,3.9109453028174803,23.42737183802612,,,9.863809938284232,,4.931904969142116,,139.77450737424266,4.993765854408344,148.54791672376422,1.5971131325178447,0.13664980725954015,2.376953005888996,,
1517,2,CP,2018,449.53042382664853,13.200332224620109,574.1867869100074,326.4444815443104,72.08877499022901,398.5332565345394,163.2222407721552,36.044387495114506,199.2666282672697,3.966079881909154,0.16055650204257138,4.773794604860761,1.9622433328251616,0.42557586060169855,2.38781919342686,0.9811216664125808,0.21278793030084928,1.19390959671343,35.25389075218797,,,14.78303486525052,,7.39151743262526,,124.81470923436382,6.962980475475686,126.61596035601076,0.09555495129772854,0.1790514641476708,0.7758697371578704,,
1518,2,CP,2018,457.06450683093783,12.715152170038618,588.1912973694248,334.34181532946485,73.16838288139972,407.51019821086453,167.17090766473243,36.58419144069986,203.75509910543227,9.709876543209878,0.5111625468288497,10.22103909003873,4.311490033962669,1.0896202392584455,5.401110273221114,2.1557450169813346,0.5448101196292228,2.700555136610557,16.48959173230793,,,7.039525342742691,,3.5197626713713457,,120.00193090511021,2.1231943203304344,128.56855454787478,0,0,1.9373321585510974,,
1519,2,CP,2018,537.081873163894,15.49693016902806,689.046729796014,372.6724366394549,80.02198913926235,452.69442577871723,186.33621831972744,40.01099456963117,226.34721288935862,4.338609831317033,0.14516502877582438,6.455733842809429,3.0194715752193604,0.6340890307960657,3.653560606015426,1.5097357876096802,0.31704451539803286,1.826780303007713,11.678662007153639,,,5.144873177330336,,2.572436588665168,,115.09882199814784,3.8235078312692035,147.7063316696482,1.048764274092153,0.8418716163921214,1.0167780802424848,,
1520,2,CP,2018,364.9040049132868,10.058673658115804,453.41727540027216,253.14295558455308,53.16002067275615,306.30297625730924,126.57147779227654,26.580010336378074,153.15148812865462,23.093359861701522,0.6829046240294085,28.30995782852026,11.941848569831274,2.5077881996645677,14.449636769495841,5.970924284915637,1.2538940998322838,7.224818384747921,37.121603482508974,,,15.586615998168016,,7.793307999084008,,72.92511220022759,8.610192894378011,95.21762783405715,2.375934497561831,0.19496250520431027,4.458818357991941,,
1521,2,CP,2018,480.6739257105916,14.29364080109701,623.3032848745772,360.30950626610667,83.03709123780084,443.3465975039075,180.15475313305333,41.51854561890042,221.67329875195375,0,0,0,0,0,0,0,0,0,0,,,0,,0,,194.0497728480956,0.3810460710622392,143.48150390804062,0,0,0,,
1522,2,CP,2018,315.5437776249762,9.42903396712265,411.5619966036655,225.97682433971798,51.61686179270896,277.59368613242697,112.98841216985899,25.80843089635448,138.79684306621348,27.160493827160494,2.1314412086032153,29.29193503576371,12.86618892383521,4.021553595313016,16.887742519148222,6.433094461917605,2.010776797656508,8.443871259574111,63.89586623244881,,,27.40211802839914,,13.70105901419957,,103.39507399704151,4.73759991025183,93.53414956121001,0,0,6.866782037444821,,
1523,2,CP,2018,641.3851066153406,19.987444261894694,845.962516376527,485.2984305500302,113.19295247893669,598.491383028967,242.6492152750151,56.596476239468345,299.2456915144835,23.717950833863032,0.7521943283511727,30.581023392533933,17.90987742176235,4.298370581222963,22.20824800298531,8.954938710881175,2.1491852906114817,11.104124001492655,28.191075772350608,,,9.932975379194223,,4.966487689597112,,210.37396139941552,2.7435746161878947,196.91315192530507,5.308205176968874,0.05480590099517258,7.339445614208143,,
1524,2,CP,2018,491.3084781706929,15.095440945525281,645.8168927978015,375.1239149458119,87.7764525000329,462.90036744584484,187.56195747290596,43.88822625001645,231.45018372292242,0,0,0,0,0,0,0,0,0,49.308254665122654,,,19.52935203637706,,9.76467601818853,,169.67872012292375,0.6192736007464423,150.98973594262944,0,0,0,,
1525,2,CP,2018,544.5012660353959,16.43442420256996,717.3881163544092,412.9525384306566,94.91894268928526,507.8714811199419,206.4762692153283,47.45947134464263,253.93574055997095,0,0,0,0,0,0,0,0,0,163.46552700860968,,,72.85303395064014,,36.42651697532007,,192.56695128998373,11.130236855922035,164.65110035251854,0,0,0,,
1526,2,CP,2018,363.07064101088446,10.575972588843054,470.6514293891686,267.0473384787012,58.8349158861538,325.882254364855,133.5236692393506,29.4174579430769,162.9411271824275,0,0,0,0,0,0,0,0,0,22.45241027027942,,,9.566658496259992,,4.783329248129996,,94.73434113754772,6.15347913254825,103.54090545355916,0,0,0,,
1527,2,CP,2018,435.6383535833484,13.382589913283498,568.2863678210808,323.0906535755291,74.92252567951475,398.01317925504384,161.54532678776454,37.461262839757374,199.00658962752192,18.84891976794656,0.5239605030235107,23.32526886910337,13.118909389770312,2.7549709718517654,15.873880361622078,6.559454694885156,1.3774854859258827,7.936940180811039,35.77861084543107,,,15.712230985674834,,7.856115492837417,,205.60688728041794,0.28333660004644606,131.41808227853488,3.1836466240184893,0.052232524696204125,4.898306462511707,,
1528,2,CP,2018,454.50156083409036,14.0747189509498,601.7231280728847,351.0670196433568,83.28663394267963,434.3536535860364,175.5335098216784,41.643316971339814,217.1768267930182,17.590137440000397,0.5297742942575936,21.568728818266212,9.098229497608331,1.9106281944977497,11.00885769210608,4.549114748804166,0.9553140972488748,5.50442884605304,17.477413412431627,,,7.656971247498354,,3.828485623749177,,158.8991404524958,0.6488912337086156,142.68987849965362,1.6825248470310048,0.21115211257116182,3.397074788876928,,
1529,2,CP,2018,486.22227014967063,13.525141871344893,598.5124046484335,334.5925297205597,71.92146995880933,406.513999679369,167.29626486027985,35.96073497940466,203.2569998396845,7.985948292589116,0.3677947970599741,10.430715073536025,3.788516129404166,0.8011869905927431,4.589703119996909,1.894258064702083,0.40059349529637156,2.2948515599984547,18.825131575906276,,,9.495527998440394,,4.747763999220197,,95.8255449376683,5.100763971072829,128.51699004613118,0.57787603032961,0.32244868961630696,1.6688223571741427,,
1530,2,CP,2018,688.4403367485289,21.704955489805155,917.6260984784834,537.410757377466,128.97858177059183,666.3893391480577,268.705378688733,64.48929088529592,333.19466957402886,0,0,0,0,0,0,0,0,0,4.478335191609043,,,2.0464890937950817,,1.0232445468975409,,279.708132540461,0.4961333377451248,220.230263634836,0,0,0,,
1531,2,CP,2018,617.5193647277928,19.991550136870277,777.2386250723728,411.480166013108,86.41083486275268,497.8910008758607,205.740083006554,43.20541743137634,248.94550043793035,7.631661436581686,0.31014085953545484,11.032579682804752,4.141625359230878,0.8697413254384845,5.011366684669364,2.070812679615439,0.43487066271924224,2.505683342334682,3.725699325230832,,,1.5112326462530905,,0.7556163231265453,,141.8184423199952,5.183374327905594,163.22011126519828,0.7848395511722176,1.6416795183088586,1.7376313000417483,,
1532,2,CP,2018,535.79748566659,16.76532340103529,706.1676614316882,413.5694248395182,99.25666196148437,512.8260868010026,206.7847124197591,49.628330980742184,256.4130434005013,42.78317901234568,2.6523974911386516,45.435576503484334,19.957121659714755,6.174364347071331,26.131486006786083,9.978560829857377,3.0871821735356657,13.065743003393042,46.06294783417006,,,19.89273347642907,,9.946366738214534,,212.43677283362933,0.9015797819607404,169.48023874360516,0,0,10.542695300771967,,
1533,2,CP,2018,483.7717196461136,15.595278175397716,640.641203118135,374.6918966930242,89.84115879281819,464.5330554858424,187.3459483465121,44.920579396409096,232.2665277429212,0,0,0,0,0,0,0,0,0,96.18562388647987,,,42.24857139582758,,21.12428569791379,,167.6309161938076,3.2340269778814217,153.58322694102364,0,0,0,,
1534,2,CP,2018,657.8705956246737,20.741736451605703,870.1122894300198,509.08490177382987,121.81760144040885,630.9025032142388,254.54245088691493,60.908800720204425,315.4512516071194,0,0,0,0,0,0,0,0,0,9.208655885401049,,,3.9427556592017967,,1.9713778296008984,,227.9663117084544,0.7519277975585886,208.1819397432698,0,0,0,,
1535,2,CP,2018,397.60223668674627,11.56945515370436,503.060580807434,267.8053687939413,58.678027212278955,326.48339600622023,133.90268439697064,29.339013606139478,163.24169800311012,0.4563750766019363,0.037903536332818545,0.882819296253569,0.45606445972634985,0.09577353654253347,0.5518379962688833,0.22803222986317492,0.047886768271266734,0.27591899813444165,5.548711130177258,,,2.325544570900151,,1.1627722854500755,,89.12049877928796,4.820271790401072,109.80713074947508,0,0.4628815441445987,0.18539205221324948,,
1536,2,CP,2018,378.7619222159007,11.990060765776649,502.6058093100624,294.3527533616333,70.64466080679199,364.9974141684253,147.17637668081665,35.322330403395995,182.49870708421264,0,0,0,0,0,0,0,0,0,3.495946393184717,,,1.445135113231183,,0.7225675566155915,,130.13519096194958,0.4193345287624309,120.62539423441497,0,0,0,,
1537,2,CP,2018,684.3847141196364,21.594089984580023,906.6698395519272,530.9941881261041,127.43860515026498,658.4327932763691,265.49709406305203,63.71930257513249,329.21639663818456,0,0,0,0,0,0,0,0,0,2.8704085205583487,,,1.2607981776894976,,0.6303990888447488,,262.04357664479863,0.626010662446694,217.60076149246254,0,0,0,,
1538,2,CP,2018,208.52651650396785,6.926305696961893,281.511256772455,152.84422966164885,33.79545479191925,186.6396844535681,76.42211483082443,16.897727395959624,93.31984222678405,6.3767581945247995,0.43718960773889587,20.42572018207176,9.3112789540887,1.9553685803586265,11.266647534447326,4.65563947704435,0.9776842901793132,5.633323767223663,21.174602389214762,,,9.351723692471742,,4.675861846235871,,43.577195049487266,11.283729425215183,62.01697457636741,2.597681317266135,2.7441266505855917,3.6308682474793645,,
1539,2,CP,2018,477.21884780231284,14.611413550348578,619.574951488217,360.6910595081362,84.96873501334717,445.6597945214834,180.3455297540681,42.484367506673586,222.8298972607417,0,0,0,0,0,0,0,0,0,33.49704614117512,,,14.528722724592292,,7.264361362296146,,143.54202141054955,0.9155312894272352,145.86001064741424,0,0,0,,
1540,2,CP,2018,588.2106981321248,17.899493930626786,761.5422288751125,391.62740394678764,88.19748121195711,479.82488515874473,195.81370197339382,44.098740605978556,239.91244257937237,21.898699483655445,0.9688125531342333,29.174581282306807,10.538920306049544,2.2131732642704045,12.752093570319948,5.269460153024772,1.1065866321352023,6.376046785159974,20.260011631671745,,,7.6356892028681145,,3.8178446014340572,,216.85602885380263,4.181425554237734,170.09324016794966,4.72667250812616,2.1383856451945196,4.594996551963322,,
1541,2,CP,2018,289.813407391383,8.636361595549667,367.6749057005527,197.1674845731412,43.041830691142025,240.20931526428322,98.5837422865706,21.520915345571012,120.10465763214161,33.6147870956376,0.9119346032670842,40.7784383629882,22.89099172158267,4.807108261532361,27.698099983115032,11.445495860791334,2.4035541307661803,13.849049991557516,13.36585176961578,,,5.18942088210159,,2.594710441050795,,90.36906174658098,1.4051652360116487,80.00631688630459,7.316390262928717,0.47568993605492205,8.54586365432002,,
1542,2,CP,2018,423.126046011093,13.000796856579441,558.2502845899514,325.0911083640657,76.67753372283542,401.7686420869011,162.54555418203284,38.33876686141771,200.88432104345054,0,0,0,0,0,0,0,0,0,1.2506631213262014,,,0.4818148579069783,,0.24090742895348916,,175.39176763759866,0.2797995543078497,131.58986107820658,0,0,0,,
1543,2,CP,2018,525.6496665184386,16.67929487145186,701.0811871152457,410.5673038761712,98.53312176456909,509.1004256407403,205.2836519380856,49.266560882284544,254.55021282037015,0,0,0,0,0,0,0,0,0,0,,,0,,0,,183.49058145248068,0.8678450826293894,168.25312025514975,0,0,0,,
1544,2,CP,2018,467.3194708255858,14.66137105807996,612.6464432712796,358.10215236759745,85.4385709383106,443.54072330590805,179.05107618379873,42.7192854691553,221.77036165295402,26.956647635157793,0.9240551550621592,30.986159254308543,15.679709483339792,3.8406523250349514,19.520361808374744,7.839854741669896,1.9203261625174757,9.760180904187372,19.162147080092968,,,8.31880301638841,,4.159401508194205,,131.8010950186636,0.9647615901535835,146.13558091817387,1.2768509472816143,0.2819857179009312,6.845527833379716,,
1545,2,CP,2018,629.6539688164196,17.665140214386035,806.0447587476863,420.80242626090575,88.3685095147902,509.17093577569597,210.40121313045287,44.1842547573951,254.58546788784798,10.864365580867823,0.44038816036952955,14.24992512357832,5.75063549493429,1.2076334539362008,6.958268948870491,2.875317747467145,0.6038167269681004,3.4791344744352455,39.2445732332876,,,16.238954285187294,,8.119477142593647,,77.59619063955599,7.443974151433958,169.2693993370141,1.1380907114180394,1.2548070004684722,2.327255277305459,,
1546,2,CP,2018,572.3421261999623,19.3201169194484,749.7410548720829,404.1593105390146,91.80338934690009,495.9626998859146,202.0796552695073,45.901694673450045,247.9813499429573,9.708176334588916,0.40542149126761134,12.723518953471203,4.544681857938724,0.954383190167132,5.499065048105856,2.272340928969362,0.477191595083566,2.749532524052928,21.705718153319143,,,9.753684353197903,,4.876842176598951,,207.5061079028032,2.0994793674522447,169.2784483404837,0.7388344391068982,0.4031207471460594,2.0039542351717143,,
1547,2,CP,2018,471.6072410628664,14.839159117115539,623.1601525724789,364.84770518501585,87.54031024449448,452.38801542951035,182.42385259250793,43.77015512224724,226.19400771475517,0,0,0,0,0,0,0,0,0,7.431366741266332,,,3.2041049971148827,,1.6020524985574414,,189.66420595129307,0.8310349297987618,149.51338960393727,0,0,0,,
1548,2,CP,2018,362.1082720897282,10.898281710843724,484.575796282198,281.0473687126619,65.49230214026026,346.5396708529222,140.52368435633096,32.74615107013013,173.2698354264611,2.51245768747336,0.03210840318514878,18.683411236228547,10.508173795354017,2.206716497024343,12.71489029237836,5.254086897677008,1.1033582485121716,6.35744514618918,4.655203490404314,,,1.9678954584237742,,0.9839477292118871,,133.8636541713618,1.8236814835366233,112.81242952995821,1.6342580980783377,0.29449920145668945,3.9235163596079947,,
1549,2,CP,2018,271.77076564221636,8.87915130977213,360.5690795059836,205.819174055968,48.413554012051144,254.23272806801918,102.909587027984,24.206777006025572,127.11636403400959,6.704712765122262,0.20077338908113124,8.21031020840746,3.4633142802271184,0.7272959988476949,4.190610279074813,1.7316571401135592,0.36364799942384746,2.0953051395374067,1.058694751695607,,,0.44658393640160665,,0.22329196820080333,,107.57929789835914,2.002513377059814,84.58401307827337,0.6144928428111405,0.06659459275058731,1.2931238578241748,,
1550,2,CP,2018,187.51683059799944,6.1517582185256465,253.9782426775372,143.8688763190284,33.86583149225185,177.73470781128026,71.9344381595142,16.932915746125925,88.86735390564013,0,0,0,0,0,0,0,0,0,0.1598721227737292,,,0.09362963708838717,,0.04681481854419359,,87.57579591043229,2.549874650300529,59.5735370802374,0,0,0,,
1551,2,CP,2018,460.048218076618,14.342244630354434,602.3464100091138,350.3929900353488,82.4094764978944,432.8024665332432,175.1964950176744,41.2047382489472,216.4012332666216,60.381274636989865,1.609884565209506,73.88579562826774,36.62164282627123,7.690544993516957,44.31218781978819,18.310821413135614,3.8452724967584784,22.156093909894096,56.534566963659714,,,30.016575883485455,,15.008287941742728,,204.8454117403542,0.6177422732668926,141.56471532722483,12.585903985207644,0.0993334779863107,13.668883370811617,,
1552,2,CP,2018,488.2484174327313,15.40636868655438,648.3502078743151,370.94472736191364,86.40881165278388,457.3535390146975,185.47236368095682,43.20440582639194,228.67676950734875,47.6779513888889,3.193063693811497,50.871015082700396,22.344583585965502,6.855745898954654,29.200329484920157,11.172291792982751,3.427872949477327,14.600164742460079,11.2758624598223,,,5.322381699867993,,2.6611908499339965,,166.57893197270238,2.4486461068020766,150.68504007536978,0,0,11.706150788862882,,
1553,2,CP,2018,349.2212488005676,10.889493002439789,461.64655138549847,269.65195637128613,64.19845389657128,333.8504102678574,134.82597818564307,32.09922694828564,166.9252051339287,3.6296296296296298,0.20763941821869464,3.837269047848324,1.6854819751895085,0.4813205425543373,2.1668025177438457,0.8427409875947542,0.24066027127716866,1.0834012588719228,50.82790928903256,,,29.493174579797746,,14.746587289898873,,137.3788274063126,0.3129359489297654,109.8741465407907,0,0,0.8218523457494955,,
1554,2,CP,2018,377.58904431726904,11.612939061212481,493.17749055534614,287.94043065970425,68.4585425011263,356.39897316083056,143.97021532985212,34.22927125056315,178.19948658041528,4.49124918868531,0.23613661029854455,6.226488309397613,2.2240237596114754,0.4670449895184098,2.6910687491298853,1.1120118798057377,0.2335224947592049,1.3455343745649426,2.103507655577087,,,0.8413630417578227,,0.42068152087891136,,192.5158857311409,0.20377716157381817,117.21195322867331,2.526941785507523,0.816250302297845,0.9806719087301241,,
1555,2,CP,2018,468.6983129977982,14.822046268482737,610.0973760365272,357.30554468038895,85.75333072329335,443.0588754036823,178.65277234019447,42.87666536164667,221.52943770184115,10.113139902046418,0.14685049709066642,10.845562351800613,4.969765793815979,0.9939531587631958,5.963718952579175,2.4848828969079895,0.4969765793815979,2.9818594762895874,0.15543150337388129,,,0.05551818927755871,,0.027759094638779354,,119.3997831255648,1.0982641930178896,146.42337024876653,0.49420147413161086,0.18585684613039977,2.1691124703601226,,
1556,2,CP,2018,701.5993327713776,24.412251288981174,925.8168833420618,479.5562077873027,106.30181370935168,585.8580214966544,239.77810389365135,53.15090685467584,292.9290107483272,2.238746008722898,0.14535907637704545,3.8027835947317485,1.3981243499074647,0.29360611348056753,1.6917304633880321,0.6990621749537324,0.14680305674028377,0.8458652316940161,21.46932394093166,,,8.140315631748347,,4.070157815874174,,204.75510970705122,2.2938775354279457,203.97499636728142,2.782899017730182,1.1454962108067377,0.5989384161702505,,
1557,2,CP,2018,354.00120247303596,11.183376747510778,468.5922938839272,274.4326256358218,65.86383015259723,340.29645578841905,137.2163128179109,32.931915076298615,170.14822789420953,0,0,0,0,0,0,0,0,0,16.289341411009033,,,7.154929975879291,,3.5774649879396456,,128.73794731951696,0.3705777486010063,112.46215053214253,0,0,0,,
1558,2,CP,2018,477.5402576882425,17.559665663439045,624.4112609019616,306.5044165138923,64.36592746791737,370.87034398180964,153.25220825694615,32.18296373395869,185.43517199090482,122.44749403790425,5.748240399182835,166.62099196147946,69.49236862404084,14.599938224277892,84.09230684831873,34.74618431202042,7.299969112138946,42.046153424159364,20.32844825720126,,,9.9218036303107109,,4.9609018151553554,,41.090601276796804,14.327991854435657,131.12636478941192,45.10317492017103,13.570214469659133,30.628890110789104,,
1559,2,CP,2018,360.8726701324049,11.327817332865314,476.541109293834,279.0878756518956,66.98109015645494,346.0689658083506,139.5439378259478,33.49054507822747,173.0344829041753,8.232262789474245,0.31789662674131797,10.759367596654577,5.124148740949752,1.076071235599448,6.2002199765492,2.562074370474876,0.538035617799724,3.1001099882746,17.552383250131275,,,8.240113072032067,,4.120056536016033,,158.85599584785706,0.25394357933451855,114.36986623052016,1.1299506467646763,0.061482578003848286,2.259467195297461,,
1560,2,CP,2018,720.898149692211,23.065674810989595,962.5741001183167,555.566678803233,132.26930170474503,687.8359805079781,277.7833394016165,66.13465085237252,343.91799025398905,5.935605106547967,0.3111166559551125,8.207664153257788,2.9316749957124273,0.6156517490996096,3.547326744812037,1.4658374978562136,0.3078258745498048,1.7736633724060185,4.403768153456729,,,1.8166061717941184,,0.9083030858970592,,284.5381805294189,0.6598264317306247,228.7779914319632,3.0782015475381614,1.0910835849223148,1.2927071041381017,,
1561,2,CP,2018,558.2065143774831,18.81577657046262,730.8221794880185,362.0664254744836,78.10141354170602,440.16783901618965,181.0332127372418,39.05070677085301,220.08391950809482,2.2703803919308885,0.07187975264339294,2.8742450796223307,1.1072957705505602,0.23253211181561764,1.339827882366178,0.5536478852752801,0.11626605590780882,0.669913941183089,41.92032150431368,,,12.850429356907128,,6.425214678453564,,117.0692069669616,6.281728240885089,157.00284214499857,0.08183791334355418,0.08633641496444394,0.45269360004051706,,
1562,2,CP,2018,401.111710708619,12.687055389266693,534.9921818883251,313.31993950079374,75.1967854801905,388.51672498098424,156.65996975039687,37.59839274009525,194.25836249049212,0,0,0,0,0,0,0,0,0,4.420980465820741,,,1.9418713660393592,,0.9709356830196796,,148.81903255236935,0.34386393059501447,128.39812365319804,0,0,0,,
1563,2,CP,2018,398.1495183680258,11.510631671906472,501.31395401439704,289.20237261202925,68.46804870578771,357.67042131781693,144.60118630601463,34.234024352893854,178.83521065890847,16.488060004208695,0.4072728394770337,19.402675081616707,9.130872102589281,2.191409304621428,11.322281407210708,4.565436051294641,1.095704652310714,5.661140703605354,7.935475286941106,,,3.3983008884388672,,1.6991504442194336,,109.51982575388998,4.8720378697558635,118.48434288079969,2.3443222269139503,1.6165309919826962,3.741820093409104,,
1564,2,CP,2018,330.25938435299224,9.868568152280671,424.05351726898255,238.03574133606224,55.15602518484839,293.1917665209106,119.01787066803112,27.578012592424194,146.5958832604553,11.373324078089325,0.44288670435971356,13.257293309687311,4.996268681563181,1.1556226421665197,6.151891323729701,2.4981343407815904,0.5778113210832598,3.0759456618648504,33.072701730251154,,,12.91851365750747,,6.459256828753735,,201.23989323351614,1.0541544708546149,97.87645904217459,1.1658401490969188,0.5319710526313771,2.2894972020429547,,
1565,2,CP,2018,717.5573563971745,22.53724002919079,956.2833037946153,560.0504774349985,134.41211458439963,694.4625920193981,280.02523871749924,67.20605729219982,347.23129600969907,0,0,0,0,0,0,0,0,0,4.03130628910488,,,1.7707108889235634,,0.8853554444617817,,321.88753687362794,0.3783908197939698,229.50799291070766,0,0,0,,
1566,2,CP,2018,517.8910020992852,16.76379149273451,680.1645377794058,340.9098625357757,74.66407455026152,415.57393708603723,170.45493126788784,37.33203727513076,207.78696854301862,6.572916666666667,0.4102344488688382,6.983151115535505,2.7660611168725753,0.6897229010813647,3.4557840179539405,1.3830305584362876,0.34486145054068235,1.7278920089769703,87.1802638799307,,,42.29625568673615,,21.148127843368076,,111.83700446565523,5.785663224720913,148.08169043163022,0,0,1.3059470785145877,,
1567,2,CP,2018,428.8056875435548,14.236949180411415,563.319958326479,305.3709068348824,70.0843150313753,375.4552218662577,152.6854534174412,35.04215751568765,187.72761093312886,13.144117268105443,0.5635107828484793,17.318664669194032,6.186010443623191,1.2990621931608701,7.48507263678406,3.0930052218115955,0.6495310965804351,3.74253631839203,13.830279647688814,,,5.441509475307657,,2.7207547376538286,,198.1460142227867,0.4489722278676423,128.4677555476961,1.3626037064871366,0.7538048245578303,2.72768968539806,,
1568,2,CP,2018,379.1505831873945,11.920112853245723,503.48968112904544,294.8703958136645,70.7688949952795,365.639290808944,147.43519790683226,35.38444749763975,182.819645404472,0,0,0,0,0,0,0,0,0,15.345277515856406,,,6.573892935608713,,3.2869464678043565,,164.859148643102,0.24173123710801056,120.8375234709709,0,0,0,,
1569,2,CP,2018,424.88430923632586,13.428825584036554,562.1142064584229,329.20404283001943,79.00897027920466,408.2130131092241,164.60202141500972,39.50448513960233,204.10650655461205,0,0,0,0,0,0,0,0,0,28.724166236674836,,,12.616802168565625,,6.308401084282813,,138.69480121340902,0.6164418471260426,134.9074095500215,0,0,0,,
1570,2,CP,2018,569.1397520361692,18.041578688630647,755.988311258203,442.74705307034026,106.25929273688165,549.0063458072219,221.37352653517013,53.129646368440824,274.50317290361096,0,0,0,0,0,0,0,0,0,1.8809068715909036,,,0.8115150246120896,,0.4057575123060448,,187.9401070512404,0.6528237485151005,181.4371947019687,0,0,0,,
1571,2,CP,2018,224.8339973102798,7.113273786942205,303.2561644569263,177.6029749921106,42.62471399810654,220.22768899021713,88.8014874960553,21.31235699905327,110.11384449510857,0,0,0,0,0,0,0,0,0,6.068057287996201,,,2.1674341800045487,,1.0837170900022743,,85.68820215983129,0.16142169492239963,72.78147946966232,0,0,0,,
1572,2,CP,2018,378.0096497129133,11.961771935137648,501.12995664986664,293.48841537341735,70.43721968962016,363.92563506303753,146.74420768670868,35.21860984481008,181.96281753151877,2.063811463947519,0.07054986438899488,2.5380813338037047,1.0706262132140898,0.22483150477495883,1.2954577179890487,0.5353131066070449,0.11241575238747942,0.6477288589945244,4.167324819173232,,,1.7290994920154306,,0.8645497460077153,,124.42452215660654,0.49010000570181045,120.271189595968,0.10055685337586849,0.08208407382488507,0.39974781007408344,,
1573,2,CP,2018,247.43887713354155,7.552413727840763,327.6065098446331,190.45840388991135,44.688746361982695,235.14715025189406,95.22920194495568,22.344373180991347,117.57357512594703,69.42686846396168,2.186700530324052,93.15288963961795,54.55529769274585,13.093271446259005,67.64856913900486,27.277648846372927,6.546635723129502,33.82428456950243,50.930161427779495,,,22.180476014424798,,11.090238007212399,,88.75885934320874,0.22117113956440504,76.80975512120789,29.660635484390276,0.03728573703939343,22.356693513508308,,
1574,2,CP,2018,345.78536010374904,10.956329996848842,460.29264256647235,269.571907410961,64.69725777863064,334.2691651895916,134.7859537054805,32.34862888931532,167.1345825947958,0,0,0,0,0,0,0,0,0,,,,,,,,118.04994227189144,0.36418156457228656,110.47023421595335,0,0,0,,
1575,2,CP,2018,372.3440024817977,11.782238480992516,499.7753315131421,292.69507468498574,70.24681792439657,362.9418926093823,146.34753734249287,35.12340896219828,181.47094630469115,0,0,0,0,0,0,0,0,0,,,,,,,,139.39234337613112,0.29075590875563384,119.94607956315409,0,0,0,,
1576,2,CP,2018,416.30244603789447,12.38806310831187,549.8552572956712,307.3883554925409,70.64023646298783,378.0285919555287,153.69417774627044,35.320118231493915,189.01429597776436,2.290878982203159,0.08368385839293459,3.018454293887558,1.1628520117919257,0.24419892247630437,1.40705093426823,0.5814260058959628,0.12209946123815218,0.703525467134115,,,,,,,,123.74239582128288,2.0831138307436503,125.86599684164891,0,0.4098565047709248,0.4754065512872903,,
1577,2,CP,2018,387.544730517524,12.150143444061495,510.53503087065945,298.12466144943926,70.9163681839143,369.04102963335356,149.06233072471963,35.45818409195715,184.52051481667678,0,0,0,0,0,0,0,0,0,,,,,,,,116.06998750092963,0.5346365874676442,121.40196184802961,0,0,0,,
1578,2,CP,2018,399.25460495811313,12.525090927089806,530.069118837035,309.65531387253264,73.74945060186789,383.40476447440057,154.82765693626632,36.874725300933946,191.70238223720028,0,0,0,0,0,0,0,0,0,,,,,,,,136.80846572674483,0.4001629242010805,126.20700273544786,0,0,0,,
1579,2,CP,2018,163.41565464509256,5.1136102322490755,215.94026121744952,124.16739143848804,29.304866728310397,153.47225816679844,62.08369571924402,14.652433364155199,76.73612908339922,0,0,0,0,0,0,0,0,0,,,,,,,,45.64104973577994,2.0238173032262963,50.8621757636796,0,0,0,,
1580,2,CP,2018,155.7211537367487,4.91384843720194,206.2441095768796,120.78754442155926,28.989010661174223,149.77655508273347,60.39377221077963,14.494505330587112,74.88827754136673,14.027777777777779,1.1662031607617478,15.193980938539527,4.44920257678938,1.3650193987636172,5.814221975552997,2.22460128839469,0.6825096993818086,2.9071109877764987,,,,,,,,60.66429752998696,0.12942317761224603,49.4985862984511,0,0,2.3307635882605147,,
1581,2,CP,2018,356.3962102416787,11.284612517029862,474.00187667166557,277.60076567442246,66.62418376186139,344.22494943628385,138.80038283721123,33.312091880930694,172.11247471814193,0,0,0,0,0,0,0,0,0,,,,,,,,118.65600973750615,0.43194611329721344,113.76045040119973,0,0,0,,
1582,2,CP,2018,335.0812075573233,10.551245171052413,448.11493451316665,262.43999244156333,62.9855981859752,325.42559062753855,131.21999622078167,31.4927990929876,162.71279531376928,0,0,0,0,0,0,0,0,0,,,,,,,,142.97855812870912,0.19114696398329795,107.54758428315999,0,0,0,,
1583,2,CP,2018,387.02773466688154,12.271315243929157,516.2100484727705,302.3201209900144,72.55682903760345,374.87695002761785,151.1600604950072,36.278414518801725,187.43847501380893,0,0,0,0,0,0,0,0,0,,,,,,,,130.33909665267402,0.40761599233274204,123.89041163346491,0,0,0,,
1584,2,CP,2018,353.8190129174176,11.196227212965326,469.69632838440646,275.07920708992083,66.019009701581,341.09821679150184,137.53960354496041,33.0095048507905,170.54910839575092,0,0,0,0,0,0,0,0,0,,,,,,,,124.78832534791901,0.36419174146908084,112.72711881225754,0,0,0,,
1585,2,CP,2018,364.33464700107754,11.520986689588632,486.63837976943836,285.0013754779546,68.40033011470909,353.4017055926637,142.5006877389773,34.200165057354546,176.70085279633184,7.9167884335245535,0.2338043652720524,9.702617598837016,4.092806877287667,0.8594894442304101,4.952296321518077,2.0464034386438335,0.42974472211520504,2.4761481607590383,,,,,,,,137.27971747952793,0.29564385995050396,116.79321114466521,0.812570157874181,0.06427320645683095,1.5281622718168297,,
1586,2,CP,2018,341.1615374385476,10.8155811344171,453.08949930074584,265.3533627506129,63.684807060147094,329.03816981076,132.67668137530646,31.842403530073547,164.51908490538,0,0,0,0,0,0,0,0,0,,,,,,,,108.92100452762364,0.4334265215484197,108.741479832179,0,0,0,,
1587,2,CP,2018,471.932975389641,14.929708885074508,632.6502828617433,370.51372910114515,88.92329498427483,459.43702408542,185.25686455057257,44.461647492137416,229.71851204271,0,0,0,0,0,0,0,0,0,,,,,,,,176.6715419633478,0.378362168266046,151.8360678868184,0,0,0,,
1588,2,CP,2018,274.0471942692815,8.692595468001342,363.2082550370163,212.7141149852198,51.05138759645274,263.76550258167254,106.3570574926099,25.52569379822637,131.88275129083627,0,0,0,0,0,0,0,0,0,,,,,,,,87.9930133067997,0.3287088990260612,87.16998120888391,0,0,0,,
1589,2,CP,2018,693.8556749988212,24.53531560312302,916.6940631937143,475.86607646012436,106.24173033685622,582.1078067969806,237.93303823006218,53.12086516842811,291.0539033984903,39.41747613913036,1.6881691153474137,50.93545475497721,18.846122448114045,3.980045774920439,22.826168223034482,9.423061224057022,1.9900228874602195,11.413084111517241,,,,,,,,177.03759547343483,2.679597694781529,203.2797969340235,4.406964272019426,1.471899219908342,8.069284383546293,,
1590,2,CP,2018,299.4263060931681,9.347456958418148,397.44045402430453,231.85277447627826,54.98373893778213,286.83651341406033,115.92638723813913,27.491869468891064,143.41825670703017,0,0,0,0,0,0,0,0,0,,,,,,,,97.77816517720801,0.31154910171995254,94.21058853171442,0,0,0,,
1591,2,CP,2018,205.1465998858339,6.504454422343422,270.99434327892993,158.70873279216525,38.090095870119654,196.7988286622849,79.35436639608263,19.045047935059827,98.39941433114245,0,0,0,0,0,0,0,0,0,,,,,,,,61.89904533021502,0.3001977424443145,65.03864238694318,0,0,0,,
1592,2,CP,2018,282.5446617144494,8.81344112611932,377.06200256219114,219.97425727342602,52.173726007423575,272.1479832808496,109.98712863671301,26.086863003711787,136.0739916404248,4.3603797159733215,0.1360443528075534,5.336529784188918,2.251081790979462,0.47272717610568704,2.723808967085149,1.125540895489731,0.23636358805284352,1.3619044835425744,,,,,,,,97.92733542450834,0.25742416043779554,89.39235757826647,0.29234175466170054,0.07250769869442733,0.8405034410097546,,
1593,2,CP,2018,303.181873283409,9.617854491633802,403.9131649079678,236.55307998305597,56.77273919593343,293.3258191789894,118.27653999152798,28.386369597966716,146.6629095894947,0,0,0,0,0,0,0,0,0,,,,,,,,101.53720324952546,0.313995327899479,96.93915957791228,0,0,0,,
1594,2,CP,2018,300.54217537166346,9.318584870559617,397.32268241091907,230.84970577039786,54.11365582354671,284.96336159394457,115.42485288519893,27.056827911773354,142.48168079697228,0,0,0,0,0,0,0,0,0,,,,,,,,102.9563174291174,0.8828682050182544,93.05986833521682,0,0,0,,
1595,2,CP,2018,385.35483981352303,11.703216963096601,498.0836668332133,289.098185929632,67.64974316969779,356.7479290993298,144.549092964816,33.82487158484889,178.3739645496649,49.41254590870916,1.9641514876118666,59.550240238742894,26.813999182119804,5.9324439735728856,32.74644315569269,13.406999591059902,2.9662219867864428,16.373221577846344,31.332479968850123,,,14.628565366496995,,7.314282683248497,,112.23165976107175,1.4638574761792782,116.44608871419352,6.64992713131866,0.19839613017702623,10.77496906843184,,
1596,2,CP,2018,470.09218905442674,15.966237167398539,618.9445182983065,358.1958012378096,83.31483471300562,441.5106359508152,179.0979006189048,41.65741735650281,220.7553179754076,0.9437884591747915,0.05895131988154563,1.857876468469354,0.7611931247055725,0.15985055618817023,0.921043680893743,0.38059656235278627,0.07992527809408512,0.4605218404468715,17.56620615167018,,,7.39541200703525,,3.697706003517625,,212.98058546333235,4.160657169579914,143.7983279723162,0,0.8434282954851994,0.31022394569142653,,
1597,2,CP,2018,454.4161385592403,13.510485334800071,593.329229677551,339.4029954652343,80.12571900714286,419.52871447237715,169.70149773261716,40.06285950357143,209.76435723618857,4.101446400007413,0.060613419401241465,4.39493369406997,2.0138919892200886,0.4027783978440177,2.416670387064106,1.0069459946100443,0.20138919892200885,1.208335193532053,9.880407637799285,,,3.0065892166567254,,1.5032946083283627,,204.27813849561193,4.637620126478621,139.61528113509,0.30430196898873485,0.0966659093959821,0.878986738813994,,
1598,2,CP,2018,429.3625282172694,12.883688729177477,564.5486296841113,326.3901257285732,75.4748440341993,401.8649697627725,163.1950628642866,37.73742201709965,200.93248488138624,1.9763270279987775,0.08191668769813545,2.6193196530518525,0.9522499699288975,0.19997249368506845,1.152222463613966,0.47612498496444877,0.09998624684253422,0.576111231806983,19.54908025501113,,,8.246251834644275,,4.123125917322137,,167.42621318541813,2.2209203517788776,130.3931333576005,0.144391147532946,0.18719633190144586,0.4125428453556668,,
1599,2,CP,2018,397.98826211279174,12.652172545970041,528.3900940299061,301.149479862135,71.91957075761266,373.0690506197477,150.5747399310675,35.95978537880633,186.53452530987386,1.6970942138906915,0.055519889163580326,2.154867013257231,1.1068762121436422,0.23244400455016484,1.339320216693807,0.5534381060718211,0.11622200227508242,0.6696601083469035,7.360130167663904,,,3.1913606534594825,,1.5956803267297412,,144.4952719053396,0.7409004183136355,125.77986734715381,0.0458980527501376,0.09053112219672337,0.45252207278401857,,
1600,2,CP,2018,157.97358333446255,4.750685495707068,204.68124710996162,117.87462578834223,26.87941940626185,144.7540451946041,58.937312894171114,13.439709703130925,72.37702259730204,0,0,0,0,0,0,0,0,0,112.1253352904053,,,48.96078778467382,,24.48039389233691,,43.07447437281019,1.525713532335904,46.61276563140692,0,0,0,,
1601,2,CP,2018,396.8724843050111,12.235866216156733,521.3347982812958,304.313108513487,72.2913149528899,376.60442346637694,152.1565542567435,36.14565747644495,188.30221173318847,0,0,0,0,0,0,0,0,0,4.00910319210564,,,1.7198296005866092,,0.8599148002933046,,189.52568486971072,0.18823309941164895,123.79861181783635,0,0,0,,
1602,2,CP,2018,452.05703702526944,13.925755753561498,589.4496960805718,343.70741147442385,81.52164979896368,425.2290612733875,171.85370573721192,40.76082489948184,212.61453063669376,0,0,0,0,0,0,0,0,0,20.76569207801903,,,8.68697901446113,,4.343489507230565,,244.55015025848857,0.5865877696265789,139.73771998614882,0,0,0,,
1603,2,CP,2018,423.0356852118808,13.928852605494706,542.4920204254752,267.0107933057497,57.43655848269931,324.447351788449,133.50539665287485,28.718279241349656,162.2236758942245,0.7401832261530683,0.05821833101540676,1.181300878736906,0.42194590128684717,0.0886086392702379,0.5105545405570852,0.21097295064342358,0.04430431963511895,0.2552772702785426,102.48891611011757,,,44.53450271809512,,22.26725135904756,,76.82289370981572,4.715918823622248,116.25284565757077,1.3899143399721483,0.3653314966159058,0.18605488840106268,,
1604,2,CP,2018,375.66684384420046,11.472818162213246,485.2923967989791,280.9389157276616,65.33232680311542,346.271242530777,140.4694578638308,32.66616340155771,173.1356212653885,15.863226914960963,1.2989473311452093,17.339463517014707,7.604336382914306,2.335168720326788,9.939505103241094,3.802168191457153,1.167584360163394,4.969752551620547,37.394131761605834,,,16.412855938311303,,8.206427969155651,,163.26497830063798,3.391124548143234,112.72864698651556,0,0.44186100016293,3.991537370500392,,
1605,2,CP,2018,165.00650767287053,4.868277806985086,221.38791640492667,126.54721067744993,28.734362907286286,155.2815735847362,63.27360533872496,14.367181453643143,77.6407867923681,0,0,0,0,0,0,0,0,0,21.90404289629421,,,9.23967336578354,,4.61983668289177,,64.84407506118188,4.504756386843368,50.17870991104822,0,0,0,,
1606,2,CP,2018,616.2325918601855,19.409935737979115,821.7235316812256,480.9357856885692,115.35274513284853,596.2885308214177,240.4678928442846,57.67637256642426,298.14426541070884,15.750000000000002,0.929803876517454,16.679803876517454,7.326436700947612,2.2206513445696148,9.547088045517228,3.663218350473806,1.1103256722848074,4.773544022758614,30.760602855431653,,,14.135419876957029,,7.067709938478514,,258.10965178992257,1.2496516213607876,197.07513062401753,0,0,3.7917507259110503,,
1607,2,CP,2018,355.4063204478183,11.07273717200917,468.1595002111667,266.7328821237061,62.06036306994994,328.79324519365605,133.36644106185304,31.03018153497497,164.39662259682802,0,0,0,0,0,0,0,0,0,,,,,,,,156.4453753069881,2.615372575076954,108.63779061613751,0,0,0,,
1608,2,CP,2018,247.84863809076975,7.844303443863858,331.97051013131465,194.4196264387709,46.66071034530502,241.08033678407594,97.20981321938545,23.33035517265251,120.54016839203797,0,0,0,0,0,0,0,0,0,,,,,,,,90.5010294543629,0.2154298094280104,79.67292243151553,0,0,0,,
1609,2,CP,2018,225.7871558207212,7.2344879372801785,300.128052104953,173.8250872752077,41.295478961659235,215.12056623686695,86.91254363760385,20.647739480829618,107.56028311843347,0,0,0,0,0,0,0,0,0,,,,,,,,75.851160445069425,4.180552349834327,71.20956590094968,0,0,0,,
1610,2,CP,2018,494.69967266157676,13.423365316162766,636.8551967228841,352.7839821089728,80.72014384962279,433.50412595859564,176.3919910544864,40.36007192481139,216.75206297929782,0,0,0,0,0,0,0,0,0,,,,,,,,186.4977178098527,0.2084306937847713,143.34576807811243,0,0,0,,
1611,2,CP,2018,142.98137845663763,4.4979924558585305,188.73920796414734,110.53574093742259,26.528577824981422,137.064318762404,55.267870468711294,13.264288912490711,68.532159381202,43.51547588213238,1.3822221020239172,57.9572172206521,25.457126862743067,6.109710447058337,31.566837309801407,12.728563431371533,3.0548552235291684,15.783418654900704,,,,,,,,56.87170005970648,0.14167448387284817,45.29740991139536,14.283613776669442,0.04420961838338959,10.432299099717378,,
1612,2,CP,2018,287.87284101689124,9.046521511225853,383.88890500564713,224.61185655817712,53.86081795968097,278.4726745178581,112.30592827908856,26.930408979840486,139.23633725892904,0,0,0,0,0,0,0,0,0,,,,,,,,135.52827917227955,1.3820783162407209,92.04378576062429,0,0,0,,
1613,2,CP,2018,284.24033441048397,7.513884304471452,354.2982230557228,195.35700410410377,42.444655740379304,237.80165984448305,97.67850205205188,21.222327870189652,118.90082992224153,0.36764879708919795,0.05424382716049385,1.7305107874217713,0.9085330255041636,0.19079193535587435,1.099324960860038,0.4542665127520818,0.09539596767793718,0.549662480430019,,,,,,,,53.7272853154802,7.382883148855999,76.71403260099947,0,1.9065623698943086,0.33902493720102356,,
1614,2,CP,2018,241.86076881592217,7.691608961601086,322.9404527662527,188.86964389527145,45.2863592121728,234.15600310744423,94.43482194763573,22.6431796060864,117.07800155372212,0,0,0,0,0,0,0,0,0,,,,,,,,102.40303716617584,1.2726018289003045,77.41999189197439,0,0,0,,
1615,2,CP,2018,224.53508170423788,6.938250175726398,297.34509629875737,171.1040633513061,40.4148702661522,211.51893361745832,85.55203167565305,20.2074351330761,105.75946680872916,0,0,0,0,0,0,0,0,0,,,,,,,,84.45043591014763,0.48469032545024815,70.09719858112638,0,0,0,,
1616,2,CP,2018,240.79904028611745,6.723585819368567,305.6708695336615,172.44152857484931,40.440092862210236,212.88162143705958,86.22076428742466,20.220046431105118,106.44081071852979,0,0,0,0,0,0,0,0,0,,,,,,,,67.28377201307673,0.3654988971134861,71.29681978592619,0,0,0,,
1617,2,CP,2018,420.1491106670795,13.220445941918584,555.5365339882737,325.2813301073754,78.0583152853751,403.3396453927505,162.6406650536877,39.02915764268755,201.66982269637526,0,0,0,0,0,0,0,0,0,,,,,,,,191.96846081067702,0.8685913104601823,133.3094422977983,0,0,0,,
1618,2,CP,2018,340.88781581579934,10.951793195524003,428.50559613344836,243.5264580141754,53.55948305716548,297.08594107134087,121.7632290070877,26.77974152858274,148.54297053567043,0,0,0,0,0,0,0,0,0,,,,,,,,109.609768967385,2.73502194770178,94.116480358874,0,0,0,,
1619,2,CP,2018,350.0707460448985,10.48005989570273,458.2540998471047,264.4488006768317,61.40150056811161,325.8503012449433,132.22440033841585,30.700750284055804,162.92515062247165,11.027172939045041,0.31761301855355206,13.550430131208815,5.715910481503979,1.2003412011158354,6.916251682619814,2.8579552407519895,0.6001706005579177,3.458125841309907,,,,,,,,133.08519502989066,0.30634980622758556,106.25166424620929,1.3933293044571122,0.059631192491655216,2.134192745665388,,
1620,2,CP,2018,318.4566715856248,10.11724983531016,425.41505903136783,249.08665825358662,59.77308282250242,308.85974107608905,124.54332912679331,29.88654141125121,154.42987053804453,0,0,0,0,0,0,0,0,0,,,,,,,,112.19584839634939,0.5300085349185923,102.08341435970834,0,0,0,,
1621,2,CP,2018,287.41544516772876,9.256009518794311,386.9577036288541,225.7809121098735,53.90789201735179,279.6888041272253,112.89045605493675,26.953946008675896,139.84440206361265,0,0,0,0,0,0,0,0,0,,,,,,,,119.13547942678534,3.157187155788003,92.34941935319064,0,0,0,,
1622,2,CP,2018,438.16847846950986,13.005378642199076,551.0918729919294,303.6172313170457,63.75961857657959,367.37684989362526,151.80861565852285,31.879809288289795,183.68842494681263,47.31323852826823,1.2914960692726987,58.91709582604739,24.85270521385555,5.219068094909664,30.071773308765213,12.426352606927775,2.609534047454832,15.035886654382606,,,,,,,,125.24796525485328,3.4263697966364632,115.72929332830518,9.282973901483997,0.10068014683446888,9.279442592602464,,
1623,2,CP,2018,326.8565980669334,10.257804841697958,433.9481469054289,254.10245491226914,60.97927246433811,315.08172737660726,127.05122745613457,30.489636232169055,157.54086368830363,0,0,0,0,0,0,0,0,0,,,,,,,,159.2931156762555,0.4086177919010949,104.13639155192483,0,0,0,,
1624,2,CP,2018,411.0841352256346,13.105964273659122,549.6730521353004,321.6959132572962,77.178036752596185,398.8739500098924,160.8479566286481,38.58901837629809,199.4369750049462,0,0,0,0,0,0,0,0,0,,,,,,,,161.48128356566048,1.447355183122768,131.86067701726967,0,0,0,,
1625,2,CP,2018,374.5470704050499,11.80286096777587,498.26598149832546,291.81111886032556,70.03466852647813,361.84578738680364,145.90555943016278,35.017334263239064,180.92289369340182,0,0,0,0,0,0,0,0,0,,,,,,,,150.22038402851908,0.3039268337428115,119.58383555959811,0,0,0,,
1626,2,CP,2018,235.86518722870207,7.6550335729629015,321.5137753079172,187.6581622439627,44.93402729620347,232.59218954016617,93.82908112198135,22.467013648101734,116.29609477008309,0,0,0,0,0,0,0,0,0,,,,,,,,97.37021956525761,2.568001168816184,76.95319041699496,0,0,0,,
1627,2,CP,2018,494.55243323812635,15.44956271815006,654.3819098135356,383.0078065091611,91.8719723932075,474.87977890236857,191.50390325458056,45.93598619660375,237.43988945118429,15.333078482241447,0.40489058482844764,18.240993607135817,6.4038823028927325,1.3164429694733322,7.720325272366065,3.2019411514463663,0.6582214847366661,3.8601626361830323,,,,,,,,228.77914473884334,1.1024027742085238,156.95451074126757,1.088864414402323,0.1453306288581202,2.811039349585738,,
1628,2,CP,2018,225.1141280290037,8.060883689580812,304.54992946870783,173.71837568983503,40.61660912714784,214.33498481698285,86.85918784491751,20.30830456357392,107.16749240849143,4.894538254563026,0.1054803838383393,15.505619640425255,8.0379210341367,1.6879634171687066,9.725884451305404,4.01896051706835,0.8439817085843533,4.862942225652702,,,,,,,,99.9031361160377,10.740604623040108,71.01725739494456,3.0862538054281274,0.7712898530658351,3.0287472550214405,,
21000,2,CA,2018,524.0271499161873,14.38738642190233,670.9447400720292,382.1407587615781,80.78928655442047,462.9300453159986,191.07037938078906,40.394643277210236,231.4650226579993,12.017369255978062,0.3483419268832337,15.644041510703648,7.2594865650166955,1.5508555788370757,8.810342143853772,3.6297432825083478,0.7754277894185378,4.405171071926886,14.415840816326531,,,6.225574533397566,,3.112787266698783,,144.38846229362096,5.144638379344143,141.81997685218394,1.8833228375833948,0.6067521563478463,2.724536423448363,,
2101,3,CP,2019,604.861164643569,16.008198175749516,758.886019158817,442.5502920823017,94.33723098591096,536.8875230682127,221.27514604115086,47.16861549295548,268.44376153410633,2.0311116883665292,0.06978684207328047,2.884899436991558,1.2924507958115832,0.2714146671204325,1.5638654629320157,0.6462253979057916,0.13570733356021625,0.7819327314660078,3.6897633180061864,,,1.9016126932311452,,0.9508063466155726,,146.7176441617081,3.0653830402694155,161.75940772436434,0.10773007071805381,0.2828294195469583,0.5048863671905774,,
2102,3,CP,2019,450.03314259354977,11.429173543439047,563.3421275891222,318.30991698889574,67.66688769920026,385.97680468809597,159.15495849444787,33.83344384960013,192.98840234404798,0.3232709345449009,0.011858657755426326,0.4398508762500724,0.22588651791612463,0.047436168762386176,0.27332268667851084,0.11294325895806231,0.023718084381193088,0.13666134333925542,18.94542952734883,,,7.998565583812137,,3.9992827919060683,,109.53102611952504,2.321665108934095,119.70507482033253,0.045748949907797265,0.03624481596697611,0.06927651300938639,,
2103,3,CP,2019,414.81252950353473,11.642735400756806,544.6859544685275,317.97504982589174,74.04879071014471,392.02384053603646,158.98752491294587,37.02439535507236,196.01192026801823,34.89930555555556,1.591354612238974,36.49066016779452,16.028156798145503,4.746482225165761,20.774639023311263,8.014078399072751,2.3732411125828805,10.387319511655631,54.42221225812256,,,22.73041068362242,,11.36520534181121,,213.31357438885112,3.7017826787940846,126.80441959525969,0,0,8.104593936732678,,
2104,3,CP,2019,533.2596098724235,14.25723303445722,678.1589195965728,405.24907616495955,85.2114669540304,490.46054311898996,202.62453808247977,42.6057334770152,245.23027155949498,0.8916834919940952,0.039876716621221414,1.191508119971947,0.6119019759238389,0.13069302322407275,0.7425949991479117,0.30595098796191944,0.06534651161203638,0.37129749957395586,16.585628575795756,,,6.970880592551983,,3.4854402962759914,,132.00458260938476,5.4926368073935095,142.59976489083576,0.07939406061195631,0.07098281620772286,0.19086610828481826,,
2105,3,CP,2019,604.6387915404682,16.16460225598217,792.5083130919205,447.6479315592666,97.57571410509411,545.2236456643607,223.8239657796333,48.787857052547054,272.61182283218034,4.422418131365985,0.16514431683102782,6.419179666536064,2.866807741683807,0.6020296257535994,3.4688373674374064,1.4334038708419035,0.3010148128767997,1.7344186837187032,10.621403186722372,,,4.649554417123883,,2.3247772085619416,,179.995475908625,5.520356921493098,172.52190212739416,0.4823885124511479,0.6585524691257327,1.0800864506938055,,
2106,3,CP,2019,443.82904698335614,11.478282427673921,570.9323274581255,325.6114680466405,68.52669804621117,394.1381660928517,162.80573402332024,34.26334902310558,197.06908304642585,0,0,0,0,0,0,0,0,0,95.43369655432977,,,41.070865432797106,,20.535432716398553,,116.32472623484357,9.884635669787471,120.14899276102213,0,0,0,,
2107,3,CP,2019,510.7905416602883,13.363957706011938,644.9209157988048,376.80246322768454,79.49679297968474,456.29925620736924,188.40123161384227,39.74839648984237,228.14962810368462,25.176540643724866,0.7889875781199163,28.223359000511678,11.926893396495768,2.968950092488159,14.895843488983928,5.963446698247884,1.4844750462440794,7.447921744491964,36.58791766080503,,,15.662523545992826,,7.831261772996413,,127.00487216021719,7.3669257281573195,136.06222118064974,1.254868787907876,0.47118197303165377,5.315990335807179,,
2108,3,CP,2019,394.5482590802334,10.085570947044742,492.3149719878189,275.7256777908004,57.90654537882066,333.63222316962106,137.8628388954002,28.95327268941033,166.81611158481053,32.480641519006895,0.7956381644577724,40.28815085978537,17.00191961745148,3.5704031196648107,20.57232273711629,8.50095980872574,1.7852015598324054,10.286161368558146,5.751990504072085,,,2.5084981088675997,,1.2542490544337999,,103.9674220627806,6.815364762672293,103.39323541653776,10.086497383349807,0.2495673630887656,6.355314441005606,,
2109,3,CP,2019,503.7599760446658,13.017545537790584,641.5713935480368,356.181509015386,74.87015944508826,431.0516684604742,178.090754507693,37.43507972254413,215.5258342302371,2.9032982313201905,0.10819330534531954,3.9082835225353603,1.8917692636333012,0.39727154536299325,2.2890408089962944,0.9458846318166506,0.19863577268149663,1.1445204044981472,7.0935110561701835,,,2.8929580075915475,,1.4464790037957738,,132.55959896128462,2.961337431555629,134.85300493108616,0.406389960808331,0.32759414321073516,0.6155546547993191,,
2110,3,CP,2019,518.8927680571668,14.31532383501398,655.160541858284,368.1565812540514,77.31288206335078,445.46946331740213,184.0782906270257,38.65644103167539,222.73473165870107,11.263620608631859,0.31386811107025936,13.996364976545,5.679685518154659,1.230305505525847,6.909991023680507,2.8398427590773294,0.6151527527629235,3.4549955118402536,6.70050798680511,,,3.2635825927127815,,1.6317912963563908,,133.61108639567436,4.312124412440397,137.58371379023964,1.4927336724668008,0.23651838406573494,2.272641203637813,,
2111,3,CP,2019,800.5412089023001,21.56519453346094,998.2229019759229,566.9828615171846,123.59134942766005,690.5742109448446,283.4914307585923,61.795674713830024,345.2871054724223,1.956898806314794,0.06902898846476274,3.1008257424971637,1.5924368176980546,0.33841007067153384,1.9308468883695884,0.7962184088490273,0.16920503533576692,0.9654234441847942,29.121665727913626,,,11.738511556345191,,5.869255778172596,,173.95954963672284,4.846684852115044,217.35313567316635,0.8115485180170064,0.32924703179084236,0.4942192903650634,,
2112,3,CP,2019,526.1490290699994,14.314098192742662,661.6002296928385,374.48641663591997,81.01403499584059,455.50045163176054,187.24320831795998,40.507017497920295,227.75022581588027,0.8615071570378612,0.042477935944281515,1.2704078213847592,0.5034571375322328,0.10572599888176887,0.6091831364140016,0.2517285687661164,0.052862999440884434,0.3045915682070008,24.928357390623763,,,10.342462662342143,,5.171231331171072,,160.45115382951076,3.8664715164218877,142.9860339212763,0.056443875642188696,0.08180676012925073,0.20008923186809957,,
2116,3,CP,2019,403.6238564568979,11.156877719759194,503.82633746780743,294.2243415862695,68.91765638845064,363.14199797472014,147.11217079313474,34.45882819422532,181.57099898736007,0,0,0,0,0,0,0,0,0,22.06033580123663,,,6.4932305793320495,,3.2466152896660248,,129.631940346039,2.1851303083896223,117.97889911734401,0,0,0,,
2117,3,CP,2019,559.5496765728764,15.570600245600486,709.4652615020754,415.9225523465709,97.34835446324493,513.2709068098159,207.96127617328546,48.674177231622465,256.63545340490793,1.0387882444382213,0.028396218912094272,1.706733707702622,0.876497365493105,0.184064446753552,1.060561812246657,0.4382486827465525,0.092032223376776,0.5302809061233285,1.0540584306620309,,,0.48665394144624574,,0.24332697072312287,,202.62637091579447,1.8634747142731491,166.0705393912824,0.6004247082287786,0.22358722259994163,0.26881055896316297,,
2118,3,CP,2019,519.0705709157978,14.182362410123847,662.2623586206413,374.65741988004356,78.95868267110424,453.6161025511478,187.32870994002178,39.47934133555212,226.8080512755739,11.473956177613262,0.45723150955176084,13.695562775971561,6.101876156916013,1.4419353777724238,7.543811534688437,3.0509380784580067,0.7209676888862119,3.7719057673442187,15.254474315657708,,,5.698730509449902,,2.849365254724951,,105.97725199361749,6.760591805323827,139.55426019145722,1.0808233680280481,0.5931792451065149,2.4695282451586444,,
2119,3,CP,2019,469.9710493175784,12.861244320776503,617.9852356869236,355.6553418611926,74.77722330054581,430.4325651617384,177.8276709305963,37.38861165027291,215.2162825808692,70.01797416901681,1.7126961246051373,85.27660735985702,40.017059074950865,8.40358240573968,48.42064148069055,20.008529537475432,4.20179120286984,24.210320740345274,44.99843233428413,,,21.287965572103293,,10.643982786051646,,105.3341100947023,6.2629243887754855,129.92989361026454,15.633242783801913,0.15743829079389937,14.92730189309612,,
2120,3,CP,2019,625.7635339181372,17.84861746970517,793.4494726920404,458.77616570341513,99.17327416885581,557.9494398722709,229.38808285170757,49.586637084427906,278.97471993613544,1.2192478147248638,0.048759747479998096,1.643954419082394,0.639595798467276,0.13431511767812795,0.7739109161454039,0.319797899233638,0.06715755883906398,0.38695545807270193,94.38124382020472,,,39.14999057978507,,19.574995289892534,,139.64546749390723,5.786572283714584,171.4570767046644,0,0.12948930916028015,0.25892282100547703,,
2124,3,CP,2019,637.2662314648016,18.866783556633106,827.9172197424937,506.941265395804,116.78137854826755,623.7226439440716,253.470632697902,58.39068927413378,311.8613219720358,0,0,0,0,0,0,0,0,0,17.790845297853444,,,6.2965817093262215,,3.1482908546631108,,258.27282110606257,3.2786079402326664,191.49030257074784,0,0,0,,
2125,3,CP,2019,522.7025508908124,14.875662537874,670.3794998250529,393.6375505900055,94.25997265285811,487.8975232428636,196.81877529500275,47.129986326429055,243.9487616214318,0.8727664031619933,0.0252290134423555,1.0561470240867161,0.6185359952790267,0.1484486388669664,0.766984634145993,0.30926799763951335,0.0742243194334832,0.3834923170729965,77.31445802045356,,,33.95960090108626,,16.97980045054313,,239.74174916737624,0.2545914856042091,160.57995380051548,0.051411756785201004,0.03813487854322936,0.25347528578081185,,
2126,3,CP,2019,482.8344345047847,13.784763699822603,673.6629826890119,404.84327659033414,94.70446820533044,499.5477447956646,202.42163829516707,47.35223410266522,249.7738723978323,1.359667467584953,0.10286956858640525,2.1302442833525554,1.0144930046382972,0.23975639381046596,1.254249398448763,0.5072465023191486,0.11987819690523298,0.6271246992243815,2.2258915192120643,,,0.6816657598685569,,0.34083287993427847,,156.3994288106548,8.009255291954206,158.01037799444694,3.3816433775002803,0.7881441786204838,0.414926294847567,,
2127,3,CP,2019,568.2017684546195,14.776185129637218,746.9093103038044,428.47052866190035,92.28511358822867,520.755642250129,214.23526433095017,46.142556794114334,260.3778211250645,0.6332787264592616,0.059399404162226666,0.7834407715887859,0.3510575897838022,0.08308934122424651,0.4341469310080487,0.1755287948919011,0.041544670612123254,0.21707346550402434,10.757979348554297,,,4.487993604436552,,2.243996802218276,,193.8184423123154,3.5673352360361874,160.7889549143819,0.05391919463930525,0.03664954498996311,0.14137954855620194,,
2128,3,CP,2019,543.3290580509655,14.345424608130646,700.1313397766385,400.8111976334888,85.79309860883305,486.6042962423219,200.4055988167444,42.896549304416524,243.30214812116094,0,0,0,0,0,0,0,0,0,10.290527133587348,,,4.346162739673495,,2.1730813698367477,,156.39494193363325,7.010845408964219,149.7984136728256,0,0,0,,
2131,3,CP,2019,350.42521516507173,10.168399792587595,493.68311190215474,293.3459422049128,68.875935622394607,362.22187782730737,146.6729711024564,34.437967811197304,181.11093891365368,0.5735247182290086,0.021571522007809586,0.790696832494285,0.2783766779266259,0.058459102364591446,0.33683578029121736,0.13918833896331295,0.029229551182295723,0.16841789014560868,3.110630311083397,,,1.416635890687858,,0.708317945343929,,135.90122740682872,3.459587852264682,116.0925548630073,0,0.026460088524376344,0.16604633482379985,,
2132,3,CP,2019,274.8048755763575,7.885698763252081,342.9205530207339,197.03023780679092,44.153311413694944,241.18354922048587,98.51511890339546,22.076655706847472,120.59177461024294,5.64528279141056,0.2073240156413524,12.89453827717809,5.545529490603124,1.1704116402341762,6.7159411308373,2.772764745301562,0.5852058201170881,3.35797056541865,2.005592783760776,,,0.903363525488174,,0.451681762744087,,40.15495604248715,7.311316578307902,76.6236537527888,3.1151717352268578,0.7066631390519611,2.0776789821802697,,
2133,3,CP,2019,519.654751818896,12.754829845987807,624.4123086446085,345.6955514087093,80.09094653890998,425.78649794761924,172.84777570435466,40.04547326945499,212.89324897380962,1.4335876448704996,0.09206313271030253,2.0783409448188275,0.9128904325211991,0.2234334352783971,1.1363238677995962,0.45644521626059953,0.11171671763919855,0.5681619338997981,2.635238032844419,,,1.1167627702562175,,0.5583813851281088,,83.32936140486306,8.269488815256278,143.58266569372935,2.287358748501383,0.5741999479331723,0.381511439191666,,
2134,3,CP,2019,519.0530367772463,13.529231582520849,653.1968839378189,369.51748588359055,78.4599274562039,447.97741333979445,184.75874294179528,39.22996372810195,223.98870666989723,19.7280254106961,0.522557042445307,24.449480150031018,10.466201783318116,2.2009417565531315,12.667143539871248,5.233100891659058,1.1004708782765658,6.333571769935624,10.636070198922418,,,4.300812776108627,,2.1504063880543134,,107.71968195905932,5.734918131291996,138.64193481890584,3.8129425174358187,0.30633575716578093,3.8567101937249975,,
2135,3,CP,2019,725.6320923411492,18.368993798088823,911.954490719055,511.47962088399345,108.02483039579266,619.504451279786,255.73981044199672,54.01241519789633,309.752225639893,5.405830936389127,0.1904182377873428,6.540288165280928,3.3768694369639576,0.8012943585860567,4.178163795550014,1.6884347184819788,0.40064717929302834,2.089081897775007,21.693536709057504,,,9.451278564695466,,4.725639282347733,,164.83270041299713,3.2501907709640645,192.55903272829832,0.7992865944592604,0.29612914295142306,1.412803375889904,,
2136,3,CP,2019,488.8932886510229,13.642548242986782,610.4329641722105,357.8600660087569,83.96160392555882,441.8216699343157,178.93003300437846,41.98080196277941,220.91083496715785,57.521559513401385,1.6503553788008758,72.93537591190437,32.07915687634305,7.690077874262582,39.76923475060563,16.039578438171525,3.845038937131291,19.884617375302813,8.20382545405043,,,3.650680457322596,,1.825340228661298,,175.10547408468074,1.8142296697301932,143.2356425992954,24.66492863340029,0.08125792901694218,13.11534108551374,,
2137,3,CP,2019,490.105955927675,13.732177500964541,607.7297298423605,355.6113140168009,84.99305860590282,440.60437262270375,177.80565700840046,42.49652930295141,220.30218631135187,8.559713790067509,0.35567952367995087,11.170545196692405,5.646438717637927,1.3582266979261566,7.004665415564084,2.8232193588189634,0.6791133489630783,3.502332707782042,3.752976124625774,,,1.3481644759098128,,0.6740822379549064,,106.98271120757045,3.512320589308396,145.2355107523983,2.9124408896283125,0.914208053103539,2.25157200858354,,
2139,3,CP,2019,174.1412113329845,5.6552191518419885,226.36448564651207,132.4228920081363,28.806012881566375,161.22890488970268,66.21144600406815,14.403006440783187,80.61445244485134,5.782855679898747,0.13207448071785843,28.931018567891098,12.20382752957251,2.562803781210227,14.766631310782738,6.101913764786255,1.2814018906051134,7.383315655391369,0.9023201079182176,,,0.38062119892731705,,0.19031059946365853,,37.48284547498551,5.145667348446408,49.23926533975987,3.382498866087774,0.4422206219926978,4.556635424442848,,
2140,3,CP,2019,579.6365534110304,16.21808445347657,739.4867787797637,432.1167005488518,103.00592717522784,535.1226277240796,216.0583502744259,51.50296358761392,267.5613138620398,0,0,0,0,0,0,0,0,0,22.201248051073676,,,12.951851640144124,,6.475925820072062,,210.81817704212855,0.4986119854592924,176.22853510241978,0,0,0,,
2141,3,CP,2019,515.5612808502922,14.154195585962965,653.1281146295357,378.72061764228397,89.10210119029185,467.82271883257584,189.36030882114198,44.551050595145924,233.91135941628792,14.940256309520123,0.37318932048124004,18.291943531597827,7.755147603734344,1.6381540772661174,9.39330168100046,3.877573801867172,0.8190770386330587,4.69665084050023,8.855402254292136,,,3.108391036029201,,1.5541955180146005,,172.0579396125519,2.0247060656030307,153.47081268172283,3.2873348684197654,0.09628605725471467,2.907220241339214,,
2142,3,CP,2019,474.9269894283882,13.89667800913478,621.236697171025,391.4995719113514,84.86924261171447,476.36881452306585,195.7497859556757,42.434621305857235,238.18440726153293,29.161080337391102,0.7162160235907247,36.06511844806413,15.3278350887677,3.2188453686412166,18.546680457408918,7.66391754438385,1.6094226843206083,9.273340228704459,19.06826531242715,,,10.015062693349078,,5.007531346674539,,109.7777230654458,2.797150605852367,134.9919654872283,8.37675761945054,0.12242134512091568,5.6802561555701,,
2143,3,CP,2019,592.5679235982008,16.186073089900237,739.0709967577461,431.3737904374958,99.57146031946981,530.9452507569656,215.6868952187479,49.785730159734904,265.4726253784828,5.572455440917797,0.23303568429096197,6.582270160868488,3.078902114151296,0.7713418672310729,3.8502439813823695,1.539451057075648,0.38567093361553645,1.9251219906911847,41.91335169673175,,,22.940630776204184,,11.470315388102092,,183.2510054635635,1.992001223012463,170.5432746114934,0.26260945419068715,0.14879141649869349,1.313981047796663,,
2144,3,CP,2019,575.2614174156789,14.646816928907272,713.4634006915653,397.77664586813603,85.67336603767826,483.4500119058143,198.88832293406801,42.83668301883913,241.72500595290714,7.42182157343081,0.20873767433361895,9.565929560879454,4.887139211877896,1.026299234494358,5.913438446372254,2.443569605938948,0.513149617247179,2.956719223186127,17.63627048034608,,,6.038842857768256,,3.019421428884128,,129.8216178328504,2.2834028023985504,153.48181483172857,0.6654348136586572,0.08206274630132365,1.8000473719697139,,
2145,3,CP,2019,412.6347055512366,11.638532238839577,519.6861685868159,306.4553058227023,73.1140262859513,379.5693321086536,153.22765291135116,36.55701314297565,189.7846660543268,8.81241478969868,0.44101723790551445,9.548912288097098,5.462870890709328,1.5480134797006402,7.010884370409968,2.731435445354664,0.7740067398503201,3.505442185204984,17.235316737379435,,,9.28998518054635,,4.644992590273175,,91.90171542592836,1.864598619961523,124.08903886142726,0.11454444614105323,0.07330303271816949,2.6158502366031917,,
2148,3,CP,2019,572.8736277058704,16.068891321272886,729.6286813070226,426.8686452050961,102.12816065990226,528.9968058649984,213.43432260254804,51.06408032995113,264.4984029324992,0,0,0,0,0,0,0,0,0,0.240925216075998,,,0.1058239867992658,,0.0529119933996329,,188.9163739861036,0.7748340445809762,174.54136859697118,0,0,0,,
2149,3,CP,2019,591.1638350137468,16.070960640914535,752.3223093631971,437.4417617015715,101.4545399745759,538.8963016761475,218.72088085078576,50.72726998728795,269.44815083807373,17.449373758740617,0.6666870146427873,18.463661428082098,9.49235643045199,2.3243415073119404,11.81669793776393,4.746178215225995,1.1621707536559702,5.908348968881965,52.190424932463074,,,30.335078626244584,,15.167539313122292,,182.12904030486885,2.247573576436986,174.36558283601224,1.0866846124236884,0.2902603841357875,4.462877662727192,,
2150,3,CP,2019,558.4433540250109,15.293235338616864,683.625663384724,397.7240755617467,93.13929972338963,490.86337528513633,198.86203778087335,46.56964986169481,245.43168764256816,23.88332795881946,0.6037090035048771,29.651343009673898,12.649404610467162,2.699886817456393,15.349291427923553,6.324702305233581,1.3499434087281965,7.674645713961777,2.514064532727276,,,1.0973029436054598,,0.5486514718027299,,104.86391329563459,6.505073218146117,159.9827836279313,6.112320081506493,0.2923421571372118,4.775829031140969,,
2151,3,CP,2019,316.49504464118763,9.89728253203823,405.14968873647,215.3427217848589,47.055309242788965,262.39803102764785,107.67136089242945,23.527654621394483,131.19901551382392,3.413077439829432,0.16462395405503566,4.659181262984169,2.1749864850046903,0.47351696721331976,2.64850345221801,1.0874932425023451,0.23675848360665988,1.324251726109005,6.347194623470641,,,2.7243326276318807,,1.3621663138159403,,61.58419043715953,7.990788207197527,88.21184925393666,2.1031128658014215,0.41546930293977125,0.932931865203526,,
2152,3,CP,2019,410.1658395296522,11.555583877424306,512.1829356465431,300.08899966801977,71.83567175425912,371.92467142227895,150.04449983400988,35.91783587712956,185.96233571113947,4.28442398774011,0.23918560505865233,4.854160207194176,2.132141226452607,0.5709892538498175,2.7031304803024243,1.0660706132263036,0.28549462692490873,1.3515652401512122,3.5571660297515577,,,1.4427175098297171,,0.7213587549148586,,102.54819543912893,3.120050000741179,122.61336750866012,0.2855341780347267,0.16071743219993428,0.9749612081459206,,
2155,3,CP,2019,677.8500065485131,19.762095977029542,873.2066143364412,526.5585763858717,122.78056471034193,649.3391410962136,263.27928819293584,61.39028235517097,324.6695705481068,5.251215074781028,0.12999869218703816,11.894175244981401,6.350728378606475,1.3534081530179265,7.7041365316244015,3.1753641893032376,0.6767040765089632,3.8520682658122007,6.877852571504151,,,3.938029922423782,,1.969014961211891,,263.06397282232285,3.794046983101232,204.21039883200032,2.957709909327958,0.9244220251640334,1.9908394982822093,,
2156,3,CP,2019,592.4630386246395,15.861163852851135,733.3396393954936,424.54842004964974,97.95678383426134,522.505203883911,212.27421002482487,48.97839191713067,261.2526019419555,16.131216759272647,0.46082508208076856,20.426181723845474,11.757988643442172,2.8157372207106666,14.573725864152838,5.878994321721086,1.4078686103553333,7.286862932076419,11.265980706244548,,,4.952097076448917,,2.4760485382244584,,128.58045755144826,2.7225747374717644,169.0300375883959,2.2714122817579594,0.17246784527281545,4.797168044173011,,
2157,3,CP,2019,569.5191611683475,16.14567743338674,721.3243871936024,422.44601137577604,101.38704273018624,523.8330541059622,211.22300568788802,50.69352136509312,261.9165270529811,0.22079045364072647,0.007976281366918735,0.3101827511010366,0.1592951278424232,0.03345197684690887,0.19274710468933207,0.0796475639212116,0.016725988423454435,0.09637355234466603,0.7850193780829776,,,0.34481189497912845,,0.17240594748956423,,255.1273209671811,0.5908095842472363,173.11785292646456,0.06387512710486654,0.036853114752665624,0.04885378329841327,,
2158,3,CP,2019,217.39866231300263,6.013217966694827,329.1402533461508,191.11955316040147,44.67513645001176,235.7946896104132,95.55977658020073,22.33756822500588,117.8973448052066,0.7999999999999999,0.050896500104897976,0.8508965001048979,0.49833034754506894,0.1397497108205767,0.6380800583656456,0.24916517377253447,0.06987485541028834,0.3190400291828228,29.78230021280552,,,17.39265588481278,,8.69632794240639,,74.5201087937875,1.5997150582434077,76.87153151788377,0,0,0.2386219109747192,,
2161,3,CP,2019,545.250707880875,15.005669702810458,668.4461909802743,389.0791870254359,91.63608649462148,480.71527352005734,194.53959351271794,45.81804324731074,240.35763676002867,7.2210115893507405,0.28734810176707093,9.715661849707557,4.617814303687511,1.0701142077351844,5.687928511422695,2.3089071518437554,0.5350571038675922,2.8439642557113474,3.3937139031961814,,,1.5229469453265834,,0.7614734726632917,,118.73281991443308,5.436131852543068,157.32819713267673,3.564800730079955,1.2364296168530862,1.7612125230543438,,
2162,3,CP,2019,582.0533520724462,15.184106760299134,719.9742385812478,415.7621127510965,92.23034019171546,507.99245294281195,207.88105637554824,46.11517009585773,253.99622647140598,12.993508553512866,0.3785342970693595,15.653513550419799,6.770091857819608,1.518119196484086,8.288211054303694,3.385045928909804,0.759059598242043,4.144105527151847,5.579169456533364,,,2.4338877291727847,,1.2169438645863924,,128.63458192472046,2.4324037665291,159.5959710411382,1.9423646395627505,0.3327216435556713,2.623893346915389,,
2163,3,CP,2019,443.94642604123067,12.664270434452497,575.5838986978355,337.660787492903,80.4367474498778,418.0975349427808,168.8303937464515,40.2183737249389,209.0487674713904,0.1733708720773421,0.008316713701377236,0.24581071100662225,0.09600639923809463,0.020161343839999877,0.11616774307809451,0.04800319961904732,0.010080671919999938,0.058083871539047253,22.704931004641367,,,10.023059601606143,,5.011529800803071,,224.13041600617234,1.6460342624211328,137.1415990159922,0,0.03163833138122808,0.038715186983543,,
2164,3,CP,2019,637.1021435496764,17.173115938059972,787.7884421962165,456.7014130810138,106.21520684076549,562.9166199217793,228.3507065405069,53.107603420382745,281.45830996088966,0,0,0,0,0,0,0,0,0,1.236064486805409,,,0.5238339970145055,,0.26191699850725275,,141.4607186719746,3.2074558127815833,183.03627622069087,0,0,0,,
2165,3,CP,2019,566.4213925655472,15.060806592442292,703.7250510882585,407.7073593066007,92.64324276821407,500.3506020748148,203.85367965330036,46.32162138410703,250.1753010374074,1.0106291361834527,0.03144756520263704,1.2438457895896056,0.5463467982377215,0.13112323157705316,0.6774700298147747,0.27317339911886074,0.06556161578852658,0.33873501490738733,18.87463740866155,,,9.701610803151375,,4.850805401575688,,140.82891563045405,1.6486463876933346,159.77689518754013,0.12541888590840047,0.07957880084759539,0.223892242126129,,
2166,3,CP,2019,503.6939675255011,13.564447536633955,623.5362301187387,357.26380109584346,81.33799807915543,438.6017991749989,178.63190054792173,40.66899903957771,219.30089958749946,2.4524975259829294,0.11149263171711624,3.048283497196759,1.3570120406405022,0.33196931434910154,1.6889813549896038,0.6785060203202511,0.16598465717455077,0.8444906774948019,4.8701907734831815,,,2.173058017716583,,1.0865290088582915,,141.9517200357359,4.069629221640986,141.68617425388948,0.49798271860376137,0.23668466416640777,0.5585358089156576,,
2167,3,CP,2019,426.8697351980007,12.241087639635733,537.869535395095,323.82067115138943,75.08656484258938,398.9072359939788,161.91033557569472,37.54328242129469,199.4536179969894,2.434270715020867,0.08320878595075686,3.2237224701518516,1.6021280996859915,0.3459198773426674,1.9480479770286587,0.8010640498429957,0.1729599386713337,0.9740239885143294,18.131341383104242,,,8.400101086091963,,4.200050543045982,,97.41422246495775,3.99896511633718,125.04887823243446,0.32960461169864824,0.18278821906451123,0.5239113474441568,,
2168,3,CP,2019,341.29833782568096,10.428252864902284,428.74906067927594,236.2324397118893,50.57203332217821,286.8044730340675,118.11621985594465,25.286016661089104,143.40223651703374,9.845663830051135,0.39992257118658725,13.051360895545518,5.30658203638132,1.1257815489062253,6.432363585287545,2.65329101819066,0.5628907744531126,3.2161817926437726,6.331463041540135,,,2.611822933230483,,1.3059114666152416,,44.1419323251866,6.563976413224393,91.68199760626374,0.9576923991931565,0.8306962603714111,2.0774790949163537,,
2169,3,CP,2019,568.1321502812415,15.182837146386778,705.8619946331063,406.7175103608009,92.41404100145654,499.13155136225737,203.35875518040044,46.20702050072827,249.56577568112868,0.2856903908467566,0.019294227214135998,0.35331168246698325,0.16744057650390362,0.04309219721643772,0.21053277372034132,0.08372028825195181,0.02154609860821886,0.10526638686017066,3.160233601680371,,,1.4855143974688836,,0.7427571987344418,,154.33862874580106,5.008418070851874,160.18922651090983,0.11060405277090485,0.03922067456130842,0.06784074021607865,,
2170,3,CP,2019,419.61122949765235,11.84487219419698,528.2150431850073,312.68836988341286,71.92669402577593,384.6150639091888,156.34418494170643,35.963347012887965,192.3075319545944,5.541484510685909,0.19287428305619553,7.025759618050067,3.119767801525126,0.7438456082808236,3.863613409805949,1.559883900762563,0.3719228041404118,1.9318067049029746,4.236976916897767,,,1.7560320127429,,0.87801600637145,,89.36178432388985,4.850988030445796,121.61772461270162,1.5584227856718122,0.5474005215234724,1.2582875610727244,,
2171,3,CP,2019,751.9965546359198,19.856500960888166,929.655138521842,535.0662360667989,121.59301943174559,656.6592554985444,267.53311803339943,60.796509715872794,328.3296277492722,0,0,0,0,0,0,0,0,0,24.49901394258604,,,10.433117507274046,,5.216558753637023,,233.01737778155373,2.6690774028870385,210.98623660603576,0,0,0,,
2172,3,CP,2019,686.2903749062249,17.398227425612227,842.8132348583398,480.13527284882576,105.45083612278974,585.5861089716154,240.06763642441288,52.72541806139487,292.7930544858077,54.54522058858974,1.9672693253173306,66.27415881058255,27.994367548189864,5.99211973515981,33.986487283349675,13.997183774094932,2.996059867579905,16.993243641674837,39.78350488051088,,,17.093825656608303,,8.546912828304151,,169.01190062920978,2.0574993380358286,184.883552714764,5.070764254136337,0.10678124310384013,10.637589374088167,,
2173,3,CP,2019,393.6309520891121,11.698271044681789,502.18545259177614,300.95509546362047,70.46196537748692,371.4170608411074,150.47754773181023,35.23098268874346,185.7085304205537,4.287647548185707,0.24494447812485695,5.825243211539376,2.9548143213218823,0.6834160520198548,3.638230373341737,1.4774071606609411,0.3417080260099274,1.8191151866708686,1.3639967668391877,,,0.5991219109364597,,0.29956095546822986,,162.29627330212168,7.031611086308962,117.85774014619881,2.8467581050451507,0.7243187768300207,1.154551681655296,,
2174,3,CP,2019,580.2674797076842,15.69661059515215,719.5385893691453,419.65952505740927,95.80786820040915,515.4673932578185,209.82976252870463,47.90393410020457,257.73369662890923,26.34218474237319,0.6645358630927525,32.60582707370885,13.788666988822579,2.9280875055243607,16.71675449434694,6.894333494411289,1.4640437527621804,8.35837724717347,1.3871768001063938,,,0.7299018538932031,,0.36495092694660153,,124.80923855747301,4.864468480259799,164.215584943818,7.13174322971381,0.1722454320234024,5.190855746942078,,
2175,3,CP,2019,545.1758133689893,14.988559588286957,676.2690825557692,394.1688109302359,92.07272464416452,486.2415355744005,197.08440546511795,46.03636232208226,243.12076778720024,3.528299861061171,0.12322469672985434,4.495943715252463,1.8215280518090364,0.39060911910283763,2.2121371709118742,0.9107640259045182,0.19530455955141882,1.1060685854559371,10.674497275737828,,,4.5318355078693076,,2.2659177539346538,,147.1771462436295,3.8439277710064217,157.89155537039815,0.25781848482672326,0.32572146689142095,0.7219217431572809,,
2176,3,CP,2019,490.9878977601107,13.604590307237979,611.7122151952198,360.09069025442415,84.42535749302037,444.51604774744453,180.04534512721207,42.212678746510186,222.25802387372227,1.174448457719505,0.05404411814231075,1.4539830989049922,0.6386475055244591,0.15729804282525595,0.7959455483497152,0.3193237527622296,0.07864902141262797,0.3979727741748576,23.056193037598206,,,10.129526618411974,,5.064763309205987,,98.3503922554981,2.9743911734816173,143.49629846578517,0.2436533640656906,0.11951458577157589,0.26858559743094074,,
2177,3,CP,2019,493.6396992435642,13.930018953930002,654.8349091102573,383.26991912120144,89.80050940799656,473.07042852919795,191.63495956060072,44.90025470399828,236.53521426459898,0.14620251249533606,0.007055474585098167,0.2313744438766948,0.09759952976407651,0.020495901250456066,0.11809543101453258,0.04879976488203826,0.010247950625228033,0.05904771550726629,34.94788609744377,,,14.805094066207776,,7.402547033103888,,230.4145007890542,3.301147627318935,153.41864147620134,0.07553912615573473,0.02260758614399061,0.03644147491057943,,
2178,3,CP,2019,544.5620645009811,14.987146803510146,678.2241561203803,394.7187071481466,92.92636828076138,487.64507542890806,197.3593535740733,46.46318414038069,243.82253771445403,4.796749434605722,0.20273837688508115,5.417083478611582,2.700487632780574,0.7056231289651674,3.4061107617457416,1.350243816390287,0.3528115644825837,1.7030553808728708,16.768278325264525,,,7.540178299375073,,3.7700891496875366,,166.97741807080786,1.4130170436881926,159.56253448771184,0.15990387018862912,0.11615970301535894,1.1709434384376871,,
2179,3,CP,2019,576.8033637073258,15.568349665056278,714.1794377638292,415.5718930856015,95.513393387584,511.08528647318553,207.78594654280076,47.756696693792,255.54264323659277,1.170903379018894,0.03581159775642644,1.4381694729943746,0.6317015288148821,0.15160836691557167,0.7833098957304536,0.31585076440744103,0.07580418345778583,0.3916549478652268,5.74100527622223,,,2.448592697194718,,1.224296348597359,,124.60879401509136,3.866236671447872,164.05306709168428,0.15703567147296096,0.07714449688156924,0.2588705051389874,,
2180,3,CP,2019,487.51006813091976,13.578963866513988,602.2781029653972,352.24016607050186,82.96650209425493,435.20666816475676,176.12008303525093,41.48325104712747,217.60333408237838,15.783444216707467,0.6744156551811185,19.156228699942154,9.10508437054489,2.0796611144596695,11.18474548500456,4.552542185272445,1.0398305572298348,5.59237274250228,13.111576794103298,,,5.5094673817299755,,2.7547336908649878,,90.54946919984238,4.062371733118497,141.83914003541003,1.3998969573024815,0.4421440618651741,3.64349036104441,,
2181,3,CP,2019,505.41027021133357,14.063339644482317,634.7208996190883,380.4639755362175,86.49021563650162,466.9541911727191,190.23198776810875,43.24510781825081,233.47709558635955,7.28172540885574,0.3836086275099571,8.632074990271695,3.8390231149251073,0.9394174933479175,4.778440608273025,1.9195115574625536,0.46970874667395873,2.3892203041365123,18.526745923721748,,,8.54791827965389,,4.273959139826945,,106.17671460852799,2.42874616354827,144.54852811312094,0.5412343736741159,0.35220464494625975,1.58470892894641,,
2182,3,CP,2019,423.69246498881614,12.032724806428845,533.201789398567,306.9069795707528,71.60837012512103,378.51534969587385,153.4534897853764,35.804185062560514,189.25767484793693,25.14255249253019,0.7324705958489902,31.74014044572411,13.417753783934849,2.8629679831862043,16.280721767121054,6.708876891967424,1.4314839915931021,8.140360883560527,34.589302937104705,,,14.368785713098102,,7.184392856549051,,86.92115576593517,3.5080777695845415,124.19446067187356,7.329438448690217,0.610047321676875,5.105849948246663,,
2183,3,CP,2019,537.6863470333952,14.794636736699847,666.0832573510531,387.2465302409756,90.87012617180963,478.11665641278523,193.6232651204878,45.435063085904815,239.05832820639262,0.22537053880758728,0.008604778528240658,0.2935276274019979,0.12892906883441574,0.030942976520259773,0.15987204535467553,0.06446453441720787,0.015471488260129887,0.07993602267733776,34.387459101499054,,,11.027563354447626,,5.513781677223813,,148.5606678781739,4.430546113670946,156.181250689978,0.09125264852205062,0.04019350313355409,0.05283497293235961,,
2184,3,CP,2019,558.3803274564591,15.718728485748196,706.0679218908497,413.5110120477816,99.24264289146758,512.7536549392491,206.7555060238908,49.62132144573379,256.3768274696246,0.326301964662273,0.014075225475616385,0.4439825979739682,0.19501490691734066,0.04680357766016176,0.2418184845775024,0.09750745345867033,0.02340178883008088,0.1209092422887512,10.913268594917316,,,3.2262665942987123,,1.6131332971493562,,151.3190713344618,2.614837769471368,169.45630125380393,0.20796620622582263,0.07920071644153087,0.07991686763531428,,
2185,3,CP,2019,596.5839227872638,16.282109317058726,742.3694630007909,430.6520195051607,100.38505347836626,531.037072983527,215.32600975258035,50.19252673918313,265.5185364917635,2.0837791175139846,0.11277803928202193,2.5272857457137667,1.213672955079085,0.3040451687925935,1.5177181238716786,0.6068364775395425,0.15202258439629676,0.7588590619358393,34.96051238959573,,,15.649505579726515,,7.824752789863258,,150.18522996190296,3.840142926030056,172.88396687907826,0.44372298974540986,0.19940421197208394,0.49116333731332834,,
2186,3,CP,2019,598.3352866122206,16.404297522963645,748.3679891851554,441.1957107893353,101.30729806570064,542.503008855036,220.59785539466765,50.65364903285032,271.251504427518,6.541167969065329,0.2078311304690764,8.187513284134846,3.7381881097258107,0.8677452161467433,4.605933325872554,1.8690940548629054,0.43387260807337164,2.302966662936277,0.7002074772975633,,,0.3075591174769794,,0.1537795587384897,,141.25008809012925,2.6936223224683045,171.93769256688364,0.7037638527784089,0.4638972648667718,1.4307870710195514,,
1701,3,CP,2020,361.27386463860176,11.435844558742042,471.54599823245354,242.95716762835082,50.74570909403948,293.70287672239033,121.47858381417541,25.37285454701974,146.85143836119516,0.5168884483282237,0.06319337616195193,1.5416171494419149,0.8552883842802277,0.1796105606988478,1.0348989449790753,0.42764419214011384,0.0898052803494239,0.5174494724895377,18.083597258027684,,,6.34940795962866,,3.17470397981433,,102.14619872588476,2.796269057818084,98.30041537068138,9.213473247783966,0.44257085873090557,0.3012759861452102,,
1702,3,CP,2020,475.3863658958843,13.9409331921806,660.779817279886,374.3654537694956,78.61674529159407,452.98219906108966,187.1827268847478,39.308372645797036,226.49109953054483,87.18249761302944,2.5181174999322207,111.99956185882853,52.02204553634228,10.92462956263188,62.94667509897416,26.01102276817114,5.46231478131594,31.47333754948708,34.719582064842555,,,11.88758935149343,,5.943794675746715,,151.7104897147485,5.899636963093024,138.76376162877605,20.263103211641074,0.31705935456196765,19.429199773518544,,
1703,3,CP,2020,315.53833687204855,10.749279047492845,464.0619231471258,269.1430746328847,58.93516763757715,328.07824227046183,134.57153731644235,29.467583818788576,164.03912113523091,139.1529739755144,4.434302555370177,145.45374091710238,61.25016445038291,18.189594663899175,79.4397591142821,30.625082225191456,9.094797331949588,39.71987955714105,78.45695197592632,,,25.37219514198221,,12.686097570991105,,100.91630537573118,7.518809253686654,101.5768121683555,0.37850183167990614,0.05033209517012488,32.02386399302536,,
1704,3,CP,2020,601.1834203835076,22.755006804069165,893.7864363062972,545.1875707591842,117.54638707492971,662.7339578341139,272.5937853795921,58.773193537464856,331.36697891705694,5.281250000000001,0.401266628925399,5.682516628925399,1.4689447450328121,0.37597005659689864,1.8449148016297106,0.7344723725164061,0.18798502829844932,0.9224574008148553,2.65732756002007,,,0.8596833974635236,,0.4298416987317618,,198.7649397327803,4.644604927400429,192.91495861443354,0,0,1.0908116723659562,,
1705,3,CP,2020,423.76314200367904,11.617767271861057,551.0564374722053,246.85198375766143,51.8389165891089,298.6909003467703,123.42599187883071,25.91945829455445,149.34545017338516,36.715044779451716,1.2104507693681024,38.96286664036195,16.79650976580429,4.301479575394345,21.097989341198637,8.398254882902146,2.1507397876971726,10.548994670599319,177.99981184562088,,,73.89256479584293,,36.946282397921465,,150.57319059530005,4.0750352376571986,115.72185186916312,0.06953515048529618,0.3223195963535058,7.713164762876232,,
1706,3,CP,2020,286.7005928222661,8.245860355627741,377.4003330144808,211.09453834460555,44.32985305236716,255.4243913969727,105.54726917230278,22.16492652618358,127.71219569848635,92.71903935185185,1.5058528356457086,94.22489218749756,32.47649337280391,8.849423608589046,41.32591698139296,16.238246686401954,4.424711804294523,20.66295849069648,33.38740606926737,,,13.1615361296767,,6.58076806483835,,71.99926478121792,5.2933785537276385,79.25406993304097,0,0,25.67506214014657,,
1707,3,CP,2020,395.8370922701887,12.343031278086345,531.183184804264,311.76241520060915,65.47010719212791,377.23252239273705,155.88120760030458,32.735053596063956,188.61626119636853,74.95536738968582,2.2349874072427047,95.61311595890491,41.91988591651602,8.803176042468365,50.72306195898439,20.95994295825801,4.401588021234183,25.361530979492194,14.25190270557349,,,6.13603565010196,,3.06801782505098,,94.77678972957656,3.71421135754671,111.54846880889544,14.839678120485573,0.19533611381994054,15.651944989629888,,
1708,3,CP,2020,193.7451882274861,6.313735398017683,252.26899611168471,140.70361402425232,31.286341383670695,171.98995540792302,70.35180701212616,15.643170691835348,85.99497770396151,30.54562113681899,0.9649623053250751,39.689983390657275,22.11634426013994,4.666533798713705,26.782878058853647,11.05817213006997,2.3332668993568526,13.391439029426824,2.4606533127511407,,,1.0441949780521629,,0.5220974890260814,,61.30352012641219,9.451511858770393,55.94510973690266,12.767911630150644,1.1189719236726083,8.284578906283675,,
1709,3,CP,2020,465.4445899391029,14.429262443530346,601.7967062274803,336.53499635343724,70.67234923422181,407.207345587659,168.26749817671862,35.336174617110906,203.6036727938295,9.945952455809524,0.4007350057393094,19.77544898316958,8.341779192603575,1.8902431730008442,10.232022365604418,4.170889596301787,0.9451215865004221,5.116011182802209,51.986233070227854,,,22.357394929978724,,11.178697464989362,,136.32468310400228,4.940847270514566,126.37730830777086,2.3927040635931145,0.20598643246527615,3.360830456883254,,
1710,3,CP,2020,497.2228444160014,15.717270113167293,640.6245484747901,362.202297133679,76.06248239807259,438.26477953175157,181.1011485668395,38.031241199036295,219.13238976587579,63.08883447507047,1.1931308358187191,65.75180418838355,36.20798680027664,9.391346402241643,45.59933320251829,18.10399340013832,4.6956732011208215,22.799666601259144,40.29967226219484,,,16.805590439503817,,8.402795219751908,,158.14546123217664,3.115665245054862,134.53115517970593,0,0.6168680287756011,16.754405445845777,,
1711,3,CP,2020,352.3795851028957,12.745439612303853,498.23444647209783,298.616004585546,64.95250297237031,363.56850755791635,149.308002292773,32.476251486185156,181.78425377895817,5.461805555555557,0.27549366185449026,5.7372992174100474,2.420136365766654,0.6306751958071004,3.050811561573755,1.210068182883327,0.3153375979035502,1.5254057807868775,57.73597064766106,,,25.000788639171663,,12.500394319585832,,121.24002950820325,2.7856426849358042,108.45938717934523,0,0,1.1213331896892222,,
1712,3,CP,2020,270.86267785949076,8.695960496003456,353.1731169474792,186.8970558755595,41.5555885868736,228.45264446243308,93.44852793777974,20.7777942934368,114.22632223121654,0.03929751681281367,0.025413657578439896,0.3128852821087798,0.13743172467725226,0.03298361392254054,0.1704153385997928,0.06871586233862613,0.01649180696127027,0.0852076692998964,28.65008059310348,,,12.038382473703678,,6.019191236851839,,43.07165092571185,13.74620521123024,78.1058983694414,2.039778968409662,0.30497689799171623,0.05631935077958037,,
1713,3,CP,2020,433.9953526012878,15.563027490561012,558.5800514282363,309.9066325870122,65.08039284327256,374.9870254302848,154.9533162935061,32.54019642163628,187.4935127151424,1.1574310603487175,0.03897317463304661,1.435108045872228,0.807630977760189,0.1696025053296397,0.9772334830898288,0.4038154888800945,0.08480125266481985,0.4886167415449144,108.9990115159827,,,52.007482565489575,,26.003741282744787,,139.88117341628632,5.417528186070032,117.30181079992963,0.0528754687635276,0.0906407238232312,0.30137268963316793,,
1714,3,CP,2020,656.2518267944816,21.620916244107423,919.6304213654663,529.7053956075864,115.52745270746728,645.2328483150537,264.8526978037932,57.76372635373364,322.61642415752686,0,0,0,0,0,0,0,0,0,58.146069708740384,,,25.20227951977135,,12.601139759885674,,326.2437027742872,6.291750529148522,200.4463796481753,0,0,0,,
1715,3,CP,2020,535.2891694791236,17.597091201894195,725.0263266854356,412.2548395422357,92.6346597013822,504.8894992436179,206.12741977111784,46.3173298506911,252.44474962180894,50.38824111080201,1.8956630921127744,71.10756466069135,39.93705285144705,9.520117045686517,49.45716989713356,19.968526425723525,4.760058522843258,24.72858494856678,31.546032499590158,,,13.470488845236767,,6.735244422618384,,204.98419538687995,3.5308684447948453,162.6048997168678,19.213630881829157,0.10826757643241355,16.554583615698164,,
1716,3,CP,2020,574.4004185573527,20.5619840609409,825.8765126937321,497.9176716302143,104.56271104234499,602.4803826725592,248.95883581510714,52.28135552117249,301.2401913362796,116.19129709253964,4.8983329907971855,140.43554565981574,71.14831317412713,17.35197072384545,88.50028389797258,35.57415658706356,8.675985361922725,44.25014194898629,34.707203347046516,,,16.777529330444,,8.388764665222,,151.9176860969612,3.5046806589015884,173.43406766568376,14.177319762627446,0.5644566403974266,29.111373494942637,,
1717,3,CP,2020,604.6919686381984,18.303573433326495,789.2818681921909,443.5063669576371,96.29557705449268,539.8019440121299,221.75318347881856,48.14778852724634,269.90097200606493,39.39044006920312,1.3017518471986604,52.36904444303616,21.73982951889437,4.565364198967818,26.305193717862192,10.869914759447186,2.282682099483909,13.152596858931096,17.529423675933387,,,7.310300127348902,,3.655150063674451,,202.1664487271331,3.0067018218133263,171.14357832676902,7.768297663121768,1.5239016097328761,8.248124499778195,,
1718,3,CP,2020,572.7388795360714,16.425330328769515,743.6912308347481,416.28995338480297,87.42089021080862,503.7108435956116,208.14497669240149,43.71044510540431,251.8554217978058,0,0,0,0,0,0,0,0,0,33.33404004143557,,,14.21803636992228,,7.10901818496114,,188.4810098039314,6.585971144762416,156.1751584752971,0,0,0,,
1719,3,CP,2020,399.89516731908697,14.363032543691068,557.0123461380373,324.03556297512813,72.06733036769903,396.10289334282714,162.01778148756406,36.033665183849514,198.05144667141357,303.11419753086426,8.446171658575706,311.56036918943994,136.8497699546624,44.874199495032386,181.7239694496948,68.4248849773312,22.437099747516193,90.8619847248474,58.60497628570122,,,19.333890324320485,,9.666945162160243,,210.00211408426384,13.480641002542438,123.83648658019271,0,0,76.62246436211421,,
1720,3,CP,2020,563.7113360965634,16.56979000099107,735.9811818564334,404.23938928488013,84.89027174982483,489.12966103470495,202.11969464244007,42.44513587491242,244.56483051735248,71.4865934112239,2.117639790027369,93.23300592155509,36.787817986680906,7.839817843480354,44.62763583016125,18.393908993340453,3.919908921740177,22.313817915080627,47.603528385782795,,,19.49172401602103,,9.745862008010516,,141.1640930864024,5.965515395505245,154.556048189851,23.435275872688983,0.08443727650930247,14.887534926002537,,
1721,3,CP,2020,675.3245807862871,22.671844453303045,910.8058605699771,513.916985809307,107.16431219394731,621.0812980032543,256.9584929046535,53.582156096973655,310.5406490016272,61.69142495497046,1.819788887650819,82.06966282389341,32.28186138821972,6.7923034947942424,39.07416488301396,16.14093069410986,3.3961517473971212,19.53708244150698,83.1626724241935,,,32.592736002920994,,16.296368001460497,,201.56532717739577,5.803476478605235,189.47431107947975,21.1720101474589,0.16277348585724022,12.951499515585093,,
1722,3,CP,2020,438.4338705243968,13.740275537546701,579.8060389083769,327.88381414154645,72.3326006955627,400.21641483710914,163.94190707077323,36.16630034778135,200.10820741855457,33.82244453198173,1.0203193281265381,43.12100832435827,18.18952026375505,3.8197992553885602,22.00931951914361,9.094760131877525,1.9098996276942801,11.004659759571805,14.091126739913069,,,6.118375755948895,,3.0591878779744475,,216.12430361994515,2.113116592281711,127.58793422330565,6.416409759088478,0.09958847697972739,6.791558811086427,,
1723,3,CP,2020,575.7575567570167,17.38429252599854,761.5518873805923,425.91457366736347,92.07942468162067,517.9939983489842,212.95728683368174,46.03971234081033,258.9969991744921,72.49049999393765,1.6591350808767034,76.31565412353362,30.446116401260664,8.085960774392742,38.5320771756534,15.223058200630332,4.042980387196371,19.2660385878267,95.81560829254961,,,40.17956840324752,,20.08978420162376,,228.53316985124144,4.227558468995873,164.42918214839256,0.2828523130030948,0.48537143948520434,15.667907441550232,,
1724,3,CP,2020,138.47240613401252,4.350459174896493,180.08156460269473,99.76010526293322,20.949622105215976,120.7097273681492,49.88005263146661,10.474811052607988,60.3548636840746,19.583639835427736,0.5830187263626558,24.88462527721585,13.995943456952395,2.939148125960003,16.9350915829124,6.997971728476197,1.4695740629800016,8.4675457914562,52.50369294723978,,,22.764221212076347,,11.382110606038173,,29.02421976728525,1.3805611300370748,37.81712856656589,3.7076056105884576,0.047604317089173044,5.225771308215328,,
1725,3,CP,2020,566.7472186650378,23.282483749947623,788.7423358728914,417.3331689419508,87.63996547780967,504.97313441976047,208.6665844709754,43.819982738904834,252.48656720988023,52.08050415541587,1.9745864348526252,67.89122831985614,33.23974933788078,7.005138950804052,40.24488828868483,16.61987466894039,3.502569475402026,20.122444144342413,34.61892147552653,,,14.620842897365401,,7.310421448682701,,86.24689199235263,5.471658430734261,165.6358905333072,1.9640965275304936,2.3350594756753775,13.49934904389241,,
1726,3,CP,2020,898.8877175387247,26.354753312279342,1165.6479500432558,616.3132959867457,129.99775154718375,746.3110475339295,308.15664799337287,64.99887577359188,373.15552376696473,18.802509319891495,0.5232854257534181,25.35126423485485,9.476589499162838,1.990083794824196,11.466673293987034,4.738294749581419,0.995041897412098,5.733336646993517,29.22032685957422,,,10.64516327210017,,5.322581636050085,,150.35841288074351,10.30321398437399,245.76268721965002,2.232039677224056,0.1023306232503362,3.992824116989639,,
1727,3,CP,2020,833.1088096169494,27.4476087845797,1132.402524745406,634.9091433145785,138.18868974864512,773.0978330632236,317.45457165728925,69.09434487432256,386.5489165316118,9.236346127923927,0.3659796252593997,9.885094243082786,4.159483777010248,1.0807443239530703,5.240228100963318,2.079741888505124,0.5403721619765351,2.620114050481659,26.058772861328936,,,10.884991221692779,,5.4424956108463896,,315.0642212870031,4.220210360154616,246.09914684202337,1.7471523794638184,0.10905740723745898,1.923419272373327,,
1728,3,CP,2020,504.2388461984179,16.018621150322254,654.4242031254477,357.21666105775256,74.90830315161895,432.1249642093715,178.60833052887628,37.454151575809476,216.06248210468576,51.57950561886777,1.6724790397413003,66.0801655324662,26.260922256596405,5.350860917229908,31.611783173826314,13.130461128298203,2.675430458614954,15.805891586913157,34.45571888820291,,,11.54330864953524,,5.77165432476762,,114.53451628902245,1.858548307647162,137.14707413304438,10.13349024631618,0.5307728542516881,10.019569029715868,,
1729,3,CP,2020,679.0171377552797,19.266967519898223,873.0564610047923,490.8356873570651,103.07549434498367,593.9111817020488,245.41784367853256,51.537747172491834,296.9555908510244,0,0,0,0,0,0,0,0,0,41.77032288263917,,,17.48202021914957,,8.741010109574786,,174.65469223254615,1.8466286741608504,183.34185681100635,0,0,0,,
1730,3,CP,2020,1176.2168838473137,40.46353480359596,1647.482328495292,969.0049654689493,206.02947231439808,1175.0344377833474,484.50248273447465,103.01473615719904,587.5172188916737,68.78136997588253,2.175585284736697,71.88746765776501,19.21620597511935,5.326404532788011,24.542610507907355,9.608102987559676,2.6632022663940056,12.271305253953678,29.121994648129355,,,9.307486245213047,,4.653743122606524,,211.05648009153106,7.528731163895194,350.3056443850893,0.16491069592947902,0.15778885373145105,15.06789163367777,,
1731,3,CP,2020,455.57494668574606,16.1069069274381,620.0019453551519,327.50575821206814,71.01278097077345,398.5185391828416,163.75287910603407,35.506390485386724,199.2592695914208,24.231594450651915,0.8745280265668463,29.49332117254733,12.971186418101293,2.923351654061044,15.894538072162337,6.485593209050647,1.461675827030522,7.947269036081169,23.00988484378599,,,9.832554227871212,,4.916277113935606,,119.64339897477903,4.917944251144575,134.01934325429204,4.270111317713104,1.3827997295906567,4.967196744141933,,
1732,3,CP,2020,1029.6644097327678,28.72592608094773,1295.1538944571064,629.283888416116,132.14961656738436,761.4335049835004,314.641944208058,66.07480828369218,380.7167524917502,101.37512365400329,3.0291529984524614,128.520765304666,53.077998191293815,11.1463796201717,64.22437781146552,26.538999095646908,5.57318981008585,32.11218890573276,16.421852637701846,,,6.691310941029673,,3.3456554705148367,,218.61804931407997,11.79097309103026,271.9823178359923,6.997235670178463,2.1398550801411655,21.122738224668154,,
2001,3,CP,2020,570.9021558850637,15.028410703445374,712.9343633071065,411.5009738653528,95.63994430891505,507.1409181742679,205.7504869326764,47.819972154457524,253.57045908713394,49.086709015908944,1.7896360259163453,55.13883892937008,25.927365672144013,6.213460134129517,32.14082580627353,12.963682836072007,3.1067300670647584,16.070412903136766,30.07935760892177,,,13.811443519367756,,6.905721759683878,,181.1864264078983,0.8222840928683087,165.2599712491426,3.293950124848243,0.1186927654512438,11.090581844333995,,
2002,3,CP,2020,464.24721104803916,12.727823774264396,588.421840458126,344.8328409019619,82.39615109763506,427.22899199959693,172.41642045098095,41.19807554881753,213.61449599979846,18.05083333333333,0.9836242856379843,19.034457618971317,8.360694760841506,2.4867125353087998,10.847407296150305,4.180347380420753,1.2433562676543999,5.423703648075152,16.22674478945307,,,4.760640353024529,,2.3803201765122646,,162.3075250821056,1.021442094403164,140.61152712693962,0,0,4.246048837854231,,
2003,3,CP,2020,580.7596231408833,14.348893721772813,712.08689658111,402.4646991790907,93.22065512388306,495.68535430297374,201.23234958954535,46.61032756194153,247.84267715148687,13.528001550102722,0.5010705875203235,14.890226201018516,6.476110921520743,1.7146561525225725,8.190767074043315,3.2380554607603713,0.8573280762612863,4.095383537021657,53.29844042560977,,,28.360306964051535,,14.180153482025768,,138.8526004597213,1.239584922405032,164.18716498942433,0.39532221664218037,0.056703313233656884,2.9508127054716824,,
2004,3,CP,2020,636.3044791712068,16.436769896922705,791.2856344767307,455.3489446653656,105.09386580771262,560.4428104730782,227.6744723326828,52.54693290385631,280.2214052365391,13.435651786776303,0.8510461560718594,14.364919254593453,7.080520596171222,2.0641792220416963,9.144699818212917,3.540260298085611,1.0320896110208482,4.5723499091064586,24.714686574358122,,,11.766318282026772,,5.883159141013386,,194.27711189633692,0.7525982446665768,182.28082138598617,0.08014466367387096,0.033169800840240675,3.5115634617605385,,
2005,3,CP,2020,600.9506240775829,14.26682226331786,728.741337955157,404.85500859656236,89.31915764462767,494.17416624119005,202.42750429828118,44.65957882231383,247.08708312059503,8.192459843515884,0.2128234943951647,9.790860020891254,4.130029738868381,0.8673062451623601,4.997335984030741,2.0650148694341905,0.43365312258118005,2.4986679920153705,24.88298762151303,,,11.846303656266002,,5.923151828133001,,136.47257105350408,1.891647160520993,159.61029903984294,0.9299289304676933,0.04757735904151589,1.5420604532903726,,
2006,3,CP,2020,605.695921984592,16.226095583927325,758.893443868003,440.44137809119064,105.12953113174065,545.5709092229313,220.22068904559532,52.564765565870324,272.78545461146564,0,0,0,0,0,0,0,0,0,6.633790234660987,,,2.5583033501740635,,1.2791516750870318,,201.43306846197927,1.2148245279405192,180.87654473454262,0,0,0,,
2007,3,CP,2020,593.7016389428157,16.18172864095222,744.394144189469,432.7870604108681,102.66781385689845,535.4548742677665,216.39353020543405,51.333906928449224,267.72743713388326,7.05451189628824,0.4191125272104711,8.253314835750318,3.678826613642537,0.9713731102904946,4.650199723933032,1.8394133068212686,0.4856865551452473,2.325099861966516,32.93790771080669,,,11.643134807290853,,5.821567403645426,,167.37107048927194,2.2767192301203876,176.40908676952748,0.41283458557451774,0.16397584362683365,1.6586145794932527,,
2008,3,CP,2020,588.758643713277,15.9927456788097,738.8371822896233,429.9575790921277,101.1952403720489,531.1528194641766,214.97878954606384,50.59762018602445,265.5764097320883,16.93625,0.8962310715953252,17.832481071595325,7.832738607665659,2.3241244557257352,10.156863063391395,3.9163693038328296,1.1620622278628676,5.078431531695697,52.96238653165948,,,19.03183333505811,,9.515916667529055,,166.16473083355294,1.8072138499384878,173.77458609460282,0,0,3.968430529923479,,
2009,3,CP,2020,612.2037653795289,16.456526059815534,769.4014182372341,447.3895505619042,106.00564332044121,553.3951938823453,223.6947752809521,53.002821660220604,276.69759694117266,3.170097166678434,0.14371082528373041,3.754531870871883,1.6706148744140727,0.43933780178486637,2.109952676198939,0.8353074372070364,0.21966890089243318,1.0549763380994694,49.869104109373104,,,19.514447394682055,,9.757223697341027,,197.38115437564537,1.6204857613452361,182.09824172380658,0.5627929066524101,0.18912434922942867,0.750167032259084,,
2010,3,CP,2020,599.7917610420153,16.04926330505647,751.3063789132204,435.05104070285245,102.14558160892014,537.1966223117726,217.52552035142622,51.07279080446007,268.5983111558863,16.918012329090175,0.49176614895140924,20.08768846852446,8.893127313713652,1.9444943849168763,10.837621698630528,4.446563656856826,0.9722471924584382,5.418810849315264,46.77887038844106,,,20.139856479650224,,10.069928239825112,,158.21099448883476,1.7078960099094835,176.1503777319478,2.2377864870873925,0.2093432790220273,3.4413795911363154,,
2011,3,CP,2020,607.6864264050658,16.270579767164758,759.401032960201,440.98577715388814,103.71712032852037,544.7028974824085,220.49288857694407,51.85856016426018,272.35144874120425,1.3943179880003997,0.061603481481934105,1.8852525314264172,0.8280782819180674,0.19873878766033617,1.0268170695784036,0.4140391409590337,0.09936939383016809,0.5134085347892018,20.71877280782037,,,8.605462819165417,,4.302731409582709,,194.3190575929092,1.2964788687159012,178.4081320972681,0.4070297015963586,0.163895228731457,0.3393454556567551,,
2012,3,CP,2020,617.672061227095,16.295386213340734,768.1119389883703,443.39369886403495,104.91483414104307,548.308533005078,221.69684943201747,52.45741707052154,274.154266502539,3.9875342792171495,0.12490289109581257,4.92722597780338,2.1642346339852896,0.5194163121564694,2.683650946141759,1.0821173169926448,0.2597081560782347,1.3418254730708794,7.356717964279046,,,3.2401888396856657,,1.6200944198428329,,207.39048206935792,1.304233550683772,181.36217382531078,0.2412126364791883,0.09801422298969564,0.8869006760046083,,
2013,3,CP,2020,691.9417166787184,15.734914870400974,834.0523854961804,459.08938249302093,105.43077511738629,564.5201576104072,229.54469124651047,52.715387558693145,282.2600788052036,11.790495133363276,0.3258237404399685,14.355320732417598,6.1409165289746035,1.3542740665677047,7.49519059554231,3.0704582644873017,0.6771370332838523,3.747595297771155,6.034769933404737,,,2.6095839174642608,,1.3047919587321304,,151.48120279212543,1.6733813263994755,190.0698139446023,1.6738903560833407,0.18193311828681674,2.371406506282721,,
2014,3,CP,2020,422.51667291718945,11.86273762423708,531.1605838167861,311.0759514265595,74.65822834237429,385.7341797689338,155.53797571327976,37.32911417118714,192.8670898844669,39.35545993805575,1.7822936130385765,41.34017073286335,24.163754626563705,7.011074288142947,31.174828914706655,12.081877313281852,3.5055371440714733,15.587414457353328,102.38547836528836,,,42.955788318238504,,21.477894159119252,,192.93219290912492,2.542875888470363,127.47854011602868,0.13712272511278398,0.06739321830843253,11.97137321286004,,
2015,3,CP,2020,594.3825237840706,16.484221826961914,747.4449407414671,437.7435998909154,105.05846397381968,542.802063864735,218.8717999454577,52.52923198690984,271.4010319323675,9.410465313915727,1.9235274350367906,11.47660339852062,5.040983033350691,1.4486803243636381,6.489663357714329,2.5204915166753454,0.7243401621818191,3.2448316788571643,66.56295097291832,,,28.029301009176283,,14.014650504588142,,262.50509272429105,2.2172247403955727,179.3867857779521,0.05311170115606332,0.034213057363653945,2.4736141875452704,,
2016,3,CP,2020,465.2947729168445,12.642729686258173,590.6661412651782,351.59834726030516,79.99960148456219,431.5979487448674,175.79917363015258,39.999800742281096,215.7989743724337,43.952945316416766,1.8270533713311636,48.18628066688827,23.002768235810397,6.094519308217161,29.09728754402756,11.501384117905198,3.0472596541085806,14.54864377201378,60.2630041468869,,,23.23768690316557,,11.618843451582785,,142.39758420524132,1.1316451130516498,134.29487459146526,3.4904648587628135,0.11143471454844672,10.52836193278839,,
2017,3,CP,2020,628.9014521135676,16.92422584731377,790.7847485359283,459.65374210951194,108.74051131360096,568.3942534231129,229.82687105475597,54.37025565680048,284.19712671155645,31.66711805555555,0.7255273269392429,32.39264538249479,14.228144870768181,4.251388201328065,18.47953307209625,7.114072435384091,2.1256941006640324,9.239766536048124,29.054106222959376,,,12.837977236954627,,6.4189886184773135,,173.76579756176105,1.1322520617465761,186.89108537500738,0,0,7.259223442678539,,
2018,3,CP,2020,711.6633837024065,19.09140560763371,896.3612060569653,520.5484883226435,123.77467369246216,644.3231620151056,260.27424416132175,61.88733684623108,322.1615810075528,53.762682222022576,1.1497068378037607,63.54583175130574,24.118951618239223,5.103093925493574,29.222045543732797,12.059475809119611,2.551546962746787,14.611022771866399,63.59849563512354,,,34.680330471286375,,17.340165235643187,,198.95009516311382,0.9725624248556012,212.8782992491273,3.34104190045928,0.3949428901945582,10.042797638404219,,
2019,3,CP,2020,560.0723924516668,14.622215493634133,691.3450207427479,393.6053102417629,88.80734501540303,482.4126552571659,196.80265512088144,44.403672507701515,241.20632762858295,15.676319444444442,0.33521037342353477,16.011529817867977,9.377205356800424,2.7332467272860512,12.110452084086475,4.688602678400212,1.3666233636430256,6.0552260420432376,11.218365084047965,,,5.679093661959855,,2.8395468309799274,,132.9441141580665,1.8760191801446964,155.6839401523712,0,0,4.667004700050965,,
2020,3,CP,2020,538.6989542001102,13.22644778215133,662.4211972605191,374.0442542348026,86.81654931416213,460.8608035489648,187.0221271174013,43.408274657081066,230.4304017744824,5.255311184383324,0.1401292823925007,6.3235669057295105,2.6773686272954085,0.5697609544498257,3.2471295817452344,1.3386843136477042,0.28488047722491283,1.6235647908726172,16.667777283866766,,,7.024201154513191,,3.5121005772565956,,144.19523025379632,1.0518947539938885,153.0152698910787,0.6468626627589678,0.05716031927734437,1.0087911231192246,,
2021,3,CP,2020,667.4312941711148,17.337219282367048,836.03345340825,481.3125262830732,114.319186096789,595.6317123798623,240.6562631415366,57.1595930483945,297.81585618993114,0,0,0,0,0,0,0,0,0,16.880857458454706,,,8.54863668525359,,4.274318342626795,,205.28950597333522,0.8371766243462039,198.0383801545171,0,0,0,,
2022,3,CP,2020,525.8973320869881,12.725341231390404,644.8836614956338,362.6182859506593,83.63850586555525,446.2567918162145,181.30914297532965,41.81925293277762,223.12839590810725,21.563194561649354,1.1490288193344,22.804250036210654,9.891098118664837,2.825903384700981,12.71700150336582,4.945549059332419,1.4129516923504906,6.35850075168291,58.43442702760943,,,24.888213673234592,,12.444106836617296,,130.17635878165,0.961693927535511,147.99112671653418,0.07063555960549957,0.03374975047263089,4.87565868556405,,
2023,3,CP,2020,581.2806346996795,15.705574692049565,730.9850447416827,426.25994352528653,101.6954464082664,527.955389933553,213.12997176264327,50.8477232041332,263.9776949667765,7.700972222222221,0.939679037090555,8.640651259312776,5.060425967833038,1.4986081447181407,6.559034112551179,2.530212983916519,0.7493040723590704,3.2795170562755893,94.6940964602287,,,45.77452306201201,,22.887261531006004,,210.3967948912864,0.5363619164726164,174.28413940338268,0,0,2.5588656834792407,,
2024,3,CP,2020,654.8852609254641,17.810165675726303,828.7765736907197,484.0635840117806,115.22176939866452,599.2853534104452,242.0317920058903,57.61088469933226,299.6426767052226,1.840833333333333,0.20866899276696144,2.0495023261002947,0.8645313627825335,0.21251142334688558,1.0770427861294192,0.43226568139126675,0.10625571167344279,0.5385213930647096,32.079061659788145,,,17.997299014345668,,8.998649507172834,,202.89911722835572,0.7188101910543679,197.21108215643193,0,0,0.37784284806381635,,
2025,3,CP,2020,599.4497358586565,15.9253351679385,748.3434331641749,433.33254926082884,100.41210623318568,533.7446554940145,216.66627463041442,50.20605311659284,266.87232774700726,23.390159329748645,1.0070529804311605,27.29163991963491,12.712120087469799,2.9814663449704804,15.693586432440279,6.3560600437348995,1.4907331724852402,7.8467932162201395,18.584855161832856,,,8.333017855828816,,4.166508927914408,,188.57109110066287,1.203903313182772,173.22352499684777,1.998565281132566,0.13643310899122518,5.218419246218514,,
2026,3,CP,2020,617.8940269263636,16.432739276416804,773.6386118652047,450.15175865069955,105.68625954967357,555.8380182003731,225.07587932534977,52.84312977483678,277.91900910018654,17.312100053271912,0.7800347133201747,19.38839957579245,8.833684037106606,2.253726373158169,11.087410410264773,4.416842018553303,1.1268631865790846,5.543705205132387,49.99387097442761,,,20.03904264682658,,10.01952132341329,,187.56764692344498,1.4877736103386443,181.43708211123322,0.8424642892259416,0.04821943302966425,3.912385046693835,,
2027,3,CP,2020,491.05750279080763,12.967102128459487,620.7867750464559,353.027454265971,82.23712532160823,435.26457958757925,176.5137271329855,41.118562660804116,217.63228979378962,18.827254145810947,0.5339111201743627,20.831296571439065,9.291511011387744,2.6228297404958307,11.914340751883575,4.645755505693872,1.3114148702479154,5.9571703759417876,18.268062552773205,,,7.037274896658193,,3.5186374483290965,,130.20109354835108,1.9853969890225756,144.1982530796501,0.06538018489978625,0.3348710224701278,4.461025560677938,,
2028,3,CP,2020,509.7869227230881,12.733311160388759,628.0620522782776,357.6557880225944,78.34082376165954,435.99661178425396,178.8278940112972,39.17041188082977,217.99830589212698,24.09328890862062,0.5403610966516135,28.58443244386592,11.587006376241288,2.362261114197102,13.949267490438388,5.793503188120644,1.181130557098551,6.974633745219194,7.595552945435771,,,2.784014388769755,,1.3920071943848775,,126.76692324808008,1.2680717389040617,137.2242519020629,3.88372911219494,0.06456219827064366,4.333954689593766,,
2029,3,CP,2020,525.0551437980097,14.2650768233691,664.7335011119958,389.8394007843982,89.13922818306635,478.9786289674646,194.9197003921991,44.569614091533175,239.4893144837323,12.078767488202965,0.41933332720781924,14.121429893455192,7.082140475097383,1.6159461741925523,8.698086649289936,3.5410702375486913,0.8079730870962761,4.349043324644968,45.10987262543708,,,20.14654807868717,,10.073274039343586,,146.28110254292733,1.292153690262982,152.012566736002,0.903957063156362,0.11024033779295793,2.8291568962223574,,
2030,3,CP,2020,469.3616645568216,12.204336634506866,581.6605988263561,329.23905303105266,72.94494257477696,402.18399560582964,164.61952651552633,36.47247128738848,201.09199780291482,12.730260708633017,0.35562516273530376,15.265749027736872,6.51749066680008,1.454312850494169,7.97180351729425,3.25874533340004,0.7271564252470845,3.985901758647125,16.11159441973783,,,6.871073294201358,,3.435536647100679,,103.70109049254107,4.699265148740866,128.6453021502256,1.6713855461427525,0.12035202476497292,2.5505850068633236,,
2031,3,CP,2020,544.9760890062336,14.735530721224494,684.8249948179212,398.4629517838451,93.76066020448452,492.2236119883296,199.23147589192254,46.88033010224226,246.1118059941648,45.557604166666664,1.6652209459948413,47.2228251126615,23.41940685811395,6.925355435383612,30.344762293497563,11.709703429056974,3.462677717691806,15.172381146748782,51.65027427626825,,,27.238309785002567,,13.619154892501284,,169.71527723414223,1.3737703247690363,161.0306713063187,0,0,11.840676726530521,,
2032,3,CP,2020,492.8441698594275,12.974542537937586,610.928688004214,351.0465937543192,79.79883030621875,430.84542406053794,175.5232968771596,39.89941515310937,215.42271203026897,2.8564124879711317,0.08341295159890813,3.469908999267812,1.4700746764334052,0.3135433522724384,1.7836180287058436,0.7350373382167026,0.1567716761362192,0.8918090143529218,113.89525968691412,,,38.84255561583158,,19.42127780791579,,121.24823638890722,1.7171220137872067,138.67496354270617,0.2963988613974896,0.05905013301000972,0.5547538894065908,,
2033,3,CP,2020,628.709391697052,16.612862469186755,781.7853409341096,451.9409688451941,106.66108323236828,558.6020520775625,225.97048442259705,53.33054161618414,279.30102603878123,11.838158562664885,0.31836962970953475,14.437416364376475,6.136519714264126,1.3238207170923608,7.460340431356487,3.068259857132063,0.6619103585461804,3.7301702156782435,6.130906592585268,,,2.5508466521205575,,1.2754233260602788,,228.8353063913313,1.0043452527718497,184.17509749505206,2.107978193317297,0.1810352631638212,2.333914214115691,,
2034,3,CP,2020,666.180875012623,18.600840770918555,834.8363342962491,488.92465835952305,117.34191800628552,606.2665763658085,244.46232917976153,58.67095900314276,303.13328818290427,0.02210485320720769,0.02124970038738825,0.12277956441477286,0.05392969326942505,0.012943126384662012,0.06687281965408706,0.026964846634712526,0.006471563192331006,0.03343640982704353,7.156345427702863,,,4.1911373518401955,,2.0955686759200978,,271.8320053187378,3.0058600415544126,200.36072023109978,0.9827732134483977,0.13616230385302963,0.022100321594659113,,
2035,3,CP,2020,286.1900951062864,7.965905275029578,356.79197730343367,208.48275523288444,48.49931439767174,256.98206963055617,104.24137761644222,24.24965719883587,128.49103481527808,0.8659431871766818,0.06704011854081562,1.3643274113671988,0.6580397313815383,0.14255999580277937,0.8005997271843176,0.32901986569076913,0.07127999790138968,0.4002998635921588,12.610288238235011,,,6.486202073268127,,3.2431010366340636,,80.52926454004546,2.0199117673070583,82.98216629450066,1.317936714772039,0.2651192690135113,0.2510046336938174,,
2036,3,CP,2020,428.7768046640748,11.794429315990051,536.5208385287813,316.07526784427614,72.65958984394808,388.7348576882242,158.03763392213807,36.32979492197404,194.3674288441121,49.73714807421741,1.9036407955462569,52.03722876450499,30.208698925076867,8.732120162764815,38.94081908784168,15.104349462538433,4.3660600813824075,19.47040954392084,44.246096307959206,,,23.18486106652682,,11.59243053326341,,119.92112885149574,2.4316811476672617,123.39890419653952,0.24230722607055563,0.19118436388437626,14.9087889960259,,
2037,3,CP,2020,472.6344456348008,13.051364933906642,587.9116602178647,344.17547690372,78.98829979698026,423.1637767007002,172.08773845186,39.49414989849013,211.5818883503501,97.49040610188251,2.706599342369569,120.6197706341136,52.90083122990009,12.637925540688434,65.53875677058852,26.450415614950046,6.318962770344217,32.76937838529426,70.29731657953188,,,32.48218524591414,,16.24109262295707,,140.70286655178893,3.5706057049213547,134.92121432842546,17.641176934880864,0.1176644396764445,21.60794829835781,,
2038,3,CP,2020,624.4292163656785,16.715055552611016,766.8561789477222,441.56991254293706,99.99005144542987,541.5599639883669,220.78495627146853,49.995025722714935,270.77998199418346,6.3400851885477,0.27797870533530694,7.376410697009314,3.2400144781027898,0.866300355136344,4.106314833239134,1.6200072390513949,0.433150177568172,2.053157416619567,21.841366893754284,,,10.01359542984697,,5.006797714923485,,154.79983799080213,4.55101696194456,173.43684161302954,2.5345244974421832,0.4044520834905622,1.4792033915985403,,
2039,3,CP,2020,289.6585499333994,8.279086745910435,368.24775134999544,210.85072676496333,49.09817434469833,259.9489011096617,105.42536338248166,24.549087172349164,129.97445055483084,2.5658768227880575,0.10440876333402738,3.1717013511594008,1.6758466308358073,0.359713510490325,2.0355601413261324,0.8379233154179037,0.1798567552451625,1.0177800706630662,106.20446842353215,,,53.562826222752214,,26.781413111376107,,107.14738498143518,0.36381465795635326,85.561336288151,0.23655830244551268,0.07601744328728935,0.6444192131723192,,
2040,3,CP,2020,605.4413018976027,17.32989850165752,752.7908023900624,441.4293537433836,103.9198919386218,545.3492456820054,220.7146768716918,51.9599459693109,272.6746228410027,5.820248576650037,0.2532980627248051,7.760173388085932,3.3417471135191437,0.7534556971878558,4.095202810707,1.6708735567595718,0.3767278485939279,2.0476014053535,9.666388645534683,,,4.231310269129322,,2.115655134564661,,114.98111916864612,5.450799321326472,177.24369564359256,2.494493809913651,0.609292358766215,1.310485673944456,,
2041,3,CP,2020,496.5721747659391,14.60635068502445,620.2481788009567,362.06751422325976,86.6430001870557,448.71051441031545,181.03375711162988,43.32150009352785,224.35525720515773,3.0099184765233513,0.18584195545868518,4.591784856814085,2.0168954831165626,0.484054915947975,2.500950399064538,1.0084477415582813,0.2420274579739875,1.250475199532269,6.199360901997349,,,2.7907524196181455,,1.3953762098090727,,144.03403521544652,7.152647625730501,148.36662677853508,3.21427345772354,0.7161988957978773,0.8265212742265353,,
2042,3,CP,2020,523.5309305060318,14.913047892951091,655.0417609981852,384.0361665535549,91.92480085365887,475.96096740721373,192.01808327677745,45.96240042682943,237.98048370360686,2.2312147180128687,0.11893348401071568,2.5782648649455018,1.4071603392332428,0.3769118686389584,1.7840722078722013,0.7035801696166214,0.1884559343194792,0.8920361039361007,90.16652737468073,,,40.12533374907907,,20.062666874539534,,212.28912452723853,3.4292980282907033,156.81454072408184,0.1458169975909786,0.1039756922856953,0.6476667107900711,,
2043,3,CP,2020,404.2314843606807,11.366264316554851,506.8132181557996,295.2838087853545,70.5399599740377,365.8237687593922,147.64190439267725,35.26997998701885,182.9118843796961,12.975286558087054,0.6254817797722834,14.381471911962134,7.443910180823457,2.09635427688469,9.540264457708147,3.7219550904117287,1.048177138442345,4.770132228854074,9.04910443036451,,,5.027092475276973,,2.5135462376384865,,133.71753875897653,2.6589627041743094,120.99632176883767,0.5024745580647486,0.23191516397905915,3.5795141234495906,,
2044,3,CP,2020,542.275643221744,15.25862518325495,680.8761732931877,397.91383966847434,95.2405878136806,493.1544274821549,198.95691983423717,47.6202939068403,246.57721374107746,11.038485418303665,0.3612674114586143,13.857378241502387,6.392753222449995,1.5412878960403715,7.9340411184903665,3.1963766112249976,0.7706439480201858,3.9670205592451833,99.9050521139777,,,52.25257832917899,,26.126289164589494,,227.03384460579656,3.6968610247164344,162.92528483393536,2.5390052181276226,0.3007117964610214,2.6317411388961904,,
2045,3,CP,2020,375.2181232250789,10.311651184782843,466.5230431006569,273.2207620756146,65.57298289814749,338.79374497376205,136.6103810378073,32.78649144907374,169.39687248688102,1.9951388888888888,0.4886950679716758,2.4838339568605647,0.7273327830200133,0.21533027541224137,0.9426630584322546,0.3636663915100066,0.10766513770612068,0.4713315292161273,124.96599264575005,,,36.675023378408156,,18.337511689204078,,214.7321550353875,0.15221836093973043,111.96553034415764,0,0,0.3676753354828129,,
2046,3,CP,2020,566.0046050526,16.18347169767908,703.6038347169231,412.067911250431,98.89629870010344,510.96420995053444,206.0339556252155,49.44814935005172,255.48210497526722,19.675868008328337,0.8195634112681683,21.662250771704493,9.6352374519544,2.7413150672512465,12.376552519205648,4.8176187259772,1.3706575336256233,6.188276259602824,53.726616737398146,,,17.130971952374622,,8.565485976187311,,167.2412030857187,4.551728170212835,168.86492033206153,1.3350539957745098,0.4379913230242098,4.680781348958385,,
2047,3,CP,2020,226.1983499609272,6.163965495526327,286.1570054494416,167.5887960057383,40.221311041377184,207.81010704711548,83.79439800286914,20.110655520688592,103.90505352355774,53.550937499999996,1.7092858850003019,55.260223385000295,32.363332463431796,9.430466260598372,41.79379872403017,16.181666231715898,4.715233130299186,20.896899362015084,170.75758601765042,,,57.848879677511,,28.9244398387555,,93.48436688630002,0.13072844903059685,68.67768130786598,0,0,16.102472536603358,,
2048,3,CP,2020,329.3579228410809,9.557675170910665,418.47639707361583,227.64554352023782,48.614274581128946,276.25981810136676,113.82277176011891,24.307137290564473,138.12990905068338,3.9426459681325814,0.2127383658424841,5.394405504899951,2.3291294167367207,0.5028284310952177,2.8319578478319385,1.1645647083683603,0.25141421554760884,1.4159789239159692,27.13911857991256,,,11.823784999478384,,5.911892499739192,,51.343973246746884,4.843189217193408,89.2609122969817,0.7886161511840123,0.40045591839396,0.9034710507779982,,
2049,3,CP,2020,497.95733095613286,14.262700490045932,616.6910769905046,359.9405474119147,85.49439582775477,445.4349432396695,179.97027370595734,42.747197913877386,222.71747161983475,64.55059185777564,1.8328742837746552,72.39671781355626,31.352756726831466,8.133184641534527,39.48594136836599,15.676378363415733,4.066592320767263,19.742970684182996,11.750671169936606,,,4.062957555889931,,2.0314787779449657,,105.25339189857732,5.089068311716117,146.42107419692405,7.767148295616801,0.6763801583050728,14.04757310384691,,
2050,3,CP,2020,547.4912578021488,15.174248504901424,689.4535181958922,403.78073161233317,96.90737558695996,500.6881071992932,201.89036580616659,48.45368779347998,250.3440535996466,33.04888888888889,1.2905720076118719,34.33946089650076,15.083264075848758,4.425554978202455,19.508819054051212,7.541632037924379,2.2127774891012275,9.754409527025606,64.30123190762801,,,18.915749726214028,,9.457874863107014,,233.312118092138,1.9741810350910824,165.46884436701413,0,0,7.556612316559163,,
2051,3,CP,2020,608.9211934103721,16.826395224849563,768.9149725945396,450.31759500527573,108.07622280126617,558.3938178065418,225.15879750263787,54.038111400633085,279.1969089032709,78.2696875,1.4325464345663264,79.70223393456632,35.00840754295711,10.244126858393031,45.25253440135014,17.504203771478554,5.1220634291965155,22.62626720067507,53.280491284805514,,,15.626433039016975,,7.8132165195084875,,264.7970280443827,2.000084649869599,184.53959342268948,0,0,17.49179381383928,,
2053,3,CP,2020,632.2791190106108,17.58690888104272,796.3784413018401,467.35536994667905,111.96756561189295,579.322935558572,233.67768497333952,55.983782805946475,289.661467779286,0.16255998154956014,0.021902867047751923,0.4989191688990896,0.24974259421611972,0.05993822261186872,0.3096808168279884,0.12487129710805986,0.02996911130593436,0.1548404084139942,60.50950685952413,,,24.132224468569692,,12.066112234284846,,315.41777234618496,2.6619941549207202,190.84206793548032,1.3016639588062087,0.10847479912687041,0.10234420619614143,,
2054,3,CP,2020,610.5966132653318,16.73877194079173,769.1154573341039,450.4350095556144,108.10440229334745,558.5394118489619,225.2175047778072,54.052201146673724,279.26970592448095,0,0,0,0,0,0,0,0,0,94.52859300329571,,,27.934170236936644,,13.967085118468322,,277.1310360280698,0.9354020810527308,184.5877097601849,0,0,0,,
2055,3,CP,2020,518.3296756850907,14.651732806434827,656.8369060611963,384.67870491599353,92.32288917983844,477.001594095832,192.33935245799677,46.16144458991922,238.500797047916,0.5369873515174398,0.019741558672723005,0.6899339689310829,0.40406210917331314,0.09697490620159514,0.5010370153749083,0.20203105458665657,0.04848745310079757,0.25051850768745415,170.34367706231612,,,75.38001243195531,,37.690006215977654,,246.527094210624,3.754199639139714,157.6408574546871,0.054783326302900906,0.0342347899936696,0.16558415254345993,,
2056,3,CP,2020,647.3702511970209,17.71317001792315,815.6951357683678,477.71455217898017,114.65149252295524,592.3660447019354,238.85727608949009,57.32574626147762,296.1830223509677,30.104166666666668,0.8550359473508558,30.959202614017528,13.59851949954514,4.039634466667416,17.63815396621256,6.79925974977257,2.019817233333708,8.81907698310628,49.34445160785892,,,19.448026359288104,,9.724013179644052,,297.74678937368844,0.8992448378811656,195.76683258440826,0,0,6.897655032096055,,
2057,3,CP,2020,525.2325721730377,14.690083112844889,660.5014373399008,384.97317652099713,92.16079529172936,477.1339718127265,192.48658826049856,46.08039764586468,238.56698590636324,23.119999999999997,1.2407247276043958,24.360724727604396,10.700204212668883,3.142859322078218,13.843063534747102,5.350102106334441,1.571429661039109,6.921531767373551,14.412636622890924,,,5.222609764204436,,2.611304882102218,,229.58242390675966,2.1357317661743758,158.02804470762513,0,0,5.366416094569778,,
2058,3,CP,2020,425.13847826384483,11.561224913331465,533.6750068532087,312.54853158814365,75.01164758115446,387.56017916929807,156.27426579407182,37.50582379057723,193.78008958464903,0,0,0,0,0,0,0,0,0,89.67765644115013,,,52.27838030505609,,26.139190152528045,,221.45066622845772,0.11323139695673497,128.08200164477012,0,0,0,,
2059,3,CP,2020,389.87651744307664,11.583950982343122,492.64292122808047,285.9477184394806,65.7967546831484,351.74447312262896,142.9738592197403,32.8983773415742,175.87223656131448,2.6970382871787044,0.13848790752749376,4.9609262593345695,2.092642826030289,0.46035754980021554,2.553000375830505,1.0463214130151446,0.23017877490010777,1.2765001879152524,1.2091001026691288,,,0.49399472130399774,,0.24699736065199887,,125.21087320846215,4.95904570356287,113.26923931688073,1.1188033733872507,0.2689296979381649,0.8185103887816145,,
2060,3,CP,2020,545.858639923653,14.89597739864489,689.4846673501311,403.7989742174628,96.91175381219107,500.71072802965386,201.8994871087314,48.45587690609553,250.35536401482693,0,0,0,0,0,0,0,0,0,14.987666969058454,,,7.631702179888342,,3.815851089944171,,232.0046726081579,0.4619699114435772,165.47632016403145,0,0,0,,
2061,3,CP,2020,477.24018545968784,12.985277523871158,599.6892934453338,351.21001671158444,84.29040401078028,435.5004207223647,175.60500835579222,42.14520200539014,217.75021036118235,1.3,0.41219403032321783,1.712194030323218,0.5013760463760132,0.14731493488518904,0.6486909812612023,0.2506880231880066,0.07365746744259452,0.32434549063060114,20.70337721965861,,,8.36457160798306,,4.18228580399153,,228.061723064122,0.19259593603863048,143.9254304268801,0,0,0.2515394920748865,,
2062,3,CP,2020,648.009741797293,17.547482449436323,813.0131733333062,474.9127301631409,113.300915301324,588.2136454644649,237.45636508157045,56.650457650662,294.10682273223244,0,0,0,0,0,0,0,0,0,19.659518852460515,,,8.596429498183674,,4.298214749091837,,299.94098135948354,0.5135161009191487,193.9021771246891,0,0,0,,
2063,3,CP,2020,516.3264647440297,14.5496662105653,652.8368742837346,389.0198504079891,91.97907413881029,480.9989245467994,194.50992520399456,45.989537069405145,240.4994622733997,21.59543818654054,1.5543248351490446,23.229188032509764,10.20318805871509,2.9785672280879876,13.18175528680308,5.101594029357545,1.4892836140439938,6.59087764340154,24.344905979578417,,,7.128837324080976,,3.564418662040488,,192.1361991993862,2.3240620817336413,154.65716682452336,0.9827732134483977,0.13616230385302963,5.085888190821052,,
2064,3,CP,2020,626.1045843821767,17.089012543214395,788.2993983091253,462.2507287178652,110.79547583062805,573.0462045484932,231.1253643589326,55.397737915314025,286.5231022742466,0,0,0,0,0,0,0,0,0,0.33050469160114304,,,0.12867069994070054,,0.06433534997035027,,302.37009866164647,0.5217050718141378,188.97452285010235,0,0,0,,
2065,3,CP,2020,562.6422180822763,16.17659772181138,706.8758367204888,411.2093260666949,96.13265316464805,507.341979231343,205.60466303334746,48.066326582324024,253.6709896156715,2.2573747591030457,0.11832666579249115,3.9412806950287314,1.6790920236759728,0.3580870230690237,2.0371790467449964,0.8395460118379864,0.17904351153451184,1.0185895233724982,7.239541021621767,,,3.3145857341453397,,1.6572928670726699,,249.16273525387922,5.843857746908359,165.1409964974827,0.9971387378317317,0.2555969116806603,0.6287514243129683,,
2113,3,CP,2020,332.5979694456261,10.145774982676595,430.5491705219006,259.24784614155396,55.78553886008769,315.03338500164165,129.62392307077698,27.892769430043845,157.51669250082082,17.66384011732836,0.5459922024826644,20.519847710869445,9.273157050959218,1.9965034859431467,11.269660536902366,4.636578525479609,0.9982517429715734,5.634830268451183,94.62503382525637,,,38.87295326379351,,19.436476631896756,,58.89072582537423,2.612243768661528,92.7093300588164,1.517090123445641,0.20951996251219657,3.564191044968005,,
2114,3,CP,2020,624.4939733542202,17.737623789039368,794.621437567283,469.95814249273707,109.6434219129937,579.6015644057308,234.97907124636853,54.82171095649685,289.8007822028654,10.837636570614361,0.35958620954127307,14.334538091637238,7.437335414825816,1.579584143874736,9.016919558700552,3.718667707412908,0.789792071937368,4.508459779350276,5.450547505079522,,,2.6197685453142814,,1.3098842726571407,,246.91657704653403,2.5075794227627592,185.57134741498962,0.8260035104400221,0.44149568661201793,2.341921900676402,,
2115,3,CP,2020,626.641221034815,17.544646900753424,784.0698562725403,458.50106766924756,109.53738213940495,568.0384498086526,229.25053383462378,54.76869106970248,284.0192249043263,2.5550365295752138,0.11689314826033889,2.8248757171364,1.2407983500801785,0.33369629815793916,1.5744946482381177,0.6203991750400892,0.16684814907896958,0.7872473241190588,3.717141504994505,,,1.6838072122805028,,0.8419036061402514,,144.47195538548934,4.224272156421095,187.28266118090824,0.15203226520460777,0.08046400520910707,0.5697847092783596,,
2121,3,CP,2020,660.1501473307371,17.563527346027076,827.7587249316487,484.3935332334868,106.2920108912404,590.6855441247271,242.1967666167434,53.1460054456202,295.34277206236357,0.5992509486814839,0.0424432516785012,0.7324568413272826,0.3489573621356593,0.08471591697493183,0.4336732791105911,0.17447868106782966,0.042357958487465916,0.21683663955529556,27.79581663254531,,,12.025397456716007,,6.012698728358004,,169.04652693534103,4.00778442424634,181.63150610332227,0.05391919463930525,0.03664954498996311,0.13488693568214577,,
2122,3,CP,2020,458.80807496472977,12.821297432188965,564.635531279719,328.6618859868484,77.41188690347272,406.07377289032115,164.3309429934242,38.70594345173636,203.03688644516058,9.00429512840543,0.32224060280140426,11.67536919062171,5.433362077290449,1.1868855238997964,6.620247601190246,2.7166810386452247,0.5934427619498982,3.310123800595123,5.356684993196948,,,2.0079325045724485,,1.0039662522862243,,83.18209415749449,6.267788524428074,132.90427943284377,2.2248312086548068,0.5875597577231122,1.9296194096782822,,
2123,3,CP,2020,553.2488689160795,15.379648762100773,694.2138941523323,409.09028705389545,95.58889086854171,504.67917792243713,204.54514352694773,47.794445434270855,252.33958896121857,5.0396351247953355,0.15953690954948574,6.450896104838203,3.1105291546555485,0.6890911607956288,3.799620315451177,1.5552645773277742,0.3445455803978144,1.8998101577255886,2.2331949627117256,,,1.1290171933454922,,0.5645085966727461,,132.81565999587224,3.0850726164853226,162.3133493605999,0.37817030918768135,0.2138556700582788,1.0772811170189964,,
2129,3,CP,2020,265.70764677469197,7.327890840325372,369.8674861759836,217.63423289127164,49.29757806086534,266.93181095213697,108.81711644563582,24.64878903043267,133.46590547606849,3.107880324798857,0.11390232762060434,4.873944124314461,2.012516584509022,0.4226284827468946,2.4351450672559167,1.006258292254511,0.2113142413734473,1.2175725336279584,1.725182994691935,,,0.7001679449953927,,0.35008397249769635,,71.6147587308137,2.7221973045329015,83.80957305189294,0.8648030316089129,0.2844566491872382,0.7676461995795275,,
2130,3,CP,2020,586.5083737929665,16.105162841085242,726.7903056069138,423.2011679799506,99.79088728493127,522.9920552648819,211.6005839899753,49.89544364246564,261.4960276324409,4.695480654471327,0.14621228924436083,5.784762647527251,2.8157154948051413,0.6757717187532339,3.491487213558375,1.4078577474025706,0.33788585937661697,1.7457436067791876,16.76464959256203,,,7.097195745149915,,3.5485978725749576,,125.1727609839834,3.408909551433686,171.2694891348331,0.6740655555804248,0.35515332964740975,1.1538767269336216,,
2138,3,CP,2020,646.8983927923429,17.152363595575103,801.5396538386092,462.5805494859358,106.04621855345783,568.6267680393936,231.2902747429679,53.02310927672892,284.3133840196968,17.96597108241899,0.4693428074968223,21.94079876676219,9.537891025882326,2.047925495283706,11.585816521166032,4.768945512941163,1.023962747641853,5.792908260583016,26.951142445014977,,,11.583106235563182,,5.791553117781591,,160.8022693647945,1.523025877653028,183.52737906262396,3.7724616534595383,0.09335095182375992,3.601505287516095,,
2146,3,CP,2020,463.88298266058325,12.932033133016784,578.7012522300759,339.7769897806883,80.02790851923483,419.80489829992314,169.88849489034416,40.013954259617414,209.90244914996157,6.627908202485858,0.19723866566937698,8.205196944745538,4.179719396414092,0.973119569047185,5.152838965461278,2.089859698207046,0.4865597845235925,2.576419482730639,0.8068094581805147,,,0.35438296929900925,,0.17719148464950463,,129.87147094681302,2.101192903974914,136.33933794583987,0.6003389157416859,0.21613602137552027,1.6096873392275861,,
2147,3,CP,2020,546.6218806793293,14.31860736067812,677.0593476095399,389.3754364913428,88.25695138613997,477.63238787748276,194.6877182456714,44.12847569306999,238.81619393874138,4.087776515707035,0.11464361853967656,4.94900328716501,2.821087163905006,0.6770609193372015,3.4981480832422074,1.410543581952503,0.33853045966860074,1.7490740416211037,14.44881784662048,,,6.283910119066665,,3.1419550595333323,,126.51163455934854,1.3624707301712151,153.2608769110999,0.42345206292169224,0.0692795503447825,1.1560780302863778,,
2153,3,CP,2020,567.5178318281665,15.922874789386753,714.1348803111531,418.5337521064772,99.02758620348615,517.5613383099634,209.2668760532386,49.513793101743076,258.7806691549817,3.2115024985474796,0.11346216576319125,4.0452700798072305,1.9216103379861385,0.44072137853715565,2.362331716523294,0.9608051689930692,0.22036068926857783,1.181165858261647,1.7774424044502872,,,0.7611955401860155,,0.38059777009300777,,187.2594940043326,2.458809146604425,168.98213075533826,0.411147758485564,0.18920956254292512,0.7006201728411482,,
2154,3,CP,2020,501.7895955220786,13.666590549025278,630.9872779390594,366.6477466205244,84.50312035046443,451.1508669709888,183.3238733102622,42.251560175232214,225.5754334854944,12.524546068186877,0.45925777852911953,13.384241693291537,5.960997375804784,1.684796237919756,7.64579361372454,2.980498687902392,0.842398118959878,3.82289680686227,7.804003479567997,,,3.5732830534427458,,1.7866415267213729,,130.45780367512924,2.2243528684886225,145.32565193060455,0.08761222400051366,0.07070567808628297,2.8473407773558996,,
2159,3,CP,2020,598.5086683365101,16.390600559112116,745.4640314467342,434.1239080517903,102.40247018751572,536.526378239306,217.06195402589515,51.20123509375786,268.263189119653,32.85475360461832,0.8097761756558407,40.379180141760095,17.358999545387075,3.7033832513864287,21.062382796773502,8.679499772693537,1.8516916256932143,10.531191398386751,31.32168219015546,,,13.242972345220435,,6.621486172610218,,136.49446963055934,1.760120735001339,175.7336262081609,9.129720668240887,0.16692719265063735,6.551867242644614,,
2160,3,CP,2020,648.439101225176,17.469507099847515,807.3016867635127,468.5711693836847,108.43749303098738,577.0086624146721,234.28558469184236,54.21874651549369,288.50433120733607,1.3646478567026818,0.0433882811197836,1.6900774768050884,0.875071788496686,0.21001722923920463,1.0850890177358905,0.437535894248343,0.10500861461960231,0.5425445088679453,125.709865165879,,,67.15973903350775,,33.579869516753874,,169.76908438191398,2.0955220832438552,186.6724147768098,0.21586762221417122,0.11887706250349618,0.3586033365250857,,
11000,3,CA,2020,537.4150186834213,14.851798731259995,674.4563164298448,394.3519506440409,94.18312606508262,488.53507670912353,197.17597532202046,47.09156303254131,244.26753835456176,19.128627325854623,0.8337899648128444,21.015074820175894,9.958916814179835,2.716841651407203,12.675758465587037,4.9794584070899175,1.3584208257036015,6.337879232793519,,,90.00874183262238,,37.81014806111607,,18.905074030558033,231.64191263727224,2.025735983411013,161.04870490878022,1.8444218972663462,0.10318023618965569,4.663846822138586,,
200,3,CP,2021,306.47226762081175,8.219641723300418,371.7253537633526,174.44972243622888,31.772506597222904,206.22222903345178,87.22486121811444,15.886253298611452,103.11111451672589,6.032852300852235,0.2375462450541767,6.787710954787802,2.8275313675510416,0.5188976784664213,3.3464290460174633,1.4137656837755208,0.25944883923321066,1.6732145230087316,32.29217985472361,,,8.537574440100416,,4.268787220050208,,12.34751842125321,2.3878870668131444,66.65890588769659,0.06596163585311585,0.044038710235871976,1.1513363329524537,,
204,3,CP,2021,342.0176480415027,6.584662686834126,391.803922843268,166.85467479624043,27.025294463252237,193.87996925949267,83.42733739812022,13.512647231626119,96.93998462974633,20.71891781195796,0.46379126127790776,23.268971960712097,9.354523229593347,1.5164046525668136,10.87092788216016,4.677261614796674,0.7582023262834068,5.43546394108008,22.30041661192011,,,5.065741367871092,,2.532870683935546,,8.012892528849637,2.3878768116535665,63.30786365128319,0.3425794965744909,0.29775001386767896,3.5895907286721824,,
205,3,CP,2021,387.3730497708973,9.441323908725327,463.8450666140393,210.58134491702845,37.30947981314653,247.89082473017498,105.29067245851422,18.654739906573266,123.94541236508749,12.484590616295083,0.2902247350875943,14.249502749676802,5.107119782530131,0.8171391652048211,5.924258947734953,2.5535598912650657,0.40856958260241055,2.9621294738674764,32.74290665355985,,,7.9530483466674475,,3.9765241733337238,,13.691721890289413,3.0269757126611156,81.04414419057031,0.21955961756932824,0.3089098084965362,1.934309002870139,,
206,3,CP,2021,331.15832720326995,6.513002702707432,381.2717546715776,164.35055235004265,27.015991213353697,191.36654356339636,82.17527617502132,13.507995606676849,95.68327178169818,22.93086702544656,0.561911220936929,26.044747398381176,9.657305904219056,1.610597214202987,11.267903118422042,4.828652952109528,0.8052986071014935,5.633951559211021,27.881988423900033,,,8.337374192306052,,4.168687096153026,,9.585321730666857,2.087266538469249,62.318900567966736,0.4900371986022239,0.2931215376446523,3.7367667199814116,,
207,3,CP,2021,439.89525849208985,9.236231497029053,508.7117652116433,223.47401980885374,37.26367922249557,260.7376990313493,111.73700990442687,18.631839611247784,130.36884951567464,23.084485407707533,0.5137139540985313,26.23094396539712,8.115808181140734,1.3455826778638769,9.461390859004611,4.057904090570367,0.6727913389319384,4.730695429502306,26.853759956307687,,,8.005479670546169,,4.0027398352730845,,12.602381671026576,2.2347399803690875,84.07135394094283,0.46614307820662304,0.27303795661672636,3.1163294402914037,,
209,3,CP,2021,64.29083442116944,1.2369719251425575,73.29952176600617,31.014783273084664,4.97479915050213,35.989582423586796,15.507391636542332,2.487399575251065,17.994791211793398,0.730676036364112,0.035459470655045566,0.8680455189670082,0.2750261164358962,0.046264472215984453,0.32129058865188065,0.1375130582179481,0.023132236107992227,0.16064529432594032,5.840453242413201,,,1.5615052781332732,,0.7807526390666366,,1.408179261665631,0.5489325593513702,11.751466154219369,0.011976897362929945,0.05652199380714347,0.1095159661059484,,
210,3,CP,2021,113.77123214133236,2.2261782439629636,129.54363033690035,54.72505881636707,8.75600941061873,63.4810682269858,27.362529408183534,4.378004705309365,31.7405341134929,0.9688453044307501,0.028599005077975144,1.1249572282494802,0.47523255540812054,0.07603720886529927,0.5512697642734198,0.23761627770406027,0.038018604432649636,0.2756348821367099,5.157328395674168,,,1.4696633475328207,,0.7348316737664103,,2.3725176173983784,1.0977868192454083,20.726980853904056,0.030447216662006487,0.05587259963306099,0.17999315651991685,,
211,3,CP,2021,133.67253613170206,2.9012172852565135,153.46009218231643,66.15487371426559,10.851239721915258,77.00611343618085,33.077436857132795,5.425619860957629,38.50305671809043,17.423725638606353,0.575645272468664,19.501629218232686,6.441645316385767,1.1878920985169632,7.62953741490273,3.2208226581928834,0.5939460492584816,3.814768707451365,0.5857856835440299,,,0.14712357876147517,,0.07356178938073758,,3.0123655464064503,1.8078498304585502,25.027377412683073,0.2684372535441961,0.20368553492896535,2.6447899113916344,,
212,3,CP,2021,134.10470042866916,2.715599513531738,152.13403256753008,64.26826126901946,10.282921803043113,74.55118307206257,32.13413063450973,5.141460901521556,37.275591536031286,5.0796302980898105,0.1446613139337074,5.928840324805031,2.053494245566335,0.32855907929061356,2.3820533248569484,1.0267471227831675,0.16427953964530678,1.1910266624284742,2.9000020068131978,,,0.7721109420369957,,0.38605547101849785,,2.3406356911397963,1.4755337809944489,24.341445210804814,0.10852061737168942,0.27467138509291533,0.777755873306179,,
213,3,CP,2021,232.69320443365288,4.907608786045985,265.10352718102496,112.56471887954802,18.15352908170214,130.71824796125017,56.28235943977401,9.07676454085107,65.35912398062509,1.892209182773374,0.06459478163834974,2.282222160690602,0.7986730309490008,0.12778768495184012,0.9264607159008409,0.3993365154745004,0.06389384247592006,0.46323035795042045,0.6371768146684029,,,0.13458607948715648,,0.06729303974357824,,4.249159847601075,3.205922962999473,42.68765545867705,0.045159556909916465,0.16624035813446333,0.3024954377218229,,
214,3,CP,2021,348.96461532140626,6.993036882376232,397.4489189652902,168.9986225878736,27.31418412087522,196.3128067087488,84.4993112939368,13.65709206043761,98.1564033543744,31.899863149892848,0.7932727646315809,35.03566933661576,11.297272727730995,1.8808505125328618,13.178123240263858,5.6486363638654975,0.9404252562664309,6.589061620131929,10.531433781586651,,,3.0735892099180875,,1.5367946049590437,,6.259509770762122,3.069153777083398,64.11139476729251,0.42869812683961034,0.6320199054095565,4.45229678659853,,
215,3,CP,2021,315.0694345495049,6.176897964875199,360.8122367728638,154.18848225449662,25.111166689512164,179.2996489440088,77.09424112724831,12.555583344756082,89.6498244720044,37.97274401766337,0.8679257548723793,42.72246582892705,16.139693829229795,2.6117583681986627,18.751452197428456,8.069846914614898,1.3058791840993313,9.375726098714228,49.42238447832626,,,14.856957650758252,,7.428478825379126,,6.522645118059518,2.2327932755910997,58.56498178212665,0.6345579071095846,0.6560276819802524,6.182481442633819,,
216,3,CP,2021,419.9299236881268,8.045230201068582,478.5533330291247,203.02045633637542,32.697635512840556,235.718091849216,101.51022816818771,16.348817756420278,117.859045924608,17.40794616276495,0.43725299918327015,19.289119261141213,6.713031549960572,1.1038757088790359,7.816907258839607,3.356515774980286,0.5519378544395179,3.9084536294198036,44.32685594705467,,,12.235289905499023,,6.117644952749512,,8.590817655672776,2.6448692868818324,76.97441523942756,0.2494302041881846,0.3072788985064373,2.613063738291341,,
217,3,CP,2021,298.650240942824,8.492839769805265,365.2217952906824,171.6484843534904,31.801596520922402,203.45008087441283,85.8242421767452,15.900798260461201,101.72504043720642,2.0292115027216524,0.13675444314532983,2.5328314630604387,0.9085386343279985,0.18171956807145123,1.0902582023994496,0.45426931716399926,0.09085978403572562,0.5451291011997248,6.7496338125728075,,,1.7510704213376669,,0.8755352106688334,,9.259118873838219,4.411840384027652,66.64891352545823,0.0019941500567160065,0.22018573160274318,0.38882104882268087,,
218,3,CP,2021,364.4547566531802,7.411749239046377,418.46093563402405,179.29489755729338,29.309927577110166,208.60482513440354,89.64744877864669,14.654963788555083,104.30241256720177,26.16412935948754,0.6248320157005425,29.08827882156917,11.295586735437581,1.856508212752975,13.152094948190555,5.647793367718791,0.9282541063764875,6.576047474095278,41.48064035325938,,,11.520833807975986,,5.760416903987993,,8.898739869386864,2.8182301630810973,68.12984498563931,0.35581150213305096,0.5213056566489065,4.394674374627863,,
219,3,CP,2021,289.100410108693,7.946735635803428,350.29147214610555,162.69112066701032,29.660455607847517,192.35157627485785,81.34556033350516,14.830227803923759,96.17578813742892,9.127469636574714,0.3487809649056446,9.822709767651904,3.6803542368027555,0.913683220092062,4.594037456894817,1.8401771184013778,0.456841610046031,2.2970187284474086,3.9863459018755476,,,1.277344127325148,,0.638672063662574,,9.312515756229557,4.077212810954193,62.89785713902732,0.06060045280706548,0.16661066954371356,1.7937638683101824,,
220,3,CP,2021,373.32247115461894,9.906896767950379,434.75408489552495,204.4597664118662,35.91161345935548,240.37137987122168,102.2298832059331,17.95580672967774,120.18568993561084,34.51490338015909,1.1012025560922059,39.18797159779984,14.731287131624825,2.6305084615976404,17.361795593222467,7.365643565812412,1.3152542307988202,8.680897796611234,42.95387399948382,,,14.362461532829297,,7.181230766414648,,11.852813700084214,1.7923478667273645,75.07611153843247,0.5722603955802394,0.2735532554107959,5.391707475969379,,
221,3,CP,2021,337.907300408003,8.97251951896961,410.1456881518287,190.38975742784922,34.65773593651354,225.04749336436277,95.19487871392461,17.32886796825677,112.52374668218138,14.838888734508746,0.5645731284964938,16.912659136526493,6.673956026538147,1.2306646130835195,7.904620639621667,3.3369780132690736,0.6153323065417597,3.9523103198108336,10.415759968947462,,,3.277474349644838,,1.638737174822419,,13.473659123659179,3.8088441834592217,73.5275026698914,0.2124353704071629,0.37095942626053047,2.7255676928520347,,
223,3,CP,2021,360.4812111858158,7.099982360508169,411.98503604387486,175.72855087805632,28.538183841084543,204.26673471914089,87.86427543902816,14.269091920542271,102.13336735957044,38.960071286588224,0.9582509221478064,44.01944572921417,14.327938231522758,2.3346293581855666,16.662567589708324,7.163969115761379,1.1673146790927833,8.331283794854162,26.865378267153392,,,8.118461952800335,,4.059230976400167,,7.190420488874068,2.581934717640429,66.71590866748241,0.6495735547438709,0.7616675830965958,5.502467132973244,,
224,3,CP,2021,408.0634803505696,9.520873097711016,475.1427180042667,213.3265162834413,36.580575779959474,249.90709206340077,106.66325814172065,18.290287889979737,124.95354603170038,22.713888221382067,0.7184094968094495,25.910109897590786,9.510241931223012,1.7247234199428088,11.23496535116582,4.755120965611506,0.8623617099714044,5.61748267558291,31.000255519669455,,,7.9792732119571825,,3.9896366059785913,,11.279558211378049,2.899376278388747,80.47069956966983,0.3377682310400107,0.5870532747608112,3.8289517390238874,,
225,3,CP,2021,428.2764488496785,13.758670783617122,518.8275207095842,261.3586190042796,49.133079539952554,310.4916985442322,130.6793095021398,24.566539769976277,155.2458492721161,30.469816977500887,1.117877923368248,36.99618154392985,14.201327359348822,2.966013768003911,17.16734112735273,7.100663679674411,1.4830068840019555,8.583670563676366,15.107496494100598,,,4.787220940958497,,2.3936104704792487,,21.971541010221674,2.8173655458393294,95.93884536768054,1.2099783789174228,0.6131901284063027,5.802252917568785,,
226,3,CP,2021,418.24142026676986,12.35241101629274,521.7719776745777,258.9939715247812,50.06208234797605,309.0560538727572,129.4969857623906,25.031041173988026,154.5280269363786,16.699923000169832,0.7598443031974168,20.332091248164875,7.74233279488168,1.5883874344399818,9.330720229321662,3.87116639744084,0.7941937172199909,4.665360114660831,12.765714534687914,,,4.133810750847751,,2.0669053754238753,,35.101742250017544,2.9497139519812374,99.38306563990585,0.9359689332403757,0.3011405491836571,3.0983111506064547,,
227,3,CP,2021,364.97730892488755,11.767252574193785,443.1899968615641,222.66952775324833,42.133420830393106,264.80294858364147,111.33476387662417,21.066710415196553,132.40147429182073,24.631432203666904,0.871264244756372,29.6986918544727,12.644184322913457,2.513394037354754,15.15757836026821,6.3220921614567285,1.256697018677377,7.578789180134105,8.406810784275704,,,2.410876663949821,,1.2054383319749105,,17.79565199717274,2.7389254124050786,82.54006985014072,1.3502723494194393,0.4069115796033939,4.921175174555833,,
228,3,CP,2021,436.48688706917085,11.2864775219474,516.8168708797261,241.8253504143739,43.12380899478833,284.94915940916223,120.91267520718695,21.561904497394163,142.47457970458112,27.235373908815852,0.9460268275602429,32.67151099734451,13.085739136585131,2.369479303298093,15.455218439883224,6.5428695682925655,1.1847396516490465,7.727609219941612,22.26538660894558,,,6.940115630099858,,3.470057815049929,,21.468725262033765,2.6140257803571774,90.69602262755622,1.0571816610932814,0.6717865262383067,5.005243159652702,,
229,3,CP,2021,342.4994793831902,7.839801111023331,397.5413781206778,173.4199265906645,29.11191380473869,202.53184039540318,86.70996329533224,14.555956902369346,101.26592019770159,11.968088859897227,0.3541987249582204,14.02861182721306,4.822904879720165,0.7716647807552264,5.594569660475391,2.4114524398600823,0.3858323903776132,2.7972848302376954,17.551527546702673,,,5.215235685985625,,2.6076178429928123,,8.207253017372057,4.905339276449759,66.18848933710643,0.2851721391992996,0.7155947279516788,1.82666331045154,,
31000,3,CA,2021,236.61841641150957,11.030628360248915,376.09743079446383,186.63074084162997,39.43494094949954,226.06568179112952,93.31537042081499,19.71747047474977,113.03284089556476,14.311985407073117,0.9133562408833205,21.429590133841227,8.766673974441153,2.1563447127824604,10.923018687223612,4.383336987220576,1.0781723563912302,5.461509343611806,22.460321999999998,,,8.012072890551398,,4.006036445275699,,31.095830033248557,7.803619958317481,79.44609741155563,0.4612672698400665,0.4687449426583434,4.336667892328054,,
41000,3,CA,2021,394.8246134645036,12.923700100169375,522.6421811964841,295.79382420339874,65.8197345552294,361.61355875862813,147.89691210169937,32.9098672776147,180.80677937931407,34.410197623754044,1.046134220717491,41.85186821119048,18.027816117592515,3.893071541174239,21.920887658766752,9.013908058796257,1.9465357705871196,10.960443829383376,31.811527551020408,,,13.072658465990665,,6.536329232995333,,102.17003249420118,5.004823445995502,116.07776520565064,4.852529878531732,0.46629970183279573,6.935105538656506,,
43000,3,CA,2021,286.1552289662928,9.862935036138731,380.40186542451613,202.12236207147313,44.08268533344978,246.20504740492294,101.06118103573657,22.04134266672489,123.10252370246147,24.38643336733587,0.8434940103592152,28.371053830554654,13.037230694758493,2.9907634233416913,16.027994118100185,6.518615347379247,1.4953817116708457,8.013997059050093,49.67719059270062,,,20.684424820044335,,10.342212410022167,,53.310230113695845,8.275606855114257,82.54991338144954,1.5634200479880322,0.36992305241695544,5.661395909973544,,
101,3,CP,2022,598.3503162306164,18.229003754399745,779.0310269560391,427.4701335742321,89.76872805058873,517.2388616248209,213.73506678711604,44.88436402529437,258.6194308124104,0,0,0,0,0,0,0,0,0,,7.296320824739098,,,,,,163.91956846106237,3.97847164929067,163.59651566076823,0,0,0,3.077770688805545,1.5388853444027726
102,3,CP,2022,575.7804027327551,15.804193152801002,751.9244552945083,371.17312813454544,77.94635690825453,449.11948504279997,185.58656406727272,38.973178454127265,224.55974252139998,3.367561067531919,0.13544135406222668,4.718478005462454,1.81778191982534,0.3817342031633214,2.1995161229886615,0.90889095991267,0.1908671015816607,1.0997580614943308,,0,,,,,,160.20070034736477,6.003589633779988,157.90413561184673,0,0.7765072302050293,0.7431602858603363,0,0
103,3,CP,2022,312.3387254332608,9.467891682730581,416.80931407640503,227.0258891829011,47.67543672840923,274.70132591131033,113.51294459145055,23.837718364204616,137.35066295565517,0,0,0,0,0,0,0,0,0,,50.30466285266995,,,,,,63.239083355431184,10.139924345746136,87.52995595604504,0,0,0,21.219765489647173,10.609882744823587
104,3,CP,2022,469.10111874833547,13.648423717460796,614.6412371216246,342.1865331204303,72.30625737242212,414.49279049285235,171.09326656021514,36.15312868621106,207.24639524642618,6.541512997276072,0.1922068666605182,7.962781943272529,4.478534219284524,0.9404921860497499,5.419026405334274,2.239267109642262,0.47024609302487497,2.709513202667137,,0,,,,,,143.4996285411117,5.093544817935511,129.83805584107492,0.5704319477903733,0.06838427637619225,1.6721842080872311,0,0
105,3,CP,2022,470.58966708435634,13.627091921406462,612.9954764545159,339.8275922014899,71.36379436231287,411.1913865638028,169.91379610074495,35.68189718115644,205.5956932819014,1.5150388579984255,0.08666793726949688,1.8414491056631936,0.7767693085973949,0.16996983773553778,0.9467391463329327,0.38838465429869745,0.08498491886776889,0.47336957316646633,,0,,,,,,124.1891374887637,4.8034064905076415,128.72905005544834,0.09743335622757501,0.08820032602773882,0.3022044018316604,0,0
106,3,CP,2022,343.707323288366,11.80954600255811,445.4732527503966,247.01294861627824,51.87271920941843,298.88566782569666,123.50647430813912,25.936359604709214,149.44283391284833,1.9510304106604086,0.06590752929987105,2.389208675320269,1.007828000847755,0.21164388017802852,1.2194718810257834,0.5039140004238775,0.10582194008901426,0.6097359405128917,,0,,,,,,101.22436239541534,5.8619534628291,93.54938307758329,0.09555495129772854,0.08423341000919232,0.37630036636294234,0,0
107,3,CP,2022,434.9878309013706,12.652988596308683,563.7466500347197,311.0221042405197,65.31464189050914,376.3367461310288,155.51105212025985,32.65732094525457,188.1683730655144,0.6321576273772084,0.029931095504613935,1.2801007887702824,0.49315564609752044,0.10356268568047929,0.5967183317779997,0.24657782304876022,0.05178134284023964,0.29835916588899986,,0,,,,,,183.32309248606032,4.403972896053986,118.38679650729111,0,0.3628859029127177,0.2016158742313195,0,0
108,3,CP,2022,390.2606354308149,11.392404466686916,516.4661272026162,287.1016120772131,60.291338536214745,347.39295061342784,143.55080603860654,30.145669268107373,173.69647530671392,0,0,0,0,0,0,0,0,0,,0,,,,,,138.49373941907453,4.330675711358132,108.4578867125494,0,0,0,0,0
109,3,CP,2022,358.3075794699924,10.487113832266827,479.30411832326354,258.716220421415,54.33040628849715,313.0466267099121,129.3581102107075,27.165203144248576,156.52331335495606,9.688673456724622,0.3469570177515305,12.55645543912735,5.1158084968488335,1.142280975212222,6.258089472061057,2.5579042484244168,0.571140487606111,3.1290447360305285,,57.77162331978949,,,,,,97.08714695185891,7.790940316802488,100.65386484788533,0.7848395511722176,1.2084207725384766,2.09368511481692,28.99497993287987,14.497489966439934
110,3,CP,2022,469.66575406964853,13.580093108455516,610.5289477472207,338.8506529459127,71.164113145199,410.01476609111165,169.42532647295636,35.5820565725995,205.00738304555583,0,0,0,0,0,0,0,0,0,,9.799729835782578,,,,,,142.00778634198272,4.025543743380538,128.22042931404027,0,0,0,3.8422735092525717,1.9211367546262859
111,3,CP,2022,602.2705207012522,18.219867456685538,758.9793363994363,439.5049841552924,102.54593027277552,542.0509144280679,219.7524920776462,51.27296513638776,271.02545721403396,25.659690678147214,0.8980185350988976,31.20721708013225,16.891801097797206,4.172230037787762,21.06403113558497,8.445900548898603,2.086115018893881,10.532015567792484,,3.517471608018935,,,,,,118.2540165396178,5.133365866811277,176.88728406462556,3.3499773463718667,0.272806134981632,7.124061286404115,2.060018872668881,1.0300094363344405
112,3,CP,2022,496.11202705411273,14.461786110262453,653.1578529032347,348.8458547101282,73.25762948912693,422.10348419925515,174.4229273550641,36.62881474456346,211.05174209962757,2.771284070688695,0.09963406238500466,3.908477081871756,1.5057310779563235,0.31620352637082794,1.8219346043271514,0.7528655389781618,0.15810176318541397,0.9109673021635757,,0,,,,,,126.67554540497507,5.024516084279954,137.16314910967927,0.0644323811759493,0.46110907693529835,0.6155851403948016,0,0
113,3,CP,2022,610.7297946332307,17.926338962035963,773.4624173602072,423.73914650610806,88.9852207662827,512.7243672723907,211.86957325305403,44.49261038314135,256.36218363619537,8.506842682648854,0.3399447558810431,11.042476368441127,4.774707553289432,1.0026885861907808,5.777396139480213,2.387353776644716,0.5013442930953904,2.8886980697401063,,13.570375695868067,,,,,,103.95069830178373,9.709287876505662,162.4271076456435,0.48726411414298326,1.0941139636028383,1.8026496938541876,5.724324019745304,2.862162009872652
114,3,CP,2022,310.97718058686945,9.33692409250037,400.3731039074471,206.8463181892848,43.437726819749805,250.28404500903457,103.4231590946424,21.718863409874903,125.14202250451729,4.706865805675682,0.15856349812700973,10.44812657322117,4.786281288430035,1.0051190705703072,5.791400359000343,2.3931406442150176,0.5025595352851536,2.8957001795001713,,0,,,,,,90.04399395210447,5.503659329189741,84.07835182056388,2.490674272883781,1.107934953007078,1.7913836183686724,0,0
115,3,CP,2022,682.8199263404726,19.006517470758865,890.0586014829076,456.0522441712266,95.77097127595758,551.8232154471842,228.0261220856133,47.88548563797879,275.9116077235921,0,0,0,0,0,0,0,0,0,,3.672205580469389,,,,,,176.1087712411761,4.530778108924543,186.9123063114106,0,0,0,1.5490281979535874,0.7745140989767937
116,3,CP,2022,394.7772856296727,11.4659516273916,525.8584558304716,281.79081875487674,59.2503746516277,341.0411934065044,140.89540937743837,29.62518732581385,170.5205967032522,0.7154733402423871,0.08372724667519685,1.0838905016665674,0.44602633769113365,0.10347899234454018,0.5495053300356738,0.22301316884556682,0.05173949617227009,0.2747526650178369,,3.561779558225383,,,,,,81.0779457241735,10.005553403475844,110.55714722407711,1.8426688076797535,0.45767331722982424,0.19997149172741435,1.5024477387457584,0.7512238693728792
117,3,CP,2022,438.99679929160476,12.699001048780344,576.6243178673293,316.4102442017065,66.44615128235837,382.8563954840649,158.20512210085326,33.223075641179186,191.42819774203244,2.2678212270925324,0.07474867007256523,2.769482114631222,1.1682368525630131,0.24532973903823277,1.4135665916012459,0.5841184262815066,0.12266486951911638,0.7067832958006229,,0,,,,,,122.17168761271432,6.851238411851043,121.09110675213914,0.10714918962130374,0.08271438281564167,0.43619343305441743,0,0
119,3,CP,2022,500.47430338456104,14.21744032699251,650.6591620956316,326.77170987546253,68.62932875191403,395.4010386273765,163.38585493773127,34.314664375957015,197.70051931368826,0,0,0,0,0,0,0,0,0,,26.35287547715603,,,,,,88.49563248124916,6.058995118208636,136.6508369779149,0,0,0,9.798822909673605,4.899411454836803
120,3,CP,2022,459.7057871968341,13.144411721222543,594.4207238276498,304.1212683210112,63.86546634741235,367.98673466842354,152.0606341605056,31.932733173706175,183.99336733421177,36.85009957365481,1.4999913796022428,46.61495368217977,19.66747757575186,4.20263010351745,23.870107679269314,9.83373878787593,2.101315051758725,11.935053839634657,,18.514081905953653,,,,,,111.84488534004849,6.328632107148281,124.82835200380644,7.206391912780131,0.22408611355282837,7.488132181949714,9.334881993524546,4.667440996762273
121,3,CP,2022,495.3862533461687,14.946823545414691,647.7540037634259,369.61143091793025,80.2244315786596,449.8358624965898,184.80571545896512,40.1122157893298,224.9179312482949,1.4002064362337645,0.05020617987244463,1.7290868108917548,0.7293720811890415,0.1531681370496987,0.8825402182387402,0.36468604059452076,0.07658406852484935,0.4412701091193701,,0,,,,,,145.4203375628744,5.477694503059392,140.4781254383464,0.09091264890293768,0.08702414321093384,0.2723311727154514,0,0
122,3,CP,2022,498.66677485467335,14.453786573232815,646.298729112271,354.2756847244245,75.44331199285917,429.71899671728363,177.13784236221224,37.72165599642958,214.85949835864182,12.049127738440486,0.5526436007809351,14.945477336732402,7.203907703451561,1.617823004873412,8.821730708324974,3.6019538517257805,0.808911502436706,4.410865354162487,,0,,,,,,117.00922938924198,3.7646335844254866,137.36610262270614,0.15879212025698197,0.3080758758141611,3.106654032440326,0,0
123,3,CP,2022,412.45905614705265,11.99415602568032,548.2775057166973,284.36851389817645,60.07904280923387,344.4475567074103,142.18425694908822,30.039521404616934,172.22377835370514,0.7967393480956695,0.02905923505997295,1.0392328519696508,0.4003618723266267,0.0840759931885916,0.4844378655152183,0.20018093616331334,0.0420379965942958,0.24221893275760914,,17.211516589296927,,,,,,114.85730615841256,2.20364610982004,115.75580006231347,0,0.09700621962173454,0.16367917418522,7.525219605679368,3.762609802839684
124,3,CP,2022,436.7337117685639,12.8023637697396,570.8977633208672,313.165187249486,67.06439213333003,380.22957938281604,156.582593624743,33.532196066665016,190.11478969140802,0,0,0,0,0,0,0,0,0,,102.52282986712704,,,,,,98.46559496201219,5.830611364017993,122.10776614856334,0,0,0,43.24669491349079,21.623347456745396
125,3,CP,2022,503.47603291361844,15.210158655952192,660.3287720593097,375.3495121341023,83.43967745974639,458.7891895938487,187.67475606705116,41.719838729873196,229.39459479692434,4.2102558945615,0.16999343029689903,5.282905638554741,2.635369773034493,0.5760660779647307,3.211435850999224,1.3176848865172466,0.2880330389823654,1.605717925499612,,0,,,,,,168.36888221614217,5.022103054894436,146.5513162897938,0.3805012461612245,0.3870958947276207,1.072992435746867,0,0
126,3,CP,2022,655.9453585725107,20.593824874747053,840.1637251783048,492.044662436912,118.09071898485887,610.1353814217708,246.022331218456,59.045359492429434,305.0676907108854,2.4902498787761367,0.1116633223914255,3.113049057457702,1.3673756019708323,0.3426587754041122,1.7100343773749445,0.6836878009854161,0.1713293877020561,0.8550171886874722,,0,,,,,,172.9638742036962,7.842593076474857,201.63929404279315,0.7673786833388632,0.32848500145600423,0.5850880929847848,0,0
127,3,CP,2022,487.1655084946068,14.247665625021519,640.7796332710325,354.18834901462793,74.39680547589778,428.5851544905257,177.09417450731397,37.19840273794889,214.29257724526286,0.03929751681281367,0.027432804676807414,0.2508924380112709,0.09720827751212716,0.02041373827754671,0.11762201578967386,0.04860413875606358,0.010206869138773354,0.05881100789483693,,6.732951623710601,,,,,,127.13443273784758,8.05182715164203,134.5931810001766,0,0.39170074884799594,0.03951555898677517,2.5938528725726804,1.2969264362863402
128,3,CP,2022,515.7568389844326,15.149558640554181,651.9251416824475,362.47330909422976,76.11939490978826,438.59270400401806,181.23665454711488,38.05969745489413,219.29635200200903,8.330278688750958,0.25383152546571314,10.12409954499211,5.117027781326026,1.0745758340784652,6.191603615404491,2.558513890663013,0.5372879170392326,3.0958018077022453,,39.21118999275512,,,,,,87.08656000699676,7.154024881008348,136.90427975331397,0.5314537581878812,0.15066518877502727,1.910583380480232,16.54026106194452,8.27013053097226
129,3,CP,2022,421.57538101539194,12.994120690518958,545.8292179153972,314.3281393246269,73.26181297351104,387.5899522981379,157.16406966231344,36.63090648675552,193.79497614906896,7.811817366128231,0.23961535161021558,9.491235684078713,4.003640696548903,0.8407645462752695,4.8444052428241715,2.0018203482744514,0.42038227313763477,2.4222026214120858,,0,,,,,,108.67264095091008,3.6185163548107884,127.00843147567468,0.4628745224772843,0.1521253877889583,1.4948696202423972,0,0
130,3,CP,2022,577.4096110365081,17.51619510888816,725.8045176853956,421.6553723457698,100.70469396140456,522.3600663071744,210.8276861728849,50.35234698070228,261.1800331535872,1.815847603622737,0.057438865531652165,2.243514740637324,0.985441367093226,0.23650592810237428,1.2219472951956003,0.492720683546613,0.11825296405118714,0.6109736475978002,,0,,,,,,96.76525383081423,3.2403758704321803,173.11902876765075,0.14753250321128702,0.10383051600621816,0.40383265331471835,0,0
131,3,CP,2022,532.7846317166465,15.92156496411084,695.8556373052662,392.2476782492088,82.37201243233383,474.6196906815426,196.1238391246044,41.186006216166916,237.3098453407713,0,0,0,0,0,0,0,0,0,,1.73371802236851,,,,,,136.20892148206025,6.817136621233082,146.1296838341059,0,0,0,0.667910557490867,0.3339552787454335
132,3,CP,2022,518.8357236669572,16.140728495277436,687.6251542024636,372.5815609761849,82.42006007054417,455.0016210467291,186.29078048809245,41.210030035272084,227.50081052336455,0.44654257352094107,0.019502356388714948,0.6094456745753307,0.26769290517429817,0.06424629724183155,0.3319392024161297,0.13384645258714908,0.032123148620915774,0.16596960120806484,,0,,,,,,211.5021573338423,2.037758253518116,151.535080193429,0.2883847145620999,0.10955567110487786,0.10970022142355951,0,0
133,3,CP,2022,613.9279492019983,19.9531148985027,816.9316429361337,478.43871668850494,114.82529200524118,593.2640086937461,239.21935834425247,57.41264600262059,296.63200434687303,0,0,0,0,0,0,0,0,0,,0,,,,,,320.6451341659845,3.6306781501858625,196.0635943046721,0,0,0,0,0
134,3,CP,2022,321.9772801648628,9.695839325132862,406.4871870388604,229.41297931726422,48.176725656625486,277.5897049738897,114.70648965863211,24.088362828312743,138.79485248694485,2.975969423751391,0.12425512329905064,3.8913613202358754,1.6879532616934285,0.35447018495561994,2.0424234466490483,0.8439766308467143,0.17723509247780997,1.0212117233245241,,11.127504509474726,,,,,,46.588958244694695,5.219445323511907,85.36230927816068,0.13673832123897237,0.46453250372400817,0.6386365343144977,4.693859829010119,2.3469299145050595
135,3,CP,2022,626.14059060023,18.934405338928148,806.9529617415456,463.5115798709496,106.11342226402482,569.6250021349745,231.7557899354748,53.05671113201241,284.81250106748723,52.863986220246304,1.4139390887826113,75.0967987482687,38.437761219396315,8.096135730271182,46.5338969496675,19.218880609698157,4.048067865135591,23.26694847483375,,8.544508202506092,,,,,,164.8778992731206,3.70494708997953,184.44508049903385,27.673922015603477,0.2518684664276817,15.715219196550887,3.384522475701638,1.692261237850819
136,3,CP,2022,536.2855085878518,15.440605078561026,700.8854876694625,378.8077020061668,79.54961742129503,458.35731942746185,189.4038510030834,39.77480871064751,229.17865971373092,0,0,0,0,0,0,0,0,0,,0,,,,,,160.95090960459927,2.5243356596875492,147.1859524105871,0,0,0,0,0
137,3,CP,2022,473.4893916418353,14.173875704783166,608.4268070907907,344.38543410519156,74.00774165190649,418.39317575709805,172.19271705259578,37.00387082595324,209.19658787854902,2.769132487312699,0.1273255658001981,3.9185399112156944,1.6361164877531744,0.3435844624281666,1.979700950181341,0.8180582438765872,0.1717922312140833,0.9898504750906705,,25.98872503761009,,,,,,97.18830946651248,6.591947598484494,130.64983263188202,0.370314597920171,0.6564871750609163,0.6171700360164719,10.298032062906664,5.149016031453332
138,3,CP,2022,508.9662715424493,14.862583001180521,664.1825866272928,370.4964749044166,77.80425972992748,448.30073463434405,185.2482374522083,38.90212986496374,224.15036731717203,0.6257711594547025,0.023723942403393646,0.8301578306314654,0.31981624018938376,0.06716141043977059,0.38697765062915435,0.15990812009469188,0.03358070521988529,0.19348882531457717,,2.514481086405492,,,,,,186.01945490230696,6.041867763563481,139.4783431917315,0,0.09778690038720826,0.1307498583244558,1.0606710383478068,0.5303355191739034
139,3,CP,2022,302.48247811913006,9.427585989529732,390.61630943795456,206.6796504271952,44.04893405600855,250.72858448320375,103.3398252135976,22.024467028004274,125.36429224160187,0.03929751681281367,0.024672834550555977,0.3403174807461236,0.13185601117683363,0.02768976234713506,0.15954577352396868,0.06592800558841681,0.01384488117356753,0.07977288676198434,,0,,,,,,42.61993886448248,6.350795167055851,83.13282090020623,0,0.39220354666482815,0.053600003217514465,0,0
140,3,CP,2022,591.8316500409087,17.288489277692747,771.8123860360295,433.0431572108057,90.9390630142692,523.9822202250749,216.52157860540285,45.4695315071346,261.99111011253746,1.156454935054301,0.0662351501177459,2.81258234967664,1.2414676337361576,0.2607082030845931,1.5021758368207507,0.6207338168680788,0.13035410154229654,0.7510879184103754,,11.322557734175128,,,,,,192.5301834446704,5.733885443111514,162.0806010675662,0,0.6219399398202256,0.5060967607280876,5.244614359387479,2.6223071796937396
141,3,CP,2022,478.1585617954752,14.334033703181783,605.6368642960343,346.1458161157946,74.42795722657031,420.573773342365,173.0729080578973,37.21397861328516,210.2868866711825,42.28727740370882,1.3334124422485083,55.44408531811767,31.798605852331832,7.579726083884342,39.37833193621618,15.899302926165916,3.789863041942171,19.68916596810809,,0,,,,,,75.18715451619016,6.38796834363573,130.1502334988172,12.010538713500766,0.12440117103461341,12.967972938684067,0,0
142,3,CP,2022,480.14397319121156,14.227822123731064,605.5259165198058,343.36979118195785,73.74925141368774,417.11904259564557,171.68489559097893,36.87462570684387,208.55952129782278,3.5450237415570545,0.12824750364373322,4.902796817077261,1.9974946488547634,0.4194738762595003,2.4169685251142634,0.9987473244273817,0.20973693812975014,1.2084842625571317,,0,,,,,,72.10142067046935,5.048907203115837,129.96345792439695,0.11535891182179303,0.5427339671414875,0.7721904986896687,0,0
143,3,CP,2022,640.6423569539435,20.179066938716076,836.561133395397,489.38638738109165,117.05422886671305,606.4406162478047,244.69319369054583,58.52711443335652,303.2203081239023,1.6684441480098926,0.053248837281160706,2.0656490439974204,0.907315642273596,0.217755754145663,1.125071396419259,0.453657821136798,0.1088778770728315,0.5625356982096295,,12.120818017573011,,,,,,197.88816154084398,3.301543365417581,200.06613633463826,0.15217590639694697,0.10476805176371257,0.3718168279195356,5.112864320925239,2.5564321604626197
144,3,CP,2022,354.1015372350743,10.546678336037157,461.8110777629454,253.67204689721302,54.07156524751307,307.7436121447261,126.83602344860651,27.035782623756536,153.87180607236306,0.03929751681281367,0.027432804676807414,0.2508924380112709,0.12961103668283622,0.027218317703395608,0.15682935438623183,0.06480551834141811,0.013609158851697804,0.07841467719311591,,0,,,,,,73.60933853248982,7.120020681109409,98.34706564884138,0,0.39170074884799594,0.052687411982366886,0,0
145,3,CP,2022,434.1574189489862,13.038559684092968,552.0647656544405,311.1295644438494,67.7987239596045,378.9282884034539,155.5647822219247,33.89936197980225,189.46414420172695,8.983436079458638,0.2838485776339923,10.947421558711614,4.617896334431721,0.9697582302306615,5.587654564662383,2.3089481672158607,0.48487911511533077,2.7938272823311916,,0,,,,,,85.72706822659629,6.501266643883517,120.13662569168089,0.5355491546172884,0.24023937037862444,1.7242188954970792,0,0
146,3,CP,2022,306.1657888652496,9.056982161943251,400.2080906467256,219.0169665148133,46.56092080983753,265.5778873246509,109.50848325740665,23.280460404918767,132.78894366232544,26.468386870143156,0.8154774750470889,33.15222799441259,13.93198691562276,2.92571725228078,16.85770416790354,6.96599345781138,1.46285862614039,8.42885208395177,,22.372292457877293,,,,,,60.4417543672069,6.69077636550566,85.01245962647397,2.594354044149201,1.0231641099925703,5.221475909119983,8.618870044089213,4.309435022044607
147,3,CP,2022,258.09336246459395,7.665278832076539,346.8299310513646,199.51588031641077,43.82042949147278,243.33630980788354,99.75794015820539,21.91021474573639,121.66815490394177,0.48125838889605016,0.018361056227071425,0.645237900803955,0.272177491382699,0.05715727319036677,0.32933476457306576,0.1360887456913495,0.028578636595183386,0.16466738228653288,,0,,,,,,65.35638080560041,3.036035684899522,76.11625218679939,0.20983090598815204,0.0878972191413674,0.10162496937662291,0,0
148,3,CP,2022,451.9151926310912,13.967991300724659,570.5038468164047,334.11746343388353,80.18819122413204,414.30565465801556,167.05873171694176,40.09409561206602,207.15282732900778,5.948422055580124,0.18732051482759282,7.343833180874712,3.225705130606787,0.7741692313456288,3.9998743619524157,1.6128525653033936,0.3870846156728144,1.9999371809762079,,0,,,,,,75.63523071536106,3.06367954891274,136.92092323593712,0.486632671897988,0.30886267207003526,1.321889972557448,0,0
401,3,CP,2022,347.34251411003356,12.690126271033263,487.3630722800704,277.5375882703097,63.462951445165416,341.0005397154751,138.76879413515485,31.731475722582708,170.50026985773755,11.109306977247536,0.46386360850967656,14.877980661904594,6.132445227183066,1.2878134977084437,7.420258724891509,3.066222613591533,0.6439067488542218,3.7101293624457545,,4.882087703723093,,,,,,143.38866117957215,2.7665196944700825,111.19116736007919,2.1975004648580283,0.8001139891289303,2.365530432693623,2.059386750614027,1.0296933753070134
402,3,CP,2022,476.7406721620974,21.035152131099725,677.0618545059929,347.0713426620366,76.13556422482228,423.2069068868589,173.5356713310183,38.06778211241114,211.60345344342946,22.832735374411897,1.1918260123386717,31.755555245545256,11.684806833646741,2.4784908186713,14.163297652318041,5.8424034168233705,1.23924540933565,7.081648826159021,,75.6881373607083,,,,,,118.13142514604834,5.471835037858513,147.73334191203426,3.4541539465586215,0.8751080210884359,5.119825759691442,41.7052260825767,20.85261304128835
403,3,CP,2022,476.90694577554007,17.09630585958807,653.1564525832399,324.8015792596029,74.26342139000388,399.06500064960676,162.40078962980144,37.13171069500194,199.53250032480338,8.708160573558201,0.29733916689089374,11.855409441253798,4.945878807933188,1.0386345496659692,5.984513357599157,2.472939403966594,0.5193172748329846,2.9922566787995786,,5.407809883644915,,,,,,123.41686160981217,1.760313196542141,147.50188957577302,1.0468751347176166,0.5133325264807403,1.8672269869974734,2.2811495204653918,1.1405747602326959
404,3,CP,2022,298.2903709020467,10.638799947873617,410.58438247751184,220.1552874822436,50.57948604853206,270.73477353077567,110.0776437411218,25.28974302426603,135.36738676538783,24.604717768142095,0.7785728766400322,32.659212334563804,11.377056909504354,2.389181950995914,13.766238860500266,5.688528454752177,1.194590975497957,6.883119430250133,,0,,,,,,77.64186090256479,3.9039874403556865,93.64498813598162,3.6877445114583907,0.719749517396751,6.70265055566418,0,0
405,3,CP,2022,277.5189908899276,11.058096958638043,390.8611821914893,228.90914316764645,54.938194360235144,283.84733752788156,114.45457158382322,27.469097180117572,141.92366876394078,0,0,0,0,0,0,0,0,0,,23.116469533761542,,,,,,77.40875863986291,0.7814922442363345,93.80668372595744,0,0,0,5.726145968793127,2.8630729843965637
406,3,CP,2022,516.3262292788298,18.166272600819592,711.9987158748162,371.1917834653997,86.40278403312556,457.59456749852524,185.59589173269984,43.20139201656278,228.79728374926262,44.34470680870408,1.2102848220959381,49.858065805730924,15.980579110491862,3.721303130160206,19.70188224065207,7.990289555245931,1.860651565080103,9.850941120326034,,16.22405841120375,,,,,,229.0328785622736,2.6531366885366325,163.95234675105826,0.7438327880535996,0.7879003173571132,8.912736232199325,4.193959631359666,2.096979815679833
407,3,CP,2022,516.4422792530573,18.607409097492162,715.1705769235417,370.6427059284152,79.49776542239898,450.14047135081415,185.3213529642076,39.74888271119949,225.07023567540708,5.543448509883289,0.5105740708924401,8.665985600114164,3.724341421192593,0.8317519182636245,4.5560933394562175,1.8621707105962966,0.41587595913181225,2.2780466697281088,,21.93301499056446,,,,,,157.93120986569744,6.03590070390307,153.02503876457314,0,1.089020446055877,1.5900551007396682,9.003572868963198,4.501786434481599
408,3,CP,2022,267.2461842017841,10.005598008184077,387.9988785664042,225.05063910466663,51.00708175033579,276.0577208550024,112.52531955233331,25.503540875167896,138.0288604275012,1.9381519425169884,0.1359936563838836,2.8875048896882998,1.5250068568381072,0.32025143993600247,1.8452582967741098,0.7625034284190536,0.16012571996800123,0.9226291483870549,,0,,,,,,77.08750651784163,7.297886480429454,87.87680436199527,0,0.8843467206434715,0.6063760268345431,0,0
409,3,CP,2022,173.1189612575892,6.8097151617607254,245.9032795051761,144.01406836575288,34.56337640778069,178.57744477353356,72.00703418287644,17.281688203890344,89.28872238676678,157.08094382722967,3.7998328303521354,161.55572383891118,48.246212662646315,13.421639622837038,61.66785228548335,24.123106331323157,6.710819811418519,30.833926142741674,,93.27270527710925,,,,,,55.64517880634573,0.3019334728011728,59.01678708124226,0,0.4570349125378296,38.78335551783843,45.56507042086775,22.782535210433874
410,3,CP,2022,483.1558945513131,17.85760964570624,679.5651831371057,393.65445885296714,91.32690027761733,484.98135913058445,196.82722942648357,45.66345013880866,242.49067956529223,6.65063981060024,0.3682744006073816,9.49450370066529,3.391317989648899,0.7121767778262688,4.103494767475167,1.6956589948244496,0.3560883889131344,2.0517473837375837,,6.731330601142073,,,,,,161.69488670424775,0.7847228504583175,157.4946784698962,3.382240043932986,1.051524377515212,1.495384332854783,3.9422260139680385,1.9711130069840193
411,3,CP,2022,358.51377443563484,11.017366958957744,484.3716258352165,192.3048458556189,40.38401762967997,232.68886348529887,96.15242292780945,20.192008814839983,116.34443174264943,83.49834750463742,3.5978689607561716,87.23762237369094,29.19989182890194,8.129785053868602,37.32967688277054,14.59994591445097,4.064892526934301,18.66483844138527,,66.50608589418951,,,,,,91.9749783633567,2.2109201554593914,101.71804142539547,0,0.09165403002642801,23.463879581949943,20.911792239443685,10.455896119721842
412,3,CP,2022,482.63548857165887,16.080951830931472,662.9891979431641,263.62900129072136,55.362090271051486,318.99109156177286,131.81450064536068,27.681045135525743,159.49554578088643,1.8110077824453787,0.08032392819093961,2.5425336935220124,1.3240513610762634,0.27805078582601533,1.6021021469022791,0.6620256805381317,0.13902539291300767,0.8010510734511396,,0,,,,,,147.32566608195646,1.5022639686469632,139.22773156806446,0,0.1579268289526795,0.5339320756396226,0,0
413,3,CP,2022,377.45418292170086,13.593073776806362,520.660003957981,289.6550292705652,64.02241358513481,353.6774428557,144.8275146352826,32.01120679256741,176.83872142785,2.0809513689753287,0.1231301473849074,2.8518046179008683,1.0514683207731266,0.23070402758725803,1.2821723483603846,0.5257341603865633,0.11535201379362901,0.6410861741801923,,43.93412275338632,,,,,,116.29028906373175,5.68179825725823,114.79380344123064,1.0139183169116737,0.3512593735272002,0.48441791297025677,15.356985787767748,7.678492893883874
414,3,CP,2022,226.01427191201844,7.192877426953182,312.9245109243055,125.13416191711704,27.328343642685525,152.46250555980257,62.56708095855852,13.664171821342762,76.23125277990128,9.1125,1.622214652392306,10.734714652392306,3.699934074465494,1.0382529446340973,4.738187019099591,1.849967037232747,0.5191264723170487,2.3690935095497956,,319.65267250890537,,,,,,73.96751708544306,1.4261567614556445,67.50730654212484,0,0,3.012310185354641,115.44183088483155,57.72091544241577
415,3,CP,2022,293.54341554022193,9.311178876548025,401.6316543014362,211.1785078910272,46.10645749576714,257.28496538679434,105.5892539455136,23.05322874788357,128.64248269339717,1.125,0.14868264206151163,1.2736826420615117,0.426099378459535,0.11407543452263565,0.5401748129821706,0.2130496892297675,0.05703771726131782,0.2700874064910853,,53.017950076631465,,,,,,77.02169984818589,9.760615873107433,87.27485286944857,0,0,0.25574298188791617,13.70527254791465,6.852636273957325
416,3,CP,2022,454.467705728551,14.153369636369359,608.3976034870759,260.23994833505503,54.650389150361555,314.8903374854166,130.11997416752752,27.325194575180777,157.4451687427083,2.5591418579740286,0.17346879337246715,3.7083704197710157,1.4483798919310937,0.328478779164925,1.7768586710960186,0.7241899459655469,0.1642393895824625,0.8884293355480093,,0,,,,,,126.22310962334576,1.4450854534602837,127.76349673228594,0,0.7749403161620025,0.6307673464833919,0,0
417,3,CP,2022,375.1712903000633,12.28249773409934,516.041443285897,216.4715942461863,48.210359258167436,264.6819535043537,108.23579712309315,24.105179629083718,132.34097675217686,0,0,0,0,0,0,0,0,0,,0,,,,,,127.97400639575366,0.9210341663130405,113.0665754365728,0,0,0,0,0
418,3,CP,2022,324.2105825336399,11.442602170149136,451.87164561629555,238.59628681612975,54.655092405579666,293.2513792217094,119.29814340806487,27.327546202789833,146.6256896108547,131.58683028145353,2.2366085941243137,134.21617843669833,46.4423363960326,12.862903168282887,59.3052395643155,23.2211681980163,6.431451584141444,29.65261978215775,,111.53817144294663,,,,,,88.7178655188838,3.78580840729543,102.66192886741982,2.3285727509712393,0.6517904958957434,37.17995558029723,33.94391916032809,16.971959580164047
419,3,CP,2022,334.40141174213784,12.566363249628761,457.4847966979991,243.85109539232695,53.78238449490311,297.63347988723007,121.92554769616348,26.891192247451556,148.81673994361503,1.727244934876423,0.13153964772307714,2.736157041721201,0.977321078661902,0.20523742651899943,1.1825585051809016,0.488660539330951,0.10261871325949971,0.5912792525904508,,4.024478345558654,,,,,,91.75889868785303,5.35118081354942,100.46630903705056,3.2465367254041997,0.8385039423765027,0.43094473407108913,1.0403377065567299,0.5201688532783649
420,3,CP,2022,546.5628267567657,18.586519709426934,752.1724124253395,343.2651415180228,76.48211611076754,419.7472576287903,171.6325707590114,38.24105805538377,209.87362881439515,2.8213731837366165,0.098949313047159565,3.7167473699098754,1.431867683129824,0.30069221345726305,1.732559896587087,0.715933841564912,0.15034610672863152,0.8662799482935435,,0,,,,,,128.49771468154077,9.714213108578692,165.46309908998364,0,0.5299739571297657,0.5853877107608053,0,0
421,3,CP,2022,379.1510323007733,12.114651836694804,513.3899577487913,270.1355137658865,56.72845789083616,326.86397165672264,135.06775688294326,28.36422894541808,163.43198582836132,0,0,0,0,0,0,0,0,0,,25.1803259948745,,,,,,94.60438209751324,3.4392968536635746,107.81189112724617,0,0,0,10.621691554299804,5.310845777149902
422,3,CP,2022,316.79200759926147,10.421146855170424,424.7915396224289,193.2353404574141,41.9285020690358,235.1638425264499,96.61767022870706,20.9642510345179,117.58192126322496,0,0,0,0,0,0,0,0,0,,7.799515703147973,,,,,,61.98644091752687,2.0106181339507745,91.50977144608966,0,0,0,2.0161942945526787,1.0080971472763394
423,3,CP,2022,514.9260642766978,16.57501541917003,694.77965863292,316.71525612322824,68.40163913910668,385.11689526233494,158.35762806161412,34.20081956955334,192.55844763116747,2.1126543209876543,0.08394282558831097,2.1965971465759653,0.8579259290851253,0.24519923736462415,1.1031251664497495,0.42896296454256266,0.12259961868231208,0.5515625832248747,,30.47385869962775,,,,,,108.00990108703402,5.065261633166951,149.13334443034515,0,0,0.47084829256072175,13.385337048882583,6.692668524441292
425,3,CP,2022,192.89591834613833,7.982214640650103,250.5398658484914,132.32012686617236,27.787226641896197,160.10735350806857,66.16006343308618,13.893613320948099,80.05367675403429,0.44791666666666663,0.06961017533447346,0.5175268420011401,0.25414998810718153,0.06584152343339951,0.31999151154058103,0.12707499405359077,0.032920761716699755,0.15999575577029052,,0,,,,,,3.4977877401277704,18.011511247544053,52.61337182818319,0,0,0.1246667974022431,0,0
427,3,CP,2022,332.5138154552355,12.078414516567335,462.2336161549202,253.2575726198064,55.58751995838954,308.84509257819593,126.6287863099032,27.79375997919477,154.42254628909797,10.055814847748422,0.5637853318443087,14.07610978282689,5.027810387543347,1.0869444963817656,6.114754883925112,2.5139051937716737,0.5434722481908828,3.057377441962556,,18.880030206893775,,,,,,131.0657432857863,3.062053747401396,101.17290323237937,4.0802729530521,1.3629662538517637,2.282298189408994,11.05715209018124,5.52857604509062
428,3,CP,2022,265.2982292305252,10.637186819806796,396.4345966534323,219.34162721868813,48.75990076222997,268.1015279809181,109.67081360934407,24.379950381114984,134.05076399045905,24.435971155789964,1.0629237399517597,32.86657497927183,12.760464745817549,2.679697596621685,15.440162342439232,6.380232372908774,1.3398487983108425,7.720081171219616,,42.1537782273194,,,,,,108.17894509782862,2.1197882822159935,87.85835796283463,4.1225653344129345,2.8704236575473856,5.343048235997161,19.719141903181686,9.859570951590843
429,3,CP,2022,253.1878725600961,9.9527071211046,365.06557524257465,199.03215103507333,41.796751717365396,240.8289027524387,99.51607551753666,20.898375858682698,120.41445137621935,12.46230576868305,0.4716770868396098,23.72001521842224,11.735852909734431,2.4645291110442304,14.200382020778662,5.867926454867216,1.2322645555221152,7.100191010389331,,0,,,,,,97.26923267006175,3.9294340258879403,76.66377080094068,4.292425594791244,0.6416240935791724,4.363073697105154,0,0
430,3,CP,2022,343.09270247332887,11.922471058515294,476.4345988141518,272.46344491995,61.07101798600569,333.5344629059557,136.231722459975,30.535508993002846,166.76723145297785,73.58365632824074,1.1908658624218336,81.8475543749525,28.12877489745381,5.625754979490762,33.754529876944574,14.064387448726904,2.812877489745381,16.877264938472287,,28.989817450329458,,,,,,125.60034661998449,2.6485726182295144,106.63142933847654,1.3899367767006046,0.20693236922126973,12.277133156242872,11.219058762326203,5.609529381163101
431,3,CP,2022,465.0730319358446,14.495124534309346,610.2779230457918,294.8373880874178,61.91585149835773,356.75323958577553,147.4186940437089,30.957925749178866,178.37661979288777,52.48666565124918,1.74476791278185,64.19277268112775,20.943764885967845,4.690251107236147,25.63401599320399,10.471882442983922,2.3451255536180735,12.817007996601996,,72.33974331877648,,,,,,30.38114656004947,18.706196514773207,128.15836383961627,3.7491085743170327,1.02109762727985,13.164600642925665,17.746499037476546,8.873249518738273
432,3,CP,2022,278.852686420954,9.06878818842959,384.0538548370832,200.44720345724852,43.0222251759375,243.469428633186,100.22360172862426,21.51111258796875,121.734714316593,31.39083269363019,0.5026465910114934,37.42835139225174,13.198110500698716,2.65469460529437,15.852805105993086,6.599055250349358,1.327347302647185,7.926402552996543,,49.375689203973444,,,,,,75.74478698540246,12.865810029057982,82.236398239619,1.1808122806405088,0.9501388642139105,5.718819054795014,16.292798204337963,8.146399102168981
433,3,CP,2022,309.2794796144631,10.629653368084963,432.2024792343523,246.83895996769436,55.33373497358333,302.1726949412777,123.41947998384718,27.666867486791666,151.08634747063886,0,0,0,0,0,0,0,0,0,,19.61875475232025,,,,,,121.44884650557356,1.98987130805979,96.73457501026677,0,0,0,6.7424315901764995,3.3712157950882498
434,3,CP,2022,340.10253415223104,11.835026936536217,472.9361650879273,273.56406624155983,63.17560408615654,336.73967032771634,136.78203312077991,31.58780204307827,168.36983516385817,38.50388791590954,0.7008887069030296,43.717551325500054,14.896579712720717,2.9275744886417416,17.82415420136246,7.448289856360359,1.4637872443208708,8.91207710068123,,47.67165063117781,,,,,,171.61959576643906,0.15526433754421617,109.09567407603973,0.589929650911666,0.14811600688110496,6.436339972437493,16.38344773811381,8.191723869056904
435,3,CP,2022,473.1265892237636,15.11413257813641,644.0295211779396,297.46046021402987,63.994235915333,361.4546961293629,148.73023010701493,31.9971179576665,180.72734806468145,24.07337957747557,0.39589495673991704,26.985465205080093,9.309742982020367,1.8652449891386467,11.174987971159013,4.654871491010184,0.9326224945693233,5.587493985579506,,1.9286533545184723,,,,,,120.7323458597194,9.076497989368736,137.8544648788185,0.64834873294848006,0.151312721419782,4.054237199339215,0.8471416585325026,0.4235708292662513
436,3,CP,2022,158.42605508196485,5.929444112105128,231.50430691715408,126.61428175252732,27.91402936720966,154.52831111973697,63.30714087626366,13.95701468360483,77.26415555986848,91.20599882066358,1.3421867847436617,100.16227176268688,38.54509298077919,7.810716457852578,46.355809438631766,19.272546490389594,3.905358228926289,23.177904719315883,,48.28569398013643,,,,,,53.786831450131615,4.180637433332523,50.878386688671014,2.471080735061061,0.14420691050881598,17.045393258025243,16.594477710506258,8.297238855253129
437,3,CP,2022,204.36481440863943,6.936583525662262,278.9697225616901,157.97280729931103,35.46138219984342,193.43418949915446,78.98640364965551,17.73069109992171,96.71709474957723,41.390800596093214,0.9217489774894734,48.748349433295225,18.202655973880077,3.718750143674265,21.92140611755434,9.101327986940039,1.8593750718371325,10.96070305877717,,20.69937751839741,,,,,,62.265706142820044,1.5068274960089227,62.44899560499078,2.9024832857472633,0.16040442031677293,7.4513247997104255,7.49435641859132,3.74717820929566
438,3,CP,2022,187.16507229708836,6.7369967742158154,255.91434611565435,143.24448473570686,32.105966305122195,175.35045104082906,71.62224236785343,16.052983152561097,87.67522552041453,52.92781372707175,0.8712028173316578,61.358885788497275,22.031274158720443,4.435909097380087,26.46718325610053,11.015637079360221,2.2179545486900434,13.233591628050265,,0,,,,,,42.94400957555869,6.650997243497313,57.19904860153213,2.8647951151180164,1.0019083060649252,9.455165094863062,0,0
439,3,CP,2022,229.88769062900994,8.505417652440965,321.3041556411312,186.66710232261607,43.700145627253335,230.3672479498694,93.33355116130804,21.850072813626667,115.1836239749347,0,0,0,0,0,0,0,0,0,,45.89887087709736,,,,,,83.05975862932078,0.3404308692656141,75.15769193516026,0,0,0,20.160619070554194,10.080309535277097
440,3,CP,2022,284.28733732790084,10.37560043410789,397.33041789804497,232.6978724403622,55.84748938568693,288.54536182604915,116.3489362201811,27.923744692843464,144.27268091302457,51.796385224372806,0.841645325305798,57.564725133685954,19.783427955604004,3.9566855911208005,23.740113546724807,9.891713977802002,1.9783427955604003,11.870056773362403,,12.893475968767353,,,,,,165.0803787809934,0.13284964327836157,95.35930029553079,0.8684554272140366,0.15829716902995045,8.634708770052892,4.637781064962135,2.3188905324810674
441,3,CP,2022,360.90802054589994,10.423981653371756,476.65337394003257,255.88424986250243,55.48786866699305,311.3721185294955,127.94212493125121,27.743934333496526,155.68605926474774,75.97216417790706,1.1987956493612302,83.7672298496409,28.475075663159988,5.618373340996491,34.093449004156476,14.237537831579994,2.8091866704982453,17.046724502078238,,10.962435290102501,,,,,,79.77621539022653,0.9330183079817039,101.34051699900355,1.7450449501732732,0.14698204550632668,12.380673404988162,4.221146339172199,2.1105731695860994
442,3,CP,2022,274.8146925086542,9.619440335359425,380.9094998096488,216.85749239086653,48.095106449055585,264.95259883992213,108.42874619543326,24.047553224527793,132.47629941996107,19.857731440725615,0.4111841883229288,22.671787452676867,8.205532125016873,1.663444226184991,9.868976351201864,4.102766062508437,0.8317221130924956,4.934488175600932,,10.574195472750308,,,,,,88.4649059580226,2.2759141250082098,84.35370071943333,0.4815582475299131,0.2090223906884131,3.440484469545216,3.6340629411120537,1.8170314705560269
443,3,CP,2022,530.8626845354003,18.098903997732727,731.3880862161308,360.16906858279464,79.8000268006074,439.969095383402,180.08453429139732,39.9000134003037,219.984547691701,13.45050932024796,0.36226414454063904,16.41644173010889,5.252235160660859,0.892879977312346,6.145115137973205,2.6261175803304293,0.446439988656173,3.0725575689866025,,8.940302967465549,,,,,,128.3216388246569,11.729223037004683,160.70239863695465,0,0.04389357481000652,2.0930963205888835,3.9269384858082743,1.9634692429041372
444,3,CP,2022,322.6956268736183,9.382921527714098,413.47831360050253,197.73412242887684,40.061934383055,237.79605681193186,98.86706121443842,20.0309671915275,118.89802840596593,14.757762240945308,0.6381254317929554,16.800461370061544,8.356795394134014,2.0082612292835864,10.365056623417601,4.178397697067007,1.0041306146417932,5.182528311708801,,95.56270912310076,,,,,,43.736918830815,6.758684760997164,83.31210890910654,0.39245871036994984,0.13906093628522265,3.5706651933248734,48.69877803950635,24.349389019753175
445,3,CP,2022,333.6301546372539,11.065186450172101,456.6258396330857,244.84221283961816,53.06489743992236,297.9071102795405,122.42110641980908,26.53244871996118,148.95355513977026,0.4903362267868758,0.014638949092960334,0.5896803176192078,0.3318524294073542,0.06968901017554438,0.4015414395828986,0.1659262147036771,0.03484450508777219,0.2007707197914493,,26.384500153811146,,,,,,92.04761053484705,4.217779229615271,98.70543373890787,0,0.1222591260499311,0.12383286670003364,8.943161297122636,4.471580648561318
446,3,CP,2022,391.4116353088933,13.129043020529263,526.5711033137806,259.2745136738159,54.44764787150133,313.7221615453172,129.63725683690794,27.223823935750666,156.8610807726586,63.45457175925927,1.7331811287621688,65.18775288802145,17.01918626069284,4.773269122771803,21.79245538346464,8.50959313034642,2.3866345613859017,10.89622769173232,,39.63082852604075,,,,,,110.34362518087198,6.848043095335615,110.57993169589392,0,0,13.711269021074171,11.607102784853463,5.803551392426732
447,3,CP,2022,444.95178278366905,15.37208302196729,595.8124716882347,259.0864580429613,54.40815618902187,313.4946142319832,129.54322902148064,27.204078094510933,156.7473071159916,0,0,0,0,0,0,0,0,0,,1.9435667621489352,,,,,,131.62181442265324,3.9024923435780687,125.1206190545293,0,0,0,0.46548424161989066,0.23274212080994533
448,3,CP,2022,393.00288062331623,14.241482855336159,546.9912153558445,286.7451105657255,67.37702916823011,354.1221397339556,143.37255528286275,33.688514584115055,177.0610698669778,2.0227522578548136,0.06389472564525987,5.02180483568341,1.9346378269918594,0.4062739436682905,2.34091177066015,0.9673189134959297,0.20313697183414525,1.170455885330075,,14.538637036998187,,,,,,153.11991149696996,0.5100900548100687,127.0947676038226,0,1.3598521660373877,0.790934261620137,4.651455040574227,2.3257275202871135
449,3,CP,2022,499.3308735826428,16.043014065542472,670.065000308929,308.9668299563794,65.56737602984775,374.53420598622716,154.4834149781897,32.783688014923875,187.26710299311358,43.2222859868345,1.1736601756748999,49.20315324307127,14.77826858912965,3.2954970072133825,18.073765596343033,7.389134294564825,1.6477485036066912,9.036882798171517,,24.90963487468864,,,,,,60.37235444145407,18.462047609536974,141.88216005722512,0,1.271144513043427,8.580936639585497,7.403490578975584,3.701745289487792
450,3,CP,2022,216.86219566223411,6.897344790513619,296.05057095186345,161.44605175744056,35.134529982530104,196.58058173997068,80.72302587872028,17.567264991265052,98.29029086998534,39.590707389601434,0.7312960247856273,43.80577305801685,15.390475779968531,3.3178431234856136,18.708318903454145,7.6952378899842655,1.6589215617428068,9.354159451727073,,59.19055840810816,,,,,,49.53297611280532,2.148965849711438,64.27230549245311,1.3785722496530153,0.042872096930824506,7.031246351201884,23.80853776814171,11.904268884070856
451,3,CP,2022,162.901028440985,6.378883419910525,231.47777428242316,120.67223686491347,25.341169741631827,146.0134066065453,60.336118432456736,12.670584870815913,73.00670330327264,43.26610636296828,0.7068250214445331,48.408640439207886,16.62958473743911,3.3285350670887777,19.958119804527886,8.314792368719555,1.6642675335443888,9.979059902263943,,20.023381634183387,,,,,,32.1491126919556,5.071893219732354,48.61033259930886,1.1205941601978944,0.18937272563146762,7.267165565449513,6.881490827368197,3.4407454136840987
452,3,CP,2022,376.80418823492874,13.037337963131264,511.01847218898416,273.5783383459274,60.52845513243422,334.1067934783617,136.7891691729637,30.26422756621711,167.05339673918084,2.2648294950323784,0.10108916165341313,2.5029907587184024,0.8681422594562995,0.216908945481094,1.0850512049373935,0.43407112972814976,0.108454472740547,0.5425256024686967,,25.172712100992022,,,,,,92.72660825211001,7.6866382352269085,112.56784776745755,0,0.10813377149327723,0.4717878723073956,7.600799467997742,3.800399733998871
453,3,CP,2022,184.2002928037256,6.256317306807843,252.6837824375821,144.3746748928133,33.84255177240776,178.21722666522103,72.18733744640664,16.92127588620388,89.10861333261052,48.09491415127291,0.7784653967522173,53.48778882735961,18.382296003553822,3.676459200710765,22.058755204264585,9.191148001776911,1.8382296003553824,11.029377602132293,,99.86990362898999,,,,,,83.99134886504721,0.15488369631472032,59.02737503436617,1.0084565966046082,0.16771116840738168,8.023168324103942,47.27887007655908,23.63943503827954
454,3,CP,2022,542.3695099150216,22.005247025151448,738.980145550662,392.81677258782514,85.7439205854935,478.5606931733186,196.40838629391257,42.87196029274675,239.2803465866593,0,0,0,0,0,0,0,0,0,,0,,,,,,190.90718413156563,10.060075200805521,160.73928397226146,0,0,0,0,0
455,3,CP,2022,509.79300066036086,12.775565191669301,628.333776046908,325.9450586274056,72.17945118336714,398.1245098107728,162.9725293137028,36.08972559168357,199.0622549053864,40.54630718807161,0.6860190013853231,45.500004146936064,19.386008231371676,3.9180447256602746,23.30405295703195,9.693004115685838,1.9590223628301373,11.652026478515975,,0,,,,,,109.70413097839867,0.959027135718206,137.60289455592712,1.1047473970267,0.18674526537209402,8.43402535797612,0,0
456,3,CP,2022,379.8140644709656,14.358790642582957,545.447449706945,319.4431016539902,76.66634439695764,396.10944605094784,159.7215508269951,38.33317219847882,198.05472302547392,25.076793414691107,0.8168625855266889,33.61365092982494,14.179079026346928,2.977606595532855,17.15668562187978,7.089539513173464,1.4888032977664274,8.57834281093989,,110.91567912787328,,,,,,171.67583253176994,0.3461726588947645,130.9073879296668,6.128246254487824,0.03903489479731873,5.294150021447429,62.24560039392395,31.122800196961975
457,3,CP,2022,546.0904532533814,20.2866068702193,772.4367839742703,439.49669159619543,100.98568879094532,540.4823803871408,219.74834579809772,50.49284439547266,270.2411901935704,17.683694436132715,0.8056253071357602,25.182016871130006,10.35692429443698,2.2797124817718615,12.636636776208842,5.17846214721849,1.1398562408859307,6.318318388104421,,0,,,,,,208.11656564990884,0.6430069152938414,177.05221726179568,3.96310228741671,0.11028297508776494,4.458072240254618,0,0
458,3,CP,2022,342.8877015068206,12.899301759244963,485.3670394431333,280.91368115417174,65.93123546154177,346.8449166157135,140.45684057708587,32.96561773077089,173.42245830785674,16.008463875155005,1.3158107919775528,18.131323047672232,7.71375843436232,2.417829627521006,10.131588061883324,3.85687921718116,1.208914813760503,5.065794030941662,,16.194870180591032,,,,,,104.79231022521809,2.4913515195919413,113.77600384923282,1.4599669389203256,0.44754471447229727,4.218162425920598,4.891072767850372,2.445536383925186
459,3,CP,2022,359.019778511266,12.975118015646308,503.21115814438605,293.74776636404613,69.80222539151569,363.54999175556185,146.87388318202306,34.901112695757845,181.77499587778092,19.57419101536605,0.31569771539041747,21.788324422191604,7.488053586266715,1.4976107172533433,8.985664303520057,3.7440267931333575,0.7488053586266716,4.4928321517600285,,169.27236387797194,,,,,,176.32742539744964,0.6749425663569738,119.53099591771378,0.40449364056138126,0.050600301760233106,3.2682486633287406,96.69494890674821,48.347474453374105
460,3,CP,2022,248.7120799835254,9.517030832594754,352.348914272829,203.23056860739953,48.10668086994039,251.33724947733992,101.61528430369977,24.053340434970195,125.66862473866996,1.683192678027769,0.05854005778271923,2.431441246294988,0.936706694725694,0.19670840589239574,1.1334151006180897,0.468353347362847,0.09835420294619787,0.5667075503090448,,3.750427287685295,,,,,,72.50737035957712,3.741494564212492,83.26200046778169,0,0.5558184486829446,0.38295199629146054,2.196450136396518,1.098225068198259
461,3,CP,2022,449.1426478167331,14.698550099185544,594.6274293292234,331.6919458367577,71.10467743313691,402.7966232698946,165.84597291837886,35.55233871656846,201.3983116349473,14.845321045197524,0.24359695402995218,16.464062092981443,5.658249657523087,1.1316499315046176,6.789899589027705,2.8291248287615436,0.5658249657523088,3.3949497945138525,,0,,,,,,99.00386612410519,2.1452908481882553,127.25317162571986,0.1734624699051866,0.055112771078786704,2.469609313947216,0,0
462,3,CP,2022,275.44795153342034,9.679146259134372,382.4123947149433,219.4524788094359,49.392373269686985,268.84485207912286,109.72623940471794,24.696186634843492,134.42242603956143,27.719958784308368,0.546972708649857,31.485546527157528,11.290421464469382,2.283436068553139,13.57385753302252,5.645210732234691,1.1417180342765696,6.78692876651126,,4.104714050511216,,,,,,93.19128160133845,0.8040032351641668,85.95389061337927,0.7561176174204121,0.1856857097261364,4.767907142411719,1.880904541408099,0.9404522707040495
463,3,CP,2022,329.0741800488488,11.604909166577045,444.7013281504966,246.87262448556416,56.702393162067544,303.5750176476317,123.43631224278208,28.351196581033772,151.78750882381584,7.253772830554606,0.2964701279863693,9.8523012782651,4.270397650613197,1.01266705378425,5.2830647043974475,2.1351988253065985,0.506333526892125,2.6415323521987237,,0,,,,,,84.43011177897316,1.0547742200158883,100.75753509994979,0.8062637036068444,0.16139143899617592,1.7496080108463494,0,0
464,3,CP,2022,244.09979646127647,8.658871587968534,334.18161576457686,191.25645987898176,42.66202226477003,233.9184821437518,95.62822993949088,21.331011132385015,116.9592410718759,0.7087587025840848,0.03444853789485058,1.0575910220820688,0.49119684399674535,0.10315133723931652,0.5943481812360618,0.24559842199837267,0.05157566861965826,0.2971740906180309,,11.975859302429747,,,,,,65.32789484136389,0.4666715198675306,74.4437443513365,0.4058352877369973,0.07224689349160904,0.16657058597792584,5.827911922766185,2.9139559613830923
465,3,CP,2022,474.8451994840199,18.644268975283786,668.0714279977994,391.25823981886356,93.90197755652726,485.16021737539086,195.62911990943178,46.95098877826363,242.58010868769543,16.49065637050471,0.2689354404443773,18.31333992752387,6.293796074614489,1.2587592149228979,7.552555289537387,3.1468980373072446,0.6293796074614489,3.7762776447686934,,23.70996028142706,,,,,,157.08262154163634,1.6245846430561652,160.33714271947184,0.24350467416997626,0.053370230326325846,2.7470009891285807,8.539995815842104,4.269997907921052
466,3,CP,2022,417.5814342566409,9.55245382060355,503.6193788953719,254.362234379113,52.97363860922056,307.33587298833356,127.1811171895565,26.48681930461028,153.66793649416678,1.8249258721054031,0.08065827269336695,2.858999121168607,0.914701002529654,0.15549917043004122,1.0702001729596953,0.457350501264827,0.07774958521502061,0.5351000864798476,,10.799723921739046,,,,,,47.16435195416997,0.9506300107576199,104.37714290039598,0,0.03515360876368993,0.3645223879489975,3.7115709255964076,1.8557854627982038
467,3,CP,2022,340.07086711427445,12.422086036455811,477.1823959109515,271.0997234740703,63.38787025562362,334.4875937296939,135.54986173703514,31.69393512781181,167.24379686484696,91.01223120463273,2.3837680569518334,114.88534460021188,45.59004272272577,9.562821276689975,55.15286399941575,22.795021361362885,4.781410638344988,27.576431999707875,,46.468164178785386,,,,,,134.5500984405418,0.8426098128996738,111.23347497991291,14.641419902794917,2.7010115984920655,18.31108173002495,17.651164158635783,8.825582079317892
468,3,CP,2022,309.5750819105966,9.981179911577254,409.01937645536213,217.31352822075635,46.126065658190264,263.4395938789466,108.65676411037818,23.063032829095132,131.7197969394733,120.91329554434226,2.317469522545308,139.3879417721964,47.678328906211654,9.256759796571309,56.93508870278296,23.839164453105827,4.6283798982856545,28.46754435139148,,18.419905406911745,,,,,,33.98859755043675,9.736296867715216,86.73112525867518,3.24603422005743,1.057449518934856,20.232201815559733,7.12850301698897,3.564251508494485
469,3,CP,2022,188.95546264341323,6.193170874906691,263.02138544219963,146.1549045579274,30.69252995716475,176.84743451509215,73.0774522789637,15.346264978582376,88.42371725754607,10.859354093784685,0.3680833272419593,14.12374558622097,7.943665714191779,1.6681697999802736,9.611835514172052,3.9718328570958894,0.8340848999901368,4.805917757086026,,6.812489797739736,,,,,,39.71733158885446,6.433528519765125,55.234490942861925,1.7154532386420849,0.05003904477643344,2.9659865731064037,2.1944400275202796,1.0972200137601398
470,3,CP,2022,285.27812089676786,10.573432800072382,409.5186605443658,232.12304004903442,53.992053159440374,286.1150932084748,116.06152002451721,26.996026579720187,143.0575466042374,5.522958236647041,0.28406931171403094,7.826739560174751,2.8260341026711187,0.5950309455263568,3.421065048197476,1.4130170513355593,0.2975154727631784,1.710532524098738,,46.70457803993127,,,,,,111.44824138090576,3.9087630631989403,94.95680336018594,0.4510694970729801,0.12531199571476195,1.2361241398356912,21.133176308302062,10.566588154151031
471,3,CP,2022,422.6023096808111,13.886819127639358,564.4580959077138,316.7198894260435,67.69082558557098,384.4107150116145,158.35994471302175,33.84541279278549,192.20535750580726,26.84662229889973,1.146740205004124,31.999096668082057,13.674195457224169,3.2009774771414614,16.87517293436563,6.837097728612084,1.6004887385707307,8.437586467182815,,15.430278044722522,,,,,,98.857938579226,1.3010466095872344,120.50850649912277,2.3808699482270606,0.24633832692273683,5.708229344104847,8.678503157398263,4.339251578699131
472,3,CP,2022,224.74280642267706,7.851743467878855,307.394338798636,159.45423407638643,37.039238214067865,196.4934722904543,79.72711703819321,18.519619107033932,98.24673614522715,67.41054016757919,1.815296586394977,74.99037229827947,30.35712413776663,7.5040829849856845,37.86120712275231,15.178562068883314,3.7520414924928422,18.930603561376156,,30.233367721112543,,,,,,90.69168627484213,1.856364793065592,70.62099009822899,3.0531521127000003,0.03718463121981065,14.642197502977274,9.820194345901342,4.910097172950671
473,3,CP,2022,396.5977560533684,12.448886546331256,531.4164142431805,215.50745794604657,46.044892061937546,261.5523500079841,107.75372897302329,23.022446030968773,130.77617500399205,8.818497276754456,0.6001934222213658,10.90031551326559,3.7515023819525863,0.8563420563096324,4.607844438262219,1.8757511909762932,0.4281710281548162,2.3039222191311093,,12.975008491774737,,,,,,95.60883380887782,2.7578074453088397,112.94350939089584,0,0.7642228322554852,1.8894413415317586,4.089468911324957,2.0447344556624785
474,3,CP,2022,319.3976742098778,13.37877292236095,448.0559622425635,239.23785615218952,54.15626883863869,293.39412499082823,119.61892807609476,27.078134419319344,146.69706249541412,20.23836553179918,1.0378954401294567,28.145367947868145,10.371825717308607,2.1862979351787857,12.558123652487392,5.185912858654303,1.0931489675893928,6.279061826243696,,10.251071640756948,,,,,,113.97299362582221,2.2379640682532567,100.77884665895525,4.518177833287387,1.7080991121375306,4.590651901341071,3.354147984503472,1.677073992251736
475,3,CP,2022,136.08859026479354,4.971670739629671,173.8314131919251,91.90076024927602,19.299159652347964,111.19991990162399,45.95038012463801,9.649579826173982,55.59995995081199,0,0,0,0,0,0,0,0,0,,0,,,,,,5.178898016260694,4.93381376766018,36.50459677030427,0,0,0,0,0
476,3,CP,2022,417.50259968522096,13.206891834863049,551.0201675683111,233.66434932963395,49.06951335922313,282.7338626888571,116.83217466481697,24.534756679611565,141.36693134442854,0.3552683931087683,0.009336419753086425,1.9064694724383773,0.7344626241100347,0.1542371510631073,0.888699775173142,0.36723131205501736,0.07711857553155364,0.444349887586571,,91.31969728654605,,,,,,50.70986448267873,11.738366150671544,115.71423518934532,0,0.4472828875553875,0.3002689419090444,32.07576095355023,16.037880476775115
477,3,CP,2022,280.72127615740857,10.874606135064306,394.9650456264187,217.22828069938825,49.157234206133644,266.3855149055219,108.61414034969413,24.578617103066822,133.19275745276096,18.575109120691067,0.9107401790494971,25.298620305942485,9.63729192755544,2.0304831673969734,11.667775094952413,4.81864596377772,1.0152415836984867,5.833887547476206,,0,,,,,,111.01559054610269,1.656198793224972,88.98598799568113,3.5172372799351352,1.3714182826331927,4.130066532474397,0,0
478,3,CP,2022,200.4440601185141,6.4577367929067275,282.41101916606135,157.12763625623782,32.996803613809945,190.12443987004778,78.56381812811891,16.498401806904972,95.06221993502389,41.193506096847294,0.6612339433672767,45.895283289922254,15.772958671470944,3.154591734294189,18.927550405765132,7.886479335735472,1.5772958671470945,9.463775202882566,,18.59920032737021,,,,,,51.55554035370049,8.29798752673867,59.30631402487289,0.9548619082065093,0.09994590590053332,6.8842924934883385,6.5367291696171685,3.2683645848085843
479,3,CP,2022,507.72093606907976,16.45148739951509,684.4309747030225,282.32472157419824,60.1764059234913,342.50112749768954,141.16236078709912,30.08820296174565,171.25056374884477,16.17062048345435,0.5075463178812276,20.471148974938117,7.154344791777376,1.502412406273249,8.656757198050624,3.577172395888688,0.7512062031366245,4.328378599025312,,10.196811594417657,,,,,,85.12592470763144,13.781344764578986,145.24712618578917,1.4879444052184796,0.492999176632768,4.171430253720639,2.8149288602764457,1.4074644301382229
480,3,CP,2022,136.64345889007146,4.409729383066659,179.60948711298073,82.31103885026594,17.28531815855585,99.5963570088218,41.15551942513297,8.642659079277925,49.7981785044109,12.508691928209933,2.278412839063149,14.944873572158254,4.435773128415298,1.146445553482859,5.582218681898158,2.217886564207649,0.5732227767414295,2.791109340949079,,228.50212155910083,,,,,,9.616822449125955,8.0843289323266,37.71799229372595,0,0.1050619445777199,2.965521701023124,59.02510505114304,29.51255252557152
481,3,CP,2022,541.8761089345,16.973076993318415,723.553426868419,397.68937795527063,84.12948353549703,481.8188614907677,198.84468897763531,42.064741767748515,240.90943074538384,5.455950804323213,0.17811886841352148,6.387787669863763,2.33034278845957,0.5314069932139692,2.861749781673539,1.165171394229785,0.2657034966069846,1.4308748908367694,,8.11585088911192,,,,,,173.6593022824288,13.745566885072222,152.99584091076298,0,0.4078506161657627,1.1003138339067267,3.4234689758338965,1.7117344879169483
483,3,CP,2022,495.7897752090885,16.106459167295295,663.5268931744843,312.97574882133705,66.87500293464251,379.85075175597956,156.48787441066852,33.437501467321255,189.92537587798978,24.843025816867705,0.7850200543149468,32.47310385323541,11.231189417131207,2.3585497775975535,13.589739194728757,5.615594708565603,1.1792748887987767,6.794869597364379,,26.064932747089344,,,,,,50.73572094326824,22.3134625850487,141.30443001649274,4.0988734879454745,0.14993702257372477,6.769300659707492,8.983800309784234,4.491900154892117
484,3,CP,2022,226.26733266637123,7.507873521513185,303.6865133029691,162.961381288896,34.89082945307802,197.85221074197403,81.480690644448,17.44541472653901,98.92610537098702,0,0,0,0,0,0,0,0,0,,58.88981451193969,,,,,,47.90454771355477,6.514088084621812,64.91637834146375,0,0,0,20.238825079251146,10.119412539625573
485,3,CP,2022,372.68452761008086,13.459161613882415,508.06112820309676,281.1773645821137,64.06379670841615,345.2411612905298,140.58868229105684,32.031898354208074,172.6205806452649,95.26609851704335,3.2362906892499805,125.8225289659625,48.17193602497512,10.116106565244776,58.28804259021989,24.08596801248756,5.058053282622388,29.144021295109944,,9.019516936980978,,,,,,75.93899192154419,5.941395184794029,115.25857044260749,12.615796013966055,3.631060125003947,19.817048312139093,3.572675813481022,1.786337906740511
486,3,CP,2022,493.27063554726635,15.934028596915333,678.5819914227725,316.0806050410395,68.51294727505949,384.593552316099,158.04030252051976,34.256473637529744,192.2967761580495,20.742392143907704,0.41991076614290246,23.79834695746593,8.412648946103335,1.6917757428190336,10.104424688922368,4.206324473051668,0.8458878714095168,5.052212344461184,,9.663504993750962,,,,,,154.51079643144556,4.94075988068811,146.14946170959155,0.40449364056138126,0.7820409982840804,3.645904886741256,3.3210834308425774,1.6605417154212887
487,3,CP,2022,281.6007256624305,9.64101043046905,386.4767079666151,219.67866401472938,48.21664683457078,267.89531084930013,109.83933200736469,24.10832341728539,133.94765542465007,15.728407815202548,0.5832428295775571,20.817472846356978,11.904634924750706,2.648425221630177,14.553060146380885,5.952317462375353,1.3242126108150885,7.276530073190442,,4.124687013431329,,,,,,85.82871535814193,2.1335388213392927,84.71874545262193,2.1436706119113205,0.1134077866183826,4.625150130424732,1.4175425693448305,0.7087712846724152
488,3,CP,2022,436.23778886817485,15.393561398389204,602.9966058192196,344.53787614019274,79.9620262542438,424.49990239443656,172.26893807009637,39.9810131271219,212.24995119721828,83.43324842676476,1.5343324592884504,91.8634302559244,32.46646702045467,6.709388934934465,39.17585595538914,16.233233510227336,3.3546944674672323,19.58792797769457,,1.4342512954964637,,,,,,149.7326509352098,1.3407219404018194,139.52678119488576,1.5385740465503073,0.2857784000660581,14.231558904903459,0.4929131010143875,0.24645655050719376
489,3,CP,2022,310.7431071464092,10.011494955231205,411.4226363131719,164.66213133624768,34.587600858524915,199.2497321947726,82.33106566812384,17.293800429262458,99.6248660973863,6.675804226764937,0.9202101094235873,7.971644365827386,3.1326042997268706,0.8141257158671623,3.9467300155940332,1.5663021498634353,0.40706285793358116,1.9733650077970166,,48.9520521483521,,,,,,48.675031429150344,3.270005246697651,86.41335830371992,0,0.0768175673657896,1.9837149845765987,18.438485880426658,9.219242940213329
490,3,CP,2022,651.8135387091404,20.45135977192278,893.5809263624559,368.2672649822502,77.33612564627254,445.60339062852273,184.1336324911251,38.66806282313627,222.80169531426137,0.6816128974049434,0.021246859731459684,1.5044637485660783,0.7727878913525604,0.16228545718403767,0.9350733485365982,0.3863939456762802,0.08114272859201883,0.4675366742682991,,8.043288024317059,,,,,,204.3586617830266,16.002057060478702,187.65199453611575,0,0.4589284372543162,0.31593738719887643,2.7722800647783203,1.3861400323891602
491,3,CP,2022,418.191077230202,12.512018917670428,563.3229814817779,229.20047712989216,48.132100197277346,277.3325773271695,114.60023856494608,24.066050098638673,138.66628866358474,12.403275520173828,0.4865676704648658,14.125573118833412,5.517031405019138,1.4308028911333335,6.947834296152471,2.758515702509569,0.7154014455666667,3.4739171480762354,,10.673578892769914,,,,,,110.95181052693597,4.9640649997176665,118.29782611117335,0,0.13871058713196377,2.747525259547445,2.759146809253154,1.379573404626577
492,3,CP,2022,655.0835804043157,19.884677822854247,870.0987433919873,384.76829336773955,80.8013416072253,465.5696349749648,192.38414668386977,40.40067080361265,232.7848174874824,5.783267901269265,0.2039861036677786,7.569925768695866,2.916295080919135,0.6124219669930182,3.5287170479121532,1.4581475404595674,0.3062109834965091,1.7643585239560766,,9.041837926530656,,,,,,143.84241002945043,13.096724491766933,182.72073611231735,0,1.0535960583067745,1.1922633085695988,3.088427199803446,1.544213599901723
493,3,CP,2022,550.3986098393756,16.836634306850634,742.4625999489818,299.394799097147,62.87290781040086,362.26770690754785,149.6973995485735,31.43645390520043,181.13385345377392,2.3512795871975953,0.08103160902043272,3.387684937122646,1.4552946664015105,0.3056118799443172,1.7609065463458278,0.7276473332007553,0.1528059399721586,0.8804532731729139,,0,,,,,,153.18813290886982,11.264629343243355,155.91714598928618,0,0.6606966602367002,0.5949653192710191,0,0
494,3,CP,2022,515.1136555227904,18.261147595820926,718.2801196501113,413.54412497765054,94.30744256983226,507.8515675474828,206.77206248882527,47.15372128491613,253.9257837737414,2.632087874879603,0.1384002671983638,3.6635205392099226,1.3085637229463898,0.27479838181874183,1.5833621047651314,0.6542818614731949,0.13739919090937092,0.7916810523825657,,0,,,,,,194.65092700753686,2.018634612009124,163.5821602364331,0.8353493109497674,0.3364535718585626,0.5770044849255628,0,0
495,3,CP,2022,670.5853481893406,20.256332905459978,903.6393856961867,374.4681557136798,78.63831269987274,453.1064684135525,187.2340778568399,39.31915634993637,226.55323420677624,2.0807563200211194,0.06797793606679041,2.657104107388941,1.023642750885702,0.2149649776859974,1.2386077285716992,0.511821375442851,0.1074824888429987,0.6193038642858496,,10.089991119341224,,,,,,169.23901556177773,14.862317026973646,189.7642709961992,0.07322862823542312,0.08554566747440041,0.4184938969137582,3.47771721581673,1.738858607908365
496,3,CP,2022,401.20789887032583,16.09547224271678,547.8686676099095,279.56800594911857,58.7092812493149,338.27728719843344,139.78400297455929,29.35464062465745,169.13864359921672,5.50396983890894,0.25622302627669014,7.3730177755035164,2.762098359335665,0.5800406554604897,3.342139014796155,1.3810491796678326,0.29002032773024483,1.6710695073980775,,12.695396835272366,,,,,,112.70016123653492,6.899109829095302,115.052420198081,0.7848395511722176,0.5117960174546559,1.1612502996418037,6.046182651993915,3.0230913259969574
497,3,CP,2022,308.1782431889605,10.93743582471798,427.307830589827,247.3023418140966,57.29031751751159,304.59265933160816,123.6511709070483,28.645158758755795,152.29632966580408,37.742502521251986,1.2672829226128004,52.4922467758321,21.744810281368345,4.5664101590873525,26.3112204404557,10.872405140684172,2.2832050795436762,13.15561022022785,,0,,,,,,145.70022445255202,1.1099292357176378,98.8813967606579,9.810679232793387,1.237464328536389,8.267528867193555,0,0
498,3,CP,2022,326.0355819389753,10.197114498501291,435.04590542319403,235.2783773185909,49.40845923690409,284.686836555495,117.63918865929546,24.704229618452047,142.3434182777475,15.04855647762815,0.2656035081395038,16.593138163242664,5.714504930686191,1.150752321444013,6.865257252130204,2.8572524653430955,0.5753761607220065,3.432628626065102,,25.70078230754341,,,,,,92.70417220885614,11.25603382478194,91.35964013887074,0.4014406369040102,0.14232998988365744,2.5042557069234377,11.288811075659055,5.6444055378295275
499,3,CP,2022,426.421376648035,14.087786007751744,579.2047666335551,327.16612858814926,73.09760894616332,400.2637375343126,163.58306429407463,36.54880447308166,200.1318687671563,5.730066529152921,0.3258225123763581,8.139251355751618,2.9287093656430088,0.6150289667850318,3.543738332428041,1.4643546828215044,0.3075144833925159,1.7718691662140205,,45.75438373215585,,,,,,156.3793074575413,1.1784863061649282,129.0623228952717,3.9403781279684336,1.3613252327351604,1.2819320885308798,19.36602791132945,9.683013955664725
500,3,CP,2022,636.4465215238145,20.56913570475541,874.195740777935,354.81419630658667,76.46758460683975,431.2817809134264,177.40709815329333,38.233792303419875,215.6408904567132,1.3170832282527396,0.044657640106097726,1.6834136681257055,0.6485309300929649,0.13619149531952263,0.7847224254124876,0.32426546504648246,0.06809574765976131,0.3923612127062438,,16.211041108759503,,,,,,215.0045217251622,12.742722385530536,186.97311190835862,0.014313417646120315,0.0931738587316461,0.2651376527297986,5.5874595015428055,2.7937297507714027
501,3,CP,2022,482.68683273629233,18.084186870684164,673.7358497368957,356.8446512541315,79.5048039106944,436.34945516482594,178.42232562706576,39.7524019553472,218.17472758241297,28.67601736047729,0.4484253753186052,32.10647284261726,11.034120130259776,2.206824026051955,13.24094415631173,5.517060065129888,1.1034120130259775,6.620472078155865,,0,,,,,,170.8867381040113,0.7902166212931988,149.28338675889677,1.042969151770591,0.04475836068157417,4.8159709263925885,0,0
502,3,CP,2022,255.6194791766737,8.415803661026168,352.9371338190002,198.00180597268104,42.9590623352788,240.96086830795983,99.00090298634052,21.4795311676394,120.48043415397991,50.537764161902466,1.5873629022642328,70.03308207652172,39.38894180402016,8.271677778844234,47.6606195828644,19.69447090201008,4.135838889422117,23.8303097914322,,0,,,,,,77.8685437083162,7.202746500553439,76.47089235727535,16.68475823402853,0.031187161843267742,14.706947236069562,0,0
503,3,CP,2022,299.89086252534685,9.671488645286578,404.00320323439405,223.2861092645843,46.890082945562696,270.176192210147,111.64305463229215,23.445041472781348,135.0880961050735,26.220480639040073,0.6716239554175305,31.62022818164865,12.44251255182091,2.5720579857879846,15.014570537608893,6.221256275910455,1.2860289928939923,7.507285268804447,,45.63209968421357,,,,,,80.67040873644464,7.0619473703671565,84.84067267922273,2.5206835358452224,0.43135264447529253,4.953974024623435,17.893517972432765,8.946758986216382
504,3,CP,2022,396.26096622800935,12.615568271169765,539.17596430792,249.9269502535674,52.48465955324915,302.41160980681656,124.9634751267837,26.242329776624576,151.20580490340828,132.91994519508614,2.519806459361805,140.99123422147528,41.51988126489271,9.992343202598121,51.51222446749084,20.759940632446355,4.996171601299061,25.75611223374542,,0.571493962629546,,,,,,79.7232736257816,15.178219372033066,113.2269525046632,1.968655767113423,0.09434498073566444,26.047187935683922,0.2510229960241767,0.12551149801208836
505,3,CP,2022,522.9526811167177,15.815081059585413,701.1275491507611,272.6244914032324,57.251143194678804,329.8756345979112,136.3122457016162,28.625571597339402,164.9378172989556,0,0,0,0,0,0,0,0,0,,9.311340296832933,,,,,,176.10284341838607,2.071419681901771,147.23678532165982,0,0,0,2.4070047289648793,1.2035023644824396
506,3,CP,2022,559.6578976579094,17.764205240474087,768.6571362026257,300.42510335040663,65.37546651334243,365.80056986374905,150.21255167520331,32.687733256671216,182.90028493187452,33.98136269896898,1.1001769804676458,45.86057694811537,16.018786139522895,3.3639450892998077,19.382731228822703,8.009393069761447,1.6819725446499039,9.691365614411351,,43.620852773733766,,,,,,192.5823544993738,2.617806688142919,165.32166445746768,7.234529984964446,0.5170312269360076,9.564633032815747,10.129454637030337,5.064727318515168
507,3,CP,2022,588.3602156872785,17.054003146681126,794.9082196391555,302.6518887062795,63.5568966283187,366.2087853345982,151.32594435313976,31.77844831415935,183.1043926672991,2.996623561500995,0.10241944107339192,5.329092713612356,2.2978405926426837,0.4825465244549635,2.7803871170976473,1.1489202963213418,0.24127326222748174,1.3901935585488236,,0,,,,,,242.83159610359394,11.312654606640052,166.93072612422264,0,0.8613192612698926,0.9394217496969608,0,0
508,3,CP,2022,466.2786930437896,13.49206613468542,619.1588376117612,257.559833782174,54.08756509425653,311.64739887643054,128.779916891087,27.043782547128266,155.82369943821527,5.858279267440198,0.17927260296384637,8.841353811769414,3.5406508641982577,0.7435366814816341,4.284187545679892,1.7703254320991288,0.37176834074081705,2.142093772839946,,0,,,,,,164.37260101662972,7.828806857340309,130.02335589846984,0.22060622621198386,1.0867720102045964,1.392513225353683,0,0
509,3,CP,2022,214.8393949678384,6.727889774033293,289.89185792127773,158.26956403014668,33.2366084463308,191.50617247647747,79.13478201507334,16.6183042231654,95.75308623823874,11.968873804373885,0.3961900211489389,16.76710265601522,6.459484609375156,1.3564917679687827,7.815976377343938,3.229742304687578,0.6782458839843913,3.907988188671969,,0,,,,,,77.12933794879969,11.472540390432776,60.87729016346833,0.29291451294169246,1.1911915566242455,2.6408186683223964,0,0
510,3,CP,2022,403.5856931539208,15.82756429064319,570.8958949778277,295.8474236684325,62.82497230506234,358.6723959734949,147.92371183421625,31.41248615253117,179.33619798674744,41.43929302507371,1.92227522718946,62.665543847763075,22.4462963012634,4.7137222232653135,27.16001852452871,11.2231481506317,2.3568611116326568,13.580009262264355,,45.31419259757711,,,,,,145.510168351861,6.039997531127932,121.07828462201556,14.81053881990296,1.2592038427124008,9.869823156022683,17.584907977700016,8.792453988850008
511,3,CP,2022,449.0848043588101,16.36577973446241,625.0782108175125,351.12637471440144,80.80913087985675,431.93550559425813,175.56318735720072,40.404565439928376,215.96775279712907,52.01871586768803,1.6618146680644272,73.6454754805755,30.661664200961596,6.438949482201935,37.10061368316353,15.330832100480798,3.2194747411009677,18.550306841581765,,22.38193017387563,,,,,,144.3038419018093,3.3751537003473806,143.34283898461743,14.356907356269998,1.7457377379808576,11.599162388190642,8.661806521038955,4.330903260519477
512,3,CP,2022,503.67127822635075,15.510944369970005,672.8456304105166,292.1325176084709,61.34782869777889,353.48034630624977,146.06625880423545,30.673914348889443,176.74017315312489,0.5866626072222786,0.020734344208542154,0.7651657563159936,0.29477820515227215,0.06190342308197715,0.35668162823424926,0.14738910257613608,0.030951711540988577,0.17834081411712463,,0,,,,,,120.32411522135584,11.948791552247727,141.29758238620846,0,0.1050619445777199,0.12051360661976897,0,0
513,3,CP,2022,453.2959415193216,14.566787686163359,607.2462508030493,334.49980676651296,75.01066809793778,409.5104748644507,167.24990338325648,37.50533404896889,204.75523743222536,24.489590337320728,0.796396798699159,33.85067550434672,14.217588975245711,2.9856936848015994,17.20328266004731,7.1087944876228555,1.4928468424007997,8.601641330023655,,16.823542030183223,,,,,,175.5984037463519,6.143516265827799,135.45235863481125,5.761927472722942,0.4948038590499202,5.3314813919346085,5.781793119645081,2.8908965598225405
514,3,CP,2022,666.2190130985764,19.962408084933273,898.1513146739677,352.8471945963858,74.09791086524102,426.94510546162684,176.4235972981929,37.04895543262051,213.47255273081342,1.1800393808322602,0.03632145780578111,3.4331726795439304,1.567442113435096,0.3291628438213701,1.896604957256466,0.783721056717548,0.16458142191068506,0.948302478628233,,21.56386394200409,,,,,,231.2122913792291,10.962449787696462,188.6117760815332,0,0.904317800093217,0.6408143443311838,6.064710358906841,3.0323551794534205
515,3,CP,2022,326.93760820994555,11.390462452789366,461.5358581425322,265.1985648780224,60.0533801209383,325.2519449989607,132.5992824390112,30.02669006046915,162.62597249948035,59.88669772098069,0.9717409497614817,66.55738988603953,22.87396186927988,4.574792373855977,27.44875424313586,11.43698093463994,2.2873961869279884,13.72437712156793,,0,,,,,,132.94673276189866,1.2378003246301121,104.37007888577092,1.1485495890319155,0.22729939566009233,9.98360848290593,0,0
516,3,CP,2022,324.1802068028523,12.166778800741124,444.42710735346174,241.77167667927836,52.07541875794043,293.8470954372188,120.88583833963918,26.037709378970217,146.9235477186094,52.61108801395749,1.689011317192136,64.28949033732208,22.602000671538974,4.663788515097311,27.265789186636283,11.301000335769487,2.3318942575486554,13.632894593318142,,49.094171617905644,,,,,,94.72802544897951,3.86405687215664,95.55518439075968,8.204620909145829,2.849309131838645,9.990850849153084,21.090616968872478,10.545308484436239
517,3,CP,2022,382.34875107743534,12.36852986611064,513.7458678860196,257.2078191307927,54.01364201746646,311.22146114825915,128.60390956539635,27.00682100873323,155.61073057412958,43.23731412607732,0.6909732180946433,48.213032866626634,16.56950606509396,3.3139012130187915,19.88340727811275,8.28475303254698,1.6569506065093957,9.941703639056374,,20.501740481966564,,,,,,86.14975356809471,14.264997970267675,107.8866322560641,1.1007365352902556,0.09867332027937412,7.231954929993996,11.265040618508163,5.632520309254081
518,3,CP,2022,400.62787192116167,12.123636512163069,542.8768650093184,248.88758589707896,52.27059811287761,301.1581840099566,124.44379294853948,26.135299056438804,150.5790920049783,46.440894279010145,0.9427250558678715,53.618162175664224,19.531478933705973,3.975725084246135,23.50720401795211,9.765739466852986,1.9878625421230676,11.753602008976054,,0,,,,,,56.22271498703338,10.791718811592862,114.01132179497792,2.113335473787811,0.5596683165065504,8.170139558319882,0,0
519,3,CP,2022,391.69033827254384,14.853277319049736,556.8175854110044,322.8983822033875,76.60678794534235,399.5051701487298,161.44919110169374,38.303393972671174,199.7525850743649,0,0,0,0,0,0,0,0,0,,20.798348314490475,,,,,,179.6435728313667,4.505009470552371,131.95445061002388,0,0,0,5.627352884157631,2.8136764420788154
520,3,CP,2022,193.5459009056521,7.243205557993287,264.58830607871016,132.0727298551948,27.73527326959091,159.80800312478573,66.0363649275974,13.867636634795454,79.90400156239286,11.262223599975437,0.5100813180306879,16.00249580727833,6.250101938145849,1.3125214070106281,7.562623345156477,3.1250509690729245,0.6562607035053141,3.7813116725782385,,15.845436661091492,,,,,,13.743594242907296,12.22469053686106,55.56354427652913,0,0.9709727652531387,2.5203930896463365,4.679476473083968,2.339738236541984
521,3,CP,2022,399.07231669023236,15.23236716976894,534.7174123968608,254.82575888203596,53.87466201885429,308.70042090089026,127.41287944101798,26.937331009427144,154.35021045044513,78.4246373128352,1.276730249634364,87.97324657035162,30.334984434863536,6.0763537074798,36.41133814234334,15.167492217431768,3.0381768537399,18.20566907117167,,77.30569192337812,,,,,,122.10000080049356,7.628275308421542,112.9074936475603,2.3913790285208405,0.6500971164957103,13.214202847126511,35.0986499610068,17.5493249805034
522,3,CP,2022,348.07793537657835,12.534164597832818,468.40882962780506,234.76274070594957,49.300175548249406,284.06291625419897,117.38137035297478,24.650087774124703,142.03145812709948,6.554502888952033,0.1912385499465047,7.907227689010869,4.04955385573156,0.8504063097036275,4.899960165435187,2.02477692786578,0.42520315485181376,2.4499800827175937,,5.7677849620294905,,,,,,76.90746953432209,16.625932761036623,98.36585422183906,0.42595388165545567,0.16649232310317036,1.5111170459320449,1.3214870506747574,0.6607435253373787
523,3,CP,2022,204.24782145193308,6.552159448779407,271.44194125581316,148.90881917662963,32.914627860725936,181.82344703735558,74.45440958831482,16.457313930362968,90.91172351867779,35.869693216592935,1.2763350083899119,48.27041974623666,20.252982185352764,4.327266589666767,24.58024877501953,10.126491092676382,2.1636332948333834,12.290124387509765,,74.46180922666842,,,,,,39.261311230369444,5.670664240942494,59.72537649801373,7.836459448655898,0.16715915237110007,7.842397170334348,28.816718652832446,14.408359326416223
71000,3,CA,2022,356.4333746279375,12.277496577657523,491.6077782934659,257.9948979993467,55.98922137719832,313.984119376545,128.99744899967334,27.99461068859916,156.9920596882725,26.797218232440073,0.7975101899043311,35.33304234918341,13.736773147976676,2.8057374051282027,16.54251055310488,6.868386573988338,1.4028687025641013,8.27125527655244,29.57141379456081,,,13.08940024801629,,6.544700124008145,,107.19628702253162,6.729342514565377,106.32193741640219,5.923077146611612,0.983888034853313,5.434997036338757,,
81000,3,CA,2022,384.97306920789117,11.752714679305994,512.8139236184412,277.4739341292408,58.34355278210934,335.8174869113501,138.7369670646204,29.17177639105467,167.90874345567505,9.60578163559223,0.30122455172779994,12.64014655056261,6.957301803875458,1.461033378813846,8.418335182689304,3.478650901937729,0.730516689406923,4.209167591344652,28.26689693877551,,,11.47488875232813,,5.737444376164065,,104.12602425014936,5.390201154136873,107.81732402340852,2.202782338546857,0.20496367686928257,2.602269469162111,,
118,3,CP,2023,496.0708689503102,14.505175754876593,649.9175315894968,364.10824328019146,76.4627310888402,440.5709743690317,182.05412164009573,38.2313655444201,220.28548718451586,0,0,0,0,0,0,0,0,0,,0,,,,,,155.377474462273,3.8327701537277656,136.4826816337943,0,0,0,0,0
701,3,CP,2023,91.4363299738326,5.399277955035529,163.83347078500708,84.54825529434937,17.755133611813367,102.30338890616275,42.27412764717469,8.877566805906683,51.151694453081376,9.061914438469477,1.4444457247958067,11.566321850690223,4.3716090486599715,1.177996112726529,5.5496051613865,2.1858045243299857,0.5889980563632645,2.77480258069325,,0,,,,,,6.45263247800086,27.094055008473504,34.40502886485148,4.130138123126192,0.7593368641646329,2.252232307458679,0,0
702,3,CP,2023,212.77949491057888,9.954972106884295,331.8510762047805,162.9664657076884,34.222957798614566,197.18942350630297,81.4832328538442,17.111478899307283,98.59471175315149,71.97020122541068,3.3628804605924563,78.52838874696897,23.581080809142385,6.228366968604173,29.809447777746556,11.790540404571193,3.1141834843020866,14.904723888873278,,24.759341521638035,,,,,,46.98591793328428,25.474721142005333,69.68872600300391,0,1.7833046092409133,15.897424387293098,6.400351638840821,3.2001758194204104
703,3,CP,2023,213.68896533909697,8.892063702214866,291.52420406039295,150.5152824867275,31.608209322212776,182.1234918089403,75.25764124336375,15.804104661106388,91.06174590447014,25.22423949563291,1.2241267578393125,31.75236180024358,11.739786282481957,2.696779031530961,14.436565314012917,5.869893141240978,1.3483895157654806,7.218282657006458,,0,,,,,,7.448589646514172,14.211734399207602,61.22008285268252,0,2.0499892595147005,5.444582923768679,0,0
704,3,CP,2023,185.1439026480484,7.126293445609529,276.52961435391416,155.2540503557237,32.60335057470198,187.8574009304257,77.62702517786185,16.30167528735099,93.92870046521286,0,0,0,0,0,0,0,0,0,,0,,,,,,60.45998852990735,3.1171993951402257,58.07121901432197,0,0,0,0,0
705,3,CP,2023,302.2974530509927,11.505371826601234,453.82097515744965,254.71900871117094,53.4909918293459,308.21000054051683,127.35950435558547,26.74549591467295,154.10500027025842,0.2708704687450909,0.032535449631134146,0.9452614271187018,0.3691911779787509,0.07753014737553769,0.44672132535428855,0.18459558898937545,0.038765073687768846,0.22336066267714427,,0,,,,,,105.53302392590506,2.8596428369915605,95.30240478306443,0,0.2807198051295154,0.14887867477119554,0,0
706,3,CP,2023,508.4772878579362,8.51048905275933,571.3042468728653,241.2637757663322,39.437850834777336,280.7016266011096,120.6318878831661,19.718925417388668,140.3508133005548,10.085790584735891,0.37782550157353467,11.050130933790644,3.690060567610146,0.6329049366436619,4.3229655042538075,1.845030283805073,0.31645246832183094,2.1614827521269038,,25.604238133113526,,,,,,10.437743071253285,6.920599390131059,92.95882563533638,1.4119658759584413,0.2423625342452128,1.4808980098322357,9.574769601587754,4.787384800793877
707,3,CP,2023,203.89530455479186,8.4133074363274,277.19593287268947,143.4237913635871,30.186246046675716,173.6100374102628,71.71189568179355,15.093123023337858,86.8050187051314,21.455528411095216,1.0013842733759695,27.48651307034671,9.716597344567328,2.261488733848349,11.978086078415675,4.858298672283664,1.1307443669241746,5.9890430392078375,,0,,,,,,13.32782907974191,9.812239972644326,58.361911752918346,0,2.0278633354923614,4.820522096848977,0,0
708,3,CP,2023,192.7351759457943,8.01392127130719,295.26638437594517,153.8245639686775,32.303158433422276,186.12772240209978,76.91228198433875,16.151579216711138,93.06386120104989,34.27836941212162,1.3930142542920403,36.582875545330666,9.88280963032948,2.7769401102074984,12.659749740536977,4.94140481516474,1.3884700551037492,6.329874870268489,,10.84386485749904,,,,,,42.411653530401146,10.065075927652078,62.00594071894848,0,0.3549342468671649,7.843034228782377,2.803166156555794,1.401583078277897
709,3,CP,2023,147.03949329195308,7.13421092217514,212.23627316340585,109.06808429060032,22.904297701026064,131.97238199162638,54.53404214530016,11.452148850513032,65.98619099581319,4.493786092073186,0.5096811072793613,8.697053249332477,3.7205342649576365,0.8498454569475496,4.570379721905185,1.8602671324788183,0.4249227284737748,2.2851898609525927,,0,,,,,,2.2398096378127916,19.82156968884884,44.56961736431522,0,2.0014669649448855,1.6608985162029528,0,0
710,3,CP,2023,188.70073173057494,8.17424058220637,256.9220652619176,126.99269660655796,26.73128800440217,153.72398461096014,63.49634830327898,13.365644002201085,76.86199230548007,6.2147907767933495,0.4765561458872862,7.2127976411765005,3.077734528696439,0.7781371653115291,3.8558716940079685,1.5388672643482195,0.38906858265576455,1.9279358470039842,,10.934730540749467,,,,,,3.2708926569597327,16.864757855507776,54.07426824903665,0,0.5828803313204095,1.4755229644056258,2.168605750318505,1.0843028751592525
711,3,CP,2023,350.1228430482766,14.780563445835794,520.1902944541587,209.75671085125305,44.04890927876314,253.8056201300162,104.87835542562652,22.02445463938157,126.9028100650081,105.4927478508757,3.153875745034987,116.39156819973853,36.99837342070092,9.35256545373431,46.350938874435236,18.49918671035046,4.676282726867155,23.175469437217618,,16.39579838405495,,,,,,88.66490632491235,17.44123716503367,109.23996183537332,0.8523642070878176,4.0698985972641815,22.835736745082002,4.238354843394365,2.1191774216971826
712,3,CP,2023,201.9936197233844,8.827549979272193,295.95889593701014,127.85238402733913,26.849000645741217,154.70138467308036,63.926192013669564,13.424500322870609,77.35069233654018,141.0053062422459,6.212191061339235,189.0053849992428,58.20026042209524,12.856178297702384,71.05643871979763,29.10013021104762,6.428089148851192,35.52821935989881,,71.44078314854576,,,,,,24.1368148003877,19.942196688062076,62.15136814677213,24.172253530423774,3.2173606417861147,34.51709062671919,18.467620922198744,9.233810461099372
713,3,CP,2023,345.76969456722105,14.861884187710386,471.7085959032425,198.29259137913974,41.64144418961934,239.9340355687591,99.14629568956987,20.82072209480967,119.96701778437955,66.15698724257173,2.3934825734897154,84.23714962668403,36.63477606145148,7.810272791750827,44.44504885320231,18.31738803072574,3.9051363958754135,22.222524426601154,,7.032939042680417,,,,,,20.542641639207055,22.06363691144666,99.05880513968093,1.029987948279243,13.009816796926234,14.634534384464384,1.8180323127070466,0.9090161563535233
714,3,CP,2023,190.40353096867705,8.094491360323758,310.65673667973056,157.230913703555,33.10347175042676,190.33438545398175,78.6154568517775,16.55173587521338,95.16719272699088,23.278419338569037,1.017367179483808,33.068465836454415,13.342910623890232,2.829669039819183,16.172579663709417,6.671455311945116,1.4148345199095915,8.086289831854709,,0,,,,,,27.505182060889698,18.56688703729565,65.4284290420544,1.7219018114524605,4.07682110941949,5.308742506868519,0,0
715,3,CP,2023,160.95585178593294,7.228533589734393,258.08081677143576,129.74073903203782,27.245555196727942,156.9862942287658,64.87036951601891,13.622777598363971,78.4931471143829,53.777824919181725,2.031290052615313,103.1753097495435,43.0946745439006,9.110486267226825,52.20516081112743,21.5473372719503,4.555243133613413,26.102580405563714,,0,,,,,,12.107589160758081,23.569945040630092,54.196971522001505,5.211536211916776,7.699487042126603,16.379029745523166,0,0
716,3,CP,2023,226.47610116637898,9.665881864467794,315.2801539521059,132.7728540054952,27.882299341153992,160.6551533466492,66.3864270027476,13.941149670576996,80.3275766733246,30.233323888365952,1.1959667279553043,38.61380162882722,16.188823705209924,3.425796711974055,19.61462041718398,8.094411852604962,1.7128983559870274,9.80731020859199,,7.323819262128864,,,,,,22.2850991287254,19.347899497798725,66.20883232994224,0.5620330796705474,5.882712365040759,6.438643194519388,2.5243007681753715,1.2621503840876858
717,3,CP,2023,228.61839169646683,9.992683609739757,323.19226243697074,135.10933260446555,28.372959846937764,163.4822924514033,67.55466630223277,14.186479923468882,81.74114622570166,25.65069372297107,1.1054513826881496,35.921362103022865,14.56722693060483,3.0686301076855598,17.63585703829039,7.283613465302415,1.5343150538427799,8.817928519145195,,0,,,,,,11.109218802334622,29.785533613271692,67.87037511176385,0.8393236239526082,12.343058005607807,5.6756257632978215,0,0
718,3,CP,2023,241.8317443197997,8.700405826737628,345.00205550522077,134.24203585161422,28.190827528838987,162.43286338045323,67.12101792580711,14.095413764419494,81.21643169022661,82.91304856461305,2.874302665705507,102.41529546060895,42.40980227225614,9.144709972603673,51.554512244859815,21.20490113612807,4.5723549863018365,25.777256122429907,,124.50927965617771,,,,,,81.92670892677513,10.951241996982148,72.45043165609636,6.97269182450658,6.1715485255832,17.730240680246798,32.185959848805595,16.092979924402798
719,3,CP,2023,162.611798733747,7.47123197651447,225.6007928253912,116.69913008000627,24.753928285008104,141.45305836501439,58.349565040003135,12.376964142504052,70.72652918250719,35.62669253332691,2.087789969656248,45.83608763242077,21.60771586583862,4.837273142722159,26.44498900856078,10.80385793291931,2.4186365713610796,13.22249450428039,,0,,,,,,5.422559055827544,19.1975733652367,47.851649915935766,0.1523787299559499,1.9941856255575459,9.288861679914696,0,0
720,3,CP,2023,147.51263769121596,6.685935751025144,200.5477730036059,106.24150891691737,22.390838351279413,128.63234726819678,53.120754458458684,11.195419175639707,64.31617363409839,17.329194774641373,1.0823044359154226,22.886586663432023,11.61887432303668,2.6488873839844542,14.267761707021133,5.80943716151834,1.3244436919922271,7.133880853510567,,0,,,,,,3.5942385383259587,21.11876728510002,42.26673732838083,0,3.8784549688707814,5.015502218361982,0,0
721,3,CP,2023,294.5788230370431,12.412206049387564,444.15752256130094,218.41391431238696,45.97893318656571,264.3928474989527,109.20695715619348,22.989466593282856,132.19642374947634,12.509125111167021,0.7462236324261096,19.17738796266154,8.324123517137888,1.8082016329867805,10.132325150124668,4.162061758568944,0.9041008164933902,5.066162575062334,,0,,,,,,27.989475302482756,14.176692131153018,93.52419491919603,0,3.3517160036697113,3.494809148632325,0,0
722,3,CP,2023,104.90482124843969,4.311577388440418,145.34674346917834,78.15318514125745,16.515018724405287,94.66820386566273,39.076592570628726,8.257509362202644,47.334101932831366,21.78870558824875,1.1436435950145496,28.19893400483595,11.78425924488741,2.6542703835906485,14.43852962847806,5.892129622443705,1.3271351917953242,7.21926481423903,,0,,,,,,11.313820981912254,4.673138902307525,30.7203154124038,0.40471662877389375,0.6017169523915845,5.085914393660946,0,0
723,3,CP,2023,196.04369940048292,8.086381813377491,259.79140898086206,135.89720035843033,28.538412075270365,164.43561243370067,67.94860017921516,14.269206037635183,82.21780621685033,3.2897875180469365,0.32182285377133424,5.601148866073252,2.575658031403797,0.5868608460800658,3.1625188774838633,1.2878290157018986,0.2934304230400329,1.5812594387419316,,0,,,,,,5.193354355113773,11.964013045126784,54.556195885981026,0,1.5013976473916044,1.121519354261868,0,0
724,3,CP,2023,575.6425385944325,21.20616688958024,820.5933380344994,304.9413767633226,64.03768912029773,368.9790658836203,152.4706883816613,32.018844560148864,184.48953294181015,30.739537566508773,1.1652488096546791,42.61492118115941,15.83068788091369,3.3244444549918746,19.155132335905567,7.915343940456845,1.6622222274959373,9.577566167952783,,0,,,,,,156.24234420724153,12.415780313048389,172.32460098724485,2.348246323196587,0.6694116549813345,8.034990376179827,0,0
725,3,CP,2023,93.3966380043266,4.497588750972269,127.80201811935373,62.7036022605939,13.499338264792472,76.20294052538637,31.35180113029695,6.749669132396236,38.101470262693184,73.9031485291764,4.066887799974144,98.21836343346736,35.73954799165146,8.198650908195825,43.938198899847286,17.86977399582573,4.0993254540979125,21.969099449923643,,0,,,,,,1.3650940581717914,8.65116173423059,27.475149764637578,5.156387278886642,1.6736072565664681,18.7779944902167,0,0
726,3,CP,2023,218.2383331913468,9.461618490367435,313.2112095644276,167.8126077248442,35.24064762221729,203.0532553470615,83.9063038624221,17.620323811108644,101.52662767353075,16.192145166266204,1.0586116885438597,19.734062522221244,7.936310049720542,1.9220592330713213,9.858369282791864,3.968155024860271,0.9610296165356607,4.929184641395932,,0,,,,,,25.033991323305866,15.44740439651013,65.77435400852978,0,1.450678294199176,3.691768562651962,0,0
727,3,CP,2023,172.2891011876203,7.65981837466042,232.7637993726868,121.67956593300221,25.552708845930464,147.2322747789327,60.839782966501105,12.776354422965232,73.61613738946635,12.863509849984943,0.6603334604143818,18.20783900134453,8.746167859877339,1.9141427720038398,10.660310631881178,4.3730839299386695,0.9570713860019199,5.330155315940589,,0,,,,,,8.869996873847366,19.35364163135964,48.880397868264225,0.3576231899559526,2.8725414873491393,3.632133944399596,0,0
728,3,CP,2023,166.05963819736635,7.254552636085357,229.07261919857905,108.34830669632865,22.753144406229016,131.10145110255766,54.174153348164324,11.376572203114508,65.55072555127883,51.90217190234835,2.232863939739742,76.85403905699903,24.16737690384305,5.075149149807039,29.24252605365009,12.083688451921525,2.5375745749035197,14.621263026825044,,0,,,,,,3.458085535754768,12.790251570321239,48.1052500317016,2.6116429957082965,2.2065378551852115,12.291754533028191,0,0
729,3,CP,2023,177.37474839495192,7.996277161696221,264.6468968379593,115.244547310369,24.20135493517749,139.4459022455465,57.6222736551845,12.100677467588746,69.72295112277325,45.27857285547639,3.414643071282691,50.54046113741356,14.625416456848281,4.2950057472489025,18.920422204097182,7.312708228424141,2.1475028736244512,9.460211102048591,,56.14270195038154,,,,,,24.901580069850603,22.585555603131507,55.57584833597144,0,0.9236291890285917,11.54449399871525,14.145992254442756,7.072996127221378
730,3,CP,2023,97.07400495876094,4.945622274591778,147.56630054196825,62.92552484499926,13.214360217449844,76.13988506244911,31.46276242249963,6.607180108724922,38.069942531224555,33.592111058197524,1.1911740709965852,48.103587747762234,12.434897608502494,2.611328497785524,15.046226106288017,6.217448804251247,1.305664248892762,7.523113053144009,,64.2746255238699,,,,,,8.525899311674483,21.577937067191808,30.98892311381333,9.281086620538305,0.035734756850193033,7.576315070272552,14.740765493521877,7.370382746760939
731,3,CP,2023,194.78668709064272,8.023127680526624,261.37706123471975,138.96149134811398,29.214500865720222,168.1759922138342,69.48074567405699,14.607250432860111,84.0879961069171,46.39486132464898,2.1983696817464997,78.2349507847783,32.84326879282943,7.067038971609523,39.910307764438954,16.421634396414714,3.5335194858047614,19.955153882219477,,0,,,,,,14.826912977234954,13.588420542470255,54.96224040371323,4.315401253639594,5.326629655688326,13.085515271241338,0,0
732,3,CP,2023,258.6628571539825,10.451416880512253,359.2323546051368,173.03340567677472,36.33701519212269,209.3704208688974,86.51670283838736,18.168507596061346,104.6852104344487,8.494239614553733,0.47217805998690615,10.969556894565947,4.138884595619841,0.9671510787411373,5.106035674360978,2.0694422978099203,0.48357553937056863,2.553017837180489,,38.575198980656545,,,,,,41.22923288616265,11.78153668811588,75.43879446707872,1.1520093268711777,0.6730520164048868,1.947376136556112,9.971785307726623,4.985892653863312
733,3,CP,2023,278.8465857322171,11.271198257296938,495.5894340603641,247.79869620764632,52.19417845231446,299.99287465996076,123.89934810382316,26.09708922615723,149.99643732998038,51.12727090508583,1.7297760579885455,71.13878422474065,35.399337324696994,7.458070472871299,42.85740779756829,17.699668662348497,3.7290352364356494,21.428703898784146,,0,,,,,,24.70444681269592,21.330235884340077,104.41425625113547,3.1046018392288257,5.722924751654401,13.259750506062225,0,0
734,3,CP,2023,174.61227423341458,7.887721781179649,247.43834123884724,120.50037937258692,25.305079668243252,145.8054590408302,60.25018968629346,12.652539834121626,72.9027295204151,19.48237267341444,0.9396559474702539,24.716440982233333,8.718976406231944,1.9786581851383598,10.697634591370305,4.359488203115972,0.9893290925691799,5.348817295685152,,21.309216033057055,,,,,,21.956870018230397,18.31191797817097,51.962051660157925,1.3704392507961405,1.2710343605200507,4.321287363769737,5.508485580700805,2.7542427903504025
735,3,CP,2023,222.27227273093374,9.895693105412109,312.60989707900404,131.76495858621473,27.670641303105096,159.43559988931983,65.88247929310737,13.835320651552548,79.71779994465992,15.002681957320545,0.8122810190561583,21.4896537748443,10.452798877753844,2.2324369753244113,12.685235853078256,5.226399438876922,1.1162184876622057,6.342617926539128,,0,,,,,,18.654012628963,20.421974177570828,65.64807838659084,1.1520093268711777,4.140343650428534,4.285139655282715,0,0
736,3,CP,2023,295.84663744504894,12.152532632197506,403.2668387008003,212.64566681220825,44.65559003056373,257.301256842772,106.32283340610412,22.327795015281865,128.650628421386,45.204147233916814,1.8021183889258061,71.79820155911932,29.92119519009523,6.283450989919999,36.204646180015224,14.960597595047615,3.1417254949599993,18.102323090007612,,0,,,,,,20.720982585264096,10.86517124539797,84.68603612716805,8.671691308835392,6.322547513467295,12.137075187532135,0,0
737,3,CP,2023,242.33038112676323,9.785586663992238,345.03443481638743,153.6975845808185,32.332979514736635,186.03056409555515,76.84879229040925,16.166489757368318,93.01528204777757,75.20477543950197,2.741024460486747,132.2290580248547,50.915644603435595,10.784959892430997,61.700604495866585,25.457822301717798,5.392479946215499,30.850302247933293,,4.757249317187988,,,,,,19.584866473278964,21.26910094840341,72.58386760828891,4.4217002736052695,4.3091982472691805,23.209299741865,1.2561457247873888,0.6280728623936944
738,3,CP,2023,211.13883398191942,8.880735136964237,291.8854395992565,153.5336108006976,32.26315369457473,185.79676449527233,76.7668054003488,16.131576847287366,92.89838224763616,25.608348821238767,1.1626284813683498,32.52197434401478,13.558792990390874,3.0166012506764024,16.575394241067276,6.779396495195437,1.5083006253382012,8.287697120533638,,0,,,,,,8.760947228344776,14.00258537504793,61.335885183437185,0.25456808016659305,1.7136880620586734,5.731259531568612,0,0
739,3,CP,2023,101.0646568123284,5.4585183094628205,169.77537737461637,91.83778958164848,19.28593581214618,111.12372539379467,45.91889479082424,9.64296790607309,55.561862696897336,0.3784758572526304,0.03686315966085308,1.0389993817419194,0.4058024528026401,0.08521851508855442,0.4910209678911945,0.20290122640132005,0.04260925754427721,0.24551048394559724,,0,,,,,,13.623888025896214,21.058433008882172,35.65282924866944,0,0.2874382428760041,0.1636424026243523,0,0
740,3,CP,2023,134.3808608311084,6.056262321087369,197.79808558238008,97.82195770371824,20.71328032927337,118.53523803299161,48.91097885185912,10.356640164636685,59.26761901649581,10.03027104611098,0.44191252971413747,13.641070841483542,5.807170277536414,1.2246774364267787,7.0318477139631925,2.903585138768207,0.6123387182133894,3.5159238569815963,,3.029160664102913,,,,,,5.5077829194679255,11.869504098715943,41.869856855442364,0,1.3537341997280423,2.3652738935826214,1.172285115259028,0.586142557629514
741,3,CP,2023,289.76557815175374,12.008531616978567,413.9108131166168,143.4554876996142,30.182818512971565,173.63830621258577,71.7277438498071,15.091409256485782,86.81915310629289,0,0,0,0,0,0,0,0,0,,6.718873288312411,,,,,,38.41252354169613,6.053883334774017,87.08712823101887,0,0,0,2.3157940407762045,1.1578970203881023
742,3,CP,2023,304.5904806376338,13.010445063762507,436.86987254305734,188.8449017143676,40.018783821811105,228.8636855361787,94.4224508571838,20.009391910905553,114.43184276808935,55.6680920938079,2.990123553189744,73.0952603325984,27.58019240717516,6.214557848694937,33.79475025587009,13.79009620358758,3.1072789243474683,16.897375127935046,,17.098840784215387,,,,,,63.05503157405502,8.490653156470172,92.47886279526311,1.2204852691503485,1.5086890709468261,13.665843557766415,5.539083001591718,2.769541500795859
743,3,CP,2023,252.5494859233177,8.583406410328642,354.85007974471364,133.15952971177995,27.963501239473793,161.12303095125375,66.57976485588998,13.981750619736896,80.56151547562688,0.12124928982879832,0.02802242150592574,0.25333387928932916,0.08731658758998585,0.018336483393897027,0.10565307098388287,0.043658293794992926,0.009168241696948513,0.05282653549194143,,0,,,,,,90.39610063229355,0.35889607990454864,74.51851674638986,0,0.06043037177124261,0.05320011465075912,0,0
744,3,CP,2023,181.82966660216888,7.474887780015207,254.66868082455514,130.14647447527074,27.330759639806853,157.47723411507758,65.07323723763537,13.665379819903427,78.73861705753879,12.741092054010279,0.7203887796590753,23.16665986306086,6.117127525657818,1.2845967803881413,7.401724306045958,3.058563762828909,0.6422983901940706,3.700862153022979,,0,,,,,,18.61329294088418,4.626299248694526,53.48042297315658,2.5124566220909976,0.02929847946077175,3.6487489284320853,0,0
745,3,CP,2023,136.39484979215734,6.641383826255809,207.35849297989103,93.5521783504285,19.645957453589986,113.19813580401849,46.77608917521425,9.822978726794993,56.599067902009246,44.6873321767237,1.8935114737291754,56.5134777992068,16.913927899958882,3.85240408364848,20.766331983607362,8.456963949979441,1.92620204182424,10.383165991803681,,21.994829984511014,,,,,,19.265204275886095,26.34734769939792,43.54528352577711,2.476759299690209,1.9053564793443314,9.772660917906675,4.688474870132768,2.344237435066384
746,3,CP,2023,229.09280433266923,10.482572470464868,331.49110303854764,166.99604400008957,35.06916924001881,202.0652132401084,83.49802200004478,17.534584620009404,101.0326066200542,22.148606308045377,1.2639018290762187,32.54916729196218,11.772834766625353,2.512333441900008,14.285168208525361,5.8864173833126765,1.256166720950004,7.1425841042626805,,10.12460240727411,,,,,,34.2019602564212,17.56667042453629,69.613131638095,1.672504695729339,2.6555309453116234,5.2029657679972106,3.6163813680356247,1.8081906840178124
747,3,CP,2023,322.7558900249661,13.81716495472875,491.9862995140117,235.64101419408547,49.484612980757944,285.12562717484343,117.82050709704274,24.742306490378972,142.56281358742172,36.03559665670042,1.6890173908088162,45.885220618173705,19.036551312473982,4.191232871996093,23.227784184470075,9.518275656236991,2.0956164359980467,11.613892092235037,,5.8871806424860225,,,,,,38.34094887610254,13.300454808364274,103.31712289794245,0.7604896313237482,2.2343562425039116,9.098048251243204,1.5218509038440102,0.7609254519220051
748,3,CP,2023,264.7052958872993,11.041997049714697,379.85022984947494,164.90799513704653,34.63067897877977,199.5386741158263,82.45399756852326,17.315339489389885,99.76933705791315,14.368700634300298,0.9496394821644253,18.155336467621343,7.349199343713869,1.7646666589152724,9.113866002629141,3.6745996718569347,0.8823333294576362,4.556933001314571,,6.900791318018128,,,,,,17.4383202047282,22.951949473011737,79.76854826838974,0.03247708716123962,2.1114429203939418,3.3900614332380914,1.7838717957412702,0.8919358978706351
749,3,CP,2023,188.08315234820034,8.732635175436437,275.89461701322153,114.94198726941076,24.137817326576258,139.079804595987,57.47099363470538,12.068908663288129,69.5399022979935,91.26244099083445,3.607348434824047,120.62617985917504,45.59526160165342,9.589605390046787,55.184866991700204,22.79763080082671,4.794802695023393,27.592433495850102,,19.963639584248707,,,,,,23.47600462098028,24.395982831524925,57.93786957277653,4.503664566606496,5.811952817381166,20.014773594965764,5.160650707071808,2.580325353535904
750,3,CP,2023,283.0774655103978,11.8251706592867,405.13478995091833,162.36605000678483,34.09687050142481,196.46292050820963,81.18302500339242,17.048435250712405,98.23146025410482,42.28322127230066,2.2279558996903095,59.48859082714343,23.106203734442417,5.017855310669444,28.12405904511186,11.553101867221208,2.508927655334722,14.06202952255593,,36.826007561042985,,,,,,47.37750763084252,7.772010081204044,85.07830588969284,3.654181149793363,2.928287267030854,10.32341230558644,11.398329105727822,5.699164552863911
751,3,CP,2023,168.4878812840683,7.64327323604971,233.1160735261196,122.18187459326384,25.713761921837463,147.8956365151013,61.09093729663192,12.856880960918732,73.94781825755065,23.782952686034648,0.945623354927633,63.97737945020955,30.975551886183744,6.63476253479305,37.6103144209768,15.487775943091872,3.317381267396525,18.8051572104884,,0,,,,,,14.972412515440645,17.967377655816243,49.07895258426217,1.9735721209319517,0.8422241514650581,12.416848376635727,0,0
752,3,CP,2023,219.68012725448537,9.476012623223136,326.9650419004501,150.57224161828398,31.657761739702316,182.23000335798628,75.28612080914199,15.828880869851158,91.11500167899314,61.621144110272716,2.933622298821912,75.72987228274712,33.21971695617083,7.552108091228423,40.77182504739925,16.609858478085414,3.7760540456142113,20.385912523699623,,0,,,,,,20.451757832789244,19.532794605670084,68.73383500097523,1.6200707624578448,4.124494286209138,14.949272692681818,0,0
753,3,CP,2023,205.52262066429319,8.206181925034095,306.39000565490653,165.75910929759877,34.85026300211802,200.60937229971677,82.87955464879938,17.42513150105901,100.30468614985838,31.53127439851847,1.3999261372380167,61.28609047657437,28.690868780460267,6.06901749033385,34.75988627079412,14.345434390230134,3.034508745166925,17.37994313539706,,0,,,,,,24.67028205875962,10.841397269397108,64.414532102376,4.532280406826748,3.2622139435877426,11.548410224674967,0,0
754,3,CP,2023,273.6140411369241,11.022542543015236,392.4624517049229,171.78733757742702,36.106749982924164,207.89408756035118,85.89366878871351,18.053374991462082,103.94704378017559,0,0,0,0,0,0,0,0,0,,13.45691394045027,,,,,,55.804492804341216,8.604995128076107,82.47742873722876,0,0,0,3.4786458725984177,1.7393229362992089
755,3,CP,2023,381.354922364541,15.970103977907074,546.3221076282124,216.24345783336614,45.41112614500689,261.654583978373,108.12172891668307,22.705563072503445,130.8272919891865,94.1549670457492,3.831464270168036,122.69927517836346,47.85347929095845,10.245043367753158,58.09852265871161,23.926739645479223,5.122521683876579,29.049261329355804,,16.71352863186575,,,,,,58.34755911854064,20.43357858018852,114.7276426019246,6.161074173795028,3.66711407862542,21.290579824134028,2.880325937486074,1.440162968743037
756,3,CP,2023,354.5956373259266,13.683407820984435,517.7642778027654,223.13020347289316,46.85734272930756,269.9875462022007,111.56510173644658,23.42867136465378,134.99377310110035,4.095837391886226,0.17986795487347296,5.482536126355923,2.587119206294049,0.5432950333217503,3.1304142396157992,1.2935596031470245,0.27164751666087517,1.5652071198078996,,0,,,,,,99.77892786323045,19.491145428886608,108.73049833858073,0.6519866803013984,0.3901993670684024,0.999026287769566,0,0
757,3,CP,2023,382.47337611240374,16.241671578899677,558.0967298513411,243.1387402245469,51.059135447154844,294.19787567170175,121.56937011227345,25.529567723577422,147.09893783585088,0,0,0,0,0,0,0,0,0,,0,,,,,,69.44843179281837,10.047355995782155,117.20031326878164,0,0,0,0,0
758,3,CP,2023,143.54154506441407,6.11653520912994,203.48318464300647,99.53954750574296,20.90330497620602,120.44285248194898,49.76977375287148,10.45165248810301,60.22142624097449,1.7560763888888893,0.17343601548512258,1.929512404374012,0.7642895231622074,0.20477157754902023,0.9690611007112276,0.3821447615811037,0.10238578877451011,0.4845305503556138,,1.5206370618302314,,,,,,16.836140757306115,1.9141375839394879,42.73146877503136,0,0,0.38772214615999734,0.4015223119103598,0.2007611559551799
759,3,CP,2023,223.04698838661793,9.577189801557235,297.1115034523941,152.93151930370456,32.11561905377796,185.04713835748254,76.46575965185228,16.05780952688898,92.52356917874127,9.456949739433856,0.44870990779065995,12.855760546571702,4.683115713019544,0.9926163993714255,5.675732112390969,2.341557856509772,0.49630819968571277,2.8378660561954847,,0,,,,,,5.193067792619023,20.143228737727,62.39341572500276,0,1.5562640272844892,2.0421301474300266,0,0
760,3,CP,2023,179.557472063651,7.831137118107498,241.95577044959694,127.79028969699793,26.835960836369566,154.6262505333675,63.895144848498965,13.417980418184783,77.31312526668376,6.293553184036466,0.43334112806386327,7.928667489283588,3.1605258869915036,0.7482499639563926,3.9087758509478965,1.5802629434957518,0.3741249819781963,1.9543879254739482,,0,,,,,,5.7858926788068725,14.51826604609104,50.810711794415354,0.14977554066473683,1.3585990707799018,1.4088354259526188,0,0
761,3,CP,2023,45.86640506582316,2.737569425367194,72.75656611281036,33.167334023258256,6.965140144884234,40.132474168142494,16.583667011629128,3.482570072442117,20.066237084071247,169.93754738413423,5.887291932333147,215.92417598890583,70.66274157123789,15.524254751184717,86.1869963224226,35.331370785618944,7.7621273755923585,43.0934981612113,,26.00811836215722,,,,,,2.5735292758642663,14.201820185159288,15.278878883690174,15.814186188835718,5.293874043402841,39.105856525546194,7.609346050063807,3.8046730250319034
762,3,CP,2023,340.5296542856725,14.016111054558168,502.30956726312513,246.32937995225376,51.729169789973284,298.05854974222706,123.16468997612688,25.864584894986642,149.02927487111353,72.391994402931,3.5249811368609016,93.653610041419725,33.662648391872864,7.6977639918843614,41.36041238375722,16.831324195936432,3.8488819959421807,20.68020619187861,,7.8827085462407,,,,,,37.20275915954974,11.639583561369617,105.48500912525628,1.1852426562148777,3.9611873297363696,16.902535822713716,1.8422417262373239,0.9211208631186619
763,3,CP,2023,188.32696632670135,8.220121761533049,348.223345506634,163.2929745414159,34.380026440878616,197.67300098229452,81.64648727070795,17.190013220439308,98.83650049114726,39.39090234776839,1.7042475069267438,59.67912196531591,26.26107195108768,5.58633302832981,31.84740497941749,13.13053597554384,2.793166514164905,15.923702489708745,,0,,,,,,17.571547492992025,20.505206625905707,73.30698888537223,3.9202271156200865,10.017627261908698,10.589195117286769,0,0
764,3,CP,2023,148.0109658592432,7.14515316067319,221.9946361385865,96.04924488026053,20.17034142485471,116.21958630511524,48.024622440130265,10.085170712427354,58.10979315255762,34.136732428842535,1.5190940622457083,42.493657950604415,18.304852739458696,3.9564383276015014,22.2612910670602,9.152426369729348,1.9782191638007507,11.1306455335301,,83.16745689686546,,,,,,17.38227167852123,27.88042349184954,46.61887358910316,1.0653982370356803,3.9725086772864544,7.420325593530397,19.07829106131113,9.539145530655565
765,3,CP,2023,234.00850523734778,8.892813046269564,333.8334827275887,128.44931569749872,26.97435629647473,155.42367199397347,64.22465784874936,13.487178148237366,77.71183599698674,3.011036298365609,0.21239264350861664,3.5308235503183036,1.5561286396067562,0.38073004777483765,1.936858687381594,0.7780643198033781,0.19036502388741883,0.968429343690797,,74.74905442581168,,,,,,52.65950457345504,6.426134098981066,70.10503137279362,0,0.08573943703887037,0.7311037948081636,20.1322631763691,10.06613158818455
766,3,CP,2023,154.04229288888473,5.684341008111206,218.90111773616005,79.55198230432276,16.70591628390778,96.25789858823053,39.77599115216138,8.35295814195389,48.128949294115266,43.181503886270754,1.8138238572983536,53.80907908119185,23.13589804402524,4.990559758441886,28.126457802467126,11.56794902201262,2.495279879220943,14.063228901233563,,80.49959760233956,,,,,,35.623627062875585,3.0257218216937565,45.969234724593605,0.8938809206290947,4.398972303384823,9.279147266221129,20.8093470898605,10.40467354493025
767,3,CP,2023,253.80855318824587,9.791391400965434,366.1033501892947,134.800679149921,28.308142621483412,163.10882177140442,67.4003395749605,14.154071310741706,81.55441088570221,4.598912086420621,0.1496901561310277,5.838551348379561,2.464306580133974,0.5175043818281345,2.9818109619621085,1.232153290066987,0.25875219091406726,1.4909054809810542,,169.39645561168757,,,,,,50.22132797709523,12.28034835157668,76.88170353975188,0,1.4267536047842198,0.9195718373697808,54.46889393267019,27.234446966335096
768,3,CP,2023,270.74704850123703,11.10497329805627,384.06456774887266,156.26432761166626,32.922681824381,189.18700943604728,78.13216380583313,16.4613409121905,94.59350471802364,42.168599780032885,1.5437903592377558,53.271797317288375,24.444891168382497,5.153649025220625,29.598540193603124,12.222445584191249,2.5768245126103126,14.799270096801562,,25.472394964206536,,,,,,44.62087135302573,7.895561216779232,80.89382786480351,1.4931106777058343,2.9196487594082843,9.653113055990225,6.5846777351441474,3.2923388675720737
801,3,CP,2023,711.3274743021141,19.922930419118106,890.1689056572551,519.3400091561673,124.38167258186505,643.7216817380323,259.67000457808365,62.19083629093252,321.86084086901616,0,0,0,0,0,0,0,0,0,,13.034603176021369,,,,,,162.45256178923316,1.5167402689894944,213.09475337974885,0,0,0,7.633758430100514,3.816879215050257
802,3,CP,2023,595.708697825762,16.459958959152523,736.2300886913656,431.1755847220851,103.4821403333004,534.6577250553855,215.58779236104255,51.7410701666502,267.32886252769276,0,0,0,0,0,0,0,0,0,,0,,,,,,114.65207035861869,1.9287173719397743,176.69522128592774,0,0,0,0,0
803,3,CP,2023,524.9595723376541,13.916507018565062,652.1362431173482,374.317501748618,88.52430728907748,462.8418090376955,187.158750874309,44.26215364453874,231.42090451884775,22.222222222222225,1.1467957270442335,23.369017949266457,13.686142597847397,4.034390426244486,17.720533024091882,6.843071298923698,2.017195213122243,8.860266512045941,,16.01974079691473,,,,,,115.06511765127078,1.2602547522928713,153.74243135112516,0,0,6.88870086010099,9.382014143816882,4.691007071908441
804,3,CP,2023,559.7706984910483,15.08671136321341,698.661599359038,401.78648743864113,95.19320675689218,496.9796941955333,200.89324371932057,47.59660337844609,248.48984709776664,62.30465896423973,1.5194724644776634,64.52934912563742,28.34386994129576,8.322960947889058,36.66683088918483,14.17193497064788,4.161480473944529,18.333415444592415,,13.54253340520619,,,,,,124.19801001217779,1.3561630157785136,165.1066229451654,0.20636232854451708,0.09967851635464853,14.21141292308723,5.94842208566947,2.974211042834735
805,3,CP,2023,393.1797794903309,11.410706141861455,492.54533106060813,275.9460989336981,57.94868077607661,333.89477970977475,137.97304946684906,28.974340388038303,166.94738985488738,1.5437273838955732,0.053757919766849196,1.8957408387996537,0.7996709200952451,0.16793089322000146,0.9676018133152465,0.39983546004762255,0.08396544661000073,0.48380090665762326,,6.833808700610687,,,,,,60.13445865427443,4.322577990923304,103.43451952272771,0.0898223321894884,0.08714204133405584,0.2985791821109455,2.8826715020985905,1.4413357510492952
806,3,CP,2023,571.6908718638812,15.908255475102342,719.7563969828643,421.5277127265654,101.16665105437569,522.6943637809411,210.7638563632827,50.583325527187846,261.34718189047055,6.640008794072045,0.19685323016199316,8.083258090388068,3.5504901121784402,0.8521176269228257,4.402607739101266,1.7752450560892201,0.42605881346141283,2.201303869550633,,0,,,,,,144.40965253476574,1.2253120869652028,172.74153527588743,0.6946163589397928,0.4453520794810385,1.454986456269852,0,0
807,3,CP,2023,454.33278969982007,12.686851840355287,577.8276379595599,313.3175976889216,65.59514753843709,378.9127452273587,156.6587988444608,32.797573769218545,189.45637261367935,1.4780571623218273,0.10265637945628757,2.9952871913199477,1.160524050985025,0.24371005070685525,1.4042341016918802,0.5802620254925125,0.12185502535342763,0.7021170508459401,,0,,,,,,85.6471935282702,3.6900507028721,120.90396410101076,0,0.20210438137847403,0.4717577326328918,0,0
808,3,CP,2023,470.00900901010993,13.598127157374396,591.4423654831422,328.75157044865733,69.03782979421804,397.7894002428754,164.37578522432867,34.51891489710902,198.8947001214377,0.7204624066667409,0.0776995119709967,1.3430852716232762,0.4895363963432944,0.1028026432320918,0.5923390395753861,0.2447681981716472,0.0514013216160459,0.29616951978769307,,0,,,,,,74.71161378306003,4.575460305105517,124.20289675145987,0.18479071013164688,0.21268000256516628,0.211535930280666,0,0
809,3,CP,2023,351.8720127960596,10.362284756429831,453.03236351519877,250.37401864519407,52.46304045744072,302.8370591026348,125.18700932259704,26.23152022872036,151.4185295513174,7.819865253137967,0.2527388536245932,9.912629653033319,4.27752645026336,0.8982805545553054,5.175807004818665,2.13876322513168,0.4491402772776527,2.5879035024093326,,19.397588327697736,,,,,,57.61189372700466,5.200424582592361,94.88473215486765,0.7305317717653563,0.1324689644373367,1.5612391703527475,7.151366657955913,3.5756833289779566
810,3,CP,2023,378.67209481077356,11.326514406155887,474.0210872923226,266.5971253770983,56.41627223981992,323.01339761691816,133.29856268854914,28.20813611990996,161.50669880845908,2.84731734942989,0.12089290964563157,3.726509520035286,1.662766794974503,0.3491810269446456,2.0119478219191484,0.8313833974872515,0.1745905134723228,1.0059739109595742,,2.8139085157607258,,,,,,55.31625867977055,2.7039717793793714,100.28014672811013,0.23774714570358474,0.15784320057779466,0.6745444304736767,1.2359811167805388,0.6179905583902694
811,3,CP,2023,381.47541498277155,13.42586899947574,510.3234427336783,267.36048570415704,56.145701997872976,323.50618770203005,133.68024285207852,28.072850998936488,161.75309385101502,24.77351509241175,0.6974665718633334,30.39102431939066,12.921937510203358,2.7136068771427047,15.635544387346062,6.460968755101679,1.3568034385713523,7.817772193673031,,23.84700054693255,,,,,,87.47453896363609,4.096809959114927,107.16792297407244,2.7246910866802514,0.4658982156876881,4.858649814236002,10.065222836581619,5.032611418290809
812,3,CP,2023,550.4586372774365,14.403162559107328,671.4286810875665,358.86296648664427,74.52756370592346,433.3905301925677,179.43148324332213,37.26378185296173,216.69526509628386,4.364349385086795,0.17252087968441523,5.661570954307794,2.9494637100999066,0.6193873791209804,3.5688510892208867,1.4747318550499533,0.3096936895604902,1.7844255446104433,,6.763092819106029,,,,,,61.73676828426189,3.089344337299938,139.1807213109313,4.515020483453227,0.48245111235026245,1.1216992529701013,2.3242907741350605,1.1621453870675302
813,3,CP,2023,388.84342594895503,11.530258026922354,492.91960535157773,279.5534723190266,58.706229186995586,338.25970150602217,139.7767361595133,29.353114593497793,169.12985075301108,0,0,0,0,0,0,0,0,0,,0,,,,,,67.20522440601701,3.3079506288022604,103.51311712383132,0,0,0,0,0
814,3,CP,2023,177.2934054943952,5.832871377169473,233.1567772933642,121.35403053681391,25.48434641273092,146.83837694954482,60.677015268406954,12.74217320636546,73.41918847477241,22.596452677722887,0.5903164311616191,26.737091765339027,13.339946175557905,2.80138869686716,16.141334872425066,6.669973087778953,1.40069434843358,8.070667436212533,,3.692149070251892,,,,,,44.767143015467575,1.0816370110284679,48.96292323160648,1.8305564751651642,0.32624469365677566,4.977886645258584,1.5583638313264994,0.7791819156632497
815,3,CP,2023,441.055943670661,12.26081735447639,550.1459905660772,302.22242401918777,63.22940501942931,365.45182903861706,151.11121200959388,31.614702509714654,182.72591451930853,32.23468148568081,0.4914731656350826,33.303978795136835,11.681556361307592,2.551780757900775,14.233337119208366,5.840778180653796,1.2758903789503875,7.116668559604183,,0,,,,,,65.58320844340928,4.799386481363588,115.01278741854803,0.23026901427862526,0.06509394263754315,5.460669957136695,0,0
816,3,CP,2023,577.5743814094119,15.21746530679586,705.8387436587863,370.18452254113816,76.89814313290566,447.0826656740438,185.09226127056908,38.44907156645283,223.5413328370219,0.3266027345032772,0.01770748366651743,0.5047640154257893,0.3125826980542481,0.0656423665913921,0.3782250646456402,0.15629134902712405,0.03282118329569605,0.1891125323228201,,0,,,,,,81.82783102293394,2.8858655006671303,146.39167320171333,0.6480453463926134,0.0804354562874468,0.10600044323941574,0,0
817,3,CP,2023,400.491166693458,12.185136020914683,512.4235383554715,287.77527050682045,60.432806806432296,348.2080773132528,143.88763525341022,30.216403403216148,174.1040386566264,0,0,0,0,0,0,0,0,0,,0,,,,,,72.63342259964519,3.079888132435493,107.608943054649,0,0,0,0,0
818,3,CP,2023,385.4617057009775,9.83875104735385,471.324433562735,251.04870027128956,52.254281128667245,303.3029813999568,125.52435013564478,26.127140564333622,151.6514906999784,11.0535039600866,0.2916996722058945,13.253210676569287,7.496208217927731,1.5742037257648236,9.070411943692555,3.7481041089638656,0.7871018628824118,4.535205971846278,,0,,,,,,60.42971818150768,1.4651092853142031,97.961293267957,1.6731504470961385,0.14727317119438824,2.78317424207955,0,0
819,3,CP,2023,492.8807483763341,15.284378610443978,655.7174935746965,367.68894825064467,76.627052941663493,444.3160011923082,183.84447412532234,38.313526470831746,222.1580005961541,9.717261955365698,0.3283637222367212,12.181744053953738,5.141642539518072,1.079744933298795,6.221387472816867,2.570821269759036,0.5398724666493975,3.1106937364084337,,10.535428472414468,,,,,,90.48047024868609,5.315100686512165,136.41829199365387,1.0614996364662121,0.2930545403767549,1.9186246884977136,3.620739779116268,1.810369889558134
820,3,CP,2023,327.9792347489,9.376382647085716,423.290860549795,229.14198618706615,47.94867874241362,277.0906649294798,114.57099309353308,23.97433937120681,138.5453324647399,1.1290961619608,0.05195316648063675,1.6720914197594479,0.7766007947409971,0.16308616689560937,0.9396869616366065,0.38830039737049854,0.08154308344780468,0.46984348081830324,,0,,,,,,57.38525928029355,6.2791849582812596,88.51760401711216,0.26836290906542704,0.06733309932910538,0.263354398612113,0,0
821,3,CP,2023,326.30209375819743,9.302106462230398,411.9095397843951,229.1825988261182,48.12834575348482,277.310944579603,114.5912994130591,24.06417287674241,138.6554722898015,0,0,0,0,0,0,0,0,0,,0,,,,,,58.13600220503175,2.166153815250442,86.50100335472297,0,0,0,0,0
822,3,CP,2023,419.8798910128535,10.891722577005154,525.8774513068457,278.2644500859358,57.93090708986429,336.1953571758001,139.1322250429679,28.965453544932146,168.09767858790005,7.382548056601392,0.22572949648929086,8.95809114300175,3.77874698904365,0.7935368676991666,4.572283856742817,1.889373494521825,0.3967684338495833,2.2861419283714084,,8.219792821081812,,,,,,59.16719152202953,5.049708128266937,109.33301202655372,0.4453345121249907,0.15569479731427754,1.4108993550227755,3.467314283522404,1.733657141761202
823,3,CP,2023,897.181292279382,24.74578666805893,1106.6592757597405,648.1186624170382,155.54847898008916,803.6671413971274,324.0593312085191,77.77423949004458,401.8335706985637,1.4702809691203935,0.05192368401790873,1.880113256851329,0.9045124522341386,0.21708298853619326,1.1215954407703317,0.4522562261170693,0.10854149426809663,0.5607977203851658,,0,,,,,,163.51246404817493,4.10452812186837,265.59822618233767,0.5034433677122345,0.22616666389412793,0.37066808410871044,0,0
824,3,CP,2023,412.68218581124836,12.208184653802068,529.1827137403587,289.52394302587334,60.631816128413675,350.155759154287,144.76197151293667,30.315908064206837,175.0778795771435,0.8858427907888183,0.03413208097265876,1.110109057279843,0.46827177696036,0.09833707316167559,0.5666088501220355,0.23413588848018,0.04916853658083779,0.2833044250610178,,0,,,,,,61.69328491465054,6.837160825307356,110.76127960364197,0.1176603251424904,0.09040994658478455,0.1748421765215753,0,0
825,3,CP,2023,464.6437779283948,12.947883392413255,577.2776055821533,331.55195152124674,71.80950562401262,403.36145714525935,165.77597576062337,35.90475281200631,201.68072857262968,10.244006744222663,0.25981982048526575,12.145140796241114,6.834880456921831,1.4353248959535847,8.270205352875417,3.4174402284609156,0.7176624479767924,4.135102676437708,,44.261156688302556,,,,,,84.73882333387297,3.199311023163037,124.88634710808117,1.05142680375722,0.06975477995366977,2.550479567210634,23.99522777028863,11.997613885144315
826,3,CP,2023,666.268244446307,18.43529497949958,822.2493191345659,481.55303132932215,115.57272751903731,597.1257588483594,240.77651566466108,57.78636375951866,298.5628794241797,19.018146862696735,0.5231292156504751,23.240119335525343,13.610652698693073,3.266556647686338,16.87720934637941,6.805326349346537,1.633278323843169,8.438604673189705,,0,,,,,,125.42399947007677,2.9183969329718833,197.33983659229582,1.4922714225483333,0.0681682899124115,5.577628640526083,0,0
827,3,CP,2023,511.37006458645163,13.867136741293852,636.2027465905326,360.94596608401025,82.49169700428011,443.4376630882904,180.47298304200513,41.245848502140056,221.7188315441452,12.31787328853293,0.6414990513972718,14.622386437111512,7.1295168311896,1.632754082932065,8.762270914121665,3.5647584155948,0.8163770414660325,4.381135457060832,,2.5734764835207287,,,,,,69.07648195270984,5.616617451277645,145.03091513518726,0.629221862724631,0.06973595252973014,3.0235067518782675,1.0422965567683553,0.5211482783841777
828,3,CP,2023,536.6387665720985,14.817689563352141,661.3753546503517,387.3366623320488,92.9607989596917,480.2974612917405,193.6683311660244,46.48039947984585,240.14873064587024,3.1873834657119855,0.13214397185791416,3.8318291227159675,1.6830925425897514,0.41611048850928417,2.0992030310990355,0.8415462712948757,0.20805524425464209,1.0496015155495177,,0,,,,,,97.94652542194598,2.128821373565528,158.7300851160844,0.3671097206233114,0.22634442654300224,0.7105065145515096,0,0
829,3,CP,2023,450.7775704129672,11.84464743490491,566.6503115314939,298.0423606123094,62.157407452656926,360.1997680649663,149.0211803061547,31.078703726328463,180.09988403248315,5.397175088086701,0.09930008004857628,5.994486546441438,2.0601417351850393,0.4120283470370079,2.4721700822220476,1.0300708675925196,0.20601417351850396,1.2360850411110238,,6.8777236756490066,,,,,,62.67214695460173,3.952894672870569,118.05492487056972,0.13017921666867047,0.06771444587847368,0.8991729819662158,2.9011959373885365,1.4505979686942683
830,3,CP,2023,571.4382236455682,15.75580986129087,702.8893439328868,411.6494673613298,98.79587216671915,510.445339528049,205.8247336806649,49.397936083359575,255.2226697640245,21.194930102978887,0.7204068832119942,23.14952089243408,10.168195065797965,2.7359786276199203,12.904173693417885,5.084097532898983,1.3679893138099601,6.4520868467089425,,13.250975303592721,,,,,,101.06534186779083,2.0133275961010355,168.69344254389284,0.5202197443821288,0.32472786892746774,4.671669405791196,5.820358111300635,2.9101790556503175
831,3,CP,2023,637.7481549576582,17.621526530153616,787.27294015606,461.06899938174905,110.65655985161978,571.7255592333688,230.53449969087453,55.32827992580989,285.8627796166844,5.483938345440916,0.16065120773181357,6.6581405105891465,3.4255490172239464,0.8221317641337471,4.247680781357694,1.7127745086119732,0.41106588206687356,2.123840390678847,,1.0390754664268094,,,,,,119.50990491744196,2.612240957139552,188.9455056374544,0.5226254561316024,0.33137499670878023,1.4037857501006474,0.6085379811130873,0.30426899055654366
832,3,CP,2023,633.668485840188,17.193441910973533,775.3568436867525,450.8428852564939,107.73516687318627,558.5780521296801,225.42144262824695,53.86758343659314,279.2890260648401,2.90879680632006,0.08791055554977423,3.5568124634776,1.5622942310189163,0.3749506154445399,1.9372448464634562,0.7811471155094581,0.18747530772226995,0.9686224232317281,,0,,,,,,103.84578426456439,3.203297030789094,185.06623032235672,0.35636983094872887,0.22475056201388038,0.6402262434259679,0,0
833,3,CP,2023,511.4658650812753,14.997883243659206,646.6119323666621,354.4266107320522,74.42958825373097,428.8561989857832,177.2133053660261,37.214794126865485,214.4280994928916,10.919875300358298,0.33318623317696705,13.268852374060176,5.597133938039325,1.1753981269882583,6.772532065027582,2.7985669690196624,0.5876990634941291,3.386266032513791,,19.182267408701126,,,,,,70.80854294777158,5.756993615991405,135.78850579699906,0.7673970300537221,0.23608975655466397,2.0898442489144773,7.940261203001881,3.9701306015009403
91000,3,CA,2023,192.13245725008048,7.537939579170192,267.4252768920953,119.08025154832377,25.07509487099773,144.15534641932152,59.540125774161886,12.537547435498865,72.07767320966076,73.37649916195835,2.7330851856760234,83.34904968023736,25.138019654154203,6.316086920078743,31.45410657423295,12.569009827077101,3.1580434600393716,15.727053287116474,,1.326419387755102,,,,,,27.971809447713838,10.854189812338367,56.293548990743375,1.4040458597195056,0.9271296683871076,15.970672860298379,0.5659487258054314,0.2829743629027157
101000,3,CA,2023,516.9155330142023,14.686217462149676,649.1245189952496,370.06823184810247,85.14731528569797,455.21554713380044,185.03411592405124,42.573657642848985,227.60777356690022,4.536228544531473,0.1494024385268928,5.53245876156865,2.5990673116769947,0.5904929308001955,3.18956024247719,1.2995336558384973,0.29524646540009775,1.594780121238595,10.85132448979592,,,4.533685170030959,,2.2668425850154796,,101.71169864440675,3.481420089361636,148.9511322325057,0.32976844856986437,0.1346103031632158,1.027893176575827,,
841,3,CP,2024,363.50915316112173,10.50294954821145,466.8016415899861,231.21775655210155,48.55572887594132,279.7734854280429,115.60887827605077,24.27786443797066,139.88674271402144,22.814251180299358,0.9548326655555307,27.43494374318118,10.45076937089059,2.3006028063078774,12.75137217719847,5.225384685445295,1.1503014031539387,6.375686088599235,,0,,,,,,45.65087864306969,9.411188816865906,98.02834473389709,1.21482502354015,0.9657043019132585,4.527250081124298,0,0
842,3,CP,2024,527.8694492383338,12.474181867478865,662.2508105934021,348.51835449451016,73.18885444384713,421.7072089383573,174.25917724725508,36.59442722192357,210.85360446917866,0.6358925477118924,0.01639292288107951,0.7358182067567437,0.3105704721079973,0.06521979914267945,0.37579027125067677,0.15528523605399866,0.03260989957133972,0.18789513562533838,,0,,,,,,174.13360138101845,9.840024823311472,139.07267022461443,0,0.13608617917464266,0.11589136756418715,0,0
843,3,CP,2024,1200.4513356116624,35.345347338548805,1514.780273978494,784.424763462794,169.45073530512508,953.8754987679191,392.212381731397,84.72536765256254,476.93774938395956,25.533107224692486,1.4231247117564023,31.765793789122522,13.393916618049623,3.0662450586059524,16.460161676655577,6.6969583090248115,1.5331225293029762,8.230080838327789,,0,,,,,,272.5671461786274,11.846375268273693,326.16585417615045,4.3150257225195725,1.7223967568437966,6.034078867754344,0,0
844,3,CP,2024,333.21612867625197,10.656771941431522,428.27675702298745,221.4649081004907,46.50763070110305,267.97253880159377,110.73245405024535,23.253815350551523,133.98626940079689,26.934898433851924,0.7347908624917048,33.59122654662697,14.169619860422198,2.975620170688662,17.14524003111086,7.084809930211099,1.487810085344331,8.57262001555543,,0,,,,,,71.31404092178823,1.3775333826075873,89.93811897482736,5.409409121048772,0.04730002759359241,5.290618181093747,0,0
845,3,CP,2024,271.92332196501303,7.65863271472802,335.91848882130006,180.6594885708668,37.93849259988203,218.59798117074885,90.3297442854334,18.969246299941016,109.29899058537443,3.669700534935406,0.12452665339882607,4.741875881472852,2.354429643598682,0.4944302251557232,2.8488598687544053,1.177214821799341,0.2472151125778616,1.4244299343772027,,0,,,,,,43.18056592158522,1.9426928991075787,70.54288265247301,1.2396250577409076,0.5829316421802707,0.8790912107191919,0,0
846,3,CP,2024,454.5872201163517,13.211446373597651,574.1840853499278,306.93279146687473,71.33024948475524,378.26304095163,153.46639573343737,35.66512474237762,189.131520475815,5.376342106916595,0.18341083139738468,6.789505247215788,2.98222214078358,0.7157333137880592,3.697955454571639,1.49111107039179,0.3578666568940296,1.8489777272858194,,2.2182171071536896,,,,,,71.4431425301958,6.144598465258311,132.31659778891614,1.3669744248029927,0.6758873814451516,1.2221109444988418,0.8786469012863212,0.4393234506431606
847,3,CP,2024,772.3689623190623,22.21613416750726,995.4883661003798,382.2464444834458,80.3035523438592,462.549996827305,191.1232222417229,40.1517761719296,231.2749984136525,4.3054756296190035,0.11829162967154205,5.111016808516448,2.112903716928064,0.4437097805548934,2.5566134974829575,1.056451858464032,0.2218548902774467,1.2783067487414788,,69.38652510591433,,,,,,168.79695016747317,5.0089984777475,209.1141112781935,0.18463672905460296,0.19827706514607646,0.8049851473413405,18.357036694031237,9.178518347015618
848,3,CP,2024,420.2285632274854,13.11211482626653,522.6489499350685,306.0910849123244,73.46186037895785,379.5529452912823,153.0455424561622,36.730930189478926,189.77647264564115,32.097295596052604,1.006317783259778,35.45301726045409,15.944747519930836,4.017376645783358,19.962124165714194,7.972373759965418,2.008688322891679,9.981062082857097,,2.681682196064811,,,,,,45.24586681983191,8.704992970865224,125.43574798441642,2.4969380536333112,1.2343189754964792,7.291016200082465,1.062227743266516,0.531113871633258
849,3,CP,2024,540.5629223917972,15.36805862334322,700.4530337643774,271.9027880274279,57.09958548575986,329.0023735131878,135.95139401371395,28.54979274287993,164.5011867565939,2.804783950617284,0.35091264512887477,3.155696595746159,1.1799535556733516,0.2993953039476729,1.4793488596210245,0.5899767778366758,0.14969765197383644,0.7396744298105122,,53.38242472069111,,,,,,137.52231135003058,3.149767818852115,147.09513709051924,0,0,0.6007132569909435,17.14347250464831,8.571736252324156
850,3,CP,2024,551.1986932287591,17.87422192247817,716.8745145868068,299.4673182146071,62.97357582495087,362.440894039558,149.73365910730354,31.486787912475435,181.220447019779,80.57244123291596,2.078483809429887,83.06666354079388,29.767549640209506,7.770058684223678,37.53760832443319,14.883774820104753,3.885029342111839,18.768804162216593,,31.000887521983607,,,,,,120.74934588670003,4.093055346623275,150.7230475407445,0.1428008035659806,0.0919775339531464,19.982707190553636,9.550173547393964,4.775086773696982
851,3,CP,2024,484.84180001095405,13.237819821486939,618.5760541003831,339.99933962721144,74.4242123113541,414.42355193856554,169.99966981360572,37.21210615567705,207.21177596928277,1.9421052983622586,0.0884066559996884,2.5742015966697664,0.9194726190013895,0.1930892499902918,1.1125618689916814,0.4597363095006948,0.0965446249951459,0.5562809344958407,,0,,,,,,198.29280221961073,3.077837539303389,135.06503508878762,1.081801705054642,0.4128796361228891,0.4054367514754882,0,0
852,3,CP,2024,332.61078466563094,10.35206534845603,414.648291146979,239.58843730542213,56.60542057958036,296.1938578850025,119.79421865271107,28.30271028979018,148.09692894250125,9.821159372536025,0.3238264616788701,12.278600574801027,5.674817491513757,1.3619561979633015,7.036773689477059,2.8374087457568784,0.6809780989816507,3.5183868447385294,,0,,,,,,33.81181230616009,6.0667489393839285,97.81944044635603,1.865658207068603,1.0008923785096875,2.325533188681305,0,0
853,3,CP,2024,393.40746148641523,11.639154958103058,490.2492071394913,262.8421694350195,62.040577395752535,324.8827468307721,131.42108471750976,31.020288697876268,162.44137341538604,6.622635159474164,0.21742266293605494,8.265391707979296,4.284501910844183,1.0282804586026038,5.312782369446786,2.1422509554220914,0.5141402293013019,2.656391184723393,,0,,,,,,57.40818489327904,7.765248442121934,114.63795322574686,1.19893702995951,0.6672885115129951,1.7557835834432776,0,0
854,3,CP,2024,515.5307343349762,13.818026774869384,666.1281085611885,256.8277899491928,53.933835889330474,310.76162583852323,128.4138949745964,26.966917944665237,155.38081291926161,173.4034735959701,4.160685050011554,179.54159688844706,48.963969724567654,12.625967728161275,61.589937452728925,24.481984862283827,6.312983864080637,30.794968726364463,,27.50520638703737,,,,,,113.44296941123427,12.341008917601068,139.88690279784956,0.7312195654196258,0.2590153695398737,35.454319326870106,7.5782308042959,3.78911540214795
855,3,CP,2024,603.3384810553238,19.56412461623101,773.596073680385,420.17813596549763,90.99157169236554,511.16970765786317,210.08906798274882,45.49578584618277,255.58485382893159,2.960159091817248,0.09891410100288223,3.6432636603762734,1.9392300032468333,0.440147895329661,2.379377898576494,0.9696150016234166,0.2200739476648305,1.189688949288247,,1.448123318931387,,,,,,174.36153343531865,6.610849483154017,167.15789483917632,0.8082025824994725,0.33287136641116,0.7923172475919362,0.6108546501506393,0.30542732507531967
856,3,CP,2024,467.5496905033864,13.638056618880766,587.75015936293,301.02696154542423,68.80229256818134,369.8292541136056,150.51348077271211,34.40114628409067,184.9146270568028,9.513589409291491,0.4731395702361953,11.578367906506571,5.425190173466727,1.3016142283685272,6.726804401835254,2.7125950867333635,0.6508071141842636,3.363402200917627,,11.731713654850935,,,,,,85.40318596528479,13.338375983399494,132.96667649748343,2.649045444460252,0.9775545840966384,2.304545871490037,4.043569718341944,2.021784859170972
857,3,CP,2024,491.95211552319654,14.629605696022791,640.3092089980447,342.6113910948319,71.94839212991471,414.55978322474664,171.30569554741595,35.974196064957354,207.27989161237332,2.2692357884177525,0.3188652181839634,2.672894809398442,0.936153716762253,0.23620203022672265,1.1723557469889756,0.4680768583811265,0.11810101511336132,0.5861778734944878,,23.83924911174122,,,,,,169.84467615236355,2.9703414356902846,134.4649338895894,0,0.3163883943806191,0.5041510118535423,10.061951149546996,5.030975574773498
858,3,CP,2024,460.97735582285503,13.711787376064146,576.443729970519,325.0253531371284,71.01534836984946,396.0407015069778,162.5126765685642,35.50767418492473,198.0203507534889,6.697884814073769,0.21419613121822179,8.254753980884617,3.6780603481450633,0.8102398082459928,4.488300156391056,1.8390301740725317,0.4051199041229964,2.244150078195528,,8.108531726605534,,,,,,84.14262014855194,9.385645903734163,125.76591040938361,0.6494484889064932,0.3069182511223224,1.477839169497576,3.211830010952193,1.6059150054760964
859,3,CP,2024,431.90376056971036,14.600774556702373,557.8393196583219,319.7083773987541,71.5780705194035,391.28644791815765,159.85418869937706,35.78903525970175,195.64322395907882,82.9039662020231,2.8528496625669217,105.77008435714934,44.692744098928316,9.391505545285394,54.084249644213706,22.346372049464158,4.695752772642697,27.042124822106853,,10.646866405716404,,,,,,167.21762468447133,14.2120177087346,124.72635823475119,28.984612267191928,0.4917448392746639,16.68709945987654,2.985728434421449,1.4928642172107245
860,3,CP,2024,360.18401256389967,11.51656543406794,457.1911457919333,257.2314487162618,56.95874187845907,314.1901905947209,128.6157243581309,28.479370939229536,157.09509529736044,20.919454436715565,0.6369780705722288,22.31790912427155,12.612678871020794,3.173895432240311,15.786574303261105,6.306339435510397,1.5869477161201555,7.8932871516305525,,48.169854724951456,,,,,,100.111128452779,13.258993242924529,101.03041049726303,2.1079307289892277,0.6721744794452225,5.617400238735025,26.180217212777467,13.090108606388734
861,3,CP,2024,609.6126182201417,16.034299786826196,780.3825489348444,291.0485137111107,61.120187879333244,352.1687015904439,145.52425685555534,30.560093939666622,176.08435079522195,1.1374752095453746,0.04299811876556353,1.4409209653496675,0.5146789495811324,0.10808257941203782,0.6227615289931702,0.2573394747905662,0.05404128970601891,0.3113807644965851,,75.25880216514909,,,,,,136.8244078732168,6.837241748534795,163.8803352763173,0.17462875895727603,0.09823911196702022,0.22694505204257262,16.483834802279937,8.241917401139968
862,3,CP,2024,289.71866463878894,9.263442411979227,366.0856841504876,205.37560678937254,43.13714186271055,248.5127486520831,102.68780339468627,21.568570931355275,124.25637432604155,0,0,0,0,0,0,0,0,0,,5.019481646879893,,,,,,90.79399114678459,1.3746809313249955,76.89210515508759,0,0,0,2.1185977331005055,1.0592988665502527
863,3,CP,2024,286.43962010574376,8.800966459033726,361.82131640583407,199.26110594687538,41.84483224884383,241.1059381957192,99.63055297343769,20.922416124421915,120.5529690978596,95.06944444444444,4.193285409987656,99.2627298544321,43.60015935592637,13.690990224294357,57.291149580220726,21.800079677963186,6.845495112147178,28.645574790110363,,201.64240635885156,,,,,,68.13068746791274,2.816507648982736,75.98247644522516,0,0,23.37729524644062,85.19457324371723,42.597286621858615
864,3,CP,2024,509.5141007548307,18.165422631250873,644.6207784271503,351.5659399824816,73.82884739632114,425.39478737880273,175.7829699912408,36.91442369816057,212.69739368940137,28.31611482944984,0.8015045017771861,34.91822641399821,16.70147020723433,3.507308743519209,20.208778950753533,8.350735103617165,1.7536543717596045,10.104389475376767,,67.99690596513801,,,,,,154.7481265148578,6.485293539994767,135.37036346970154,4.17759118764818,0.11282115611376992,6.235954302217722,29.805375444935287,14.902687722467643
865,3,CP,2024,457.2193495047586,14.32205441023819,582.3585607938193,315.7812632884207,66.31406529056834,382.09532857898904,157.89063164421034,33.15703264528417,191.04766428949452,19.813441436429997,0.5502042451540305,24.556715794799356,13.811516224322862,2.900418407107801,16.711934631430665,6.905758112161431,1.4502092035539005,8.355967315715333,,71.32318532948342,,,,,,104.9574696265162,5.185303646730534,122.29529776670205,3.439534455890893,0.05143377800769428,5.156910316907863,29.441184818657625,14.720592409328813
866,3,CP,2024,620.1669950886802,17.16896861796055,791.658256807326,406.9983060554963,85.46964427165422,492.4679503271505,203.49915302774815,42.73482213582711,246.23397516357525,4.233018603717361,0.1363519723559397,5.3088937883992156,2.0452381322225364,0.4295000077667326,2.474738139989269,1.0226190661112682,0.2147500038833663,1.2373690699946345,,58.19158605758882,,,,,,184.0816964068783,8.369869465166913,166.24823392953846,0,0.4125288476972247,0.8361507716728764,22.87025358970478,11.43512679485239
867,3,CP,2024,679.8078927835347,21.206529775796422,873.4661592161114,488.4580071183187,105.93342062937909,594.3914277476978,244.22900355915934,52.96671031468954,297.1957138738489,1.8649148007634309,0.15939879842084737,2.2128738841330167,0.7981456632833138,0.20162667051949265,0.9997723338028065,0.3990728316416569,0.10081333525974633,0.49988616690140325,,54.60757392922659,,,,,,259.8472084080998,2.7202336054856855,189.16036195483323,0,0.36556142332140185,0.4199524803013271,26.799006297968376,13.399503148984188
868,3,CP,2024,673.977218552923,21.601944460730575,874.8605009406813,470.19024102950294,102.09718975072778,572.2874307802307,235.09512051475147,51.04859487536389,286.14371539011535,44.91826900661941,2.2494706419510324,54.339326075181475,21.060443244788175,4.861867365053832,25.922310609842008,10.530221622394087,2.430933682526916,12.961155304921004,,87.14072075363781,,,,,,219.57863086576765,4.64617758935141,189.45317371699295,6.903147565498026,0.04510441086229542,8.550839022852212,29.413560873067325,14.706780436533663
869,3,CP,2024,424.27960827368474,11.453095228712263,534.5421613987621,296.02273952604907,62.164775300470296,358.18751482651936,148.01136976302453,31.082387650235148,179.09375741325968,15.987167490169146,0.4495920294593662,19.741457367454288,8.327440678573469,1.7487625425004283,10.076203221073897,4.163720339286734,0.8743812712502141,5.038101610536948,,139.71726147266935,,,,,,89.52659317045271,4.2524767221037685,112.25385389374004,2.4869269223315316,0.05440917200463075,3.1092795353740508,58.95545386830112,29.47772693415056
870,3,CP,2024,670.3823464201537,22.451400944553935,871.8844265923736,467.39130109611864,102.07624385043168,569.4675449465503,233.69565054805932,51.03812192521584,284.73377247327517,16.442408274897236,0.4616216006829472,20.312792035145797,11.424591916078926,2.3991643023765743,13.8237562184555,5.712295958039463,1.1995821511882871,6.91187810922775,,19.64917103033337,,,,,,274.9497397751181,6.8182758184586145,189.79605994433192,2.595814112840219,0.054016338791440355,4.265686327380617,8.292196211438483,4.146098105719242
871,3,CP,2024,988.2856480947842,34.51768169001189,1298.4336326148857,619.832204768371,130.18147662945634,750.0136813978273,309.9161023841855,65.09073831472817,375.00684069891366,58.052875657956534,2.1250513839181155,72.65274418594628,27.616191703686663,5.842359734226263,33.45855143791293,13.808095851843332,2.9211798671131315,16.729275718956465,,6.656753738610556,,,,,,196.21686400202046,10.250907836456404,272.70615708188075,5.404601175651778,3.036854797788551,11.524148285070929,2.56059904071851,1.280299520359255
872,3,CP,2024,980.6970059824545,30.324644079199306,1275.4876820777292,550.7907114778442,115.73451139015887,666.5252228680031,275.3953557389221,57.867255695079436,333.26261143400154,4.4371969745074775,0.14486805043267265,5.5965770082525745,2.156067377390401,0.4527741492519841,2.6088415266423852,1.0780336886952004,0.22638707462599206,1.3044207633211926,,10.719841894437799,,,,,,201.217476279203,4.760994073411448,267.9693117140075,0,0.5265874115090479,0.8814608787997804,2.771105910761729,1.3855529553808645
873,3,CP,2024,733.4898476610979,25.41804830967076,960.186832234223,461.0361550177328,96.8175925537239,557.8537475714568,230.5180775088664,48.40879627686195,278.9268737857284,20,1.4617734406326623,21.461773440632662,12.070817390850594,3.141222791134006,15.2120401819846,6.035408695425297,1.570611395567003,7.6060200909923,,49.3031852854538,,,,,,220.28357863554115,6.103794710088476,201.6392347691868,0,0,5.585057721192085,22.48789086378719,11.243945431893595
874,3,CP,2024,588.3800392073686,18.047497772533948,758.0254741988011,316.1295225355579,66.38719973246715,382.51672226802503,158.06476126777895,33.193599866233576,191.25836113401252,64.14253836517544,2.8495468029653956,76.42201115285914,29.102063274202845,6.48829894937458,35.59036222357742,14.551031637101422,3.24414947468729,17.79518111178871,,27.91610122283215,,,,,,123.52446904022935,3.9586820457196064,159.18534958174823,3.939517291655535,2.0819784449641308,12.758387244957,10.667366535676022,5.333683267838011
875,3,CP,2024,839.2224111963135,28.29081407057724,1119.085282979615,487.74234773007197,102.42589302331511,590.1682407533871,243.87117386503598,51.212946511657556,295.08412037669353,11.248976488072776,0.617435622214363,13.05914850098219,4.289883415132892,0.9938917406670796,5.2837751557999715,2.144941707566446,0.4969458703335398,2.6418875778999857,,40.86372916976756,,,,,,207.94171149954164,4.989047598205442,235.00790942571913,0.9870396738129261,0.8326731580592257,2.3143075978287673,10.563376078976033,5.281688039488016
876,3,CP,2024,1006.3342130771099,30.42656371549715,1302.9511397599981,566.4098634385406,118.94607132209352,685.3559347606341,283.2049317192703,59.47303566104676,342.67796738031706,141.95524691358025,3.4149836256437833,145.37023053922402,38.28893793423883,9.99589092668296,48.28482886092179,19.144468967119415,4.99794546334148,24.142414430460896,,22.409438435644606,,,,,,230.04386294002327,10.315187325938249,273.61973934959957,0,0,28.479416809487024,5.988887082296577,2.9944435411482884
877,3,CP,2024,786.1937223850637,27.59303501465577,1018.3983969720671,479.74222732978274,100.74586773925436,580.4880950690371,239.87111366489137,50.37293386962718,290.24404753451853,28.13797656669943,0.9434881298320617,31.838619029000117,13.799467596930677,3.2030710599416623,17.00253865687234,6.899733798465339,1.6015355299708312,8.50126932843617,,8.698151668864991,,,,,,134.11112635146893,9.447670607098681,213.86366336413408,1.0052235819880426,0.441709223930658,6.384846195803762,3.4453814219173937,1.7226907109586969
878,3,CP,2024,771.7297843494124,24.780646535881743,1009.6714950465445,500.2297111385053,105.21108416262707,605.4407953011324,250.11485556925265,52.60554208131354,302.7203976505662,36.57345797269017,1.3498091063671989,46.46734394164505,16.61234519028878,3.497589437653866,20.10993462794265,8.30617259514439,1.748794718826933,10.054967313971325,,12.28126977871973,,,,,,177.48327508688425,4.349330132697195,212.34804032160073,4.068940205509316,0.6493334036598764,7.336121931857642,4.864672443528218,2.432336221764109
879,3,CP,2024,626.6705438271766,16.709780020483965,808.1082394808711,305.75944250697546,64.20948292646484,369.9689254334403,152.87972125348773,32.10474146323242,184.98446271672015,29.61265458990583,0.7729999564478952,34.3386864955926,14.493501218882368,3.043635255965297,17.537136474847664,7.246750609441184,1.5218176279826485,8.768568237423832,,17.71535005235401,,,,,,160.2142877270652,5.5640606820268985,169.7027302909829,1.3014546545753742,1.7792446371909874,5.4083431230558325,4.911904962412175,2.4559524812060873
880,3,CP,2024,863.1384615521948,28.885441805155985,1123.5601261096917,508.6515115910686,106.9670826533957,615.6185942444644,254.3257557955343,53.48354132669785,307.8092971222322,26.525779495550395,1.3821887932881,32.2798952298023,12.852300452374227,2.826448616101703,15.67874906847593,6.426150226187113,1.4132243080508515,7.839374534237965,,26.03715922708189,,,,,,163.84615007863874,11.139551880845527,236.26314400855352,0.5016528343055691,1.3054879382139113,5.545146402394739,9.767609570692567,4.883804785346284
881,3,CP,2024,414.30465120057676,11.552037368491135,525.7789955631255,270.1285311657339,56.726991544804115,326.85552271053797,135.06426558286694,28.363495772402057,163.42776135526898,0,0,0,0,0,0,0,0,0,,57.92340997847898,,,,,,76.74161901165216,3.217061480475325,110.41358906825633,0,0,0,29.45444292851217,14.727221464256084
882,3,CP,2024,539.3870425391873,13.664007580133504,699.5935175426846,255.38802346056028,53.631484926717654,309.01950838727794,127.69401173028014,26.815742463358827,154.50975419363897,119.50804959783245,2.100684366134159,123.67076973428198,35.76687198981857,9.056903399829924,44.82377538964849,17.883435994909284,4.528451699914962,22.411887694824244,,46.706759052114386,,,,,,145.9989037336382,7.498213789257455,146.91463868396377,0.18866469820843196,1.822166391793075,24.253748358179287,18.80388361367946,9.40194180683973
883,3,CP,2024,520.757846967849,14.936449568458235,653.3866024363466,351.8533643840873,74.00706443182754,425.8604288159149,175.92668219204364,37.00353221591377,212.93021440795744,32.354114274013405,1.2486724520889045,38.922478747475985,16.4227655327581,3.4844283115433443,19.907193844301442,8.21138276637905,1.7422141557716722,9.953596922150721,,35.81339897218961,,,,,,98.15200991523604,4.459226054961133,137.41242828753022,3.112116246876082,1.118944458360551,6.19367133293568,13.309354175131322,6.654677087565661
884,3,CP,2024,846.6635445956498,21.26355337037389,1086.5053348338506,399.4955623026008,83.89406808354616,483.3896303861469,199.7477811513004,41.94703404177308,241.69481519307345,106.38886173902004,1.8934604189592215,110.86177934539813,30.828545408768726,7.857883365157467,38.686428773926195,15.414272704384363,3.9289416825787336,19.343214386963098,,56.13596242624815,,,,,,223.95370544945962,5.942201419910279,228.1661203151086,0.35212102926605277,1.5835897659319969,21.447481520050196,14.511286529924408,7.255643264962204
885,3,CP,2024,923.3020627203507,28.807790788846575,1186.486382556006,606.0030136512884,127.26063286677055,733.263646518059,303.0015068256442,63.630316433385275,366.6318232590295,60.77768716389977,1.6458235940211616,76.02379066244885,42.75831617480819,8.979246396709721,51.73756257151791,21.379158087404097,4.4896231983548605,25.868781285758956,,18.771382397285553,,,,,,193.00891984714076,6.284863958836838,249.16214033676124,12.931562430164242,0.09163873819929058,15.964996039114254,7.757641321372054,3.878820660686027
886,3,CP,2024,828.7237442735694,24.95138317248642,1044.1769238539966,524.8671213853704,111.12139010665604,635.9885114920265,262.4335606926852,55.56069505332802,317.99425574601327,26.82284644756095,0.8418715197151116,31.534564816466442,13.554279642890531,2.882386515779897,16.436666158670427,6.777139821445266,1.4411932578899485,8.218333079335213,,11.89681234736077,,,,,,151.08571604060378,13.99442434529058,220.81269493085048,1.156204059234876,1.5982146028421793,5.196544871854751,4.423606732497153,2.2118033662485765
887,3,CP,2024,754.8614344914383,26.495988206614193,978.378812912318,516.1299478670794,108.38728905208669,624.5172369191662,258.0649739335397,54.19364452604334,312.2586184595831,40.27530537497709,2.029308852816612,45.82835475687177,14.840693483737853,3.5338627132379856,18.37455619697584,7.420346741868927,1.7669313566189928,9.18727809848792,,35.318289557864965,,,,,,216.91908175461066,7.998754711704173,205.4595507115868,1.558175952965791,0.8845780885361989,8.403927918656755,10.787776977934396,5.393888488967198
888,3,CP,2024,524.3702014921553,13.948458656572885,680.3083236131123,261.03395646742257,54.817130858158734,315.8510873255813,130.51697823371128,27.408565429079367,157.92554366279066,210.14170868508393,5.018499738330497,216.35006144274965,57.50625957388573,15.003219066072718,72.509478639958445,28.753129786942864,7.501609533036359,36.25473931997922,,97.88354187103191,,,,,,124.18013602559586,3.546789848005597,142.86474795875358,2.083819644927245,1.112880635579432,42.75015499246558,23.657256189150903,11.828628094575452
889,3,CP,2024,519.907940279592,16.350154968062927,672.5866092638796,374.1073701572802,81.12641897437283,455.233789131653,187.0536850786401,40.56320948718641,227.6168945658265,55.94411051907873,2.1042841945991975,65.38666661601215,24.15858589077437,5.455975932503055,29.614561823277423,12.079292945387184,2.7279879662515274,14.807280911638712,,20.074674718003312,,,,,,168.0598498718096,5.815203585562391,145.62098487615833,7.105835059404262,0.04484589191528695,11.340973026992051,8.468000094634768,4.234000047317384
890,3,CP,2024,526.089210697732,15.010574114628463,672.2451838181546,367.68328356175425,77.21348954796838,444.89677310972263,183.84164178087713,38.60674477398419,222.44838655486132,62.09290873664919,1.484484328083947,65.16373725275197,18.208981254148494,4.7223968728697585,22.931378127018252,9.104490627074247,2.3611984364348793,11.465689063509126,,35.83192775136685,,,,,,125.28759649347103,3.701692387937586,141.17148860181246,1.7176055354052366,0.48217020963359075,12.870161323128366,13.226927298526318,6.613463649263159
111000,3,CA,2024,503.5309989229315,14.777345628443783,641.3980951769618,353.13122657685506,75.84363817532602,428.9748647521811,176.56561328842753,37.92181908766301,214.48743237609054,32.30357113854653,0.8193371570564281,36.17054371978326,12.385320474274883,2.9090203272259996,15.294340801500882,6.192660237137441,1.4545101636129998,7.647170400750441,,34.20555612244898,,,,,,154.60035328639168,4.5813386803870415,137.57257391190032,2.4853609843687448,0.14426575060001745,6.66359198166827,13.713957084343734,6.856978542171867
171200,3,CA,2024,212.11162447702867,8.936845481238192,301.15165822137135,165.8459369574657,34.85426649425673,200.70020345172242,82.92296847873286,17.427133247128364,100.35010172586121,2.9517546839252105,0.19373898142611418,4.6579096605441235,1.8846033571140677,0.42612063337334477,2.3107239904874124,0.9423016785570338,0.21306031668667239,1.1553619952437062,,19.514954,,,,,,51.92392761430313,8.975437796890926,63.29262760694009,1.1269014800984025,0.7365309725667935,0.8123717559000353,3.902956886366008,1.951478443183004
171100,3,CA,2025,247.4775102819957,12.021125421290659,375.21761518458976,167.33439171985535,35.15249053583646,202.48688225569182,83.66719585992767,17.57624526791823,101.24344112784591,18.40909457436467,1.3599856005577176,22.10857126308951,6.741852810618313,1.8975863067010612,8.639439117319373,3.3709264053091563,0.9487931533505306,4.319719558659687,,43.758952,,,,,,31.228098698354845,6.644745523432872,78.81903707915004,0.25332617265038976,0.23984462524088207,5.0144796867937975,10.478062004676923,5.239031002338462
