plot_id,period,year,MaxTreeNumberSpeciesID,MaxTreeNumberSpeciesName,MaxTreeNumber,Perc_MaxTreeNumber,MaxBasalAreaSpeciesID,MaxBasalAreaSpeciesName,MaxBasalArea,Perc_MaxBasalArea
11000,0,1986,7,Beuk,49.5,94.5,7,Beuk,27.2,95.8
200,1,2000,57,Ruwe berk,230.8,53.7,26,Grove den,17.7,65.8
204,1,2000,26,Grove den,413.8,96.3,26,Grove den,30,99
205,1,2000,26,Grove den,509.3,71.9,26,Grove den,29.4,76.2
206,1,2000,26,Grove den,421.8,85.5,26,Grove den,31.6,94.3
207,1,2000,26,Grove den,413.8,85.2,26,Grove den,35.9,92.8
209,1,2000,26,Grove den,63.7,100,26,Grove den,3.9,100
210,1,2000,26,Grove den,143.2,100,26,Grove den,7.6,100
211,1,2000,26,Grove den,294.4,82.2,26,Grove den,11,91.7
212,1,2000,26,Grove den,302.4,100,26,Grove den,11.2,100
213,1,2000,26,Grove den,509.3,95.5,26,Grove den,20.5,98.6
214,1,2000,26,Grove den,716.2,96.8,26,Grove den,35,98.9
215,1,2000,26,Grove den,509.3,94.1,26,Grove den,32.1,98.8
216,1,2000,26,Grove den,676.4,98.8,26,Grove den,39.4,99
217,1,2000,26,Grove den,421.8,50.5,26,Grove den,13.1,56
218,1,2000,26,Grove den,748,97.9,26,Grove den,37.4,96.9
219,1,2000,26,Grove den,493.4,59,26,Grove den,16,65.6
220,1,2000,26,Grove den,374,79.7,26,Grove den,26.1,75.9
221,1,2000,26,Grove den,501.3,61.2,26,Grove den,20.9,67.4
223,1,2000,26,Grove den,628.7,91.9,26,Grove den,36.8,96.8
224,1,2000,26,Grove den,493.4,74.7,26,Grove den,33,83.3
225,1,2000,26,Grove den,214.9,34.6,26,Grove den,21,54.5
226,1,2000,57,Ruwe berk,302.4,44.2,26,Grove den,16.9,45.7
227,1,2000,26,Grove den,206.9,38.8,26,Grove den,16,49.1
228,1,2000,26,Grove den,374,65.3,26,Grove den,30.2,75.9
229,1,2000,26,Grove den,1042.5,87.9,26,Grove den,28.1,88.9
2001,1,2000,7,Beuk,224.4,78.9,7,Beuk,24.7,70.4
2002,1,2000,7,Beuk,181.6,98.1,7,Beuk,22.4,97
2003,1,2000,7,Beuk,152.9,79.7,7,Beuk,19.6,70
2004,1,2000,7,Beuk,74.3,65.6,7,Beuk,22.2,68.1
2005,1,2000,7,Beuk,228.3,72.9,7,Beuk,18.2,48.7
2006,1,2000,7,Beuk,156.4,97.8,7,Beuk,28,94.9
2007,1,2000,7,Beuk,292,93.2,7,Beuk,27,87.9
2008,1,2000,7,Beuk,288.4,95.3,7,Beuk,27.2,84.2
2009,1,2000,7,Beuk,284.9,95.3,7,Beuk,27.8,88.8
2010,1,2000,7,Beuk,320.7,89.2,7,Beuk,29.2,79.1
2011,1,2000,7,Beuk,74.3,70,7,Beuk,22.5,80.6
2012,1,2000,7,Beuk,156.4,89.8,7,Beuk,29.4,88
2013,1,2000,7,Beuk,145.8,74.7,7,Beuk,19.3,63.1
2016,1,2000,7,Beuk,81.7,62.2,7,Beuk,15.9,65.2
2017,1,2000,7,Beuk,184.7,91.3,7,Beuk,29.2,89.8
2018,1,2000,7,Beuk,123.8,85.4,7,Beuk,33.4,87.4
2019,1,2000,7,Beuk,167.4,62.7,7,Beuk,16.5,57.3
2020,1,2000,7,Beuk,92.3,70.3,7,Beuk,17.4,66.9
2021,1,2000,7,Beuk,134.8,88.4,7,Beuk,31.9,90.4
2022,1,2000,7,Beuk,92.3,70.3,7,Beuk,19.3,65.6
2023,1,2000,7,Beuk,95.5,93.1,7,Beuk,32.9,95.6
2024,1,2000,7,Beuk,109.6,88.5,7,Beuk,33,92.2
2025,1,2000,7,Beuk,95.9,60.1,7,Beuk,19.7,66.1
2026,1,2000,7,Beuk,149.3,70,7,Beuk,24,78.7
2027,1,2000,7,Beuk,110,83.8,7,Beuk,19,83
2028,1,2000,87,Zomereik,70.7,68.9,87,Zomereik,17.7,70
2029,1,2000,7,Beuk,167.4,70.3,7,Beuk,16.1,58.3
2030,1,2000,16,Esdoorn (gewone),278.6,60.1,87,Zomereik,12.8,52.9
2031,1,2000,7,Beuk,156.4,78.7,7,Beuk,25.8,80.1
2032,1,2000,7,Beuk,264.1,84.2,7,Beuk,11.7,53.9
2033,1,2000,7,Beuk,170.6,85.8,7,Beuk,28.4,83.5
2034,1,2000,7,Beuk,406.7,100,7,Beuk,34.3,100
2035,1,2000,7,Beuk,371.4,88.2,7,Beuk,15.6,84.8
2036,1,2000,27,Haagbeuk,82.1,49,7,Beuk,14.8,73.6
2037,1,2000,7,Beuk,506.9,98,7,Beuk,31.2,87.2
2038,1,2000,7,Beuk,735.6,95.8,87,Zomereik,15.6,52.3
2039,1,2000,7,Beuk,31.8,100,7,Beuk,16.1,100
2040,1,2000,7,Beuk,824.9,98.3,7,Beuk,28.1,88.4
2041,1,2000,7,Beuk,960.8,100,7,Beuk,26.7,100
2042,1,2000,7,Beuk,524.6,92.4,7,Beuk,33.9,98
2043,1,2000,7,Beuk,264.1,98.7,7,Beuk,19.5,97.5
2044,1,2000,7,Beuk,663.7,98.9,7,Beuk,38,97.9
2048,1,2000,87,Zomereik,1382.5,77.4,87,Zomereik,15.7,66.8
2056,1,2000,7,Beuk,63.7,100,7,Beuk,35.6,100
2057,1,2000,7,Beuk,267.6,100,7,Beuk,23.9,100
2058,1,2000,7,Beuk,42.4,100,7,Beuk,30.7,100
2059,1,2000,87,Zomereik,864.5,97.6,7,Beuk,11.3,67.3
2060,1,2000,7,Beuk,63.7,100,7,Beuk,34.1,100
2061,1,2000,7,Beuk,42.4,100,7,Beuk,25,100
2062,1,2000,7,Beuk,56.6,56.9,7,Beuk,34.5,95
2063,1,2000,7,Beuk,196.1,71.4,7,Beuk,23.4,98.3
2064,1,2000,7,Beuk,53.1,100,7,Beuk,30.7,100
2065,1,2000,87,Zomereik,903.8,76.9,7,Beuk,23.3,75.2
11000,1,2000,7,Beuk,50.4,94.9,7,Beuk,27.6,95.5
31000,1,2001,83,Witte els (grauwe),670,53.2,83,Witte els (grauwe),17.4,71.9
41000,1,2001,87,Zomereik,102,19.9,87,Zomereik,11.7,39
43000,1,2001,28,Hazelaar,290,43.9,87,Zomereik,6.9,27.2
51000,1,2001,14,Es (gewone),322.4,31,51,Populier species,9.8,32.2
53000,1,2001,86,Zachte berk,690,36.7,89,Zwarte els,7.7,28.1
101,1,2002,28,Hazelaar,157.2,38.1,87,Zomereik,32.8,82.2
102,1,2002,16,Esdoorn (gewone),442.1,78.9,87,Zomereik,10,33.9
103,1,2002,16,Esdoorn (gewone),393,49.4,87,Zomereik,18.9,61.8
104,1,2002,28,Hazelaar,196.5,46.5,87,Zomereik,24.8,77.7
105,1,2002,87,Zomereik,343.9,68.6,87,Zomereik,27.3,95.5
106,1,2002,16,Esdoorn (gewone),206.3,35.6,87,Zomereik,11,50.5
107,1,2002,16,Esdoorn (gewone),432.3,75.9,87,Zomereik,23.5,87.4
108,1,2002,28,Hazelaar,314.4,76.2,87,Zomereik,19.8,70.5
109,1,2002,87,Zomereik,275.1,50.9,87,Zomereik,12.5,49.8
110,1,2002,16,Esdoorn (gewone),284.9,61.7,87,Zomereik,24.2,69.9
111,1,2002,7,Beuk,707.4,98.6,7,Beuk,25,76.9
112,1,2002,16,Esdoorn (gewone),756.5,81.9,87,Zomereik,17.1,51.5
113,1,2002,16,Esdoorn (gewone),677.9,43.7,87,Zomereik,24.5,71.6
114,1,2002,87,Zomereik,1856.8,97.4,87,Zomereik,18.3,81.7
115,1,2002,87,Zomereik,510.9,57.8,87,Zomereik,21.6,61.4
116,1,2002,9,Boskers,786,72.1,87,Zomereik,14.5,56
117,1,2002,16,Esdoorn (gewone),363.5,52.1,87,Zomereik,20.9,72.8
118,1,2002,16,Esdoorn (gewone),275.1,47.5,87,Zomereik,27.3,75
119,1,2002,16,Esdoorn (gewone),363.5,64.9,16,Esdoorn (gewone),19.6,53.3
120,1,2002,87,Zomereik,451.9,52.9,87,Zomereik,22.8,68.9
121,1,2002,87,Zomereik,284.9,50,87,Zomereik,26.9,83.8
122,1,2002,4,Amerikaanse vogelkers,353.7,64.3,87,Zomereik,17.8,51.3
123,1,2002,28,Hazelaar,275.1,46.7,87,Zomereik,18.1,56
124,1,2002,16,Esdoorn (gewone),432.3,68.8,87,Zomereik,27.8,71.3
125,1,2002,7,Beuk,324.2,38.8,87,Zomereik,18.3,64
126,1,2002,7,Beuk,1208.4,100,7,Beuk,42.7,100
127,1,2002,16,Esdoorn (gewone),314.4,42.1,87,Zomereik,24.4,74.8
128,1,2002,87,Zomereik,432.3,50,87,Zomereik,27.8,83.5
129,1,2002,7,Beuk,451.9,83.6,7,Beuk,19,70.6
130,1,2002,7,Beuk,373.3,88.4,7,Beuk,21.2,91.8
131,1,2002,87,Zomereik,383.2,45.9,87,Zomereik,23.3,66.4
132,1,2002,16,Esdoorn (gewone),157.2,51.6,7,Beuk,11.1,35.4
133,1,2002,7,Beuk,569.8,100,7,Beuk,37.9,100
134,1,2002,87,Zomereik,324.2,47.8,87,Zomereik,17.7,86.8
135,1,2002,7,Beuk,707.4,90,7,Beuk,24.3,52.9
136,1,2002,16,Esdoorn (gewone),245.6,43.9,87,Zomereik,21.8,59.6
137,1,2002,87,Zomereik,422.4,49.4,87,Zomereik,26.1,82.9
138,1,2002,16,Esdoorn (gewone),589.5,76.9,87,Zomereik,31.7,77.7
139,1,2002,16,Esdoorn (gewone),245.6,42.4,16,Esdoorn (gewone),9.9,51.8
140,1,2002,87,Zomereik,226,39,87,Zomereik,38.3,93.9
141,1,2002,27,Haagbeuk,510.9,51,87,Zomereik,22.6,73.1
142,1,2002,87,Zomereik,560,58.2,87,Zomereik,27.3,72.8
143,1,2002,7,Beuk,442.1,95.8,7,Beuk,29.3,91.3
144,1,2002,16,Esdoorn (gewone),353.7,52.2,87,Zomereik,13.5,56.7
145,1,2002,87,Zomereik,432.3,49.4,87,Zomereik,22.5,76
146,1,2002,16,Esdoorn (gewone),481.4,55.7,16,Esdoorn (gewone),13.1,48.2
147,1,2002,87,Zomereik,923.5,85.5,87,Zomereik,14.1,81
148,1,2002,7,Beuk,540.3,100,7,Beuk,26.9,100
401,1,2002,86,Zachte berk,157.2,41,7,Beuk,10.7,46.1
402,1,2002,64,Tamme kastanje,275.1,38.9,64,Tamme kastanje,17.5,49.2
403,1,2002,16,Esdoorn (gewone),275.1,68.3,7,Beuk,14,76.1
404,1,2002,16,Esdoorn (gewone),825.2,76.4,7,Beuk,13.2,42.7
405,1,2002,7,Beuk,255.4,100,7,Beuk,26.8,100
406,1,2002,16,Esdoorn (gewone),275.1,65.1,7,Beuk,19.7,54.6
407,1,2002,16,Esdoorn (gewone),235.8,40,87,Zomereik,14.9,38.2
408,1,2002,57,Ruwe berk,943.1,91.4,7,Beuk,10.5,59.3
409,1,2002,83,Witte els (grauwe),275.1,58.3,51,Populier species,14.6,45.9
410,1,2002,7,Beuk,127.7,46.4,7,Beuk,17,60.7
411,1,2002,83,Witte els (grauwe),157.2,36.4,51,Populier species,28.8,77.2
412,1,2002,83,Witte els (grauwe),393,57.1,51,Populier species,21.2,59.9
413,1,2002,64,Tamme kastanje,157.2,30.8,87,Zomereik,12.6,46.8
414,1,2002,16,Esdoorn (gewone),117.9,42.9,51,Populier species,30.4,84.9
415,1,2002,16,Esdoorn (gewone),432.3,61.1,16,Esdoorn (gewone),6.7,30.6
416,1,2002,87,Zomereik,157.2,38.1,51,Populier species,17.6,50.6
417,1,2002,83,Witte els (grauwe),235.8,49,51,Populier species,19.2,58.4
418,1,2002,16,Esdoorn (gewone),314.4,35.6,7,Beuk,13.4,41.9
419,1,2002,89,Zwarte els,353.7,45,87,Zomereik,7,30.7
420,1,2002,16,Esdoorn (gewone),1414.7,91.1,51,Populier species,18.5,45.3
421,1,2002,16,Esdoorn (gewone),275.1,68.3,87,Zomereik,20.3,74.6
422,1,2002,16,Esdoorn (gewone),157.2,53.3,51,Populier species,13.2,72.1
423,1,2002,16,Esdoorn (gewone),235.8,51.1,51,Populier species,14.5,47.9
425,1,2002,57,Ruwe berk,2632.9,100,57,Ruwe berk,19.3,100
427,1,2002,64,Tamme kastanje,324.2,80.5,64,Tamme kastanje,8.6,35.7
428,1,2002,27,Haagbeuk,117.9,48,64,Tamme kastanje,8.6,42.8
429,1,2002,27,Haagbeuk,117.9,33.3,87,Zomereik,6,45.5
430,1,2002,16,Esdoorn (gewone),78.6,24.2,87,Zomereik,11.5,38.9
431,1,2002,16,Esdoorn (gewone),1650.5,77.1,16,Esdoorn (gewone),20,53.2
432,1,2002,16,Esdoorn (gewone),471.6,88.9,87,Zomereik,8.7,38.2
433,1,2002,89,Zwarte els,78.6,38.1,87,Zomereik,11.2,58.3
434,1,2002,16,Esdoorn (gewone),117.9,66.7,7,Beuk,13.8,55.9
435,1,2002,16,Esdoorn (gewone),353.7,58.1,51,Populier species,15,39.9
436,1,2002,89,Zwarte els,157.2,43.2,87,Zomereik,4,31
437,1,2002,87,Zomereik,49.1,45.4,7,Beuk,4.8,68.6
438,1,2002,16,Esdoorn (gewone),353.7,55.4,7,Beuk,6.2,53.9
439,1,2002,7,Beuk,88.4,64.3,7,Beuk,16.8,71.2
440,1,2002,7,Beuk,29.5,100,7,Beuk,19.1,100
441,1,2002,7,Beuk,39.3,26.7,7,Beuk,9.4,47
442,1,2002,87,Zomereik,117.9,40,87,Zomereik,12.8,63.4
443,1,2002,16,Esdoorn (gewone),432.3,47.3,51,Populier species,13.2,36.4
444,1,2002,87,Zomereik,324.2,44.6,87,Zomereik,19,54.4
445,1,2002,16,Esdoorn (gewone),275.1,40,87,Zomereik,12.6,58.9
446,1,2002,83,Witte els (grauwe),157.2,45.7,87,Zomereik,11.6,38.8
447,1,2002,83,Witte els (grauwe),628.8,78.1,51,Populier species,17.3,48.6
448,1,2002,16,Esdoorn (gewone),196.5,66.7,7,Beuk,14.3,63.3
449,1,2002,16,Esdoorn (gewone),1532.6,92.9,16,Esdoorn (gewone),19,52.8
450,1,2002,83,Witte els (grauwe),235.8,55.8,87,Zomereik,9.1,50.3
451,1,2002,89,Zwarte els,235.8,55.8,87,Zomereik,4.2,33.3
452,1,2002,89,Zwarte els,196.5,40.8,87,Zomereik,11,36.1
453,1,2002,7,Beuk,19.6,39.9,7,Beuk,8.8,66.7
454,1,2002,16,Esdoorn (gewone),353.7,67.9,14,Es (gewone),14.1,41.5
455,1,2002,7,Beuk,176.8,45,7,Beuk,21.2,50
456,1,2002,7,Beuk,108.1,91.7,7,Beuk,37.2,94.7
457,1,2002,7,Beuk,176.8,72,7,Beuk,26.9,63.3
458,1,2002,7,Beuk,88.4,64.3,7,Beuk,11.7,82.4
459,1,2002,87,Zomereik,58.9,54.5,7,Beuk,22.8,79.7
460,1,2002,16,Esdoorn (gewone),471.6,72.7,7,Beuk,11.9,71.3
461,1,2002,64,Tamme kastanje,235.8,52.2,87,Zomereik,23.1,76
462,1,2002,7,Beuk,98.2,83.3,87,Zomereik,10,52.6
463,1,2002,7,Beuk,245.6,96.2,7,Beuk,23,84.2
464,1,2002,87,Zomereik,88.4,64.3,87,Zomereik,11.3,68.1
465,1,2002,7,Beuk,284.9,100,7,Beuk,34,100
466,1,2002,32,Japanse lork,98.2,40,32,Japanse lork,15,56
467,1,2002,16,Esdoorn (gewone),157.2,53.3,7,Beuk,14.8,62.4
468,1,2002,16,Esdoorn (gewone),707.4,94.7,16,Esdoorn (gewone),17.7,69.7
469,1,2002,16,Esdoorn (gewone),196.5,74.1,87,Zomereik,8.1,86.2
470,1,2002,16,Esdoorn (gewone),196.5,51.3,7,Beuk,21.2,78.2
471,1,2002,87,Zomereik,176.8,52.9,87,Zomereik,23.4,84.2
472,1,2002,7,Beuk,98.2,28.6,7,Beuk,14.4,56
473,1,2002,83,Witte els (grauwe),275.1,40,51,Populier species,26.2,65.3
474,1,2002,64,Tamme kastanje,510.9,85.2,64,Tamme kastanje,11,50.2
476,1,2002,16,Esdoorn (gewone),628.8,75.3,51,Populier species,27.2,72.5
477,1,2002,64,Tamme kastanje,432.3,86.3,64,Tamme kastanje,12.7,47.4
478,1,2002,16,Esdoorn (gewone),353.7,81.8,87,Zomereik,13.4,87
479,1,2002,16,Esdoorn (gewone),510.9,48.2,51,Populier species,24.2,64.4
480,1,2002,16,Esdoorn (gewone),589.5,56.1,51,Populier species,31.9,77.2
481,1,2002,16,Esdoorn (gewone),786,96.4,87,Zomereik,23.7,58.7
483,1,2002,16,Esdoorn (gewone),707.4,77.4,51,Populier species,21.7,54.2
484,1,2002,16,Esdoorn (gewone),235.8,64.9,87,Zomereik,5.1,38.6
485,1,2002,16,Esdoorn (gewone),235.8,42.1,16,Esdoorn (gewone),12.7,35.7
486,1,2002,16,Esdoorn (gewone),235.8,39.3,51,Populier species,13.5,40.1
487,1,2002,87,Zomereik,58.9,54.5,87,Zomereik,8.6,68.3
488,1,2002,87,Zomereik,127.7,44.8,7,Beuk,17.8,55.5
489,1,2002,83,Witte els (grauwe),903.8,83.6,51,Populier species,18.1,65.1
490,1,2002,16,Esdoorn (gewone),903.8,76,51,Populier species,29.9,69.7
491,1,2002,83,Witte els (grauwe),353.7,54.5,51,Populier species,23.3,64.9
492,1,2002,16,Esdoorn (gewone),903.8,91.1,16,Esdoorn (gewone),31.4,58.8
493,1,2002,16,Esdoorn (gewone),589.5,78.9,51,Populier species,23,57.8
494,1,2002,7,Beuk,137.5,33.3,7,Beuk,23.7,58.7
495,1,2002,16,Esdoorn (gewone),589.5,76.9,51,Populier species,25.8,51.2
496,1,2002,86,Zachte berk,353.7,46.8,64,Tamme kastanje,12.5,52.1
497,1,2002,64,Tamme kastanje,157.2,50,7,Beuk,13.3,61.6
498,1,2002,16,Esdoorn (gewone),589.5,81.1,87,Zomereik,14.2,47
499,1,2002,64,Tamme kastanje,117.9,21.8,87,Zomereik,14.3,42.6
500,1,2002,23,Gladde iep,314.4,47.1,51,Populier species,31.1,64.7
501,1,2002,7,Beuk,137.5,63.6,7,Beuk,11.7,33.2
502,1,2002,16,Esdoorn (gewone),117.9,36.4,87,Zomereik,15.1,64.8
503,1,2002,87,Zomereik,98.2,32.2,87,Zomereik,14,66.7
504,1,2002,16,Esdoorn (gewone),432.3,56.4,51,Populier species,14.9,47.2
505,1,2002,83,Witte els (grauwe),275.1,44.4,51,Populier species,28,74.1
506,1,2002,83,Witte els (grauwe),471.6,60.8,51,Populier species,41.4,82.1
507,1,2002,16,Esdoorn (gewone),235.8,34.8,51,Populier species,31.5,69.2
508,1,2002,16,Esdoorn (gewone),275.1,54.9,51,Populier species,19.8,54
509,1,2002,16,Esdoorn (gewone),707.4,93.5,16,Esdoorn (gewone),9.3,51.4
510,1,2002,16,Esdoorn (gewone),353.7,56.3,64,Tamme kastanje,16.6,44.7
511,1,2002,7,Beuk,186.7,47.5,7,Beuk,14.8,48.7
512,1,2002,16,Esdoorn (gewone),746.7,81.7,16,Esdoorn (gewone),18.3,49.6
513,1,2002,16,Esdoorn (gewone),235.8,57.1,7,Beuk,12.8,40.1
514,1,2002,16,Esdoorn (gewone),1100.3,86.1,51,Populier species,39.6,74.2
515,1,2002,7,Beuk,29.5,50.1,7,Beuk,11.3,55.9
516,1,2002,64,Tamme kastanje,235.8,66.7,87,Zomereik,13.3,55.4
517,1,2002,83,Witte els (grauwe),589.5,53.1,51,Populier species,8.3,27.1
518,1,2002,16,Esdoorn (gewone),707.4,90,16,Esdoorn (gewone),16.7,57.8
519,1,2002,16,Esdoorn (gewone),78.6,36.4,7,Beuk,20.7,87.3
520,1,2002,83,Witte els (grauwe),1454,91.9,83,Witte els (grauwe),12.8,65.3
521,1,2002,16,Esdoorn (gewone),432.3,83,51,Populier species,8.7,38.8
522,1,2002,16,Esdoorn (gewone),903.8,70.8,16,Esdoorn (gewone),10.5,43
523,1,2002,16,Esdoorn (gewone),78.6,33.3,87,Zomereik,4.5,34.4
71000,1,2002,16,Esdoorn (gewone),430.6,63.9,87,Zomereik,11.2,36.7
81000,1,2002,16,Esdoorn (gewone),254.1,52.3,87,Zomereik,18.8,63.7
701,1,2003,4,Amerikaanse vogelkers,628.8,80,4,Amerikaanse vogelkers,24.1,93.8
702,1,2003,83,Witte els (grauwe),786,51.9,51,Populier species,10.6,42.7
703,1,2003,83,Witte els (grauwe),1650.5,56,83,Witte els (grauwe),17.8,59.7
704,1,2003,86,Zachte berk,117.9,66.7,87,Zomereik,14,97.9
705,1,2003,87,Zomereik,88.4,52.9,87,Zomereik,22.7,88
706,1,2003,11,Corsicaanse den,1031.6,81.4,11,Corsicaanse den,41.3,94.7
707,1,2003,86,Zachte berk,432.3,42.3,89,Zwarte els,8.9,46.1
708,1,2003,77,Wilg breedbladige species,903.8,63.9,51,Populier species,6.8,32.9
709,1,2003,57,Ruwe berk,471.6,40,4,Amerikaanse vogelkers,14.1,55.3
710,1,2003,86,Zachte berk,1454,64.6,86,Zachte berk,7,27.6
711,1,2003,83,Witte els (grauwe),275.1,27.7,51,Populier species,23.9,66.9
712,1,2003,83,Witte els (grauwe),353.7,35.3,51,Populier species,27.8,69
713,1,2003,24,Grauwe abeel,471.6,33.3,24,Grauwe abeel,8.2,30.4
714,1,2003,57,Ruwe berk,432.3,26.7,87,Zomereik,5.4,30
715,1,2003,57,Ruwe berk,589.5,25.4,89,Zwarte els,6.2,32.6
716,1,2003,14,Es (gewone),314.4,23.9,51,Populier species,11,39.3
717,1,2003,89,Zwarte els,471.6,21.1,89,Zwarte els,7.1,29.1
718,1,2003,23,Gladde iep,746.7,63.9,51,Populier species,19.9,63.8
719,1,2003,83,Witte els (grauwe),982.4,65.4,83,Witte els (grauwe),14.9,50.5
720,1,2003,86,Zachte berk,943.1,68.6,86,Zachte berk,10.2,64.6
721,1,2003,86,Zachte berk,903.8,46.9,89,Zwarte els,15.9,52.1
722,1,2003,83,Witte els (grauwe),707.4,51.4,83,Witte els (grauwe),9.2,38.8
723,1,2003,86,Zachte berk,1454,59.7,86,Zachte berk,10.2,41.8
724,1,2003,28,Hazelaar,157.2,30.8,51,Populier species,22,68.5
725,1,2003,83,Witte els (grauwe),1454,88.1,83,Witte els (grauwe),18.6,81.2
726,1,2003,83,Witte els (grauwe),1689.8,87.8,83,Witte els (grauwe),22.1,83.4
727,1,2003,86,Zachte berk,786,46.5,57,Ruwe berk,4,25
728,1,2003,86,Zachte berk,589.5,43.8,89,Zwarte els,11.6,45.7
729,1,2003,89,Zwarte els,275.1,43.8,51,Populier species,11.8,53.6
730,1,2003,77,Wilg breedbladige species,157.2,36.4,51,Populier species,18,77.6
731,1,2003,86,Zachte berk,1336.1,47.2,86,Zachte berk,9,34.7
732,1,2003,87,Zomereik,353.7,54.5,51,Populier species,9.7,43.9
733,1,2003,89,Zwarte els,471.6,27.9,89,Zwarte els,12.8,54.9
734,1,2003,87,Zomereik,235.8,42.9,51,Populier species,9.5,41.7
735,1,2003,89,Zwarte els,471.6,28.1,89,Zwarte els,7.5,32.3
736,1,2003,87,Zomereik,550.2,37.8,89,Zwarte els,8.6,32.6
737,1,2003,89,Zwarte els,275.1,30.1,78,Wilg smalbladige species,10.9,39.9
738,1,2003,86,Zachte berk,707.4,54.5,57,Ruwe berk,10.4,44.6
739,1,2003,4,Amerikaanse vogelkers,707.4,75,4,Amerikaanse vogelkers,24,88.9
740,1,2003,89,Zwarte els,235.8,29.6,3,Amerikaanse eik,12.4,49.4
741,1,2003,51,Populier species,451.9,100,51,Populier species,7.1,100
742,1,2003,89,Zwarte els,235.8,35.8,51,Populier species,18.5,50.1
743,1,2003,51,Populier species,58.9,60,51,Populier species,4,97.6
744,1,2003,57,Ruwe berk,157.2,57.1,77,Wilg breedbladige species,5.2,48.6
745,1,2003,28,Hazelaar,314.4,71.1,51,Populier species,7.3,52.5
746,1,2003,86,Zachte berk,1100.3,55.2,86,Zachte berk,7.5,32.3
747,1,2003,87,Zomereik,432.3,29.7,57,Ruwe berk,8.3,26.9
748,1,2003,83,Witte els (grauwe),1768.4,73.8,83,Witte els (grauwe),11.1,35.9
749,1,2003,28,Hazelaar,275.1,28.9,51,Populier species,6.2,39.2
750,1,2003,24,Grauwe abeel,412.6,26.6,24,Grauwe abeel,22.5,61.6
751,1,2003,57,Ruwe berk,628.8,29.6,57,Ruwe berk,7.3,29.6
752,1,2003,86,Zachte berk,314.4,18.2,78,Wilg smalbladige species,7,22.2
753,1,2003,86,Zachte berk,943.1,38.1,87,Zomereik,8.6,38.4
754,1,2003,83,Witte els (grauwe),196.5,74.1,83,Witte els (grauwe),11.5,55.8
755,1,2003,28,Hazelaar,314.4,47.8,51,Populier species,5.7,35
756,1,2003,87,Zomereik,353.7,60,51,Populier species,11.8,47.6
757,1,2003,87,Zomereik,117.9,30.8,78,Wilg smalbladige species,4.8,31.4
758,1,2003,89,Zwarte els,117.9,37.5,78,Wilg smalbladige species,4.5,36.3
759,1,2003,86,Zachte berk,628.8,53.3,86,Zachte berk,12.1,50.8
760,1,2003,57,Ruwe berk,1414.7,62.1,57,Ruwe berk,12.3,64.1
761,1,2003,28,Hazelaar,235.8,32,51,Populier species,15.1,53.9
762,1,2003,16,Esdoorn (gewone),864.5,69.8,16,Esdoorn (gewone),15.2,43.6
763,1,2003,57,Ruwe berk,746.7,30.2,89,Zwarte els,5.8,26.6
764,1,2003,28,Hazelaar,314.4,47.1,51,Populier species,9.1,55.8
765,1,2003,89,Zwarte els,235.8,51.1,51,Populier species,10.6,48.6
766,1,2003,83,Witte els (grauwe),707.4,49.3,51,Populier species,21.6,56.8
767,1,2003,14,Es (gewone),510.9,59.8,51,Populier species,18,50.1
768,1,2003,89,Zwarte els,471.6,61.5,89,Zwarte els,15.4,57.2
61000,1,2003,26,Grove den,550,54.5,26,Grove den,24.2,67.6
91000,1,2003,83,Witte els (grauwe),1222.4,73.7,83,Witte els (grauwe),17.8,54.1
801,1,2004,7,Beuk,275.1,96.6,7,Beuk,37.9,96.9
802,1,2004,7,Beuk,324.2,100,7,Beuk,32.7,100
803,1,2004,7,Beuk,206.3,80.8,7,Beuk,29.4,87.5
804,1,2004,7,Beuk,304.6,94,7,Beuk,33.9,90.4
805,1,2004,87,Zomereik,353.7,50,87,Zomereik,30.8,93.3
806,1,2004,7,Beuk,255.4,100,7,Beuk,30.9,100
807,1,2004,16,Esdoorn (gewone),216.1,37.9,87,Zomereik,19.9,65.7
808,1,2004,16,Esdoorn (gewone),432.3,48.4,87,Zomereik,26.5,81
809,1,2004,87,Zomereik,304.6,48.4,87,Zomereik,25.9,85.2
810,1,2004,87,Zomereik,314.4,53.3,87,Zomereik,22,84.3
811,1,2004,14,Es (gewone),245.6,36.2,14,Es (gewone),16.5,53.2
812,1,2004,87,Zomereik,324.2,42.3,87,Zomereik,23.5,56.6
813,1,2004,16,Esdoorn (gewone),157.2,33.3,87,Zomereik,15.3,72.5
814,1,2004,14,Es (gewone),284.9,52.7,14,Es (gewone),13.3,56.6
815,1,2004,16,Esdoorn (gewone),353.7,35,87,Zomereik,27.9,71
816,1,2004,87,Zomereik,324.2,48.5,87,Zomereik,30,69.1
817,1,2004,16,Esdoorn (gewone),275.1,36.8,87,Zomereik,11.7,41.5
818,1,2004,80,Wintereik,275.1,90.3,80,Wintereik,17.6,71.3
819,1,2004,27,Haagbeuk,245.6,47.2,17,Europese lork,9.2,28.9
820,1,2004,16,Esdoorn (gewone),432.3,50.6,87,Zomereik,19.7,68.9
821,1,2004,80,Wintereik,176.8,66.6,80,Wintereik,19.4,84.7
822,1,2004,16,Esdoorn (gewone),451.9,47.9,87,Zomereik,21.6,60.5
823,1,2004,7,Beuk,609.1,100,7,Beuk,40.8,100
824,1,2004,16,Esdoorn (gewone),314.4,45.7,87,Zomereik,15.1,57
825,1,2004,27,Haagbeuk,275.1,53.8,14,Es (gewone),8.3,36.7
826,1,2004,7,Beuk,373.3,100,7,Beuk,31.3,100
827,1,2004,7,Beuk,628.8,66,91,Zwarte walnoot,19.8,61.9
828,1,2004,7,Beuk,432.3,100,7,Beuk,27.8,100
829,1,2004,16,Esdoorn (gewone),373.3,41.8,87,Zomereik,15.4,55.8
830,1,2004,7,Beuk,530.5,100,7,Beuk,33.1,100
831,1,2004,7,Beuk,442.1,100,7,Beuk,28.5,100
832,1,2004,7,Beuk,510.9,98.1,7,Beuk,33.8,96.3
833,1,2004,87,Zomereik,451.9,43.4,87,Zomereik,19.4,50.7
841,1,2004,16,Esdoorn (gewone),589.5,63.8,16,Esdoorn (gewone),10.7,56
842,1,2004,16,Esdoorn (gewone),275.1,56,3,Amerikaanse eik,17.1,58.4
843,1,2004,7,Beuk,1336.1,90.7,7,Beuk,16.1,67.4
844,1,2004,64,Tamme kastanje,196.5,60.6,64,Tamme kastanje,16.3,58.2
845,1,2004,87,Zomereik,864.5,93.6,87,Zomereik,14.9,75.6
846,1,2004,7,Beuk,1414.7,95.4,7,Beuk,24.1,73
847,1,2004,28,Hazelaar,196.5,35.1,51,Populier species,35,73.4
848,1,2004,7,Beuk,1611.2,99.4,7,Beuk,25.7,93.8
849,1,2004,64,Tamme kastanje,157.2,36.4,51,Populier species,17.5,58.5
850,1,2004,64,Tamme kastanje,196.5,50,51,Populier species,16.8,49.4
851,1,2004,16,Esdoorn (gewone),117.9,70.6,87,Zomereik,9.4,31.9
852,1,2004,7,Beuk,1571.9,98.8,7,Beuk,21.5,87
853,1,2004,7,Beuk,1611.2,99.4,7,Beuk,23.4,85.4
854,1,2004,16,Esdoorn (gewone),235.8,32.4,51,Populier species,30.3,64.2
855,1,2004,7,Beuk,284.9,42,14,Es (gewone),8.5,26.2
856,1,2004,7,Beuk,1532.6,83.4,7,Beuk,18.3,57.2
857,1,2004,16,Esdoorn (gewone),117.9,42.9,87,Zomereik,18.5,57.5
858,1,2004,7,Beuk,1218.2,77,7,Beuk,11.1,36.6
859,1,2004,7,Beuk,1345.9,85.1,14,Es (gewone),15.7,45.2
860,1,2004,7,Beuk,1532.6,95.7,14,Es (gewone),13.3,53.4
861,1,2004,16,Esdoorn (gewone),353.7,40.5,51,Populier species,32.9,74.6
862,1,2004,14,Es (gewone),39.3,40,14,Es (gewone),11.1,68.1
863,1,2004,16,Esdoorn (gewone),275.1,68.3,14,Es (gewone),12.2,35.7
864,1,2004,16,Esdoorn (gewone),284.9,47.5,87,Zomereik,19.8,52.5
865,1,2004,16,Esdoorn (gewone),353.7,64.3,87,Zomereik,15.8,58.7
866,1,2004,16,Esdoorn (gewone),510.9,65,87,Zomereik,24.2,60.2
867,1,2004,64,Tamme kastanje,117.9,34.3,87,Zomereik,25.9,59.1
868,1,2004,16,Esdoorn (gewone),196.5,39.2,87,Zomereik,23.1,55.1
869,1,2004,16,Esdoorn (gewone),235.8,47.1,87,Zomereik,26.7,68.3
870,1,2004,16,Esdoorn (gewone),393,56.3,87,Zomereik,12.8,29
871,1,2004,64,Tamme kastanje,216.1,46.8,64,Tamme kastanje,19.1,51.9
872,1,2004,24,Grauwe abeel,147.4,31.3,24,Grauwe abeel,18.3,47.3
873,1,2004,64,Tamme kastanje,176.8,42.9,64,Tamme kastanje,19.1,34.7
874,1,2004,57,Ruwe berk,176.8,38.3,57,Ruwe berk,13.3,36.3
875,1,2004,24,Grauwe abeel,186.7,32.8,24,Grauwe abeel,22.2,62.7
876,1,2004,16,Esdoorn (gewone),353.7,70.6,51,Populier species,27.1,52.9
877,1,2004,64,Tamme kastanje,284.9,63,64,Tamme kastanje,33.1,71.8
878,1,2004,16,Esdoorn (gewone),363.5,75.5,16,Esdoorn (gewone),15.1,46.9
879,1,2004,16,Esdoorn (gewone),196.5,48.8,51,Populier species,23.5,74.1
880,1,2004,16,Esdoorn (gewone),550.2,87.5,16,Esdoorn (gewone),15.8,52.5
881,1,2004,16,Esdoorn (gewone),157.2,55.2,16,Esdoorn (gewone),5.9,32.2
882,1,2004,14,Es (gewone),835.1,66.9,51,Populier species,31.8,69.1
883,1,2004,16,Esdoorn (gewone),196.5,43.5,16,Esdoorn (gewone),17,51.4
884,1,2004,69,Vlier,314.4,30.2,51,Populier species,46.2,81.6
885,1,2004,16,Esdoorn (gewone),235.8,58.5,87,Zomereik,21.1,47.2
886,1,2004,14,Es (gewone),353.7,42.4,64,Tamme kastanje,21.8,48.8
887,1,2004,16,Esdoorn (gewone),235.8,47.1,14,Es (gewone),19.4,44.5
888,1,2004,69,Vlier,668.1,68,51,Populier species,41.8,76.1
889,1,2004,16,Esdoorn (gewone),353.7,63.2,87,Zomereik,21.5,50.9
890,1,2004,87,Zomereik,127.7,38.2,87,Zomereik,27.5,72.9
101000,1,2004,7,Beuk,161.2,34.3,7,Beuk,18.1,58.2
171100,1,2004,89,Zwarte els,442,72.7,89,Zwarte els,17.1,49.4
171200,1,2004,89,Zwarte els,318,29.8,87,Zomereik,13,54.6
901,1,2005,87,Zomereik,226,48.9,87,Zomereik,26.8,88.2
902,1,2005,57,Ruwe berk,275.1,42.4,87,Zomereik,10.3,51.2
903,1,2005,16,Esdoorn (gewone),137.5,46.7,87,Zomereik,23.6,60.7
904,1,2005,7,Beuk,324.2,86.8,7,Beuk,15.9,80.3
905,1,2005,7,Beuk,226,79.3,7,Beuk,27.7,82.9
906,1,2005,87,Zomereik,206.3,30.4,87,Zomereik,19.1,88.4
907,1,2005,87,Zomereik,127.7,35.1,87,Zomereik,31.9,86.9
908,1,2005,16,Esdoorn (gewone),117.9,42.9,87,Zomereik,25.7,58.4
909,1,2005,11,Corsicaanse den,432.3,84.6,11,Corsicaanse den,37.4,99.5
910,1,2005,64,Tamme kastanje,1139.6,97.5,64,Tamme kastanje,21,65.6
911,1,2005,7,Beuk,108.1,57.9,7,Beuk,16,61.1
912,1,2005,87,Zomereik,677.9,100,87,Zomereik,25.9,100
913,1,2005,16,Esdoorn (gewone),167,39.5,87,Zomereik,19.6,49.6
914,1,2005,7,Beuk,442.1,95.8,7,Beuk,27.9,81.1
915,1,2005,7,Beuk,176.8,72,7,Beuk,27.2,80.5
916,1,2005,26,Grove den,402.8,97.6,26,Grove den,27.2,91.9
917,1,2005,7,Beuk,78.6,50,26,Grove den,3.9,56.5
918,1,2005,81,Winterlinde,167,34,87,Zomereik,13.5,46.7
919,1,2005,87,Zomereik,540.3,100,87,Zomereik,26.9,100
920,1,2005,87,Zomereik,1306.6,93.7,87,Zomereik,22.5,90.7
921,1,2005,7,Beuk,1178.9,94.5,80,Wintereik,17.3,67.8
922,1,2005,7,Beuk,78.6,53.3,87,Zomereik,5.4,58.7
923,1,2005,7,Beuk,216.1,53.6,11,Corsicaanse den,13.1,48.5
924,1,2005,39,Lijsterbes,39.3,80,57,Ruwe berk,1.3,81.2
925,1,2005,7,Beuk,275.1,57.1,87,Zomereik,11,46.6
926,1,2005,28,Hazelaar,196.5,37.7,87,Zomereik,28.9,74.9
927,1,2005,16,Esdoorn (gewone),353.7,50.7,87,Zomereik,34.4,66
928,1,2005,16,Esdoorn (gewone),206.3,39.6,16,Esdoorn (gewone),10.6,44.4
929,1,2005,7,Beuk,127.7,81.2,7,Beuk,35,81.6
930,1,2005,7,Beuk,255.4,96.3,7,Beuk,8.2,69.5
931,1,2005,7,Beuk,825.2,97.7,7,Beuk,21.2,68.6
932,1,2005,64,Tamme kastanje,1493.3,96.2,64,Tamme kastanje,17.7,58
933,1,2005,28,Hazelaar,157.2,51.6,87,Zomereik,14.8,80.4
934,1,2005,16,Esdoorn (gewone),235.8,50,87,Zomereik,21.9,64.4
935,1,2005,16,Esdoorn (gewone),196.5,69,16,Esdoorn (gewone),16.1,63.9
936,1,2005,87,Zomereik,255.4,48.1,87,Zomereik,30.1,86
937,1,2005,28,Hazelaar,157.2,30.8,87,Zomereik,22.9,51.8
938,1,2005,7,Beuk,422.4,100,7,Beuk,36.5,100
939,1,2005,27,Haagbeuk,196.5,58.8,87,Zomereik,28.7,79.5
940,1,2005,87,Zomereik,353.7,45,87,Zomereik,18.6,70.7
941,1,2005,81,Winterlinde,235.8,50,87,Zomereik,28.6,72.2
942,1,2005,16,Esdoorn (gewone),196.5,50,87,Zomereik,12.1,48.8
943,1,2005,87,Zomereik,334,48.6,16,Esdoorn (gewone),11.9,45.8
944,1,2005,16,Esdoorn (gewone),176.8,46.1,87,Zomereik,16,59.5
945,1,2005,28,Hazelaar,275.1,53.8,87,Zomereik,17.5,56.3
946,1,2005,16,Esdoorn (gewone),186.7,51.4,87,Zomereik,22.4,59.7
947,1,2005,28,Hazelaar,196.5,40.8,87,Zomereik,18.6,60.8
948,1,2005,87,Zomereik,98.2,33.3,87,Zomereik,19.8,82.2
949,1,2005,16,Esdoorn (gewone),196.5,50,87,Zomereik,10.6,48.6
950,1,2005,16,Esdoorn (gewone),393,90.9,87,Zomereik,18.1,57.1
951,1,2005,16,Esdoorn (gewone),284.9,52.7,87,Zomereik,17.1,80.3
952,1,2005,16,Esdoorn (gewone),196.5,55.6,87,Zomereik,20.2,56
953,1,2005,87,Zomereik,461.7,75.8,87,Zomereik,11.5,53.2
954,1,2005,87,Zomereik,186.7,48.7,87,Zomereik,17.5,65.5
955,1,2005,16,Esdoorn (gewone),127.7,43.3,87,Zomereik,9.1,30.3
956,1,2005,16,Esdoorn (gewone),255.4,81.2,16,Esdoorn (gewone),18.3,53
957,1,2005,16,Esdoorn (gewone),275.1,48.3,87,Zomereik,12.1,57.1
958,1,2005,16,Esdoorn (gewone),324.2,54.1,87,Zomereik,17.8,53.6
959,1,2005,28,Hazelaar,550.2,74.7,87,Zomereik,15.7,59.5
960,1,2005,28,Hazelaar,314.4,45.1,87,Zomereik,18,49.7
961,1,2005,28,Hazelaar,235.8,40.7,87,Zomereik,24.5,66.4
962,1,2005,16,Esdoorn (gewone),314.4,45.7,87,Zomereik,19.7,57.9
963,1,2005,87,Zomereik,451.9,76.7,87,Zomereik,10.8,64.3
964,1,2005,87,Zomereik,481.4,84.5,87,Zomereik,18.8,86.2
965,1,2005,28,Hazelaar,196.5,55.6,87,Zomereik,11.6,67.4
966,1,2005,87,Zomereik,334,63,87,Zomereik,13.6,54.2
111000,1,2005,16,Esdoorn (gewone),188.8,39.4,87,Zomereik,22,59.8
121000,1,2005,16,Esdoorn (gewone),263.3,54.2,87,Zomereik,15.2,44.6
1003,1,2006,86,Zachte berk,481,46.6,57,Ruwe berk,14.9,50.7
1004,1,2006,57,Ruwe berk,410.3,38.2,57,Ruwe berk,16.2,55.5
1005,1,2006,86,Zachte berk,693.2,75.4,86,Zachte berk,22.8,73.1
1008,1,2006,87,Zomereik,169.8,36.4,3,Amerikaanse eik,10.5,43.8
1009,1,2006,86,Zachte berk,297.1,47.7,86,Zachte berk,8.7,26.7
1011,1,2006,4,Amerikaanse vogelkers,226.4,30.2,87,Zomereik,11.2,44.8
1018,1,2006,86,Zachte berk,622.5,64.7,86,Zachte berk,15.4,51.2
1019,1,2006,86,Zachte berk,735.6,64.2,86,Zachte berk,15.1,56.1
1022,1,2006,87,Zomereik,226.4,53.3,87,Zomereik,17.1,43
1023,1,2006,86,Zachte berk,792.2,69.1,86,Zachte berk,16.4,67.2
1024,1,2006,57,Ruwe berk,509.3,56.3,57,Ruwe berk,15.7,60.9
1026,1,2006,86,Zachte berk,127.3,27.3,87,Zomereik,9.9,39
1027,1,2006,86,Zachte berk,396.1,54.9,87,Zomereik,13.8,52.7
1028,1,2006,87,Zomereik,198.1,31.8,87,Zomereik,14.5,43
1029,1,2006,86,Zachte berk,608.3,54.4,86,Zachte berk,10.1,38.8
1032,1,2006,87,Zomereik,297.1,44.7,87,Zomereik,20.7,55.6
1035,1,2006,3,Amerikaanse eik,198.1,42.4,3,Amerikaanse eik,26.2,78.7
1037,1,2006,87,Zomereik,212.2,41.7,3,Amerikaanse eik,15.1,47.2
1041,1,2006,64,Tamme kastanje,254.6,40.9,64,Tamme kastanje,21.3,53.8
1044,1,2006,86,Zachte berk,198.1,32.6,86,Zachte berk,6.6,39.1
1046,1,2006,57,Ruwe berk,169.8,31.6,3,Amerikaanse eik,14.4,48.2
1051,1,2006,64,Tamme kastanje,353.7,54.3,64,Tamme kastanje,22.6,61.6
1052,1,2006,64,Tamme kastanje,396.1,40,64,Tamme kastanje,17.4,41.3
1053,1,2006,87,Zomereik,198.1,38.9,87,Zomereik,14.6,46.1
1058,1,2006,3,Amerikaanse eik,212.2,32.6,3,Amerikaanse eik,25.9,66.4
1059,1,2006,57,Ruwe berk,353.7,53.2,57,Ruwe berk,17.3,60.5
1060,1,2006,86,Zachte berk,198.1,33.3,3,Amerikaanse eik,9.4,29.5
1062,1,2006,86,Zachte berk,254.6,40.9,3,Amerikaanse eik,21.5,69.4
1063,1,2006,86,Zachte berk,155.6,27.5,3,Amerikaanse eik,19.2,50.9
1065,1,2006,87,Zomereik,212.2,37.5,87,Zomereik,17.4,59.4
131000,1,2006,86,Zachte berk,179.4,33.1,3,Amerikaanse eik,10.7,36.9
1101,1,2007,89,Zwarte els,471.6,76.2,89,Zwarte els,14.9,53
1102,1,2007,39,Lijsterbes,314.4,37.6,87,Zomereik,14.3,72.2
1103,1,2007,86,Zachte berk,628.8,72.7,86,Zachte berk,12.4,56.6
1104,1,2007,86,Zachte berk,550.2,51.9,26,Grove den,27.3,78.7
1105,1,2007,14,Es (gewone),648.4,54.1,87,Zomereik,11.6,51.1
1106,1,2007,86,Zachte berk,746.7,52.1,26,Grove den,33.4,86.3
1107,1,2007,86,Zachte berk,786,61.5,26,Grove den,25.2,79.7
1108,1,2007,89,Zwarte els,481.4,75.4,89,Zwarte els,35.2,90.7
1109,1,2007,87,Zomereik,314.4,22.4,26,Grove den,25.7,86.2
1110,1,2007,89,Zwarte els,432.3,100,89,Zwarte els,39.4,100
1111,1,2007,89,Zwarte els,235.8,42.1,89,Zwarte els,17.5,61.2
1112,1,2007,87,Zomereik,275.1,46.7,87,Zomereik,6.9,57.5
1113,1,2007,89,Zwarte els,589.5,53.6,89,Zwarte els,25.1,72.5
1114,1,2007,89,Zwarte els,550.2,73.7,89,Zwarte els,34.6,94.8
1115,1,2007,89,Zwarte els,589.5,100,89,Zwarte els,41.8,100
1116,1,2007,89,Zwarte els,520.7,76.8,89,Zwarte els,46.7,98.3
1117,1,2007,89,Zwarte els,668.1,94.4,89,Zwarte els,70.2,99.7
1118,1,2007,89,Zwarte els,825.2,89.4,89,Zwarte els,23.3,81.2
1119,1,2007,89,Zwarte els,648.4,70.2,89,Zwarte els,66.8,97.9
1120,1,2007,89,Zwarte els,550.2,73.7,89,Zwarte els,31.5,96.9
1121,1,2007,89,Zwarte els,432.3,42.3,89,Zwarte els,24.2,67.4
1122,1,2007,89,Zwarte els,560,100,89,Zwarte els,49.9,100
1123,1,2007,89,Zwarte els,393,60.6,89,Zwarte els,20.7,69.9
1124,1,2007,89,Zwarte els,471.6,51.1,89,Zwarte els,15.1,46
1125,1,2007,89,Zwarte els,520.7,50.5,89,Zwarte els,16.3,67.4
1126,1,2007,87,Zomereik,324.2,54.1,87,Zomereik,21.5,77.6
1127,1,2007,89,Zwarte els,393,83.3,89,Zwarte els,43.5,99.5
1128,1,2007,89,Zwarte els,255.4,76.5,89,Zwarte els,45.7,99.3
1129,1,2007,86,Zachte berk,432.3,45.4,86,Zachte berk,6.2,39.5
1130,1,2007,77,Wilg breedbladige species,589.5,75,77,Wilg breedbladige species,11.6,61.7
1131,1,2007,89,Zwarte els,1100.3,62.2,89,Zwarte els,31.3,80.1
1132,1,2007,87,Zomereik,314.4,33,26,Grove den,23.8,80.1
1133,1,2007,87,Zomereik,412.6,56.8,87,Zomereik,33.2,96
1134,1,2007,39,Lijsterbes,353.7,30.8,26,Grove den,18.9,70
1135,1,2007,86,Zachte berk,117.9,20.7,87,Zomereik,3.6,32.4
1136,1,2007,86,Zachte berk,314.4,34.4,87,Zomereik,5.9,59
1137,1,2007,86,Zachte berk,825.2,70,26,Grove den,20.2,74.5
1138,1,2007,86,Zachte berk,1257.5,74.4,86,Zachte berk,13.6,66.3
1139,1,2007,86,Zachte berk,471.6,55.8,87,Zomereik,15.7,73
1140,1,2007,86,Zachte berk,589.5,42.9,26,Grove den,10.1,63.1
1141,1,2007,89,Zwarte els,471.6,55.2,87,Zomereik,20.3,71.5
1142,1,2007,89,Zwarte els,550.2,54.9,89,Zwarte els,18.4,67.4
1143,1,2007,87,Zomereik,137.5,30.4,26,Grove den,10.7,52.2
1144,1,2007,26,Grove den,550.2,42.4,26,Grove den,37.6,89.1
1145,1,2007,86,Zachte berk,1021.7,76.5,26,Grove den,12.5,59.5
1146,1,2007,86,Zachte berk,825.2,74.3,26,Grove den,15.5,56.6
1147,1,2007,89,Zwarte els,1689.8,96.6,89,Zwarte els,39.2,92
1148,1,2007,89,Zwarte els,1886.3,95.5,89,Zwarte els,29,92.7
1149,1,2007,57,Ruwe berk,353.7,30.5,26,Grove den,21,70.9
1150,1,2007,26,Grove den,530.5,41.5,26,Grove den,42.5,93.6
1151,1,2007,86,Zachte berk,746.7,66.1,26,Grove den,22.2,79.3
1152,1,2007,86,Zachte berk,864.5,59.5,86,Zachte berk,10.2,52.6
1153,1,2007,86,Zachte berk,393,39.6,89,Zwarte els,7.6,34.4
1154,1,2007,86,Zachte berk,835.1,51.2,86,Zachte berk,12.5,42.7
1155,1,2007,86,Zachte berk,314.4,42.1,86,Zachte berk,6.2,45.6
1156,1,2007,86,Zachte berk,628.8,56.1,26,Grove den,11.4,51.4
1157,1,2007,86,Zachte berk,235.8,43.6,87,Zomereik,10.2,46.8
1158,1,2007,86,Zachte berk,235.8,37.5,87,Zomereik,12.8,89.5
1159,1,2007,86,Zachte berk,1218.2,62,24,Grauwe abeel,25,57.6
1160,1,2007,86,Zachte berk,314.4,60.4,87,Zomereik,10.9,63.4
1161,1,2007,87,Zomereik,196.5,42.6,87,Zomereik,7.4,49.7
1162,1,2007,86,Zachte berk,235.8,32.4,87,Zomereik,21.8,71.9
1163,1,2007,39,Lijsterbes,314.4,36,87,Zomereik,20.1,79.8
1164,1,2007,87,Zomereik,324.2,32.7,26,Grove den,16.5,60.4
1165,1,2007,83,Witte els (grauwe),432.3,68.8,77,Wilg breedbladige species,4.7,61
1166,1,2007,89,Zwarte els,235.8,36.4,87,Zomereik,15.7,45.6
1167,1,2007,86,Zachte berk,235.8,22.6,26,Grove den,17.3,51.5
1168,1,2007,89,Zwarte els,353.7,66.7,89,Zwarte els,24.4,86.8
1169,1,2007,89,Zwarte els,314.4,65.3,89,Zwarte els,13.5,38.5
1170,1,2007,89,Zwarte els,510.9,59.1,89,Zwarte els,31.2,86.7
1171,1,2007,86,Zachte berk,471.6,42.1,87,Zomereik,7.5,30.7
1172,1,2007,77,Wilg breedbladige species,864.5,84.6,77,Wilg breedbladige species,17.6,43.5
1173,1,2007,86,Zachte berk,393,42.6,26,Grove den,7.4,40
1174,1,2007,89,Zwarte els,471.6,43.6,89,Zwarte els,22.1,60.2
1175,1,2007,89,Zwarte els,235.8,40,87,Zomereik,9.7,45.5
1176,1,2007,89,Zwarte els,432.3,44.4,89,Zwarte els,12.6,55.8
1177,1,2007,86,Zachte berk,982.4,70.4,87,Zomereik,15.4,59.9
1178,1,2007,89,Zwarte els,393,38.5,87,Zomereik,24.5,71.8
1201,1,2007,77,Wilg breedbladige species,903.8,54.8,77,Wilg breedbladige species,9.3,45.8
1202,1,2007,14,Es (gewone),599.3,37.7,14,Es (gewone),10.4,49.5
1203,1,2007,14,Es (gewone),510.9,38.2,89,Zwarte els,6.7,45
1204,1,2007,89,Zwarte els,471.6,28.7,51,Populier species,31,74.2
1205,1,2007,89,Zwarte els,235.8,38.7,51,Populier species,12.7,32.6
1206,1,2007,28,Hazelaar,235.8,36.9,51,Populier species,14.1,54.7
1207,1,2007,14,Es (gewone),913.7,67.9,14,Es (gewone),19.1,90.1
1208,1,2007,87,Zomereik,550.2,50,14,Es (gewone),8.5,41.9
1209,1,2007,87,Zomereik,707.4,46.2,87,Zomereik,11.1,43.4
1210,1,2007,89,Zwarte els,707.4,53.3,51,Populier species,32.1,69.9
1211,1,2007,16,Esdoorn (gewone),1218.2,66.7,51,Populier species,20,62.1
1212,1,2007,89,Zwarte els,2672.2,93.8,89,Zwarte els,16.8,57.1
1213,1,2007,14,Es (gewone),353.7,47.4,89,Zwarte els,10.5,63.3
1214,1,2007,86,Zachte berk,510.9,34.2,51,Populier species,9.2,41.6
1215,1,2007,14,Es (gewone),786,45.5,14,Es (gewone),12.4,49
1216,1,2007,16,Esdoorn (gewone),825.2,64.1,78,Wilg smalbladige species,12.8,45.6
1217,1,2007,28,Hazelaar,510.9,51,14,Es (gewone),25.2,72.6
1218,1,2007,83,Witte els (grauwe),1611.2,71.9,83,Witte els (grauwe),8.4,45.9
1219,1,2007,14,Es (gewone),628.8,59.3,14,Es (gewone),23.9,86.9
1220,1,2007,14,Es (gewone),1336.1,86.1,51,Populier species,28.2,77.3
1221,1,2007,87,Zomereik,668.1,60.7,87,Zomereik,16,69.6
1222,1,2007,9,Boskers,117.9,75,51,Populier species,15.9,71.6
1223,1,2007,89,Zwarte els,943.1,72.2,51,Populier species,15.7,64.6
1224,1,2007,28,Hazelaar,314.4,42.1,51,Populier species,13.6,57.4
1225,1,2007,28,Hazelaar,550.2,45.9,14,Es (gewone),7.3,42.2
1226,1,2007,89,Zwarte els,314.4,50.8,51,Populier species,15.5,64.6
1227,1,2007,89,Zwarte els,550.2,54.9,51,Populier species,18.4,60.9
1228,1,2007,86,Zachte berk,235.8,42.1,87,Zomereik,14.5,63.3
1229,1,2007,87,Zomereik,275.1,75.7,87,Zomereik,31.8,94.4
1230,1,2007,89,Zwarte els,432.3,52.4,51,Populier species,5.8,29.4
1231,1,2007,16,Esdoorn (gewone),353.7,52.2,51,Populier species,8.6,54.1
1232,1,2007,24,Grauwe abeel,275.1,35.4,24,Grauwe abeel,8.5,35.7
1233,1,2007,77,Wilg breedbladige species,275.1,42.4,78,Wilg smalbladige species,3.3,33.3
1234,1,2007,16,Esdoorn (gewone),1493.3,94.4,16,Esdoorn (gewone),18.9,79.4
1235,1,2007,14,Es (gewone),628.8,55.2,51,Populier species,15.2,45.5
1236,1,2007,89,Zwarte els,746.7,60.3,51,Populier species,24.4,68.9
1237,1,2007,14,Es (gewone),746.7,63.3,51,Populier species,26.7,79.9
1238,1,2007,7,Beuk,235.8,37.5,87,Zomereik,11.6,59.8
1239,1,2007,14,Es (gewone),766.3,89.7,14,Es (gewone),22.4,84.5
1240,1,2007,14,Es (gewone),864.5,65.2,51,Populier species,27.3,79.6
1241,1,2007,16,Esdoorn (gewone),707.4,55.4,14,Es (gewone),11.3,49.1
1242,1,2007,16,Esdoorn (gewone),786,64.5,51,Populier species,19.1,65.9
1243,1,2007,16,Esdoorn (gewone),275.1,80,16,Esdoorn (gewone),10.5,52.2
1244,1,2007,28,Hazelaar,628.8,48.5,28,Hazelaar,5.5,35.9
1245,1,2007,89,Zwarte els,746.7,55.5,51,Populier species,14.2,45.7
1246,1,2007,14,Es (gewone),1021.7,76.5,51,Populier species,29.3,83.7
141100,1,2007,89,Zwarte els,428,61,89,Zwarte els,36.4,85.2
141200,1,2007,87,Zomereik,190,36.5,87,Zomereik,15.2,74.1
151000,1,2007,14,Es (gewone),633.3,56,14,Es (gewone),14.5,47.9
21000,1,2008,27,Haagbeuk,258.2,42.8,87,Zomereik,22.4,58.3
2001,2,2010,7,Beuk,114.9,65.6,7,Beuk,26.1,70.5
2002,2,2010,7,Beuk,118.5,97.1,7,Beuk,25,96.9
2003,2,2010,7,Beuk,166.2,81,7,Beuk,24.7,71.8
2004,2,2010,7,Beuk,118.5,64.8,7,Beuk,25.9,67.4
2005,2,2010,7,Beuk,153,63.4,7,Beuk,15.9,42.5
2006,2,2010,7,Beuk,161.8,97.9,7,Beuk,33.6,95.2
2007,2,2010,7,Beuk,356.3,95.3,7,Beuk,34.6,90.6
2008,2,2010,7,Beuk,238.7,94.4,7,Beuk,30.7,84.1
2009,2,2010,7,Beuk,250.2,94.6,7,Beuk,32,89.1
2010,2,2010,7,Beuk,294.4,86.5,7,Beuk,32.9,79.7
2011,2,2010,7,Beuk,151.2,79.5,7,Beuk,28.8,81.1
2012,2,2010,7,Beuk,169.8,90.6,7,Beuk,32.4,88.5
2013,2,2010,7,Beuk,206,78.4,7,Beuk,27.3,66.9
2014,2,2010,7,Beuk,326.3,100,7,Beuk,31.3,100
2015,2,2010,7,Beuk,260,100,7,Beuk,33.8,100
2016,2,2010,7,Beuk,119.4,59.2,7,Beuk,18,60.6
2017,2,2010,7,Beuk,164.5,90.3,7,Beuk,33.8,88.7
2018,2,2010,7,Beuk,153,87.8,7,Beuk,38.2,88
2019,2,2010,7,Beuk,119.4,46.9,7,Beuk,16.4,49.4
2020,2,2010,7,Beuk,114.9,74.7,7,Beuk,22,69
2021,2,2010,7,Beuk,121.1,85,7,Beuk,35.4,89.6
2022,2,2010,7,Beuk,104.3,76.6,7,Beuk,20.4,68.5
2023,2,2010,7,Beuk,102.6,93.6,7,Beuk,37.8,95.7
2024,2,2010,7,Beuk,120.3,87.2,7,Beuk,37.3,91.4
2025,2,2010,7,Beuk,126.4,66.5,7,Beuk,24.5,68.1
2026,2,2010,7,Beuk,136.2,63.1,7,Beuk,28.8,79.1
2027,2,2010,7,Beuk,137.1,46.1,7,Beuk,23.1,74.5
2028,2,2010,87,Zomereik,70.7,42.1,87,Zomereik,19.4,63.8
2029,2,2010,7,Beuk,126.4,57,7,Beuk,18.1,55
2030,2,2010,16,Esdoorn (gewone),382.9,69.1,87,Zomereik,15.8,51.5
2031,2,2010,7,Beuk,144.1,80.3,7,Beuk,29.1,82.4
2032,2,2010,7,Beuk,149.4,76.5,7,Beuk,13.3,53
2033,2,2010,7,Beuk,102.6,68.7,7,Beuk,32.2,84.5
2034,2,2010,7,Beuk,420.9,100,7,Beuk,41.2,100
2035,2,2010,7,Beuk,289.1,76.7,7,Beuk,14.2,75.1
2036,2,2010,14,Es (gewone),154.7,50.4,7,Beuk,18.1,72.7
2037,2,2010,7,Beuk,388.2,80.6,7,Beuk,29.6,74.2
2038,2,2010,7,Beuk,718.8,95.8,7,Beuk,24,59
2039,2,2010,7,Beuk,31.8,47.3,7,Beuk,18.2,81.6
2040,2,2010,7,Beuk,827.6,94.3,7,Beuk,37.6,87
2041,2,2010,7,Beuk,1096.4,97.4,7,Beuk,36.2,94.5
2042,2,2010,7,Beuk,398.8,99.1,7,Beuk,35.6,98.6
2043,2,2010,7,Beuk,380.2,97.3,7,Beuk,26.9,95.4
2044,2,2010,7,Beuk,527,94.8,7,Beuk,38.5,97.5
2045,2,2010,7,Beuk,24.8,100,7,Beuk,20.8,100
2046,2,2010,7,Beuk,627.8,100,7,Beuk,35.7,100
2047,2,2010,7,Beuk,28.3,100,7,Beuk,16.1,100
2048,2,2010,87,Zomereik,1112.3,82.1,87,Zomereik,19.7,66.6
2049,2,2010,7,Beuk,712.7,99.5,7,Beuk,28,91.8
2050,2,2010,7,Beuk,270.6,100,7,Beuk,33.9,100
2051,2,2010,7,Beuk,252,100,7,Beuk,37.3,100
2053,2,2010,7,Beuk,362.5,94.3,7,Beuk,43.2,98.6
2054,2,2010,7,Beuk,141.5,100,7,Beuk,36.6,100
2055,2,2010,7,Beuk,435.9,100,7,Beuk,38.7,100
2056,2,2010,7,Beuk,126.4,100,7,Beuk,34.3,100
2057,2,2010,7,Beuk,296.2,100,7,Beuk,30,100
2058,2,2010,7,Beuk,42.4,100,7,Beuk,32.2,100
2059,2,2010,87,Zomereik,840,91.3,7,Beuk,14.2,53
2060,2,2010,7,Beuk,85.8,100,7,Beuk,37.3,100
2061,2,2010,7,Beuk,42.4,100,7,Beuk,26.7,100
2062,2,2010,7,Beuk,60.1,70,7,Beuk,35.5,94.4
2063,2,2010,7,Beuk,277.6,86.3,7,Beuk,27.8,95.5
2064,2,2010,7,Beuk,82.2,78.8,7,Beuk,35.5,99.7
2065,2,2010,87,Zomereik,707.4,71,7,Beuk,25.8,67
11000,2,2010,7,Beuk,287,98.4,7,Beuk,33.5,96
200,2,2011,57,Ruwe berk,214.9,51.9,26,Grove den,18.1,61.8
204,2,2011,26,Grove den,389.9,90.7,26,Grove den,33.7,98
205,2,2011,26,Grove den,397.9,70.4,26,Grove den,29.5,74.7
206,2,2011,26,Grove den,366.1,85.2,26,Grove den,32.4,93.9
207,2,2011,26,Grove den,389.9,83,26,Grove den,37.8,91.5
209,2,2011,26,Grove den,55.7,100,26,Grove den,4,100
210,2,2011,26,Grove den,159.2,100,26,Grove den,10.1,100
211,2,2011,26,Grove den,214.9,77.2,26,Grove den,10.4,88.9
212,2,2011,26,Grove den,262.6,100,26,Grove den,11.8,100
213,2,2011,26,Grove den,501.3,95.4,26,Grove den,23.6,98.3
214,2,2011,26,Grove den,628.7,96.4,26,Grove den,36.8,98.4
215,2,2011,26,Grove den,493.4,89.9,26,Grove den,36.7,97.3
216,2,2011,26,Grove den,604.8,98.7,26,Grove den,43.5,98.6
217,2,2011,57,Ruwe berk,405.8,54.3,26,Grove den,16.2,55.1
218,2,2011,26,Grove den,676.4,96.6,26,Grove den,39.8,96.1
219,2,2011,26,Grove den,421.8,59.6,26,Grove den,18.6,63.9
220,2,2011,26,Grove den,334.2,77.8,26,Grove den,27.8,71.6
221,2,2011,26,Grove den,421.8,57.6,26,Grove den,22.5,65.4
223,2,2011,26,Grove den,573,91.1,26,Grove den,39.6,96.6
224,2,2011,26,Grove den,461.5,72.5,26,Grove den,36,81.8
225,2,2011,26,Grove den,191,33.3,26,Grove den,20.4,49.3
226,2,2011,57,Ruwe berk,230.8,36.7,26,Grove den,18.1,45.1
227,2,2011,26,Grove den,183,36.5,26,Grove den,17.1,46.5
228,2,2011,26,Grove den,334.2,61.8,26,Grove den,30.4,72
229,2,2011,26,Grove den,843.5,86.9,26,Grove den,33.3,88.8
31000,2,2011,16,Esdoorn (gewone),608,58.8,83,Witte els (grauwe),12.7,43.3
41000,2,2011,28,Hazelaar,135.7,28.3,87,Zomereik,12.7,37.8
43000,2,2011,28,Hazelaar,338,51.2,7,Beuk,6.6,22.5
51000,2,2011,14,Es (gewone),425.5,39.4,14,Es (gewone),9.7,28.9
53000,2,2011,89,Zwarte els,710,36.8,89,Zwarte els,10.9,44.9
101,2,2012,87,Zomereik,127.7,50,87,Zomereik,35.4,81.4
102,2,2012,16,Esdoorn (gewone),363.5,75.5,16,Esdoorn (gewone),12.2,34.3
103,2,2012,16,Esdoorn (gewone),471.6,57.1,87,Zomereik,16.3,59.1
104,2,2012,28,Hazelaar,157.2,43.2,87,Zomereik,27.1,78.6
105,2,2012,87,Zomereik,196.5,44.4,87,Zomereik,29.2,89.8
106,2,2012,28,Hazelaar,235.8,43.6,87,Zomereik,13.4,51.7
107,2,2012,16,Esdoorn (gewone),324.2,70.2,87,Zomereik,24.6,81.7
108,2,2012,28,Hazelaar,275.1,73.7,87,Zomereik,23,75.9
109,2,2012,16,Esdoorn (gewone),304.6,55.4,87,Zomereik,13.9,44.8
110,2,2012,16,Esdoorn (gewone),235.8,68.6,87,Zomereik,28.1,76.2
111,2,2012,7,Beuk,569.8,98.3,7,Beuk,29.1,77.4
112,2,2012,16,Esdoorn (gewone),481.4,73.1,87,Zomereik,18.9,49.7
113,2,2012,16,Esdoorn (gewone),560,41.3,87,Zomereik,31.5,69.1
114,2,2012,87,Zomereik,884.2,78.3,87,Zomereik,19.4,77
115,2,2012,16,Esdoorn (gewone),334,47.9,87,Zomereik,24.2,56.5
116,2,2012,9,Boskers,707.4,56.3,87,Zomereik,17.4,47.8
117,2,2012,16,Esdoorn (gewone),334,46.6,87,Zomereik,24.7,69
118,2,2012,28,Hazelaar,196.5,42.6,87,Zomereik,31.3,75.6
119,2,2012,16,Esdoorn (gewone),363.5,69.8,16,Esdoorn (gewone),23.2,54.8
120,2,2012,87,Zomereik,294.7,44.8,87,Zomereik,26.5,66.9
121,2,2012,87,Zomereik,206.3,40.4,87,Zomereik,27.7,75.5
122,2,2012,4,Amerikaanse vogelkers,235.8,39.3,87,Zomereik,19.9,51.4
123,2,2012,16,Esdoorn (gewone),206.3,48.8,87,Zomereik,16,52.5
124,2,2012,16,Esdoorn (gewone),363.5,71.1,87,Zomereik,16.1,55.7
125,2,2012,7,Beuk,314.4,40,87,Zomereik,19.8,54.4
126,2,2012,7,Beuk,953,100,7,Beuk,45.8,100
127,2,2012,16,Esdoorn (gewone),353.7,47.4,87,Zomereik,27.4,72.3
128,2,2012,87,Zomereik,412.6,46.7,87,Zomereik,34.8,84.7
129,2,2012,7,Beuk,412.6,85.7,7,Beuk,21.2,75.4
130,2,2012,7,Beuk,510.9,91.2,7,Beuk,35.7,94.7
131,2,2012,87,Zomereik,343.9,44.9,87,Zomereik,26.9,69.3
132,2,2012,16,Esdoorn (gewone),167,47.2,87,Zomereik,12.6,33.7
133,2,2012,7,Beuk,412.6,100,7,Beuk,41.1,100
134,2,2012,28,Hazelaar,275.1,46.7,87,Zomereik,19.6,81
135,2,2012,7,Beuk,461.7,85.5,7,Beuk,26.9,54.2
136,2,2012,16,Esdoorn (gewone),206.3,46.7,87,Zomereik,23.4,56.7
137,2,2012,87,Zomereik,383.2,48.2,87,Zomereik,30.6,85.7
138,2,2012,16,Esdoorn (gewone),393,72.7,87,Zomereik,35.4,85.9
139,2,2012,16,Esdoorn (gewone),245.6,39.7,16,Esdoorn (gewone),12.9,51.2
140,2,2012,87,Zomereik,226,41.8,87,Zomereik,42.8,95.1
141,2,2012,27,Haagbeuk,393,44,87,Zomereik,25.6,65.5
142,2,2012,87,Zomereik,402.8,49.4,87,Zomereik,30.7,77.1
143,2,2012,7,Beuk,501,96.2,7,Beuk,42.8,93.4
144,2,2012,16,Esdoorn (gewone),324.2,55.9,87,Zomereik,14.9,56.7
145,2,2012,87,Zomereik,353.7,46.2,87,Zomereik,24.9,70.7
146,2,2012,16,Esdoorn (gewone),491.2,63.3,87,Zomereik,13.3,46.3
147,2,2012,87,Zomereik,412.6,56.8,87,Zomereik,14.1,70.1
148,2,2012,7,Beuk,432.3,100,7,Beuk,29.2,100
401,2,2012,86,Zachte berk,157.2,45.7,7,Beuk,14.4,54.8
402,2,2012,64,Tamme kastanje,294.7,54.5,64,Tamme kastanje,23.8,50.5
403,2,2012,16,Esdoorn (gewone),196.5,60.6,7,Beuk,14,63.6
404,2,2012,16,Esdoorn (gewone),510.9,82.5,7,Beuk,16.2,51.9
405,2,2012,7,Beuk,206.3,100,7,Beuk,27,100
406,2,2012,16,Esdoorn (gewone),196.5,54.1,7,Beuk,25.8,58
407,2,2012,16,Esdoorn (gewone),196.5,46.5,87,Zomereik,18.2,41.2
408,2,2012,57,Ruwe berk,1061,87.8,7,Beuk,10.6,47.7
409,2,2012,7,Beuk,98.2,76.9,51,Populier species,16.8,51.4
410,2,2012,7,Beuk,176.8,85.7,7,Beuk,29.7,73
411,2,2012,16,Esdoorn (gewone),117.9,48,51,Populier species,35.4,82.3
412,2,2012,87,Zomereik,117.9,35.3,51,Populier species,26.3,60.9
413,2,2012,64,Tamme kastanje,117.9,28.6,87,Zomereik,14.1,40.1
414,2,2012,16,Esdoorn (gewone),117.9,63.1,51,Populier species,28.4,88.2
415,2,2012,16,Esdoorn (gewone),471.6,80,16,Esdoorn (gewone),8.2,32.7
416,2,2012,87,Zomereik,108.1,33.3,51,Populier species,21.2,59.2
417,2,2012,7,Beuk,108.1,57.9,51,Populier species,21.9,63.5
418,2,2012,16,Esdoorn (gewone),275.1,44.4,7,Beuk,15.1,40.5
419,2,2012,89,Zwarte els,314.4,47.8,87,Zomereik,8.2,29.1
420,2,2012,16,Esdoorn (gewone),982.4,87,51,Populier species,22.1,44.5
421,2,2012,16,Esdoorn (gewone),275.1,68.3,87,Zomereik,22.2,71.6
422,2,2012,16,Esdoorn (gewone),157.2,57.1,51,Populier species,11.7,52.2
423,2,2012,16,Esdoorn (gewone),235.8,60,51,Populier species,18.8,43.8
425,2,2012,57,Ruwe berk,2004.2,100,57,Ruwe berk,21.6,100
427,2,2012,64,Tamme kastanje,206.3,63.6,64,Tamme kastanje,10,34.2
428,2,2012,27,Haagbeuk,157.2,48.5,64,Tamme kastanje,12.9,45.3
429,2,2012,27,Haagbeuk,314.4,49.2,87,Zomereik,8.9,41.6
430,2,2012,89,Zwarte els,117.9,38.7,87,Zomereik,14.8,56.9
431,2,2012,16,Esdoorn (gewone),1571.9,87.9,16,Esdoorn (gewone),31.7,64.2
432,2,2012,16,Esdoorn (gewone),550.2,93.3,16,Esdoorn (gewone),9.6,38.7
433,2,2012,89,Zwarte els,78.6,36.4,87,Zomereik,12.1,51.1
434,2,2012,16,Esdoorn (gewone),39.3,40,7,Beuk,16.8,59.6
435,2,2012,16,Esdoorn (gewone),314.4,68.1,51,Populier species,17.6,43.3
436,2,2012,89,Zwarte els,196.5,43.5,87,Zomereik,5.7,33.9
437,2,2012,16,Esdoorn (gewone),78.6,47.1,7,Beuk,6.6,52
438,2,2012,16,Esdoorn (gewone),275.1,52.8,7,Beuk,9.2,50.8
439,2,2012,7,Beuk,68.8,77.8,7,Beuk,18.2,82.4
440,2,2012,7,Beuk,39.3,100,7,Beuk,21.8,100
441,2,2012,7,Beuk,39.3,21,7,Beuk,12.3,47.5
442,2,2012,89,Zwarte els,78.6,33.3,87,Zomereik,11.2,56
443,2,2012,16,Esdoorn (gewone),393,64.5,51,Populier species,14.6,32.8
444,2,2012,87,Zomereik,284.9,39.2,87,Zomereik,20.6,49.4
445,2,2012,16,Esdoorn (gewone),275.1,50.9,87,Zomereik,14,52.4
446,2,2012,16,Esdoorn (gewone),157.2,40,51,Populier species,13.8,39.1
447,2,2012,83,Witte els (grauwe),117.9,34.3,51,Populier species,20.5,57.3
448,2,2012,16,Esdoorn (gewone),196.5,69,7,Beuk,17.6,63.5
449,2,2012,16,Esdoorn (gewone),1375.4,95.9,16,Esdoorn (gewone),26.7,63
450,2,2012,16,Esdoorn (gewone),216.1,64.7,16,Esdoorn (gewone),6.8,39.3
451,2,2012,89,Zwarte els,235.8,58.5,87,Zomereik,4.7,31.5
452,2,2012,16,Esdoorn (gewone),157.2,51.6,87,Zomereik,9.7,32.2
453,2,2012,16,Esdoorn (gewone),39.3,44.5,7,Beuk,10.8,67.5
454,2,2012,16,Esdoorn (gewone),275.1,65.1,14,Es (gewone),17.7,43.3
455,2,2012,7,Beuk,147.4,45.5,7,Beuk,21.4,46.9
456,2,2012,7,Beuk,108.1,91.7,7,Beuk,41.1,94.9
457,2,2012,7,Beuk,127.7,81.2,7,Beuk,26.8,62.2
458,2,2012,7,Beuk,108.1,44,7,Beuk,19.9,77.1
459,2,2012,87,Zomereik,58.9,60,7,Beuk,25.3,84.9
460,2,2012,16,Esdoorn (gewone),353.7,65.5,7,Beuk,17.1,74.3
461,2,2012,87,Zomereik,196.5,60.6,87,Zomereik,29.4,75.2
462,2,2012,7,Beuk,108.1,84.7,7,Beuk,11.7,52.9
463,2,2012,7,Beuk,206.3,95.5,7,Beuk,25.8,83.2
464,2,2012,87,Zomereik,58.9,60,87,Zomereik,10.5,61.8
465,2,2012,7,Beuk,294.7,100,7,Beuk,41.4,100
466,2,2012,32,Japanse lork,88.4,39.1,32,Japanse lork,17.3,56.2
467,2,2012,16,Esdoorn (gewone),196.5,58.8,7,Beuk,19,65.7
468,2,2012,16,Esdoorn (gewone),707.4,96,16,Esdoorn (gewone),21.8,77
469,2,2012,16,Esdoorn (gewone),235.8,77.4,87,Zomereik,11.7,83
470,2,2012,16,Esdoorn (gewone),157.2,37.2,7,Beuk,24,75.7
471,2,2012,87,Zomereik,157.2,47.1,87,Zomereik,26,71.8
472,2,2012,16,Esdoorn (gewone),78.6,40,7,Beuk,16.1,60.5
473,2,2012,16,Esdoorn (gewone),157.2,37.2,51,Populier species,30,63.3
474,2,2012,64,Tamme kastanje,304.6,77.5,7,Beuk,15,53.2
475,2,2012,57,Ruwe berk,432.3,100,57,Ruwe berk,5.4,100
476,2,2012,16,Esdoorn (gewone),746.7,90.5,51,Populier species,17.6,51.3
477,2,2012,64,Tamme kastanje,353.7,83.7,64,Tamme kastanje,15.4,48.7
478,2,2012,16,Esdoorn (gewone),471.6,88.9,87,Zomereik,13.3,83.1
479,2,2012,16,Esdoorn (gewone),510.9,64.2,51,Populier species,28,61
480,2,2012,16,Esdoorn (gewone),628.8,76.2,51,Populier species,32.8,72.9
481,2,2012,16,Esdoorn (gewone),668.1,93.2,87,Zomereik,27.1,58.2
483,2,2012,16,Esdoorn (gewone),786,87,16,Esdoorn (gewone),25.7,55.5
484,2,2012,16,Esdoorn (gewone),196.5,57.1,87,Zomereik,7.2,36.9
485,2,2012,7,Beuk,157.2,32.7,7,Beuk,17.9,46.7
486,2,2012,16,Esdoorn (gewone),235.8,38.1,51,Populier species,16.7,38.1
487,2,2012,87,Zomereik,78.6,36.4,87,Zomereik,13.5,66.5
488,2,2012,7,Beuk,78.6,34.8,7,Beuk,23,71.2
489,2,2012,83,Witte els (grauwe),510.9,69.3,51,Populier species,21.5,64.8
490,2,2012,16,Esdoorn (gewone),943.1,84.2,51,Populier species,35.6,65.6
491,2,2012,16,Esdoorn (gewone),196.5,34.5,51,Populier species,26.2,65.7
492,2,2012,16,Esdoorn (gewone),786,86,16,Esdoorn (gewone),37.9,59.8
493,2,2012,16,Esdoorn (gewone),550.2,77.8,51,Populier species,28.8,58.7
494,2,2012,7,Beuk,137.5,46.7,7,Beuk,27.1,59.3
495,2,2012,16,Esdoorn (gewone),510.9,70.3,51,Populier species,31.6,52.2
496,2,2012,86,Zachte berk,275.1,40.6,64,Tamme kastanje,23.5,61.2
497,2,2012,7,Beuk,98.2,41.6,7,Beuk,16.6,68.9
498,2,2012,16,Esdoorn (gewone),510.9,83.9,87,Zomereik,15.4,54
499,2,2012,7,Beuk,98.2,29.4,7,Beuk,15.7,37.6
500,2,2012,16,Esdoorn (gewone),275.1,43.8,51,Populier species,36,64.1
501,2,2012,7,Beuk,117.9,60,7,Beuk,15.8,37.4
502,2,2012,16,Esdoorn (gewone),157.2,43.2,87,Zomereik,17.3,61.8
503,2,2012,87,Zomereik,117.9,37.5,87,Zomereik,19.3,77.5
504,2,2012,16,Esdoorn (gewone),471.6,77.4,51,Populier species,17.6,43.9
505,2,2012,16,Esdoorn (gewone),117.9,27.9,51,Populier species,34,76.1
506,2,2012,83,Witte els (grauwe),275.1,60.9,51,Populier species,46.5,81.9
507,2,2012,16,Esdoorn (gewone),196.5,37.7,51,Populier species,37.3,73
508,2,2012,16,Esdoorn (gewone),235.8,61.5,51,Populier species,22.9,56.7
509,2,2012,16,Esdoorn (gewone),550.2,91.8,87,Zomereik,9.9,51.8
510,2,2012,16,Esdoorn (gewone),393,61.5,64,Tamme kastanje,19.8,49.6
511,2,2012,7,Beuk,167,44.7,7,Beuk,22.3,61.6
512,2,2012,16,Esdoorn (gewone),668.1,88.3,16,Esdoorn (gewone),21.6,49.9
513,2,2012,16,Esdoorn (gewone),235.8,57.1,7,Beuk,16.4,45.6
514,2,2012,16,Esdoorn (gewone),1100.3,91.8,51,Populier species,44.6,71.9
515,2,2012,31,Hulst,39.3,40,7,Beuk,13.1,55
516,2,2012,64,Tamme kastanje,157.2,53.3,87,Zomereik,15.7,56.9
517,2,2012,16,Esdoorn (gewone),432.3,63.8,16,Esdoorn (gewone),11.5,31.6
518,2,2012,16,Esdoorn (gewone),786,90.9,16,Esdoorn (gewone),20.7,59.5
519,2,2012,16,Esdoorn (gewone),78.6,33.3,7,Beuk,27.4,88.1
520,2,2012,83,Witte els (grauwe),864.5,83.8,83,Witte els (grauwe),13.1,60.4
521,2,2012,16,Esdoorn (gewone),353.7,76.6,51,Populier species,10.8,34.7
522,2,2012,16,Esdoorn (gewone),864.5,89.8,16,Esdoorn (gewone),15.6,52
523,2,2012,16,Esdoorn (gewone),117.9,41.4,7,Beuk,7.2,36.4
71000,2,2012,16,Esdoorn (gewone),371.4,66.4,87,Zomereik,11.5,34.1
81000,2,2012,16,Esdoorn (gewone),249,54.5,87,Zomereik,19.9,61.2
702,2,2013,83,Witte els (grauwe),510.9,33.6,83,Witte els (grauwe),7.9,34.3
703,2,2013,83,Witte els (grauwe),707.4,36.7,83,Witte els (grauwe),11.9,38.1
704,2,2013,86,Zachte berk,235.8,80,87,Zomereik,15.9,95.2
705,2,2013,87,Zomereik,88.4,52.9,87,Zomereik,26.2,99.2
706,2,2013,11,Corsicaanse den,786,76.9,11,Corsicaanse den,42.7,94.9
707,2,2013,86,Zachte berk,393,42.6,89,Zwarte els,8.8,37.9
708,2,2013,77,Wilg breedbladige species,668.1,50.4,87,Zomereik,7.6,32.3
710,2,2013,86,Zachte berk,982.4,56.8,89,Zwarte els,8.3,28.7
711,2,2013,28,Hazelaar,353.7,33.6,51,Populier species,25.3,62.2
712,2,2013,83,Witte els (grauwe),196.5,23.8,51,Populier species,28.5,61.2
713,2,2013,24,Grauwe abeel,353.7,25.7,24,Grauwe abeel,14.4,35.6
714,2,2013,57,Ruwe berk,393,26.8,87,Zomereik,7.9,32.2
715,2,2013,57,Ruwe berk,589.5,25.9,89,Zwarte els,8.5,32.8
716,2,2013,14,Es (gewone),353.7,25.9,51,Populier species,8.8,27.3
717,2,2013,89,Zwarte els,471.6,24,89,Zwarte els,8.9,29.5
718,2,2013,23,Gladde iep,786,65,51,Populier species,20.5,59.6
719,2,2013,83,Witte els (grauwe),628.8,59.3,83,Witte els (grauwe),14.4,54.8
720,2,2013,86,Zachte berk,982.4,75.8,86,Zachte berk,15.1,73.3
721,2,2013,86,Zachte berk,628.8,41,89,Zwarte els,18.2,48.7
722,2,2013,83,Witte els (grauwe),353.7,55.4,83,Witte els (grauwe),7.8,43.1
723,2,2013,86,Zachte berk,1139.6,72.5,86,Zachte berk,13.6,53.1
724,2,2013,28,Hazelaar,314.4,57.1,51,Populier species,29.7,70
725,2,2013,83,Witte els (grauwe),825.2,83.2,83,Witte els (grauwe),20.3,75.5
726,2,2013,83,Witte els (grauwe),1061,80.6,83,Witte els (grauwe),21.1,73.5
727,2,2013,86,Zachte berk,1100.3,56,57,Ruwe berk,9.2,39.5
728,2,2013,86,Zachte berk,432.3,44,89,Zwarte els,14.7,59.5
729,2,2013,28,Hazelaar,314.4,33,51,Populier species,9.7,30.8
730,2,2013,28,Hazelaar,157.2,36.4,51,Populier species,10.8,66.7
731,2,2013,86,Zachte berk,943.1,43.6,86,Zachte berk,10,35.2
732,2,2013,87,Zomereik,353.7,57.1,87,Zomereik,13.7,52.9
733,2,2013,89,Zwarte els,471.6,28.6,89,Zwarte els,17.2,55.1
734,2,2013,87,Zomereik,235.8,41.4,87,Zomereik,10.2,37
735,2,2013,89,Zwarte els,471.6,28.6,89,Zwarte els,8.9,28.2
736,2,2013,87,Zomereik,589.5,44.1,87,Zomereik,12.6,34.1
737,2,2013,89,Zwarte els,235.8,27,78,Wilg smalbladige species,16.2,40.7
741,2,2013,77,Wilg breedbladige species,275.1,82.4,51,Populier species,4.9,69
742,2,2013,89,Zwarte els,196.5,37,51,Populier species,17.8,41.7
743,2,2013,51,Populier species,78.6,66.7,51,Populier species,15.3,90.5
744,2,2013,57,Ruwe berk,157.2,64,77,Wilg breedbladige species,6.4,36.2
745,2,2013,28,Hazelaar,471.6,76.2,28,Hazelaar,12.8,54.9
746,2,2013,86,Zachte berk,550.2,41.2,86,Zachte berk,8.1,29.3
747,2,2013,87,Zomereik,393,32.8,24,Grauwe abeel,13.7,35.2
748,2,2013,83,Witte els (grauwe),1139.6,65.5,51,Populier species,12.2,34.5
749,2,2013,28,Hazelaar,235.8,30.4,51,Populier species,5.7,29.1
750,2,2013,86,Zachte berk,393,31.5,24,Grauwe abeel,22.2,57.7
751,2,2013,57,Ruwe berk,393,26.3,57,Ruwe berk,8.5,31
752,2,2013,28,Hazelaar,393,23.7,89,Zwarte els,6.5,20.8
753,2,2013,87,Zomereik,668.1,44.7,87,Zomereik,12.1,46.4
754,2,2013,83,Witte els (grauwe),275.1,71.8,83,Witte els (grauwe),16.7,55.7
755,2,2013,28,Hazelaar,314.4,47.8,28,Hazelaar,5.9,25
756,2,2013,87,Zomereik,314.4,61.5,51,Populier species,16.2,48.4
757,2,2013,87,Zomereik,117.9,30,78,Wilg smalbladige species,10.8,35.5
758,2,2013,89,Zwarte els,117.9,40,89,Zwarte els,8.6,42
759,2,2013,86,Zachte berk,550.2,53.9,86,Zachte berk,14,50
760,2,2013,57,Ruwe berk,1139.6,63,57,Ruwe berk,16.9,71.6
761,2,2013,28,Hazelaar,235.8,41.4,51,Populier species,13.6,43.6
762,2,2013,16,Esdoorn (gewone),903.8,76,16,Esdoorn (gewone),24.5,57
763,2,2013,57,Ruwe berk,471.6,20.7,89,Zwarte els,6.8,23.4
764,2,2013,28,Hazelaar,314.4,52.5,28,Hazelaar,7.7,56.2
765,2,2013,89,Zwarte els,235.8,43.6,89,Zwarte els,10.3,39.2
766,2,2013,83,Witte els (grauwe),628.8,51.2,51,Populier species,19,50.4
767,2,2013,14,Es (gewone),471.6,60,51,Populier species,14.6,38.2
768,2,2013,89,Zwarte els,393,57.1,89,Zwarte els,19.2,56.5
801,2,2013,7,Beuk,226,95.8,7,Beuk,41.7,97
802,2,2013,7,Beuk,294.7,100,7,Beuk,39.8,100
803,2,2013,7,Beuk,186.7,79.2,7,Beuk,33.2,87.6
804,2,2013,7,Beuk,294.7,93.7,7,Beuk,38.5,90.4
805,2,2013,87,Zomereik,334,45.9,87,Zomereik,34,92.9
806,2,2013,7,Beuk,216.1,100,7,Beuk,32.9,100
807,2,2013,16,Esdoorn (gewone),216.1,37.9,87,Zomereik,23.1,64.2
808,2,2013,16,Esdoorn (gewone),432.3,48.9,87,Zomereik,32.1,80.2
809,2,2013,16,Esdoorn (gewone),353.7,43.9,87,Zomereik,31.7,84.3
810,2,2013,87,Zomereik,255.4,52,87,Zomereik,25.4,81.7
811,2,2013,14,Es (gewone),235.8,32.9,14,Es (gewone),18.9,49.5
812,2,2013,87,Zomereik,304.6,40.8,87,Zomereik,25.9,55.7
813,2,2013,16,Esdoorn (gewone),196.5,39.2,87,Zomereik,21.9,77.1
814,2,2013,14,Es (gewone),216.1,66.7,14,Es (gewone),12.7,64.1
815,2,2013,16,Esdoorn (gewone),314.4,39.5,87,Zomereik,27,68.7
816,2,2013,87,Zomereik,304.6,52.6,87,Zomereik,32.4,64.7
817,2,2013,16,Esdoorn (gewone),196.5,39.2,87,Zomereik,16.6,52.2
818,2,2013,80,Wintereik,196.5,86.9,80,Wintereik,17.7,67
819,2,2013,27,Haagbeuk,245.6,48.1,87,Zomereik,10.5,29.5
820,2,2013,16,Esdoorn (gewone),432.3,58.7,87,Zomereik,20.8,66.2
821,2,2013,80,Wintereik,137.5,60.8,80,Wintereik,18.7,81
822,2,2013,16,Esdoorn (gewone),451.9,52.9,87,Zomereik,22,57.4
823,2,2013,7,Beuk,609.1,100,7,Beuk,56.1,100
824,2,2013,16,Esdoorn (gewone),314.4,44.4,87,Zomereik,21.3,60.9
825,2,2013,27,Haagbeuk,235.8,50,14,Es (gewone),14.3,43.2
826,2,2013,7,Beuk,383.2,100,7,Beuk,41,100
827,2,2013,7,Beuk,550.2,70.9,91,Zwarte walnoot,18.1,50.7
828,2,2013,7,Beuk,353.7,100,7,Beuk,36.7,100
829,2,2013,16,Esdoorn (gewone),334,49.3,87,Zomereik,14.7,47.9
830,2,2013,7,Beuk,343.9,100,7,Beuk,37.4,100
831,2,2013,7,Beuk,373.3,100,7,Beuk,34.6,100
832,2,2013,7,Beuk,393,97.6,7,Beuk,34.5,95.8
833,2,2013,16,Esdoorn (gewone),314.4,34.8,87,Zomereik,22,51.5
91000,2,2013,83,Witte els (grauwe),760.2,61.6,83,Witte els (grauwe),16.7,46.8
101000,2,2013,16,Esdoorn (gewone),149,32.2,7,Beuk,21.4,58.8
701,2,2014,4,Amerikaanse vogelkers,314.4,53.3,16,Esdoorn (gewone),2.9,63
709,2,2014,4,Amerikaanse vogelkers,786,54.1,57,Ruwe berk,8.9,53.6
738,2,2014,86,Zachte berk,510.9,46.4,57,Ruwe berk,13.5,49.3
739,2,2014,87,Zomereik,39.3,100,87,Zomereik,3.6,100
740,2,2014,89,Zwarte els,196.5,27.8,89,Zwarte els,7.6,41.5
841,2,2014,16,Esdoorn (gewone),510.9,73.2,16,Esdoorn (gewone),18.8,67.1
842,2,2014,16,Esdoorn (gewone),275.1,60.9,3,Amerikaanse eik,20.8,56.1
843,2,2014,7,Beuk,903.8,83.6,7,Beuk,18,49
844,2,2014,64,Tamme kastanje,98.2,43.5,87,Zomereik,12.9,51.6
845,2,2014,87,Zomereik,550.2,87.5,87,Zomereik,16.5,62.3
846,2,2014,7,Beuk,943.1,97,7,Beuk,27.6,75.4
847,2,2014,28,Hazelaar,157.2,32.7,51,Populier species,40.9,78.5
848,2,2014,7,Beuk,1061,99.1,7,Beuk,30.8,94.5
849,2,2014,64,Tamme kastanje,117.9,30.8,51,Populier species,22.8,68.5
850,2,2014,69,Vlier,353.7,52.2,51,Populier species,20.8,56.2
851,2,2014,16,Esdoorn (gewone),117.9,70.6,87,Zomereik,10.7,32.7
852,2,2014,7,Beuk,943.1,98,7,Beuk,24.1,86.4
853,2,2014,7,Beuk,864.5,98.9,7,Beuk,26.1,83.4
854,2,2014,16,Esdoorn (gewone),157.2,29.6,51,Populier species,36.7,69.5
855,2,2014,7,Beuk,324.2,46.5,14,Es (gewone),9.6,23.6
856,2,2014,7,Beuk,1296.8,85.2,7,Beuk,22.1,55.9
857,2,2014,16,Esdoorn (gewone),157.2,48.5,87,Zomereik,20.5,57.9
858,2,2014,7,Beuk,707.4,71.3,7,Beuk,10.7,33.2
859,2,2014,7,Beuk,1345.9,92.6,14,Es (gewone),17.8,49
860,2,2014,7,Beuk,1336.1,95.1,14,Es (gewone),15.2,51.4
861,2,2014,16,Esdoorn (gewone),314.4,53.3,51,Populier species,36.2,73
862,2,2014,14,Es (gewone),39.3,40,14,Es (gewone),12.1,66.1
863,2,2014,16,Esdoorn (gewone),235.8,70.6,14,Es (gewone),13.8,35.8
864,2,2014,16,Esdoorn (gewone),245.6,43.9,87,Zomereik,19.4,48.4
865,2,2014,16,Esdoorn (gewone),393,61.5,87,Zomereik,18.4,58.2
866,2,2014,16,Esdoorn (gewone),471.6,64,87,Zomereik,24.8,57.4
867,2,2014,64,Tamme kastanje,137.5,42.4,87,Zomereik,28.6,55.5
868,2,2014,16,Esdoorn (gewone),157.2,37.2,87,Zomereik,18.9,50.8
869,2,2014,16,Esdoorn (gewone),235.8,54.5,87,Zomereik,25.8,63.1
870,2,2014,16,Esdoorn (gewone),314.4,58.2,87,Zomereik,14.2,30
871,2,2014,64,Tamme kastanje,226,48.9,64,Tamme kastanje,22.3,57
872,2,2014,24,Grauwe abeel,127.7,32.5,24,Grauwe abeel,17.8,47.3
873,2,2014,16,Esdoorn (gewone),157.2,39,64,Tamme kastanje,19.7,35.4
874,2,2014,57,Ruwe berk,98.2,28.6,51,Populier species,15,45
875,2,2014,64,Tamme kastanje,157.2,30.2,24,Grauwe abeel,21.6,53.7
876,2,2014,16,Esdoorn (gewone),353.7,76.6,51,Populier species,33.3,55.8
877,2,2014,64,Tamme kastanje,245.6,59.5,64,Tamme kastanje,37.5,72
878,2,2014,16,Esdoorn (gewone),265.3,67.5,16,Esdoorn (gewone),14.5,40.5
879,2,2014,16,Esdoorn (gewone),157.2,48.5,51,Populier species,30.4,72.7
880,2,2014,16,Esdoorn (gewone),442.1,77.6,16,Esdoorn (gewone),17.1,39.2
881,2,2014,16,Esdoorn (gewone),167,77.3,16,Esdoorn (gewone),8.8,44
882,2,2014,14,Es (gewone),677.9,65.1,51,Populier species,33.1,67.8
883,2,2014,16,Esdoorn (gewone),196.5,47.6,16,Esdoorn (gewone),18.6,50.1
884,2,2014,16,Esdoorn (gewone),353.7,37.1,51,Populier species,52.5,82.8
885,2,2014,16,Esdoorn (gewone),196.5,52.6,87,Zomereik,23.4,43.6
886,2,2014,14,Es (gewone),363.5,52.9,64,Tamme kastanje,24.8,43.7
887,2,2014,16,Esdoorn (gewone),235.8,57.1,14,Es (gewone),22.2,47.7
888,2,2014,69,Vlier,432.3,59.5,51,Populier species,42.9,67.3
889,2,2014,16,Esdoorn (gewone),353.7,65.5,87,Zomereik,21.6,50.6
890,2,2014,87,Zomereik,117.9,40,87,Zomereik,28.6,71.1
1301,2,2014,14,Es (gewone),324.2,44.6,51,Populier species,29,60.8
1302,2,2014,16,Esdoorn (gewone),196.5,48.8,51,Populier species,41.2,78.5
1303,2,2014,14,Es (gewone),88.4,39.1,14,Es (gewone),20,69
1304,2,2014,16,Esdoorn (gewone),117.9,44.4,87,Zomereik,9.6,30.3
1305,2,2014,16,Esdoorn (gewone),157.2,55.2,14,Es (gewone),15.3,59.8
1306,2,2014,69,Vlier,275.1,48.3,14,Es (gewone),14.7,37.8
1307,2,2014,64,Tamme kastanje,432.3,59.5,51,Populier species,37,67.6
1308,2,2014,27,Haagbeuk,196.5,37,14,Es (gewone),28,50.2
1309,2,2014,27,Haagbeuk,117.9,40,51,Populier species,35.6,65.4
1310,2,2014,27,Haagbeuk,78.6,27.6,14,Es (gewone),13.1,44.7
1312,2,2014,14,Es (gewone),235.8,66.7,14,Es (gewone),9.3,53.4
1313,2,2014,89,Zwarte els,39.3,100,89,Zwarte els,0.6,100
1315,2,2014,14,Es (gewone),9.8,100,14,Es (gewone),3,100
1316,2,2014,27,Haagbeuk,314.4,40.5,51,Populier species,31.8,60.3
1318,2,2014,14,Es (gewone),39.3,30.8,51,Populier species,8.7,87.9
1319,2,2014,14,Es (gewone),235.8,75,14,Es (gewone),6.3,54.8
1320,2,2014,77,Wilg breedbladige species,157.2,57.1,77,Wilg breedbladige species,2.6,86.7
1321,2,2014,27,Haagbeuk,117.9,20,87,Zomereik,20.3,35.3
1322,2,2014,3,Amerikaanse eik,39.3,30.8,87,Zomereik,6.3,35.2
1323,2,2014,77,Wilg breedbladige species,78.6,100,77,Wilg breedbladige species,0.2,100
1324,2,2014,16,Esdoorn (gewone),393,71.4,16,Esdoorn (gewone),18.8,40.4
1325,2,2014,89,Zwarte els,39.3,100,89,Zwarte els,0.2,100
1326,2,2014,87,Zomereik,786,42.6,77,Wilg breedbladige species,15,44.4
1327,2,2014,69,Vlier,196.5,39.2,51,Populier species,25.3,80.8
1328,2,2014,14,Es (gewone),167,37.8,14,Es (gewone),27.5,60.6
1329,2,2014,14,Es (gewone),314.4,55.2,51,Populier species,18.5,55.1
1330,2,2014,57,Ruwe berk,393,100,57,Ruwe berk,3.1,100
1331,2,2014,77,Wilg breedbladige species,668.1,81,77,Wilg breedbladige species,24.8,96.1
1332,2,2014,27,Haagbeuk,39.3,100,27,Haagbeuk,6.7,100
1333,2,2014,69,Vlier,510.9,57.1,64,Tamme kastanje,7.9,69.9
1334,2,2014,14,Es (gewone),39.3,100,14,Es (gewone),0.1,100
1337,2,2014,77,Wilg breedbladige species,550.2,77.8,77,Wilg breedbladige species,19.5,74.4
1338,2,2014,16,Esdoorn (gewone),255.4,31.3,14,Es (gewone),14.8,41
1339,2,2014,14,Es (gewone),39.3,100,14,Es (gewone),0.3,100
1341,2,2014,59,Sleedoorn,39.3,100,59,Sleedoorn,0.1,100
1342,2,2014,16,Esdoorn (gewone),157.2,32,14,Es (gewone),24,52.2
1343,2,2014,16,Esdoorn (gewone),510.9,69.3,87,Zomereik,27.3,68.1
1344,2,2014,16,Esdoorn (gewone),314.4,48.5,87,Zomereik,24.4,44.9
1345,2,2014,89,Zwarte els,786,83.3,89,Zwarte els,8.3,71.6
1346,2,2014,16,Esdoorn (gewone),560,82.6,87,Zomereik,22,47.3
1347,2,2014,87,Zomereik,137.5,38.9,87,Zomereik,26,61.8
1351,2,2014,89,Zwarte els,314.4,42.1,89,Zwarte els,6.1,47.7
1352,2,2014,16,Esdoorn (gewone),1061,85,51,Populier species,17.6,46.9
1353,2,2014,16,Esdoorn (gewone),314.4,60.4,87,Zomereik,26.2,50.8
1355,2,2014,77,Wilg breedbladige species,39.3,100,77,Wilg breedbladige species,1,100
1356,2,2014,14,Es (gewone),284.9,39.2,51,Populier species,13.2,32.8
1357,2,2014,16,Esdoorn (gewone),393,62.5,14,Es (gewone),16.1,34.6
1358,2,2014,16,Esdoorn (gewone),628.8,73.6,51,Populier species,35.4,56.6
1359,2,2014,87,Zomereik,39.3,100,87,Zomereik,0.2,100
1360,2,2014,89,Zwarte els,1689.8,81.1,89,Zwarte els,13.2,75.9
1361,2,2014,27,Haagbeuk,235.8,37.5,87,Zomereik,24.1,53.9
1362,2,2014,16,Esdoorn (gewone),117.9,63.1,7,Beuk,11.6,43.4
1364,2,2014,27,Haagbeuk,39.3,100,27,Haagbeuk,1.1,100
1365,2,2014,16,Esdoorn (gewone),766.3,66.1,16,Esdoorn (gewone),19.4,54.5
1366,2,2014,14,Es (gewone),864.5,56.4,89,Zwarte els,6.5,42.5
1367,2,2014,89,Zwarte els,510.9,35.4,51,Populier species,5.4,25.1
1368,2,2014,89,Zwarte els,39.3,100,89,Zwarte els,0.4,100
1369,2,2014,89,Zwarte els,510.9,35.6,51,Populier species,21.9,51.8
1372,2,2014,89,Zwarte els,982.4,57.8,51,Populier species,21.6,48.2
1373,2,2014,77,Wilg breedbladige species,1886.3,100,77,Wilg breedbladige species,16.4,100
111000,2,2014,16,Esdoorn (gewone),177.6,42.3,87,Zomereik,22.5,57.7
171100,2,2014,89,Zwarte els,526,71.7,89,Zwarte els,19.3,59.6
171200,2,2014,89,Zwarte els,296,30.8,87,Zomereik,15.3,67.4
901,2,2015,28,Hazelaar,235.8,48,87,Zomereik,27,91.8
902,2,2015,28,Hazelaar,196.5,39.2,87,Zomereik,11.5,47.3
903,2,2015,16,Esdoorn (gewone),117.9,37.5,87,Zomereik,26.4,58.8
904,2,2015,7,Beuk,294.7,85.7,7,Beuk,19,81.2
905,2,2015,7,Beuk,284.9,85.3,7,Beuk,35.2,92.6
906,2,2015,28,Hazelaar,196.5,44.4,87,Zomereik,20.2,88.6
907,2,2015,28,Hazelaar,117.9,35.3,87,Zomereik,34.8,81.1
908,2,2015,16,Esdoorn (gewone),127.7,44.8,87,Zomereik,29.9,57.5
909,2,2015,11,Corsicaanse den,491.2,53.2,11,Corsicaanse den,58.7,95.6
910,2,2015,64,Tamme kastanje,982.4,97.1,64,Tamme kastanje,29.3,69.4
911,2,2015,7,Beuk,117.9,75,7,Beuk,22.5,68.6
912,2,2015,87,Zomereik,520.7,100,87,Zomereik,31.1,100
913,2,2015,16,Esdoorn (gewone),167,48.6,87,Zomereik,22.5,48.5
914,2,2015,7,Beuk,383.2,95.1,7,Beuk,34.6,82.4
915,2,2015,7,Beuk,176.8,78.2,7,Beuk,30.5,74.2
916,2,2015,26,Grove den,383.2,54.2,26,Grove den,32,88.6
917,2,2015,26,Grove den,1198.6,56,26,Grove den,7.5,40.8
918,2,2015,81,Winterlinde,157.2,48.5,87,Zomereik,15,46.3
919,2,2015,87,Zomereik,343.9,100,87,Zomereik,31.4,100
920,2,2015,87,Zomereik,717.2,84.9,87,Zomereik,25.4,90.7
921,2,2015,7,Beuk,903.8,96.8,80,Wintereik,19.1,62.2
922,2,2015,7,Beuk,78.6,36.4,16,Esdoorn (gewone),7.4,51.4
923,2,2015,7,Beuk,216.1,45.8,11,Corsicaanse den,20.2,50
924,2,2015,57,Ruwe berk,127.7,41.9,7,Beuk,3.4,41.5
925,2,2015,7,Beuk,304.6,64.6,7,Beuk,13.8,41.8
926,2,2015,28,Hazelaar,275.1,49.1,87,Zomereik,31.3,72.6
927,2,2015,16,Esdoorn (gewone),353.7,66.7,87,Zomereik,34.4,67.9
928,2,2015,16,Esdoorn (gewone),206.3,46.7,16,Esdoorn (gewone),14,48.8
929,2,2015,7,Beuk,127.7,81.2,7,Beuk,37.8,82.4
930,2,2015,7,Beuk,255.4,66.6,7,Beuk,14,73.7
931,2,2015,7,Beuk,707.4,97.3,7,Beuk,25.8,71.7
932,2,2015,64,Tamme kastanje,864.5,93.6,64,Tamme kastanje,22,59.1
933,2,2015,16,Esdoorn (gewone),117.9,42.9,87,Zomereik,16,73.1
934,2,2015,16,Esdoorn (gewone),235.8,54.5,87,Zomereik,23.9,61.3
935,2,2015,16,Esdoorn (gewone),167,62.9,16,Esdoorn (gewone),15.9,55.4
936,2,2015,16,Esdoorn (gewone),235.8,46.2,87,Zomereik,27.6,82.9
937,2,2015,28,Hazelaar,78.6,27.6,87,Zomereik,24.3,55.4
938,2,2015,7,Beuk,275.1,100,7,Beuk,37.6,100
939,2,2015,27,Haagbeuk,196.5,47.6,87,Zomereik,30.8,79.2
940,2,2015,28,Hazelaar,432.3,50,87,Zomereik,19.6,62.2
941,2,2015,81,Winterlinde,235.8,50,87,Zomereik,30.7,74.3
942,2,2015,16,Esdoorn (gewone),216.1,52.4,87,Zomereik,13.9,46.2
943,2,2015,87,Zomereik,226,48.9,16,Esdoorn (gewone),15,49.3
944,2,2015,16,Esdoorn (gewone),176.8,45,87,Zomereik,19.8,61.7
945,2,2015,28,Hazelaar,314.4,55.2,87,Zomereik,20.8,53.9
946,2,2015,16,Esdoorn (gewone),206.3,52.5,87,Zomereik,21.4,50.4
947,2,2015,28,Hazelaar,157.2,38.1,87,Zomereik,21.7,62.9
948,2,2015,27,Haagbeuk,78.6,36.4,87,Zomereik,21.5,83
949,2,2015,16,Esdoorn (gewone),206.3,46.7,16,Esdoorn (gewone),12.9,50.4
950,2,2015,16,Esdoorn (gewone),363.5,90.2,87,Zomereik,19.2,58.7
951,2,2015,16,Esdoorn (gewone),334,66.7,87,Zomereik,13.2,66.7
952,2,2015,16,Esdoorn (gewone),216.1,70.9,87,Zomereik,24.6,53.1
953,2,2015,87,Zomereik,226,60.5,16,Esdoorn (gewone),12.3,49.8
954,2,2015,7,Beuk,157.2,41,87,Zomereik,17.8,60.1
955,2,2015,28,Hazelaar,196.5,52.6,87,Zomereik,10.6,35.5
956,2,2015,16,Esdoorn (gewone),235.8,80,16,Esdoorn (gewone),25.7,58
957,2,2015,16,Esdoorn (gewone),245.6,58.1,87,Zomereik,11.6,46.8
958,2,2015,16,Esdoorn (gewone),304.6,62,87,Zomereik,17.8,55.5
959,2,2015,28,Hazelaar,550.2,73.7,87,Zomereik,17.2,59.5
960,2,2015,28,Hazelaar,275.1,47.5,16,Esdoorn (gewone),20.1,49.8
961,2,2015,16,Esdoorn (gewone),235.8,40.7,87,Zomereik,25.9,65.6
962,2,2015,16,Esdoorn (gewone),255.4,43.3,87,Zomereik,21.6,60.3
963,2,2015,87,Zomereik,255.4,65,87,Zomereik,12.2,64.2
964,2,2015,87,Zomereik,324.2,64.7,87,Zomereik,22.1,78.1
965,2,2015,28,Hazelaar,196.5,66.7,87,Zomereik,15.8,71.8
966,2,2015,87,Zomereik,304.6,63.3,87,Zomereik,18.8,58.9
121000,2,2015,16,Esdoorn (gewone),245.9,55.5,87,Zomereik,16.8,44.2
1003,2,2016,57,Ruwe berk,353.7,41.7,57,Ruwe berk,15.5,49.4
1004,2,2016,57,Ruwe berk,282.9,35.7,57,Ruwe berk,16.1,55.3
1005,2,2016,86,Zachte berk,438.6,66,86,Zachte berk,24.7,66
1008,2,2016,87,Zomereik,113.2,34.8,3,Amerikaanse eik,15.4,53.8
1009,2,2016,86,Zachte berk,183.9,40.6,3,Amerikaanse eik,11.7,31.3
1011,2,2016,87,Zomereik,113.2,26.7,87,Zomereik,13.9,55.4
1018,2,2016,86,Zachte berk,438.6,54.4,86,Zachte berk,14.6,43.2
1019,2,2016,86,Zachte berk,537.6,53.5,86,Zachte berk,15.1,48.7
1022,2,2016,87,Zomereik,212.2,46.9,87,Zomereik,21.7,45.6
1023,2,2016,86,Zachte berk,537.6,61.3,86,Zachte berk,14.6,56.8
1024,2,2016,57,Ruwe berk,339.5,50,57,Ruwe berk,15.6,55.3
1026,2,2016,86,Zachte berk,84.9,23.1,87,Zomereik,12.3,36.7
1027,2,2016,86,Zachte berk,226.4,40,87,Zomereik,18.6,61.6
1028,2,2016,87,Zomereik,169.8,34.3,87,Zomereik,18.5,47.2
1029,2,2016,86,Zachte berk,240.5,29.8,3,Amerikaanse eik,9.9,36
1032,2,2016,87,Zomereik,254.6,46.1,87,Zomereik,26.6,65.5
1035,2,2016,3,Amerikaanse eik,198.1,51.9,3,Amerikaanse eik,35,82.7
1037,2,2016,87,Zomereik,141.5,34.5,3,Amerikaanse eik,23.8,57.1
1041,2,2016,64,Tamme kastanje,240.5,50,64,Tamme kastanje,29.2,62
1044,2,2016,86,Zachte berk,141.5,32.3,86,Zachte berk,6.4,40.8
1046,2,2016,3,Amerikaanse eik,113.2,34.8,3,Amerikaanse eik,21.1,57.8
1051,2,2016,64,Tamme kastanje,311.2,57.9,64,Tamme kastanje,28.3,65.8
1052,2,2016,64,Tamme kastanje,382,51.9,64,Tamme kastanje,21.5,48.6
1053,2,2016,87,Zomereik,127.3,30,3,Amerikaanse eik,14,39.5
1058,2,2016,3,Amerikaanse eik,240.5,45.9,3,Amerikaanse eik,35.9,77.5
1059,2,2016,57,Ruwe berk,198.1,42.4,57,Ruwe berk,12.2,43
1060,2,2016,87,Zomereik,113.2,30.8,3,Amerikaanse eik,13.1,37.1
1062,2,2016,28,Hazelaar,99,31.8,3,Amerikaanse eik,28.5,85.3
1063,2,2016,3,Amerikaanse eik,84.9,21.4,3,Amerikaanse eik,28.1,64.9
1065,2,2016,87,Zomereik,169.8,42.9,87,Zomereik,21.4,72.3
1101,2,2016,89,Zwarte els,432.3,83,89,Zwarte els,19.6,82.4
1102,2,2016,39,Lijsterbes,314.4,42.1,87,Zomereik,15.6,72.2
1103,2,2016,86,Zachte berk,599.3,57,86,Zachte berk,10.1,52.6
1104,2,2016,86,Zachte berk,628.8,54.7,26,Grove den,33.4,75.4
1105,2,2016,14,Es (gewone),294.7,33.3,87,Zomereik,13.8,56.1
1106,2,2016,86,Zachte berk,903.8,54.1,26,Grove den,38.8,83.6
1107,2,2016,86,Zachte berk,864.5,62.9,26,Grove den,32.5,81.2
1108,2,2016,89,Zwarte els,451.9,79.3,89,Zwarte els,40.4,93.3
1109,2,2016,39,Lijsterbes,432.3,26.7,26,Grove den,38.3,83.3
1110,2,2016,89,Zwarte els,432.3,100,89,Zwarte els,43.1,100
1111,2,2016,89,Zwarte els,157.2,37.2,89,Zwarte els,18.8,62.7
1112,2,2016,87,Zomereik,255.4,41.9,87,Zomereik,9.8,55.4
1113,2,2016,89,Zwarte els,589.5,55.6,89,Zwarte els,28.4,74
1114,2,2016,77,Wilg breedbladige species,746.7,61.3,89,Zwarte els,38.7,92.4
1115,2,2016,89,Zwarte els,579.6,100,89,Zwarte els,48.3,100
1116,2,2016,89,Zwarte els,520.7,57,89,Zwarte els,50.6,95.1
1117,2,2016,89,Zwarte els,569.8,81.7,89,Zwarte els,65.1,97.7
1118,2,2016,89,Zwarte els,825.2,82.3,89,Zwarte els,35.2,84.6
1119,2,2016,89,Zwarte els,628.8,76.2,89,Zwarte els,79.5,98.6
1120,2,2016,89,Zwarte els,550.2,70,89,Zwarte els,35.8,96.8
1121,2,2016,89,Zwarte els,432.3,42.7,89,Zwarte els,27.3,69.3
1122,2,2016,89,Zwarte els,481.4,92.5,89,Zwarte els,51.1,99.8
1123,2,2016,89,Zwarte els,235.8,57.1,89,Zwarte els,16.4,65.9
1124,2,2016,89,Zwarte els,432.3,57.9,89,Zwarte els,14.3,49.5
1125,2,2016,89,Zwarte els,520.7,52.5,89,Zwarte els,21.1,71
1126,2,2016,87,Zomereik,275.1,41.2,87,Zomereik,23.6,77.9
1127,2,2016,89,Zwarte els,284.9,87.9,89,Zwarte els,44.6,99.8
1128,2,2016,89,Zwarte els,196.5,50,89,Zwarte els,32.6,97.9
1129,2,2016,86,Zachte berk,353.7,37.5,87,Zomereik,11.4,47.3
1130,2,2016,77,Wilg breedbladige species,668.1,64.8,77,Wilg breedbladige species,10.2,49.5
1131,2,2016,89,Zwarte els,864.5,57.9,89,Zwarte els,26.2,67.4
1132,2,2016,86,Zachte berk,432.3,38.9,26,Grove den,22.4,75.9
1133,2,2016,39,Lijsterbes,471.6,47.5,87,Zomereik,40.5,91.4
1134,2,2016,39,Lijsterbes,353.7,25.9,26,Grove den,23.4,64.8
1135,2,2016,39,Lijsterbes,275.1,40.6,86,Zachte berk,3.3,28.9
1136,2,2016,39,Lijsterbes,432.3,38.9,87,Zomereik,9.6,54.2
1137,2,2016,86,Zachte berk,628.8,65.3,26,Grove den,24.9,77.8
1138,2,2016,86,Zachte berk,1178.9,85.7,86,Zachte berk,16.4,68.9
1139,2,2016,86,Zachte berk,432.3,61.1,87,Zomereik,16.9,72.8
1140,2,2016,86,Zachte berk,628.8,38.3,26,Grove den,14,58.6
1141,2,2016,89,Zwarte els,393,50,87,Zomereik,21.3,65.1
1142,2,2016,89,Zwarte els,471.6,58.5,89,Zwarte els,24.4,71.3
1143,2,2016,63,Sporkehout,393,33.6,87,Zomereik,10.3,39.3
1144,2,2016,86,Zachte berk,550.2,45.5,26,Grove den,37.6,87.2
1145,2,2016,86,Zachte berk,1336.1,81.4,26,Grove den,14.1,53.6
1146,2,2016,86,Zachte berk,746.7,71.7,26,Grove den,19.1,56.2
1147,2,2016,89,Zwarte els,1336.1,90.7,89,Zwarte els,44.9,91.4
1148,2,2016,89,Zwarte els,1571.9,96.4,89,Zwarte els,35.2,90.5
1149,2,2016,39,Lijsterbes,471.6,36.4,26,Grove den,21.7,63.8
1150,2,2016,26,Grove den,501,38.9,26,Grove den,46.6,92.6
1151,2,2016,86,Zachte berk,668.1,63,26,Grove den,25.8,78.9
1152,2,2016,86,Zachte berk,786,68.4,86,Zachte berk,12.3,56.9
1153,2,2016,86,Zachte berk,314.4,41,89,Zwarte els,10,47.6
1154,2,2016,86,Zachte berk,677.9,65.1,86,Zachte berk,13.6,43.5
1155,2,2016,86,Zachte berk,275.1,50.9,87,Zomereik,6.3,39.6
1156,2,2016,86,Zachte berk,668.1,50.7,26,Grove den,15.1,49.2
1157,2,2016,86,Zachte berk,324.2,32.4,87,Zomereik,9.5,35.8
1158,2,2016,39,Lijsterbes,432.3,46.8,87,Zomereik,10.6,75.7
1159,2,2016,86,Zachte berk,825.2,65.1,24,Grauwe abeel,23.2,52.6
1160,2,2016,63,Sporkehout,196.5,29,87,Zomereik,10.5,57.4
1161,2,2016,86,Zachte berk,275.1,50.9,87,Zomereik,12.1,51.1
1162,2,2016,39,Lijsterbes,314.4,40.5,87,Zomereik,21.7,82.5
1163,2,2016,39,Lijsterbes,353.7,42.4,87,Zomereik,16.2,71.4
1164,2,2016,87,Zomereik,216.1,23.2,26,Grove den,17.6,51.5
1165,2,2016,83,Witte els (grauwe),353.7,73.5,77,Wilg breedbladige species,7,59.8
1166,2,2016,89,Zwarte els,206.3,48.8,87,Zomereik,11.6,36.8
1167,2,2016,86,Zachte berk,275.1,24.6,26,Grove den,19.8,50.4
1168,2,2016,89,Zwarte els,275.1,65.1,89,Zwarte els,24.6,78.8
1169,2,2016,89,Zwarte els,314.4,66.7,89,Zwarte els,18.4,46.6
1170,2,2016,89,Zwarte els,510.9,67.5,89,Zwarte els,33,82.5
1171,2,2016,86,Zachte berk,471.6,42.5,86,Zachte berk,10.3,38.4
1172,2,2016,77,Wilg breedbladige species,982.4,84,77,Wilg breedbladige species,25.1,57.7
1173,2,2016,86,Zachte berk,668.1,49.3,26,Grove den,9.4,33.8
1174,2,2016,89,Zwarte els,432.3,43.1,89,Zwarte els,21.8,56.3
1175,2,2016,89,Zwarte els,275.1,47.5,89,Zwarte els,13.4,50.2
1176,2,2016,89,Zwarte els,393,41.2,89,Zwarte els,13.5,49.1
1177,2,2016,86,Zachte berk,1149.5,69.2,87,Zomereik,14.8,44.2
1178,2,2016,89,Zwarte els,432.3,42.7,87,Zomereik,26.5,70.5
1401,2,2016,16,Esdoorn (gewone),117.9,44.4,87,Zomereik,11.1,54.4
1402,2,2016,28,Hazelaar,39.3,50,24,Grauwe abeel,9,58.4
1403,2,2016,28,Hazelaar,314.4,72.7,87,Zomereik,8.6,61
1404,2,2016,28,Hazelaar,628.8,58.7,87,Zomereik,10.5,46.9
1405,2,2016,28,Hazelaar,157.2,69.6,87,Zomereik,7.5,60
1406,2,2016,28,Hazelaar,117.9,80,87,Zomereik,9.7,86.6
1407,2,2016,27,Haagbeuk,117.9,42.9,87,Zomereik,16.5,46.6
1408,2,2016,28,Hazelaar,471.6,70.6,87,Zomereik,27.5,87.9
1409,2,2016,28,Hazelaar,628.8,75.3,28,Hazelaar,11.8,42.4
1410,2,2016,28,Hazelaar,353.7,72,87,Zomereik,12.6,44.7
1411,2,2016,27,Haagbeuk,117.9,27.9,87,Zomereik,27.8,62.6
1412,2,2016,87,Zomereik,294.7,41.7,87,Zomereik,26.5,72.4
1413,2,2016,87,Zomereik,491.2,75.8,87,Zomereik,23.6,92.2
1414,2,2016,27,Haagbeuk,157.2,42.1,87,Zomereik,12.8,44.1
1415,2,2016,28,Hazelaar,196.5,46.5,87,Zomereik,22.6,86.9
1416,2,2016,87,Zomereik,275.1,50,87,Zomereik,25.8,87.8
1417,2,2016,87,Zomereik,206.3,42.9,87,Zomereik,26.8,78.4
1418,2,2016,28,Hazelaar,353.7,65.5,87,Zomereik,25.4,66.8
1419,2,2016,16,Esdoorn (gewone),353.7,38.3,87,Zomereik,21.1,72
1420,2,2016,16,Esdoorn (gewone),1257.5,81.5,16,Esdoorn (gewone),14.6,46.9
1421,2,2016,28,Hazelaar,235.8,53.3,87,Zomereik,26.6,74.3
1422,2,2016,87,Zomereik,540.3,93.2,87,Zomereik,29.5,99.7
1423,2,2016,28,Hazelaar,314.4,61.5,87,Zomereik,21.5,90.7
1424,2,2016,28,Hazelaar,275.1,60.9,87,Zomereik,23.8,69.2
1425,2,2016,28,Hazelaar,235.8,61.5,87,Zomereik,24.7,77.4
1426,2,2016,28,Hazelaar,196.5,37,87,Zomereik,16.8,62.2
1427,2,2016,27,Haagbeuk,353.7,52.9,87,Zomereik,24.7,71
1428,2,2016,16,Esdoorn (gewone),294.7,43.5,87,Zomereik,16.4,51.7
1429,2,2016,28,Hazelaar,589.5,61.9,87,Zomereik,38.3,94.1
1430,2,2016,28,Hazelaar,432.3,62,87,Zomereik,24,78.4
1431,2,2016,27,Haagbeuk,510.9,86.7,27,Haagbeuk,18.8,51.2
1432,2,2016,87,Zomereik,157.2,38.1,87,Zomereik,16.1,51.4
1433,2,2016,6,Berk,628.8,41.8,87,Zomereik,10.7,56.6
1434,2,2016,6,Berk,668.1,33.5,16,Esdoorn (gewone),6.8,22.5
1435,2,2016,16,Esdoorn (gewone),432.3,62.9,87,Zomereik,7.3,64
1436,2,2016,57,Ruwe berk,786,32.1,57,Ruwe berk,4.9,27.8
1437,2,2016,57,Ruwe berk,825.2,35,87,Zomereik,11.9,43.9
1438,2,2016,16,Esdoorn (gewone),176.8,32.7,16,Esdoorn (gewone),6.7,44.1
1439,2,2016,16,Esdoorn (gewone),825.2,57.5,87,Zomereik,10.2,45.3
1440,2,2016,28,Hazelaar,314.4,51.6,28,Hazelaar,5.6,54.4
1441,2,2016,16,Esdoorn (gewone),432.3,63.8,87,Zomereik,14.8,91.9
1442,2,2016,16,Esdoorn (gewone),393,57.1,87,Zomereik,15.2,86.4
1443,2,2016,87,Zomereik,147.4,79,87,Zomereik,13.3,99.3
1444,2,2016,28,Hazelaar,157.2,53.3,87,Zomereik,23.2,93.5
1445,2,2016,16,Esdoorn (gewone),117.9,48,87,Zomereik,10.3,76.9
1446,2,2016,16,Esdoorn (gewone),432.3,62.9,87,Zomereik,7.1,59.7
1447,2,2016,28,Hazelaar,157.2,61.6,87,Zomereik,16.5,69.6
1448,2,2016,16,Esdoorn (gewone),117.9,36.4,87,Zomereik,11.9,57.5
1449,2,2016,57,Ruwe berk,157.2,55.2,87,Zomereik,9.4,63.9
1450,2,2016,16,Esdoorn (gewone),363.5,56.9,87,Zomereik,14.7,75.8
1451,2,2016,24,Grauwe abeel,510.9,67.5,87,Zomereik,14,57.9
1452,2,2016,87,Zomereik,304.6,55.4,87,Zomereik,17.8,77.4
131000,2,2016,28,Hazelaar,105.9,22.9,3,Amerikaanse eik,14.6,46.2
141100,2,2016,89,Zwarte els,398,64.4,89,Zwarte els,40.4,88
141200,2,2016,86,Zachte berk,140,30.4,87,Zomereik,14.9,72.7
1201,2,2017,16,Esdoorn (gewone),471.6,33.8,78,Wilg smalbladige species,12.8,32.9
1202,2,2017,16,Esdoorn (gewone),628.8,42.7,14,Es (gewone),16.2,49.5
1203,2,2017,89,Zwarte els,353.7,32.1,89,Zwarte els,9.5,43.8
1204,2,2017,39,Lijsterbes,235.8,26.1,51,Populier species,31,76.7
1205,2,2017,28,Hazelaar,235.8,37.5,50,Paardekastanje,12.2,38.4
1206,2,2017,28,Hazelaar,314.4,54.2,51,Populier species,10.5,33.5
1207,2,2017,14,Es (gewone),373.3,37.3,14,Es (gewone),13.2,68.4
1208,2,2017,81,Winterlinde,206.3,48.8,81,Winterlinde,9.1,58.3
1209,2,2017,87,Zomereik,393,45.5,87,Zomereik,14.7,48.8
1210,2,2017,89,Zwarte els,589.5,54.5,51,Populier species,37.7,72.6
1211,2,2017,16,Esdoorn (gewone),786,70.2,51,Populier species,21.9,59.3
1212,2,2017,89,Zwarte els,1729.1,94.1,89,Zwarte els,20.7,75.5
1213,2,2017,89,Zwarte els,157.2,26.2,89,Zwarte els,9.1,60.3
1214,2,2017,86,Zachte berk,314.4,36.4,86,Zachte berk,4.7,32
1215,2,2017,14,Es (gewone),432.3,40.4,14,Es (gewone),12.3,51.2
1216,2,2017,16,Esdoorn (gewone),746.7,66.1,78,Wilg smalbladige species,14.3,41.4
1217,2,2017,28,Hazelaar,510.9,58.4,14,Es (gewone),22.8,65.9
1218,2,2017,83,Witte els (grauwe),1139.6,64.1,14,Es (gewone),10.6,37.9
1219,2,2017,14,Es (gewone),284.9,39.7,14,Es (gewone),20.6,81.4
1220,2,2017,14,Es (gewone),393,66.7,51,Populier species,28.2,85.2
1221,2,2017,87,Zomereik,471.6,63.2,87,Zomereik,20.9,72.6
1222,2,2017,9,Boskers,49.1,62.5,51,Populier species,17.7,79.4
1223,2,2017,89,Zwarte els,864.5,63.3,89,Zwarte els,12.4,56.9
1224,2,2017,28,Hazelaar,432.3,50,51,Populier species,18.2,55.5
1225,2,2017,28,Hazelaar,668.1,70.8,28,Hazelaar,6.1,44.9
1226,2,2017,89,Zwarte els,314.4,47.1,51,Populier species,13,47.4
1227,2,2017,89,Zwarte els,510.9,54.7,51,Populier species,17.1,54.6
1228,2,2017,89,Zwarte els,157.2,38.1,87,Zomereik,13.9,68.8
1229,2,2017,87,Zomereik,176.8,69.2,87,Zomereik,26.8,96.4
1230,2,2017,89,Zwarte els,432.3,55,51,Populier species,9.6,36.5
1231,2,2017,77,Wilg breedbladige species,550.2,51.9,51,Populier species,11.1,55
1232,2,2017,89,Zwarte els,235.8,66.7,78,Wilg smalbladige species,4.8,30.2
1233,2,2017,77,Wilg breedbladige species,393,54.1,78,Wilg smalbladige species,13.2,51.6
1234,2,2017,16,Esdoorn (gewone),1257.5,88.3,16,Esdoorn (gewone),22,74.8
1235,2,2017,28,Hazelaar,510.9,57.1,14,Es (gewone),9.5,43.4
1236,2,2017,89,Zwarte els,393,44,51,Populier species,33.5,73.1
1237,2,2017,28,Hazelaar,353.7,38.7,51,Populier species,16.7,63.7
1238,2,2017,28,Hazelaar,314.4,44.4,87,Zomereik,10,38.5
1239,2,2017,14,Es (gewone),589.5,67.4,14,Es (gewone),23.5,78.3
1240,2,2017,14,Es (gewone),393,45.5,51,Populier species,25.9,77.8
1241,2,2017,16,Esdoorn (gewone),707.4,65.5,14,Es (gewone),12.6,47.7
1242,2,2017,16,Esdoorn (gewone),668.1,65.4,51,Populier species,27.6,65.4
1243,2,2017,16,Esdoorn (gewone),353.7,80,16,Esdoorn (gewone),23.8,82.9
1244,2,2017,28,Hazelaar,589.5,50,28,Hazelaar,9.2,37.9
1245,2,2017,39,Lijsterbes,982.4,52.6,51,Populier species,18,46.8
1246,2,2017,28,Hazelaar,157.2,35.6,51,Populier species,30.1,93.2
151000,2,2017,14,Es (gewone),319,40.2,14,Es (gewone),13.3,42
1501,2,2018,41,Meidoorn species,157.2,26.7,51,Populier species,35.2,68.5
1502,2,2018,9,Boskers,275.1,31.5,51,Populier species,38,70.2
1503,2,2018,27,Haagbeuk,157.2,48.5,64,Tamme kastanje,19.5,69.4
1504,2,2018,28,Hazelaar,393,40,51,Populier species,47.7,76.4
1505,2,2018,41,Meidoorn species,235.8,30.4,51,Populier species,10.3,34.7
1506,2,2018,28,Hazelaar,157.2,34,51,Populier species,29.2,77
1507,2,2018,53,Robinia (gewone),157.2,28.1,87,Zomereik,29.4,79.7
1508,2,2018,41,Meidoorn species,314.4,31.1,51,Populier species,40.6,74.9
1509,2,2018,16,Esdoorn (gewone),78.6,42.1,7,Beuk,20.5,62.1
1510,2,2018,28,Hazelaar,314.4,62.8,87,Zomereik,13.8,45.8
1511,2,2018,7,Beuk,432.3,53.7,64,Tamme kastanje,19.2,39.5
1512,2,2018,16,Esdoorn (gewone),353.7,65.5,7,Beuk,13.5,33.8
1513,2,2018,16,Esdoorn (gewone),117.9,57.1,7,Beuk,27.4,77.2
1514,2,2018,27,Haagbeuk,314.4,53.3,87,Zomereik,17.4,42.5
1515,2,2018,7,Beuk,127.7,56.5,7,Beuk,25,62.7
1516,2,2018,28,Hazelaar,235.8,49,87,Zomereik,20.9,52.4
1517,2,2018,28,Hazelaar,235.8,40.7,7,Beuk,11.2,32.7
1518,2,2018,14,Es (gewone),88.4,32.1,14,Es (gewone),12.7,36.9
1519,2,2018,14,Es (gewone),127.7,50,14,Es (gewone),16.4,38
1520,2,2018,16,Esdoorn (gewone),353.7,48,14,Es (gewone),13.8,47.9
1521,2,2018,87,Zomereik,49.1,55.5,7,Beuk,23,65.3
1522,2,2018,16,Esdoorn (gewone),275.1,54.9,7,Beuk,13.1,53.9
1523,2,2018,16,Esdoorn (gewone),196.5,52.6,7,Beuk,36,73.6
1524,2,2018,7,Beuk,68.8,53.9,7,Beuk,28.3,76.5
1525,2,2018,16,Esdoorn (gewone),550.2,65.9,7,Beuk,25.9,60.9
1526,2,2018,16,Esdoorn (gewone),314.4,62.8,87,Zomereik,17.7,60.2
1527,2,2018,7,Beuk,39.3,57.1,7,Beuk,22.2,69.4
1528,2,2018,7,Beuk,108.1,91.7,7,Beuk,30.6,90.3
1529,2,2018,14,Es (gewone),206.3,41.2,14,Es (gewone),24.3,63.9
1530,2,2018,7,Beuk,117.9,100,7,Beuk,50.6,100
1531,2,2018,16,Esdoorn (gewone),78.6,23.5,14,Es (gewone),20.7,54.9
1532,2,2018,7,Beuk,147.4,100,7,Beuk,39.9,100
1533,2,2018,64,Tamme kastanje,275.1,57.1,7,Beuk,36.4,96.6
1534,2,2018,7,Beuk,147.4,93.8,7,Beuk,47.9,97.2
1535,2,2018,64,Tamme kastanje,117.9,33.3,14,Es (gewone),13.5,41.9
1536,2,2018,7,Beuk,88.4,100,7,Beuk,28.3,100
1537,2,2018,7,Beuk,137.5,100,7,Beuk,50.7,100
1538,2,2018,9,Boskers,589.5,65.9,9,Boskers,8,37
1539,2,2018,7,Beuk,127.7,81.2,7,Beuk,30.2,84.8
1540,2,2018,64,Tamme kastanje,157.2,42.1,7,Beuk,18.4,38.1
1541,2,2018,69,Vlier,78.6,47.1,14,Es (gewone),7.4,35.9
1542,2,2018,7,Beuk,49.1,71.4,7,Beuk,26.1,84.5
1543,2,2018,7,Beuk,117.9,75,7,Beuk,39.3,99.7
1544,2,2018,7,Beuk,157.2,94.1,7,Beuk,33.9,94.7
1545,2,2018,16,Esdoorn (gewone),442.1,75,16,Esdoorn (gewone),40.5,71.1
1546,2,2018,64,Tamme kastanje,245.6,75.8,64,Tamme kastanje,23.2,49.2
1547,2,2018,7,Beuk,98.2,71.4,7,Beuk,34.9,99.7
1548,2,2018,87,Zomereik,127.7,54.2,7,Beuk,20.4,76.7
1549,2,2018,64,Tamme kastanje,196.5,69,7,Beuk,16.3,74.8
1550,2,2018,64,Tamme kastanje,167,54.8,7,Beuk,11.3,76.4
1551,2,2018,7,Beuk,49.1,45.4,7,Beuk,27.5,83.6
1552,2,2018,16,Esdoorn (gewone),117.9,36.4,7,Beuk,26.7,69.4
1553,2,2018,7,Beuk,58.9,85.6,7,Beuk,23.9,92.6
1554,2,2018,7,Beuk,39.3,80,7,Beuk,24.9,91.5
1555,2,2018,7,Beuk,186.7,100,7,Beuk,36.3,100
1556,2,2018,64,Tamme kastanje,137.5,63.6,7,Beuk,17.3,47
1557,2,2018,7,Beuk,78.6,100,7,Beuk,26.4,100
1558,2,2018,64,Tamme kastanje,432.3,67.7,64,Tamme kastanje,36.8,68
1559,2,2018,7,Beuk,58.9,100,7,Beuk,26.4,100
1560,2,2018,7,Beuk,108.1,91.7,7,Beuk,48.7,97.4
1561,2,2018,16,Esdoorn (gewone),402.8,75.9,16,Esdoorn (gewone),12.9,42.3
1562,2,2018,7,Beuk,78.6,100,7,Beuk,29.7,100
1563,2,2018,7,Beuk,481.4,98,7,Beuk,29.1,88.7
1564,2,2018,16,Esdoorn (gewone),78.6,80,7,Beuk,16.1,64.4
1565,2,2018,7,Beuk,98.2,100,7,Beuk,52.2,100
1566,2,2018,16,Esdoorn (gewone),442.1,70.3,64,Tamme kastanje,16.9,41.4
1567,2,2018,7,Beuk,19.6,49.9,7,Beuk,18.4,82.9
1568,2,2018,7,Beuk,58.9,100,7,Beuk,27.7,100
1569,2,2018,7,Beuk,117.9,100,7,Beuk,32,100
1570,2,2018,7,Beuk,137.5,100,7,Beuk,42.7,100
1571,2,2018,7,Beuk,39.3,100,7,Beuk,16.6,100
1572,2,2018,7,Beuk,98.2,100,7,Beuk,28.4,100
1573,2,2018,7,Beuk,39.3,80,7,Beuk,14.8,81.3
1574,2,2018,7,Beuk,78.6,100,7,Beuk,25.9,100
1575,2,2018,7,Beuk,68.8,100,7,Beuk,27.5,100
1576,2,2018,16,Esdoorn (gewone),176.8,81.8,7,Beuk,18.9,64.5
1577,2,2018,7,Beuk,98.2,90.8,7,Beuk,27.1,92.5
1578,2,2018,7,Beuk,78.6,88.9,7,Beuk,27.7,93
1579,2,2018,69,Vlier,117.9,57.1,7,Beuk,10.6,80.9
1580,2,2018,7,Beuk,29.5,100,7,Beuk,11.5,100
1581,2,2018,7,Beuk,88.4,100,7,Beuk,26.8,100
1582,2,2018,7,Beuk,49.1,100,7,Beuk,24.5,100
1583,2,2018,7,Beuk,88.4,100,7,Beuk,29,100
1584,2,2018,7,Beuk,78.6,100,7,Beuk,26.4,100
1585,2,2018,7,Beuk,68.8,100,7,Beuk,27,100
1586,2,2018,7,Beuk,88.4,100,7,Beuk,25.7,100
1587,2,2018,7,Beuk,88.4,100,7,Beuk,34.9,100
1588,2,2018,7,Beuk,68.8,100,7,Beuk,20.6,100
1589,2,2018,64,Tamme kastanje,255.4,81.2,64,Tamme kastanje,30.2,59.9
1590,2,2018,7,Beuk,58.9,85.6,7,Beuk,20,89.3
1591,2,2018,7,Beuk,58.9,100,7,Beuk,15.6,100
1592,2,2018,7,Beuk,49.1,83.4,7,Beuk,18.8,89.5
1593,2,2018,7,Beuk,68.8,100,7,Beuk,22.7,100
1594,2,2018,7,Beuk,49.1,31.2,7,Beuk,17.8,77.4
1595,2,2018,7,Beuk,98.2,47.6,7,Beuk,22.9,79.2
1596,2,2018,16,Esdoorn (gewone),353.7,78.3,7,Beuk,25.2,75.4
1597,2,2018,16,Esdoorn (gewone),275.1,82.4,7,Beuk,28,81.4
1598,2,2018,16,Esdoorn (gewone),117.9,50,7,Beuk,21.5,68
1599,2,2018,7,Beuk,88.4,69.2,7,Beuk,27.6,90.5
1600,2,2018,28,Hazelaar,39.3,44.5,7,Beuk,6.8,55.7
1601,2,2018,7,Beuk,39.3,80,7,Beuk,25.9,91.5
1602,2,2018,7,Beuk,39.3,44.5,7,Beuk,29,89.8
1603,2,2018,16,Esdoorn (gewone),157.2,39,64,Tamme kastanje,16.3,47.5
1604,2,2018,69,Vlier,117.9,30.8,7,Beuk,19.9,71.3
1605,2,2018,16,Esdoorn (gewone),393,87,7,Beuk,6.7,51.5
1606,2,2018,7,Beuk,98.2,55.5,7,Beuk,44.9,98.9
1607,2,2018,16,Esdoorn (gewone),117.9,57.1,7,Beuk,18.8,69.1
1608,2,2018,7,Beuk,49.1,100,7,Beuk,18.4,100
1609,2,2018,16,Esdoorn (gewone),157.2,43.2,7,Beuk,15.4,82.8
1610,2,2018,7,Beuk,49.1,83.4,7,Beuk,28.1,80.3
1611,2,2018,7,Beuk,29.5,100,7,Beuk,10.6,100
1612,2,2018,16,Esdoorn (gewone),78.6,50,7,Beuk,20.9,98.6
1613,2,2018,14,Es (gewone),235.8,36.4,14,Es (gewone),11.1,51.9
1614,2,2018,64,Tamme kastanje,78.6,50,7,Beuk,17.6,96.7
1615,2,2018,16,Esdoorn (gewone),49.1,62.5,7,Beuk,14,81.9
1616,2,2018,7,Beuk,49.1,71.4,7,Beuk,14.5,81.9
1617,2,2018,64,Tamme kastanje,78.6,53.3,7,Beuk,30.7,99.4
1618,2,2018,16,Esdoorn (gewone),196.5,74.1,14,Es (gewone),14.4,60.8
1619,2,2018,7,Beuk,39.3,57.1,7,Beuk,18.4,71.3
1620,2,2018,7,Beuk,68.8,63.6,7,Beuk,23.8,100
1621,2,2018,64,Tamme kastanje,157.2,50,7,Beuk,20.4,89.9
1622,2,2018,16,Esdoorn (gewone),216.1,75.9,87,Zomereik,12.5,38.8
1623,2,2018,7,Beuk,39.3,50,7,Beuk,23.6,99.6
1624,2,2018,64,Tamme kastanje,157.2,66.7,7,Beuk,30.4,98.4
1625,2,2018,7,Beuk,68.8,100,7,Beuk,27.6,100
1626,2,2018,64,Tamme kastanje,157.2,50,7,Beuk,17.2,94
1627,2,2018,7,Beuk,88.4,52.9,7,Beuk,36.1,99.4
1628,2,2018,87,Zomereik,432.3,48.4,7,Beuk,12.9,57.3
21000,2,2018,27,Haagbeuk,217.3,41.5,87,Zomereik,24.3,58
2101,3,2019,27,Haagbeuk,165.3,49.8,87,Zomereik,23.6,61.1
2102,3,2019,27,Haagbeuk,99,38.9,87,Zomereik,18.5,59.5
2103,3,2019,16,Esdoorn (gewone),265.3,61.2,7,Beuk,21.7,75.1
2104,3,2019,27,Haagbeuk,427.1,89.6,87,Zomereik,23.8,60.6
2105,3,2019,16,Esdoorn (gewone),190.1,47.8,16,Esdoorn (gewone),12,31.6
2106,3,2019,16,Esdoorn (gewone),1086.7,86.7,87,Zomereik,24.9,72.8
2107,3,2019,27,Haagbeuk,474.8,83,87,Zomereik,23,57.6
2108,3,2019,16,Esdoorn (gewone),663.1,82.8,87,Zomereik,23.3,77.4
2109,3,2019,27,Haagbeuk,143.2,43.3,87,Zomereik,21.3,57.3
2110,3,2019,27,Haagbeuk,272.3,66.1,87,Zomereik,20.4,51.6
2111,3,2019,27,Haagbeuk,287.4,66.6,87,Zomereik,21.9,51.5
2112,3,2019,27,Haagbeuk,180.4,48.1,87,Zomereik,18.5,46.5
2116,3,2019,7,Beuk,202.5,93.5,7,Beuk,23.5,81.6
2117,3,2019,7,Beuk,114.1,47.8,7,Beuk,30.6,78.5
2118,3,2019,27,Haagbeuk,419.1,76.9,87,Zomereik,13.1,35.6
2119,3,2019,27,Haagbeuk,541.1,78.7,16,Esdoorn (gewone),13.5,35.2
2120,3,2019,27,Haagbeuk,191,50.4,87,Zomereik,16.1,38.5
2124,3,2019,27,Haagbeuk,183,70.9,7,Beuk,31,71.9
2125,3,2019,7,Beuk,56.6,94.2,7,Beuk,34.2,98.6
2126,3,2019,7,Beuk,539.4,67.4,7,Beuk,32.6,88.8
2127,3,2019,27,Haagbeuk,212.2,68,87,Zomereik,16.3,40.2
2128,3,2019,27,Haagbeuk,308.6,52.7,87,Zomereik,12.7,29.3
2131,3,2019,87,Zomereik,265.3,53.6,7,Beuk,21.5,84.6
2132,3,2019,87,Zomereik,574.7,61.4,7,Beuk,10.3,39.2
2133,3,2019,7,Beuk,813.5,96.6,7,Beuk,31.8,75.7
2134,3,2019,27,Haagbeuk,286.5,60,87,Zomereik,15.4,44.5
2135,3,2019,27,Haagbeuk,106.1,50.8,87,Zomereik,25.6,61.2
2136,3,2019,7,Beuk,201.6,90.5,7,Beuk,28.4,82.6
2137,3,2019,7,Beuk,325.4,95.8,7,Beuk,34.9,96.1
2139,3,2019,87,Zomereik,556.2,82.1,87,Zomereik,12.3,68.7
2140,3,2019,7,Beuk,95.5,96.5,7,Beuk,36.6,94.3
2141,3,2019,7,Beuk,221.9,92.6,7,Beuk,29.7,83.2
2142,3,2019,27,Haagbeuk,211.3,84.5,27,Haagbeuk,12,42.4
2143,3,2019,7,Beuk,209.6,81.7,7,Beuk,28.9,69.5
2144,3,2019,16,Esdoorn (gewone),156.5,62.1,87,Zomereik,21,53.4
2145,3,2019,7,Beuk,185.7,79.6,7,Beuk,28,94.9
2148,3,2019,7,Beuk,128.2,97.3,7,Beuk,37.7,97.2
2149,3,2019,7,Beuk,224.6,81.7,7,Beuk,30.1,73.6
2150,3,2019,7,Beuk,674.6,97.9,7,Beuk,35.8,82.9
2151,3,2019,81,Winterlinde,462.4,45.2,87,Zomereik,11.4,35.5
2152,3,2019,7,Beuk,337.8,98,7,Beuk,29.6,97.7
2155,3,2019,27,Haagbeuk,298,78.4,7,Beuk,36.2,80.3
2156,3,2019,7,Beuk,304.2,91.5,7,Beuk,29.8,70.3
2157,3,2019,7,Beuk,60.1,100,7,Beuk,33.6,100
2158,3,2019,87,Zomereik,198.9,66.4,7,Beuk,14.5,95.4
2161,3,2019,7,Beuk,581.8,98.8,7,Beuk,35.7,86.7
2162,3,2019,7,Beuk,172.4,55.5,87,Zomereik,21.9,52.6
2163,3,2019,7,Beuk,122.9,54.5,7,Beuk,28.7,95
2164,3,2019,7,Beuk,362.5,95.3,7,Beuk,34.9,76.4
2165,3,2019,7,Beuk,176,78,7,Beuk,22.8,57.9
2166,3,2019,7,Beuk,416.5,92.9,7,Beuk,22.2,61
2167,3,2019,7,Beuk,304.2,66.4,7,Beuk,24,73.6
2168,3,2019,87,Zomereik,598.6,70.3,87,Zomereik,22.5,64.7
2169,3,2019,7,Beuk,515.5,94.2,7,Beuk,24.4,59.7
2170,3,2019,7,Beuk,423.5,81.3,7,Beuk,22.1,67.8
2171,3,2019,7,Beuk,260.8,87,7,Beuk,30.6,58.5
2172,3,2019,7,Beuk,202.5,76.1,87,Zomereik,31.3,65.9
2173,3,2019,7,Beuk,557.9,74.6,7,Beuk,25,79.9
2174,3,2019,7,Beuk,448.3,84.4,7,Beuk,27.4,63.4
2175,3,2019,7,Beuk,397,94.1,7,Beuk,31.7,79.6
2176,3,2019,7,Beuk,325.4,92.9,7,Beuk,30,83.1
2177,3,2019,27,Haagbeuk,198.9,50.3,7,Beuk,28.1,81.4
2178,3,2019,7,Beuk,189.2,94.7,7,Beuk,32.1,84.9
2179,3,2019,7,Beuk,362.5,84,7,Beuk,28.4,67.8
2180,3,2019,7,Beuk,416.5,91.3,7,Beuk,31.4,85.3
2181,3,2019,7,Beuk,205.1,65.5,7,Beuk,22.1,59.4
2182,3,2019,7,Beuk,331.6,84.7,7,Beuk,24.4,75.3
2183,3,2019,7,Beuk,473.9,97.8,7,Beuk,33,83.5
2184,3,2019,7,Beuk,318.3,100,7,Beuk,39.4,100
2185,3,2019,7,Beuk,410.3,90.5,7,Beuk,33,77.1
2186,3,2019,7,Beuk,248.5,72.4,7,Beuk,28.3,65.8
1701,3,2020,16,Esdoorn (gewone),117.9,42.9,16,Esdoorn (gewone),12.4,39.7
1702,3,2020,16,Esdoorn (gewone),363.5,56.9,87,Zomereik,26.7,64
1703,3,2020,16,Esdoorn (gewone),314.4,58.2,16,Esdoorn (gewone),10.9,35.3
1704,3,2020,27,Haagbeuk,324.2,70.2,27,Haagbeuk,25.6,46.1
1705,3,2020,28,Hazelaar,157.2,33.3,24,Grauwe abeel,19.3,50.4
1706,3,2020,16,Esdoorn (gewone),275.1,65.1,87,Zomereik,21.1,88.3
1707,3,2020,27,Haagbeuk,393,83.3,87,Zomereik,23.4,66.1
1708,3,2020,7,Beuk,943.1,91.4,7,Beuk,10.9,52.7
1709,3,2020,28,Hazelaar,275.1,57.1,87,Zomereik,27.2,72.1
1710,3,2020,28,Hazelaar,157.2,39,87,Zomereik,28.7,73.8
1711,3,2020,27,Haagbeuk,235.8,68.6,27,Haagbeuk,14.7,42.1
1712,3,2020,7,Beuk,1178.9,78.4,9,Boskers,16.9,53.1
1713,3,2020,28,Hazelaar,157.2,38.1,87,Zomereik,13.8,38.9
1714,3,2020,27,Haagbeuk,275.1,52.8,7,Beuk,15.6,29.3
1715,3,2020,16,Esdoorn (gewone),78.6,23.5,7,Beuk,20.7,45.2
1716,3,2020,53,Robinia (gewone),167,33.3,53,Robinia (gewone),28.2,49
1717,3,2020,28,Hazelaar,196.5,50,87,Zomereik,29.9,62.4
1718,3,2020,39,Lijsterbes,353.7,53.7,87,Zomereik,38.7,81.5
1719,3,2020,16,Esdoorn (gewone),786,70.2,7,Beuk,14.5,36.6
1720,3,2020,28,Hazelaar,275.1,45.2,87,Zomereik,31.2,64.6
1721,3,2020,87,Zomereik,186.7,27.9,87,Zomereik,22.3,32.6
1722,3,2020,39,Lijsterbes,117.9,44.4,87,Zomereik,17.2,46.6
1723,3,2020,69,Vlier,314.4,61.5,87,Zomereik,27.6,58.8
1724,3,2020,28,Hazelaar,78.6,44.5,87,Zomereik,10.3,83.7
1725,3,2020,57,Ruwe berk,353.7,57.1,57,Ruwe berk,24.6,48.7
1726,3,2020,9,Boskers,353.7,50,9,Boskers,25.2,41
1727,3,2020,87,Zomereik,167,42.5,87,Zomereik,42.5,59.5
1728,3,2020,64,Tamme kastanje,196.5,58.8,87,Zomereik,34.1,78
1729,3,2020,87,Zomereik,196.5,83.3,87,Zomereik,52.7,98.5
1730,3,2020,27,Haagbeuk,353.7,55.4,27,Haagbeuk,37.1,51
1731,3,2020,28,Hazelaar,196.5,35.7,3,Amerikaanse eik,9,24.8
1732,3,2020,28,Hazelaar,432.3,44.9,14,Es (gewone),29.6,46.6
2001,3,2020,7,Beuk,92.8,66.9,7,Beuk,28.1,73.8
2002,3,2020,7,Beuk,125.6,83.1,7,Beuk,30,97.1
2003,3,2020,7,Beuk,147.7,79.2,7,Beuk,28.2,71.9
2004,3,2020,7,Beuk,92.8,68.6,7,Beuk,28.6,67.9
2005,3,2020,7,Beuk,182.1,67.3,7,Beuk,17.8,42.8
2006,3,2020,7,Beuk,172.4,98,7,Beuk,38.7,95.6
2007,3,2020,7,Beuk,300.6,94.4,7,Beuk,37,90.2
2008,3,2020,7,Beuk,235.2,94.3,7,Beuk,34,84.2
2009,3,2020,7,Beuk,213.1,93.8,7,Beuk,36.9,89.8
2010,3,2020,7,Beuk,206,86.6,7,Beuk,33.6,81.6
2011,3,2020,7,Beuk,154.7,81.4,7,Beuk,33.8,82.4
2012,3,2020,7,Beuk,169.8,90.6,7,Beuk,36.5,88.2
2013,3,2020,7,Beuk,187.4,77.9,7,Beuk,31.1,67.2
2014,3,2020,7,Beuk,326.3,100,7,Beuk,29.4,100
2015,3,2020,7,Beuk,289.1,100,7,Beuk,40.2,100
2016,3,2020,7,Beuk,93.7,55.5,7,Beuk,19.8,61.3
2017,3,2020,7,Beuk,160.9,90.1,7,Beuk,37.1,87.9
2018,3,2020,7,Beuk,149.4,89.4,7,Beuk,43.3,91.7
2019,3,2020,7,Beuk,119.4,43.7,7,Beuk,19.1,49.4
2020,3,2020,7,Beuk,129.1,80.2,7,Beuk,26.3,73.7
2021,3,2020,7,Beuk,124.7,87.6,7,Beuk,39.8,91.3
2022,3,2020,7,Beuk,114.9,78.3,7,Beuk,24.1,69.1
2023,3,2020,7,Beuk,95.5,93.1,7,Beuk,36.1,95
2024,3,2020,7,Beuk,120.3,89.5,7,Beuk,40,92.6
2025,3,2020,7,Beuk,126.4,69.1,7,Beuk,28.1,69.6
2026,3,2020,7,Beuk,139.7,63.7,7,Beuk,34,81.1
2027,3,2020,7,Beuk,137.1,48.6,7,Beuk,25,71.6
2028,3,2020,87,Zomereik,67.2,36.7,87,Zomereik,21.8,62.6
2029,3,2020,7,Beuk,107.9,56,7,Beuk,21.9,59.8
2030,3,2020,16,Esdoorn (gewone),360.8,71.2,87,Zomereik,17.4,50.3
2031,3,2020,7,Beuk,140.6,72.3,7,Beuk,30.3,82.3
2032,3,2020,7,Beuk,181.3,76.2,7,Beuk,19.7,57.1
2033,3,2020,7,Beuk,121.1,73.6,7,Beuk,35.5,85.3
2034,3,2020,7,Beuk,368.7,100,7,Beuk,46.3,100
2035,3,2020,7,Beuk,214.9,82.1,7,Beuk,15.8,74.9
2036,3,2020,14,Es (gewone),110.5,35.4,7,Beuk,19.5,62.9
2037,3,2020,7,Beuk,306.8,75.3,7,Beuk,22.7,64.5
2038,3,2020,7,Beuk,569.4,94.1,7,Beuk,27.3,59.2
2039,3,2020,87,Zomereik,31.8,45,7,Beuk,13.9,68.5
2040,3,2020,7,Beuk,641,93.8,7,Beuk,40.8,85.9
2041,3,2020,7,Beuk,803.7,98.7,7,Beuk,39.7,97.3
2042,3,2020,7,Beuk,434.1,98.4,7,Beuk,36.8,97.6
2043,3,2020,7,Beuk,298.9,96.6,7,Beuk,28.1,95.3
2044,3,2020,7,Beuk,460.7,94.1,7,Beuk,37.3,97.1
2045,3,2020,7,Beuk,31.8,100,7,Beuk,24.1,100
2046,3,2020,7,Beuk,531.4,100,7,Beuk,42.8,100
2047,3,2020,7,Beuk,28.3,100,7,Beuk,14.5,100
2048,3,2020,87,Zomereik,522.6,77.9,87,Zomereik,18.5,60.3
2049,3,2020,7,Beuk,590.6,99.4,7,Beuk,36.4,92.9
2050,3,2020,7,Beuk,247.6,100,7,Beuk,36.9,100
2051,3,2020,7,Beuk,252,100,7,Beuk,40.6,100
2053,3,2020,7,Beuk,336.9,93.8,7,Beuk,41.7,98.1
2054,3,2020,7,Beuk,133.5,100,7,Beuk,39.8,100
2055,3,2020,7,Beuk,565,100,7,Beuk,35.8,100
2056,3,2020,7,Beuk,130,100,7,Beuk,42,100
2057,3,2020,7,Beuk,277.6,95.1,7,Beuk,34.9,96.7
2058,3,2020,7,Beuk,31.8,100,7,Beuk,26.9,100
2059,3,2020,87,Zomereik,578.3,87,7,Beuk,17,51.5
2060,3,2020,7,Beuk,82.2,100,7,Beuk,35.2,100
2061,3,2020,7,Beuk,46,100,7,Beuk,30.4,100
2062,3,2020,7,Beuk,63.7,71.3,7,Beuk,39.3,94.5
2063,3,2020,7,Beuk,221.9,82.3,7,Beuk,31.7,91.9
2064,3,2020,7,Beuk,63.7,71.3,7,Beuk,39.7,98.8
2065,3,2020,87,Zomereik,408.5,58.3,7,Beuk,28.3,66
2113,3,2020,83,Witte els (grauwe),95.5,35.5,27,Haagbeuk,6.5,27
2114,3,2020,27,Haagbeuk,138.8,49.2,7,Beuk,33.4,75.4
2115,3,2020,7,Beuk,470.4,99.3,7,Beuk,43.8,96.5
2121,3,2020,27,Haagbeuk,338.6,70.9,87,Zomereik,23.4,48.6
2122,3,2020,7,Beuk,630.4,94.7,7,Beuk,30.5,85
2123,3,2020,7,Beuk,267,72.9,7,Beuk,31.4,78.5
2129,3,2020,87,Zomereik,253.8,63.1,7,Beuk,11.5,58.1
2130,3,2020,7,Beuk,390.8,96.5,7,Beuk,36.8,86.6
2138,3,2020,7,Beuk,192.8,87.2,7,Beuk,28.8,64.6
2146,3,2020,7,Beuk,163.6,68,7,Beuk,27.8,84.5
2147,3,2020,7,Beuk,161.8,83.6,7,Beuk,21.3,56.3
2153,3,2020,7,Beuk,255.5,87.6,7,Beuk,35.5,88.5
2154,3,2020,7,Beuk,168.9,58.4,7,Beuk,23.7,66.9
2159,3,2020,7,Beuk,236.1,95.7,7,Beuk,36.2,86.4
2160,3,2020,7,Beuk,173.3,80,7,Beuk,24.6,65.6
11000,3,2020,7,Beuk,263,98.6,7,Beuk,34.9,95.9
200,3,2021,57,Ruwe berk,198.9,51,26,Grove den,20.6,62
204,3,2021,26,Grove den,358.1,81.8,26,Grove den,36.4,96.6
205,3,2021,26,Grove den,358.1,67.2,26,Grove den,31.8,73.6
206,3,2021,26,Grove den,326.3,83.7,26,Grove den,33.9,93.6
207,3,2021,26,Grove den,358.1,81.8,26,Grove den,42.2,89.2
209,3,2021,26,Grove den,87.5,91.6,26,Grove den,7.1,98.6
210,3,2021,26,Grove den,191,100,26,Grove den,13,100
211,3,2021,26,Grove den,246.7,81.6,26,Grove den,14.8,92.5
212,3,2021,26,Grove den,254.6,100,26,Grove den,15.7,100
213,3,2021,26,Grove den,493.4,93.9,26,Grove den,27.1,97.8
214,3,2021,26,Grove den,525.2,95.6,26,Grove den,38.9,97.5
215,3,2021,26,Grove den,342.2,84.3,26,Grove den,33.3,95.4
216,3,2021,26,Grove den,501.3,98.4,26,Grove den,45.9,98.5
217,3,2021,57,Ruwe berk,374,55.3,26,Grove den,20.3,58.2
218,3,2021,26,Grove den,493.4,95.4,26,Grove den,39.3,95.2
219,3,2021,26,Grove den,366.1,56.8,26,Grove den,21.9,64.4
220,3,2021,26,Grove den,278.5,77.8,26,Grove den,29.2,73.6
221,3,2021,26,Grove den,342.2,55.1,26,Grove den,24.9,64.7
223,3,2021,26,Grove den,437.7,91.7,26,Grove den,38.8,96.3
224,3,2021,26,Grove den,382,72.7,26,Grove den,36.7,81.7
225,3,2021,26,Grove den,175.1,35.5,26,Grove den,21.6,47.4
226,3,2021,26,Grove den,191,36.4,26,Grove den,19.4,43.1
227,3,2021,57,Ruwe berk,183,39,26,Grove den,18.2,46.4
228,3,2021,26,Grove den,286.5,60,26,Grove den,32.3,69.3
229,3,2021,26,Grove den,660.5,83.8,26,Grove den,35.9,88.4
31000,3,2021,16,Esdoorn (gewone),660,69.6,16,Esdoorn (gewone),18.9,56.9
41000,3,2021,28,Hazelaar,176.5,39.7,7,Beuk,13.2,38.2
43000,3,2021,28,Hazelaar,364,59.7,87,Zomereik,6.9,24.6
101,3,2022,87,Zomereik,137.5,35.9,87,Zomereik,39.4,79.1
102,3,2022,16,Esdoorn (gewone),304.6,72.1,16,Esdoorn (gewone),16.4,40.8
103,3,2022,16,Esdoorn (gewone),510.9,66.7,87,Zomereik,15.4,53.1
104,3,2022,28,Hazelaar,157.2,43.2,87,Zomereik,30.7,79.1
105,3,2022,16,Esdoorn (gewone),245.6,47.2,87,Zomereik,31.3,87.9
106,3,2022,28,Hazelaar,235.8,46.2,87,Zomereik,17.5,57.9
107,3,2022,16,Esdoorn (gewone),265.3,55.1,87,Zomereik,26.1,73.1
108,3,2022,28,Hazelaar,196.5,76.9,87,Zomereik,26.1,82.1
109,3,2022,16,Esdoorn (gewone),314.4,53.3,16,Esdoorn (gewone),15.8,48.9
110,3,2022,16,Esdoorn (gewone),157.2,51.6,87,Zomereik,30.5,79.8
111,3,2022,7,Beuk,609.1,96.9,7,Beuk,39.7,79.2
112,3,2022,16,Esdoorn (gewone),402.8,68.3,87,Zomereik,21.8,50.6
113,3,2022,16,Esdoorn (gewone),609.1,52.1,87,Zomereik,37.4,66
114,3,2022,87,Zomereik,471.6,73.8,87,Zomereik,22.3,76.9
115,3,2022,16,Esdoorn (gewone),304.6,64.6,87,Zomereik,25,51.3
116,3,2022,9,Boskers,471.6,44,9,Boskers,17.1,46.3
117,3,2022,16,Esdoorn (gewone),294.7,40.5,87,Zomereik,27.1,69.7
119,3,2022,16,Esdoorn (gewone),373.3,54.3,16,Esdoorn (gewone),28.2,61.3
120,3,2022,16,Esdoorn (gewone),314.4,41.6,87,Zomereik,25.7,62.2
121,3,2022,87,Zomereik,167,30.4,87,Zomereik,29.7,72.3
122,3,2022,31,Hulst,157.2,43.2,87,Zomereik,21.5,53.3
123,3,2022,16,Esdoorn (gewone),186.7,63.4,87,Zomereik,16.6,47
124,3,2022,16,Esdoorn (gewone),314.4,62.8,87,Zomereik,18.1,56.4
125,3,2022,7,Beuk,245.6,43.9,87,Zomereik,21.2,52
126,3,2022,7,Beuk,854.7,100,7,Beuk,55.2,100
127,3,2022,16,Esdoorn (gewone),363.5,53.6,87,Zomereik,30.2,72.1
128,3,2022,87,Zomereik,363.5,45.7,87,Zomereik,38.6,83.2
129,3,2022,7,Beuk,402.8,89.1,7,Beuk,25.6,74.4
130,3,2022,7,Beuk,412.6,89.4,7,Beuk,44.4,95.7
131,3,2022,87,Zomereik,216.1,35.5,87,Zomereik,30,66.1
132,3,2022,16,Esdoorn (gewone),167,60.7,87,Zomereik,14,33.9
133,3,2022,7,Beuk,402.8,100,7,Beuk,47.3,100
134,3,2022,87,Zomereik,245.6,43.1,87,Zomereik,24.9,83.3
135,3,2022,7,Beuk,383.2,84.8,7,Beuk,31.6,62.8
136,3,2022,16,Esdoorn (gewone),176.8,48.6,87,Zomereik,28.1,61.4
137,3,2022,87,Zomereik,314.4,42.1,87,Zomereik,32,76.2
138,3,2022,16,Esdoorn (gewone),432.3,75.9,87,Zomereik,35.1,84.6
139,3,2022,16,Esdoorn (gewone),255.4,46.4,16,Esdoorn (gewone),15.7,54.3
140,3,2022,28,Hazelaar,235.8,43.6,87,Zomereik,45.1,94.2
141,3,2022,27,Haagbeuk,353.7,41.4,87,Zomereik,31.4,71.7
142,3,2022,87,Zomereik,314.4,52.5,87,Zomereik,32.6,76.9
143,3,2022,7,Beuk,422.4,97.7,7,Beuk,48.6,96.8
144,3,2022,16,Esdoorn (gewone),334,49.3,87,Zomereik,16.2,51.4
145,3,2022,16,Esdoorn (gewone),324.2,40.2,87,Zomereik,24.8,63.4
146,3,2022,16,Esdoorn (gewone),343.9,61.4,87,Zomereik,13.9,50.9
147,3,2022,7,Beuk,117.9,31.6,87,Zomereik,13.3,61.3
148,3,2022,7,Beuk,393,100,7,Beuk,36.9,100
401,3,2022,64,Tamme kastanje,78.6,42.1,7,Beuk,17.8,59.1
402,3,2022,64,Tamme kastanje,255.4,57.8,64,Tamme kastanje,23.1,58
403,3,2022,7,Beuk,108.1,47.8,7,Beuk,22.2,68.1
404,3,2022,16,Esdoorn (gewone),353.7,83.7,7,Beuk,15.7,53.8
405,3,2022,7,Beuk,157.2,100,7,Beuk,26.7,100
406,3,2022,16,Esdoorn (gewone),196.5,62.5,7,Beuk,29.4,64.3
407,3,2022,16,Esdoorn (gewone),157.2,51.6,87,Zomereik,20.5,41.6
408,3,2022,57,Ruwe berk,550.2,70,7,Beuk,13.9,52.7
409,3,2022,7,Beuk,68.8,100,7,Beuk,16,100
410,3,2022,7,Beuk,147.4,83.4,7,Beuk,32.1,73.6
411,3,2022,16,Esdoorn (gewone),117.9,52.2,51,Populier species,23.8,68.8
412,3,2022,87,Zomereik,88.4,47.3,51,Populier species,31.4,65.6
413,3,2022,64,Tamme kastanje,117.9,40,87,Zomereik,14.9,42.6
414,3,2022,16,Esdoorn (gewone),117.9,70.6,51,Populier species,16.2,74.7
415,3,2022,16,Esdoorn (gewone),432.3,83,87,Zomereik,8.6,30.1
416,3,2022,87,Zomereik,117.9,46.2,51,Populier species,25.3,58.3
417,3,2022,7,Beuk,78.6,50,51,Populier species,24.6,68
418,3,2022,16,Esdoorn (gewone),235.8,54.5,7,Beuk,16.7,53.2
419,3,2022,89,Zwarte els,235.8,50,7,Beuk,9.8,29.3
420,3,2022,16,Esdoorn (gewone),550.2,80,51,Populier species,24.7,45.8
421,3,2022,16,Esdoorn (gewone),275.1,73.7,87,Zomereik,24.9,70.9
422,3,2022,16,Esdoorn (gewone),157.2,53.3,51,Populier species,13.7,44.9
423,3,2022,16,Esdoorn (gewone),284.9,58,51,Populier species,21.2,42
425,3,2022,57,Ruwe berk,1768.4,100,57,Ruwe berk,25.7,100
427,3,2022,64,Tamme kastanje,167,58.6,87,Zomereik,10.8,35.2
428,3,2022,27,Haagbeuk,235.8,70.6,64,Tamme kastanje,10.5,40.1
429,3,2022,27,Haagbeuk,235.8,45.3,87,Zomereik,11.3,42.2
430,3,2022,16,Esdoorn (gewone),157.2,45.7,87,Zomereik,16.3,53.1
431,3,2022,16,Esdoorn (gewone),1493.3,97.4,16,Esdoorn (gewone),43.4,84.9
432,3,2022,16,Esdoorn (gewone),393,90.9,16,Esdoorn (gewone),10.8,38.4
433,3,2022,89,Zwarte els,78.6,44.5,87,Zomereik,13.4,49.8
434,3,2022,7,Beuk,29.5,60.1,7,Beuk,19.2,68.1
435,3,2022,16,Esdoorn (gewone),157.2,47.1,51,Populier species,19.4,42.8
436,3,2022,89,Zwarte els,157.2,48.5,87,Zomereik,6.2,40
437,3,2022,87,Zomereik,78.6,42.1,87,Zomereik,8.8,47.3
438,3,2022,16,Esdoorn (gewone),196.5,52.6,7,Beuk,7,35.7
439,3,2022,7,Beuk,58.9,74.9,7,Beuk,16.2,79
440,3,2022,7,Beuk,39.3,100,7,Beuk,23.6,100
441,3,2022,7,Beuk,39.3,21,7,Beuk,14.7,48.7
442,3,2022,89,Zwarte els,78.6,27.6,87,Zomereik,15.2,60.8
443,3,2022,16,Esdoorn (gewone),393,72.7,51,Populier species,15.9,30.4
444,3,2022,16,Esdoorn (gewone),353.7,56.3,87,Zomereik,13.5,43.4
445,3,2022,16,Esdoorn (gewone),314.4,80,87,Zomereik,15.3,49.2
446,3,2022,16,Esdoorn (gewone),481.4,76.6,87,Zomereik,14.2,39.8
447,3,2022,16,Esdoorn (gewone),117.9,30.8,51,Populier species,22.5,54.5
448,3,2022,7,Beuk,88.4,75,7,Beuk,25.7,72.8
449,3,2022,16,Esdoorn (gewone),1139.6,93.5,16,Esdoorn (gewone),32.1,59.8
450,3,2022,16,Esdoorn (gewone),216.1,84.6,16,Esdoorn (gewone),9.8,48.8
451,3,2022,89,Zwarte els,275.1,62.2,3,Amerikaanse eik,6.2,32.6
452,3,2022,16,Esdoorn (gewone),157.2,50,7,Beuk,11.1,30.3
453,3,2022,7,Beuk,19.6,49.9,7,Beuk,12.2,78.7
454,3,2022,16,Esdoorn (gewone),275.1,65.1,14,Es (gewone),19.5,40.3
455,3,2022,17,Europese lork,88.4,45,7,Beuk,19,44.3
456,3,2022,7,Beuk,88.4,100,7,Beuk,33,100
457,3,2022,7,Beuk,127.7,81.2,7,Beuk,31.7,65.1
458,3,2022,7,Beuk,88.4,47.3,7,Beuk,24.9,78.3
459,3,2022,7,Beuk,49.1,50,7,Beuk,27.4,91.3
460,3,2022,16,Esdoorn (gewone),117.9,57.1,7,Beuk,20.1,85.2
461,3,2022,87,Zomereik,196.5,55.6,87,Zomereik,31.9,76
462,3,2022,7,Beuk,108.1,78.6,7,Beuk,12.8,52
463,3,2022,7,Beuk,176.8,94.7,7,Beuk,24.5,81.4
464,3,2022,87,Zomereik,68.8,63.6,87,Zomereik,13.2,58.9
465,3,2022,7,Beuk,294.7,100,7,Beuk,45.2,100
466,3,2022,32,Japanse lork,98.2,50,32,Japanse lork,20.7,58
467,3,2022,7,Beuk,68.8,50,7,Beuk,22.8,76
468,3,2022,16,Esdoorn (gewone),707.4,94.7,16,Esdoorn (gewone),24.2,72.9
469,3,2022,16,Esdoorn (gewone),235.8,75,87,Zomereik,15.5,83.3
470,3,2022,7,Beuk,167,40.5,7,Beuk,18.7,70.6
471,3,2022,87,Zomereik,167,68,87,Zomereik,31.5,81.2
472,3,2022,16,Esdoorn (gewone),157.2,72.7,7,Beuk,12.4,61.7
473,3,2022,16,Esdoorn (gewone),127.7,50,51,Populier species,25.3,65.2
474,3,2022,64,Tamme kastanje,206.3,75,64,Tamme kastanje,16.3,51.3
475,3,2022,57,Ruwe berk,432.3,91.7,57,Ruwe berk,15.2,98.7
476,3,2022,16,Esdoorn (gewone),628.8,88.9,16,Esdoorn (gewone),23.5,53.7
477,3,2022,64,Tamme kastanje,186.7,73.1,7,Beuk,12.1,44.5
478,3,2022,16,Esdoorn (gewone),432.3,86.3,87,Zomereik,16.3,84
479,3,2022,16,Esdoorn (gewone),510.9,72.2,51,Populier species,30.5,58.8
480,3,2022,16,Esdoorn (gewone),550.2,96.6,16,Esdoorn (gewone),11.8,74.2
481,3,2022,16,Esdoorn (gewone),589.5,90.9,87,Zomereik,29,57.8
483,3,2022,16,Esdoorn (gewone),786,88.9,16,Esdoorn (gewone),33.9,63.5
484,3,2022,16,Esdoorn (gewone),196.5,57.1,16,Esdoorn (gewone),8.6,37.4
485,3,2022,7,Beuk,127.7,38.2,7,Beuk,19.2,55
486,3,2022,16,Esdoorn (gewone),196.5,57.1,51,Populier species,20.6,44.5
487,3,2022,87,Zomereik,88.4,39.1,87,Zomereik,17.5,68.1
488,3,2022,7,Beuk,78.6,40,7,Beuk,27.3,69.5
489,3,2022,83,Witte els (grauwe),157.2,39,51,Populier species,19.7,64
490,3,2022,16,Esdoorn (gewone),913.7,86.9,51,Populier species,40.4,62.8
491,3,2022,16,Esdoorn (gewone),353.7,67.9,51,Populier species,26.4,65.2
492,3,2022,16,Esdoorn (gewone),668.1,88.3,16,Esdoorn (gewone),37.4,55.6
493,3,2022,16,Esdoorn (gewone),471.6,75,51,Populier species,34.8,62.4
494,3,2022,7,Beuk,137.5,53.8,7,Beuk,26.6,58
495,3,2022,16,Esdoorn (gewone),471.6,68.6,51,Populier species,36.8,53.7
496,3,2022,64,Tamme kastanje,196.5,40.8,64,Tamme kastanje,27.4,63.4
497,3,2022,7,Beuk,98.2,62.5,7,Beuk,19.2,71.9
498,3,2022,16,Esdoorn (gewone),510.9,83.9,87,Zomereik,16.2,51.4
499,3,2022,7,Beuk,68.8,38.9,7,Beuk,16.7,46
500,3,2022,16,Esdoorn (gewone),275.1,43.8,51,Populier species,41.6,66.2
501,3,2022,7,Beuk,98.2,55.5,7,Beuk,17.5,39.2
502,3,2022,16,Esdoorn (gewone),196.5,54.1,87,Zomereik,10.9,45.8
503,3,2022,87,Zomereik,117.9,42.9,87,Zomereik,21.6,75
504,3,2022,16,Esdoorn (gewone),510.9,75.4,16,Esdoorn (gewone),17.9,42.4
505,3,2022,51,Populier species,78.6,25.8,51,Populier species,38.3,77.8
506,3,2022,83,Witte els (grauwe),117.9,44.4,51,Populier species,42,80.5
507,3,2022,16,Esdoorn (gewone),275.1,40.6,51,Populier species,43.8,73.6
508,3,2022,16,Esdoorn (gewone),245.6,52.1,51,Populier species,26.7,56.9
509,3,2022,16,Esdoorn (gewone),550.2,90.3,87,Zomereik,10.7,50.5
510,3,2022,16,Esdoorn (gewone),314.4,59.3,64,Tamme kastanje,22.8,56
511,3,2022,7,Beuk,176.8,51.4,7,Beuk,27,64.3
512,3,2022,16,Esdoorn (gewone),668.1,73.1,16,Esdoorn (gewone),25.9,49.8
513,3,2022,16,Esdoorn (gewone),157.2,45.7,7,Beuk,18.3,45.4
514,3,2022,16,Esdoorn (gewone),982.4,91.7,51,Populier species,46.7,70.1
515,3,2022,31,Hulst,78.6,42.1,7,Beuk,14.7,52.3
516,3,2022,64,Tamme kastanje,117.9,40,87,Zomereik,16.9,52.5
517,3,2022,16,Esdoorn (gewone),432.3,78.6,16,Esdoorn (gewone),15.6,40.8
518,3,2022,16,Esdoorn (gewone),864.5,91.7,16,Esdoorn (gewone),26.1,63.8
519,3,2022,16,Esdoorn (gewone),78.6,38.1,7,Beuk,30.1,85.3
520,3,2022,83,Witte els (grauwe),628.8,79,83,Witte els (grauwe),14.1,57.8
521,3,2022,16,Esdoorn (gewone),314.4,72.7,51,Populier species,12.9,34.2
522,3,2022,16,Esdoorn (gewone),864.5,93.6,16,Esdoorn (gewone),19.5,56.9
523,3,2022,16,Esdoorn (gewone),196.5,60.6,7,Beuk,6.8,33.7
71000,3,2022,16,Esdoorn (gewone),285.7,67.6,87,Zomereik,12.2,35.1
81000,3,2022,16,Esdoorn (gewone),234.7,53.5,87,Zomereik,20.8,60.3
118,3,2023,28,Hazelaar,157.2,40,87,Zomereik,34,84.4
701,3,2023,4,Amerikaanse vogelkers,2829.4,90,4,Amerikaanse vogelkers,13.4,63.5
702,3,2023,28,Hazelaar,353.7,33.3,28,Hazelaar,4.3,21.4
703,3,2023,86,Zachte berk,393,32.3,57,Ruwe berk,13,47.1
704,3,2023,86,Zachte berk,196.5,58.8,87,Zomereik,18,93.8
705,3,2023,4,Amerikaanse vogelkers,353.7,80,87,Zomereik,29.2,94.2
706,3,2023,11,Corsicaanse den,560,61.3,11,Corsicaanse den,44.5,92.1
707,3,2023,86,Zachte berk,275.1,39.4,57,Ruwe berk,11.4,45.2
708,3,2023,86,Zachte berk,393,33.9,87,Zomereik,9.3,38.4
709,3,2023,4,Amerikaanse vogelkers,1178.9,65.2,57,Ruwe berk,8.6,36.8
710,3,2023,86,Zachte berk,786,58.8,89,Zwarte els,10.1,38.3
711,3,2023,28,Hazelaar,314.4,42.7,51,Populier species,23.3,61
712,3,2023,28,Hazelaar,157.2,34.8,51,Populier species,10.1,34.5
713,3,2023,28,Hazelaar,314.4,26.9,24,Grauwe abeel,21.1,46.7
714,3,2023,87,Zomereik,245.6,23.6,87,Zomereik,9.3,38
715,3,2023,57,Ruwe berk,353.7,24.3,89,Zwarte els,10.7,43.5
716,3,2023,28,Hazelaar,235.8,27.9,51,Populier species,8.8,28.6
717,3,2023,89,Zwarte els,471.6,30,89,Zwarte els,10.1,29.8
718,3,2023,23,Gladde iep,943.1,82.8,51,Populier species,17.7,61
719,3,2023,83,Witte els (grauwe),393,50,83,Witte els (grauwe),8.5,39.4
720,3,2023,86,Zachte berk,825.2,87.5,86,Zachte berk,16.1,74.5
721,3,2023,57,Ruwe berk,275.1,29.2,89,Zwarte els,20.1,53
722,3,2023,83,Witte els (grauwe),117.9,44.4,86,Zachte berk,4.3,36.4
723,3,2023,86,Zachte berk,746.7,70.4,86,Zachte berk,13,53.9
724,3,2023,28,Hazelaar,275.1,57.1,51,Populier species,37.6,71.1
725,3,2023,83,Witte els (grauwe),432.3,73.3,83,Witte els (grauwe),6.1,52.6
726,3,2023,83,Witte els (grauwe),628.8,71.9,83,Witte els (grauwe),16.2,71.7
727,3,2023,86,Zachte berk,589.5,45.5,57,Ruwe berk,11,45.3
728,3,2023,86,Zachte berk,353.7,39.1,89,Zwarte els,15,64.9
729,3,2023,28,Hazelaar,314.4,39,16,Esdoorn (gewone),8.7,32.7
730,3,2023,28,Hazelaar,196.5,43.5,28,Hazelaar,8.8,50
731,3,2023,86,Zachte berk,550.2,43.8,57,Ruwe berk,9.9,38.2
732,3,2023,87,Zomereik,245.6,48.1,87,Zomereik,17.1,52.8
733,3,2023,89,Zwarte els,471.6,36.1,89,Zwarte els,19.8,54
734,3,2023,87,Zomereik,235.8,44.4,87,Zomereik,12.8,51.2
735,3,2023,89,Zwarte els,314.4,27.6,89,Zwarte els,7.1,23.2
736,3,2023,87,Zomereik,275.1,36.8,87,Zomereik,16.6,44.5
737,3,2023,89,Zwarte els,235.8,31.2,89,Zwarte els,13.6,43.2
738,3,2023,86,Zachte berk,393,36.7,57,Ruwe berk,13.2,49.4
739,3,2023,4,Amerikaanse vogelkers,2436.4,89.9,4,Amerikaanse vogelkers,9,46.9
740,3,2023,4,Amerikaanse vogelkers,275.1,38.9,89,Zwarte els,7,35.4
741,3,2023,77,Wilg breedbladige species,235.8,75,77,Wilg breedbladige species,11.8,52.7
742,3,2023,89,Zwarte els,196.5,52.6,51,Populier species,14,39.5
743,3,2023,51,Populier species,49.1,55.5,51,Populier species,22.3,84.5
744,3,2023,57,Ruwe berk,167,54.8,87,Zomereik,9.7,42.2
745,3,2023,28,Hazelaar,471.6,82.8,28,Hazelaar,13.2,57.4
746,3,2023,86,Zachte berk,393,41.7,86,Zachte berk,8.7,27.7
747,3,2023,87,Zomereik,393,48.2,87,Zomereik,10.7,30.1
748,3,2023,83,Witte els (grauwe),471.6,41.4,51,Populier species,13.2,36.1
749,3,2023,28,Hazelaar,393,44.9,51,Populier species,10.4,38.4
750,3,2023,86,Zachte berk,235.8,34.8,24,Grauwe abeel,11.3,43.3
751,3,2023,87,Zomereik,275.1,26.9,87,Zomereik,8.4,34.1
752,3,2023,28,Hazelaar,353.7,30.5,87,Zomereik,8.8,29.7
753,3,2023,87,Zomereik,510.9,52,87,Zomereik,13,51
754,3,2023,83,Witte els (grauwe),235.8,61.5,51,Populier species,13.8,45.7
755,3,2023,28,Hazelaar,393,54.1,87,Zomereik,8.2,24.5
756,3,2023,87,Zomereik,245.6,50,51,Populier species,22,57.6
757,3,2023,87,Zomereik,117.9,30.8,78,Wilg smalbladige species,18.7,46.5
758,3,2023,89,Zwarte els,117.9,52.2,89,Zwarte els,10.7,62.6
759,3,2023,86,Zachte berk,510.9,56.5,86,Zachte berk,14.5,47.5
760,3,2023,57,Ruwe berk,825.2,58.3,57,Ruwe berk,17.2,70.2
761,3,2023,28,Hazelaar,235.8,82.8,28,Hazelaar,6,63.2
762,3,2023,16,Esdoorn (gewone),786,76.2,16,Esdoorn (gewone),27.7,63.4
763,3,2023,89,Zwarte els,393,26.8,24,Grauwe abeel,9.1,35.1
764,3,2023,28,Hazelaar,314.4,62.8,28,Hazelaar,11.5,48.9
765,3,2023,89,Zwarte els,196.5,57.1,51,Populier species,14.6,52.5
766,3,2023,83,Witte els (grauwe),157.2,48.5,51,Populier species,14.3,84.1
767,3,2023,28,Hazelaar,117.9,30.8,51,Populier species,12.9,43.7
768,3,2023,89,Zwarte els,393,80,89,Zwarte els,20.3,63.4
801,3,2023,7,Beuk,235.8,96,7,Beuk,48.1,97.2
802,3,2023,7,Beuk,275.1,100,7,Beuk,42,100
803,3,2023,7,Beuk,147.4,75,7,Beuk,31.8,85.7
804,3,2023,7,Beuk,186.7,90.5,7,Beuk,34.6,87.4
805,3,2023,16,Esdoorn (gewone),275.1,45.2,87,Zomereik,32,92.2
806,3,2023,7,Beuk,186.7,100,7,Beuk,39.2,100
807,3,2023,16,Esdoorn (gewone),216.1,40.7,87,Zomereik,26.4,65.8
808,3,2023,16,Esdoorn (gewone),353.7,57.1,87,Zomereik,34.3,82.9
809,3,2023,16,Esdoorn (gewone),393,58,87,Zomereik,25.9,81.7
810,3,2023,87,Zomereik,235.8,58.5,87,Zomereik,27.1,80.4
811,3,2023,16,Esdoorn (gewone),167,34,64,Tamme kastanje,16.9,47.6
812,3,2023,87,Zomereik,275.1,56,87,Zomereik,28.4,58.8
813,3,2023,87,Zomereik,167,34.7,87,Zomereik,27.8,81
814,3,2023,14,Es (gewone),58.9,35.3,14,Es (gewone),6.4,41.6
815,3,2023,16,Esdoorn (gewone),314.4,50.8,87,Zomereik,30.8,79.6
816,3,2023,87,Zomereik,216.1,44.9,87,Zomereik,25.3,50.9
817,3,2023,87,Zomereik,117.9,28.6,87,Zomereik,22.2,63.4
818,3,2023,80,Wintereik,196.5,83.3,80,Wintereik,20.4,64.6
819,3,2023,27,Haagbeuk,245.6,48.1,87,Zomereik,12.3,29.9
820,3,2023,16,Esdoorn (gewone),432.3,62,87,Zomereik,18.8,61.6
821,3,2023,80,Wintereik,117.9,41.4,80,Wintereik,22.3,81.7
822,3,2023,16,Esdoorn (gewone),422.4,67.2,87,Zomereik,19.4,52.4
823,3,2023,7,Beuk,530.5,100,7,Beuk,64.7,100
824,3,2023,16,Esdoorn (gewone),324.2,46.5,87,Zomereik,22.6,58.9
825,3,2023,27,Haagbeuk,235.8,57.1,14,Es (gewone),15,40.9
826,3,2023,7,Beuk,373.3,100,7,Beuk,47.5,100
827,3,2023,7,Beuk,451.9,70.8,7,Beuk,25,59
828,3,2023,7,Beuk,284.9,100,7,Beuk,38.3,100
829,3,2023,16,Esdoorn (gewone),265.3,45.8,87,Zomereik,13.9,40.2
830,3,2023,7,Beuk,284.9,100,7,Beuk,40.7,100
831,3,2023,7,Beuk,343.9,100,7,Beuk,45.5,100
832,3,2023,7,Beuk,393,97.6,7,Beuk,44.3,96.3
833,3,2023,16,Esdoorn (gewone),284.9,34.5,87,Zomereik,25.8,54.8
91000,3,2023,83,Witte els (grauwe),406.1,53.8,83,Witte els (grauwe),7.7,33
101000,3,2023,7,Beuk,138.8,33.7,7,Beuk,24.1,59.8
841,3,2024,16,Esdoorn (gewone),471.6,85.7,16,Esdoorn (gewone),23.5,67.5
842,3,2024,16,Esdoorn (gewone),235.8,63.2,3,Amerikaanse eik,24,56.9
843,3,2024,7,Beuk,717.2,86.9,7,Beuk,20.9,45.2
844,3,2024,64,Tamme kastanje,98.2,55.5,64,Tamme kastanje,16.1,57.1
845,3,2024,87,Zomereik,206.3,75,87,Zomereik,11.3,47.5
846,3,2024,7,Beuk,638.6,95.6,7,Beuk,29,72.3
847,3,2024,51,Populier species,117.9,28.6,51,Populier species,45.2,72.7
848,3,2024,7,Beuk,913.7,100,7,Beuk,39,100
849,3,2024,16,Esdoorn (gewone),117.9,32.4,51,Populier species,29.9,71.4
850,3,2024,69,Vlier,196.5,43.5,51,Populier species,21.1,54.2
851,3,2024,16,Esdoorn (gewone),78.6,57.2,87,Zomereik,12,32
852,3,2024,7,Beuk,628.8,97,7,Beuk,26.9,87.3
853,3,2024,7,Beuk,795.8,98.8,7,Beuk,30,82.4
854,3,2024,16,Esdoorn (gewone),157.2,37.2,51,Populier species,31.9,67.7
855,3,2024,7,Beuk,324.2,52.4,14,Es (gewone),10.9,23.8
856,3,2024,7,Beuk,1149.5,89.3,7,Beuk,27,60.1
857,3,2024,16,Esdoorn (gewone),235.8,75,87,Zomereik,23.3,59.4
858,3,2024,7,Beuk,668.1,69.4,7,Beuk,13.5,32.9
859,3,2024,7,Beuk,1267.3,95.6,7,Beuk,20.8,54.7
860,3,2024,7,Beuk,1100.3,95.7,7,Beuk,15.4,54
861,3,2024,16,Esdoorn (gewone),314.4,64,51,Populier species,38.8,72.8
862,3,2024,7,Beuk,78.6,44.5,14,Es (gewone),13.6,64.2
863,3,2024,16,Esdoorn (gewone),196.5,80,14,Es (gewone),8,34.6
864,3,2024,16,Esdoorn (gewone),284.9,53.7,87,Zomereik,16.1,39.8
865,3,2024,16,Esdoorn (gewone),393,66.7,87,Zomereik,19.4,58.3
866,3,2024,16,Esdoorn (gewone),471.6,60.8,87,Zomereik,27.5,53.8
867,3,2024,64,Tamme kastanje,127.7,48.1,87,Zomereik,27.8,54.2
868,3,2024,16,Esdoorn (gewone),157.2,43.2,87,Zomereik,22,49.2
869,3,2024,16,Esdoorn (gewone),157.2,55.2,87,Zomereik,25.8,76.1
870,3,2024,16,Esdoorn (gewone),353.7,58.1,87,Zomereik,14.7,27
871,3,2024,64,Tamme kastanje,245.6,55.6,64,Tamme kastanje,29.9,63.3
872,3,2024,24,Grauwe abeel,88.4,27.3,24,Grauwe abeel,18.1,43.6
873,3,2024,16,Esdoorn (gewone),167,43.6,64,Tamme kastanje,22.2,38.9
874,3,2024,64,Tamme kastanje,98.2,45.4,51,Populier species,23.6,57.6
875,3,2024,64,Tamme kastanje,88.4,23.7,24,Grauwe abeel,25.8,52.7
876,3,2024,16,Esdoorn (gewone),314.4,72.7,51,Populier species,31.5,47.3
877,3,2024,64,Tamme kastanje,216.1,62.8,64,Tamme kastanje,38.9,74.5
878,3,2024,16,Esdoorn (gewone),186.7,63.4,64,Tamme kastanje,20.3,48.2
879,3,2024,16,Esdoorn (gewone),117.9,41.4,51,Populier species,39.6,73.5
880,3,2024,16,Esdoorn (gewone),412.6,75,64,Tamme kastanje,19.9,36.6
881,3,2024,16,Esdoorn (gewone),206.3,72.4,16,Esdoorn (gewone),10.3,34.8
882,3,2024,16,Esdoorn (gewone),235.8,37.5,51,Populier species,36.9,80
883,3,2024,16,Esdoorn (gewone),216.1,56.4,16,Esdoorn (gewone),23.4,54.8
884,3,2024,16,Esdoorn (gewone),373.3,54.3,51,Populier species,59.4,83.5
885,3,2024,16,Esdoorn (gewone),196.5,55.6,87,Zomereik,21.4,36
886,3,2024,14,Es (gewone),284.9,46.8,64,Tamme kastanje,28,44.8
887,3,2024,16,Esdoorn (gewone),334,69.4,14,Es (gewone),21.2,43.1
888,3,2024,69,Vlier,432.3,72.1,51,Populier species,34.1,75.3
889,3,2024,16,Esdoorn (gewone),432.3,74.6,87,Zomereik,17.6,42
890,3,2024,16,Esdoorn (gewone),157.2,55.2,87,Zomereik,32.3,90.5
111000,3,2024,16,Esdoorn (gewone),161.2,43.5,87,Zomereik,23.5,58.5
171200,3,2024,86,Zachte berk,236,28.9,87,Zomereik,18.9,70.5
171100,3,2025,89,Zwarte els,558,67.4,89,Zwarte els,19.4,57.4
