plottype,plot_id,period,year,height_class,species,nr_of_subplots_with_regeneration,perc_subplots_with_regeneration,approx_nr_regeneration_ha,approx_rubbing_damage_perc,rubbing_damage_number_ha,mean_number_of_regeneration_ha,lci_number_of_regeneration_ha,uci_number_of_regeneration_ha
CA,11000,1,2000,3000,7,5,0.6666666666666666,3.6,,,3.6000000000333334,3.5999999999923133,3.6000000000743535
CA,11000,1,2000,3000,16,3,0.4,0.4,,,0.4000000000200001,0.40000000000845304,0.40000000003154706
CA,11000,1,2000,3000,77,1,0.13333333333333333,0.13333333333333333,,,0.13333333334,0.13333333333333333,0.13333333334666667
CA,11000,1,2000,4000,6,1,0.13333333333333333,0.13333333333333333,,,0.13333333334,0.13333333333333333,0.13333333334666667
CA,11000,1,2000,4000,7,177,23.6,75.73333333333333,,,75.73333333451332,75.73333333430963,75.73333333471699
CA,11000,1,2000,4000,16,4,0.5333333333333333,0.5333333333333333,,,0.53333333336,0.5333333333466667,0.5333333333733333
CA,11000,1,2000,4000,87,2,0.26666666666666666,0.26666666666666666,,,0.26666666668,0.2666666666705719,0.26666666668942807
CA,11000,1,2000,5000,4,1,0.13333333333333333,0.13333333333333333,,,0.13333333334,0.13333333333333333,0.13333333334666667
CA,11000,1,2000,5000,6,2,0.26666666666666666,0.26666666666666666,,,0.26666666668,0.2666666666705719,0.26666666668942807
CA,11000,1,2000,5000,7,88,11.733333333333333,21.466666666666665,,,21.466666667253335,21.46666666715789,21.466666667348782
CA,11000,1,2000,5000,14,4,0.5333333333333333,0.5333333333333333,,,0.53333333336,0.5333333333466667,0.5333333333733333
CA,11000,1,2000,5000,16,18,2.4,2.933333333333333,,,2.933333333453334,2.9333333334211398,2.933333333485528
CA,11000,1,2000,5000,27,1,0.13333333333333333,0.13333333333333333,,,0.13333333334,0.13333333333333333,0.13333333334666667
CA,11000,1,2000,5000,31,4,0.5333333333333333,0.5333333333333333,,,0.53333333336,0.5333333333466667,0.5333333333733333
CA,11000,1,2000,5000,39,1,0.13333333333333333,0.13333333333333333,,,0.13333333334,0.13333333333333333,0.13333333334666667
CA,11000,1,2000,5000,64,1,0.13333333333333333,0.13333333333333333,,,0.13333333334,0.13333333333333333,0.13333333334666667
CA,11000,1,2000,5000,71,1,0.13333333333333333,0.13333333333333333,,,0.13333333334,0.13333333333333333,0.13333333334666667
CA,11000,1,2000,5000,79,3,0.4,0.8,,,0.8000000000200002,0.8000000000044446,0.8000000000355557
CA,11000,1,2000,5000,82,1,0.13333333333333333,0.13333333333333333,,,0.13333333334,0.13333333333333333,0.13333333334666667
CA,11000,1,2000,5000,87,6,0.8,1.0666666666666667,,,1.0666666667066667,1.0666666666878102,1.0666666667255231
CA,11000,1,2000,,,447,59.6,0,,,0,0,0
CA,31000,1,2001,,,10,100,0,,,0,0,0
CA,41000,1,2001,3000,54,1,1.0204081632653061,30.612244897959183,,,29.574238257599873,21.42857142867347,40.81632653061222
CA,41000,1,2001,5000,3,9,9.183673469387756,24.489795918367346,,,24.89293605476441,22.396230693855628,27.667971182159338
CA,41000,1,2001,5000,7,35,35.714285714285715,80.61224489795919,,,82.57765131588808,78.41399892090848,86.96238669993582
CA,41000,1,2001,5000,14,97,98.9795918367347,7796.938775510204,,,21032.192483975774,19155.284301527416,23093.007324758644
CA,41000,1,2001,5000,16,17,17.346938775510203,40.816326530612244,,,41.8818244641417,38.751135080409206,45.265441045931176
CA,41000,1,2001,5000,20,6,6.122448979591836,18.367346938775512,,,19.36088363416797,16.058168495672405,23.342874699366345
CA,41000,1,2001,5000,23,3,3.061224489795918,5.1020408163265305,,,5.267630265660649,4.521598014949637,6.136752653367648
CA,41000,1,2001,5000,27,3,3.061224489795918,5.1020408163265305,,,5.267630265660649,4.521598014949637,6.136752653367648
CA,41000,1,2001,5000,28,6,6.122448979591836,8.16326530612245,,,8.328854755609628,7.716557936179826,8.98973637128985
CA,41000,1,2001,5000,31,19,19.387755102040817,64.28571428571429,,,63.650847782211244,60.373762866362064,67.10581270811474
CA,41000,1,2001,5000,39,8,8.16326530612245,16.3265306122449,,,16.988888409377292,15.15034290807753,19.050547643538334
CA,41000,1,2001,5000,43,2,2.0408163265306123,4.081632653061225,,,4.247222102344322,3.377691416609115,5.340599054709231
CA,41000,1,2001,5000,52,2,2.0408163265306123,6.122448979591836,,,6.453627878055991,4.667785393491195,8.922713723406753
CA,41000,1,2001,5000,54,1,1.0204081632653061,8.16326530612245,,,7.904047645387125,6.122448979693876,10.204081632653063
CA,41000,1,2001,5000,63,1,1.0204081632653061,1.0204081632653061,,,1.0204081633163264,1.0204081632653061,1.020408163367347
CA,41000,1,2001,5000,64,2,2.0408163265306123,6.122448979591836,,,6.453627878055991,4.667785393491195,8.922713723406753
CA,41000,1,2001,5000,83,1,1.0204081632653061,8.16326530612245,,,7.904047645387125,6.122448979693876,10.204081632653063
CA,41000,1,2001,5000,87,28,28.571428571428573,59.183673469387756,,,61.66751520853216,57.88083033386838,65.7019329207744
CA,43000,1,2001,3000,54,1,10,10,,,10.0000000005,10,10.000000001
CA,43000,1,2001,5000,7,7,70,70,,,70.00000000349999,70.00000000217712,70.00000000482287
CA,43000,1,2001,5000,14,10,100,5640,,,12106.369032548902,9831.607581881177,14907.447223825779
CA,43000,1,2001,5000,16,4,40,130,,,129.0824435282682,113.21838009693163,147.1693660778681
CA,43000,1,2001,5000,28,3,30,170,,,164.91933385008758,146.21142847647306,186.0209353055678
CA,43000,1,2001,5000,31,1,10,10,,,10.0000000005,10,10.000000001
CA,43000,1,2001,5000,64,1,10,10,,,10.0000000005,10,10.000000001
CA,43000,1,2001,5000,83,3,30,410,,,398.90997845174695,324.90872565087477,489.76576603043526
CA,43000,1,2001,5000,87,5,50,50,,,50.00000000249999,50.00000000138195,50.00000000361803
CA,43000,1,2001,5000,89,1,10,80,,,77.45966692479382,60.00000000099998,100.00000000000001
CA,51000,1,2001,3000,4,23,23.46938775510204,205.10204081632654,,,202.89549699666884,188.81966493436173,218.02063209801662
CA,51000,1,2001,3000,7,1,1.0204081632653061,1.0204081632653061,,,1.0204081633163264,1.0204081632653061,1.020408163367347
CA,51000,1,2001,3000,9,1,1.0204081632653061,1.0204081632653061,,,1.0204081633163264,1.0204081632653061,1.020408163367347
CA,51000,1,2001,3000,13,4,4.081632653061225,6.122448979591836,,,6.288038428976975,5.60754395005542,7.051113221127844
CA,51000,1,2001,3000,16,2,2.0408163265306123,2.0408163265306123,,,2.040816326632653,2.040816326560499,2.0408163267048067
CA,51000,1,2001,3000,20,7,7.142857142857143,87.75510204081633,,,86.8063563510414,76.88433834188224,98.00882293395709
CA,51000,1,2001,3000,24,3,3.061224489795918,7.142857142857143,,,7.474036041372318,6.0222645315247085,9.275782300049434
CA,51000,1,2001,3000,28,4,4.081632653061225,10.204081632653061,,,10.700849980400315,8.775295227806748,13.048927395648775
CA,51000,1,2001,3000,39,22,22.448979591836736,104.08163265306122,,,104.68978840980023,96.8167082238345,113.20310304240031
CA,51000,1,2001,3000,54,3,3.061224489795918,60.204081632653065,,,59.53505486034577,53.53724086454429,66.20480809222498
CA,51000,1,2001,3000,71,9,9.183673469387756,220.40816326530611,,,440.7094125199624,377.85935315605593,514.0134408780285
CA,51000,1,2001,3000,77,1,1.0204081632653061,1.0204081632653061,,,1.0204081633163264,1.0204081632653061,1.020408163367347
CA,51000,1,2001,3000,79,1,1.0204081632653061,1.0204081632653061,,,1.0204081633163264,1.0204081632653061,1.020408163367347
CA,51000,1,2001,3000,83,7,7.142857142857143,44.89795918367347,,,44.46228398101461,40.382723409865925,48.95397164633557
CA,51000,1,2001,3000,86,1,1.0204081632653061,3.061224489795918,,,3.2268139390279957,2.0408163266326524,5.10204081632653
CA,51000,1,2001,3000,87,9,9.183673469387756,44.89795918367347,,,45.62684417190835,39.603049939456945,52.56688341605425
CA,51000,1,2001,5000,3,8,8.16326530612245,10.204081632653061,,,10.369671082242283,9.792503390548513,10.980856892802027
CA,51000,1,2001,5000,4,48,48.97959183673469,666.3265306122449,,,650.4055410369191,624.604844928109,677.2719924390234
CA,51000,1,2001,5000,6,1,1.0204081632653061,1.0204081632653061,,,1.0204081633163264,1.0204081632653061,1.020408163367347
CA,51000,1,2001,5000,7,1,1.0204081632653061,1.0204081632653061,,,1.0204081633163264,1.0204081632653061,1.020408163367347
CA,51000,1,2001,5000,13,5,5.1020408163265305,9.183673469387756,,,9.51485236800497,8.35843247824881,10.831267204768686
CA,51000,1,2001,5000,14,92,93.87755102040816,5887.755102040816,,,9563.491523203451,9224.512252768502,9914.927489736358
CA,51000,1,2001,5000,16,29,29.591836734693878,90.81632653061224,,,91.44614926173792,86.88838899730509,96.24298840503782
CA,51000,1,2001,5000,20,50,51.02040816326531,856.1224489795918,,,1070.949480403098,1025.1272781725186,1118.8198909507983
CA,51000,1,2001,5000,24,2,2.0408163265306123,18.367346938775512,,,18.361912892353246,13.967875460132339,24.13823390885058
CA,51000,1,2001,5000,28,14,14.285714285714286,22.448979591836736,,,23.111337389275242,21.64715322870436,24.674556985749263
CA,51000,1,2001,5000,39,46,46.93877551020408,604.0816326530612,,,816.2062093261535,773.6089131819509,861.1490441629409
CA,51000,1,2001,5000,41,2,2.0408163265306123,9.183673469387756,,,8.92445580870345,7.854518301766607,10.14013952498998
CA,51000,1,2001,5000,44,1,1.0204081632653061,1.0204081632653061,,,1.0204081633163264,1.0204081632653061,1.020408163367347
CA,51000,1,2001,5000,54,9,9.183673469387756,59.183673469387756,,,57.716561670209856,53.72723682706939,62.00209963808857
CA,51000,1,2001,5000,64,1,1.0204081632653061,1.0204081632653061,,,1.0204081633163264,1.0204081632653061,1.020408163367347
CA,51000,1,2001,5000,69,1,1.0204081632653061,3.061224489795918,,,3.2268139390279957,2.0408163266326524,5.10204081632653
CA,51000,1,2001,5000,71,12,12.244897959183673,701.0204081632653,,,1583.7131566613245,1295.153781579503,1936.5633627872123
CA,51000,1,2001,5000,83,20,20.408163265306122,118.36734693877551,,,117.98733083478278,110.25725896426339,126.25935351819844
CA,51000,1,2001,5000,86,3,3.061224489795918,5.1020408163265305,,,5.267630265660649,4.521598014949637,6.136752653367648
CA,51000,1,2001,5000,87,76,77.55102040816327,921.4285714285714,,,904.1937883379431,873.5278166116847,935.936316304349
CA,51000,1,2001,5000,89,2,2.0408163265306123,2.0408163265306123,,,2.040816326632653,2.040816326560499,2.0408163267048067
CA,51000,1,2001,,,2,2.0408163265306123,0,,,0,0,0
CA,53000,1,2001,3000,2,1,10,10,,,10.0000000005,10,10.000000001
CA,53000,1,2001,3000,4,3,30,120,,,119.0824435277682,99.98021876905642,141.8343401438222
CA,53000,1,2001,3000,6,4,40,350,,,341.45031152795315,296.8362688543718,392.7697774012064
CA,53000,1,2001,3000,7,1,10,10,,,10.0000000005,10,10.000000001
CA,53000,1,2001,3000,39,6,60,190,,,192.32799673321688,167.37973132752748,220.994848265292
CA,53000,1,2001,3000,63,2,20,20,,,20.000000001,20.00000000029289,20.000000001707104
CA,53000,1,2001,3000,79,1,10,10,,,10.0000000005,10,10.000000001
CA,53000,1,2001,3000,87,2,20,40,,,41.622776602974355,33.101375882769325,52.33787073615046
CA,53000,1,2001,5000,3,5,50,110,,,114.8683298084231,98.01105750682584,134.62494466053212
CA,53000,1,2001,5000,4,7,70,440,,,432.3257471204432,390.9872104348759,478.0349500828008
CA,53000,1,2001,5000,6,5,50,90,,,93.2455532064487,81.91263828683833,106.14641860673312
CA,53000,1,2001,5000,7,1,10,10,,,10.0000000005,10,10.000000001
CA,53000,1,2001,5000,20,2,20,40,,,41.622776602974355,33.101375882769325,52.33787073615046
CA,53000,1,2001,5000,28,1,10,10,,,10.0000000005,10,10.000000001
CA,53000,1,2001,5000,39,9,90,770,,,750.3714227538967,677.3192173888783,831.3026673838366
CA,53000,1,2001,5000,63,4,40,80,,,83.24555320594871,70.79694605744939,97.88306578847505
CA,53000,1,2001,5000,79,1,10,10,,,10.0000000005,10,10.000000001
CA,53000,1,2001,5000,87,8,80,1400,,,3567.9432091073377,3001.526287224607,4241.248460024749
CA,53000,1,2001,5000,89,1,10,10,,,10.0000000005,10,10.000000001
CA,71000,1,2002,1000,3,2,2.0408163265306123,2.0408163265306123,,,2.040816326632653,2.040816326560499,2.0408163267048067
CA,71000,1,2002,1000,7,7,7.142857142857143,10.204081632653061,,,10.204081633010201,10.20408163285135,10.204081633169055
CA,71000,1,2002,1000,14,49,50,366.3265306122449,,,366.3265306147449,366.32653061327557,366.32653061621426
CA,71000,1,2002,1000,15,5,5.1020408163265305,95.91836734693878,,,95.91836734719392,95.9183673467833,95.91836734760456
CA,71000,1,2002,1000,16,67,68.36734693877551,730.6122448979592,,,730.6122449013778,730.6122448992928,730.6122449034627
CA,71000,1,2002,1000,28,9,9.183673469387756,9.183673469387756,,,9.18367346984694,9.183673469693879,9.183673470000002
CA,71000,1,2002,1000,31,4,4.081632653061225,4.081632653061225,,,4.081632653265306,4.081632653163266,4.081632653367347
CA,71000,1,2002,1000,64,58,59.183673469387756,696.9387755102041,,,696.938775513163,696.9387755107656,696.9387755155603
CA,71000,1,2002,1000,69,1,1.0204081632653061,1.0204081632653061,,,1.0204081633163264,1.0204081632653061,1.020408163367347
CA,71000,1,2002,1000,83,3,3.061224489795918,7.142857142857143,,,7.142857143010202,7.142857142840168,7.142857143180236
CA,71000,1,2002,1000,87,74,75.51020408163265,389.79591836734693,,,389.7959183711224,389.7959183698719,389.7959183723729
CA,71000,1,2002,2000,7,2,2.0408163265306123,2.0408163265306123,,,2.040816326632653,2.040816326560499,2.0408163267048067
CA,71000,1,2002,2000,16,10,10.204081632653061,31.63265306122449,,,31.63265306173469,31.63265306134145,31.63265306212793
CA,71000,1,2002,2000,23,2,2.0408163265306123,4.081632653061225,,,4.081632653163266,4.081632653055705,4.081632653270826
CA,71000,1,2002,2000,28,9,9.183673469387756,10.204081632653061,,,10.204081633112247,10.204081632949421,10.204081633275074
CA,71000,1,2002,2000,64,24,24.489795918367346,52.04081632653061,,,52.04081632775511,52.040816327362464,52.04081632814776
CA,71000,1,2002,2000,87,1,1.0204081632653061,2.0408163265306123,,,2.040816326581633,2.0408163265306123,2.040816326632653
CA,71000,1,2002,3000,7,4,4.081632653061225,4.081632653061225,,,4.081632653265306,4.081632653163266,4.081632653367347
CA,71000,1,2002,3000,16,13,13.26530612244898,17.346938775510203,,,17.34693877617347,17.346938775956136,17.346938776390804
CA,71000,1,2002,3000,23,8,8.16326530612245,13.26530612244898,,,13.265306122857144,13.2653061226632,13.265306123051085
CA,71000,1,2002,3000,28,16,16.3265306122449,29.591836734693878,,,29.591836735510203,29.591836735216358,29.591836735804044
CA,71000,1,2002,3000,64,12,12.244897959183673,19.387755102040817,,,19.387755102653063,19.387755102405716,19.387755102900407
CA,71000,1,2002,3000,69,4,4.081632653061225,5.1020408163265305,,,5.102040816530612,5.10204081641564,5.102040816645585
CA,71000,1,2002,3000,83,1,1.0204081632653061,1.0204081632653061,,,1.0204081633163264,1.0204081632653061,1.020408163367347
CA,71000,1,2002,3000,89,1,1.0204081632653061,1.0204081632653061,,,1.0204081633163264,1.0204081632653061,1.020408163367347
CA,71000,1,2002,4000,7,1,1.0204081632653061,1.0204081632653061,,,1.0204081633163264,1.0204081632653061,1.020408163367347
CA,71000,1,2002,4000,16,44,44.89795918367347,64.28571428571429,,,64.28571428795917,64.2857142875266,64.28571428839173
CA,71000,1,2002,4000,23,14,14.285714285714286,20.408163265306122,,,20.408163266020413,20.408163265788655,20.408163266252174
CA,71000,1,2002,4000,28,9,9.183673469387756,10.204081632653061,,,10.204081633112247,10.204081632949421,10.204081633275074
CA,71000,1,2002,4000,64,1,1.0204081632653061,1.0204081632653061,,,1.0204081633163264,1.0204081632653061,1.020408163367347
CA,71000,1,2002,4000,69,5,5.1020408163265305,5.1020408163265305,,,5.102040816581632,5.102040816467547,5.102040816695718
CA,71000,1,2002,4000,83,1,1.0204081632653061,1.0204081632653061,,,1.0204081633163264,1.0204081632653061,1.020408163367347
CA,71000,1,2002,,,7,7.142857142857143,0,,,0,0,0
CA,81000,1,2002,1000,3,2,2.0408163265306123,2.0408163265306123,,,2.040816326632653,2.040816326560499,2.0408163267048067
CA,81000,1,2002,1000,4,21,21.428571428571427,31.63265306122449,,,31.632653062295923,31.632653062006934,31.632653062584914
CA,81000,1,2002,1000,7,72,73.46938775510205,162.24489795918367,,,162.24489796285712,162.24489796212063,162.24489796359364
CA,81000,1,2002,1000,9,6,6.122448979591836,11.224489795918368,,,11.224489796224487,11.224489796030749,11.224489796418228
CA,81000,1,2002,1000,14,39,39.795918367346935,130.6122448979592,,,130.61224489994902,130.61224489919462,130.61224490070342
CA,81000,1,2002,1000,16,95,96.93877551020408,8551.020408163266,,,8551.020408168111,8551.020408167291,8551.02040816893
CA,81000,1,2002,1000,24,10,10.204081632653061,85.71428571428572,,,85.71428571479592,85.71428571398155,85.71428571561027
CA,81000,1,2002,1000,27,15,15.306122448979592,40.816326530612244,,,40.81632653137754,40.81632653103691,40.81632653171819
CA,81000,1,2002,1000,28,75,76.53061224489795,238.77551020408163,,,238.77551020790818,238.7755102069727,238.77551020884363
CA,81000,1,2002,1000,31,8,8.16326530612245,9.183673469387756,,,9.18367346979592,9.18367346964137,9.18367346995047
CA,81000,1,2002,1000,39,57,58.16326530612245,203.06122448979593,,,203.0612244927041,203.06122449178395,203.06122449362428
CA,81000,1,2002,1000,57,1,1.0204081632653061,1.0204081632653061,,,1.0204081633163264,1.0204081632653061,1.020408163367347
CA,81000,1,2002,1000,63,2,2.0408163265306123,2.0408163265306123,,,2.040816326632653,2.040816326560499,2.0408163267048067
CA,81000,1,2002,1000,64,28,28.571428571428573,82.6530612244898,,,82.65306122591839,82.65306122534851,82.65306122648829
CA,81000,1,2002,1000,87,98,100,1487.7551020408164,,,1487.7551020458168,1487.7551020442747,1487.7551020473588
CA,81000,1,2002,2000,4,2,2.0408163265306123,2.0408163265306123,,,2.040816326632653,2.040816326560499,2.0408163267048067
CA,81000,1,2002,2000,7,50,51.02040816326531,84.6938775510204,,,84.6938775535714,84.69387755306501,84.69387755407782
CA,81000,1,2002,2000,14,2,2.0408163265306123,2.0408163265306123,,,2.040816326632653,2.040816326560499,2.0408163267048067
CA,81000,1,2002,2000,16,53,54.08163265306123,1182.6530612244899,,,1182.6530612271936,1182.653061223666,1182.6530612307208
CA,81000,1,2002,2000,24,7,7.142857142857143,44.89795918367347,,,44.897959184030604,44.89795918364772,44.89795918441349
CA,81000,1,2002,2000,27,9,9.183673469387756,20.408163265306122,,,20.408163265765307,20.408163265562667,20.40816326596795
CA,81000,1,2002,2000,28,35,35.714285714285715,86.73469387755102,,,86.73469387933673,86.73469387881352,86.73469387985996
CA,81000,1,2002,2000,39,19,19.387755102040817,32.6530612244898,,,32.6530612254592,32.65306122515556,32.653061225762826
CA,81000,1,2002,2000,63,2,2.0408163265306123,2.0408163265306123,,,2.040816326632653,2.040816326560499,2.0408163267048067
CA,81000,1,2002,2000,64,2,2.0408163265306123,3.061224489795918,,,3.0612244898979597,3.061224489812396,3.061224489983523
CA,81000,1,2002,2000,87,58,59.183673469387756,159.18367346938777,,,159.18367347234692,159.18367347160438,159.18367347308947
CA,81000,1,2002,3000,7,41,41.83673469387755,130.6122448979592,,,130.612244900051,130.61224489921656,130.61224490088543
CA,81000,1,2002,3000,16,47,47.95918367346939,647.9591836734694,,,647.9591836758676,647.9591836737329,647.9591836780021
CA,81000,1,2002,3000,24,8,8.16326530612245,22.448979591836736,,,22.448979592244896,22.448979592012222,22.448979592477567
CA,81000,1,2002,3000,27,7,7.142857142857143,10.204081632653061,,,10.204081633010206,10.204081632841444,10.20408163317897
CA,81000,1,2002,3000,28,39,39.795918367346935,95.91836734693878,,,95.91836734892861,95.91836734839829,95.91836734945895
CA,81000,1,2002,3000,31,4,4.081632653061225,4.081632653061225,,,4.081632653265306,4.081632653163266,4.081632653367347
CA,81000,1,2002,3000,39,8,8.16326530612245,13.26530612244898,,,13.265306122857144,13.265306122661602,13.265306123052682
CA,81000,1,2002,3000,40,7,7.142857142857143,13.26530612244898,,,13.265306122806127,13.26530612260684,13.265306123005413
CA,81000,1,2002,3000,57,1,1.0204081632653061,1.0204081632653061,,,1.0204081633163264,1.0204081632653061,1.020408163367347
CA,81000,1,2002,3000,63,4,4.081632653061225,9.183673469387756,,,9.183673469591838,9.18367346945255,9.183673469731128
CA,81000,1,2002,3000,87,8,8.16326530612245,8.16326530612245,,,8.16326530653061,8.163265306386302,8.16326530667492
CA,81000,1,2002,4000,7,3,3.061224489795918,9.183673469387756,,,9.183673469540814,9.183673469367797,9.183673469713831
CA,81000,1,2002,4000,16,56,57.142857142857146,289.79591836734693,,,289.79591837020405,289.79591836904297,289.79591837136513
CA,81000,1,2002,4000,24,2,2.0408163265306123,2.0408163265306123,,,2.040816326632653,2.040816326560499,2.0408163267048067
CA,81000,1,2002,4000,28,65,66.3265306122449,141.83673469387756,,,141.83673469719383,141.83673469653627,141.83673469785143
CA,81000,1,2002,4000,31,3,3.061224489795918,5.1020408163265305,,,5.102040816479593,5.102040816356041,5.102040816603145
CA,81000,1,2002,4000,87,1,1.0204081632653061,1.0204081632653061,,,1.0204081633163264,1.0204081632653061,1.020408163367347
CA,91000,1,2003,1000,4,1,1.0204081632653061,5.1020408163265305,,,5.10204081637755,5.10204081632653,5.102040816428571
CA,91000,1,2003,1000,13,1,1.0204081632653061,1.0204081632653061,,,1.0204081633163264,1.0204081632653061,1.020408163367347
CA,91000,1,2003,1000,14,24,24.489795918367346,168.3673469387755,,,168.36734694000006,168.3673469389917,168.36734694100838
CA,91000,1,2003,1000,16,9,9.183673469387756,17.346938775510203,,,17.346938775969384,17.346938775726493,17.34693877621228
CA,91000,1,2003,1000,20,1,1.0204081632653061,4.081632653061225,,,4.081632653112245,4.081632653061225,4.081632653163266
CA,91000,1,2003,1000,24,2,2.0408163265306123,5.1020408163265305,,,5.102040816428571,5.1020408162970945,5.102040816560048
CA,91000,1,2003,1000,28,5,5.1020408163265305,5.1020408163265305,,,5.102040816581632,5.102040816467547,5.102040816695718
CA,91000,1,2003,1000,54,2,2.0408163265306123,42.85714285714286,,,42.857142857244895,42.85714285714872,42.85714285734106
CA,91000,1,2003,1000,63,1,1.0204081632653061,1.0204081632653061,,,1.0204081633163264,1.0204081632653061,1.020408163367347
CA,91000,1,2003,1000,69,1,1.0204081632653061,1.0204081632653061,,,1.0204081633163264,1.0204081632653061,1.020408163367347
CA,91000,1,2003,1000,83,55,56.12244897959184,595.9183673469388,,,595.9183673497452,595.91836734808,595.9183673514102
CA,91000,1,2003,1000,87,14,14.285714285714286,23.46938775510204,,,23.469387755816324,23.469387755554138,23.469387756078515
CA,91000,1,2003,2000,14,2,2.0408163265306123,3.061224489795918,,,3.0612244898979597,3.061224489812396,3.061224489983523
CA,91000,1,2003,2000,16,3,3.061224489795918,4.081632653061225,,,4.081632653214286,4.081632653112245,4.081632653316326
CA,91000,1,2003,2000,83,18,18.367346938775512,240.81632653061226,,,240.81632653153056,240.81632653045344,240.81632653260772
CA,91000,1,2003,2000,87,1,1.0204081632653061,1.0204081632653061,,,1.0204081633163264,1.0204081632653061,1.020408163367347
CA,91000,1,2003,3000,14,28,28.571428571428573,168.3673469387755,,,168.36734694020402,168.36734693915093,168.36734694125707
CA,91000,1,2003,3000,16,16,16.3265306122449,60.204081632653065,,,60.20408163346938,60.20408163283467,60.20408163410409
CA,91000,1,2003,3000,20,2,2.0408163265306123,2.0408163265306123,,,2.040816326632653,2.040816326560499,2.0408163267048067
CA,91000,1,2003,3000,24,1,1.0204081632653061,1.0204081632653061,,,1.0204081633163264,1.0204081632653061,1.020408163367347
CA,91000,1,2003,3000,28,22,22.448979591836736,30.612244897959183,,,30.612244899081634,30.612244898792916,30.61224489937036
CA,91000,1,2003,3000,40,1,1.0204081632653061,1.0204081632653061,,,1.0204081633163264,1.0204081632653061,1.020408163367347
CA,91000,1,2003,3000,54,9,9.183673469387756,86.73469387755102,,,86.73469387801018,86.73469387730515,86.7346938787152
CA,91000,1,2003,3000,63,1,1.0204081632653061,1.0204081632653061,,,1.0204081633163264,1.0204081632653061,1.020408163367347
CA,91000,1,2003,3000,69,1,1.0204081632653061,1.0204081632653061,,,1.0204081633163264,1.0204081632653061,1.020408163367347
CA,91000,1,2003,3000,77,1,1.0204081632653061,2.0408163265306123,,,2.040816326581633,2.0408163265306123,2.040816326632653
CA,91000,1,2003,3000,79,1,1.0204081632653061,1.0204081632653061,,,1.0204081633163264,1.0204081632653061,1.020408163367347
CA,91000,1,2003,3000,83,95,96.93877551020408,1345.9183673469388,,,1345.918367351786,1345.9183673494167,1345.9183673541554
CA,91000,1,2003,3000,87,17,17.346938775510203,21.42857142857143,,,21.428571429438772,21.428571429202954,21.428571429674594
CA,91000,1,2003,4000,14,23,23.46938775510204,61.224489795918366,,,61.224489797091834,61.22448979663756,61.22448979754611
CA,91000,1,2003,4000,16,23,23.46938775510204,61.224489795918366,,,61.224489797091834,61.224489796603415,61.22448979758026
CA,91000,1,2003,4000,20,2,2.0408163265306123,3.061224489795918,,,3.0612244898979597,3.061224489812396,3.061224489983523
CA,91000,1,2003,4000,28,46,46.93877551020408,76.53061224489797,,,76.5306122472449,76.53061224678432,76.53061224770549
CA,91000,1,2003,4000,54,6,6.122448979591836,27.551020408163264,,,27.55102040846939,27.55102040826525,27.551020408673534
CA,91000,1,2003,4000,57,1,1.0204081632653061,1.0204081632653061,,,1.0204081633163264,1.0204081632653061,1.020408163367347
CA,91000,1,2003,4000,63,1,1.0204081632653061,1.0204081632653061,,,1.0204081633163264,1.0204081632653061,1.020408163367347
CA,91000,1,2003,4000,69,2,2.0408163265306123,2.0408163265306123,,,2.040816326632653,2.040816326560499,2.0408163267048067
CA,91000,1,2003,4000,83,41,41.83673469387755,245.9183673469388,,,245.91836734903052,245.91836734792315,245.9183673501379
CA,91000,1,2003,4000,86,5,5.1020408163265305,6.122448979591836,,,6.122448979846939,6.122448979720722,6.122448979973156
CA,91000,1,2003,4000,87,7,7.142857142857143,8.16326530612245,,,8.16326530647959,8.163265306333816,8.163265306625362
CA,101000,1,2004,1000,4,3,3.061224489795918,4.081632653061225,,,4.081632653214286,4.081632653112245,4.081632653316326
CA,101000,1,2004,1000,7,21,21.428571428571427,40.816326530612244,,,40.81632653168368,40.81632653130049,40.81632653206687
CA,101000,1,2004,1000,9,5,5.1020408163265305,6.122448979591836,,,6.122448979846939,6.122448979720722,6.122448979973156
CA,101000,1,2004,1000,14,21,21.428571428571427,37.755102040816325,,,37.755102041887746,37.755102041555126,37.75510204222036
CA,101000,1,2004,1000,16,82,83.6734693877551,461.2244897959184,,,461.22448980010194,461.22448979845103,461.2244898017528
CA,101000,1,2004,1000,27,10,10.204081632653061,60.204081632653065,,,60.204081633163256,60.20408163266634,60.20408163366017
CA,101000,1,2004,1000,28,3,3.061224489795918,3.061224489795918,,,3.06122448994898,3.06122448986061,3.0612244900373504
CA,101000,1,2004,1000,31,5,5.1020408163265305,5.1020408163265305,,,5.102040816581632,5.102040816467547,5.102040816695718
CA,101000,1,2004,1000,39,2,2.0408163265306123,2.0408163265306123,,,2.040816326632653,2.040816326560499,2.0408163267048067
CA,101000,1,2004,1000,64,14,14.285714285714286,16.3265306122449,,,16.326530612959182,16.326530612753032,16.326530613165335
CA,101000,1,2004,1000,69,1,1.0204081632653061,1.0204081632653061,,,1.0204081633163264,1.0204081632653061,1.020408163367347
CA,101000,1,2004,1000,87,9,9.183673469387756,13.26530612244898,,,13.265306122908164,13.265306122718675,13.265306123097654
CA,101000,1,2004,2000,14,6,6.122448979591836,6.122448979591836,,,6.1224489798979596,6.122448979772986,6.1224489800229325
CA,101000,1,2004,2000,16,76,77.55102040816327,252.0408163265306,,,252.04081633040812,252.04081632950462,252.04081633131162
CA,101000,1,2004,2000,64,2,2.0408163265306123,2.0408163265306123,,,2.040816326632653,2.040816326560499,2.0408163267048067
CA,101000,1,2004,3000,16,92,93.87755102040816,655.1020408163265,,,655.1020408210203,655.1020408195313,655.1020408225093
CA,101000,1,2004,3000,28,3,3.061224489795918,3.061224489795918,,,3.06122448994898,3.06122448986061,3.0612244900373504
CA,101000,1,2004,3000,31,7,7.142857142857143,36.734693877551024,,,36.73469387790817,36.734693877265386,36.73469387855095
CA,101000,1,2004,3000,44,1,1.0204081632653061,1.0204081632653061,,,1.0204081633163264,1.0204081632653061,1.020408163367347
CA,101000,1,2004,3000,64,3,3.061224489795918,3.061224489795918,,,3.06122448994898,3.06122448986061,3.0612244900373504
CA,101000,1,2004,4000,16,64,65.3061224489796,453.0612244897959,,,453.06122449306133,453.0612244915117,453.06122449461105
CA,101000,1,2004,4000,28,16,16.3265306122449,23.46938775510204,,,23.469387755918373,23.46938775567116,23.469387756165585
CA,101000,1,2004,4000,64,1,1.0204081632653061,1.0204081632653061,,,1.0204081633163264,1.0204081632653061,1.020408163367347
CA,101000,1,2004,4000,69,3,3.061224489795918,3.061224489795918,,,3.06122448994898,3.06122448986061,3.0612244900373504
CA,171100,1,2004,1000,4,2,4,8,,,8.324555320594872,6.620275176553866,10.467574147230092
CA,171100,1,2004,1000,7,1,2,2,,,2.0000000001,2,2.0000000002
CA,171100,1,2004,1000,9,1,2,2,,,2.0000000001,2,2.0000000002
CA,171100,1,2004,1000,14,27,54,420,,,415.3965288792148,390.34971089724496,442.0504777838128
CA,171100,1,2004,1000,16,1,2,2,,,2.0000000001,2,2.0000000002
CA,171100,1,2004,1000,20,9,18,130,,,126.61639425847004,117.22797263007676,136.75670520726146
CA,171100,1,2004,1000,24,17,34,66,,,68.59644256485899,63.561970013124544,74.02967421529559
CA,171100,1,2004,1000,31,1,2,2,,,2.0000000001,2,2.0000000002
CA,171100,1,2004,1000,39,9,18,22,,,22.32455532129487,21.216563366213066,23.490409907158856
CA,171100,1,2004,1000,62,1,2,2,,,2.0000000001,2,2.0000000002
CA,171100,1,2004,1000,63,8,16,24,,,24.649110641589743,22.73149474606224,26.72849551728591
CA,171100,1,2004,1000,64,2,4,4,,,4.0000000002,4.000000000058578,4.000000000341421
CA,171100,1,2004,1000,69,2,4,4,,,4.0000000002,4.000000000058578,4.000000000341421
CA,171100,1,2004,1000,77,3,6,10,,,10.324555320694872,8.862332109301288,12.028035200600591
CA,171100,1,2004,1000,86,1,2,6,,,6.324555320494872,4.000000000199999,9.999999999999998
CA,171100,1,2004,1000,87,41,82,1108,,,1967.8030477731215,1839.094991846492,2105.518666513992
CA,171100,1,2004,1000,89,46,92,5772,,,11329.84575816345,10276.141940766194,12491.595157375115
CA,171100,1,2004,1000,92,10,20,78,,,78.45494861585573,71.00967591217689,86.68084853575651
CA,171100,1,2004,2000,14,23,46,244,,,241.53471566612998,227.08635085326813,256.9023574191565
CA,171100,1,2004,2000,20,5,10,18,,,18.64911064128974,16.382527657367667,21.229283721346626
CA,171100,1,2004,2000,24,11,22,46,,,47.947331923469235,43.2969823558099,53.09715627954941
CA,171100,1,2004,2000,31,1,2,6,,,6.324555320494872,4.000000000199999,9.999999999999998
CA,171100,1,2004,2000,39,7,14,18,,,18.32455532109487,17.163630568072893,19.564003453936394
CA,171100,1,2004,2000,63,8,16,28,,,28.973665961984608,26.237664788842455,31.99497081895988
CA,171100,1,2004,2000,77,2,4,4,,,4.0000000002,4.000000000058578,4.000000000341421
CA,171100,1,2004,2000,86,1,2,2,,,2.0000000001,2,2.0000000002
CA,171100,1,2004,2000,87,10,20,28,,,28.649110641789743,26.85174639560163,30.56678431537527
CA,171100,1,2004,2000,88,1,2,2,,,2.0000000001,2,2.0000000002
CA,171100,1,2004,2000,89,24,48,284,,,281.2831181863846,262.0308476594954,301.9499165207867
CA,171100,1,2004,2000,92,3,6,6,,,6.000000000300001,6.0000000001267955,6.000000000473206
CA,171100,1,2004,3000,14,23,46,412,,,412.00000000229994,412.0000000002943,412.0000000043056
CA,171100,1,2004,3000,20,4,8,24,,,24.0000000004,24.000000000030088,24.000000000769912
CA,171100,1,2004,3000,24,25,50,342,,,342.0000000025001,342.0000000007778,342.0000000042224
CA,171100,1,2004,3000,31,1,2,4,,,4.0000000001,4,4.0000000002
CA,171100,1,2004,3000,39,11,22,22,,,22.000000001100002,22.000000000768342,22.000000001431665
CA,171100,1,2004,3000,63,14,28,52,,,52.0000000014,52.00000000082534,52.000000001974655
CA,171100,1,2004,3000,69,1,2,2,,,2.0000000001,2,2.0000000002
CA,171100,1,2004,3000,77,5,10,10,,,10.000000000499998,10.00000000027639,10.000000000723606
CA,171100,1,2004,3000,86,3,6,6,,,6.000000000300001,6.0000000001267955,6.000000000473206
CA,171100,1,2004,3000,87,4,8,8,,,8.0000000004,8.0000000002,8.0000000006
CA,171100,1,2004,3000,89,44,88,1124,,,1124.0000000044004,1124.000000000995,1124.0000000078055
CA,171100,1,2004,3000,92,2,4,6,,,6.000000000200001,6.000000000032296,6.000000000367705
CA,171100,1,2004,4000,14,2,4,6,,,6.000000000200001,6.000000000032296,6.000000000367705
CA,171100,1,2004,4000,24,16,32,116,,,116.00000000160001,116.0000000005931,116.00000000260691
CA,171100,1,2004,4000,63,2,4,4,,,4.0000000002,4.000000000058578,4.000000000341421
CA,171100,1,2004,4000,77,4,8,8,,,8.0000000004,8.0000000002,8.0000000006
CA,171100,1,2004,4000,87,3,6,6,,,6.000000000300001,6.0000000001267955,6.000000000473206
CA,171100,1,2004,4000,89,18,36,120,,,120.00000000180002,120.000000000862,120.00000000273805
CA,171100,1,2004,4000,92,6,12,14,,,14.0000000006,14.000000000332683,14.000000000867317
CA,171200,1,2004,1000,3,7,14,18,,,18.000000000699995,18.00000000039847,18.00000000100152
CA,171200,1,2004,1000,4,21,42,154,,,154.00000000210002,154.0000000011799,154.00000000302012
CA,171200,1,2004,1000,7,1,2,2,,,2.0000000001,2,2.0000000002
CA,171200,1,2004,1000,13,4,8,46,,,46.00000000039998,45.99999999940364,46.00000000139632
CA,171200,1,2004,1000,16,1,2,2,,,2.0000000001,2,2.0000000002
CA,171200,1,2004,1000,20,8,16,48,,,48.00000000080001,48.000000000215195,48.00000000138482
CA,171200,1,2004,1000,31,3,6,6,,,6.000000000300001,6.0000000001267955,6.000000000473206
CA,171200,1,2004,1000,39,45,90,4526,,,4526.000000004502,4525.999999997032,4526.000000011971
CA,171200,1,2004,1000,57,1,2,2,,,2.0000000001,2,2.0000000002
CA,171200,1,2004,1000,63,48,96,604,,,604.0000000047997,604.0000000031067,604.0000000064928
CA,171200,1,2004,1000,64,2,4,6,,,6.000000000200001,6.000000000032296,6.000000000367705
CA,171200,1,2004,1000,79,4,8,38,,,38.00000000040001,37.9999999996868,38.000000001113214
CA,171200,1,2004,1000,86,28,56,288,,,288.00000000279994,288.0000000012358,288.00000000436415
CA,171200,1,2004,1000,87,48,96,1770,,,1770.0000000048008,1770.0000000016819,1770.0000000079199
CA,171200,1,2004,1000,89,23,46,756,,,756.0000000023,755.999999999324,756.0000000052759
CA,171200,1,2004,2000,4,4,8,10,,,10.000000000399998,10.000000000174653,10.000000000625345
CA,171200,1,2004,2000,39,21,42,72,,,72.00000000210001,72.00000000153217,72.00000000266785
CA,171200,1,2004,2000,63,11,22,28,,,28.0000000011,28.0000000007106,28.000000001489397
CA,171200,1,2004,2000,86,7,14,18,,,18.000000000699995,18.00000000039847,18.00000000100152
CA,171200,1,2004,2000,87,4,8,8,,,8.0000000004,8.0000000002,8.0000000006
CA,171200,1,2004,2000,89,4,8,30,,,30.000000000400014,29.99999999993921,30.00000000086082
CA,171200,1,2004,3000,4,1,2,2,,,2.0000000001,2,2.0000000002
CA,171200,1,2004,3000,31,2,4,4,,,4.0000000002,4.000000000058578,4.000000000341421
CA,171200,1,2004,3000,39,15,30,40,,,40.000000001500005,40.000000001040796,40.00000000195921
CA,171200,1,2004,3000,40,3,6,6,,,6.000000000300001,6.0000000001267955,6.000000000473206
CA,171200,1,2004,3000,57,1,2,2,,,2.0000000001,2,2.0000000002
CA,171200,1,2004,3000,63,9,18,30,,,30.0000000009,30.000000000498176,30.000000001301824
CA,171200,1,2004,3000,86,7,14,52,,,52.00000000069999,52.000000000071246,52.00000000132873
CA,171200,1,2004,3000,87,2,4,4,,,4.0000000002,4.000000000058578,4.000000000341421
CA,171200,1,2004,3000,89,16,32,106,,,106.0000000016,106.00000000053129,106.0000000026687
CA,171200,1,2004,4000,13,2,4,4,,,4.0000000002,4.000000000058578,4.000000000341421
CA,171200,1,2004,4000,31,1,2,4,,,4.0000000001,4,4.0000000002
CA,171200,1,2004,4000,39,32,64,680,,,680.0000000032001,680.0000000005994,680.0000000058008
CA,171200,1,2004,4000,63,2,4,6,,,6.000000000200001,6.000000000032296,6.000000000367705
CA,171200,1,2004,4000,64,2,4,4,,,4.0000000002,4.000000000058578,4.000000000341421
CA,171200,1,2004,4000,77,1,2,2,,,2.0000000001,2,2.0000000002
CA,171200,1,2004,4000,79,3,6,6,,,6.000000000300001,6.0000000001267955,6.000000000473206
CA,171200,1,2004,4000,86,27,54,116,,,116.00000000270005,116.00000000180678,116.0000000035933
CA,171200,1,2004,4000,87,4,8,44,,,44.00000000039999,43.99999999957443,44.00000000122555
CA,171200,1,2004,4000,89,26,52,84,,,84.00000000259999,84.00000000192935,84.00000000327063
CA,171200,1,2004,,,1,2,0,,,0,0,0
CA,61000,1,2005,1000,4,1,10,10,,,10.0000000005,10,10.000000001
CA,61000,1,2005,1000,6,1,10,10,,,10.0000000005,10,10.000000001
CA,61000,1,2005,1000,12,2,20,20,,,20.000000001,20.00000000029289,20.000000001707104
CA,61000,1,2005,1000,16,1,10,10,,,10.0000000005,10,10.000000001
CA,61000,1,2005,1000,31,2,20,20,,,20.000000001,20.00000000029289,20.000000001707104
CA,61000,1,2005,1000,39,3,30,140,,,140.70522012974257,111.55525925335162,177.47221515389458
CA,61000,1,2005,1000,57,1,10,10,,,10.0000000005,10,10.000000001
CA,61000,1,2005,1000,63,4,40,640,,,621.2778464519317,528.6062027921204,730.196052284583
CA,61000,1,2005,1000,86,1,10,10,,,10.0000000005,10,10.000000001
CA,61000,1,2005,1000,87,4,40,60,,,61.62277660397436,54.95393071054311,69.10090956705287
CA,61000,1,2005,2000,12,1,10,10,,,10.0000000005,10,10.000000001
CA,61000,1,2005,2000,39,3,30,70,,,73.24555320544872,59.01819240894214,90.90266654048445
CA,61000,1,2005,2000,63,1,10,10,,,10.0000000005,10,10.000000001
CA,61000,1,2005,2000,86,1,10,10,,,10.0000000005,10,10.000000001
CA,61000,1,2005,2000,87,1,10,10,,,10.0000000005,10,10.000000001
CA,61000,1,2005,3000,39,1,10,10,,,10.0000000005,10,10.000000001
CA,61000,1,2005,3000,86,1,10,10,,,10.0000000005,10,10.000000001
CA,61000,1,2005,4000,26,2,20,30,,,30.000000001000004,30.000000000161478,30.000000001838522
CA,61000,1,2005,4000,39,1,10,10,,,10.0000000005,10,10.000000001
CA,61000,1,2005,4000,57,1,10,20,,,20.0000000005,20,20.000000001
CA,61000,1,2005,,,4,40,0,,,0,0,0
CA,111000,1,2005,1000,7,68,69.38775510204081,2329.591836734694,,,5856.786612233625,5435.01285755633,6311.2913106633805
CA,111000,1,2005,1000,9,36,36.734693877551024,1438.7755102040817,,,3868.4688803263266,3457.479247577394,4328.312740716817
CA,111000,1,2005,1000,14,98,100,4800,,,12517.43741163622,11626.118768819095,13477.089170502704
CA,111000,1,2005,1000,15,97,98.9795918367347,4667.34693877551,,,13508.184653657803,12486.20458419472,14613.812500580969
CA,111000,1,2005,1000,16,81,82.65306122448979,2475.5102040816328,,,6670.945404351613,6231.347382388686,7141.555406397672
CA,111000,1,2005,1000,24,36,36.734693877551024,1341.8367346938776,,,3324.604564900315,2986.2738704687363,3701.2665255719144
CA,111000,1,2005,1000,27,9,9.183673469387756,226.53061224489795,,,669.2272887311376,546.5237588387151,819.4797696152842
CA,111000,1,2005,1000,28,24,24.489795918367346,800,,,2125.735636247263,1869.3428146155636,2417.294441598103
CA,111000,1,2005,1000,39,3,3.061224489795918,19.387755102040817,,,19.38232105566957,16.151544960033615,23.259345804667237
CA,111000,1,2005,1000,64,37,37.755102040816325,1626.530612244898,,,4497.222087760764,3985.6130318581354,5074.5033060106625
CA,111000,1,2005,1000,69,32,32.6530612244898,586.7346938775511,,,1470.1076926679264,1344.0008215663856,1608.047103366047
CA,111000,1,2005,1000,87,96,97.95918367346938,3508.1632653061224,,,8802.21895794954,8247.396746353794,9394.365393897182
CA,111000,1,2005,2000,14,2,2.0408163265306123,2.0408163265306123,,,2.040816326632653,2.040816326560499,2.0408163267048067
CA,111000,1,2005,2000,16,2,2.0408163265306123,2.0408163265306123,,,2.040816326632653,2.040816326560499,2.0408163267048067
CA,111000,1,2005,2000,24,12,12.244897959183673,18.367346938775512,,,18.86411528693092,17.657027586433312,20.153723146020358
CA,111000,1,2005,2000,28,3,3.061224489795918,5.1020408163265305,,,5.267630265660649,4.521598014949637,6.136752653367648
CA,111000,1,2005,2000,69,15,15.306122448979592,32.6530612244898,,,33.221790810374046,30.96380967887969,35.64443122775925
CA,111000,1,2005,2000,87,13,13.26530612244898,13.26530612244898,,,13.265306123112246,13.265306122928289,13.265306123296202
CA,111000,1,2005,3000,14,1,1.0204081632653061,1.0204081632653061,,,1.0204081633163264,1.0204081632653061,1.020408163367347
CA,111000,1,2005,3000,16,1,1.0204081632653061,1.0204081632653061,,,1.0204081633163264,1.0204081632653061,1.020408163367347
CA,111000,1,2005,3000,24,1,1.0204081632653061,1.0204081632653061,,,1.0204081633163264,1.0204081632653061,1.020408163367347
CA,111000,1,2005,3000,69,2,2.0408163265306123,2.0408163265306123,,,2.040816326632653,2.040816326560499,2.0408163267048067
CA,111000,1,2005,4000,14,3,3.061224489795918,4.081632653061225,,,4.081632653214286,4.081632653112245,4.081632653316326
CA,111000,1,2005,4000,16,39,39.795918367346935,77.55102040816327,,,77.55102041015304,77.55102040966703,77.55102041063905
CA,111000,1,2005,4000,28,8,8.16326530612245,12.244897959183673,,,12.244897959591837,12.244897959410551,12.244897959773123
CA,111000,1,2005,4000,64,5,5.1020408163265305,5.1020408163265305,,,5.102040816581632,5.102040816467547,5.102040816695718
CA,111000,1,2005,4000,69,29,29.591836734693878,42.85714285714286,,,42.85714285862244,42.857142858276845,42.85714285896803
CA,121000,1,2006,1000,3,16,16.3265306122449,54.08163265306123,,,54.62869526496697,50.14808282178823,59.509639819291664
CA,121000,1,2006,1000,4,4,4.081632653061225,6.122448979591836,,,6.288038428976975,5.60754395005542,7.051113221127844
CA,121000,1,2006,1000,5,3,3.061224489795918,3.061224489795918,,,3.06122448994898,3.06122448986061,3.0612244900373504
CA,121000,1,2006,1000,7,38,38.775510204081634,70.40816326530613,,,72.13601899663125,69.14814994280142,75.25299289983475
CA,121000,1,2006,1000,9,23,23.46938775510204,87.75510204081633,,,87.44711638662008,82.38007579800704,92.82582093132861
CA,121000,1,2006,1000,14,50,51.02040816326531,473.46938775510205,,,690.2987274434014,657.9025624297946,724.2901309733514
CA,121000,1,2006,1000,15,57,58.16326530612245,1232.6530612244899,,,1653.7291562493078,1573.7905115524568,1737.7281805640696
CA,121000,1,2006,1000,16,96,97.95918367346938,9771.428571428572,,,29894.99305149427,26703.1903475183,33468.30839004782
CA,121000,1,2006,1000,24,23,23.46938775510204,55.10204081632653,,,56.82989654688636,52.99364319558657,60.94385942876214
CA,121000,1,2006,1000,27,11,11.224489795918368,22.448979591836736,,,22.520940829973725,21.13927664212697,23.992910658845776
CA,121000,1,2006,1000,28,84,85.71428571428571,330.6122448979592,,,335.7323374372781,321.5749772764887,350.5129763382849
CA,121000,1,2006,1000,31,1,1.0204081632653061,1.0204081632653061,,,1.0204081633163264,1.0204081632653061,1.020408163367347
CA,121000,1,2006,1000,39,16,16.3265306122449,38.775510204081634,,,40.59699414588958,36.91896998443533,44.64143865270951
CA,121000,1,2006,1000,64,1,1.0204081632653061,1.0204081632653061,,,1.0204081633163264,1.0204081632653061,1.020408163367347
CA,121000,1,2006,1000,65,1,1.0204081632653061,1.0204081632653061,,,1.0204081633163264,1.0204081632653061,1.020408163367347
CA,121000,1,2006,1000,69,6,6.122448979591836,10.204081632653061,,,10.535260531321295,9.456873945224446,11.73661773496147
CA,121000,1,2006,1000,81,32,32.6530612244898,319.38775510204084,,,314.48426271064545,296.5322607988586,333.5230751157411
CA,121000,1,2006,1000,87,90,91.83673469387755,4756.122448979592,,,10018.964234965273,9363.88129164036,10719.875788165702
CA,121000,1,2006,1000,89,1,1.0204081632653061,103.06122448979592,,,324.2907873893586,103.06122448989801,1020.4081632653059
CA,121000,1,2006,2000,4,1,1.0204081632653061,1.0204081632653061,,,1.0204081633163264,1.0204081632653061,1.020408163367347
CA,121000,1,2006,2000,5,1,1.0204081632653061,1.0204081632653061,,,1.0204081633163264,1.0204081632653061,1.020408163367347
CA,121000,1,2006,2000,7,31,31.632653061224488,50,,,51.49030504421115,49.25726601646436,53.824577122484406
CA,121000,1,2006,2000,9,7,7.142857142857143,11.224489795918368,,,11.555668694637621,10.534091121052601,12.676317059129904
CA,121000,1,2006,2000,14,4,4.081632653061225,10.204081632653061,,,10.700849980400315,8.775295227806748,13.048927395648775
CA,121000,1,2006,2000,16,85,86.73469387755102,2115.3061224489797,,,3639.605371393801,3462.6044667975343,3825.6541821336396
CA,121000,1,2006,2000,24,12,12.244897959183673,25.510204081632654,,,25.747754769001727,24.019808645957603,27.600006536947223
CA,121000,1,2006,2000,27,3,3.061224489795918,3.061224489795918,,,3.06122448994898,3.06122448986061,3.0612244900373504
CA,121000,1,2006,2000,28,29,29.591836734693878,50,,,51.655894493290155,49.13866912176,54.30206970583806
CA,121000,1,2006,2000,39,7,7.142857142857143,13.26530612244898,,,13.762074470349289,12.287162318080556,15.414030418459227
CA,121000,1,2006,2000,46,3,3.061224489795918,3.061224489795918,,,3.06122448994898,3.06122448986061,3.0612244900373504
CA,121000,1,2006,2000,69,3,3.061224489795918,5.1020408163265305,,,5.267630265660649,4.521598014949637,6.136752653367648
CA,121000,1,2006,2000,81,7,7.142857142857143,14.285714285714286,,,14.026496625285086,13.52392869579908,14.547740675403576
CA,121000,1,2006,2000,87,41,41.83673469387755,284.6938775510204,,,506.99582948870585,476.97995035626735,538.9005783722107
CA,121000,1,2006,2000,89,1,1.0204081632653061,3.061224489795918,,,3.2268139390279957,2.0408163266326524,5.10204081632653
CA,121000,1,2006,3000,4,2,2.0408163265306123,2.0408163265306123,,,2.040816326632653,2.040816326560499,2.0408163267048067
CA,121000,1,2006,3000,5,1,1.0204081632653061,1.0204081632653061,,,1.0204081633163264,1.0204081632653061,1.020408163367347
CA,121000,1,2006,3000,7,14,14.285714285714286,18.367346938775512,,,18.367346939489803,18.367346939266273,18.36734693971333
CA,121000,1,2006,3000,14,3,3.061224489795918,3.061224489795918,,,3.06122448994898,3.06122448986061,3.0612244900373504
CA,121000,1,2006,3000,16,25,25.510204081632654,192.85714285714286,,,192.85714285841834,192.85714285736026,192.8571428594764
CA,121000,1,2006,3000,24,5,5.1020408163265305,5.1020408163265305,,,5.102040816581632,5.102040816467547,5.102040816695718
CA,121000,1,2006,3000,27,3,3.061224489795918,5.1020408163265305,,,5.102040816479593,5.102040816356041,5.102040816603145
CA,121000,1,2006,3000,28,24,24.489795918367346,41.83673469387755,,,41.836734695102045,41.8367346947519,41.836734695452186
CA,121000,1,2006,3000,63,1,1.0204081632653061,1.0204081632653061,,,1.0204081633163264,1.0204081632653061,1.020408163367347
CA,121000,1,2006,3000,69,2,2.0408163265306123,4.081632653061225,,,4.081632653163266,4.081632653055705,4.081632653270826
CA,121000,1,2006,3000,81,1,1.0204081632653061,1.0204081632653061,,,1.0204081633163264,1.0204081632653061,1.020408163367347
CA,121000,1,2006,3000,87,1,1.0204081632653061,2.0408163265306123,,,2.040816326581633,2.0408163265306123,2.040816326632653
CA,121000,1,2006,4000,7,3,3.061224489795918,3.061224489795918,,,3.06122448994898,3.06122448986061,3.0612244900373504
CA,121000,1,2006,4000,16,27,27.551020408163264,63.26530612244898,,,63.265306123826505,63.265306123357874,63.26530612429514
CA,121000,1,2006,4000,27,1,1.0204081632653061,4.081632653061225,,,4.081632653112245,4.081632653061225,4.081632653163266
CA,121000,1,2006,4000,28,53,54.08163265306123,98.9795918367347,,,98.97959183943875,98.97959183890612,98.97959183997142
CA,121000,1,2006,4000,39,1,1.0204081632653061,1.0204081632653061,,,1.0204081633163264,1.0204081632653061,1.020408163367347
CA,131000,1,2006,1000,3,26,76.47058823529412,4447.058823529412,,,10795.172466996004,9315.75443367388,12509.534189839102
CA,131000,1,2006,1000,4,2,5.882352941176471,5.88235294117647,,,5.882352941470588,5.8823529412626145,5.88235294167856
CA,131000,1,2006,1000,14,4,11.764705882352942,144.1176470588235,,,141.11008272648252,120.40066722132423,165.3816038284223
CA,131000,1,2006,1000,15,2,5.882352941176471,17.64705882352941,,,18.601633295573148,13.454204957709912,25.71841014393711
CA,131000,1,2006,1000,16,2,5.882352941176471,11.76470588235294,,,12.241993118521869,9.735698789049803,15.393491392985428
CA,131000,1,2006,1000,28,2,5.882352941176471,26.470588235294116,,,25.723431448615823,22.639493928621395,29.227460983794646
CA,131000,1,2006,1000,31,1,2.9411764705882355,88.23529411764706,,,85.24339262484669,61.76470588264706,117.64705882352933
CA,131000,1,2006,1000,39,9,26.470588235294116,147.05882352941177,,,145.7562648015859,131.06144240666873,162.09869461828097
CA,131000,1,2006,1000,54,2,5.882352941176471,11.76470588235294,,,12.241993118521869,9.735698789049803,15.393491392985428
CA,131000,1,2006,1000,59,2,5.882352941176471,52.94117647058823,,,52.925513630900525,40.26034691449909,69.57490950198108
CA,131000,1,2006,1000,63,1,2.9411764705882355,2.941176470588235,,,2.941176470735294,2.941176470588235,2.9411764708823527
CA,131000,1,2006,1000,64,8,23.529411764705884,94.11764705882352,,,96.01113316351741,84.02116278813396,109.71209378031273
CA,131000,1,2006,1000,67,1,2.9411764705882355,8.823529411764705,,,9.300816647786576,5.882352941470587,14.705882352941172
CA,131000,1,2006,1000,69,1,2.9411764705882355,2.941176470588235,,,2.941176470735294,2.941176470588235,2.9411764708823527
CA,131000,1,2006,1000,83,1,2.9411764705882355,23.52941176470588,,,22.782254977880534,17.647058823823524,29.411764705882355
CA,131000,1,2006,1000,87,7,20.58823529411765,44.11764705882353,,,46.02679600335217,40.379614770239684,52.463748413358644
CA,131000,1,2006,2000,3,16,47.05882352941177,317.6470588235294,,,314.9418146247909,285.6647719399225,347.2193855951416
CA,131000,1,2006,2000,14,2,5.882352941176471,11.76470588235294,,,12.241993118521869,9.735698789049803,15.393491392985428
CA,131000,1,2006,2000,16,1,2.9411764705882355,8.823529411764705,,,9.300816647786576,5.882352941470587,14.705882352941172
CA,131000,1,2006,2000,28,1,2.9411764705882355,2.941176470588235,,,2.941176470735294,2.941176470588235,2.9411764708823527
CA,131000,1,2006,2000,31,1,2.9411764705882355,44.11764705882353,,,43.62469698311396,32.35294117676471,58.82352941176469
CA,131000,1,2006,2000,39,10,29.41176470588235,105.88235294117646,,,108.2531262820393,96.38370787284491,121.5842346021301
CA,131000,1,2006,2000,54,4,11.764705882352942,338.235294117647,,,976.104393101605,698.0185427755746,1364.9777589627563
CA,131000,1,2006,2000,59,1,2.9411764705882355,8.823529411764705,,,9.300816647786576,5.882352941470587,14.705882352941172
CA,131000,1,2006,2000,64,3,8.823529411764707,49.99999999999999,,,48.505686426496354,43.00336131660973,54.71203979575524
CA,131000,1,2006,2000,69,3,8.823529411764707,20.588235294117645,,,21.542809766308444,17.358291884982982,26.736078394260133
CA,131000,1,2006,2000,83,1,2.9411764705882355,8.823529411764705,,,9.300816647786576,5.882352941470587,14.705882352941172
CA,131000,1,2006,3000,3,7,20.58823529411765,229.41176470588235,,,229.4117647069117,229.4117647045296,229.41176470929386
CA,131000,1,2006,3000,4,5,14.705882352941176,29.41176470588235,,,29.411764706617653,29.41176470609369,29.41176470714161
CA,131000,1,2006,3000,14,3,8.823529411764707,11.76470588235294,,,11.764705882794116,11.7647058825,11.764705883088235
CA,131000,1,2006,3000,16,1,2.9411764705882355,8.823529411764705,,,8.823529411911766,8.823529411764707,8.823529412058825
CA,131000,1,2006,3000,28,6,17.647058823529413,23.52941176470588,,,23.529411765588232,23.529411765172284,23.529411766004184
CA,131000,1,2006,3000,31,1,2.9411764705882355,14.705882352941176,,,14.705882353088231,14.705882352941172,14.70588235323529
CA,131000,1,2006,3000,39,15,44.11764705882353,150,,,150.0000000022059,150.00000000117657,150.0000000032352
CA,131000,1,2006,3000,41,1,2.9411764705882355,2.941176470588235,,,2.941176470735294,2.941176470588235,2.9411764708823527
CA,131000,1,2006,3000,54,4,11.764705882352942,114.70588235294117,,,114.70588235352942,114.70588235190793,114.70588235515088
CA,131000,1,2006,3000,59,2,5.882352941176471,29.41176470588235,,,29.411764706176474,29.41176470590981,29.411764706443137
CA,131000,1,2006,3000,64,2,5.882352941176471,23.52941176470588,,,23.529411765,23.529411764405786,23.52941176559421
CA,131000,1,2006,3000,67,1,2.9411764705882355,2.941176470588235,,,2.941176470735294,2.941176470588235,2.9411764708823527
CA,131000,1,2006,3000,69,5,14.705882352941176,38.23529411764706,,,38.235294118382356,38.23529411789104,38.23529411887367
CA,131000,1,2006,3000,82,1,2.9411764705882355,2.941176470588235,,,2.941176470735294,2.941176470588235,2.9411764708823527
CA,131000,1,2006,3000,83,1,2.9411764705882355,20.588235294117645,,,20.588235294264706,20.58823529411765,20.58823529441176
CA,131000,1,2006,3000,89,1,2.9411764705882355,2.941176470588235,,,2.941176470735294,2.941176470588235,2.9411764708823527
CA,131000,1,2006,4000,3,7,20.58823529411765,73.52941176470588,,,73.52941176573529,73.52941176455569,73.52941176691492
CA,131000,1,2006,4000,4,10,29.41176470588235,41.17647058823529,,,41.17647058970588,41.17647058913788,41.17647059027388
CA,131000,1,2006,4000,5,1,2.9411764705882355,2.941176470588235,,,2.941176470735294,2.941176470588235,2.9411764708823527
CA,131000,1,2006,4000,14,2,5.882352941176471,5.88235294117647,,,5.882352941470588,5.8823529412626145,5.88235294167856
CA,131000,1,2006,4000,16,1,2.9411764705882355,2.941176470588235,,,2.941176470735294,2.941176470588235,2.9411764708823527
CA,131000,1,2006,4000,28,11,32.35294117647059,49.99999999999999,,,50.00000000161764,50.00000000095802,50.00000000227727
CA,131000,1,2006,4000,31,1,2.9411764705882355,2.941176470588235,,,2.941176470735294,2.941176470588235,2.9411764708823527
CA,131000,1,2006,4000,39,17,50,105.88235294117646,,,105.88235294367648,105.88235294278726,105.8823529445657
CA,131000,1,2006,4000,54,3,8.823529411764707,85.29411764705881,,,85.29411764749996,85.29411764714068,85.29411764785924
CA,131000,1,2006,4000,59,1,2.9411764705882355,2.941176470588235,,,2.941176470735294,2.941176470588235,2.9411764708823527
CA,131000,1,2006,4000,63,2,5.882352941176471,8.823529411764705,,,8.823529412058825,8.8235294118122,8.823529412305447
CA,131000,1,2006,4000,64,1,2.9411764705882355,2.941176470588235,,,2.941176470735294,2.941176470588235,2.9411764708823527
CA,131000,1,2006,4000,69,6,17.647058823529413,85.29411764705881,,,85.29411764794116,85.29411764686027,85.29411764902206
CA,141100,1,2007,1000,14,14,28,350,,,782.6817360795236,691.7579671166012,885.5564071721059
CA,141100,1,2007,1000,20,14,28,404,,,393.26635030995203,358.85283482422415,430.980076726622
CA,141100,1,2007,1000,28,1,2,2,,,2.0000000001,2,2.0000000002
CA,141100,1,2007,1000,39,6,12,120,,,117.77134495946179,102.66713423397717,135.09766097055726
CA,141100,1,2007,1000,71,4,8,324,,,753.5409572530343,553.574469634311,1025.7408992017306
CA,141100,1,2007,1000,87,3,6,10,,,10.324555320694872,8.862332109301288,12.028035200600591
CA,141100,1,2007,1000,89,47,94,9006,,,27645.552123427362,23550.21091948764,32453.06612420636
CA,141100,1,2007,2000,14,14,28,404,,,835.003614922624,740.2778696121004,941.8504396182925
CA,141100,1,2007,2000,20,9,18,324,,,756.745369154844,645.0169671229974,887.8271160704221
CA,141100,1,2007,2000,28,1,2,2,,,2.0000000001,2,2.0000000002
CA,141100,1,2007,2000,39,8,16,146,,,144.59331616401016,126.66097346862146,165.0644749267215
CA,141100,1,2007,2000,63,1,2,2,,,2.0000000001,2,2.0000000002
CA,141100,1,2007,2000,71,5,10,334,,,764.1900678939242,578.3306142055578,1009.7796062031609
CA,141100,1,2007,2000,87,5,10,18,,,18.64911064128974,16.382527657367667,21.229283721346626
CA,141100,1,2007,2000,89,2,4,4,,,4.0000000002,4.000000000058578,4.000000000341421
CA,141100,1,2007,3000,14,28,56,288,,,288.00000000279994,288.00000000091245,288.0000000046875
CA,141100,1,2007,3000,20,15,30,94,,,94.00000000149998,94.0000000006194,94.00000000238059
CA,141100,1,2007,3000,28,4,8,10,,,10.000000000399998,10.000000000174653,10.000000000625345
CA,141100,1,2007,3000,39,12,24,70,,,70.00000000120001,70.00000000045786,70.00000000194217
CA,141100,1,2007,3000,63,2,4,4,,,4.0000000002,4.000000000058578,4.000000000341421
CA,141100,1,2007,3000,71,4,8,130,,,130.00000000040004,130.00000000002373,130.00000000077634
CA,141100,1,2007,3000,77,1,2,2,,,2.0000000001,2,2.0000000002
CA,141100,1,2007,3000,86,1,2,2,,,2.0000000001,2,2.0000000002
CA,141100,1,2007,3000,87,4,8,14,,,14.000000000400002,14.000000000093753,14.000000000706251
CA,141100,1,2007,3000,89,4,8,8,,,8.0000000004,8.0000000002,8.0000000006
CA,141100,1,2007,4000,14,34,68,584,,,584.0000000034,584.0000000004336,584.0000000063665
CA,141100,1,2007,4000,20,1,2,2,,,2.0000000001,2,2.0000000002
CA,141100,1,2007,4000,22,3,6,14,,,14.000000000299996,13.99999999996673,14.000000000633262
CA,141100,1,2007,4000,28,4,8,8,,,8.0000000004,8.0000000002,8.0000000006
CA,141100,1,2007,4000,39,18,36,94,,,94.0000000018,94.0000000009859,94.0000000026141
CA,141100,1,2007,4000,71,4,8,42,,,42.00000000040001,41.99999999985189,42.00000000094813
CA,141100,1,2007,4000,77,9,18,52,,,52.000000000899995,52.000000000301384,52.0000000014986
CA,141100,1,2007,4000,78,1,2,8,,,8.0000000001,8,8.0000000002
CA,141100,1,2007,4000,86,2,4,6,,,6.000000000200001,6.000000000032296,6.000000000367705
CA,141100,1,2007,4000,89,9,18,38,,,38.00000000090001,38.00000000041064,38.000000001389374
CA,141200,1,2007,1000,4,3,6,6,,,6.000000000300001,6.0000000001267955,6.000000000473206
CA,141200,1,2007,1000,31,1,2,2,,,2.0000000001,2,2.0000000002
CA,141200,1,2007,1000,39,34,68,492,,,490.46786960265075,461.01540307843794,521.8019387339943
CA,141200,1,2007,1000,57,1,2,6,,,6.324555320494872,4.000000000199999,9.999999999999998
CA,141200,1,2007,1000,63,12,24,290,,,287.3327212294183,266.62068466784046,309.6537419516308
CA,141200,1,2007,1000,86,10,20,48,,,50.2718872437641,44.53307399248675,56.75024022541336
CA,141200,1,2007,1000,87,48,96,21528,,,67412.91988976966,57593.96051033924,78905.87359847696
CA,141200,1,2007,1000,89,8,16,50,,,51.11470998763313,44.79501460508799,58.3259900717407
CA,141200,1,2007,2000,4,6,12,20,,,20.64911064138974,18.535472932639912,23.003770760524482
CA,141200,1,2007,2000,22,1,2,2,,,2.0000000001,2,2.0000000002
CA,141200,1,2007,2000,31,1,2,2,,,2.0000000001,2,2.0000000002
CA,141200,1,2007,2000,39,36,72,464,,,460.4357387979385,434.78750625691464,487.59696751068236
CA,141200,1,2007,2000,57,1,2,16,,,15.491933384958765,12.000000000199996,20.000000000000004
CA,141200,1,2007,2000,63,11,22,30,,,30.64911064188974,28.895973099480788,32.508612182909246
CA,141200,1,2007,2000,82,1,2,2,,,2.0000000001,2,2.0000000002
CA,141200,1,2007,2000,86,13,26,46,,,47.62277660327435,44.013999257816536,51.52744330549805
CA,141200,1,2007,2000,87,42,84,1098,,,1523.6672354645411,1441.2407754151602,1610.807773433564
CA,141200,1,2007,2000,89,2,4,4,,,4.0000000002,4.000000000058578,4.000000000341421
CA,141200,1,2007,3000,4,13,26,60,,,60.0000000013,60.00000000069119,60.00000000190882
CA,141200,1,2007,3000,22,1,2,6,,,6.000000000100001,6.000000000000001,6.000000000200001
CA,141200,1,2007,3000,31,3,6,12,,,12.000000000300002,12.000000000066668,12.000000000533335
CA,141200,1,2007,3000,39,38,76,494,,,494.0000000038002,494.0000000020219,494.0000000055785
CA,141200,1,2007,3000,57,1,2,4,,,4.0000000001,4,4.0000000002
CA,141200,1,2007,3000,63,22,44,86,,,86.0000000022,86.00000000149508,86.0000000029049
CA,141200,1,2007,3000,82,2,4,24,,,24.0000000002,24.000000000032294,24.000000000367706
CA,141200,1,2007,3000,86,20,40,102,,,102.000000002,102.0000000011716,102.00000000282839
CA,141200,1,2007,3000,87,15,30,42,,,42.00000000149999,42.00000000103333,42.00000000196666
CA,141200,1,2007,3000,89,9,18,24,,,24.000000000900005,24.000000000553595,24.000000001246416
CA,141200,1,2007,4000,4,1,2,2,,,2.0000000001,2,2.0000000002
CA,141200,1,2007,4000,22,3,6,12,,,12.000000000300002,12.000000000066668,12.000000000533335
CA,141200,1,2007,4000,39,32,64,222,,,222.00000000319991,222.0000000020419,222.00000000435793
CA,141200,1,2007,4000,63,13,26,42,,,42.00000000130001,42.00000000083681,42.000000001763205
CA,141200,1,2007,4000,77,3,6,20,,,20.000000000299995,19.999999999924288,20.000000000675705
CA,141200,1,2007,4000,86,18,36,66,,,66.0000000018,66.0000000011887,66.00000000241133
CA,141200,1,2007,4000,87,1,2,2,,,2.0000000001,2,2.0000000002
CA,141200,1,2007,4000,89,13,26,48,,,48.0000000013,48.00000000078125,48.000000001818755
CA,151000,1,2008,1000,3,4,3.8095238095238093,3.8095238095238093,,,3.8095238097142854,3.8095238096190474,3.809523809809524
CA,151000,1,2008,1000,7,8,7.619047619047619,7.619047619047619,,,7.619047619428569,7.619047619293881,7.619047619563258
CA,151000,1,2008,1000,9,7,6.666666666666667,26.666666666666664,,,26.26510825427441,24.83051314593689,27.782587800511784
CA,151000,1,2008,1000,13,20,19.047619047619047,63.80952380952381,,,64.23166898588077,59.85421097203933,68.92927387580244
CA,151000,1,2008,1000,14,94,89.52380952380952,1976.1904761904761,,,2562.7366294968683,2464.13465514714,2665.28414688961
CA,151000,1,2008,1000,15,102,97.14285714285714,6080.952380952381,,,12418.861554455598,11618.573769969476,13274.27319068789
CA,151000,1,2008,1000,16,31,29.523809523809526,82.85714285714285,,,84.05309906098252,79.34046131629947,89.04565646007836
CA,151000,1,2008,1000,20,61,58.095238095238095,312.38095238095235,,,311.65577910434126,298.604293146201,325.2777233232144
CA,151000,1,2008,1000,23,2,1.9047619047619047,1.9047619047619047,,,1.9047619048571427,1.904761904789799,1.9047619049244862
CA,151000,1,2008,1000,27,2,1.9047619047619047,1.9047619047619047,,,1.9047619048571427,1.904761904789799,1.9047619049244862
CA,151000,1,2008,1000,28,44,41.904761904761905,116.19047619047619,,,118.93193392062476,112.87000545731281,125.3194314006602
CA,151000,1,2008,1000,31,6,5.714285714285714,7.619047619047619,,,7.7735977719023195,7.202120740434504,8.390420613203858
CA,151000,1,2008,1000,39,4,3.8095238095238093,3.8095238095238093,,,3.8095238097142854,3.8095238096190474,3.809523809809524
CA,151000,1,2008,1000,41,1,0.9523809523809523,0.9523809523809523,,,0.9523809524285713,0.9523809523809523,0.9523809524761905
CA,151000,1,2008,1000,44,19,18.095238095238095,40,,,40.99446473805607,38.24157385783049,43.94552759275643
CA,151000,1,2008,1000,54,51,48.57142857142857,195.23809523809524,,,197.12435845579694,188.58717658011824,206.04801132966386
CA,151000,1,2008,1000,61,29,27.61904761904762,50.476190476190474,,,52.33079230839924,49.543877025450165,55.27447563738448
CA,151000,1,2008,1000,65,1,0.9523809523809523,0.9523809523809523,,,0.9523809524285713,0.9523809523809523,0.9523809524761905
CA,151000,1,2008,1000,69,1,0.9523809523809523,0.9523809523809523,,,0.9523809524285713,0.9523809523809523,0.9523809524761905
CA,151000,1,2008,1000,81,5,4.761904761904762,6.666666666666666,,,6.821216819473747,6.223975198403476,7.475768687222082
CA,151000,1,2008,1000,87,23,21.904761904761905,34.285714285714285,,,34.50742826111589,33.27911877259071,35.781073811870094
CA,151000,1,2008,1000,89,2,1.9047619047619047,3.8095238095238093,,,3.964073962188034,3.1525119888351743,4.984559117728615
CA,151000,1,2008,2000,7,5,4.761904761904762,4.761904761904762,,,4.761904762142856,4.761904762036377,4.761904762249336
CA,151000,1,2008,2000,9,6,5.714285714285714,14.285714285714285,,,14.198327955168397,13.00979268177169,15.495444212955995
CA,151000,1,2008,2000,13,10,9.523809523809524,11.428571428571429,,,11.583121581616606,11.064419018190298,12.12614104309808
CA,151000,1,2008,2000,14,46,43.80952380952381,148.57142857142856,,,148.87688161969976,142.71257739031594,155.3074458194888
CA,151000,1,2008,2000,16,6,5.714285714285714,5.714285714285714,,,5.714285714571428,5.714285714454786,5.71428571468807
CA,151000,1,2008,2000,20,32,30.476190476190474,56.19047619047619,,,57.49404123428928,54.91072415629751,60.198892442962844
CA,151000,1,2008,2000,23,6,5.714285714285714,9.523809523809524,,,9.832909829233209,8.826415682209483,10.954176552630706
CA,151000,1,2008,2000,27,1,0.9523809523809523,0.9523809523809523,,,0.9523809524285713,0.9523809523809523,0.9523809524761905
CA,151000,1,2008,2000,28,61,58.095238095238095,114.28571428571428,,,118.06208177201214,113.60026004391814,122.69914828498247
CA,151000,1,2008,2000,39,1,0.9523809523809523,0.9523809523809523,,,0.9523809524285713,0.9523809523809523,0.9523809524761905
CA,151000,1,2008,2000,44,13,12.380952380952381,18.095238095238095,,,18.5588885535641,17.4599204019304,19.727028326287872
CA,151000,1,2008,2000,54,66,62.857142857142854,320.95238095238096,,,320.50096247826724,306.98334726417,334.61380841971453
CA,151000,1,2008,2000,69,4,3.8095238095238093,5.714285714285714,,,5.868835867045177,5.233707686718392,6.581039006385987
CA,151000,1,2008,2000,81,3,2.857142857142857,4.761904761904762,,,4.76190476204762,4.761904761932304,4.761904762162935
CA,151000,1,2008,2000,87,6,5.714285714285714,5.714285714285714,,,5.714285714571428,5.714285714454786,5.71428571468807
CA,151000,1,2008,3000,4,1,0.9523809523809523,1.9047619047619047,,,1.9047619048095237,1.9047619047619047,1.9047619048571427
CA,151000,1,2008,3000,7,3,2.857142857142857,2.857142857142857,,,2.8571428572857145,2.857142857203236,2.8571428573681934
CA,151000,1,2008,3000,9,2,1.9047619047619047,4.761904761904762,,,4.761904761999999,4.761904761877288,4.76190476212271
CA,151000,1,2008,3000,13,15,14.285714285714286,17.142857142857142,,,17.142857143571423,17.142857143362548,17.142857143780304
CA,151000,1,2008,3000,14,64,60.95238095238095,178.09523809523807,,,178.0952380982858,178.09523809756368,178.0952380990079
CA,151000,1,2008,3000,16,4,3.8095238095238093,4.761904761904762,,,4.761904762095237,4.76190476198793,4.761904762202545
CA,151000,1,2008,3000,20,23,21.904761904761905,33.33333333333333,,,33.333333334428566,33.33333333412851,33.33333333472863
CA,151000,1,2008,3000,23,9,8.571428571428571,59.047619047619044,,,59.04761904804763,59.047619047527796,59.04761904856746
CA,151000,1,2008,3000,27,1,0.9523809523809523,3.8095238095238093,,,3.8095238095714286,3.8095238095238093,3.8095238096190474
CA,151000,1,2008,3000,28,89,84.76190476190476,250.47619047619045,,,250.4761904804285,250.47619047959984,250.47619048125722
CA,151000,1,2008,3000,39,4,3.8095238095238093,5.714285714285714,,,5.7142857144761905,5.714285714363252,5.714285714589129
CA,151000,1,2008,3000,44,1,0.9523809523809523,0.9523809523809523,,,0.9523809524285713,0.9523809523809523,0.9523809524761905
CA,151000,1,2008,3000,54,84,80,1797.142857142857,,,1797.1428571469048,1797.1428571442646,1797.1428571495449
CA,151000,1,2008,3000,69,7,6.666666666666667,6.666666666666666,,,6.6666666669999985,6.666666666874011,6.6666666671259875
CA,151000,1,2008,3000,81,4,3.8095238095238093,16.19047619047619,,,16.19047619066667,16.190476190377886,16.190476190955447
CA,151000,1,2008,3000,87,5,4.761904761904762,4.761904761904762,,,4.761904762142856,4.761904762036377,4.761904762249336
CA,151000,1,2008,3000,89,8,7.619047619047619,9.523809523809524,,,9.523809524190478,9.523809524031748,9.523809524349208
CA,151000,1,2008,4000,9,2,1.9047619047619047,3.8095238095238093,,,3.8095238096190474,3.809523809518658,3.809523809719437
CA,151000,1,2008,4000,13,13,12.380952380952381,14.285714285714285,,,14.285714286333333,14.285714286147005,14.28571428651966
CA,151000,1,2008,4000,14,75,71.42857142857143,249.52380952380952,,,249.5238095273809,249.52380952655358,249.52380952820818
CA,151000,1,2008,4000,16,9,8.571428571428571,12.38095238095238,,,12.380952381380952,12.380952381194954,12.380952381566953
CA,151000,1,2008,4000,18,1,0.9523809523809523,0.9523809523809523,,,0.9523809524285713,0.9523809523809523,0.9523809524761905
CA,151000,1,2008,4000,23,8,7.619047619047619,20.952380952380953,,,20.9523809527619,20.952380952511145,20.952380953012653
CA,151000,1,2008,4000,24,1,0.9523809523809523,1.9047619047619047,,,1.9047619048095237,1.9047619047619047,1.9047619048571427
CA,151000,1,2008,4000,28,91,86.66666666666667,206.66666666666666,,,206.66666667099992,206.66666667025763,206.66666667174223
CA,151000,1,2008,4000,39,11,10.476190476190476,11.428571428571429,,,11.428571429095236,11.428571428928922,11.428571429261547
CA,151000,1,2008,4000,52,1,0.9523809523809523,0.9523809523809523,,,0.9523809524285713,0.9523809523809523,0.9523809524761905
CA,151000,1,2008,4000,54,70,66.66666666666667,301.90476190476187,,,301.9047619080951,301.90476190709006,301.9047619091001
CA,151000,1,2008,4000,69,3,2.857142857142857,2.857142857142857,,,2.8571428572857145,2.857142857203236,2.8571428573681934
CA,151000,1,2008,4000,79,1,0.9523809523809523,0.9523809523809523,,,0.9523809524285713,0.9523809523809523,0.9523809524761905
CA,151000,1,2008,4000,81,1,0.9523809523809523,0.9523809523809523,,,0.9523809524285713,0.9523809523809523,0.9523809524761905
CA,151000,1,2008,4000,87,1,0.9523809523809523,0.9523809523809523,,,0.9523809524285713,0.9523809523809523,0.9523809524761905
CA,151000,1,2008,4000,89,21,20,31.428571428571427,,,31.428571429571424,31.428571429285245,31.428571429857598
CA,21000,1,2009,1000,4,8,8.16326530612245,10.204081632653061,,,10.369671082242283,9.792503390548513,10.980856892802027
CA,21000,1,2009,1000,7,48,48.97959183673469,279.59183673469386,,,278.71420762707277,266.33403076009364,291.6698602558998
CA,21000,1,2009,1000,9,14,14.285714285714286,18.367346938775512,,,18.698525837851907,17.852883179397633,19.584224295619478
CA,21000,1,2009,1000,14,24,24.489795918367346,90.81632653061224,,,91.7312330136112,86.85936654513397,96.87635824312649
CA,21000,1,2009,1000,16,95,96.93877551020408,6364.285714285715,,,12038.063095413512,11273.505167331246,12854.472583123155
CA,21000,1,2009,1000,27,98,100,4710.2040816326535,,,8632.443020947607,8160.475540429678,9131.707109556919
CA,21000,1,2009,1000,31,17,17.346938775510203,21.42857142857143,,,21.759750327800887,20.946033108616227,22.60507905592207
CA,21000,1,2009,1000,39,7,7.142857142857143,25.510204081632654,,,25.322947658779217,22.776737283296075,28.153798770798957
CA,21000,1,2009,1000,44,42,42.857142857142854,195.91836734693877,,,196.6541434402768,186.63227298424047,207.21417316443748
CA,21000,1,2009,1000,47,1,1.0204081632653061,1.0204081632653061,,,1.0204081633163264,1.0204081632653061,1.020408163367347
CA,21000,1,2009,1000,64,2,2.0408163265306123,2.0408163265306123,,,2.040816326632653,2.040816326560499,2.0408163267048067
CA,21000,1,2009,1000,65,1,1.0204081632653061,1.0204081632653061,,,1.0204081633163264,1.0204081632653061,1.020408163367347
CA,21000,1,2009,1000,87,96,97.95918367346938,916.3265306122449,,,903.6286061055614,871.0767095129038,937.3969581035892
CA,21000,1,2009,1000,100,2,2.0408163265306123,4.081632653061225,,,4.247222102344322,3.377691416609115,5.340599054709231
CA,21000,1,2009,2000,4,2,2.0408163265306123,2.0408163265306123,,,2.040816326632653,2.040816326560499,2.0408163267048067
CA,21000,1,2009,2000,7,21,21.428571428571427,45.91836734693878,,,46.22787927234279,43.89746060968014,48.682014684627376
CA,21000,1,2009,2000,9,1,1.0204081632653061,1.0204081632653061,,,1.0204081633163264,1.0204081632653061,1.020408163367347
CA,21000,1,2009,2000,14,1,1.0204081632653061,1.0204081632653061,,,1.0204081633163264,1.0204081632653061,1.020408163367347
CA,21000,1,2009,2000,16,74,75.51020408163265,670.4081632653061,,,659.0385410688799,635.2899215780291,683.6749393652252
CA,21000,1,2009,2000,27,37,37.755102040816325,296.9387755102041,,,294.08649709373975,277.9824887316578,311.12343862909205
CA,21000,1,2009,2000,31,3,3.061224489795918,3.061224489795918,,,3.06122448994898,3.06122448986061,3.0612244900373504
CA,21000,1,2009,2000,64,1,1.0204081632653061,1.0204081632653061,,,1.0204081633163264,1.0204081632653061,1.020408163367347
CA,21000,1,2009,2000,87,32,32.6530612244898,55.10204081632653,,,56.92352475895084,54.2837238678064,59.69169836015209
CA,21000,1,2009,3000,7,6,6.122448979591836,13.26530612244898,,,13.265306122755105,13.265306122574353,13.265306122935858
CA,21000,1,2009,3000,16,12,12.244897959183673,45.91836734693878,,,45.91836734755102,45.91836734708814,45.918367348013895
CA,21000,1,2009,3000,27,10,10.204081632653061,22.448979591836736,,,22.44897959234694,22.44897959211277,22.44897959258111
CA,21000,1,2009,3000,31,1,1.0204081632653061,1.0204081632653061,,,1.0204081633163264,1.0204081632653061,1.020408163367347
CA,21000,1,2009,3000,69,1,1.0204081632653061,1.0204081632653061,,,1.0204081633163264,1.0204081632653061,1.020408163367347
CA,21000,1,2009,4000,7,8,8.16326530612245,11.224489795918368,,,11.224489796326528,11.224489796149593,11.224489796503464
CA,21000,1,2009,4000,16,18,18.367346938775512,75.51020408163265,,,75.51020408255103,75.51020408196084,75.5102040831412
CA,21000,1,2009,4000,27,5,5.1020408163265305,5.1020408163265305,,,5.102040816581632,5.102040816467547,5.102040816695718
CA,11000,2,2011,1000,4,3,2.142857142857143,3.5714285714285716,,,3.5714285715357152,3.571428571449229,3.5714285716222016
CA,11000,2,2011,1000,6,1,0.7142857142857143,0.7142857142857143,,,0.7142857143214286,0.7142857142857143,0.7142857143571429
CA,11000,2,2011,1000,7,134,95.71428571428571,1967.857142857143,,,1967.8571428619275,1967.8571428586,1967.8571428652556
CA,11000,2,2011,1000,9,6,4.285714285714286,9.285714285714286,,,9.285714285928574,9.285714285786414,9.285714286070734
CA,11000,2,2011,1000,14,3,2.142857142857143,2.142857142857143,,,2.142857142964286,2.142857142902427,2.1428571430261454
CA,11000,2,2011,1000,16,13,9.285714285714286,17.857142857142858,,,17.85714285760714,17.857142857412885,17.8571428578014
CA,11000,2,2011,1000,27,7,5,5.714285714285714,,,5.714285714535713,5.714285714433672,5.714285714637755
CA,11000,2,2011,1000,31,2,1.4285714285714286,1.4285714285714286,,,1.4285714286428572,1.4285714285923494,1.4285714286933648
CA,11000,2,2011,1000,44,2,1.4285714285714286,1.4285714285714286,,,1.4285714286428572,1.4285714285923494,1.4285714286933648
CA,11000,2,2011,1000,64,1,0.7142857142857143,0.7142857142857143,,,0.7142857143214286,0.7142857142857143,0.7142857143571429
CA,11000,2,2011,1000,67,1,0.7142857142857143,0.7142857142857143,,,0.7142857143214286,0.7142857142857143,0.7142857143571429
CA,11000,2,2011,1000,69,1,0.7142857142857143,0.7142857142857143,,,0.7142857143214286,0.7142857142857143,0.7142857143571429
CA,11000,2,2011,1000,71,1,0.7142857142857143,3.5714285714285716,,,3.5714285714642853,3.571428571428571,3.5714285715
CA,11000,2,2011,1000,77,5,3.5714285714285716,7.142857142857143,,,7.142857143035717,7.142857142923407,7.142857143148027
CA,11000,2,2011,1000,87,36,25.714285714285715,36.42857142857143,,,36.42857142985715,36.428571429587024,36.428571430127285
CA,11000,2,2011,2000,4,1,0.7142857142857143,1.4285714285714286,,,1.428571428607143,1.4285714285714286,1.4285714286428572
CA,11000,2,2011,2000,7,76,54.285714285714285,1267.857142857143,,,1267.857142859857,1267.8571428568966,1267.8571428628177
CA,11000,2,2011,2000,16,1,0.7142857142857143,0.7142857142857143,,,0.7142857143214286,0.7142857142857143,0.7142857143571429
CA,11000,2,2011,2000,31,4,2.857142857142857,2.857142857142857,,,2.8571428572857145,2.857142857214286,2.857142857357143
CA,11000,2,2011,2000,69,1,0.7142857142857143,0.7142857142857143,,,0.7142857143214286,0.7142857142857143,0.7142857143571429
CA,11000,2,2011,2000,77,1,0.7142857142857143,0.7142857142857143,,,0.7142857143214286,0.7142857142857143,0.7142857143571429
CA,11000,2,2011,2000,87,3,2.142857142857143,2.142857142857143,,,2.142857142964286,2.142857142902427,2.1428571430261454
CA,11000,2,2011,3000,7,56,40,327.8571428571429,,,327.85714285914287,327.8571428581158,327.8571428601699
CA,11000,2,2011,3000,9,1,0.7142857142857143,0.7142857142857143,,,0.7142857143214286,0.7142857142857143,0.7142857143571429
CA,11000,2,2011,3000,16,1,0.7142857142857143,0.7142857142857143,,,0.7142857143214286,0.7142857142857143,0.7142857143571429
CA,11000,2,2011,3000,31,1,0.7142857142857143,0.7142857142857143,,,0.7142857143214286,0.7142857142857143,0.7142857143571429
CA,11000,2,2011,3000,39,1,0.7142857142857143,3.5714285714285716,,,3.5714285714642853,3.571428571428571,3.5714285715
CA,11000,2,2011,3000,77,1,0.7142857142857143,0.7142857142857143,,,0.7142857143214286,0.7142857142857143,0.7142857143571429
CA,11000,2,2011,4000,7,28,20,46.42857142857143,,,46.428571429571406,46.42857142926824,46.42857142987459
CA,11000,2,2011,4000,39,1,0.7142857142857143,0.7142857142857143,,,0.7142857143214286,0.7142857142857143,0.7142857143571429
CA,11000,2,2011,4000,87,1,0.7142857142857143,0.7142857142857143,,,0.7142857143214286,0.7142857142857143,0.7142857143571429
CA,11000,2,2011,,,3,2.142857142857143,0,,,0,0,0
CA,31000,2,2012,1000,4,1,2,2,,,2.0000000001,2,2.0000000002
CA,31000,2,2012,1000,7,1,2,2,,,2.0000000001,2,2.0000000002
CA,31000,2,2012,1000,9,1,2,2,,,2.0000000001,2,2.0000000002
CA,31000,2,2012,1000,16,42,84,6418,,,18106.700164656842,15669.996966005041,20922.31361397435
CA,31000,2,2012,1000,41,20,40,304,,,299.46840611271557,276.3689919815948,324.4985105480386
CA,31000,2,2012,1000,69,16,32,184,,,182.85201185474529,167.03073303329387,200.17189431039264
CA,31000,2,2012,1000,83,8,16,198,,,195.5983487404504,171.65826027662192,222.87720945288703
CA,31000,2,2012,1000,87,3,6,6,,,6.000000000300001,6.0000000001267955,6.000000000473206
CA,31000,2,2012,2000,16,20,40,446,,,439.02110218948457,407.89789748257675,472.5190528247395
CA,31000,2,2012,2000,69,8,16,40,,,41.94733192316922,36.45712937920778,48.264322656079834
CA,31000,2,2012,2000,83,7,14,194,,,192.9919613846973,168.40648180812457,221.16664845210016
CA,31000,2,2012,2000,87,7,14,14,,,14.000000000699998,14.000000000435424,14.000000000964574
CA,31000,2,2012,3000,16,35,70,968,,,956.2332239663168,910.0961476739574,1004.7092067733862
CA,31000,2,2012,3000,69,25,50,170,,,169.87259819520642,159.91518550343358,180.45002747391024
CA,31000,2,2012,3000,82,1,2,16,,,15.491933384958765,12.000000000199996,20.000000000000004
CA,31000,2,2012,3000,83,25,50,542,,,536.9685558795588,503.1296374765391,573.0833736003556
CA,31000,2,2012,4000,16,43,86,1388,,,1358.7459695148846,1289.4769430010067,1431.736038161562
CA,31000,2,2012,4000,69,22,44,106,,,109.38659723179725,101.67901693598242,117.67843567453968
CA,31000,2,2012,4000,78,1,2,2,,,2.0000000001,2,2.0000000002
CA,31000,2,2012,4000,83,19,38,474,,,467.1199946197563,434.9764064361396,501.6389076394561
CA,31000,2,2012,4000,87,1,2,2,,,2.0000000001,2,2.0000000002
CA,41000,2,2012,1000,3,12,12.244897959183673,450,,,1111.6341742483414,929.2373869765903,1329.8329949652823
CA,41000,2,2012,1000,4,11,11.224489795918368,15.306122448979592,,,15.63730134790293,14.742843418102442,16.58602662393329
CA,41000,2,2012,1000,6,1,1.0204081632653061,30.612244897959183,,,29.574238257599873,21.42857142867347,40.81632653061222
CA,41000,2,2012,1000,7,77,78.57142857142857,2694.8979591836737,,,4650.4455642049625,4399.059784402029,4916.196870594099
CA,41000,2,2012,1000,9,6,6.122448979591836,8.16326530612245,,,8.328854755609628,7.716557936179826,8.98973637128985
CA,41000,2,2012,1000,14,95,96.93877551020408,36694.897959183676,,,114174.45740984645,102370.09330580907,127339.99065421497
CA,41000,2,2012,1000,16,2,2.0408163265306123,4.081632653061225,,,4.247222102344322,3.377691416609115,5.340599054709231
CA,41000,2,2012,1000,20,1,1.0204081632653061,1.0204081632653061,,,1.0204081633163264,1.0204081632653061,1.020408163367347
CA,41000,2,2012,1000,23,1,1.0204081632653061,1.0204081632653061,,,1.0204081633163264,1.0204081632653061,1.020408163367347
CA,41000,2,2012,1000,27,13,13.26530612244898,23.46938775510204,,,24.29733500167059,22.45612207031456,26.28951189056023
CA,41000,2,2012,1000,28,61,62.244897959183675,194.89795918367346,,,200.97600081190146,191.02989510659663,211.4399574988335
CA,41000,2,2012,1000,31,36,36.734693877551024,128.57142857142858,,,127.46728501350147,122.2912196903088,132.8624310875265
CA,41000,2,2012,1000,39,5,5.1020408163265305,7.142857142857143,,,7.3084465922933015,6.668544855432296,8.009752164880803
CA,41000,2,2012,1000,64,11,11.224489795918368,13.26530612244898,,,13.430895572191263,12.882993574415158,14.002099343536765
CA,41000,2,2012,1000,67,1,1.0204081632653061,1.0204081632653061,,,1.0204081633163264,1.0204081632653061,1.020408163367347
CA,41000,2,2012,1000,87,84,85.71428571428571,4257.142857142857,,,7965.838448875702,7473.1406602706375,8491.01938237684
CA,41000,2,2012,1000,88,1,1.0204081632653061,51.02040816326531,,,50.6105990516423,41.836734693979594,61.22448979591835
CA,41000,2,2012,1000,89,1,1.0204081632653061,3.061224489795918,,,3.2268139390279957,2.0408163266326524,5.10204081632653
CA,41000,2,2012,2000,4,2,2.0408163265306123,2.0408163265306123,,,2.040816326632653,2.040816326560499,2.0408163267048067
CA,41000,2,2012,2000,6,1,1.0204081632653061,1.0204081632653061,,,1.0204081633163264,1.0204081632653061,1.020408163367347
CA,41000,2,2012,2000,7,19,19.387755102040817,55.10204081632653,,,55.483513979204275,51.84057247160255,59.382452328566906
CA,41000,2,2012,2000,9,1,1.0204081632653061,1.0204081632653061,,,1.0204081633163264,1.0204081632653061,1.020408163367347
CA,41000,2,2012,2000,14,63,64.28571428571429,1957.142857142857,,,2592.330705383482,2470.053946422968,2720.6606138323054
CA,41000,2,2012,2000,16,1,1.0204081632653061,3.061224489795918,,,3.2268139390279957,2.0408163266326524,5.10204081632653
CA,41000,2,2012,2000,23,1,1.0204081632653061,3.061224489795918,,,3.2268139390279957,2.0408163266326524,5.10204081632653
CA,41000,2,2012,2000,27,6,6.122448979591836,8.16326530612245,,,8.328854755609628,7.716557936179826,8.98973637128985
CA,41000,2,2012,2000,28,16,16.3265306122449,26.53061224489796,,,27.358559491619573,25.661753168047916,29.16756203502308
CA,41000,2,2012,2000,31,20,20.408163265306122,34.69387755102041,,,35.853003696308214,33.744600303899716,38.09314267974713
CA,41000,2,2012,2000,83,1,1.0204081632653061,8.16326530612245,,,7.904047645387125,6.122448979693876,10.204081632653063
CA,41000,2,2012,2000,87,10,10.204081632653061,22.448979591836736,,,23.442516287433286,20.95398978937743,26.226583834891848
CA,41000,2,2012,3000,4,1,1.0204081632653061,1.0204081632653061,,,1.0204081633163264,1.0204081632653061,1.020408163367347
CA,41000,2,2012,3000,7,2,2.0408163265306123,2.0408163265306123,,,2.040816326632653,2.040816326560499,2.0408163267048067
CA,41000,2,2012,3000,14,44,44.89795918367347,868.3673469387755,,,855.5948051081808,826.1942353590055,886.0416100700727
CA,41000,2,2012,3000,20,3,3.061224489795918,6.122448979591836,,,6.122448979744898,6.122448979598352,6.122448979891443
CA,41000,2,2012,3000,27,2,2.0408163265306123,3.061224489795918,,,3.0612244898979597,3.061224489812396,3.061224489983523
CA,41000,2,2012,3000,28,13,13.26530612244898,22.448979591836736,,,22.448979592500002,22.448979592242406,22.4489795927576
CA,41000,2,2012,3000,31,18,18.367346938775512,28.571428571428573,,,28.737018021528,28.014818374925635,29.4778353983106
CA,41000,2,2012,3000,39,2,2.0408163265306123,2.0408163265306123,,,2.040816326632653,2.040816326560499,2.0408163267048067
CA,41000,2,2012,3000,42,1,1.0204081632653061,1.0204081632653061,,,1.0204081633163264,1.0204081632653061,1.020408163367347
CA,41000,2,2012,3000,83,1,1.0204081632653061,15.306122448979592,,,15.135098953325251,11.22448979602041,20.40816326530612
CA,41000,2,2012,3000,89,1,1.0204081632653061,1.0204081632653061,,,1.0204081633163264,1.0204081632653061,1.020408163367347
CA,41000,2,2012,4000,7,3,3.061224489795918,4.081632653061225,,,4.081632653214286,4.081632653112245,4.081632653316326
CA,41000,2,2012,4000,14,5,5.1020408163265305,44.89795918367347,,,44.02554199269931,39.36010712630405,49.24398049861033
CA,41000,2,2012,4000,16,1,1.0204081632653061,1.0204081632653061,,,1.0204081633163264,1.0204081632653061,1.020408163367347
CA,41000,2,2012,4000,27,4,4.081632653061225,4.081632653061225,,,4.081632653265306,4.081632653163266,4.081632653367347
CA,41000,2,2012,4000,28,58,59.183673469387756,119.38775510204081,,,119.38775510500002,119.38775510440527,119.38775510559479
CA,41000,2,2012,4000,31,3,3.061224489795918,7.142857142857143,,,7.308446592191261,6.27338213523476,8.514289491614598
CA,41000,2,2012,4000,39,4,4.081632653061225,4.081632653061225,,,4.081632653265306,4.081632653163266,4.081632653367347
CA,41000,2,2012,4000,63,2,2.0408163265306123,2.0408163265306123,,,2.040816326632653,2.040816326560499,2.0408163267048067
CA,41000,2,2012,4000,83,1,1.0204081632653061,8.16326530612245,,,7.904047645387125,6.122448979693876,10.204081632653063
CA,41000,2,2012,4000,86,1,1.0204081632653061,1.0204081632653061,,,1.0204081633163264,1.0204081632653061,1.020408163367347
CA,43000,2,2012,1000,3,4,8,12,,,12.324555320794872,10.990786142108623,13.820181913410574
CA,43000,2,2012,1000,4,7,14,36,,,36.14104402634851,32.71839973455147,39.92172826029468
CA,43000,2,2012,1000,7,46,92,2602,,,4299.699369986569,4009.8171207809114,4610.53811567907
CA,43000,2,2012,1000,14,50,100,49456,,,155892.790578591,132936.2491186281,182813.6592953935
CA,43000,2,2012,1000,15,2,4,2204,,,6963.3267511060085,3091.0310502248553,15686.649100189818
CA,43000,2,2012,1000,16,19,38,502,,,933.5574559683517,845.9188220334452,1030.2756019769038
CA,43000,2,2012,1000,27,1,2,6,,,6.324555320494872,4.000000000199999,9.999999999999998
CA,43000,2,2012,1000,28,28,56,208,,,210.46904075866547,196.0306513656554,225.97087143910633
CA,43000,2,2012,1000,31,7,14,22,,,22.649110641489738,20.6468185972631,24.845581435894612
CA,43000,2,2012,1000,39,6,12,16,,,16.32455532099487,15.124453554912458,17.619883287728104
CA,43000,2,2012,1000,64,4,8,8,,,8.0000000004,8.0000000002,8.0000000006
CA,43000,2,2012,1000,83,1,2,6,,,6.324555320494872,4.000000000199999,9.999999999999998
CA,43000,2,2012,1000,87,35,70,1418,,,2268.2811014901827,2109.502754174606,2439.010399581423
CA,43000,2,2012,2000,3,1,2,2,,,2.0000000001,2,2.0000000002
CA,43000,2,2012,2000,4,1,2,2,,,2.0000000001,2,2.0000000002
CA,43000,2,2012,2000,7,26,52,132,,,135.20308593745082,126.6900389643119,144.2881744803874
CA,43000,2,2012,2000,14,45,90,2350,,,3173.7127419351905,2990.260796157,3368.419430595024
CA,43000,2,2012,2000,16,8,16,94,,,93.47063192328349,84.42046972048884,103.49100237258611
CA,43000,2,2012,2000,27,2,4,4,,,4.0000000002,4.000000000058578,4.000000000341421
CA,43000,2,2012,2000,28,16,32,48,,,49.298221283179494,46.554321273530505,52.20384607061474
CA,43000,2,2012,2000,31,3,6,10,,,10.324555320694872,8.862332109301288,12.028035200600591
CA,43000,2,2012,2000,39,1,2,2,,,2.0000000001,2,2.0000000002
CA,43000,2,2012,2000,64,1,2,2,,,2.0000000001,2,2.0000000002
CA,43000,2,2012,2000,83,4,8,34,,,34.46559934644338,27.981846681028895,42.45172064054352
CA,43000,2,2012,2000,87,7,14,92,,,91.58828358747012,78.56195078149493,106.77450861460427
CA,43000,2,2012,3000,7,12,24,30,,,30.324555321594868,29.18862301196998,31.504694657070907
CA,43000,2,2012,3000,14,36,72,1574,,,1545.5093386304138,1460.3037578011958,1635.6864816881478
CA,43000,2,2012,3000,16,3,6,38,,,37.30842209041239,30.714925428688453,45.31732828419265
CA,43000,2,2012,3000,20,1,2,2,,,2.0000000001,2,2.0000000002
CA,43000,2,2012,3000,27,1,2,2,,,2.0000000001,2,2.0000000002
CA,43000,2,2012,3000,28,25,50,76,,,77.29822128407949,74.51640596971019,80.18388616476314
CA,43000,2,2012,3000,31,5,10,16,,,16.324555320894877,14.895234989767392,17.891030695925856
CA,43000,2,2012,3000,39,2,4,4,,,4.0000000002,4.000000000058578,4.000000000341421
CA,43000,2,2012,3000,71,1,2,2,,,2.0000000001,2,2.0000000002
CA,43000,2,2012,3000,83,11,22,114,,,114.62780917951451,104.58013338206527,125.64082883019658
CA,43000,2,2012,3000,87,2,4,8,,,8.324555320594872,6.620275176553866,10.467574147230092
CA,43000,2,2012,4000,3,1,2,2,,,2.0000000001,2,2.0000000002
CA,43000,2,2012,4000,14,13,26,186,,,182.27896165264823,173.487421098154,191.51601684348944
CA,43000,2,2012,4000,28,45,90,220,,,221.94733192686925,216.48079464356235,227.55190930707707
CA,43000,2,2012,4000,54,1,2,2,,,2.0000000001,2,2.0000000002
CA,43000,2,2012,4000,63,1,2,2,,,2.0000000001,2,2.0000000002
CA,43000,2,2012,4000,83,5,10,20,,,20.32455532089487,18.54500913600756,22.2748636014448
CA,43000,2,2012,4000,86,1,2,2,,,2.0000000001,2,2.0000000002
CA,51000,2,2012,1000,3,2,2.0408163265306123,2.0408163265306123,,,2.040816326632653,2.040816326560499,2.0408163267048067
CA,51000,2,2012,1000,4,13,13.26530612244898,17.346938775510203,,,17.67811767453558,16.81864243250601,18.58151427910236
CA,51000,2,2012,1000,9,4,4.081632653061225,6.122448979591836,,,6.288038428976975,5.60754395005542,7.051113221127844
CA,51000,2,2012,1000,14,83,84.6938775510204,1097.9591836734694,,,1081.8883164200354,1041.0354480621372,1124.3443548296111
CA,51000,2,2012,1000,16,11,11.224489795918368,17.346938775510203,,,17.843707123614603,16.60180986643769,19.17850442059389
CA,51000,2,2012,1000,20,63,64.28571428571429,1047.9591836734694,,,1252.7004869098623,1198.773654900646,1309.0532174184843
CA,51000,2,2012,1000,28,9,9.183673469387756,22.448979591836736,,,22.686530279052743,20.679577016021042,24.888258386699167
CA,51000,2,2012,1000,39,19,19.387755102040817,67.34693877551021,,,68.14778500183107,63.13320337268807,73.560667803289
CA,51000,2,2012,1000,54,10,10.204081632653061,61.224489795918366,,,60.331541628434735,53.99570324552934,67.41082524126439
CA,51000,2,2012,1000,61,1,1.0204081632653061,1.0204081632653061,,,1.0204081633163264,1.0204081632653061,1.020408163367347
CA,51000,2,2012,1000,63,1,1.0204081632653061,1.0204081632653061,,,1.0204081633163264,1.0204081632653061,1.020408163367347
CA,51000,2,2012,1000,67,14,14.285714285714286,35.714285714285715,,,36.61419419848105,33.51367040966801,40.00156355352078
CA,51000,2,2012,1000,71,10,10.204081632653061,193.87755102040816,,,189.658829124211,172.7990197823534,208.1636314261086
CA,51000,2,2012,1000,77,3,3.061224489795918,3.061224489795918,,,3.06122448994898,3.06122448986061,3.0612244900373504
CA,51000,2,2012,1000,78,2,2.0408163265306123,2.0408163265306123,,,2.040816326632653,2.040816326560499,2.0408163267048067
CA,51000,2,2012,1000,83,18,18.367346938775512,197.9591836734694,,,195.43539216829063,181.02161042075755,210.99686619290947
CA,51000,2,2012,1000,86,3,3.061224489795918,7.142857142857143,,,7.474036041372318,6.0222645315247085,9.275782300049434
CA,51000,2,2012,1000,87,60,61.224489795918366,580.6122448979592,,,573.3030795118298,550.270059794434,597.3002076480993
CA,51000,2,2012,1000,89,50,51.02040816326531,346.9387755102041,,,344.95823777213286,328.0145359028005,362.7771722961604
CA,51000,2,2012,2000,4,5,5.1020408163265305,7.142857142857143,,,7.3084465922933015,6.668544855432296,8.009752164880803
CA,51000,2,2012,2000,9,2,2.0408163265306123,2.0408163265306123,,,2.040816326632653,2.040816326560499,2.0408163267048067
CA,51000,2,2012,2000,14,81,82.65306122448979,580.6122448979592,,,574.8698573759203,553.4417069861261,597.1276626748615
CA,51000,2,2012,2000,16,4,4.081632653061225,6.122448979591836,,,6.288038428976975,5.60754395005542,7.051113221127844
CA,51000,2,2012,2000,20,53,54.08163265306123,350,,,346.4761603876772,330.4604257584533,363.2680961463557
CA,51000,2,2012,2000,28,23,23.46938775510204,31.63265306122449,,,32.29501085912219,31.033709852084705,33.60757483916343
CA,51000,2,2012,2000,39,23,23.46938775510204,60.204081632653065,,,60.58555479573488,57.28017551514798,64.0816725314727
CA,51000,2,2012,2000,54,15,15.306122448979592,57.142857142857146,,,58.3685104789413,52.80983626563142,64.51228135595406
CA,51000,2,2012,2000,67,14,14.285714285714286,30.612244897959183,,,31.93696049212192,29.113577140679645,35.03415058021776
CA,51000,2,2012,2000,69,1,1.0204081632653061,1.0204081632653061,,,1.0204081633163264,1.0204081632653061,1.020408163367347
CA,51000,2,2012,2000,71,8,8.16326530612245,139.79591836734693,,,137.39399209108197,123.52781610562658,152.81666638211104
CA,51000,2,2012,2000,77,4,4.081632653061225,4.081632653061225,,,4.081632653265306,4.081632653163266,4.081632653367347
CA,51000,2,2012,2000,83,23,23.46938775510204,270.40816326530614,,,266.59364829090725,249.34935410333821,285.0305089605383
CA,51000,2,2012,2000,86,2,2.0408163265306123,4.081632653061225,,,4.247222102344322,3.377691416609115,5.340599054709231
CA,51000,2,2012,2000,87,61,62.244897959183675,263.265306122449,,,263.5918315208461,252.94507186608843,274.6867259833306
CA,51000,2,2012,2000,89,11,11.224489795918368,61.224489795918366,,,60.16481618203973,55.28978322052789,65.46969250685493
CA,51000,2,2012,3000,2,2,2.0408163265306123,2.0408163265306123,,,2.040816326632653,2.040816326560499,2.0408163267048067
CA,51000,2,2012,3000,4,31,31.632653061224488,54.08163265306123,,,54.57840100218604,53.19904486954323,55.993521373553904
CA,51000,2,2012,3000,9,1,1.0204081632653061,1.0204081632653061,,,1.0204081633163264,1.0204081632653061,1.020408163367347
CA,51000,2,2012,3000,14,87,88.77551020408163,1142.857142857143,,,1123.7630843821044,1093.7790288683927,1154.569100786746
CA,51000,2,2012,3000,16,6,6.122448979591836,11.224489795918368,,,11.555668694586606,10.372833388656243,12.873385118195523
CA,51000,2,2012,3000,20,41,41.83673469387755,105.10204081632654,,,106.9954859969858,102.72119265804982,111.44763536615784
CA,51000,2,2012,3000,27,2,2.0408163265306123,2.0408163265306123,,,2.040816326632653,2.040816326560499,2.0408163267048067
CA,51000,2,2012,3000,28,57,58.16326530612245,123.46938775510205,,,125.26920472497234,121.47768473294448,129.17906434358719
CA,51000,2,2012,3000,39,23,23.46938775510204,76.53061224489797,,,76.93375238200932,73.81686208778062,80.18225224120036
CA,51000,2,2012,3000,51,1,1.0204081632653061,1.0204081632653061,,,1.0204081633163264,1.0204081632653061,1.020408163367347
CA,51000,2,2012,3000,54,22,22.448979591836736,130.6122448979592,,,131.66563980948328,121.7216239105697,142.4220294594281
CA,51000,2,2012,3000,63,2,2.0408163265306123,2.0408163265306123,,,2.040816326632653,2.040816326560499,2.0408163267048067
CA,51000,2,2012,3000,67,19,19.387755102040817,38.775510204081634,,,39.934636349318424,37.46650195064254,42.56536098441276
CA,51000,2,2012,3000,69,1,1.0204081632653061,1.0204081632653061,,,1.0204081633163264,1.0204081632653061,1.020408163367347
CA,51000,2,2012,3000,71,14,14.285714285714286,105.10204081632654,,,103.70032021119025,96.40602939562258,111.54651300670287
CA,51000,2,2012,3000,77,6,6.122448979591836,10.204081632653061,,,10.204081632959182,10.20408163276828,10.20408163315008
CA,51000,2,2012,3000,78,1,1.0204081632653061,1.0204081632653061,,,1.0204081633163264,1.0204081632653061,1.020408163367347
CA,51000,2,2012,3000,83,31,31.632653061224488,533.6734693877551,,,744.9499065651073,700.2211238416219,792.5358781619425
CA,51000,2,2012,3000,84,1,1.0204081632653061,51.02040816326531,,,50.6105990516423,41.836734693979594,61.22448979591835
CA,51000,2,2012,3000,86,3,3.061224489795918,6.122448979591836,,,6.122448979744898,6.122448979598352,6.122448979891443
CA,51000,2,2012,3000,87,37,37.755102040816325,74.48979591836735,,,74.89293605619301,72.99207370329088,76.8433007386134
CA,51000,2,2012,3000,89,33,33.673469387755105,109.18367346938776,,,110.40389275986601,105.18583973669884,115.88080265407916
CA,51000,2,2012,4000,3,1,1.0204081632653061,1.0204081632653061,,,1.0204081633163264,1.0204081632653061,1.020408163367347
CA,51000,2,2012,4000,4,31,31.632653061224488,65.3061224489796,,,65.63730134892336,64.27968600264485,67.02359013066908
CA,51000,2,2012,4000,7,1,1.0204081632653061,1.0204081632653061,,,1.0204081633163264,1.0204081632653061,1.020408163367347
CA,51000,2,2012,4000,14,94,95.91836734693878,1589.795918367347,,,1562.5515880322334,1524.9531664217723,1601.0770160181853
CA,51000,2,2012,4000,16,3,3.061224489795918,10.204081632653061,,,9.944863972019776,9.13322287091122,10.828633092593053
CA,51000,2,2012,4000,20,3,3.061224489795918,3.061224489795918,,,3.06122448994898,3.06122448986061,3.0612244900373504
CA,51000,2,2012,4000,28,70,71.42857142857143,312.2448979591837,,,312.25608711543396,304.950928072658,319.7362426698701
CA,51000,2,2012,4000,39,22,22.448979591836736,32.6530612244898,,,32.65306122561225,32.653061225311504,32.653061225913
CA,51000,2,2012,4000,54,17,17.346938775510203,96.93877551020408,,,96.47599928750162,89.74146812215555,103.71591454078441
CA,51000,2,2012,4000,63,1,1.0204081632653061,1.0204081632653061,,,1.0204081633163264,1.0204081632653061,1.020408163367347
CA,51000,2,2012,4000,67,8,8.16326530612245,9.183673469387756,,,9.18367346979592,9.18367346964137,9.18367346995047
CA,51000,2,2012,4000,69,1,1.0204081632653061,1.0204081632653061,,,1.0204081633163264,1.0204081632653061,1.020408163367347
CA,51000,2,2012,4000,71,15,15.306122448979592,121.42857142857143,,,120.14321279431819,114.08989156404228,126.51770794644273
CA,51000,2,2012,4000,77,11,11.224489795918368,30.612244897959183,,,30.943423796882534,29.17345146121411,32.82078150905317
CA,51000,2,2012,4000,78,1,1.0204081632653061,8.16326530612245,,,7.904047645387125,6.122448979693876,10.204081632653063
CA,51000,2,2012,4000,83,27,27.551020408163264,329.59183673469386,,,548.1061525889628,511.80337554664834,586.9839255847063
CA,51000,2,2012,4000,86,4,4.081632653061225,6.122448979591836,,,6.1224489797959185,6.1224489796609305,6.122448979930906
CA,51000,2,2012,4000,87,21,21.428571428571427,32.6530612244898,,,32.65306122556124,32.653061225264345,32.653061225858124
CA,51000,2,2012,4000,89,45,45.91836734693877,112.24489795918367,,,113.47055129679843,109.7476513776712,117.31974078689917
CA,53000,2,2012,1000,3,2,20,60,,,63.245553204948706,45.7442968562137,87.44259448938617
CA,53000,2,2012,1000,4,3,30,260,,,257.4064132698556,210.48495792435833,314.78763255026877
CA,53000,2,2012,1000,7,1,10,10,,,10.0000000005,10,10.000000001
CA,53000,2,2012,1000,9,1,10,10,,,10.0000000005,10,10.000000001
CA,53000,2,2012,1000,20,1,10,300,,,289.82753492447875,210.00000000100002,399.9999999999998
CA,53000,2,2012,1000,28,2,20,20,,,20.000000001,20.00000000029289,20.000000001707104
CA,53000,2,2012,1000,39,9,90,1720,,,1704.3460639103064,1552.5294210816837,1871.0083468451858
CA,53000,2,2012,1000,77,1,10,80,,,77.45966692479382,60.00000000099998,100.00000000000001
CA,53000,2,2012,1000,83,2,20,330,,,321.4503115269531,242.93648998932161,425.3387491739801
CA,53000,2,2012,1000,86,3,30,90,,,94.86832980742308,72.81919425840864,123.59378721648983
CA,53000,2,2012,1000,87,6,60,1140,,,3314.5408228261103,2595.3761304487625,4232.982162890274
CA,53000,2,2012,1000,89,9,90,3300,,,3226.916821665157,2934.3736482633726,3548.625165751539
CA,53000,2,2012,2000,4,2,20,40,,,41.622776602974355,33.101375882769325,52.33787073615046
CA,53000,2,2012,2000,20,1,10,30,,,31.622776602474357,20.000000000999993,49.999999999999986
CA,53000,2,2012,2000,28,1,10,10,,,10.0000000005,10,10.000000001
CA,53000,2,2012,2000,39,6,60,530,,,521.397057873015,457.6144969654655,594.06966728843
CA,53000,2,2012,2000,41,1,10,10,,,10.0000000005,10,10.000000001
CA,53000,2,2012,2000,77,1,10,30,,,31.622776602474357,20.000000000999993,49.999999999999986
CA,53000,2,2012,2000,83,3,30,140,,,140.70522012974257,111.55525925335162,177.47221515389458
CA,53000,2,2012,2000,86,2,20,40,,,41.622776602974355,33.101375882769325,52.33787073615046
CA,53000,2,2012,2000,87,5,50,340,,,329.8275349264786,309.24510878613575,351.7798655658306
CA,53000,2,2012,2000,89,2,20,380,,,367.2872018492726,299.0392877974752,451.1109213637154
CA,53000,2,2012,3000,2,4,40,60,,,61.62277660397436,54.95393071054311,69.10090956705287
CA,53000,2,2012,3000,3,1,10,10,,,10.0000000005,10,10.000000001
CA,53000,2,2012,3000,4,5,50,280,,,277.4064132708556,245.85413566971243,313.00802776481817
CA,53000,2,2012,3000,7,1,10,10,,,10.0000000005,10,10.000000001
CA,53000,2,2012,3000,14,1,10,10,,,10.0000000005,10,10.000000001
CA,53000,2,2012,3000,20,1,10,10,,,10.0000000005,10,10.000000001
CA,53000,2,2012,3000,28,3,30,50,,,51.62277660347436,44.31166054650644,60.140176003002956
CA,53000,2,2012,3000,39,6,60,500,,,496.59468583123675,442.548683732758,557.2410246840616
CA,53000,2,2012,3000,45,1,10,10,,,10.0000000005,10,10.000000001
CA,53000,2,2012,3000,63,5,50,110,,,114.8683298084231,98.01105750682584,134.62494466053212
CA,53000,2,2012,3000,77,4,40,130,,,129.0824435282682,113.21838009693163,147.1693660778681
CA,53000,2,2012,3000,83,5,50,300,,,299.02918987283005,256.97149463701777,347.97033236043586
CA,53000,2,2012,3000,86,9,90,410,,,410.49288378775333,367.14996085191234,458.9525414884933
CA,53000,2,2012,3000,87,4,40,270,,,267.4064132703556,229.9445365019595,310.9714670585655
CA,53000,2,2012,3000,89,9,90,990,,,981.5551710309868,880.7586581745417,1093.8871220119654
CA,53000,2,2012,4000,2,1,10,30,,,31.622776602474357,20.000000000999993,49.999999999999986
CA,53000,2,2012,4000,4,5,50,250,,,253.1922995505106,213.69641292882054,299.98791122913445
CA,53000,2,2012,4000,20,1,10,10,,,10.0000000005,10,10.000000001
CA,53000,2,2012,4000,28,2,20,40,,,41.622776602974355,33.101375882769325,52.33787073615046
CA,53000,2,2012,4000,39,6,60,360,,,354.86608019564943,318.1380211642126,395.8342810223998
CA,53000,2,2012,4000,63,8,80,250,,,255.57354993816563,223.97507302543994,291.62995035870347
CA,53000,2,2012,4000,77,7,70,800,,,783.6058431836491,674.0017195409755,911.0334583267003
CA,53000,2,2012,4000,83,4,40,100,,,104.86832980792309,85.99789323250613,127.879488477358
CA,53000,2,2012,4000,86,9,90,790,,,775.3988352493704,693.1459597503762,867.4123324943091
CA,53000,2,2012,4000,89,6,60,400,,,398.11163339959825,341.42130154586664,464.2149506503598
CA,71000,2,2013,1000,3,3,3.061224489795918,3.061224489795918,,,3.06122448994898,3.06122448986061,3.0612244900373504
CA,71000,2,2013,1000,6,2,2.0408163265306123,2.0408163265306123,,,2.040816326632653,2.040816326560499,2.0408163267048067
CA,71000,2,2013,1000,7,17,17.346938775510203,36.734693877551024,,,37.46901291271837,35.01627815896875,40.09355084169238
CA,71000,2,2013,1000,14,52,53.06122448979592,666.3265306122449,,,1102.1090138829406,1045.2527087546816,1162.0580059813094
CA,71000,2,2013,1000,15,26,26.53061224489796,76.53061224489797,,,77.14850009762473,72.86792413133422,81.68053554792854
CA,71000,2,2013,1000,16,22,22.448979591836736,296.9387755102041,,,514.8453258802996,473.6125553250233,559.6678267933306
CA,71000,2,2013,1000,23,2,2.0408163265306123,2.0408163265306123,,,2.040816326632653,2.040816326560499,2.0408163267048067
CA,71000,2,2013,1000,28,11,11.224489795918368,19.387755102040817,,,20.05011289932627,18.447624839024584,21.791804136503984
CA,71000,2,2013,1000,31,9,9.183673469387756,15.306122448979592,,,15.802890796981949,14.469207466657453,17.25950492567147
CA,71000,2,2013,1000,39,3,3.061224489795918,3.061224489795918,,,3.06122448994898,3.06122448986061,3.0612244900373504
CA,71000,2,2013,1000,64,79,80.61224489795919,663.265306122449,,,653.5775137214976,629.7330881426695,678.3247926550083
CA,71000,2,2013,1000,83,1,1.0204081632653061,3.061224489795918,,,3.2268139390279957,2.0408163266326524,5.10204081632653
CA,71000,2,2013,1000,87,82,83.6734693877551,3286.734693877551,,,7239.772482589543,6769.197042455474,7743.060996884183
CA,71000,2,2013,1000,89,13,13.26530612244898,65.3061224489796,,,66.02957339089427,59.34859686085587,73.4626392668623
CA,71000,2,2013,2000,7,4,4.081632653061225,4.081632653061225,,,4.081632653265306,4.081632653163266,4.081632653367347
CA,71000,2,2013,2000,14,4,4.081632653061225,8.16326530612245,,,8.494444204688644,7.224178169127489,9.988067937599496
CA,71000,2,2013,2000,16,9,9.183673469387756,15.306122448979592,,,15.802890796981949,14.469207466657453,17.25950492567147
CA,71000,2,2013,2000,23,1,1.0204081632653061,1.0204081632653061,,,1.0204081633163264,1.0204081632653061,1.020408163367347
CA,71000,2,2013,2000,28,8,8.16326530612245,10.204081632653061,,,10.369671082242283,9.792503390548513,10.980856892802027
CA,71000,2,2013,2000,31,5,5.1020408163265305,5.1020408163265305,,,5.102040816581632,5.102040816467547,5.102040816695718
CA,71000,2,2013,2000,64,34,34.69387755102041,88.77551020408164,,,90.64728841035422,85.75790930302641,95.81542930478092
CA,71000,2,2013,2000,83,1,1.0204081632653061,3.061224489795918,,,3.2268139390279957,2.0408163266326524,5.10204081632653
CA,71000,2,2013,2000,87,27,27.551020408163264,179.59183673469389,,,178.13591408911324,166.78287402825086,190.26176442425904
CA,71000,2,2013,3000,7,5,5.1020408163265305,7.142857142857143,,,7.3084465922933015,6.668544855432296,8.009752164880803
CA,71000,2,2013,3000,16,4,4.081632653061225,11.224489795918368,,,10.965272135336107,10.286990072930696,11.688277343474065
CA,71000,2,2013,3000,23,1,1.0204081632653061,1.0204081632653061,,,1.0204081633163264,1.0204081632653061,1.020408163367347
CA,71000,2,2013,3000,28,9,9.183673469387756,13.26530612244898,,,13.596485021270281,12.65206832965152,14.611397924588896
CA,71000,2,2013,3000,31,1,1.0204081632653061,1.0204081632653061,,,1.0204081633163264,1.0204081632653061,1.020408163367347
CA,71000,2,2013,3000,64,7,7.142857142857143,17.346938775510203,,,18.174886021772632,15.700484683267662,21.03925379172925
CA,71000,2,2013,3000,83,1,1.0204081632653061,1.0204081632653061,,,1.0204081633163264,1.0204081632653061,1.020408163367347
CA,71000,2,2013,3000,87,4,4.081632653061225,6.122448979591836,,,6.288038428976975,5.60754395005542,7.051113221127844
CA,71000,2,2013,4000,7,1,1.0204081632653061,1.0204081632653061,,,1.0204081633163264,1.0204081632653061,1.020408163367347
CA,71000,2,2013,4000,16,25,25.510204081632654,33.673469387755105,,,34.33582718575485,33.10014636011413,35.617637931373686
CA,71000,2,2013,4000,23,5,5.1020408163265305,7.142857142857143,,,7.3084465922933015,6.668544855432296,8.009752164880803
CA,71000,2,2013,4000,28,8,8.16326530612245,8.16326530612245,,,8.16326530653061,8.163265306386302,8.16326530667492
CA,71000,2,2013,4000,83,1,1.0204081632653061,1.0204081632653061,,,1.0204081633163264,1.0204081632653061,1.020408163367347
CA,81000,2,2013,1000,4,6,6.122448979591836,10.204081632653061,,,10.535260531321295,9.456873945224446,11.73661773496147
CA,81000,2,2013,1000,7,34,34.69387755102041,82.6530612244898,,,84.37548290908653,80.26513053372378,88.69632515143518
CA,81000,2,2013,1000,9,11,11.224489795918368,17.346938775510203,,,17.843707123614603,16.60180986643769,19.17850442059389
CA,81000,2,2013,1000,14,38,38.775510204081634,421.42857142857144,,,413.7866387478695,394.34958380303954,434.18172463896025
CA,81000,2,2013,1000,16,98,100,9750,,,30099.081714436947,26898.63989690431,33680.31705412052
CA,81000,2,2013,1000,24,5,5.1020408163265305,11.224489795918368,,,11.721258143716643,10.001128317023046,13.737239251074708
CA,81000,2,2013,1000,27,4,4.081632653061225,18.367346938775512,,,18.19632344327423,16.88608550626555,19.6082263547342
CA,81000,2,2013,1000,28,41,41.83673469387755,137.75510204081633,,,139.92982212798938,132.5927782389702,147.6728625859346
CA,81000,2,2013,1000,31,4,4.081632653061225,4.081632653061225,,,4.081632653265306,4.081632653163266,4.081632653367347
CA,81000,2,2013,1000,39,18,18.367346938775512,48.97959183673469,,,49.785872109528825,46.200755306708224,53.64918917995415
CA,81000,2,2013,1000,63,4,4.081632653061225,6.122448979591836,,,6.288038428976975,5.60754395005542,7.051113221127844
CA,81000,2,2013,1000,64,20,20.408163265306122,121.42857142857143,,,120.88066416098854,113.30704893742443,128.9605113276887
CA,81000,2,2013,1000,87,91,92.85714285714286,7095.918367346939,,,20575.035142467706,18616.77861096274,22739.276217449155
CA,81000,2,2013,2000,4,9,9.183673469387756,13.26530612244898,,,13.596485021270281,12.65206832965152,14.611397924588896
CA,81000,2,2013,2000,7,35,35.714285714285715,62.244897959183675,,,64.39756080032313,61.42884836010235,67.509744163213
CA,81000,2,2013,2000,9,10,10.204081632653061,10.204081632653061,,,10.204081633163268,10.204081633001927,10.204081633324607
CA,81000,2,2013,2000,14,8,8.16326530612245,24.489795918367346,,,24.48436187225121,22.866089417686315,26.21716225021248
CA,81000,2,2013,2000,16,91,92.85714285714286,6315.306122448979,,,17803.57920893267,16214.115106685485,19548.857927994235
CA,81000,2,2013,2000,24,1,1.0204081632653061,1.0204081632653061,,,1.0204081633163264,1.0204081632653061,1.020408163367347
CA,81000,2,2013,2000,27,5,5.1020408163265305,11.224489795918368,,,11.721258143716643,10.001128317023046,13.737239251074708
CA,81000,2,2013,2000,28,37,37.755102040816325,84.6938775510204,,,88.50243488407247,83.3998578821202,93.91719817413153
CA,81000,2,2013,2000,31,3,3.061224489795918,3.061224489795918,,,3.06122448994898,3.06122448986061,3.0612244900373504
CA,81000,2,2013,2000,39,21,21.428571428571427,38.775510204081634,,,39.344239790272,37.4150567573056,41.37289473367346
CA,81000,2,2013,2000,44,1,1.0204081632653061,1.0204081632653061,,,1.0204081633163264,1.0204081632653061,1.020408163367347
CA,81000,2,2013,2000,64,23,23.46938775510204,101.0204081632653,,,100.37467356691774,94.99188976070269,106.06247669191296
CA,81000,2,2013,2000,87,36,36.734693877551024,246.9387755102041,,,245.84038705843153,230.64973270821105,262.031502050329
CA,81000,2,2013,3000,4,11,11.224489795918368,13.26530612244898,,,13.430895572191263,12.882993574415158,14.002099343536765
CA,81000,2,2013,3000,7,68,69.38775510204081,215.3061224489796,,,218.99395055145425,211.14362886802294,227.1361472531551
CA,81000,2,2013,3000,9,2,2.0408163265306123,2.0408163265306123,,,2.040816326632653,2.040816326560499,2.0408163267048067
CA,81000,2,2013,3000,14,2,2.0408163265306123,2.0408163265306123,,,2.040816326632653,2.040816326560499,2.0408163267048067
CA,81000,2,2013,3000,16,74,75.51020408163265,2340.8163265306125,,,4528.874768354089,4270.587029405784,4802.7839091452015
CA,81000,2,2013,3000,24,8,8.16326530612245,32.6530612244898,,,32.63139425086844,29.26202746167551,36.38872570091697
CA,81000,2,2013,3000,27,7,7.142857142857143,17.346938775510203,,,17.5125282250484,16.403048232316987,18.69705194360671
CA,81000,2,2013,3000,28,32,32.6530612244898,64.28571428571429,,,65.5168016691901,62.71622406258716,68.44243838207436
CA,81000,2,2013,3000,31,15,15.306122448979592,21.42857142857143,,,21.925339776879902,20.79559042232868,23.116464335413717
CA,81000,2,2013,3000,39,13,13.26530612244898,18.367346938775512,,,18.69852583780089,17.78944036185175,19.654067884938968
CA,81000,2,2013,3000,63,3,3.061224489795918,5.1020408163265305,,,5.267630265660649,4.521598014949637,6.136752653367648
CA,81000,2,2013,3000,64,6,6.122448979591836,8.16326530612245,,,8.328854755609628,7.716557936179826,8.98973637128985
CA,81000,2,2013,3000,87,3,3.061224489795918,3.061224489795918,,,3.06122448994898,3.06122448986061,3.0612244900373504
CA,81000,2,2013,4000,4,3,3.061224489795918,5.1020408163265305,,,5.267630265660649,4.521598014949637,6.136752653367648
CA,81000,2,2013,4000,7,26,26.53061224489796,147.9591836734694,,,148.13310214653418,141.70166711662637,154.8564416923563
CA,81000,2,2013,4000,14,1,1.0204081632653061,1.0204081632653061,,,1.0204081633163264,1.0204081632653061,1.020408163367347
CA,81000,2,2013,4000,16,44,44.89795918367347,393.8775510204082,,,612.6294796884265,587.6886227955226,638.628799036488
CA,81000,2,2013,4000,27,3,3.061224489795918,3.061224489795918,,,3.06122448994898,3.06122448986061,3.0612244900373504
CA,81000,2,2013,4000,28,55,56.12244897959184,120.40816326530613,,,123.79191348930915,119.01580012988317,128.7596926510672
CA,81000,2,2013,4000,31,5,5.1020408163265305,5.1020408163265305,,,5.102040816581632,5.102040816467547,5.102040816695718
CA,81000,2,2013,4000,39,2,2.0408163265306123,2.0408163265306123,,,2.040816326632653,2.040816326560499,2.0408163267048067
CA,81000,2,2013,4000,63,2,2.0408163265306123,4.081632653061225,,,4.247222102344322,3.377691416609115,5.340599054709231
CA,91000,2,2014,1000,3,4,4.081632653061225,6.122448979591836,0,0,6.288038428976975,5.60754395005542,7.051113221127844
CA,91000,2,2014,1000,4,12,12.244897959183673,201.0204081632653,0,0,420.8105116140759,373.9752676161804,473.5112239204096
CA,91000,2,2014,1000,5,1,1.0204081632653061,1.0204081632653061,0,0,1.0204081633163264,1.0204081632653061,1.020408163367347
CA,91000,2,2014,1000,14,82,83.6734693877551,3946.9387755102043,0,0,9892.9316613373,9151.187992360778,10694.796887310144
CA,91000,2,2014,1000,16,96,97.95918367346938,5572.448979591837,0,0,13051.867523281066,12126.29491952841,14048.086985823033
CA,91000,2,2014,1000,20,10,10.204081632653061,25.510204081632654,0,0,25.913344218080738,23.562013036697444,28.499322511997857
CA,91000,2,2014,1000,24,5,5.1020408163265305,45.91836734693878,0,0,44.95232194435931,38.556782367523724,52.40871058502452
CA,91000,2,2014,1000,28,41,41.83673469387755,91.83673469387756,0,0,95.05489546798525,90.2758572123716,100.08692724095636
CA,91000,2,2014,1000,39,2,2.0408163265306123,2.0408163265306123,0,0,2.040816326632653,2.040816326560499,2.0408163267048067
CA,91000,2,2014,1000,41,1,1.0204081632653061,1.0204081632653061,0,0,1.0204081633163264,1.0204081632653061,1.020408163367347
CA,91000,2,2014,1000,46,1,1.0204081632653061,1.0204081632653061,0,0,1.0204081633163264,1.0204081632653061,1.020408163367347
CA,91000,2,2014,1000,54,9,9.183673469387756,55.10204081632653,0,0,54.981311584626596,48.35816026186553,62.511572135833305
CA,91000,2,2014,1000,63,9,9.183673469387756,17.346938775510203,0,0,18.009296572693618,16.266015936956123,19.939410135849602
CA,91000,2,2014,1000,64,1,1.0204081632653061,1.0204081632653061,0,0,1.0204081633163264,1.0204081632653061,1.020408163367347
CA,91000,2,2014,1000,78,1,1.0204081632653061,1.0204081632653061,0,0,1.0204081633163264,1.0204081632653061,1.020408163367347
CA,91000,2,2014,1000,83,42,42.857142857142854,493.8775510204082,0,0,487.2991523439678,461.82900087595374,514.1739982217593
CA,91000,2,2014,1000,86,1,1.0204081632653061,1.0204081632653061,0,0,1.0204081633163264,1.0204081632653061,1.020408163367347
CA,91000,2,2014,1000,87,33,33.673469387755105,252.0408163265306,0,0,249.81696570873808,238.68122500960342,261.4722475695765
CA,91000,2,2014,1000,89,3,3.061224489795918,3.061224489795918,0,0,3.06122448994898,3.06122448986061,3.0612244900373504
CA,91000,2,2014,2000,4,3,3.061224489795918,5.1020408163265305,0,0,5.267630265660649,4.521598014949637,6.136752653367648
CA,91000,2,2014,2000,14,48,48.97959183673469,329.59183673469386,0,0,325.20705532536704,311.72551094908647,339.27165124021514
CA,91000,2,2014,2000,16,7,7.142857142857143,34.69387755102041,0,0,34.76040474242902,30.629551928512292,39.448364790890665
CA,91000,2,2014,2000,20,6,6.122448979591836,12.244897959183673,0,0,12.741666307032965,11.163195596682314,14.54333204804091
CA,91000,2,2014,2000,24,9,9.183673469387756,33.673469387755105,0,0,34.33039313841421,30.49178568997574,38.652242443955565
CA,91000,2,2014,2000,28,13,13.26530612244898,21.42857142857143,0,0,22.090929225958924,20.587481142952928,23.704170057412348
CA,91000,2,2014,2000,54,9,9.183673469387756,35.714285714285715,0,0,36.283015299863855,32.26677956335888,40.79915061449395
CA,91000,2,2014,2000,63,5,5.1020408163265305,5.1020408163265305,0,0,5.102040816581632,5.102040816467547,5.102040816695718
CA,91000,2,2014,2000,64,1,1.0204081632653061,1.0204081632653061,0,0,1.0204081633163264,1.0204081632653061,1.020408163367347
CA,91000,2,2014,2000,83,83,84.6938775510204,1616.3265306122448,0,0,2032.5236437379626,1951.175341841893,2117.2635148484765
CA,91000,2,2014,2000,86,1,1.0204081632653061,1.0204081632653061,0,0,1.0204081633163264,1.0204081632653061,1.020408163367347
CA,91000,2,2014,2000,87,9,9.183673469387756,15.306122448979592,0,0,15.802890796981949,14.469207466657453,17.25950492567147
CA,91000,2,2014,3000,14,22,22.448979591836736,33.673469387755105,6.0606060606060606,2.0408163265306123,33.67346938887755,33.67346938856872,33.67346938918638
CA,91000,2,2014,3000,20,1,1.0204081632653061,1.0204081632653061,0,0,1.0204081633163264,1.0204081632653061,1.020408163367347
CA,91000,2,2014,3000,24,3,3.061224489795918,4.081632653061225,0,0,4.081632653214286,4.081632653112245,4.081632653316326
CA,91000,2,2014,3000,28,8,8.16326530612245,9.183673469387756,0,0,9.18367346979592,9.18367346964137,9.18367346995047
CA,91000,2,2014,3000,41,1,1.0204081632653061,1.0204081632653061,0,0,1.0204081633163264,1.0204081632653061,1.020408163367347
CA,91000,2,2014,3000,54,9,9.183673469387756,21.42857142857143,0,0,21.428571429030615,21.428571428793603,21.428571429267624
CA,91000,2,2014,3000,63,2,2.0408163265306123,3.061224489795918,0,0,3.0612244898979597,3.061224489812396,3.061224489983523
CA,91000,2,2014,3000,83,97,98.9795918367347,5217.34693877551,0.5671816937218854,29.591836734693878,9195.747546384786,8739.808030987708,9675.472577546454
CA,91000,2,2014,3000,87,6,6.122448979591836,6.122448979591836,0,0,6.1224489798979596,6.122448979772986,6.1224489800229325
CA,91000,2,2014,4000,14,6,6.122448979591836,7.142857142857143,57.142857142857146,4.081632653061225,7.1428571431632655,7.1428571430268795,7.1428571432996515
CA,91000,2,2014,4000,16,19,19.387755102040817,43.87755102040816,65.11627906976744,28.571428571428573,43.87755102137755,43.8775510210031,43.877551021752005
CA,91000,2,2014,4000,28,61,62.244897959183675,117.34693877551021,33.91304347826087,39.79591836734694,117.34693877862249,117.34693877806832,117.34693877917665
CA,91000,2,2014,4000,39,1,1.0204081632653061,3.061224489795918,0,0,3.2268139390279957,2.0408163266326524,5.10204081632653
CA,91000,2,2014,4000,54,7,7.142857142857143,27.551020408163264,18.51851851851852,5.1020408163265305,27.55102040852041,27.551020408218374,27.551020408822446
CA,91000,2,2014,4000,83,64,65.3061224489796,872.4489795918367,2.9239766081871346,25.510204081632654,1093.6785424946136,1074.263827004464,1113.4441319210239
CA,91000,2,2014,4000,86,3,3.061224489795918,3.061224489795918,33.333333333333336,1.0204081632653061,3.06122448994898,3.06122448986061,3.0612244900373504
CA,91000,2,2014,4000,87,11,11.224489795918368,11.224489795918368,72.72727272727273,8.16326530612245,11.224489796479594,11.22448979631038,11.22448979664881
CA,101000,2,2014,1000,7,73,74.48979591836735,4272.448979591837,0,0,8654.297335405183,8023.969297592828,9334.14119519003
CA,101000,2,2014,1000,9,4,4.081632653061225,4.081632653061225,0,0,4.081632653265306,4.081632653163266,4.081632653367347
CA,101000,2,2014,1000,14,20,20.408163265306122,43.87755102040816,0,0,44.94304895409069,42.07097164641616,48.01119561168625
CA,101000,2,2014,1000,16,71,72.44897959183673,2108.1632653061224,0,0,3635.175556554474,3442.699455388011,3838.4127043938497
CA,101000,2,2014,1000,27,4,4.081632653061225,10.204081632653061,0,0,10.700849980400315,8.775295227806748,13.048927395648775
CA,101000,2,2014,1000,28,6,6.122448979591836,6.122448979591836,0,0,6.1224489798979596,6.122448979772986,6.1224489800229325
CA,101000,2,2014,1000,31,8,8.16326530612245,12.244897959183673,0,0,12.57607685795395,11.597701401052163,13.636987508819342
CA,101000,2,2014,1000,39,2,2.0408163265306123,2.0408163265306123,0,0,2.040816326632653,2.040816326560499,2.0408163267048067
CA,101000,2,2014,1000,64,41,41.83673469387755,172.44897959183675,0,0,173.4633386055305,165.15590963021484,182.18863562041213
CA,101000,2,2014,1000,81,1,1.0204081632653061,1.0204081632653061,0,0,1.0204081633163264,1.0204081632653061,1.020408163367347
CA,101000,2,2014,1000,87,34,34.69387755102041,317.3469387755102,0,0,761.0646432503635,706.3663733194412,819.998534873434
CA,101000,2,2014,2000,6,1,1.0204081632653061,30.612244897959183,0,0,29.574238257599873,21.42857142867347,40.81632653061222
CA,101000,2,2014,2000,7,5,5.1020408163265305,138.77551020408163,0,0,359.13265591261927,278.2516805789696,463.5237576085277
CA,101000,2,2014,2000,14,5,5.1020408163265305,7.142857142857143,0,0,7.3084465922933015,6.668544855432296,8.009752164880803
CA,101000,2,2014,2000,16,25,25.510204081632654,48.97959183673469,0,0,50.04508977067231,47.46980864734484,52.76008228220943
CA,101000,2,2014,2000,31,3,3.061224489795918,3.061224489795918,0,0,3.06122448994898,3.06122448986061,3.0612244900373504
CA,101000,2,2014,2000,64,19,19.387755102040817,23.46938775510204,0,0,23.800566654433545,23.0026305103179,24.62618233240949
CA,101000,2,2014,2000,87,3,3.061224489795918,5.1020408163265305,0,0,5.267630265660649,4.521598014949637,6.136752653367648
CA,101000,2,2014,3000,7,7,7.142857142857143,15.306122448979592,0,0,15.306122449336733,15.306122449108644,15.306122449564823
CA,101000,2,2014,3000,16,49,50,80.61224489795919,12.658227848101266,10.204081632653061,80.61224490045917,80.61224490000738,80.61224490091095
CA,101000,2,2014,3000,31,12,12.244897959183673,30.612244897959183,3.3333333333333335,1.0204081632653061,30.612244898571433,30.612244898183988,30.612244898958878
CA,101000,2,2014,4000,16,55,56.12244897959184,266.3265306122449,30.268199233716476,80.61224489795919,266.3265306150511,266.3265306139585,266.3265306161437
CA,101000,2,2014,4000,28,11,11.224489795918368,12.244897959183673,41.666666666666664,5.1020408163265305,12.244897959744895,12.244897959566703,12.244897959923088
CA,101000,2,2014,4000,31,3,3.061224489795918,11.224489795918368,0,0,11.224489796071428,11.224489795960361,11.224489796182498
CA,101000,2,2014,4000,39,2,2.0408163265306123,2.0408163265306123,50,1.0204081632653061,2.040816326632653,2.040816326560499,2.0408163267048067
CA,171100,2,2014,1000,2,1,2,2,0,0,2.0000000001,2,2.0000000002
CA,171100,2,2014,1000,3,1,2,2,0,0,2.0000000001,2,2.0000000002
CA,171100,2,2014,1000,4,1,2,2,0,0,2.0000000001,2,2.0000000002
CA,171100,2,2014,1000,9,1,2,2,0,0,2.0000000001,2,2.0000000002
CA,171100,2,2014,1000,14,22,44,282,0,0,278.364661124272,261.895004921156,295.87003610915895
CA,171100,2,2014,1000,16,4,8,8,0,0,8.0000000004,8.0000000002,8.0000000006
CA,171100,2,2014,1000,20,13,26,82,0,0,83.25575401378164,75.53710138562101,91.76312632142881
CA,171100,2,2014,1000,24,24,48,268,0,0,268.8461285006383,249.11401002692574,290.14121205776206
CA,171100,2,2014,1000,39,2,4,8,0,0,8.324555320594872,6.620275176553866,10.467574147230092
CA,171100,2,2014,1000,63,22,44,172,0,0,173.88356319309617,161.55388585920966,187.15423270646042
CA,171100,2,2014,1000,64,1,2,2,0,0,2.0000000001,2,2.0000000002
CA,171100,2,2014,1000,77,7,14,36,0,0,36.14104402634851,32.71839973455147,39.92172826029468
CA,171100,2,2014,1000,78,15,30,550,0,0,981.5975027757939,868.2143470665645,1109.787762332154
CA,171100,2,2014,1000,79,1,2,202,0,0,635.6099432831429,202.0000000002001,1999.9999999999995
CA,171100,2,2014,1000,86,3,6,6,0,0,6.000000000300001,6.0000000001267955,6.000000000473206
CA,171100,2,2014,1000,87,24,48,174,0,0,174.0772752965754,164.5020811390307,184.20981403310566
CA,171100,2,2014,1000,89,49,98,9604,0,0,27789.052572519842,23865.74183258452,32357.319889546612
CA,171100,2,2014,2000,4,1,2,2,0,0,2.0000000001,2,2.0000000002
CA,171100,2,2014,2000,7,1,2,2,0,0,2.0000000001,2,2.0000000002
CA,171100,2,2014,2000,14,28,56,398,0,0,393.61996521469894,369.2587758237573,419.5883406426343
CA,171100,2,2014,2000,20,10,20,32,0,0,32.973665962184604,30.458226950026877,35.696846332178644
CA,171100,2,2014,2000,24,20,40,318,0.625,2,313.5236150119875,291.54984429408375,337.1535231246208
CA,171100,2,2014,2000,39,7,14,18,0,0,18.32455532109487,17.163630568072893,19.564003453936394
CA,171100,2,2014,2000,46,1,2,6,0,0,6.324555320494872,4.000000000199999,9.999999999999998
CA,171100,2,2014,2000,63,19,38,68,2.9411764705882355,2,68.79015466833826,65.43100883313788,72.32175483281422
CA,171100,2,2014,2000,77,9,18,34,0,0,35.29822128247949,31.881391236434,39.08124386626522
CA,171100,2,2014,2000,78,9,18,128,0,0,128.17044010320356,117.06023851540374,140.33511228569049
CA,171100,2,2014,2000,86,2,4,4,0,0,4.0000000002,4.000000000058578,4.000000000341421
CA,171100,2,2014,2000,87,10,20,40,0,0,41.62277660297436,37.5698968392691,46.11286369917043
CA,171100,2,2014,2000,89,20,40,160,2.5,4,163.84154584645293,149.0556025252881,180.09421779903303
CA,171100,2,2014,3000,14,28,56,304,3.289473684210526,10,304.0000000028,304.0000000011111,304.00000000448887
CA,171100,2,2014,3000,20,3,6,6,0,0,6.000000000300001,6.0000000001267955,6.000000000473206
CA,171100,2,2014,3000,24,29,58,384,1.5625,6,384.00000000290004,384.00000000100306,384.000000004797
CA,171100,2,2014,3000,39,3,6,8,0,0,8.0000000003,8.0000000001,8.0000000005
CA,171100,2,2014,3000,63,15,30,52,3.8461538461538463,2,52.000000001499984,52.000000000951516,52.00000000204846
CA,171100,2,2014,3000,77,8,16,36,5.555555555555555,2,36.00000000080001,36.00000000023705,36.00000000136297
CA,171100,2,2014,3000,78,1,2,2,0,0,2.0000000001,2,2.0000000002
CA,171100,2,2014,3000,86,2,4,6,0,0,6.000000000200001,6.000000000032296,6.000000000367705
CA,171100,2,2014,3000,87,1,2,2,0,0,2.0000000001,2,2.0000000002
CA,171100,2,2014,3000,89,40,80,372,2.150537634408602,8,372.000000004,372.00000000258325,372.0000000054168
CA,171100,2,2014,4000,14,5,10,34,76.47058823529412,26,34.00000000050001,33.9999999999816,34.00000000101842
CA,171100,2,2014,4000,24,28,56,278,20.14388489208633,56,278.00000000279994,278.00000000143746,278.0000000041624
CA,171100,2,2014,4000,31,1,2,2,0,0,2.0000000001,2,2.0000000002
CA,171100,2,2014,4000,39,1,2,2,100,2,2.0000000001,2,2.0000000002
CA,171100,2,2014,4000,63,15,30,66,54.54545454545455,36,66.0000000015,66.00000000086101,66.00000000213898
CA,171100,2,2014,4000,77,19,38,240,4.166666666666667,10,240.00000000190008,240.00000000011292,240.00000000368723
CA,171100,2,2014,4000,78,4,8,16,0,0,16.000000000399996,16.000000000101853,16.00000000069814
CA,171100,2,2014,4000,87,2,4,4,0,0,4.0000000002,4.000000000058578,4.000000000341421
CA,171100,2,2014,4000,89,45,90,636,5.9748427672955975,38,636.0000000045,636.000000002712,636.0000000062878
CA,171200,2,2014,1000,2,11,22,22,0,0,22.000000001100002,22.000000000768342,22.000000001431665
CA,171200,2,2014,1000,4,12,24,44,0,0,45.62277660317436,41.88956414902382,49.68869424323335
CA,171200,2,2014,1000,20,1,2,6,0,0,6.324555320494872,4.000000000199999,9.999999999999998
CA,171200,2,2014,1000,31,5,10,10,0,0,10.000000000499998,10.00000000027639,10.000000000723606
CA,171200,2,2014,1000,39,48,96,5152,0,0,12039.596077556647,10861.978834320327,13344.88640805638
CA,171200,2,2014,1000,41,2,4,8,0,0,8.324555320594872,6.620275176553866,10.467574147230092
CA,171200,2,2014,1000,63,43,86,960,0,0,948.8256593047793,894.5221814156525,1006.4257214174387
CA,171200,2,2014,1000,64,1,2,2,0,0,2.0000000001,2,2.0000000002
CA,171200,2,2014,1000,77,1,2,2,0,0,2.0000000001,2,2.0000000002
CA,171200,2,2014,1000,86,17,34,108,0,0,109.07224271943527,100.63151564472359,118.22095747666683
CA,171200,2,2014,1000,87,43,86,948,0,0,931.4171889229468,884.1701688448153,981.1889276411335
CA,171200,2,2014,1000,89,28,56,2360,0,0,6252.149561970585,5459.547913291102,7159.818865237374
CA,171200,2,2014,2000,2,2,4,4,0,0,4.0000000002,4.000000000058578,4.000000000341421
CA,171200,2,2014,2000,4,6,12,26,15.384615384615385,4,25.49193338545876,24.429545045448354,26.600522708045407
CA,171200,2,2014,2000,7,1,2,2,0,0,2.0000000001,2,2.0000000002
CA,171200,2,2014,2000,31,3,6,6,0,0,6.000000000300001,6.0000000001267955,6.000000000473206
CA,171200,2,2014,2000,39,32,64,540,0.37037037037037035,2,974.5842385243025,907.0052381548553,1047.1984041814653
CA,171200,2,2014,2000,63,38,76,518,0,0,515.8387344581777,484.3500394173565,549.3745810106752
CA,171200,2,2014,2000,77,1,2,16,0,0,15.491933384958765,12.000000000199996,20.000000000000004
CA,171200,2,2014,2000,86,10,20,28,14.285714285714286,4,28.649110641789743,26.85174639560163,30.56678431537527
CA,171200,2,2014,2000,87,6,12,12,0,0,12.0000000006,12.000000000355051,12.000000000844947
CA,171200,2,2014,2000,89,3,6,10,0,0,10.324555320694872,8.862332109301288,12.028035200600591
CA,171200,2,2014,3000,4,4,8,14,0,0,14.000000000400002,14.000000000131099,14.000000000668903
CA,171200,2,2014,3000,31,2,4,4,0,0,4.0000000002,4.000000000058578,4.000000000341421
CA,171200,2,2014,3000,39,19,38,208,3.8461538461538463,8,208.00000000190002,208.00000000013168,208.00000000366836
CA,171200,2,2014,3000,41,1,2,2,100,2,2.0000000001,2,2.0000000002
CA,171200,2,2014,3000,63,45,90,418,9.090909090909092,38,418.3245553248949,414.0871965189628,422.60527506978184
CA,171200,2,2014,3000,77,3,6,14,0,0,14.000000000299996,13.99999999996673,14.000000000633262
CA,171200,2,2014,3000,86,5,10,16,0,0,16.0000000005,16.00000000017751,16.000000000822485
CA,171200,2,2014,3000,89,22,44,76,5.2631578947368425,4,76.0000000022,76.00000000150541,76.0000000028946
CA,171200,2,2014,4000,31,2,4,4,0,0,4.0000000002,4.000000000058578,4.000000000341421
CA,171200,2,2014,4000,39,23,46,188,92.55319148936171,174,188.00000000229994,188.00000000119005,188.00000000340984
CA,171200,2,2014,4000,41,2,4,4,50,2,4.0000000002,4.000000000058578,4.000000000341421
CA,171200,2,2014,4000,57,2,4,4,0,0,4.0000000002,4.000000000058578,4.000000000341421
CA,171200,2,2014,4000,63,14,28,54,55.55555555555556,30,54.000000001400004,54.0000000008259,54.0000000019741
CA,171200,2,2014,4000,77,3,6,14,0,0,14.000000000299996,13.99999999996673,14.000000000633262
CA,171200,2,2014,4000,86,15,30,44,31.818181818181817,14,44.00000000149999,44.000000001027885,44.0000000019721
CA,171200,2,2014,4000,87,1,2,2,0,0,2.0000000001,2,2.0000000002
CA,171200,2,2014,4000,89,21,42,82,4.878048780487805,4,82.00000000210001,82.00000000140878,82.00000000279124
CA,111000,2,2015,1000,3,1,1.0204081632653061,1.0204081632653061,0,0,1.0204081633163264,1.0204081632653061,1.020408163367347
CA,111000,2,2015,1000,7,86,87.75510204081633,966.3265306122449,0,0,952.6814296722494,918.5653783570542,988.0645709352747
CA,111000,2,2015,1000,9,40,40.816326530612244,138.77551020408163,0,0,140.70838155518746,133.33328108016158,148.49142299271037
CA,111000,2,2015,1000,14,97,98.9795918367347,9150,0,0,25483.98166108146,23134.37084730918,28072.227491670626
CA,111000,2,2015,1000,15,79,80.61224489795919,36443.87755102041,0,0,114589.6075587397,101020.55601356535,129981.2501398501
CA,111000,2,2015,1000,16,71,72.44897959183673,3576.530612244898,0,0,7305.317363430192,6783.85322965894,7866.86562544009
CA,111000,2,2015,1000,24,26,26.53061224489796,129.59183673469389,0.7874015748031497,1.0204081632653061,129.7697513351453,121.25567737978741,138.88164847605398
CA,111000,2,2015,1000,27,5,5.1020408163265305,5.1020408163265305,0,0,5.102040816581632,5.102040816467547,5.102040816695718
CA,111000,2,2015,1000,28,24,24.489795918367346,43.87755102040816,0,0,44.61187005593265,42.52299267197372,46.803360366476376
CA,111000,2,2015,1000,39,1,1.0204081632653061,1.0204081632653061,0,0,1.0204081633163264,1.0204081632653061,1.020408163367347
CA,111000,2,2015,1000,44,2,2.0408163265306123,2.0408163265306123,0,0,2.040816326632653,2.040816326560499,2.0408163267048067
CA,111000,2,2015,1000,64,60,61.224489795918366,681.6326530612245,0,0,667.906363218587,640.3325380143773,696.6675649674121
CA,111000,2,2015,1000,87,74,75.51020408163265,526.530612244898,0,0,522.9350632436334,501.5048839559572,545.280991508028
CA,111000,2,2015,1000,89,1,1.0204081632653061,1.0204081632653061,0,0,1.0204081633163264,1.0204081632653061,1.020408163367347
CA,111000,2,2015,2000,3,2,2.0408163265306123,2.0408163265306123,0,0,2.040816326632653,2.040816326560499,2.0408163267048067
CA,111000,2,2015,2000,4,1,1.0204081632653061,3.061224489795918,0,0,3.2268139390279957,2.0408163266326524,5.10204081632653
CA,111000,2,2015,2000,7,82,83.6734693877551,584.6938775510204,0,0,579.4033289474861,558.6002933726047,600.9810978948061
CA,111000,2,2015,2000,9,37,37.755102040816325,78.57142857142857,0,0,80.20565609109741,76.62275551521164,83.95609405780611
CA,111000,2,2015,2000,14,92,93.87755102040816,5843.877551020409,0.01746114894360049,1.0204081632653061,13318.623117532727,12338.755066529466,14376.306263511124
CA,111000,2,2015,2000,16,65,66.3265306122449,1613.265306122449,0,0,2472.5316553650437,2345.314097675963,2606.6499121973275
CA,111000,2,2015,2000,24,40,40.816326530612244,303.0612244897959,0.3367003367003367,1.0204081632653061,299.3311640477986,283.84048934916365,315.6672466837195
CA,111000,2,2015,2000,27,7,7.142857142857143,7.142857142857143,0,0,7.142857143214285,7.142857143079298,7.142857143349272
CA,111000,2,2015,2000,28,43,43.87755102040816,80.61224489795919,0,0,83.59285498541207,79.89830595268343,87.45824234058674
CA,111000,2,2015,2000,39,2,2.0408163265306123,4.081632653061225,0,0,4.247222102344322,3.377691416609115,5.340599054709231
CA,111000,2,2015,2000,41,1,1.0204081632653061,1.0204081632653061,0,0,1.0204081633163264,1.0204081632653061,1.020408163367347
CA,111000,2,2015,2000,44,2,2.0408163265306123,2.0408163265306123,0,0,2.040816326632653,2.040816326560499,2.0408163267048067
CA,111000,2,2015,2000,64,70,71.42857142857143,492.8571428571429,0,0,489.1490012382683,470.33375511236557,508.7169330537059
CA,111000,2,2015,2000,69,10,10.204081632653061,12.244897959183673,0,0,12.410487408874936,11.854734662346749,12.992293974747945
CA,111000,2,2015,2000,87,60,61.224489795918366,167.3469387755102,0,0,171.61972939020086,164.3122761649361,179.25216668778063
CA,111000,2,2015,2000,89,1,1.0204081632653061,1.0204081632653061,0,0,1.0204081633163264,1.0204081632653061,1.020408163367347
CA,111000,2,2015,3000,4,1,1.0204081632653061,1.0204081632653061,0,0,1.0204081633163264,1.0204081632653061,1.020408163367347
CA,111000,2,2015,3000,7,43,43.87755102040816,104.08163265306122,0,0,104.08163265525513,104.08163265465915,104.08163265585112
CA,111000,2,2015,3000,9,13,13.26530612244898,14.285714285714286,0,0,14.285714286377548,14.28571428618524,14.28571428656986
CA,111000,2,2015,3000,14,81,82.65306122448979,1384.6938775510205,0.2210759027266028,3.061224489795918,1384.693877555153,1384.6938775529923,1384.693877557314
CA,111000,2,2015,3000,16,50,51.02040816326531,355.10204081632656,0,0,355.10204081887747,355.1020408174693,355.10204082028577
CA,111000,2,2015,3000,24,38,38.775510204081634,253.06122448979593,0,0,253.06122449173458,253.06122449061615,253.061224492853
CA,111000,2,2015,3000,27,3,3.061224489795918,3.061224489795918,0,0,3.06122448994898,3.06122448986061,3.0612244900373504
CA,111000,2,2015,3000,28,24,24.489795918367346,34.69387755102041,0,0,34.6938775522449,34.69387755194062,34.693877552549175
CA,111000,2,2015,3000,31,4,4.081632653061225,5.1020408163265305,0,0,5.102040816530612,5.10204081641564,5.102040816645585
CA,111000,2,2015,3000,39,2,2.0408163265306123,4.081632653061225,0,0,4.081632653163266,4.081632653055705,4.081632653270826
CA,111000,2,2015,3000,41,1,1.0204081632653061,1.0204081632653061,0,0,1.0204081633163264,1.0204081632653061,1.020408163367347
CA,111000,2,2015,3000,64,25,25.510204081632654,36.734693877551024,0,0,36.73469387882654,36.73469387849787,36.7346938791552
CA,111000,2,2015,3000,69,14,14.285714285714286,18.367346938775512,0,0,18.367346939489796,18.367346939272228,18.367346939707357
CA,111000,2,2015,3000,81,1,1.0204081632653061,1.0204081632653061,0,0,1.0204081633163264,1.0204081632653061,1.020408163367347
CA,111000,2,2015,3000,87,2,2.0408163265306123,3.061224489795918,0,0,3.0612244898979597,3.061224489812396,3.061224489983523
CA,111000,2,2015,4000,14,1,1.0204081632653061,1.0204081632653061,100,1.0204081632653061,1.0204081633163264,1.0204081632653061,1.020408163367347
CA,111000,2,2015,4000,16,30,30.612244897959183,50,42.857142857142854,21.42857142857143,50.00000000153061,50.00000000114265,50.000000001918565
CA,111000,2,2015,4000,28,9,9.183673469387756,10.204081632653061,10,1.0204081632653061,10.204081633112247,10.204081632949421,10.204081633275074
CA,111000,2,2015,4000,31,1,1.0204081632653061,1.0204081632653061,0,0,1.0204081633163264,1.0204081632653061,1.020408163367347
CA,111000,2,2015,4000,64,2,2.0408163265306123,2.0408163265306123,0,0,2.040816326632653,2.040816326560499,2.0408163267048067
CA,111000,2,2015,4000,69,9,9.183673469387756,12.244897959183673,0,0,12.24489795964286,12.244897959449698,12.244897959836022
CA,121000,2,2016,1000,4,1,1.0204081632653061,1.0204081632653061,0,0,1.0204081633163264,1.0204081632653061,1.020408163367347
CA,121000,2,2016,1000,5,1,1.0204081632653061,1.0204081632653061,0,0,1.0204081633163264,1.0204081632653061,1.020408163367347
CA,121000,2,2016,1000,7,17,17.346938775510203,19.387755102040817,0,0,19.553344552089225,19.03342456473748,20.08746675472432
CA,121000,2,2016,1000,9,8,8.16326530612245,12.244897959183673,0,0,12.57607685795395,11.597701401052163,13.636987508819342
CA,121000,2,2016,1000,14,25,25.510204081632654,61.224489795918366,0,0,63.28352442494234,59.044958650789134,67.82635732422094
CA,121000,2,2016,1000,16,98,100,10100,0,0,31780.497164157157,28305.532011465926,35682.070896666875
CA,121000,2,2016,1000,24,8,8.16326530612245,18.367346938775512,27.77777777777778,5.1020408163265305,19.195294185088958,16.88810675278052,21.817680587046585
CA,121000,2,2016,1000,27,1,1.0204081632653061,1.0204081632653061,0,0,1.0204081633163264,1.0204081632653061,1.020408163367347
CA,121000,2,2016,1000,28,25,25.510204081632654,39.79591836734694,0,0,40.95504451288985,39.01668759796343,42.98969939058434
CA,121000,2,2016,1000,39,4,4.081632653061225,6.122448979591836,0,0,6.288038428976975,5.60754395005542,7.051113221127844
CA,121000,2,2016,1000,81,15,15.306122448979592,233.67346938775512,0,0,228.0368928904042,209.75473609049902,247.91251672464662
CA,121000,2,2016,1000,87,96,97.95918367346938,4745.918367346939,0,0,10679.543888716133,9985.909855547314,11421.358626390587
CA,121000,2,2016,2000,4,1,1.0204081632653061,1.0204081632653061,0,0,1.0204081633163264,1.0204081632653061,1.020408163367347
CA,121000,2,2016,2000,5,2,2.0408163265306123,4.081632653061225,0,0,4.247222102344322,3.377691416609115,5.340599054709231
CA,121000,2,2016,2000,7,28,28.571428571428573,36.734693877551024,5.555555555555555,2.0408163265306123,37.39705167570382,36.19305320922707,38.64110236708955
CA,121000,2,2016,2000,9,19,19.387755102040817,23.46938775510204,4.3478260869565215,1.0204081632653061,23.800566654433545,23.0026305103179,24.62618233240949
CA,121000,2,2016,2000,14,5,5.1020408163265305,7.142857142857143,0,0,7.3084465922933015,6.668544855432296,8.009752164880803
CA,121000,2,2016,2000,16,98,100,9858.163265306122,0,0,29981.07915064426,26811.167557266126,33525.77261386714
CA,121000,2,2016,2000,24,22,22.448979591836736,50,10.204081632653061,5.1020408163265305,51.39667683214667,48.07220825511133,54.95105145512532
CA,121000,2,2016,2000,27,5,5.1020408163265305,7.142857142857143,0,0,7.3084465922933015,6.668544855432296,8.009752164880803
CA,121000,2,2016,2000,28,57,58.16326530612245,96.93877551020408,4.2105263157894735,4.081632653061225,100.08497504755238,96.63918722850173,103.65362662440599
CA,121000,2,2016,2000,31,3,3.061224489795918,3.061224489795918,0,0,3.06122448994898,3.06122448986061,3.0612244900373504
CA,121000,2,2016,2000,39,4,4.081632653061225,4.081632653061225,0,0,4.081632653265306,4.081632653163266,4.081632653367347
CA,121000,2,2016,2000,42,1,1.0204081632653061,1.0204081632653061,100,1.0204081632653061,1.0204081633163264,1.0204081632653061,1.020408163367347
CA,121000,2,2016,2000,65,1,1.0204081632653061,1.0204081632653061,0,0,1.0204081633163264,1.0204081632653061,1.020408163367347
CA,121000,2,2016,2000,69,4,4.081632653061225,6.122448979591836,0,0,6.288038428976975,5.60754395005542,7.051113221127844
CA,121000,2,2016,2000,81,6,6.122448979591836,10.204081632653061,10,1.0204081632653061,10.535260531321295,9.456873945224446,11.73661773496147
CA,121000,2,2016,2000,87,85,86.73469387755102,900,0,0,889.4641842141735,855.6840439819003,924.5778749340798
CA,121000,2,2016,3000,5,1,1.0204081632653061,1.0204081632653061,0,0,1.0204081633163264,1.0204081632653061,1.020408163367347
CA,121000,2,2016,3000,7,48,48.97959183673469,72.44897959183673,18.309859154929576,13.26530612244898,72.44897959428575,72.44897959383081,72.44897959474068
CA,121000,2,2016,3000,9,2,2.0408163265306123,2.0408163265306123,0,0,2.040816326632653,2.040816326560499,2.0408163267048067
CA,121000,2,2016,3000,14,2,2.0408163265306123,2.0408163265306123,0,0,2.040816326632653,2.040816326560499,2.0408163267048067
CA,121000,2,2016,3000,16,95,96.93877551020408,5898.9795918367345,28.783947413942226,1697.9591836734694,5898.979591841583,5898.979591836825,5898.979591846341
CA,121000,2,2016,3000,24,20,20.408163265306122,45.91836734693878,68.88888888888889,31.63265306122449,45.91836734795918,45.918367347610726,45.91836734830764
CA,121000,2,2016,3000,27,10,10.204081632653061,12.244897959183673,33.333333333333336,4.081632653061225,12.244897959693878,12.24489795951538,12.244897959872375
CA,121000,2,2016,3000,28,35,35.714285714285715,54.08163265306123,20.754716981132077,11.224489795918368,54.08163265484695,54.0816326544689,54.081632655225
CA,121000,2,2016,3000,31,1,1.0204081632653061,1.0204081632653061,0,0,1.0204081633163264,1.0204081632653061,1.020408163367347
CA,121000,2,2016,3000,39,2,2.0408163265306123,4.081632653061225,50,2.0408163265306123,4.081632653163266,4.081632653091112,4.081632653235419
CA,121000,2,2016,3000,69,8,8.16326530612245,9.183673469387756,11.11111111111111,1.0204081632653061,9.18367346979592,9.18367346964137,9.18367346995047
CA,121000,2,2016,3000,81,7,7.142857142857143,10.204081632653061,10,1.0204081632653061,10.204081633010201,10.204081632830741,10.204081633189665
CA,121000,2,2016,3000,87,1,1.0204081632653061,1.0204081632653061,100,1.0204081632653061,1.0204081633163264,1.0204081632653061,1.020408163367347
CA,121000,2,2016,4000,4,1,1.0204081632653061,1.0204081632653061,0,0,1.0204081633163264,1.0204081632653061,1.020408163367347
CA,121000,2,2016,4000,7,8,8.16326530612245,8.16326530612245,12.5,1.0204081632653061,8.16326530653061,8.163265306386302,8.16326530667492
CA,121000,2,2016,4000,16,26,26.53061224489796,626.530612244898,22.964169381107492,143.87755102040816,626.5306122462246,626.5306122419869,626.530612250462
CA,121000,2,2016,4000,27,1,1.0204081632653061,4.081632653061225,100,4.081632653061225,4.081632653112245,4.081632653061225,4.081632653163266
CA,121000,2,2016,4000,28,48,48.97959183673469,89.79591836734694,18.181818181818183,16.3265306122449,89.79591836979591,89.79591836929873,89.79591837029311
CA,131000,2,2016,1000,3,16,47.05882352941177,2655.882352941176,11.074197120708748,294.11764705882354,7751.688025273681,6287.202985656348,9557.297160320411
CA,131000,2,2016,1000,4,1,2.9411764705882355,2.941176470588235,0,0,2.941176470735294,2.941176470588235,2.9411764708823527
CA,131000,2,2016,1000,9,1,2.9411764705882355,2.941176470588235,0,0,2.941176470735294,2.941176470588235,2.9411764708823527
CA,131000,2,2016,1000,14,6,17.647058823529413,1005.8823529411764,0,0,2915.1283385579154,2079.194099653651,4087.1476268997744
CA,131000,2,2016,1000,16,3,8.823529411764707,114.70588235294117,0,0,110.9668240734625,96.75530639794741,127.2657438994168
CA,131000,2,2016,1000,28,1,2.9411764705882355,2.941176470588235,0,0,2.941176470735294,2.941176470588235,2.9411764708823527
CA,131000,2,2016,1000,39,5,14.705882352941176,120.58823529411764,48.78048780487805,58.8235294117647,116.84917701493312,107.62536556073876,126.86349633220658
CA,131000,2,2016,1000,41,2,5.882352941176471,5.88235294117647,0,0,5.882352941470588,5.8823529412626145,5.88235294167856
CA,131000,2,2016,1000,64,7,20.58823529411765,44.11764705882353,0,0,46.02679600335217,40.379614770239684,52.463748413358644
CA,131000,2,2016,1000,69,1,2.9411764705882355,8.823529411764705,0,0,9.300816647786576,5.882352941470587,14.705882352941172
CA,131000,2,2016,1000,87,4,11.764705882352942,29.41176470588235,0,0,30.843626414095024,25.293498009560626,37.611614258046465
CA,131000,2,2016,2000,3,16,47.05882352941177,1532.3529411764705,12.307692307692308,188.23529411764704,2790.201876473222,2465.339737330144,3157.8716692027815
CA,131000,2,2016,2000,4,1,2.9411764705882355,2.941176470588235,0,0,2.941176470735294,2.941176470588235,2.9411764708823527
CA,131000,2,2016,2000,16,1,2.9411764705882355,23.52941176470588,0,0,22.782254977880534,17.647058823823524,29.411764705882355
CA,131000,2,2016,2000,28,6,17.647058823529413,29.41176470588235,20,5.88235294117647,30.36633917851432,27.25804843035281,33.82907464783012
CA,131000,2,2016,2000,39,6,17.647058823529413,55.882352941176464,0,0,56.56705786271085,49.22933274339044,64.99848478390942
CA,131000,2,2016,2000,41,2,5.882352941176471,11.76470588235294,0,0,12.241993118521869,9.735698789049803,15.393491392985428
CA,131000,2,2016,2000,54,2,5.882352941176471,97.05882352941175,0,0,94.54420927263325,71.45190882038871,125.09963210999413
CA,131000,2,2016,2000,64,5,14.705882352941176,32.35294117647059,36.36363636363637,11.76470588235294,33.78480288483032,28.826781619654657,39.59557195898004
CA,131000,2,2016,2000,69,1,2.9411764705882355,2.941176470588235,0,0,2.941176470735294,2.941176470588235,2.9411764708823527
CA,131000,2,2016,2000,87,1,2.9411764705882355,2.941176470588235,0,0,2.941176470735294,2.941176470588235,2.9411764708823527
CA,131000,2,2016,3000,3,16,47.05882352941177,2114.705882352941,79.83310152990265,1688.2352941176468,2114.705882355293,2114.705882344664,2114.705882365922
CA,131000,2,2016,3000,4,6,17.647058823529413,35.29411764705882,0,0,35.29411764794117,35.29411764744792,35.29411764843443
CA,131000,2,2016,3000,14,1,2.9411764705882355,2.941176470588235,100,2.941176470588235,2.941176470735294,2.941176470588235,2.9411764708823527
CA,131000,2,2016,3000,16,2,5.882352941176471,11.76470588235294,0,0,11.764705882647059,11.764705882337031,11.764705882957085
CA,131000,2,2016,3000,28,11,32.35294117647059,41.17647058823529,35.714285714285715,14.705882352941176,41.17647058985293,41.17647058928029,41.17647059042558
CA,131000,2,2016,3000,31,1,2.9411764705882355,32.35294117647059,0,0,32.352941176617655,32.352941176470594,32.35294117676472
CA,131000,2,2016,3000,39,16,47.05882352941177,138.23529411764704,25.53191489361702,35.29411764705882,138.23529412,138.23529411884553,138.23529412115448
CA,131000,2,2016,3000,41,2,5.882352941176471,8.823529411764705,0,0,8.823529412058825,8.8235294118122,8.823529412305447
CA,131000,2,2016,3000,54,4,11.764705882352942,185.2941176470588,1.5873015873015872,2.941176470588235,185.29411764764697,185.29411764663337,185.29411764866057
CA,131000,2,2016,3000,59,2,5.882352941176471,11.76470588235294,0,0,11.764705882647059,11.764705882439086,11.764705882855031
CA,131000,2,2016,3000,63,2,5.882352941176471,5.88235294117647,0,0,5.882352941470588,5.8823529412626145,5.88235294167856
CA,131000,2,2016,3000,64,7,20.58823529411765,76.47058823529412,11.538461538461538,8.823529411764705,76.47058823632351,76.47058823529191,76.4705882373551
CA,131000,2,2016,3000,69,4,11.764705882352942,38.23529411764706,7.6923076923076925,2.941176470588235,38.23529411823529,38.23529411764689,38.235294118823695
CA,131000,2,2016,3000,83,1,2.9411764705882355,8.823529411764705,0,0,8.823529411911766,8.823529411764707,8.823529412058825
CA,131000,2,2016,3000,87,1,2.9411764705882355,2.941176470588235,0,0,2.941176470735294,2.941176470588235,2.9411764708823527
CA,131000,2,2016,4000,3,11,32.35294117647059,238.23529411764704,54.32098765432099,129.41176470588235,238.23529411926478,238.23529411694847,238.23529412158112
CA,131000,2,2016,4000,4,5,14.705882352941176,17.64705882352941,0,0,17.647058824264704,17.647058823900903,17.64705882462851
CA,131000,2,2016,4000,14,1,2.9411764705882355,2.941176470588235,0,0,2.941176470735294,2.941176470588235,2.9411764708823527
CA,131000,2,2016,4000,16,1,2.9411764705882355,2.941176470588235,0,0,2.941176470735294,2.941176470588235,2.9411764708823527
CA,131000,2,2016,4000,28,14,41.1764705882353,61.764705882352935,23.80952380952381,14.705882352941176,61.76470588441177,61.764705883736845,61.76470588508668
CA,131000,2,2016,4000,31,1,2.9411764705882355,14.705882352941176,0,0,14.705882353088231,14.705882352941172,14.70588235323529
CA,131000,2,2016,4000,39,21,61.76470588235294,217.6470588235294,27.027027027027028,58.8235294117647,217.64705882661764,217.64705882546568,217.64705882776954
CA,131000,2,2016,4000,54,5,14.705882352941176,167.6470588235294,7.017543859649122,11.76470588235294,167.6470588242647,167.64705882335087,167.64705882517848
CA,131000,2,2016,4000,59,1,2.9411764705882355,2.941176470588235,0,0,2.941176470735294,2.941176470588235,2.9411764708823527
CA,131000,2,2016,4000,63,3,8.823529411764707,8.823529411764705,0,0,8.823529412205882,8.823529411951169,8.823529412460596
CA,131000,2,2016,4000,64,4,11.764705882352942,73.52941176470588,20,14.705882352941176,73.52941176529413,73.52941176425635,73.52941176633188
CA,131000,2,2016,4000,69,5,14.705882352941176,32.35294117647059,0,0,32.352941177205885,32.35294117686485,32.35294117754691
CA,141100,2,2017,1000,14,2,4,4,0,0,4.0000000002,4.000000000058578,4.000000000341421
CA,141100,2,2017,1000,20,9,18,164,0,0,160.7211686369298,142.94793981363014,180.70420659226178
CA,141100,2,2017,1000,39,3,6,14,0,0,14.649110641089743,11.803638481788429,18.18053330809689
CA,141100,2,2017,1000,63,1,2,2,0,0,2.0000000001,2,2.0000000002
CA,141100,2,2017,1000,71,1,2,6,0,0,6.324555320494872,4.000000000199999,9.999999999999998
CA,141100,2,2017,1000,77,1,2,2,0,0,2.0000000001,2,2.0000000002
CA,141100,2,2017,1000,87,2,4,4,0,0,4.0000000002,4.000000000058578,4.000000000341421
CA,141100,2,2017,1000,89,45,90,6954,0,0,17314.106075329022,15233.623674786519,19678.72356489379
CA,141100,2,2017,2000,14,6,12,20,0,0,20.64911064138974,18.535472932639912,23.003770760524482
CA,141100,2,2017,2000,20,17,34,224,0,0,221.68418386772666,203.81422120239708,241.12094380449474
CA,141100,2,2017,2000,39,5,10,22,0,0,22.97366596168462,19.60221150136517,26.924988932106427
CA,141100,2,2017,2000,71,3,6,92,0,0,88.94937375481327,75.69628483077345,104.52284559356518
CA,141100,2,2017,2000,86,1,2,2,0,0,2.0000000001,2,2.0000000002
CA,141100,2,2017,2000,87,2,4,4,0,0,4.0000000002,4.000000000058578,4.000000000341421
CA,141100,2,2017,2000,89,3,6,10,0,0,10.324555320694872,8.862332109301288,12.028035200600591
CA,141100,2,2017,3000,14,14,28,64,0,0,64.0000000014,64.00000000082352,64.00000000197647
CA,141100,2,2017,3000,20,13,26,142,0,0,142.00000000130007,141.99999999994816,142.00000000265194
CA,141100,2,2017,3000,28,4,8,10,0,0,10.000000000399998,10.000000000174653,10.000000000625345
CA,141100,2,2017,3000,39,6,12,30,0,0,30.0000000006,30.000000000193886,30.000000001006114
CA,141100,2,2017,3000,71,5,10,152,0,0,152.00000000050005,152.00000000004158,152.00000000095852
CA,141100,2,2017,3000,77,2,4,6,0,0,6.000000000200001,6.000000000032296,6.000000000367705
CA,141100,2,2017,3000,87,4,8,10,0,0,10.000000000399998,10.000000000174653,10.000000000625345
CA,141100,2,2017,3000,89,2,4,6,0,0,6.000000000200001,6.000000000032296,6.000000000367705
CA,141100,2,2017,4000,14,10,20,34,0,0,34.000000001,34.00000000058455,34.000000001415444
CA,141100,2,2017,4000,28,5,10,12,0,0,12.0000000005,12.000000000252614,12.000000000747386
CA,141100,2,2017,4000,39,11,22,52,0,0,52.0000000011,52.00000000053305,52.00000000166695
CA,141100,2,2017,4000,63,1,2,2,0,0,2.0000000001,2,2.0000000002
CA,141100,2,2017,4000,71,3,6,84,0,0,84.0000000003,83.99999999958463,84.00000000101537
CA,141100,2,2017,4000,77,6,12,20,0,0,20.000000000600004,20.00000000028329,20.00000000091672
CA,141100,2,2017,4000,86,2,4,6,0,0,6.000000000200001,6.000000000032296,6.000000000367705
CA,141100,2,2017,4000,89,3,6,206,0,0,639.6099432833428,436.48444252934735,937.2633699754714
CA,141100,2,2017,,,3,6,0,,0,0,0,0
CA,141200,2,2017,1000,3,4,8,8,0,0,8.0000000004,8.0000000002,8.0000000006
CA,141200,2,2017,1000,4,2,4,4,0,0,4.0000000002,4.000000000058578,4.000000000341421
CA,141200,2,2017,1000,31,2,4,8,0,0,8.324555320594872,6.620275176553866,10.467574147230092
CA,141200,2,2017,1000,39,26,52,126,0,0,130.3602631933818,121.67489959069248,139.6656029880769
CA,141200,2,2017,1000,63,23,46,458,0,0,450.7506237088193,418.0420334583473,486.0184108594755
CA,141200,2,2017,1000,77,1,2,2,0,0,2.0000000001,2,2.0000000002
CA,141200,2,2017,1000,86,7,14,36,0,0,36.14104402634851,32.71839973455147,39.92172826029468
CA,141200,2,2017,1000,87,50,100,17780,0,0,54129.1846823714,46839.36777252129,62553.54787468249
CA,141200,2,2017,1000,89,12,24,128,0,0,127.9362312697269,116.093655233406,140.986854437427
CA,141200,2,2017,2000,3,1,2,2,0,0,2.0000000001,2,2.0000000002
CA,141200,2,2017,2000,4,2,4,4,0,0,4.0000000002,4.000000000058578,4.000000000341421
CA,141200,2,2017,2000,26,2,4,12,0,0,12.649110640989742,9.148859371242741,17.488518897877235
CA,141200,2,2017,2000,31,2,4,4,0,0,4.0000000002,4.000000000058578,4.000000000341421
CA,141200,2,2017,2000,39,30,60,172,0,0,178.48045567970976,166.29951714029988,191.55361126371693
CA,141200,2,2017,2000,57,1,2,2,0,0,2.0000000001,2,2.0000000002
CA,141200,2,2017,2000,63,26,52,118,0,0,119.10405925824553,113.779543308814,124.67774539478883
CA,141200,2,2017,2000,86,15,30,56,0,0,56.46559934754338,53.41313704867859,59.69250423863973
CA,141200,2,2017,2000,87,47,94,5234,0,0,12566.87543021115,11306.484679418796,13967.768281322504
CA,141200,2,2017,2000,89,1,2,2,0,0,2.0000000001,2,2.0000000002
CA,141200,2,2017,3000,4,14,28,32,0,0,32.0000000014,32.00000000099594,32.000000001804054
CA,141200,2,2017,3000,26,1,2,2,0,0,2.0000000001,2,2.0000000002
CA,141200,2,2017,3000,31,3,6,6,0,0,6.000000000300001,6.0000000001267955,6.000000000473206
CA,141200,2,2017,3000,39,37,74,522,0.7662835249042146,4,522.0000000036999,522.0000000020615,522.0000000053384
CA,141200,2,2017,3000,57,5,10,10,0,0,10.000000000499998,10.00000000027639,10.000000000723606
CA,141200,2,2017,3000,63,29,58,182,0,0,182.0000000029001,182.0000000016722,182.00000000412797
CA,141200,2,2017,3000,77,4,8,10,0,0,10.000000000399998,10.000000000174653,10.000000000625345
CA,141200,2,2017,3000,82,1,2,2,0,0,2.0000000001,2,2.0000000002
CA,141200,2,2017,3000,86,22,44,112,0,0,112.00000000219995,112.00000000124389,112.00000000315602
CA,141200,2,2017,3000,87,39,78,450,0,0,450.0000000039001,450.0000000017558,450.0000000060444
CA,141200,2,2017,3000,89,7,14,14,0,0,14.000000000699998,14.000000000435424,14.000000000964574
CA,141200,2,2017,4000,4,9,18,42,4.761904761904762,2,42.0000000009,42.00000000034892,42.000000001451085
CA,141200,2,2017,4000,31,2,4,4,0,0,4.0000000002,4.000000000058578,4.000000000341421
CA,141200,2,2017,4000,39,33,66,252,6.349206349206349,16,252.00000000330002,252.00000000215786,252.00000000444217
CA,141200,2,2017,4000,57,1,2,2,100,2,2.0000000001,2,2.0000000002
CA,141200,2,2017,4000,63,22,44,62,6.451612903225806,4,62.00000000220001,62.00000000161608,62.00000000278394
CA,141200,2,2017,4000,77,4,8,10,0,0,10.000000000399998,10.000000000174653,10.000000000625345
CA,141200,2,2017,4000,82,1,2,2,0,0,2.0000000001,2,2.0000000002
CA,141200,2,2017,4000,86,15,30,44,4.545454545454546,2,44.00000000149999,44.000000001012175,44.00000000198781
CA,141200,2,2017,4000,89,10,20,30,0,0,30.000000001,30.000000000607088,30.000000001392912
CA,151000,2,2018,1000,7,1,0.9523809523809523,0.9523809523809523,0,0,0.9523809524285713,0.9523809523809523,0.9523809524761905
CA,151000,2,2018,1000,9,11,10.476190476190476,14.285714285714285,0,0,14.440264438807084,13.851186093888732,15.054395749882955
CA,151000,2,2018,1000,13,12,11.428571428571429,18.095238095238095,0,0,18.558888553516486,17.371331874228378,19.827630191835517
CA,151000,2,2018,1000,14,43,40.95238095238095,865.7142857142857,0,0,1266.4185220374843,1196.947381326515,1339.9217860205179
CA,151000,2,2018,1000,16,49,46.666666666666664,2735.238095238095,0,0,8093.748878075881,7311.931323662414,8959.161130159855
CA,151000,2,2018,1000,20,26,24.761904761904763,53.33333333333333,0,0,54.482348224291734,51.63030579602965,57.49193661102131
CA,151000,2,2018,1000,23,1,0.9523809523809523,0.9523809523809523,0,0,0.9523809524285713,0.9523809523809523,0.9523809524761905
CA,151000,2,2018,1000,27,3,2.857142857142857,2.857142857142857,0,0,2.8571428572857145,2.857142857203236,2.8571428573681934
CA,151000,2,2018,1000,28,30,28.571428571428573,45.714285714285715,0,0,46.95068693626618,44.965857404259104,49.023128458759935
CA,151000,2,2018,1000,31,4,3.8095238095238093,7.619047619047619,0,0,7.928147924376068,6.742566291185656,9.322196741759528
CA,151000,2,2018,1000,41,1,0.9523809523809523,0.9523809523809523,0,0,0.9523809524285713,0.9523809523809523,0.9523809524761905
CA,151000,2,2018,1000,44,16,15.238095238095237,28.57142857142857,0,0,29.65327964017338,27.48977348477026,31.987058529437352
CA,151000,2,2018,1000,54,15,14.285714285714286,29.523809523809522,0,0,30.29656028736874,28.296493868978864,32.437996364363435
CA,151000,2,2018,1000,61,41,39.04761904761905,120.95238095238095,0,0,122.36497935424708,116.40327949819199,128.63201309201844
CA,151000,2,2018,1000,81,3,2.857142857142857,2.857142857142857,0,0,2.8571428572857145,2.857142857203236,2.8571428573681934
CA,151000,2,2018,1000,87,4,3.8095238095238093,3.8095238095238093,0,0,3.8095238097142854,3.8095238096190474,3.809523809809524
CA,151000,2,2018,1000,89,2,1.9047619047619047,17.142857142857142,0,0,17.13778536619636,13.036683762790181,22.529018314927207
CA,151000,2,2018,1000,111,1,0.9523809523809523,2.857142857142857,0,0,3.0116930097594627,1.9047619048571423,4.761904761904761
CA,151000,2,2018,2000,4,1,0.9523809523809523,2.857142857142857,0,0,3.0116930097594627,1.9047619048571423,4.761904761904761
CA,151000,2,2018,2000,7,3,2.857142857142857,2.857142857142857,0,0,2.8571428572857145,2.857142857203236,2.8571428573681934
CA,151000,2,2018,2000,9,22,20.952380952380953,30.476190476190474,0,0,30.785290782376073,29.891863043865747,31.70542187901326
CA,151000,2,2018,2000,13,10,9.523809523809524,13.333333333333332,0,0,13.642433638947496,12.786545902667442,14.555611578750128
CA,151000,2,2018,2000,14,16,15.238095238095237,66.66666666666666,0,0,66.66159489067257,64.42096913142329,68.98015185556343
CA,151000,2,2018,2000,16,47,44.76190476190476,701.9047619047619,0,0,1316.1615785336983,1239.6685980139875,1397.3745108842154
CA,151000,2,2018,2000,20,43,40.95238095238095,93.33333333333333,0,0,94.54951204683864,91.17692068588205,98.04685397408367
CA,151000,2,2018,2000,23,3,2.857142857142857,2.857142857142857,0,0,2.8571428572857145,2.857142857203236,2.8571428573681934
CA,151000,2,2018,2000,28,45,42.857142857142854,99.04761904761904,0,0,100.50573424462019,97.12263851854846,104.00667414035559
CA,151000,2,2018,2000,31,5,4.761904761904762,6.666666666666666,0,0,6.821216819473747,6.223975198403476,7.475768687222082
CA,151000,2,2018,2000,39,2,1.9047619047619047,1.9047619047619047,0,0,1.9047619048571427,1.904761904789799,1.9047619049244862
CA,151000,2,2018,2000,41,3,2.857142857142857,2.857142857142857,0,0,2.8571428572857145,2.857142857203236,2.8571428573681934
CA,151000,2,2018,2000,44,17,16.19047619047619,32.38095238095238,0,0,32.911766661206244,30.929924305194135,35.020596043934866
CA,151000,2,2018,2000,54,42,40,130.47619047619048,0,0,132.07871227210566,126.58612363194032,137.8096250595353
CA,151000,2,2018,2000,61,52,49.523809523809526,132.38095238095238,0,0,135.68352585560268,129.70470999037803,141.9379387993984
CA,151000,2,2018,2000,69,1,0.9523809523809523,0.9523809523809523,0,0,0.9523809524285713,0.9523809523809523,0.9523809524761905
CA,151000,2,2018,2000,81,4,3.8095238095238093,3.8095238095238093,0,0,3.8095238097142854,3.8095238096190474,3.809523809809524
CA,151000,2,2018,2000,87,5,4.761904761904762,6.666666666666666,0,0,6.821216819473747,6.223975198403476,7.475768687222082
CA,151000,2,2018,2000,109,1,0.9523809523809523,0.9523809523809523,0,0,0.9523809524285713,0.9523809523809523,0.9523809524761905
CA,151000,2,2018,3000,4,3,2.857142857142857,3.8095238095238093,0,0,3.8095238096666666,3.8095238095714286,3.8095238097619046
CA,151000,2,2018,3000,7,10,9.523809523809524,9.523809523809524,0,0,9.523809524285715,9.523809524135132,9.5238095244363
CA,151000,2,2018,3000,9,24,22.857142857142858,60,0,0,60.00000000114286,60.00000000064614,60.000000001639584
CA,151000,2,2018,3000,13,26,24.761904761904763,32.38095238095238,0,0,32.38095238219048,32.38095238190777,32.38095238247319
CA,151000,2,2018,3000,14,7,6.666666666666667,6.666666666666666,0,0,6.6666666669999985,6.666666666874011,6.6666666671259875
CA,151000,2,2018,3000,16,60,57.142857142857146,188.57142857142856,0,0,188.57142857428568,188.5714285734491,188.57142857512227
CA,151000,2,2018,3000,20,54,51.42857142857143,74.28571428571428,0,0,74.28571428828575,74.28571428784757,74.28571428872391
CA,151000,2,2018,3000,23,6,5.714285714285714,35.238095238095234,0,0,35.23809523838095,35.238095238040216,35.238095238721684
CA,151000,2,2018,3000,27,3,2.857142857142857,2.857142857142857,0,0,2.8571428572857145,2.857142857203236,2.8571428573681934
CA,151000,2,2018,3000,28,77,73.33333333333333,169.52380952380952,0,0,169.52380952747612,169.523809526785,169.52380952816722
CA,151000,2,2018,3000,31,7,6.666666666666667,9.523809523809524,0,0,9.523809524142859,9.523809523985348,9.523809524300372
CA,151000,2,2018,3000,39,7,6.666666666666667,9.523809523809524,0,0,9.523809524142859,9.523809523985348,9.523809524300372
CA,151000,2,2018,3000,41,7,6.666666666666667,9.523809523809524,0,0,9.523809524142859,9.523809523985348,9.523809524300372
CA,151000,2,2018,3000,44,30,28.571428571428573,47.61904761904762,0,0,47.61904762047619,47.619047620113236,47.61904762083913
CA,151000,2,2018,3000,54,77,73.33333333333333,676.1904761904761,0,0,676.1904761941429,676.1904761926883,676.1904761955975
CA,151000,2,2018,3000,58,3,2.857142857142857,10.476190476190476,0,0,10.476190476333333,10.476190476136907,10.47619047652976
CA,151000,2,2018,3000,61,52,49.523809523809526,85.71428571428571,0,0,85.71428571676189,85.71428571628373,85.71428571724006
CA,151000,2,2018,3000,69,5,4.761904761904762,5.714285714285714,0,0,5.714285714523809,5.714285714406007,5.714285714641612
CA,151000,2,2018,3000,74,1,0.9523809523809523,0.9523809523809523,0,0,0.9523809524285713,0.9523809523809523,0.9523809524761905
CA,151000,2,2018,3000,75,1,0.9523809523809523,0.9523809523809523,0,0,0.9523809524285713,0.9523809523809523,0.9523809524761905
CA,151000,2,2018,3000,80,1,0.9523809523809523,1.9047619047619047,0,0,1.9047619048095237,1.9047619047619047,1.9047619048571427
CA,151000,2,2018,3000,81,6,5.714285714285714,7.619047619047619,0,0,7.619047619333333,7.6190476191986445,7.619047619468022
CA,151000,2,2018,3000,87,5,4.761904761904762,4.761904761904762,0,0,4.761904762142856,4.761904762036377,4.761904762249336
CA,151000,2,2018,3000,109,2,1.9047619047619047,1.9047619047619047,0,0,1.9047619048571427,1.904761904789799,1.9047619049244862
CA,151000,2,2018,4000,7,3,2.857142857142857,2.857142857142857,0,0,2.8571428572857145,2.857142857203236,2.8571428573681934
CA,151000,2,2018,4000,9,4,3.8095238095238093,3.8095238095238093,0,0,3.8095238097142854,3.8095238096190474,3.809523809809524
CA,151000,2,2018,4000,13,10,9.523809523809524,11.428571428571429,0,0,11.428571429047619,11.428571428881021,11.428571429214216
CA,151000,2,2018,4000,14,11,10.476190476190476,13.333333333333332,0,0,13.33333333385714,13.333333333671714,13.33333333404257
CA,151000,2,2018,4000,16,8,7.619047619047619,9.523809523809524,0,0,9.523809524190478,9.523809524031748,9.523809524349208
CA,151000,2,2018,4000,23,6,5.714285714285714,25.71428571428571,0,0,25.714285714571428,25.714285714318557,25.7142857148243
CA,151000,2,2018,4000,28,91,86.66666666666667,262.85714285714283,0,0,262.8571428614763,262.8571428606286,262.857142862324
CA,151000,2,2018,4000,39,10,9.523809523809524,11.428571428571429,0,0,11.428571429047619,11.428571428881021,11.428571429214216
CA,151000,2,2018,4000,41,5,4.761904761904762,5.714285714285714,0,0,5.714285714523809,5.714285714406007,5.714285714641612
CA,151000,2,2018,4000,44,1,0.9523809523809523,0.9523809523809523,0,0,0.9523809524285713,0.9523809523809523,0.9523809524761905
CA,151000,2,2018,4000,54,66,62.857142857142854,652.3809523809524,0,0,652.3809523840954,652.380952382251,652.3809523859397
CA,151000,2,2018,4000,58,2,1.9047619047619047,4.761904761904762,0,0,4.761904761999999,4.761904761877288,4.76190476212271
CA,151000,2,2018,4000,59,1,0.9523809523809523,0.9523809523809523,0,0,0.9523809524285713,0.9523809523809523,0.9523809524761905
CA,151000,2,2018,4000,61,2,1.9047619047619047,2.857142857142857,0,0,2.8571428572380957,2.857142857158236,2.8571428573179545
CA,151000,2,2018,4000,63,1,0.9523809523809523,1.9047619047619047,0,0,1.9047619048095237,1.9047619047619047,1.9047619048571427
CA,151000,2,2018,4000,66,1,0.9523809523809523,0.9523809523809523,0,0,0.9523809524285713,0.9523809523809523,0.9523809524761905
CA,151000,2,2018,4000,81,3,2.857142857142857,2.857142857142857,0,0,2.8571428572857145,2.857142857203236,2.8571428573681934
CA,151000,2,2018,4000,87,1,0.9523809523809523,0.9523809523809523,0,0,0.9523809524285713,0.9523809523809523,0.9523809524761905
CA,151000,2,2018,4000,89,11,10.476190476190476,11.428571428571429,0,0,11.428571429095236,11.428571428928922,11.428571429261547
CA,151000,2,2018,4000,109,3,2.857142857142857,8.571428571428571,0,0,8.57142857157143,8.57142857147845,8.571428571664411
CA,151000,2,2018,5000,28,1,0.9523809523809523,2.857142857142857,0,0,2.8571428571904764,2.8571428571428577,2.8571428572380957
CA,151000,2,2018,5000,54,1,0.9523809523809523,5.714285714285714,0,0,5.714285714333333,5.714285714285714,5.714285714380952
CA,151000,2,2018,5000,89,1,0.9523809523809523,0.9523809523809523,0,0,0.9523809524285713,0.9523809523809523,0.9523809524761905
CA,21000,2,2019,1000,4,3,3.061224489795918,31.63265306122449,0,0,31.290606069966838,27.17796119030343,36.025587841930175
CA,21000,2,2019,1000,7,64,65.3061224489796,1100,0,0,1307.7102435595075,1247.0033147623524,1371.3725223227416
CA,21000,2,2019,1000,9,13,13.26530612244898,66.3265306122449,0,0,65.02387226518715,61.68957873322718,68.5383828384297
CA,21000,2,2019,1000,14,14,14.285714285714286,33.673469387755105,0,0,34.40778842276939,31.692317948649038,37.35592663383998
CA,21000,2,2019,1000,16,98,100,99181.63265306123,0,0,313481.70423576585,279079.85953719664,352124.223702579
CA,21000,2,2019,1000,27,64,65.3061224489796,1805.1020408163265,0,0,3332.021737751914,3129.1167589702677,3548.0839214529215
CA,21000,2,2019,1000,31,3,3.061224489795918,3.061224489795918,0,0,3.06122448994898,3.06122448986061,3.0612244900373504
CA,21000,2,2019,1000,39,3,3.061224489795918,5.1020408163265305,0,0,5.267630265660649,4.521598014949637,6.136752653367648
CA,21000,2,2019,1000,44,7,7.142857142857143,15.306122448979592,0,0,15.968480246060958,14.009254103960707,18.201708633206064
CA,21000,2,2019,1000,65,1,1.0204081632653061,1.0204081632653061,0,0,1.0204081633163264,1.0204081632653061,1.020408163367347
CA,21000,2,2019,1000,81,1,1.0204081632653061,1.0204081632653061,0,0,1.0204081633163264,1.0204081632653061,1.020408163367347
CA,21000,2,2019,1000,87,98,100,87003.0612244898,0,0,274824.03436563537,245077.72324625004,308180.8042957638
CA,21000,2,2019,2000,4,2,2.0408163265306123,2.0408163265306123,0,0,2.040816326632653,2.040816326560499,2.0408163267048067
CA,21000,2,2019,2000,7,62,63.265306122448976,231.6326530612245,0,0,230.8066223591433,222.69290967284158,239.21595439701107
CA,21000,2,2019,2000,9,4,4.081632653061225,4.081632653061225,0,0,4.081632653265306,4.081632653163266,4.081632653367347
CA,21000,2,2019,2000,14,10,10.204081632653061,20.408163265306122,0,0,21.236110511721613,19.168314713912807,23.526971275086957
CA,21000,2,2019,2000,16,81,82.65306122448979,1320.4081632653063,0,0,1517.7614558583737,1458.5549858856248,1579.3712675772722
CA,21000,2,2019,2000,27,42,42.857142857142854,1161.2244897959183,0,0,1139.531519087616,1090.6898674514207,1190.5603249330325
CA,21000,2,2019,2000,31,16,16.3265306122449,20.408163265306122,0,0,20.739342164484558,19.916285666008157,21.596412133697648
CA,21000,2,2019,2000,39,1,1.0204081632653061,1.0204081632653061,0,0,1.0204081633163264,1.0204081632653061,1.020408163367347
CA,21000,2,2019,2000,44,5,5.1020408163265305,7.142857142857143,0,0,7.3084465922933015,6.668544855432296,8.009752164880803
CA,21000,2,2019,2000,64,2,2.0408163265306123,2.0408163265306123,0,0,2.040816326632653,2.040816326560499,2.0408163267048067
CA,21000,2,2019,2000,87,2,2.0408163265306123,2.0408163265306123,0,0,2.040816326632653,2.040816326560499,2.0408163267048067
CA,21000,2,2019,3000,4,1,1.0204081632653061,1.0204081632653061,0,0,1.0204081633163264,1.0204081632653061,1.020408163367347
CA,21000,2,2019,3000,7,34,34.69387755102041,107.14285714285714,0,0,107.14285714459183,107.14285714390627,107.14285714527738
CA,21000,2,2019,3000,14,1,1.0204081632653061,1.0204081632653061,0,0,1.0204081633163264,1.0204081632653061,1.020408163367347
CA,21000,2,2019,3000,16,51,52.04081632653061,407.14285714285717,0,0,407.14285714545906,407.14285714378804,407.1428571471301
CA,21000,2,2019,3000,27,35,35.714285714285715,573.469387755102,0,0,573.4693877568876,573.4693877549338,573.4693877588415
CA,21000,2,2019,3000,31,10,10.204081632653061,11.224489795918368,27.272727272727273,3.061224489795918,11.22448979642857,11.22448979625788,11.224489796599261
CA,21000,2,2019,3000,39,2,2.0408163265306123,2.0408163265306123,0,0,2.040816326632653,2.040816326560499,2.0408163267048067
CA,21000,2,2019,4000,7,7,7.142857142857143,8.16326530612245,12.5,1.0204081632653061,8.16326530647959,8.163265306333816,8.163265306625362
CA,21000,2,2019,4000,16,11,11.224489795918368,51.02040816326531,24,12.244897959183673,51.02040816382653,51.02040816328431,51.02040816436875
CA,21000,2,2019,4000,27,5,5.1020408163265305,7.142857142857143,0,0,7.142857143112246,7.1428571429674195,7.142857143257073
CA,11000,3,2021,1000,4,3,2.142857142857143,5,0,0,5.231825228960623,4.215585172067296,6.493047610034604
CA,11000,3,2021,1000,7,139,99.28571428571429,10822.142857142859,0,0,32002.886297805584,29423.97892058055,34807.82575853154
CA,11000,3,2021,1000,9,6,4.285714285714286,8.571428571428571,0,0,8.919166414923076,7.81423691767762,10.180332433628637
CA,11000,3,2021,1000,14,9,6.428571428571429,6.428571428571429,0,0,6.428571428892858,6.428571428785716,6.428571429000002
CA,11000,3,2021,1000,16,58,41.42857142857143,238.57142857142858,0.2994011976047904,0.7142857142857143,394.0748759099614,376.76576511211476,412.17918984024504
CA,11000,3,2021,1000,27,7,5,7.857142857142858,0,0,8.088968086246336,7.373863784736821,8.873421941390934
CA,11000,3,2021,1000,44,3,2.142857142857143,2.142857142857143,0,0,2.142857142964286,2.142857142902427,2.1428571430261454
CA,11000,3,2021,1000,64,2,1.4285714285714286,1.4285714285714286,0,0,1.4285714286428572,1.4285714285923494,1.4285714286933648
CA,11000,3,2021,1000,65,1,0.7142857142857143,0.7142857142857143,0,0,0.7142857143214286,0.7142857142857143,0.7142857143571429
CA,11000,3,2021,1000,66,1,0.7142857142857143,0.7142857142857143,0,0,0.7142857143214286,0.7142857142857143,0.7142857143571429
CA,11000,3,2021,1000,77,3,2.142857142857143,7.142857142857143,0,0,6.961404780413845,6.393256009637854,7.580043164815137
CA,11000,3,2021,1000,87,29,20.714285714285715,370.7142857142857,0,0,675.4027050366018,627.1578812697799,727.3588160084561
CA,11000,3,2021,2000,4,1,0.7142857142857143,0.7142857142857143,0,0,0.7142857143214286,0.7142857142857143,0.7142857143571429
CA,11000,3,2021,2000,7,96,68.57142857142857,1455,0,0,2210.2195165890002,2117.8615558236434,2306.6051216039464
CA,11000,3,2021,2000,16,23,16.428571428571427,50,0,0,50.316608882374844,47.32114885277674,53.50168351361408
CA,11000,3,2021,2000,31,2,1.4285714285714286,2.857142857142857,0,0,2.973055471641026,2.3643839916263807,3.738419338296462
CA,11000,3,2021,2000,39,1,0.7142857142857143,0.7142857142857143,0,0,0.7142857143214286,0.7142857142857143,0.7142857143571429
CA,11000,3,2021,2000,44,1,0.7142857142857143,0.7142857142857143,0,0,0.7142857143214286,0.7142857142857143,0.7142857143571429
CA,11000,3,2021,2000,64,2,1.4285714285714286,1.4285714285714286,0,0,1.4285714286428572,1.4285714285923494,1.4285714286933648
CA,11000,3,2021,2000,77,1,0.7142857142857143,0.7142857142857143,0,0,0.7142857143214286,0.7142857142857143,0.7142857143571429
CA,11000,3,2021,2000,87,7,5,9.285714285714286,0,0,9.633452129244503,8.60101362265639,10.78982129292146
CA,11000,3,2021,3000,4,1,0.7142857142857143,0.7142857142857143,0,0,0.7142857143214286,0.7142857142857143,0.7142857143571429
CA,11000,3,2021,3000,7,85,60.714285714285715,1062.857142857143,0.20161290322580644,2.142857142857143,1062.8571428601788,1062.8571428580358,1062.8571428623216
CA,11000,3,2021,3000,16,7,5,5.714285714285714,0,0,5.714285714535713,5.714285714433672,5.714285714637755
CA,11000,3,2021,3000,31,5,3.5714285714285716,3.5714285714285716,0,0,3.5714285716071426,3.5714285715272824,3.5714285716870022
CA,11000,3,2021,4000,7,61,43.57142857142857,367.14285714285717,0.5836575875486382,2.142857142857143,367.1428571450356,367.1428571436663,367.1428571464048
CA,11000,3,2021,4000,16,1,0.7142857142857143,0.7142857142857143,0,0,0.7142857143214286,0.7142857142857143,0.7142857143571429
CA,11000,3,2021,4000,39,1,0.7142857142857143,1.4285714285714286,0,0,1.428571428607143,1.4285714285714286,1.4285714286428572
CA,31000,3,2022,1000,3,1,2,2,0,0,2.0000000001,2,2.0000000002
CA,31000,3,2022,1000,16,48,96,8584,0,0,25480.76968724459,21925.08005970389,29613.101620901056
CA,31000,3,2022,1000,17,1,2,202,0,0,635.6099432831429,202.0000000002001,1999.9999999999995
CA,31000,3,2022,1000,31,1,2,2,0,0,2.0000000001,2,2.0000000002
CA,31000,3,2022,1000,41,6,12,200,0,0,196.47070321662713,175.03630814212502,220.52988681121613
CA,31000,3,2022,1000,69,1,2,2,0,0,2.0000000001,2,2.0000000002
CA,31000,3,2022,1000,83,1,2,30,0,0,29.66479394851749,22.000000000200004,39.99999999999999
CA,31000,3,2022,1000,87,1,2,2,0,0,2.0000000001,2,2.0000000002
CA,31000,3,2022,1000,114,2,4,8,0,0,8.324555320594872,6.620275176553866,10.467574147230092
CA,31000,3,2022,2000,7,1,2,2,0,0,2.0000000001,2,2.0000000002
CA,31000,3,2022,2000,15,1,2,6,0,0,6.324555320494872,4.000000000199999,9.999999999999998
CA,31000,3,2022,2000,16,42,84,4506,0,0,11855.96500738795,10523.900949159111,13356.63523777644
CA,31000,3,2022,2000,31,1,2,2,0,0,2.0000000001,2,2.0000000002
CA,31000,3,2022,2000,41,2,4,8,0,0,8.324555320594872,6.620275176553866,10.467574147230092
CA,31000,3,2022,2000,69,1,2,2,0,0,2.0000000001,2,2.0000000002
CA,31000,3,2022,2000,83,5,10,30,0,0,31.622776602474357,25.76427398820577,38.813436020272654
CA,31000,3,2022,2000,87,4,8,12,0,0,12.324555320794872,10.990786142108623,13.820181913410574
CA,31000,3,2022,2000,100,1,2,2,0,0,2.0000000001,2,2.0000000002
CA,31000,3,2022,2000,114,1,2,2,0,0,2.0000000001,2,2.0000000002
CA,31000,3,2022,3000,4,2,4,6,0,0,6.000000000200001,6.000000000032296,6.000000000367705
CA,31000,3,2022,3000,14,1,2,14,0,0,14.0000000001,14.000000000000002,14.000000000199998
CA,31000,3,2022,3000,15,1,2,2,0,0,2.0000000001,2,2.0000000002
CA,31000,3,2022,3000,16,41,82,2110,0,0,2109.491933388958,2096.391530366319,2122.6742011572182
CA,31000,3,2022,3000,24,1,2,8,0,0,8.0000000001,8,8.0000000002
CA,31000,3,2022,3000,31,1,2,2,0,0,2.0000000001,2,2.0000000002
CA,31000,3,2022,3000,39,1,2,2,0,0,2.0000000001,2,2.0000000002
CA,31000,3,2022,3000,41,15,30,50,0,0,50.00000000149999,50.000000000965684,50.0000000020343
CA,31000,3,2022,3000,69,17,34,60,0,0,60.0000000017,60.000000001165496,60.00000000223451
CA,31000,3,2022,3000,71,1,2,2,0,0,2.0000000001,2,2.0000000002
CA,31000,3,2022,3000,83,12,24,152,0,0,152.00000000120005,152.00000000004064,152.00000000235946
CA,31000,3,2022,3000,87,4,8,8,0,0,8.0000000004,8.0000000002,8.0000000006
CA,31000,3,2022,4000,16,48,96,1878,0,0,1878.000000004799,1877.9999999996264,1878.0000000099715
CA,31000,3,2022,4000,41,1,2,2,0,0,2.0000000001,2,2.0000000002
CA,31000,3,2022,4000,69,27,54,146,0,0,146.00000000270003,146.00000000179415,146.00000000360595
CA,31000,3,2022,4000,71,1,2,2,0,0,2.0000000001,2,2.0000000002
CA,31000,3,2022,4000,77,1,2,2,0,0,2.0000000001,2,2.0000000002
CA,31000,3,2022,4000,83,12,24,154,0,0,154.00000000120002,153.99999999995626,154.00000000244376
CA,31000,3,2022,4000,87,1,2,2,0,0,2.0000000001,2,2.0000000002
CA,41000,3,2022,1000,3,31,31.632653061224488,208.16326530612244,0,0,206.72419613008861,194.45363665155816,219.7690616720533
CA,41000,3,2022,1000,4,19,19.387755102040817,53.06122448979592,0,0,53.62452002935996,50.37131900288112,57.08782706712025
CA,41000,3,2022,1000,7,60,61.224489795918366,1601.0204081632653,0,0,2682.8370049252685,2525.181613735085,2850.335340573837
CA,41000,3,2022,1000,9,14,14.285714285714286,20.408163265306122,0,0,20.90493161356358,19.752978777459834,22.12406395467048
CA,41000,3,2022,1000,14,88,89.79591836734694,7312.244897959184,0,0,21010.007648384035,18937.190973215333,23309.709555630423
CA,41000,3,2022,1000,16,41,41.83673469387755,373.46938775510205,0,0,593.0647579567534,555.949808571541,632.6574840164577
CA,41000,3,2022,1000,27,29,29.591836734693878,311.2244897959184,0,0,308.30331326151764,287.6533835909489,330.4356506481931
CA,41000,3,2022,1000,28,46,46.93877551020408,193.87755102040816,0,0,196.77685804635266,185.81164736553134,208.3891532720856
CA,41000,3,2022,1000,31,31,31.632653061224488,196.9387755102041,0,0,196.77770623954734,185.29012453121035,208.97749284190988
CA,41000,3,2022,1000,39,2,2.0408163265306123,2.0408163265306123,0,0,2.040816326632653,2.040816326560499,2.0408163267048067
CA,41000,3,2022,1000,43,3,3.061224489795918,10.204081632653061,0,0,9.944863972019776,9.13322287091122,10.828633092593053
CA,41000,3,2022,1000,58,1,1.0204081632653061,3.061224489795918,0,0,3.2268139390279957,2.0408163266326524,5.10204081632653
CA,41000,3,2022,1000,64,35,35.714285714285715,56.12244897959184,0,0,57.77834347318814,55.43550257438126,60.220198599741174
CA,41000,3,2022,1000,87,79,80.61224489795919,6675.510204081633,0,0,19940.847147718832,17792.021160673525,22349.19694495426
CA,41000,3,2022,2000,3,8,8.16326530612245,12.244897959183673,0,0,12.57607685795395,11.597701401052163,13.636987508819342
CA,41000,3,2022,2000,4,20,20.408163265306122,34.69387755102041,0,0,35.853003696308214,33.744600303899716,38.09314267974713
CA,41000,3,2022,2000,5,1,1.0204081632653061,1.0204081632653061,0,0,1.0204081633163264,1.0204081632653061,1.020408163367347
CA,41000,3,2022,2000,7,71,72.44897959183673,2331.6326530612246,0,0,4296.350744048854,4044.409339463203,4563.986522278942
CA,41000,3,2022,2000,9,14,14.285714285714286,24.489795918367346,0,0,25.31774316498692,23.531286506119372,27.23982468198462
CA,41000,3,2022,2000,14,82,83.6734693877551,6058.163265306122,0,0,16205.331688029957,14705.569084676543,17858.049124580626
CA,41000,3,2022,2000,16,35,35.714285714285715,193.87755102040816,0,0,193.7332730931732,182.11161684190552,206.09657831974977
CA,41000,3,2022,2000,27,23,23.46938775510204,160.20408163265307,0,0,158.4050452102603,147.39328152105975,170.2394986333174
CA,41000,3,2022,2000,28,48,48.97959183673469,182.6530612244898,0,0,184.96740573791215,175.54188473246242,194.89901932838555
CA,41000,3,2022,2000,31,34,34.69387755102041,155.10204081632654,0,0,153.65585026688663,146.80356039858046,160.82798167249481
CA,41000,3,2022,2000,39,3,3.061224489795918,3.061224489795918,0,0,3.06122448994898,3.06122448986061,3.0612244900373504
CA,41000,3,2022,2000,41,1,1.0204081632653061,3.061224489795918,0,0,3.2268139390279957,2.0408163266326524,5.10204081632653
CA,41000,3,2022,2000,43,1,1.0204081632653061,3.061224489795918,0,0,3.2268139390279957,2.0408163266326524,5.10204081632653
CA,41000,3,2022,2000,64,17,17.346938775510203,23.46938775510204,0,0,23.966156103512557,22.87316468656062,25.11137598355218
CA,41000,3,2022,2000,65,1,1.0204081632653061,1.0204081632653061,0,0,1.0204081633163264,1.0204081632653061,1.020408163367347
CA,41000,3,2022,2000,87,37,37.755102040816325,714.2857142857143,0,0,925.8445972130628,867.8856566305539,987.674138453369
CA,41000,3,2022,3000,3,3,3.061224489795918,3.061224489795918,0,0,3.06122448994898,3.06122448986061,3.0612244900373504
CA,41000,3,2022,3000,4,5,5.1020408163265305,8.16326530612245,0,0,8.16326530637755,8.163265306242177,8.163265306512923
CA,41000,3,2022,3000,7,62,63.265306122448976,1092.857142857143,0.18674136321195145,2.0408163265306123,1092.857142860306,1092.8571428575156,1092.857142863097
CA,41000,3,2022,3000,9,3,3.061224489795918,3.061224489795918,0,0,3.06122448994898,3.06122448986061,3.0612244900373504
CA,41000,3,2022,3000,14,62,63.265306122448976,900,0.11337868480725624,1.0204081632653061,900.0000000031632,900.0000000006604,900.000000005666
CA,41000,3,2022,3000,16,14,14.285714285714286,35.714285714285715,0,0,35.87987516418106,34.72472221122469,37.07345544670992
CA,41000,3,2022,3000,20,1,1.0204081632653061,1.0204081632653061,0,0,1.0204081633163264,1.0204081632653061,1.020408163367347
CA,41000,3,2022,3000,27,25,25.510204081632654,103.06122448979592,0.9900990099009901,1.0204081632653061,103.06122449107141,103.06122449036438,103.06122449177845
CA,41000,3,2022,3000,28,39,39.795918367346935,86.73469387755102,1.1764705882352942,1.0204081632653061,86.7346938795408,86.73469387901719,86.73469388006441
CA,41000,3,2022,3000,31,59,60.204081632653065,272.44897959183675,0.7490636704119851,2.0408163265306123,272.44897959484706,272.4489795936526,272.44897959604145
CA,41000,3,2022,3000,64,2,2.0408163265306123,2.0408163265306123,0,0,2.040816326632653,2.040816326560499,2.0408163267048067
CA,41000,3,2022,3000,87,1,1.0204081632653061,1.0204081632653061,0,0,1.0204081633163264,1.0204081632653061,1.020408163367347
CA,41000,3,2022,4000,4,1,1.0204081632653061,1.0204081632653061,0,0,1.0204081633163264,1.0204081632653061,1.020408163367347
CA,41000,3,2022,4000,7,12,12.244897959183673,43.87755102040816,0,0,43.87755102102042,43.877551020621496,43.87755102141934
CA,41000,3,2022,4000,14,4,4.081632653061225,5.1020408163265305,0,0,5.102040816530612,5.10204081641564,5.102040816645585
CA,41000,3,2022,4000,16,1,1.0204081632653061,1.0204081632653061,0,0,1.0204081633163264,1.0204081632653061,1.020408163367347
CA,41000,3,2022,4000,27,4,4.081632653061225,4.081632653061225,0,0,4.081632653265306,4.081632653163266,4.081632653367347
CA,41000,3,2022,4000,28,60,61.224489795918366,127.55102040816327,3.2,4.081632653061225,127.55102041122447,127.55102041062145,127.55102041182751
CA,41000,3,2022,4000,31,15,15.306122448979592,33.673469387755105,0,0,33.67346938852041,33.67346938816704,33.67346938887376
CA,41000,3,2022,4000,39,1,1.0204081632653061,1.0204081632653061,0,0,1.0204081633163264,1.0204081632653061,1.020408163367347
CA,41000,3,2022,4000,63,2,2.0408163265306123,2.0408163265306123,0,0,2.040816326632653,2.040816326560499,2.0408163267048067
CA,41000,3,2022,,,1,1.0204081632653061,0,,0,0,0,0
CA,43000,3,2022,1000,3,4,8,16,0,0,16.649110641189743,14.159389211489879,19.57661315769501
CA,43000,3,2022,1000,4,6,12,68,0,0,67.32958789743498,62.74908622084891,72.24445293885736
CA,43000,3,2022,1000,7,35,70,2908,0,0,7663.273433422338,6811.868920544808,8621.093623554305
CA,43000,3,2022,1000,9,1,2,2,0,0,2.0000000001,2,2.0000000002
CA,43000,3,2022,1000,14,47,94,7054,0,0,20044.152076062663,17492.394302842196,22968.155501905603
CA,43000,3,2022,1000,16,29,58,1592,0,0,1995.604710443136,1867.8421685743333,2132.106356385832
CA,43000,3,2022,1000,28,22,44,138,0,0,141.3759465006096,130.87467403808898,152.71983212830222
CA,43000,3,2022,1000,31,2,4,8,0,0,8.324555320594872,6.620275176553866,10.467574147230092
CA,43000,3,2022,1000,64,3,6,10,0,0,10.324555320694872,8.862332109301288,12.028035200600591
CA,43000,3,2022,1000,87,38,76,5002,0,0,13660.102830447038,11893.214938677002,15689.484323668026
CA,43000,3,2022,2000,3,1,2,2,0,0,2.0000000001,2,2.0000000002
CA,43000,3,2022,2000,4,1,2,2,0,0,2.0000000001,2,2.0000000002
CA,43000,3,2022,2000,7,39,78,2728,0,0,6171.494787397487,5611.814408983689,6786.993498912244
CA,43000,3,2022,2000,9,3,6,6,0,0,6.000000000300001,6.0000000001267955,6.000000000473206
CA,43000,3,2022,2000,14,43,86,4484,0,0,10958.152146677065,9815.533274974072,12233.78242483115
CA,43000,3,2022,2000,16,17,34,620,0,0,1049.4135415585934,940.5739174288815,1170.847671618343
CA,43000,3,2022,2000,28,22,44,102,0,0,105.06204191140235,97.9555786966605,112.68406350571203
CA,43000,3,2022,2000,31,2,4,8,0,0,8.324555320594872,6.620275176553866,10.467574147230092
CA,43000,3,2022,2000,64,6,12,34,0,0,34.14104402624851,30.399519390279455,38.34306958073011
CA,43000,3,2022,2000,83,2,4,8,0,0,8.324555320594872,6.620275176553866,10.467574147230092
CA,43000,3,2022,2000,87,18,36,1404,0,0,3568.0368259856123,3036.0579185563397,4193.229224573911
CA,43000,3,2022,3000,4,1,2,2,0,0,2.0000000001,2,2.0000000002
CA,43000,3,2022,3000,7,38,76,922,0,0,922.0000000037998,921.9999999995448,922.0000000080548
CA,43000,3,2022,3000,14,34,68,930,0.21505376344086022,2,930.0000000034003,930.0000000010016,930.000000005799
CA,43000,3,2022,3000,16,9,18,62,12.903225806451612,8,61.49193338575877,59.77137099576991,63.26202341562816
CA,43000,3,2022,3000,27,1,2,2,0,0,2.0000000001,2,2.0000000002
CA,43000,3,2022,3000,28,25,50,90,11.11111111111111,10,90.00000000249999,90.00000000181494,90.00000000318504
CA,43000,3,2022,3000,31,10,20,24,0,0,24.000000001,24.000000000650147,24.000000001349854
CA,43000,3,2022,3000,64,1,2,2,0,0,2.0000000001,2,2.0000000002
CA,43000,3,2022,3000,83,3,6,6,0,0,6.000000000300001,6.0000000001267955,6.000000000473206
CA,43000,3,2022,3000,87,2,4,6,0,0,6.000000000200001,6.000000000032296,6.000000000367705
CA,43000,3,2022,4000,6,1,2,2,0,0,2.0000000001,2,2.0000000002
CA,43000,3,2022,4000,7,6,12,14,0,0,14.0000000006,14.000000000332683,14.000000000867317
CA,43000,3,2022,4000,14,9,18,74,0,0,74.0000000009,74.00000000011886,74.00000000168114
CA,43000,3,2022,4000,28,40,80,168,9.523809523809524,16,168.0000000040001,168.0000000030945,168.00000000490567
CA,43000,3,2022,4000,31,2,4,14,0,0,14.000000000199998,13.999999999845171,14.000000000554826
CA,43000,3,2022,4000,63,1,2,2,0,0,2.0000000001,2,2.0000000002
CA,43000,3,2022,4000,83,1,2,2,0,0,2.0000000001,2,2.0000000002
CA,71000,3,2023,1000,7,54,55.10204081632653,797.9591836734694,0,0,1007.7081893652839,954.7603265529359,1063.5923662435052
CA,71000,3,2023,1000,14,12,12.244897959183673,140.81632653061226,0,0,362.52099080425,316.0982018944292,415.7615196355573
CA,71000,3,2023,1000,16,65,66.3265306122449,2666.326530612245,3.827018752391887,102.04081632653062,6633.042255143665,6097.696312064979,7215.388780754437
CA,71000,3,2023,1000,28,7,7.142857142857143,24.489795918367346,0,0,25.058525503843438,21.550197906432167,29.1380015697838
CA,71000,3,2023,1000,31,2,2.0408163265306123,2.0408163265306123,0,0,2.040816326632653,2.040816326560499,2.0408163267048067
CA,71000,3,2023,1000,39,1,1.0204081632653061,1.0204081632653061,0,0,1.0204081633163264,1.0204081632653061,1.020408163367347
CA,71000,3,2023,1000,58,1,1.0204081632653061,1.0204081632653061,0,0,1.0204081633163264,1.0204081632653061,1.020408163367347
CA,71000,3,2023,1000,64,42,42.857142857142854,983.6734693877552,0,0,2084.634387983391,1921.285257106674,2261.871585954508
CA,71000,3,2023,1000,87,78,79.59183673469387,4648.9795918367345,0,0,13266.239950370904,12053.014257478733,14601.585849084651
CA,71000,3,2023,2000,7,25,25.510204081632654,83.6734693877551,10.975609756097562,9.183673469387756,85.87642649193062,79.29469490750492,93.00446436708557
CA,71000,3,2023,2000,14,7,7.142857142857143,131.6326530612245,0,0,353.35355026211215,285.2932880060801,437.650434594795
CA,71000,3,2023,2000,16,12,12.244897959183673,336.734693877551,30.303030303030305,102.04081632653062,776.4775058453695,655.3284632976262,920.023088955962
CA,71000,3,2023,2000,28,9,9.183673469387756,19.387755102040817,10.526315789473685,2.0408163265306123,20.215702348405284,18.04073966367044,22.652875051586044
CA,71000,3,2023,2000,31,13,13.26530612244898,19.387755102040817,52.63157894736842,10.204081632653061,19.88452345024725,18.70705757349686,21.136101778165578
CA,71000,3,2023,2000,39,1,1.0204081632653061,1.0204081632653061,0,0,1.0204081633163264,1.0204081632653061,1.020408163367347
CA,71000,3,2023,2000,41,1,1.0204081632653061,1.0204081632653061,0,0,1.0204081633163264,1.0204081632653061,1.020408163367347
CA,71000,3,2023,2000,64,27,27.551020408163264,179.59183673469389,1.1363636363636365,2.0408163265306123,178.54335227431048,166.41119900615556,191.55999615247873
CA,71000,3,2023,2000,87,27,27.551020408163264,372.44897959183675,0.547945205479452,2.0408163265306123,588.8667511885208,544.142488615872,637.2669988285279
CA,71000,3,2023,3000,7,7,7.142857142857143,12.244897959183673,58.333333333333336,7.142857142857143,12.24489795954082,12.244897959341877,12.244897959739761
CA,71000,3,2023,3000,14,1,1.0204081632653061,3.061224489795918,0,0,3.061224489846939,3.0612244897959187,3.0612244898979597
CA,71000,3,2023,3000,16,2,2.0408163265306123,5.1020408163265305,0,0,5.102040816428571,5.102040816351923,5.10204081650522
CA,71000,3,2023,3000,27,1,1.0204081632653061,1.0204081632653061,100,1.0204081632653061,1.0204081633163264,1.0204081632653061,1.020408163367347
CA,71000,3,2023,3000,28,10,10.204081632653061,10.204081632653061,50,5.1020408163265305,10.204081633163268,10.204081633001927,10.204081633324607
CA,71000,3,2023,3000,31,11,11.224489795918368,15.306122448979592,60,9.183673469387756,15.306122449540815,15.306122449336652,15.30612244974498
CA,71000,3,2023,3000,63,1,1.0204081632653061,1.0204081632653061,0,0,1.0204081633163264,1.0204081632653061,1.020408163367347
CA,71000,3,2023,3000,87,1,1.0204081632653061,1.0204081632653061,100,1.0204081632653061,1.0204081633163264,1.0204081632653061,1.020408163367347
CA,71000,3,2023,4000,16,13,13.26530612244898,15.306122448979592,13.333333333333334,2.0408163265306123,15.306122449642857,15.30612244944322,15.306122449842494
CA,71000,3,2023,4000,23,1,1.0204081632653061,1.0204081632653061,0,0,1.0204081633163264,1.0204081632653061,1.020408163367347
CA,71000,3,2023,4000,28,2,2.0408163265306123,2.0408163265306123,0,0,2.040816326632653,2.040816326560499,2.0408163267048067
CA,71000,3,2023,4000,58,2,2.0408163265306123,2.0408163265306123,50,1.0204081632653061,2.040816326632653,2.040816326560499,2.0408163267048067
CA,71000,3,2023,4000,89,1,1.0204081632653061,1.0204081632653061,0,0,1.0204081633163264,1.0204081632653061,1.020408163367347
CA,81000,3,2023,1000,4,2,2.0408163265306123,4.081632653061225,0,0,4.247222102344322,3.377691416609115,5.340599054709231
CA,81000,3,2023,1000,7,26,26.53061224489796,348.9795918367347,0,0,344.10488779262164,318.71934303785554,371.51235527210827
CA,81000,3,2023,1000,14,18,18.367346938775512,284.6938775510204,0,0,727.7367309343748,651.9010741821355,812.394350194129
CA,81000,3,2023,1000,16,96,97.95918367346938,12648.979591836734,0,0,39844.324055510675,35444.57233045874,44790.21906765377
CA,81000,3,2023,1000,24,8,8.16326530612245,20.408163265306122,0,0,21.401699960800624,18.60057621388152,24.624654416367264
CA,81000,3,2023,1000,28,13,13.26530612244898,31.63265306122449,0,0,33.122958104517274,29.799773315101383,36.816734878906715
CA,81000,3,2023,1000,39,4,4.081632653061225,8.16326530612245,0,0,8.494444204688644,7.224178169127489,9.988067937599496
CA,81000,3,2023,1000,64,23,23.46938775510204,463.265306122449,0,0,1126.0478076346378,1010.0132751882852,1255.41287053123
CA,81000,3,2023,1000,87,97,98.9795918367347,11225.510204081633,0,0,32865.975261625186,29717.635574264823,36347.8557100679
CA,81000,3,2023,2000,4,4,4.081632653061225,6.122448979591836,0,0,6.288038428976975,5.60754395005542,7.051113221127844
CA,81000,3,2023,2000,7,39,39.795918367346935,201.0204081632653,0,0,425.37450362517745,399.3497299250131,453.09525655205107
CA,81000,3,2023,2000,9,5,5.1020408163265305,9.183673469387756,0,0,9.51485236800497,8.35843247824881,10.831267204768686
CA,81000,3,2023,2000,14,4,4.081632653061225,8.16326530612245,0,0,8.494444204688644,7.224178169127489,9.988067937599496
CA,81000,3,2023,2000,16,90,91.83673469387755,7287.755102040816,0,0,21878.770132509657,19698.991560516813,24299.75062635329
CA,81000,3,2023,2000,24,10,10.204081632653061,51.02040816326531,0,0,51.67189786745112,45.832515382597606,58.25525845430864
CA,81000,3,2023,2000,27,2,2.0408163265306123,2.0408163265306123,0,0,2.040816326632653,2.040816326560499,2.0408163267048067
CA,81000,3,2023,2000,28,50,51.02040816326531,124.48979591836735,0,0,130.45101609143646,123.47273429675101,137.82368792764316
CA,81000,3,2023,2000,31,2,2.0408163265306123,2.0408163265306123,0,0,2.040816326632653,2.040816326560499,2.0408163267048067
CA,81000,3,2023,2000,39,12,12.244897959183673,16.3265306122449,18.75,3.061224489795918,16.657709511219256,15.78216008868284,17.581831929276962
CA,81000,3,2023,2000,64,15,15.306122448979592,131.6326530612245,0,0,354.02134210576895,316.75709681813646,395.66946384259774
CA,81000,3,2023,2000,87,62,63.265306122448976,633.6734693877551,0,0,1075.0746007600808,1018.7372088838622,1134.5275181081647
CA,81000,3,2023,3000,4,16,16.3265306122449,22.448979591836736,9.090909090909092,2.0408163265306123,22.44897959265306,22.44897959240892,22.4489795928972
CA,81000,3,2023,3000,5,1,1.0204081632653061,1.0204081632653061,100,1.0204081632653061,1.0204081633163264,1.0204081632653061,1.020408163367347
CA,81000,3,2023,3000,7,87,88.77551020408163,333.6734693877551,6.72782874617737,22.448979591836736,333.6734693921937,333.6734693913147,333.67346939307276
CA,81000,3,2023,3000,9,3,3.061224489795918,3.061224489795918,0,0,3.06122448994898,3.06122448986061,3.0612244900373504
CA,81000,3,2023,3000,14,4,4.081632653061225,5.1020408163265305,0,0,5.102040816530612,5.10204081641564,5.102040816645585
CA,81000,3,2023,3000,16,85,86.73469387755102,3874.4897959183672,4.319199367922043,167.3469387755102,3874.489795922702,3874.4897959172026,3874.489795928201
CA,81000,3,2023,3000,24,5,5.1020408163265305,13.26530612244898,0,0,13.265306122704077,13.265306122471271,13.265306122936883
CA,81000,3,2023,3000,27,8,8.16326530612245,18.367346938775512,16.666666666666668,3.061224489795918,18.36734693918367,18.36734693896101,18.367346939406335
CA,81000,3,2023,3000,28,65,66.3265306122449,132.6530612244898,7.6923076923076925,10.204081632653061,132.65306122780615,132.65306122723106,132.65306122838123
CA,81000,3,2023,3000,31,19,19.387755102040817,26.53061224489796,26.923076923076923,7.142857142857143,26.530612245867346,26.530612245583505,26.530612246151186
CA,81000,3,2023,3000,39,18,18.367346938775512,26.53061224489796,19.23076923076923,5.1020408163265305,26.53061224581633,26.53061224554744,26.53061224608522
CA,81000,3,2023,3000,64,16,16.3265306122449,22.448979591836736,0,0,22.44897959265306,22.44897959240892,22.4489795928972
CA,81000,3,2023,3000,69,1,1.0204081632653061,1.0204081632653061,0,0,1.0204081633163264,1.0204081632653061,1.020408163367347
CA,81000,3,2023,3000,87,10,10.204081632653061,18.367346938775512,0,0,18.36734693928572,18.367346939036086,18.367346939535356
CA,81000,3,2023,4000,4,7,7.142857142857143,31.63265306122449,0,0,31.632653061581625,31.63265306102809,31.632653062135162
CA,81000,3,2023,4000,7,63,64.28571428571429,240.81632653061226,0,0,240.81632653382667,240.81632653279232,240.81632653486105
CA,81000,3,2023,4000,14,1,1.0204081632653061,1.0204081632653061,0,0,1.0204081633163264,1.0204081632653061,1.020408163367347
CA,81000,3,2023,4000,16,52,53.06122448979592,244.89795918367346,0,0,244.89795918632646,244.8979591851619,244.89795918749104
CA,81000,3,2023,4000,27,6,6.122448979591836,8.16326530612245,12.5,1.0204081632653061,8.163265306428572,8.163265306274779,8.163265306582364
CA,81000,3,2023,4000,28,63,64.28571428571429,141.83673469387756,0.7194244604316546,1.0204081632653061,141.8367346970918,141.83673469646936,141.83673469771426
CA,81000,3,2023,4000,31,6,6.122448979591836,10.204081632653061,0,0,10.204081632959186,10.204081632811903,10.204081633106469
CA,81000,3,2023,4000,39,2,2.0408163265306123,2.0408163265306123,0,0,2.040816326632653,2.040816326560499,2.0408163267048067
CA,81000,3,2023,4000,63,1,1.0204081632653061,3.061224489795918,0,0,3.061224489846939,3.0612244897959187,3.0612244898979597
CA,81000,3,2023,4000,64,1,1.0204081632653061,1.0204081632653061,0,0,1.0204081633163264,1.0204081632653061,1.020408163367347
CA,91000,3,2024,1000,3,5,5.1020408163265305,5.1020408163265305,0,0,5.102040816581632,5.102040816467547,5.102040816695718
CA,91000,3,2024,1000,4,13,13.26530612244898,55.10204081632653,0,0,55.05757087166582,50.32830006454777,60.231243781345945
CA,91000,3,2024,1000,6,3,3.061224489795918,10.204081632653061,0,0,9.944863972019776,9.13322287091122,10.828633092593053
CA,91000,3,2024,1000,14,24,24.489795918367346,715.3061224489796,0,0,1595.3598388163464,1422.0179923690205,1789.8317946511843
CA,91000,3,2024,1000,16,29,29.591836734693878,564.2857142857143,0,0,779.2436589541596,722.584134239919,840.3459905177654
CA,91000,3,2024,1000,20,2,2.0408163265306123,6.122448979591836,0,0,6.453627878055991,4.667785393491195,8.922713723406753
CA,91000,3,2024,1000,28,15,15.306122448979592,25.510204081632654,0,0,26.338151328303244,24.599404371732977,28.19979723532356
CA,91000,3,2024,1000,31,1,1.0204081632653061,1.0204081632653061,0,0,1.0204081633163264,1.0204081632653061,1.020408163367347
CA,91000,3,2024,1000,39,2,2.0408163265306123,4.081632653061225,0,0,4.247222102344322,3.377691416609115,5.340599054709231
CA,91000,3,2024,1000,54,5,5.1020408163265305,69.38775510204081,0,0,68.45951066904922,63.091128971113974,74.28468435223996
CA,91000,3,2024,1000,63,3,3.061224489795918,7.142857142857143,0,0,7.474036041372318,6.0222645315247085,9.275782300049434
CA,91000,3,2024,1000,71,1,1.0204081632653061,1.0204081632653061,0,0,1.0204081633163264,1.0204081632653061,1.020408163367347
CA,91000,3,2024,1000,77,1,1.0204081632653061,1.0204081632653061,0,0,1.0204081633163264,1.0204081632653061,1.020408163367347
CA,91000,3,2024,1000,78,1,1.0204081632653061,1.0204081632653061,0,0,1.0204081633163264,1.0204081632653061,1.020408163367347
CA,91000,3,2024,1000,83,34,34.69387755102041,996.9387755102041,0,0,2318.01523795939,2093.40247527178,2566.7279497767586
CA,91000,3,2024,1000,86,7,7.142857142857143,22.448979591836736,0,0,22.852119728131758,19.948519681561155,26.178352299071463
CA,91000,3,2024,1000,87,25,25.510204081632654,118.36734693877551,0,0,119.39487575911072,110.9028641599655,128.53713441495955
CA,91000,3,2024,1000,89,2,2.0408163265306123,6.122448979591836,0,0,6.453627878055991,4.667785393491195,8.922713723406753
CA,91000,3,2024,2000,3,1,1.0204081632653061,1.0204081632653061,0,0,1.0204081633163264,1.0204081632653061,1.020408163367347
CA,91000,3,2024,2000,4,11,11.224489795918368,21.42857142857143,0,0,22.256518675037935,20.27733278532344,24.428884645560696
CA,91000,3,2024,2000,6,9,9.183673469387756,51.02040816326531,0,0,50.91591185907059,45.89342452072953,56.48805046722272
CA,91000,3,2024,2000,11,1,1.0204081632653061,1.0204081632653061,0,0,1.0204081633163264,1.0204081632653061,1.020408163367347
CA,91000,3,2024,2000,14,39,39.795918367346935,855.1020408163265,0,0,1509.2317040268344,1399.643206400011,1627.4007018534157
CA,91000,3,2024,2000,16,13,13.26530612244898,19.387755102040817,0,0,19.88452345024725,18.70705757349686,21.136101778165578
CA,91000,3,2024,2000,20,4,4.081632653061225,10.204081632653061,0,0,10.700849980400315,8.775295227806748,13.048927395648775
CA,91000,3,2024,2000,24,5,5.1020408163265305,23.46938775510204,0,0,23.62954315801389,20.486963071057957,27.254176615626967
CA,91000,3,2024,2000,28,24,24.489795918367346,42.85714285714286,0,0,44.34744790099686,41.87910402253381,46.961275348045056
CA,91000,3,2024,2000,31,1,1.0204081632653061,1.0204081632653061,0,0,1.0204081633163264,1.0204081632653061,1.020408163367347
CA,91000,3,2024,2000,39,1,1.0204081632653061,1.0204081632653061,0,0,1.0204081633163264,1.0204081632653061,1.020408163367347
CA,91000,3,2024,2000,41,2,2.0408163265306123,2.0408163265306123,0,0,2.040816326632653,2.040816326560499,2.0408163267048067
CA,91000,3,2024,2000,46,1,1.0204081632653061,1.0204081632653061,0,0,1.0204081633163264,1.0204081632653061,1.020408163367347
CA,91000,3,2024,2000,54,8,8.16326530612245,41.83673469387755,0,0,41.1299069522375,37.57300469517331,45.02352845145304
CA,91000,3,2024,2000,57,2,2.0408163265306123,2.0408163265306123,0,0,2.040816326632653,2.040816326560499,2.0408163267048067
CA,91000,3,2024,2000,63,9,9.183673469387756,21.42857142857143,0,0,22.422108124116953,19.793548811474977,25.399736930354294
CA,91000,3,2024,2000,83,53,54.08163265306123,1470.4081632653063,0,0,3454.606104011895,3191.9614294479265,3738.862012483769
CA,91000,3,2024,2000,86,13,13.26530612244898,30.612244897959183,0,0,31.180974483741384,28.74869694460989,33.81903435933014
CA,91000,3,2024,2000,87,23,23.46938775510204,61.224489795918366,0,0,62.1189642340486,58.567184288085905,65.88614024075567
CA,91000,3,2024,2000,89,2,2.0408163265306123,2.0408163265306123,0,0,2.040816326632653,2.040816326560499,2.0408163267048067
CA,91000,3,2024,3000,4,12,12.244897959183673,75.51020408163265,0,0,75.51020408224487,75.51020408147797,75.51020408301177
CA,91000,3,2024,3000,6,9,9.183673469387756,94.89795918367346,0,0,94.89795918413262,94.89795918347154,94.89795918479366
CA,91000,3,2024,3000,11,1,1.0204081632653061,1.0204081632653061,0,0,1.0204081633163264,1.0204081632653061,1.020408163367347
CA,91000,3,2024,3000,14,30,30.612244897959183,496.9387755102041,0,0,496.93877551173466,496.9387755096788,496.93877551379063
CA,91000,3,2024,3000,16,4,4.081632653061225,4.081632653061225,0,0,4.081632653265306,4.081632653163266,4.081632653367347
CA,91000,3,2024,3000,20,2,2.0408163265306123,3.061224489795918,0,0,3.0612244898979597,3.061224489812396,3.061224489983523
CA,91000,3,2024,3000,24,14,14.285714285714286,83.6734693877551,0,0,83.67346938846939,83.67346938802541,83.67346938891335
CA,91000,3,2024,3000,28,28,28.571428571428573,47.95918367346939,0,0,47.95918367489796,47.95918367452528,47.95918367527063
CA,91000,3,2024,3000,31,2,2.0408163265306123,3.061224489795918,0,0,3.0612244898979597,3.061224489812396,3.061224489983523
CA,91000,3,2024,3000,39,2,2.0408163265306123,2.0408163265306123,0,0,2.040816326632653,2.040816326560499,2.0408163267048067
CA,91000,3,2024,3000,41,2,2.0408163265306123,2.0408163265306123,0,0,2.040816326632653,2.040816326560499,2.0408163267048067
CA,91000,3,2024,3000,54,8,8.16326530612245,116.3265306122449,0,0,116.32653061265303,116.32653061098279,116.32653061432327
CA,91000,3,2024,3000,57,1,1.0204081632653061,1.0204081632653061,0,0,1.0204081633163264,1.0204081632653061,1.020408163367347
CA,91000,3,2024,3000,63,16,16.3265306122449,36.734693877551024,0,0,36.73469387836736,36.73469387798026,36.73469387875446
CA,91000,3,2024,3000,74,1,1.0204081632653061,1.0204081632653061,0,0,1.0204081633163264,1.0204081632653061,1.020408163367347
CA,91000,3,2024,3000,83,95,96.93877551020408,3839.795918367347,0,0,3839.7959183721955,3839.7959183673115,3839.795918377079
CA,91000,3,2024,3000,86,17,17.346938775510203,43.87755102040816,0,0,43.87755102127551,43.87755102091849,43.87755102163251
CA,91000,3,2024,3000,87,14,14.285714285714286,19.387755102040817,0,0,19.387755102755097,19.387755102519655,19.387755102990543
CA,91000,3,2024,3000,89,6,6.122448979591836,12.244897959183673,0,0,12.244897959489796,12.244897959281897,12.244897959697695
CA,91000,3,2024,4000,4,1,1.0204081632653061,10.204081632653061,0,0,10.204081632704085,10.204081632653063,10.204081632755104
CA,91000,3,2024,4000,6,1,1.0204081632653061,1.0204081632653061,0,0,1.0204081633163264,1.0204081632653061,1.020408163367347
CA,91000,3,2024,4000,14,8,8.16326530612245,9.183673469387756,0,0,9.18367346979592,9.18367346964137,9.18367346995047
CA,91000,3,2024,4000,16,7,7.142857142857143,10.204081632653061,0,0,10.204081633010201,10.20408163285135,10.204081633169055
CA,91000,3,2024,4000,24,9,9.183673469387756,21.42857142857143,0,0,21.428571429030615,21.428571428788636,21.428571429272594
CA,91000,3,2024,4000,28,53,54.08163265306123,88.77551020408164,0,0,88.77551020678574,88.77551020628506,88.77551020728643
CA,91000,3,2024,4000,54,3,3.061224489795918,12.244897959183673,0,0,12.244897959336738,12.244897959047401,12.244897959626073
CA,91000,3,2024,4000,63,14,14.285714285714286,39.79591836734694,5.128205128205129,2.0408163265306123,39.79591836806124,39.795918367659425,39.79591836846305
CA,91000,3,2024,4000,77,1,1.0204081632653061,1.0204081632653061,0,0,1.0204081633163264,1.0204081632653061,1.020408163367347
CA,91000,3,2024,4000,83,92,93.87755102040816,3741.8367346938776,0,0,3741.8367346985697,3741.836734693179,3741.8367347039607
CA,91000,3,2024,4000,86,2,2.0408163265306123,4.081632653061225,0,0,4.081632653163266,4.081632653055705,4.081632653270826
CA,91000,3,2024,4000,87,2,2.0408163265306123,2.0408163265306123,0,0,2.040816326632653,2.040816326560499,2.0408163267048067
CA,91000,3,2024,4000,89,2,2.0408163265306123,2.0408163265306123,0,0,2.040816326632653,2.040816326560499,2.0408163267048067
CA,101000,3,2024,1000,7,84,85.71428571428571,1829.591836734694,0,0,1788.539852422099,1725.4401486640459,1853.9471254212162
CA,101000,3,2024,1000,9,7,7.142857142857143,11.224489795918368,0,0,11.555668694637621,10.534091121052601,12.676317059129904
CA,101000,3,2024,1000,14,52,53.06122448979592,250,0,0,252.1420860887092,239.6046830871419,265.3355133048222
CA,101000,3,2024,1000,16,77,78.57142857142857,2382.6530612244896,0,0,5462.094223350009,5120.493997807697,5826.483405219683
CA,101000,3,2024,1000,27,11,11.224489795918368,34.69387755102041,0,0,35.75937548424374,31.713523030439177,40.32137753335644
CA,101000,3,2024,1000,28,12,12.244897959183673,24.489795918367346,0,0,25.48333261406593,23.20820974218188,27.981487944707975
CA,101000,3,2024,1000,31,11,11.224489795918368,28.571428571428573,0,0,29.140158157108736,26.47325737971966,32.07572099048973
CA,101000,3,2024,1000,64,42,42.857142857142854,384.6938775510204,0,0,604.0096601732438,568.621112330172,641.6006399895311
CA,101000,3,2024,1000,87,44,44.89795918367347,3321.4285714285716,0,0,9506.519531670023,8258.775925798052,10942.773410732862
CA,101000,3,2024,1000,100,2,2.0408163265306123,2.0408163265306123,0,0,2.040816326632653,2.040816326560499,2.0408163267048067
CA,101000,3,2024,2000,7,20,20.408163265306122,57.142857142857146,0,0,58.79331758916383,54.41268166373729,63.52662812139856
CA,101000,3,2024,2000,9,1,1.0204081632653061,1.0204081632653061,0,0,1.0204081633163264,1.0204081632653061,1.020408163367347
CA,101000,3,2024,2000,14,7,7.142857142857143,13.26530612244898,0,0,13.762074470349289,12.287162318080556,15.414030418459227
CA,101000,3,2024,2000,16,45,45.91836734693877,536.7346938775511,0.38022813688212925,2.0408163265306123,530.0406121835966,508.698009558026,552.2786511550433
CA,101000,3,2024,2000,28,2,2.0408163265306123,4.081632653061225,0,0,4.247222102344322,3.377691416609115,5.340599054709231
CA,101000,3,2024,2000,31,5,5.1020408163265305,15.306122448979592,0,0,16.134069695139978,13.145037749084576,19.802773479730945
CA,101000,3,2024,2000,64,9,9.183673469387756,37.755102040816325,0,0,38.74320468983754,33.72496903381734,44.50814789877206
CA,101000,3,2024,2000,87,8,8.16326530612245,44.89795918367347,0,0,44.52344633766048,39.05157303269259,50.76203389100331
CA,101000,3,2024,3000,7,6,6.122448979591836,17.346938775510203,0,0,17.346938775816334,17.346938775632147,17.346938776000513
CA,101000,3,2024,3000,16,24,24.489795918367346,54.08163265306123,1.8867924528301887,1.0204081632653061,54.08163265428571,54.08163265385524,54.0816326547162
CA,101000,3,2024,3000,28,3,3.061224489795918,3.061224489795918,0,0,3.06122448994898,3.06122448986061,3.0612244900373504
CA,101000,3,2024,3000,31,11,11.224489795918368,19.387755102040817,0,0,19.38775510260204,19.38775510233634,19.38775510286774
CA,101000,3,2024,4000,16,39,39.795918367346935,126.53061224489797,8.064516129032258,10.204081632653061,126.53061224688771,126.53061224619982,126.53061224757559
CA,101000,3,2024,4000,28,7,7.142857142857143,8.16326530612245,25,2.0408163265306123,8.16326530647959,8.163265306333816,8.163265306625362
CA,101000,3,2024,4000,31,2,2.0408163265306123,11.224489795918368,0,0,11.22448979602041,11.224489795876684,11.22448979616414
CA,171200,3,2024,1000,2,10,20,32,0,0,32.973665962184604,30.458226950026877,35.696846332178644
CA,171200,3,2024,1000,4,14,28,60,0,0,62.59644256455896,57.0626111957321,68.66693513722682
CA,171200,3,2024,1000,7,8,16,174,0,0,170.20499351896112,165.02715476943195,175.5452904660735
CA,171200,3,2024,1000,9,2,4,4,0,0,4.0000000002,4.000000000058578,4.000000000341421
CA,171200,3,2024,1000,14,1,2,2,0,0,2.0000000001,2,2.0000000002
CA,171200,3,2024,1000,20,2,4,4,0,0,4.0000000002,4.000000000058578,4.000000000341421
CA,171200,3,2024,1000,28,2,4,12,0,0,12.649110640989742,9.148859371242741,17.488518897877235
CA,171200,3,2024,1000,31,8,16,24,0,0,24.649110641589743,22.73149474606224,26.72849551728591
CA,171200,3,2024,1000,39,49,98,2848,0,0,4095.3217101183236,3865.2181936495867,4339.123710253072
CA,171200,3,2024,1000,41,3,6,6,0,0,6.000000000300001,6.0000000001267955,6.000000000473206
CA,171200,3,2024,1000,57,4,8,12,0,0,12.324555320794872,10.990786142108623,13.820181913410574
CA,171200,3,2024,1000,63,47,94,1656,0,0,1622.9577831347601,1544.8980361231743,1704.9616895413596
CA,171200,3,2024,1000,64,3,6,10,0,0,10.324555320694872,8.862332109301288,12.028035200600591
CA,171200,3,2024,1000,77,1,2,2,0,0,2.0000000001,2,2.0000000002
CA,171200,3,2024,1000,78,1,2,2,0,0,2.0000000001,2,2.0000000002
CA,171200,3,2024,1000,86,28,56,336,0,0,333.3299029095083,313.7061368788506,354.18122603247343
CA,171200,3,2024,1000,87,49,98,5116,0,0,9380.364835947688,8638.556992489377,10185.873003093708
CA,171200,3,2024,1000,89,35,70,4686,0,0,12462.107720274915,10791.714200867213,14391.052796714679
CA,171200,3,2024,2000,2,1,2,2,0,0,2.0000000001,2,2.0000000002
CA,171200,3,2024,2000,4,7,14,18,0,0,18.32455532109487,17.163630568072893,19.564003453936394
CA,171200,3,2024,2000,28,2,4,4,0,0,4.0000000002,4.000000000058578,4.000000000341421
CA,171200,3,2024,2000,31,2,4,4,0,0,4.0000000002,4.000000000058578,4.000000000341421
CA,171200,3,2024,2000,39,26,52,330,2.4242424242424243,8,330.0465393652141,306.69727508857886,355.17341363888204
CA,171200,3,2024,2000,41,1,2,2,0,0,2.0000000001,2,2.0000000002
CA,171200,3,2024,2000,57,1,2,2,0,0,2.0000000001,2,2.0000000002
CA,171200,3,2024,2000,63,42,84,350,0,0,354.97832223038927,333.3035147547121,378.0626476328528
CA,171200,3,2024,2000,77,1,2,2,0,0,2.0000000001,2,2.0000000002
CA,171200,3,2024,2000,86,6,12,24,0,0,24.97366596178461,21.879863369497336,28.504930814160183
CA,171200,3,2024,2000,87,4,8,12,0,0,12.324555320794872,10.990786142108623,13.820181913410574
CA,171200,3,2024,2000,89,7,14,22,0,0,22.649110641489738,20.6468185972631,24.845581435894612
CA,171200,3,2024,3000,4,5,10,18,0,0,18.000000000500002,18.000000000176893,18.000000000823114
CA,171200,3,2024,3000,6,1,2,2,0,0,2.0000000001,2,2.0000000002
CA,171200,3,2024,3000,31,7,14,18,33.333333333333336,6,18.000000000700002,18.00000000038217,18.00000000101784
CA,171200,3,2024,3000,39,15,30,64,0,0,64.00000000150001,64.0000000009014,64.00000000209863
CA,171200,3,2024,3000,41,2,4,4,0,0,4.0000000002,4.000000000058578,4.000000000341421
CA,171200,3,2024,3000,57,1,2,2,0,0,2.0000000001,2,2.0000000002
CA,171200,3,2024,3000,63,45,90,638,6.58307210031348,42,638.0000000044997,638.0000000028898,638.0000000061095
CA,171200,3,2024,3000,86,2,4,4,0,0,4.0000000002,4.000000000058578,4.000000000341421
CA,171200,3,2024,3000,89,11,22,28,0,0,28.0000000011,28.0000000007106,28.000000001489397
CA,171200,3,2024,4000,6,1,2,2,0,0,2.0000000001,2,2.0000000002
CA,171200,3,2024,4000,39,22,44,100,2,2,100.00000000220001,100.00000000146295,100.00000000293706
CA,171200,3,2024,4000,41,1,2,2,0,0,2.0000000001,2,2.0000000002
CA,171200,3,2024,4000,63,18,36,98,0,0,98.0000000018,98.00000000105014,98.00000000254987
CA,171200,3,2024,4000,77,1,2,2,0,0,2.0000000001,2,2.0000000002
CA,171200,3,2024,4000,86,12,24,24,0,0,24.0000000012,24.00000000085359,24.00000000154641
CA,171200,3,2024,4000,89,17,34,64,0,0,64.00000000170002,64.00000000113857,64.00000000226146
CA,111000,3,2025,1000,7,64,65.3061224489796,541.8367346938776,0,0,537.1593856198679,512.9089440963703,562.556393060871
CA,111000,3,2025,1000,9,3,3.061224489795918,3.061224489795918,0,0,3.06122448994898,3.06122448986061,3.0612244900373504
CA,111000,3,2025,1000,14,96,97.95918367346938,8001.0204081632655,0,0,21456.023582769765,19645.596037761647,23433.28993935805
CA,111000,3,2025,1000,16,79,80.61224489795919,1969.387755102041,0,0,3049.97677778402,2910.071888496155,3196.607747662552
CA,111000,3,2025,1000,28,20,20.408163265306122,47.95918367346939,0,0,49.35586050551402,45.85573555625478,53.123146683610116
CA,111000,3,2025,1000,44,1,1.0204081632653061,1.0204081632653061,0,0,1.0204081633163264,1.0204081632653061,1.020408163367347
CA,111000,3,2025,1000,64,67,68.36734693877551,983.6734693877552,0,0,1414.4328537908875,1349.7338788756404,1482.2331492113076
CA,111000,3,2025,1000,69,1,1.0204081632653061,1.0204081632653061,0,0,1.0204081633163264,1.0204081632653061,1.020408163367347
CA,111000,3,2025,1000,71,1,1.0204081632653061,3.061224489795918,0,0,3.2268139390279957,2.0408163266326524,5.10204081632653
CA,111000,3,2025,1000,81,1,1.0204081632653061,1.0204081632653061,0,0,1.0204081633163264,1.0204081632653061,1.020408163367347
CA,111000,3,2025,1000,87,93,94.89795918367346,4673.469387755102,0,0,9936.93254677851,9300.68949150442,10616.69981880602
CA,111000,3,2025,1000,100,1,1.0204081632653061,1.0204081632653061,0,0,1.0204081633163264,1.0204081632653061,1.020408163367347
CA,111000,3,2025,2000,7,55,56.12244897959184,183.67346938775512,1.1111111111111112,2.0408163265306123,186.47378336809692,177.65871943578463,195.72623282461834
CA,111000,3,2025,2000,9,1,1.0204081632653061,3.061224489795918,0,0,3.2268139390279957,2.0408163266326524,5.10204081632653
CA,111000,3,2025,2000,14,74,75.51020408163265,2003.061224489796,0,0,3974.435512695249,3743.8410970094237,4219.232930903795
CA,111000,3,2025,2000,16,53,54.08163265306123,1973.4693877551022,0,0,4837.963166737324,4433.171704692964,5279.716005118755
CA,111000,3,2025,2000,24,6,6.122448979591836,14.285714285714286,0,0,14.948072082744638,12.831039698680415,17.414400098373115
CA,111000,3,2025,2000,27,2,2.0408163265306123,2.0408163265306123,0,0,2.040816326632653,2.040816326560499,2.0408163267048067
CA,111000,3,2025,2000,28,27,27.551020408163264,67.34693877551021,0,0,69.73715230299835,65.11818004184829,74.68375817945464
CA,111000,3,2025,2000,31,1,1.0204081632653061,1.0204081632653061,0,0,1.0204081633163264,1.0204081632653061,1.020408163367347
CA,111000,3,2025,2000,64,46,46.93877551020408,443.8775510204082,0,0,660.958747199983,626.7337069886113,697.0527683906902
CA,111000,3,2025,2000,71,1,1.0204081632653061,1.0204081632653061,0,0,1.0204081633163264,1.0204081632653061,1.020408163367347
CA,111000,3,2025,2000,87,38,38.775510204081634,206.12244897959184,0,0,207.03461340288777,195.34857980713008,219.4197223711719
CA,111000,3,2025,3000,7,65,66.3265306122449,172.44897959183675,4.1420118343195265,7.142857142857143,172.44897959515308,172.44897959438083,172.44897959592535
CA,111000,3,2025,3000,9,2,2.0408163265306123,2.0408163265306123,0,0,2.040816326632653,2.040816326560499,2.0408163267048067
CA,111000,3,2025,3000,14,75,76.53061224489795,1006.1224489795918,0,0,1006.1224489834182,1006.1224489807919,1006.1224489860446
CA,111000,3,2025,3000,16,81,82.65306122448979,3404.081632653061,0.05995203836930456,2.0408163265306123,3404.0816326571953,3404.0816326490744,3404.081632665316
CA,111000,3,2025,3000,24,13,13.26530612244898,44.89795918367347,0,0,44.89795918433673,44.897959183955315,44.89795918471813
CA,111000,3,2025,3000,27,5,5.1020408163265305,5.1020408163265305,0,0,5.102040816581632,5.102040816467547,5.102040816695718
CA,111000,3,2025,3000,28,47,47.95918367346939,105.10204081632654,0,0,105.1020408187245,105.10204081812688,105.10204081932213
CA,111000,3,2025,3000,31,3,3.061224489795918,4.081632653061225,0,0,4.081632653214286,4.081632653112245,4.081632653316326
CA,111000,3,2025,3000,39,1,1.0204081632653061,3.061224489795918,0,0,3.061224489846939,3.0612244897959187,3.0612244898979597
CA,111000,3,2025,3000,41,1,1.0204081632653061,1.0204081632653061,0,0,1.0204081633163264,1.0204081632653061,1.020408163367347
CA,111000,3,2025,3000,64,31,31.632653061224488,94.89795918367346,0,0,94.89795918525513,94.89795918471064,94.89795918579964
CA,111000,3,2025,3000,69,4,4.081632653061225,4.081632653061225,0,0,4.081632653265306,4.081632653163266,4.081632653367347
CA,111000,3,2025,3000,87,8,8.16326530612245,19.387755102040817,0,0,19.387755102448985,19.387755102210257,19.38775510268771
CA,111000,3,2025,4000,4,1,1.0204081632653061,1.0204081632653061,0,0,1.0204081633163264,1.0204081632653061,1.020408163367347
CA,111000,3,2025,4000,7,15,15.306122448979592,27.551020408163264,0,0,27.551020408928576,27.551020408660282,27.551020409196866
CA,111000,3,2025,4000,14,6,6.122448979591836,18.367346938775512,0,0,18.36734693908164,18.367346938800605,18.36734693936267
CA,111000,3,2025,4000,16,58,59.183673469387756,1320.4081632653063,0.07727975270479134,1.0204081632653061,1320.4081632682658,1320.4081632636426,1320.4081632728885
CA,111000,3,2025,4000,24,2,2.0408163265306123,2.0408163265306123,0,0,2.040816326632653,2.040816326560499,2.0408163267048067
CA,111000,3,2025,4000,27,2,2.0408163265306123,2.0408163265306123,0,0,2.040816326632653,2.040816326560499,2.0408163267048067
CA,111000,3,2025,4000,28,13,13.26530612244898,13.26530612244898,0,0,13.265306123112246,13.265306122928289,13.265306123296202
CA,111000,3,2025,4000,31,2,2.0408163265306123,2.0408163265306123,0,0,2.040816326632653,2.040816326560499,2.0408163267048067
CA,111000,3,2025,4000,64,11,11.224489795918368,16.3265306122449,0,0,16.326530612806124,16.326530612588968,16.326530613023284
CA,111000,3,2025,4000,69,7,7.142857142857143,8.16326530612245,0,0,8.16326530647959,8.163265306333816,8.163265306625362
CA,171100,3,2025,1000,4,1,2,2,0,0,2.0000000001,2,2.0000000002
CA,171100,3,2025,1000,14,5,10,18,0,0,18.64911064128974,16.382527657367667,21.229283721346626
CA,171100,3,2025,1000,20,2,4,8,0,0,8.324555320594872,6.620275176553866,10.467574147230092
CA,171100,3,2025,1000,24,18,36,494,0,0,482.9438858889437,446.21029810746137,522.7015107153419
CA,171100,3,2025,1000,39,1,2,6,0,0,6.324555320494872,4.000000000199999,9.999999999999998
CA,171100,3,2025,1000,63,30,60,810,0,0,797.4231336431054,749.2972716279486,848.6400233216485
CA,171100,3,2025,1000,77,5,10,26,0,0,27.298221282079485,22.727221684988628,32.78856058580969
CA,171100,3,2025,1000,78,7,14,306,0,0,739.2534357697853,603.9640179855555,904.8480141585225
CA,171100,3,2025,1000,86,1,2,2,0,0,2.0000000001,2,2.0000000002
CA,171100,3,2025,1000,87,22,44,118,0,0,119.75316989863519,112.60427821365872,127.35592224622837
CA,171100,3,2025,1000,89,43,86,3202,0,0,6202.003897717872,5711.592047867187,6734.523758865299
CA,171100,3,2025,2000,7,1,2,6,0,0,6.324555320494872,4.000000000199999,9.999999999999998
CA,171100,3,2025,2000,14,17,34,94,8.51063829787234,8,95.58030933457651,88.30842728491602,103.45100477238131
CA,171100,3,2025,2000,20,4,8,12,0,0,12.324555320794872,10.990786142108623,13.820181913410574
CA,171100,3,2025,2000,24,20,40,286,0,0,284.02370737323514,261.60916813983863,308.3587128220088
CA,171100,3,2025,2000,39,1,2,2,0,0,2.0000000001,2,2.0000000002
CA,171100,3,2025,2000,63,14,28,88,0,0,89.5803093342765,81.37332708996796,98.61501437138578
CA,171100,3,2025,2000,77,2,4,8,0,0,8.324555320594872,6.620275176553866,10.467574147230092
CA,171100,3,2025,2000,87,4,8,12,0,0,12.324555320794872,10.990786142108623,13.820181913410574
CA,171100,3,2025,2000,89,18,36,134,0,0,137.70050182060447,124.88253252618206,151.8341101680571
CA,171100,3,2025,3000,14,10,20,28,21.428571428571427,6,28.000000001,28.000000000598554,28.00000000140145
CA,171100,3,2025,3000,20,1,2,2,0,0,2.0000000001,2,2.0000000002
CA,171100,3,2025,3000,24,26,52,516,0,0,516.0000000025999,515.9999999999395,516.0000000052603
CA,171100,3,2025,3000,63,24,48,154,0,0,154.0000000024,154.0000000013844,154.00000000341555
CA,171100,3,2025,3000,77,4,8,18,22.22222222222222,4,18.000000000400004,18.000000000127,18.00000000067301
CA,171100,3,2025,3000,78,1,2,12,0,0,12.0000000001,12,12.0000000002
CA,171100,3,2025,3000,87,1,2,2,0,0,2.0000000001,2,2.0000000002
CA,171100,3,2025,3000,89,39,78,176,0,0,176.0000000038999,176.00000000295935,176.0000000048405
CA,171100,3,2025,4000,24,18,36,88,0,0,88.0000000018,88.00000000109317,88.00000000250684
CA,171100,3,2025,4000,31,1,2,2,0,0,2.0000000001,2,2.0000000002
CA,171100,3,2025,4000,63,13,26,46,0,0,46.0000000013,46.000000000820904,46.00000000177911
CA,171100,3,2025,4000,77,12,24,66,0,0,66.00000000120001,66.00000000061961,66.00000000178039
CA,171100,3,2025,4000,89,33,66,166,0,0,166.00000000330002,166.00000000237512,166.0000000042249
