plottype,plot_id,period,year,species,nr_of_subplots_with_regeneration,perc_subplots_with_regeneration,approx_nr_established_ha,approx_nr_seedlings_ha,approx_rubbing_damage_perc_established,approx_rubbing_damage_perc_seedlings,rubbing_damage_nr_established_ha,rubbing_damage_nr_seedlings_ha,mean_number_established_ha,lci_number_established_ha,uci_number_established_ha,mean_number_seedlings_ha,lci_number_seedlings_ha,uci_number_seedlings_ha,mean_rubbing_damage_perc_established,lci_rubbing_damage_perc_established,uci_rubbing_damage_perc_established,mean_rubbing_damage_perc_seedlings,lci_rubbing_damage_perc_seedlings,uci_rubbing_damage_perc_seedlings
CA,11000,1,2000,4,1,0.13333333333333333,0,0.13333333333333333,,,,,0,0,0,0.13333333334,0.13333333333333333,0.13333333334666667,,,,,,
CA,11000,1,2000,6,3,0.4,0.13333333333333333,0.26666666666666666,,,,,0.13333333334,0.13333333333333333,0.13333333334666667,0.26666666668,0.2666666666705719,0.26666666668942807,,,,,,
CA,11000,1,2000,7,270,36,79.33333333333333,21.466666666666665,,,,,79.33333333454665,79.33333333433765,79.33333333475565,21.466666667253335,21.46666666715789,21.466666667348782,,,,,,
CA,11000,1,2000,14,4,0.5333333333333333,0,0.5333333333333333,,,,,0,0,0,0.53333333336,0.5333333333466667,0.5333333333733333,,,,,,
CA,11000,1,2000,16,25,3.3333333333333335,0.9333333333333333,2.933333333333333,,,,,0.9333333333799999,0.9333333333623616,0.9333333333976382,2.933333333453334,2.9333333334211398,2.933333333485528,,,,,,
CA,11000,1,2000,27,1,0.13333333333333333,0,0.13333333333333333,,,,,0,0,0,0.13333333334,0.13333333333333333,0.13333333334666667,,,,,,
CA,11000,1,2000,31,4,0.5333333333333333,0,0.5333333333333333,,,,,0,0,0,0.53333333336,0.5333333333466667,0.5333333333733333,,,,,,
CA,11000,1,2000,39,1,0.13333333333333333,0,0.13333333333333333,,,,,0,0,0,0.13333333334,0.13333333333333333,0.13333333334666667,,,,,,
CA,11000,1,2000,64,1,0.13333333333333333,0,0.13333333333333333,,,,,0,0,0,0.13333333334,0.13333333333333333,0.13333333334666667,,,,,,
CA,11000,1,2000,71,1,0.13333333333333333,0,0.13333333333333333,,,,,0,0,0,0.13333333334,0.13333333333333333,0.13333333334666667,,,,,,
CA,11000,1,2000,77,1,0.13333333333333333,0.13333333333333333,0,,,,,0.13333333334,0.13333333333333333,0.13333333334666667,0,0,0,,,,,,
CA,11000,1,2000,79,3,0.4,0,0.8,,,,,0,0,0,0.8000000000200002,0.8000000000044446,0.8000000000355557,,,,,,
CA,11000,1,2000,82,1,0.13333333333333333,0,0.13333333333333333,,,,,0,0,0,0.13333333334,0.13333333333333333,0.13333333334666667,,,,,,
CA,11000,1,2000,87,8,1.0666666666666667,0.26666666666666666,1.0666666666666667,,,,,0.26666666668,0.2666666666705719,0.26666666668942807,1.0666666667066667,1.0666666666878102,1.0666666667255231,,,,,,
CA,11000,1,2000,,447,59.6,0,0,,,,,0,0,0,0,0,0,,,,,,
CA,31000,1,2001,,10,100,0,0,,,,,0,0,0,0,0,0,,,,,,
CA,41000,1,2001,3,9,9.183673469387756,0,24.489795918367346,,,,,0,0,0,24.89293605476441,22.396230693855628,27.667971182159338,,,,,,
CA,41000,1,2001,7,35,35.714285714285715,0,80.61224489795919,,,,,0,0,0,82.57765131588808,78.41399892090848,86.96238669993582,,,,,,
CA,41000,1,2001,14,97,98.9795918367347,0,7796.938775510204,,,,,0,0,0,21032.192483975774,19155.284301527416,23093.007324758644,,,,,,
CA,41000,1,2001,16,17,17.346938775510203,0,40.816326530612244,,,,,0,0,0,41.8818244641417,38.751135080409206,45.265441045931176,,,,,,
CA,41000,1,2001,20,6,6.122448979591836,0,18.367346938775512,,,,,0,0,0,19.36088363416797,16.058168495672405,23.342874699366345,,,,,,
CA,41000,1,2001,23,3,3.061224489795918,0,5.1020408163265305,,,,,0,0,0,5.267630265660649,4.521598014949637,6.136752653367648,,,,,,
CA,41000,1,2001,27,3,3.061224489795918,0,5.1020408163265305,,,,,0,0,0,5.267630265660649,4.521598014949637,6.136752653367648,,,,,,
CA,41000,1,2001,28,6,6.122448979591836,0,8.16326530612245,,,,,0,0,0,8.328854755609628,7.716557936179826,8.98973637128985,,,,,,
CA,41000,1,2001,31,19,19.387755102040817,0,64.28571428571429,,,,,0,0,0,63.650847782211244,60.373762866362064,67.10581270811474,,,,,,
CA,41000,1,2001,39,8,8.16326530612245,0,16.3265306122449,,,,,0,0,0,16.988888409377292,15.15034290807753,19.050547643538334,,,,,,
CA,41000,1,2001,43,2,2.0408163265306123,0,4.081632653061225,,,,,0,0,0,4.247222102344322,3.377691416609115,5.340599054709231,,,,,,
CA,41000,1,2001,52,2,2.0408163265306123,0,6.122448979591836,,,,,0,0,0,6.453627878055991,4.667785393491195,8.922713723406753,,,,,,
CA,41000,1,2001,54,2,2.0408163265306123,30.612244897959183,8.16326530612245,,,,,29.574238257599873,21.42857142867347,40.81632653061222,7.904047645387125,6.122448979693876,10.204081632653063,,,,,,
CA,41000,1,2001,63,1,1.0204081632653061,0,1.0204081632653061,,,,,0,0,0,1.0204081633163264,1.0204081632653061,1.020408163367347,,,,,,
CA,41000,1,2001,64,2,2.0408163265306123,0,6.122448979591836,,,,,0,0,0,6.453627878055991,4.667785393491195,8.922713723406753,,,,,,
CA,41000,1,2001,83,1,1.0204081632653061,0,8.16326530612245,,,,,0,0,0,7.904047645387125,6.122448979693876,10.204081632653063,,,,,,
CA,41000,1,2001,87,28,28.571428571428573,0,59.183673469387756,,,,,0,0,0,61.66751520853216,57.88083033386838,65.7019329207744,,,,,,
CA,43000,1,2001,7,7,70,0,70,,,,,0,0,0,70.00000000349999,70.00000000217712,70.00000000482287,,,,,,
CA,43000,1,2001,14,10,100,0,5640,,,,,0,0,0,12106.369032548902,9831.607581881177,14907.447223825779,,,,,,
CA,43000,1,2001,16,4,40,0,130,,,,,0,0,0,129.0824435282682,113.21838009693163,147.1693660778681,,,,,,
CA,43000,1,2001,28,3,30,0,170,,,,,0,0,0,164.91933385008758,146.21142847647306,186.0209353055678,,,,,,
CA,43000,1,2001,31,1,10,0,10,,,,,0,0,0,10.0000000005,10,10.000000001,,,,,,
CA,43000,1,2001,54,1,10,10,0,,,,,10.0000000005,10,10.000000001,0,0,0,,,,,,
CA,43000,1,2001,64,1,10,0,10,,,,,0,0,0,10.0000000005,10,10.000000001,,,,,,
CA,43000,1,2001,83,3,30,0,410,,,,,0,0,0,398.90997845174695,324.90872565087477,489.76576603043526,,,,,,
CA,43000,1,2001,87,5,50,0,50,,,,,0,0,0,50.00000000249999,50.00000000138195,50.00000000361803,,,,,,
CA,43000,1,2001,89,1,10,0,80,,,,,0,0,0,77.45966692479382,60.00000000099998,100.00000000000001,,,,,,
CA,51000,1,2001,3,8,8.16326530612245,0,10.204081632653061,,,,,0,0,0,10.369671082242283,9.792503390548513,10.980856892802027,,,,,,
CA,51000,1,2001,4,50,51.02040816326531,205.10204081632654,666.3265306122449,,,,,202.89549699666884,188.81966493436173,218.02063209801662,650.4055410369191,624.604844928109,677.2719924390234,,,,,,
CA,51000,1,2001,6,1,1.0204081632653061,0,1.0204081632653061,,,,,0,0,0,1.0204081633163264,1.0204081632653061,1.020408163367347,,,,,,
CA,51000,1,2001,7,2,2.0408163265306123,1.0204081632653061,1.0204081632653061,,,,,1.0204081633163264,1.0204081632653061,1.020408163367347,1.0204081633163264,1.0204081632653061,1.020408163367347,,,,,,
CA,51000,1,2001,9,1,1.0204081632653061,1.0204081632653061,0,,,,,1.0204081633163264,1.0204081632653061,1.020408163367347,0,0,0,,,,,,
CA,51000,1,2001,13,8,8.16326530612245,6.122448979591836,9.183673469387756,,,,,6.288038428976975,5.60754395005542,7.051113221127844,9.51485236800497,8.35843247824881,10.831267204768686,,,,,,
CA,51000,1,2001,14,92,93.87755102040816,0,5887.755102040816,,,,,0,0,0,9563.491523203451,9224.512252768502,9914.927489736358,,,,,,
CA,51000,1,2001,16,30,30.612244897959183,2.0408163265306123,90.81632653061224,,,,,2.040816326632653,2.040816326560499,2.0408163267048067,91.44614926173792,86.88838899730509,96.24298840503782,,,,,,
CA,51000,1,2001,20,50,51.02040816326531,87.75510204081633,856.1224489795918,,,,,86.8063563510414,76.88433834188224,98.00882293395709,1070.949480403098,1025.1272781725186,1118.8198909507983,,,,,,
CA,51000,1,2001,24,4,4.081632653061225,7.142857142857143,18.367346938775512,,,,,7.474036041372318,6.0222645315247085,9.275782300049434,18.361912892353246,13.967875460132339,24.13823390885058,,,,,,
CA,51000,1,2001,28,17,17.346938775510203,10.204081632653061,22.448979591836736,,,,,10.700849980400315,8.775295227806748,13.048927395648775,23.111337389275242,21.64715322870436,24.674556985749263,,,,,,
CA,51000,1,2001,39,50,51.02040816326531,104.08163265306122,604.0816326530612,,,,,104.68978840980023,96.8167082238345,113.20310304240031,816.2062093261535,773.6089131819509,861.1490441629409,,,,,,
CA,51000,1,2001,41,2,2.0408163265306123,0,9.183673469387756,,,,,0,0,0,8.92445580870345,7.854518301766607,10.14013952498998,,,,,,
CA,51000,1,2001,44,1,1.0204081632653061,0,1.0204081632653061,,,,,0,0,0,1.0204081633163264,1.0204081632653061,1.020408163367347,,,,,,
CA,51000,1,2001,54,11,11.224489795918368,60.204081632653065,59.183673469387756,,,,,59.53505486034577,53.53724086454429,66.20480809222498,57.716561670209856,53.72723682706939,62.00209963808857,,,,,,
CA,51000,1,2001,64,1,1.0204081632653061,0,1.0204081632653061,,,,,0,0,0,1.0204081633163264,1.0204081632653061,1.020408163367347,,,,,,
CA,51000,1,2001,69,1,1.0204081632653061,0,3.061224489795918,,,,,0,0,0,3.2268139390279957,2.0408163266326524,5.10204081632653,,,,,,
CA,51000,1,2001,71,14,14.285714285714286,220.40816326530611,701.0204081632653,,,,,440.7094125199624,377.85935315605593,514.0134408780285,1583.7131566613245,1295.153781579503,1936.5633627872123,,,,,,
CA,51000,1,2001,77,1,1.0204081632653061,1.0204081632653061,0,,,,,1.0204081633163264,1.0204081632653061,1.020408163367347,0,0,0,,,,,,
CA,51000,1,2001,79,1,1.0204081632653061,1.0204081632653061,0,,,,,1.0204081633163264,1.0204081632653061,1.020408163367347,0,0,0,,,,,,
CA,51000,1,2001,83,21,21.428571428571427,44.89795918367347,118.36734693877551,,,,,44.46228398101461,40.382723409865925,48.95397164633557,117.98733083478278,110.25725896426339,126.25935351819844,,,,,,
CA,51000,1,2001,86,3,3.061224489795918,3.061224489795918,5.1020408163265305,,,,,3.2268139390279957,2.0408163266326524,5.10204081632653,5.267630265660649,4.521598014949637,6.136752653367648,,,,,,
CA,51000,1,2001,87,76,77.55102040816327,44.89795918367347,921.4285714285714,,,,,45.62684417190835,39.603049939456945,52.56688341605425,904.1937883379431,873.5278166116847,935.936316304349,,,,,,
CA,51000,1,2001,89,2,2.0408163265306123,0,2.0408163265306123,,,,,0,0,0,2.040816326632653,2.040816326560499,2.0408163267048067,,,,,,
CA,51000,1,2001,,2,2.0408163265306123,0,0,,,,,0,0,0,0,0,0,,,,,,
CA,53000,1,2001,2,1,10,10,0,,,,,10.0000000005,10,10.000000001,0,0,0,,,,,,
CA,53000,1,2001,3,5,50,0,110,,,,,0,0,0,114.8683298084231,98.01105750682584,134.62494466053212,,,,,,
CA,53000,1,2001,4,7,70,120,440,,,,,119.0824435277682,99.98021876905642,141.8343401438222,432.3257471204432,390.9872104348759,478.0349500828008,,,,,,
CA,53000,1,2001,6,7,70,350,90,,,,,341.45031152795315,296.8362688543718,392.7697774012064,93.2455532064487,81.91263828683833,106.14641860673312,,,,,,
CA,53000,1,2001,7,2,20,10,10,,,,,10.0000000005,10,10.000000001,10.0000000005,10,10.000000001,,,,,,
CA,53000,1,2001,20,2,20,0,40,,,,,0,0,0,41.622776602974355,33.101375882769325,52.33787073615046,,,,,,
CA,53000,1,2001,28,1,10,0,10,,,,,0,0,0,10.0000000005,10,10.000000001,,,,,,
CA,53000,1,2001,39,10,100,190,770,,,,,192.32799673321688,167.37973132752748,220.994848265292,750.3714227538967,677.3192173888783,831.3026673838366,,,,,,
CA,53000,1,2001,63,5,50,20,80,,,,,20.000000001,20.00000000029289,20.000000001707104,83.24555320594871,70.79694605744939,97.88306578847505,,,,,,
CA,53000,1,2001,79,2,20,10,10,,,,,10.0000000005,10,10.000000001,10.0000000005,10,10.000000001,,,,,,
CA,53000,1,2001,87,9,90,40,1400,,,,,41.622776602974355,33.101375882769325,52.33787073615046,3567.9432091073377,3001.526287224607,4241.248460024749,,,,,,
CA,53000,1,2001,89,1,10,0,10,,,,,0,0,0,10.0000000005,10,10.000000001,,,,,,
CA,71000,1,2002,3,2,2.0408163265306123,0,2.0408163265306123,,,,,0,0,0,2.040816326632653,2.040816326560499,2.0408163267048067,,,,,,
CA,71000,1,2002,7,12,12.244897959183673,5.1020408163265305,12.244897959183673,,,,,5.102040816581632,5.102040816467547,5.102040816695718,12.24489795964286,12.24489795946612,12.2448979598196,,,,,,
CA,71000,1,2002,14,49,50,0,366.3265306122449,,,,,0,0,0,366.3265306147449,366.32653061327557,366.32653061621426,,,,,,
CA,71000,1,2002,15,5,5.1020408163265305,0,95.91836734693878,,,,,0,0,0,95.91836734719392,95.9183673467833,95.91836734760456,,,,,,
CA,71000,1,2002,16,82,83.6734693877551,81.63265306122449,762.2448979591837,,,,,81.63265306413268,81.63265306364872,81.63265306461665,762.2448979631124,762.2448979608547,762.2448979653702,,,,,,
CA,71000,1,2002,23,14,14.285714285714286,33.673469387755105,4.081632653061225,,,,,33.67346938887755,33.67346938857544,33.673469389179665,4.081632653163266,4.081632653055705,4.081632653270826,,,,,,
CA,71000,1,2002,28,29,29.591836734693878,39.79591836734694,19.387755102040817,,,,,39.795918368622445,39.79591836828151,39.79591836896337,19.387755102959186,19.38775510273551,19.38775510318286,,,,,,
CA,71000,1,2002,31,4,4.081632653061225,0,4.081632653061225,,,,,0,0,0,4.081632653265306,4.081632653163266,4.081632653367347,,,,,,
CA,71000,1,2002,64,60,61.224489795918366,20.408163265306122,748.9795918367347,,,,,20.40816326596939,20.40816326571656,20.40816326622222,748.9795918409186,748.979591838458,748.9795918433794,,,,,,
CA,71000,1,2002,69,8,8.16326530612245,10.204081632653061,1.0204081632653061,,,,,10.204081633112247,10.204081632949421,10.204081633275074,1.0204081633163264,1.0204081632653061,1.020408163367347,,,,,,
CA,71000,1,2002,83,5,5.1020408163265305,2.0408163265306123,7.142857142857143,,,,,2.040816326632653,2.040816326560499,2.0408163267048067,7.142857143010202,7.142857142840168,7.142857143180236,,,,,,
CA,71000,1,2002,87,74,75.51020408163265,0,391.83673469387753,,,,,0,0,0,391.83673469770406,391.83673469645674,391.8367346989514,,,,,,
CA,71000,1,2002,89,1,1.0204081632653061,1.0204081632653061,0,,,,,1.0204081633163264,1.0204081632653061,1.020408163367347,0,0,0,,,,,,
CA,71000,1,2002,,7,7.142857142857143,0,0,,,,,0,0,0,0,0,0,,,,,,
CA,81000,1,2002,3,2,2.0408163265306123,0,2.0408163265306123,,,,,0,0,0,2.040816326632653,2.040816326560499,2.0408163267048067,,,,,,
CA,81000,1,2002,4,22,22.448979591836736,0,33.673469387755105,,,,,0,0,0,33.673469388928574,33.67346938862922,33.673469389227925,,,,,,
CA,81000,1,2002,7,84,85.71428571428571,139.79591836734693,246.9387755102041,,,,,139.79591836959185,139.79591836874044,139.79591837044322,246.93877551642865,246.93877551553203,246.93877551732524,,,,,,
CA,81000,1,2002,9,6,6.122448979591836,0,11.224489795918368,,,,,0,0,0,11.224489796224487,11.224489796030749,11.224489796418228,,,,,,
CA,81000,1,2002,14,39,39.795918367346935,0,132.6530612244898,,,,,0,0,0,132.65306122658166,132.6530612258177,132.6530612273456,,,,,,
CA,81000,1,2002,16,96,97.95918367346938,937.7551020408164,9733.673469387755,,,,,937.7551020460717,937.7551020435898,937.7551020485538,9733.673469395306,9733.673469384898,9733.673469405716,,,,,,
CA,81000,1,2002,24,11,11.224489795918368,24.489795918367346,130.6122448979592,,,,,24.48979591887755,24.48979591861068,24.489795919144417,130.61224489882653,130.6122448979645,130.6122448996886,,,,,,
CA,81000,1,2002,27,17,17.346938775510203,10.204081632653061,61.224489795918366,,,,,10.204081633010206,10.204081632841444,10.20408163317897,61.224489797142844,61.22448979675045,61.224489797535234,,,,,,
CA,81000,1,2002,28,95,96.93877551020408,237.75510204081633,325.51020408163265,,,,,237.7551020461225,237.7551020452753,237.75510204696968,325.51020408724486,325.51020408617393,325.51020408831573,,,,,,
CA,81000,1,2002,31,11,11.224489795918368,9.183673469387756,9.183673469387756,,,,,9.1836734697449,9.18367346958274,9.18367346990706,9.18367346979592,9.18367346964137,9.18367346995047,,,,,,
CA,81000,1,2002,39,62,63.265306122448976,13.26530612244898,235.71428571428572,,,,,13.265306122857144,13.265306122661602,13.265306123052682,235.71428571816332,235.71428571719278,235.7142857191339,,,,,,
CA,81000,1,2002,40,7,7.142857142857143,13.26530612244898,0,,,,,13.265306122806127,13.26530612260684,13.265306123005413,0,0,0,,,,,,
CA,81000,1,2002,57,2,2.0408163265306123,1.0204081632653061,1.0204081632653061,,,,,1.0204081633163264,1.0204081632653061,1.020408163367347,1.0204081633163264,1.0204081632653061,1.020408163367347,,,,,,
CA,81000,1,2002,63,6,6.122448979591836,9.183673469387756,4.081632653061225,,,,,9.183673469591838,9.18367346945255,9.183673469731128,4.081632653265306,4.081632653163266,4.081632653367347,,,,,,
CA,81000,1,2002,64,28,28.571428571428573,0,85.71428571428572,,,,,0,0,0,85.71428571581636,85.71428571524211,85.7142857163906,,,,,,
CA,81000,1,2002,87,98,100,9.183673469387756,1646.938775510204,,,,,9.18367346984694,9.183673469693879,9.183673470000002,1646.9387755181635,1646.9387755151124,1646.9387755212151,,,,,,
CA,91000,1,2003,4,1,1.0204081632653061,0,5.1020408163265305,,,,,0,0,0,5.10204081637755,5.10204081632653,5.102040816428571,,,,,,
CA,91000,1,2003,13,1,1.0204081632653061,0,1.0204081632653061,,,,,0,0,0,1.0204081633163264,1.0204081632653061,1.020408163367347,,,,,,
CA,91000,1,2003,14,42,42.857142857142854,229.59183673469389,171.42857142857144,,,,,229.5918367372959,229.59183673619512,229.5918367383966,171.42857142989803,171.4285714288811,171.42857143091499,,,,,,
CA,91000,1,2003,16,35,35.714285714285715,121.42857142857143,21.42857142857143,,,,,121.42857143056118,121.42857142978521,121.42857143133716,21.428571429183673,21.428571428921796,21.428571429445547,,,,,,
CA,91000,1,2003,20,5,5.1020408163265305,5.1020408163265305,4.081632653061225,,,,,5.102040816530612,5.10204081641564,5.102040816645585,4.081632653112245,4.081632653061225,4.081632653163266,,,,,,
CA,91000,1,2003,24,2,2.0408163265306123,1.0204081632653061,5.1020408163265305,,,,,1.0204081633163264,1.0204081632653061,1.020408163367347,5.102040816428571,5.1020408162970945,5.102040816560048,,,,,,
CA,91000,1,2003,28,57,58.16326530612245,107.14285714285714,5.1020408163265305,,,,,107.14285714632652,107.14285714578143,107.1428571468716,5.102040816581632,5.102040816467547,5.102040816695718,,,,,,
CA,91000,1,2003,40,1,1.0204081632653061,1.0204081632653061,0,,,,,1.0204081633163264,1.0204081632653061,1.020408163367347,0,0,0,,,,,,
CA,91000,1,2003,54,11,11.224489795918368,114.28571428571429,42.85714285714286,,,,,114.2857142864796,114.28571428582732,114.28571428713188,42.857142857244895,42.85714285714872,42.85714285734106,,,,,,
CA,91000,1,2003,57,1,1.0204081632653061,1.0204081632653061,0,,,,,1.0204081633163264,1.0204081632653061,1.020408163367347,0,0,0,,,,,,
CA,91000,1,2003,63,3,3.061224489795918,2.0408163265306123,1.0204081632653061,,,,,2.040816326632653,2.040816326560499,2.0408163267048067,1.0204081633163264,1.0204081632653061,1.020408163367347,,,,,,
CA,91000,1,2003,69,3,3.061224489795918,3.061224489795918,1.0204081632653061,,,,,3.06122448994898,3.06122448986061,3.0612244900373504,1.0204081633163264,1.0204081632653061,1.020408163367347,,,,,,
CA,91000,1,2003,77,1,1.0204081632653061,2.0408163265306123,0,,,,,2.040816326581633,2.0408163265306123,2.040816326632653,0,0,0,,,,,,
CA,91000,1,2003,79,1,1.0204081632653061,1.0204081632653061,0,,,,,1.0204081633163264,1.0204081632653061,1.020408163367347,0,0,0,,,,,,
CA,91000,1,2003,83,96,97.95918367346938,1591.8367346938776,836.7346938775511,,,,,1591.836734700817,1591.8367346979019,1591.8367347037324,836.7346938812755,836.7346938792867,836.7346938832642,,,,,,
CA,91000,1,2003,86,5,5.1020408163265305,6.122448979591836,0,,,,,6.122448979846939,6.122448979720722,6.122448979973156,0,0,0,,,,,,
CA,91000,1,2003,87,32,32.6530612244898,29.591836734693878,24.489795918367346,,,,,29.59183673591837,29.591836735640946,29.591836736195802,24.48979591913265,24.489795918864566,24.489795919400734,,,,,,
CA,101000,1,2004,4,3,3.061224489795918,0,4.081632653061225,,,,,0,0,0,4.081632653214286,4.081632653112245,4.081632653316326,,,,,,
CA,101000,1,2004,7,21,21.428571428571427,0,40.816326530612244,,,,,0,0,0,40.81632653168368,40.81632653130049,40.81632653206687,,,,,,
CA,101000,1,2004,9,5,5.1020408163265305,0,6.122448979591836,,,,,0,0,0,6.122448979846939,6.122448979720722,6.122448979973156,,,,,,
CA,101000,1,2004,14,24,24.489795918367346,0,43.87755102040816,,,,,0,0,0,43.87755102178571,43.877551021425155,43.87755102214628,,,,,,
CA,101000,1,2004,16,98,100,1108.1632653061224,713.265306122449,,,,,1108.1632653140819,1108.1632653119314,1108.1632653162326,713.2653061305103,713.265306128703,713.2653061323177,,,,,,
CA,101000,1,2004,27,10,10.204081632653061,0,60.204081632653065,,,,,0,0,0,60.204081633163256,60.20408163266634,60.20408163366017,,,,,,
CA,101000,1,2004,28,20,20.408163265306122,26.53061224489796,3.061224489795918,,,,,26.530612245867346,26.53061224560277,26.530612246131923,3.06122448994898,3.06122448986061,3.0612244900373504,,,,,,
CA,101000,1,2004,31,11,11.224489795918368,36.734693877551024,5.1020408163265305,,,,,36.73469387790817,36.734693877265386,36.73469387855095,5.102040816581632,5.102040816467547,5.102040816695718,,,,,,
CA,101000,1,2004,39,2,2.0408163265306123,0,2.0408163265306123,,,,,0,0,0,2.040816326632653,2.040816326560499,2.0408163267048067,,,,,,
CA,101000,1,2004,44,1,1.0204081632653061,1.0204081632653061,0,,,,,1.0204081633163264,1.0204081632653061,1.020408163367347,0,0,0,,,,,,
CA,101000,1,2004,64,19,19.387755102040817,4.081632653061225,18.367346938775512,,,,,4.081632653265306,4.081632653163266,4.081632653367347,18.367346939591833,18.367346939373267,18.367346939810403,,,,,,
CA,101000,1,2004,69,3,3.061224489795918,3.061224489795918,1.0204081632653061,,,,,3.06122448994898,3.06122448986061,3.0612244900373504,1.0204081633163264,1.0204081632653061,1.020408163367347,,,,,,
CA,101000,1,2004,87,9,9.183673469387756,0,13.26530612244898,,,,,0,0,0,13.265306122908164,13.265306122718675,13.265306123097654,,,,,,
CA,171100,1,2004,4,2,4,0,8,,,,,0,0,0,8.324555320594872,6.620275176553866,10.467574147230092,,,,,,
CA,171100,1,2004,7,1,2,0,2,,,,,0,0,0,2.0000000001,2,2.0000000002,,,,,,
CA,171100,1,2004,9,1,2,0,2,,,,,0,0,0,2.0000000001,2,2.0000000002,,,,,,
CA,171100,1,2004,14,31,62,418,664,,,,,418.00000000250003,418.0000000004076,418.00000000459244,656.9312445453446,628.675104683185,686.457371772937,,,,,,
CA,171100,1,2004,16,1,2,0,2,,,,,0,0,0,2.0000000001,2,2.0000000002,,,,,,
CA,171100,1,2004,20,11,22,24,148,,,,,24.0000000004,24.000000000030088,24.000000000769912,145.2655048997599,135.7451095946208,155.45360696086823,,,,,,
CA,171100,1,2004,24,30,60,458,112,,,,,458.0000000041001,458.000000002006,458.0000000061943,116.54377448832822,109.62272516060726,123.90178543807207,,,,,,
CA,171100,1,2004,31,1,2,4,8,,,,,4.0000000001,4,4.0000000002,8.324555320594872,6.620275176553866,10.467574147230092,,,,,,
CA,171100,1,2004,39,20,40,22,40,,,,,22.000000001100002,22.000000000768342,22.000000001431665,40.649110642389736,39.03591990537599,42.328967782047386,,,,,,
CA,171100,1,2004,62,1,2,0,2,,,,,0,0,0,2.0000000001,2,2.0000000002,,,,,,
CA,171100,1,2004,63,25,50,56,52,,,,,56.00000000159999,56.0000000010046,56.00000000219538,53.622776603574366,50.297036209373914,57.16842158864524,,,,,,
CA,171100,1,2004,64,2,4,0,4,,,,,0,0,0,4.0000000002,4.000000000058578,4.000000000341421,,,,,,
CA,171100,1,2004,69,3,6,2,4,,,,,2.0000000001,2,2.0000000002,4.0000000002,4.000000000058578,4.000000000341421,,,,,,
CA,171100,1,2004,77,10,20,18,14,,,,,18.000000000900002,18.000000000600004,18.000000001200004,14.32455532089487,13.0703479166473,15.699114243166374,,,,,,
CA,171100,1,2004,86,3,6,6,8,,,,,6.000000000300001,6.0000000001267955,6.000000000473206,8.324555320594872,6.620275176553866,10.467574147230092,,,,,,
CA,171100,1,2004,87,42,84,14,1136,,,,,14.000000000699998,14.000000000435424,14.000000000964574,1996.4521584149106,1888.0166209047939,2111.115536117172,,,,,,
CA,171100,1,2004,88,1,2,0,2,,,,,0,0,0,2.0000000001,2,2.0000000002,,,,,,
CA,171100,1,2004,89,50,100,1244,6056,,,,,1244.0000000062005,1244.0000000023113,1244.0000000100897,11611.128876349841,10841.325984468105,12435.59265502702,,,,,,
CA,171100,1,2004,92,17,34,20,84,,,,,20.000000000800004,20.000000000481318,20.000000001118693,84.45494861615575,78.21953806131161,91.18742608997076,,,,,,
CA,171200,1,2004,3,7,14,0,18,,,,,0,0,0,18.000000000699995,18.00000000039847,18.00000000100152,,,,,,
CA,171200,1,2004,4,23,46,2,164,,,,,2.0000000001,2,2.0000000002,164.00000000250003,164.0000000014865,164.00000000351352,,,,,,
CA,171200,1,2004,7,1,2,0,2,,,,,0,0,0,2.0000000001,2,2.0000000002,,,,,,
CA,171200,1,2004,13,6,12,4,46,,,,,4.0000000002,4.000000000058578,4.000000000341421,46.00000000039998,45.99999999940364,46.00000000139632,,,,,,
CA,171200,1,2004,16,1,2,0,2,,,,,0,0,0,2.0000000001,2,2.0000000002,,,,,,
CA,171200,1,2004,20,8,16,0,48,,,,,0,0,0,48.00000000080001,48.000000000215195,48.00000000138482,,,,,,
CA,171200,1,2004,31,5,10,8,6,,,,,8.0000000003,8.0000000001,8.0000000005,6.000000000300001,6.0000000001267955,6.000000000473206,,,,,,
CA,171200,1,2004,39,49,98,720,4598,,,,,720.0000000047004,720.0000000014638,720.0000000079368,4598.000000006599,4597.999999993956,4598.000000019243,,,,,,
CA,171200,1,2004,40,3,6,6,0,,,,,6.000000000300001,6.0000000001267955,6.000000000473206,0,0,0,,,,,,
CA,171200,1,2004,57,1,2,2,2,,,,,2.0000000001,2,2.0000000002,2.0000000001,2,2.0000000002,,,,,,
CA,171200,1,2004,63,48,96,36,632,,,,,36.00000000109999,36.000000000665125,36.000000001534865,632.0000000059002,632.0000000037178,632.0000000080827,,,,,,
CA,171200,1,2004,64,4,8,4,6,,,,,4.0000000002,4.000000000058578,4.000000000341421,6.000000000200001,6.000000000032296,6.000000000367705,,,,,,
CA,171200,1,2004,77,1,2,2,0,,,,,2.0000000001,2,2.0000000002,0,0,0,,,,,,
CA,171200,1,2004,79,7,14,6,38,,,,,6.000000000300001,6.0000000001267955,6.000000000473206,38.00000000040001,37.9999999996868,38.000000001113214,,,,,,
CA,171200,1,2004,86,44,88,168,306,,,,,168.00000000339995,168.0000000022907,168.00000000450922,306.00000000349996,306.00000000182115,306.0000000051788,,,,,,
CA,171200,1,2004,87,48,96,48,1778,,,,,48.0000000006,47.99999999977508,48.000000001424915,1778.0000000052003,1778.000000000722,1778.0000000096788,,,,,,
CA,171200,1,2004,89,36,72,190,786,,,,,190.00000000419993,190.0000000030107,190.00000000538915,786.0000000027003,785.9999999995148,786.0000000058857,,,,,,
CA,171200,1,2004,,1,2,0,0,,,,,0,0,0,0,0,0,,,,,,
CA,61000,1,2005,4,1,10,0,10,,,,,0,0,0,10.0000000005,10,10.000000001,,,,,,
CA,61000,1,2005,6,1,10,0,10,,,,,0,0,0,10.0000000005,10,10.000000001,,,,,,
CA,61000,1,2005,12,2,20,0,30,,,,,0,0,0,30.000000001500002,30.000000000633975,30.00000000236603,,,,,,
CA,61000,1,2005,16,1,10,0,10,,,,,0,0,0,10.0000000005,10,10.000000001,,,,,,
CA,61000,1,2005,26,2,20,30,0,,,,,30.000000001000004,30.000000000161478,30.000000001838522,0,0,0,,,,,,
CA,61000,1,2005,31,2,20,0,20,,,,,0,0,0,20.000000001,20.00000000029289,20.000000001707104,,,,,,
CA,61000,1,2005,39,4,40,20,210,,,,,20.000000001,20.00000000029289,20.000000001707104,213.9507733351913,182.58372950383009,250.70653083448036,,,,,,
CA,61000,1,2005,57,2,20,20,10,,,,,20.0000000005,20,20.000000001,10.0000000005,10,10.000000001,,,,,,
CA,61000,1,2005,63,4,40,0,650,,,,,0,0,0,631.2778464524316,554.7504440465076,718.3621458953003,,,,,,
CA,61000,1,2005,86,2,20,10,20,,,,,10.0000000005,10,10.000000001,20.000000001,20.00000000029289,20.000000001707104,,,,,,
CA,61000,1,2005,87,4,40,0,70,,,,,0,0,0,71.62277660447434,65.3517395832365,78.49557121583186,,,,,,
CA,61000,1,2005,,4,40,0,0,,,,,0,0,0,0,0,0,,,,,,
CA,111000,1,2005,7,68,69.38775510204081,0,2329.591836734694,,,,,0,0,0,5856.786612233625,5435.01285755633,6311.2913106633805,,,,,,
CA,111000,1,2005,9,36,36.734693877551024,0,1438.7755102040817,,,,,0,0,0,3868.4688803263266,3457.479247577394,4328.312740716817,,,,,,
CA,111000,1,2005,14,98,100,5.1020408163265305,4802.040816326531,,,,,5.102040816530612,5.10204081641564,5.102040816645585,12519.478227962854,11645.20583729184,13459.387261194697,,,,,,
CA,111000,1,2005,15,97,98.9795918367347,0,4667.34693877551,,,,,0,0,0,13508.184653657803,12486.20458419472,14613.812500580969,,,,,,
CA,111000,1,2005,16,89,90.81632653061224,78.57142857142857,2477.5510204081634,,,,,78.57142857346939,78.57142857297937,78.57142857395944,6672.986220678236,6243.501036984804,7132.015328833202,,,,,,
CA,111000,1,2005,24,38,38.775510204081634,1.0204081632653061,1360.204081632653,,,,,1.0204081633163264,1.0204081632653061,1.020408163367347,3343.4686801872476,3079.709902392837,3629.8168235610424,,,,,,
CA,111000,1,2005,27,9,9.183673469387756,0,226.53061224489795,,,,,0,0,0,669.2272887311376,546.5237588387151,819.4797696152842,,,,,,
CA,111000,1,2005,28,28,28.571428571428573,12.244897959183673,805.1020408163265,,,,,12.244897959591837,12.244897959410551,12.244897959773123,2131.0032665129243,1898.549022071741,2391.9187069150926,,,,,,
CA,111000,1,2005,39,3,3.061224489795918,0,19.387755102040817,,,,,0,0,0,19.38232105566957,16.151544960033615,23.259345804667237,,,,,,
CA,111000,1,2005,64,40,40.816326530612244,5.1020408163265305,1626.530612244898,,,,,5.102040816581632,5.102040816467547,5.102040816695718,4497.222087760764,3985.6130318581354,5074.5033060106625,,,,,,
CA,111000,1,2005,69,47,47.95918367346939,44.89795918367347,619.3877551020408,,,,,44.897959185255104,44.89795918490127,44.89795918560893,1503.3294834782996,1408.6323936483102,1604.392704644403,,,,,,
CA,111000,1,2005,87,96,97.95918367346938,0,3521.4285714285716,,,,,0,0,0,8815.484264072657,8324.212823652553,9335.74915207578,,,,,,
CA,121000,1,2006,3,16,16.3265306122449,0,54.08163265306123,,,,,0,0,0,54.62869526496697,50.14808282178823,59.509639819291664,,,,,,
CA,121000,1,2006,4,6,6.122448979591836,2.0408163265306123,7.142857142857143,,,,,2.040816326632653,2.040816326560499,2.0408163267048067,7.3084465922933015,6.668544855432296,8.009752164880803,,,,,,
CA,121000,1,2006,5,4,4.081632653061225,1.0204081632653061,4.081632653061225,,,,,1.0204081633163264,1.0204081632653061,1.020408163367347,4.081632653265306,4.081632653163266,4.081632653367347,,,,,,
CA,121000,1,2006,7,62,63.265306122448976,21.42857142857143,120.40816326530613,,,,,21.428571429438772,21.428571429197863,21.428571429679685,123.62632404084238,119.89445753341924,127.47434960945766,,,,,,
CA,121000,1,2006,9,24,24.489795918367346,0,98.9795918367347,,,,,0,0,0,99.00278508125771,94.11758385270193,104.14155413493779,,,,,,
CA,121000,1,2006,14,51,52.04081632653061,3.061224489795918,483.6734693877551,,,,,3.06122448994898,3.06122448986061,3.0612244900373504,700.9995774238016,668.9016477656561,734.6377590633568,,,,,,
CA,121000,1,2006,15,57,58.16326530612245,0,1232.6530612244899,,,,,0,0,0,1653.7291562493078,1573.7905115524568,1737.7281805640696,,,,,,
CA,121000,1,2006,16,97,98.9795918367347,256.12244897959187,11886.734693877552,,,,,256.12244898224486,256.12244898105035,256.12244898343937,33534.59842288807,31439.153398345126,35769.70655461612,,,,,,
CA,121000,1,2006,24,28,28.571428571428573,5.1020408163265305,80.61224489795919,,,,,5.102040816581632,5.102040816467547,5.102040816695718,82.57765131588808,78.41399892090848,86.96238669993582,,,,,,
CA,121000,1,2006,27,15,15.306122448979592,9.183673469387756,25.510204081632654,,,,,9.183673469591838,9.183673469422594,9.183673469761082,25.58216531992271,24.340695372526813,26.886955053655797,,,,,,
CA,121000,1,2006,28,88,89.79591836734694,140.81632653061226,380.6122448979592,,,,,140.81632653454088,140.8163265339029,140.81632653517886,387.3882319305684,374.25213221799055,400.98540347361546,,,,,,
CA,121000,1,2006,31,1,1.0204081632653061,0,1.0204081632653061,,,,,0,0,0,1.0204081633163264,1.0204081632653061,1.020408163367347,,,,,,
CA,121000,1,2006,39,20,20.408163265306122,1.0204081632653061,52.04081632653061,,,,,1.0204081633163264,1.0204081632653061,1.020408163367347,54.35906861623887,50.454907724768645,58.56533039251565,,,,,,
CA,121000,1,2006,46,3,3.061224489795918,0,3.061224489795918,,,,,0,0,0,3.06122448994898,3.06122448986061,3.0612244900373504,,,,,,
CA,121000,1,2006,63,1,1.0204081632653061,1.0204081632653061,0,,,,,1.0204081633163264,1.0204081632653061,1.020408163367347,0,0,0,,,,,,
CA,121000,1,2006,64,1,1.0204081632653061,0,1.0204081632653061,,,,,0,0,0,1.0204081633163264,1.0204081632653061,1.020408163367347,,,,,,
CA,121000,1,2006,65,1,1.0204081632653061,0,1.0204081632653061,,,,,0,0,0,1.0204081633163264,1.0204081632653061,1.020408163367347,,,,,,
CA,121000,1,2006,69,7,7.142857142857143,4.081632653061225,15.306122448979592,,,,,4.081632653163266,4.081632653055705,4.081632653270826,15.802890796981949,14.469207466657453,17.25950492567147,,,,,,
CA,121000,1,2006,81,35,35.714285714285715,1.0204081632653061,333.6734693877551,,,,,1.0204081633163264,1.0204081632653061,1.020408163367347,328.5107593359304,312.9047548102697,344.8951073463446,,,,,,
CA,121000,1,2006,87,90,91.83673469387755,2.0408163265306123,5040.816326530612,,,,,2.040816326581633,2.0408163265306123,2.040816326632653,10525.960064453984,10010.303234015979,11068.179723266041,,,,,,
CA,121000,1,2006,89,1,1.0204081632653061,0,106.12244897959184,,,,,0,0,0,327.5176013283865,176.67322321505483,607.1535755552985,,,,,,
CA,131000,1,2006,3,27,79.41176470588235,302.94117647058823,4764.7058823529405,,,,,302.9411764726471,302.9411764697525,302.94117647554174,11110.114281620785,10067.706618711887,12260.45255642014,,,,,,
CA,131000,1,2006,4,13,38.23529411764706,70.58823529411764,5.88235294117647,,,,,70.58823529632352,70.5882352955508,70.58823529709623,5.882352941470588,5.8823529412626145,5.88235294167856,,,,,,
CA,131000,1,2006,5,1,2.9411764705882355,2.941176470588235,0,,,,,2.941176470735294,2.941176470588235,2.9411764708823527,0,0,0,,,,,,
CA,131000,1,2006,14,7,20.58823529411765,17.64705882352941,155.88235294117646,,,,,17.647058824264704,17.647058823900903,17.64705882462851,153.3520758450044,134.59249910748983,174.72637273189116,,,,,,
CA,131000,1,2006,15,2,5.882352941176471,0,17.64705882352941,,,,,0,0,0,18.601633295573148,13.454204957709912,25.71841014393711,,,,,,
CA,131000,1,2006,16,2,5.882352941176471,11.76470588235294,20.588235294117645,,,,,11.764705882647059,11.764705882337031,11.764705882957085,21.542809766308444,17.358291884982982,26.736078394260133,,,,,,
CA,131000,1,2006,28,18,52.94117647058823,73.52941176470588,29.41176470588235,,,,,73.52941176720589,73.52941176642844,73.52941176798333,28.66460791935112,26.32517180439116,31.211942443356445,,,,,,
CA,131000,1,2006,31,1,2.9411764705882355,17.64705882352941,132.35294117647058,,,,,17.647058823823528,17.647058823373612,17.647058824273444,128.86808960796068,103.44545130746285,160.53856703515885,,,,,,
CA,131000,1,2006,39,23,67.6470588235294,255.88235294117646,252.9411764705882,,,,,255.8823529458823,255.8823529444748,255.88235294728975,254.00939108362525,234.67172518998436,274.9405396258951,,,,,,
CA,131000,1,2006,41,1,2.9411764705882355,2.941176470588235,0,,,,,2.941176470735294,2.941176470588235,2.9411764708823527,0,0,0,,,,,,
CA,131000,1,2006,54,5,14.705882352941176,199.99999999999997,350,,,,,200.00000000102943,199.99999999937404,200.00000000268483,988.3463862201269,780.3971469759574,1251.7070096163213,,,,,,
CA,131000,1,2006,59,2,5.882352941176471,32.35294117647059,61.764705882352935,,,,,32.35294117691176,32.35294117633818,32.35294117748535,62.22633027868711,49.05439855459445,78.93514738831894,,,,,,
CA,131000,1,2006,63,3,8.823529411764707,8.823529411764705,2.941176470588235,,,,,8.823529412058825,8.8235294118122,8.823529412305447,2.941176470735294,2.941176470588235,2.9411764708823527,,,,,,
CA,131000,1,2006,64,9,26.470588235294116,26.470588235294116,144.1176470588235,,,,,26.470588235735285,26.47058823510819,26.470588236362385,144.51681959001377,130.44796467475925,160.10300502951205,,,,,,
CA,131000,1,2006,67,1,2.9411764705882355,2.941176470588235,8.823529411764705,,,,,2.941176470735294,2.941176470588235,2.9411764708823527,9.300816647786576,5.882352941470587,14.705882352941172,,,,,,
CA,131000,1,2006,69,6,17.647058823529413,123.52941176470587,23.52941176470588,,,,,123.52941176632355,123.52941176520564,123.52941176744145,24.483986237043737,20.822631193367467,28.789136996610306,,,,,,
CA,131000,1,2006,82,1,2.9411764705882355,2.941176470588235,0,,,,,2.941176470735294,2.941176470588235,2.9411764708823527,0,0,0,,,,,,
CA,131000,1,2006,83,2,5.882352941176471,20.588235294117645,32.35294117647059,,,,,20.588235294264706,20.58823529411765,20.58823529441176,32.08307162566712,24.6817221191939,41.70387625169908,,,,,,
CA,131000,1,2006,87,7,20.58823529411765,0,44.11764705882353,,,,,0,0,0,46.02679600335217,40.379614770239684,52.463748413358644,,,,,,
CA,131000,1,2006,89,1,2.9411764705882355,2.941176470588235,0,,,,,2.941176470735294,2.941176470588235,2.9411764708823527,0,0,0,,,,,,
CA,141100,1,2007,14,40,80,872,754,,,,,872.0000000061997,872.0000000026556,872.0000000097438,1617.6853510021474,1484.0244608968737,1763.3846097559656,,,,,,
CA,141100,1,2007,20,20,40,96,728,,,,,96.00000000160001,96.00000000070511,96.00000000249491,1150.0117194647962,1057.6171008290978,1250.4780358313121,,,,,,
CA,141100,1,2007,22,3,6,14,0,,,,,14.000000000299996,13.99999999996673,14.000000000633262,0,0,0,,,,,,
CA,141100,1,2007,28,9,18,18,4,,,,,18.000000000800004,18.000000000497085,18.000000001102922,4.0000000002,4.000000000058578,4.000000000341421,,,,,,
CA,141100,1,2007,39,23,46,164,266,,,,,164.00000000300008,164.00000000190005,164.00000000410012,262.364661123472,238.3872866496,288.753718261887,,,,,,
CA,141100,1,2007,63,3,6,4,2,,,,,4.0000000002,4.000000000058578,4.000000000341421,2.0000000001,2,2.0000000002,,,,,,
CA,141100,1,2007,71,5,10,172,658,,,,,172.00000000079996,171.9999999996504,172.00000000194953,1517.7310251469585,1234.2283631112969,1866.3543421469064,,,,,,
CA,141100,1,2007,77,9,18,54,0,,,,,54.000000001000004,54.00000000037878,54.000000001621224,0,0,0,,,,,,
CA,141100,1,2007,78,1,2,8,0,,,,,8.0000000001,8,8.0000000002,0,0,0,,,,,,
CA,141100,1,2007,86,3,6,8,0,,,,,8.0000000003,8.0000000001,8.0000000005,0,0,0,,,,,,
CA,141100,1,2007,87,10,20,14,28,,,,,14.000000000400002,14.000000000093753,14.000000000706251,28.973665961984608,26.237664788842455,31.99497081895988,,,,,,
CA,141100,1,2007,89,48,96,46,9010,,,,,46.0000000013,46.000000000758334,46.00000000184168,27649.552123427577,23708.26068737687,32246.04886486609,,,,,,
CA,141200,1,2007,4,16,32,62,26,,,,,62.0000000014,62.000000000775266,62.000000002024734,26.64911064168975,24.798053926116978,28.638339932194235,,,,,,
CA,141200,1,2007,22,3,6,18,2,,,,,18.000000000400004,18.000000000127,18.00000000067301,2.0000000001,2,2.0000000002,,,,,,
CA,141200,1,2007,31,4,8,12,4,,,,,12.000000000300002,12.000000000066668,12.000000000533335,4.0000000002,4.000000000058578,4.000000000341421,,,,,,
CA,141200,1,2007,39,42,84,716,956,,,,,716.0000000069998,716.0000000047925,716.000000009207,950.9036084005886,911.6881088275608,991.8059298065126,,,,,,
CA,141200,1,2007,57,1,2,4,22,,,,,4.0000000001,4,4.0000000002,21.81648870545364,16.783571041051854,28.358635851155377,,,,,,
CA,141200,1,2007,63,35,70,128,320,,,,,128.00000000350002,128.0000000026575,128.00000000434255,317.98183187130803,303.0377360981115,333.66288536255644,,,,,,
CA,141200,1,2007,77,3,6,20,0,,,,,20.000000000299995,19.999999999924288,20.000000000675705,0,0,0,,,,,,
CA,141200,1,2007,82,2,4,24,2,,,,,24.0000000002,24.000000000032294,24.000000000367706,2.0000000001,2,2.0000000002,,,,,,
CA,141200,1,2007,86,29,58,168,94,,,,,168.00000000379998,168.000000002771,168.00000000482896,97.89466384703846,91.36745490522672,104.8881707350309,,,,,,
CA,141200,1,2007,87,48,96,44,22626,,,,,44.0000000016,44.000000001121485,44.00000000207851,68936.58712523419,63137.20030034982,75268.66921352346,,,,,,
CA,141200,1,2007,89,17,34,72,54,,,,,72.0000000022,72.00000000157378,72.00000000282621,55.11470998783313,49.59233438777203,61.252032084054136,,,,,,
CA,151000,1,2008,3,4,3.8095238095238093,0,3.8095238095238093,,,,,0,0,0,3.8095238097142854,3.8095238096190474,3.809523809809524,,,,,,
CA,151000,1,2008,4,1,0.9523809523809523,1.9047619047619047,0,,,,,1.9047619048095237,1.9047619047619047,1.9047619048571427,0,0,0,,,,,,
CA,151000,1,2008,7,12,11.428571428571429,2.857142857142857,12.38095238095238,,,,,2.8571428572857145,2.857142857203236,2.8571428573681934,12.38095238157143,12.380952381399736,12.380952381743121,,,,,,
CA,151000,1,2008,9,12,11.428571428571429,8.571428571428571,40.95238095238095,,,,,8.571428571619048,8.571428571461087,8.571428571777009,40.463436209442804,38.47363868584596,42.55614300598993,,,,,,
CA,151000,1,2008,13,44,41.904761904761905,31.428571428571427,75.23809523809524,,,,,31.428571429904764,31.428571429624938,31.42857143018459,75.81479056749735,72.1553152790865,79.65986215376502,,,,,,
CA,151000,1,2008,14,104,99.04761904761905,427.6190476190476,2124.7619047619046,,,,,427.6190476256665,427.61904762456095,427.61904762677216,2711.613511116568,2631.951528897978,2793.6866438982743,,,,,,
CA,151000,1,2008,15,102,97.14285714285714,0,6080.952380952381,,,,,0,0,0,12418.861554455598,11618.573769969476,13274.27319068789,,,,,,
CA,151000,1,2008,16,39,37.142857142857146,17.142857142857142,88.57142857142857,,,,,17.142857143476196,17.14285714326191,17.142857143690478,89.76738477555392,85.53092851747947,94.2136781292576,,,,,,
CA,151000,1,2008,18,1,0.9523809523809523,0.9523809523809523,0,,,,,0.9523809524285713,0.9523809523809523,0.9523809524761905,0,0,0,,,,,,
CA,151000,1,2008,20,75,71.42857142857143,33.33333333333333,368.57142857142856,,,,,33.333333334428566,33.33333333412851,33.33333333472863,369.1498203386303,357.4483624394222,381.23433809026716,,,,,,
CA,151000,1,2008,23,10,9.523809523809524,80,11.428571428571429,,,,,80.00000000080951,80.00000000022465,80.00000000139435,11.737671734090354,10.824521307648684,12.727855008231385,,,,,,
CA,151000,1,2008,24,1,0.9523809523809523,1.9047619047619047,0,,,,,1.9047619048095237,1.9047619047619047,1.9047619048571427,0,0,0,,,,,,
CA,151000,1,2008,27,3,2.857142857142857,3.8095238095238093,2.857142857142857,,,,,3.8095238095714286,3.8095238095238093,3.8095238096190474,2.8571428572857145,2.857142857203236,2.8571428573681934,,,,,,
CA,151000,1,2008,28,104,99.04761904761905,457.1428571428571,230.47619047619045,,,,,457.1428571514287,457.1428571503113,457.14285715254607,236.99401569263688,229.68435353397533,244.5363065003625,,,,,,
CA,151000,1,2008,31,6,5.714285714285714,0,7.619047619047619,,,,,0,0,0,7.7735977719023195,7.202120740434504,8.390420613203858,,,,,,
CA,151000,1,2008,39,15,14.285714285714286,17.142857142857142,4.761904761904762,,,,,17.142857143571423,17.142857143367383,17.14285714377547,4.761904762142856,4.761904762036377,4.761904762249336,,,,,,
CA,151000,1,2008,41,1,0.9523809523809523,0,0.9523809523809523,,,,,0,0,0,0.9523809524285713,0.9523809523809523,0.9523809524761905,,,,,,
CA,151000,1,2008,44,25,23.80952380952381,0.9523809523809523,58.095238095238095,,,,,0.9523809524285713,0.9523809523809523,0.9523809524761905,59.553353291620184,56.75377642422807,62.49102899807195,,,,,,
CA,151000,1,2008,52,1,0.9523809523809523,0.9523809523809523,0,,,,,0.9523809524285713,0.9523809523809523,0.9523809524761905,0,0,0,,,,,,
CA,151000,1,2008,54,88,83.80952380952381,2099.047619047619,516.1904761904761,,,,,2099.0476190549994,2099.0476190514196,2099.0476190585787,517.625320934064,501.80615142257204,533.9431812713336,,,,,,
CA,151000,1,2008,61,29,27.61904761904762,0,50.476190476190474,,,,,0,0,0,52.33079230839924,49.543877025450165,55.27447563738448,,,,,,
CA,151000,1,2008,65,1,0.9523809523809523,0,0.9523809523809523,,,,,0,0,0,0.9523809524285713,0.9523809523809523,0.9523809524761905,,,,,,
CA,151000,1,2008,69,14,13.333333333333334,9.523809523809524,6.666666666666666,,,,,9.523809524285715,9.523809524135132,9.5238095244363,6.821216819473747,6.223975198403476,7.475768687222082,,,,,,
CA,151000,1,2008,79,1,0.9523809523809523,0.9523809523809523,0,,,,,0.9523809524285713,0.9523809523809523,0.9523809524761905,0,0,0,,,,,,
CA,151000,1,2008,81,9,8.571428571428571,17.142857142857142,11.428571428571429,,,,,17.142857143095235,17.142857142796533,17.142857143393936,11.583121581521368,10.938414194682116,12.265827859904443,,,,,,
CA,151000,1,2008,87,31,29.523809523809526,5.714285714285714,40,,,,,5.714285714571428,5.714285714454786,5.71428571468807,40.22171397568733,39.081975625469354,41.39469024405475,,,,,,
CA,151000,1,2008,89,25,23.80952380952381,40.95238095238095,3.8095238095238093,,,,,40.95238095376191,40.95238095343271,40.9523809540911,3.964073962188034,3.1525119888351743,4.984559117728615,,,,,,
CA,21000,1,2009,4,10,10.204081632653061,0,12.244897959183673,,,,,0,0,0,12.410487408874936,11.854734662346749,12.992293974747945,,,,,,
CA,21000,1,2009,7,58,59.183673469387756,24.489795918367346,325.51020408163265,,,,,24.489795919081633,24.489795918818736,24.48979591934453,324.94208689941553,313.66827727827564,336.6210977875645,,,,,,
CA,21000,1,2009,9,15,15.306122448979592,0,19.387755102040817,,,,,0,0,0,19.718934001168236,18.88532058464152,20.589343792164684,,,,,,
CA,21000,1,2009,14,24,24.489795918367346,0,91.83673469387756,,,,,0,0,0,92.7516411769275,88.01750476591525,97.74040929577649,,,,,,
CA,21000,1,2009,16,98,100,121.42857142857143,7034.693877551021,,,,,121.42857143010207,121.42857142935111,121.42857143085303,12697.101636482392,12196.379383240972,13218.38103762917,,,,,,
CA,21000,1,2009,27,98,100,27.551020408163264,5007.142857142857,,,,,27.551020408928576,27.55102040864772,27.551020409209432,8926.529518041343,8545.386218637896,9324.672659343485,,,,,,
CA,21000,1,2009,31,21,21.428571428571427,1.0204081632653061,24.489795918367346,,,,,1.0204081633163264,1.0204081632653061,1.020408163367347,24.82097481774987,24.029765354198513,25.638235822212504,,,,,,
CA,21000,1,2009,39,7,7.142857142857143,0,25.510204081632654,,,,,0,0,0,25.322947658779217,22.776737283296075,28.153798770798957,,,,,,
CA,21000,1,2009,44,42,42.857142857142854,0,195.91836734693877,,,,,0,0,0,196.6541434402768,186.63227298424047,207.21417316443748,,,,,,
CA,21000,1,2009,47,1,1.0204081632653061,0,1.0204081632653061,,,,,0,0,0,1.0204081633163264,1.0204081632653061,1.020408163367347,,,,,,
CA,21000,1,2009,64,3,3.061224489795918,0,3.061224489795918,,,,,0,0,0,3.06122448994898,3.06122448986061,3.0612244900373504,,,,,,
CA,21000,1,2009,65,1,1.0204081632653061,0,1.0204081632653061,,,,,0,0,0,1.0204081633163264,1.0204081632653061,1.020408163367347,,,,,,
CA,21000,1,2009,69,1,1.0204081632653061,1.0204081632653061,0,,,,,1.0204081633163264,1.0204081632653061,1.020408163367347,0,0,0,,,,,,
CA,21000,1,2009,87,97,98.9795918367347,0,971.4285714285714,,,,,0,0,0,960.5521308645122,932.1935437703469,989.7734244935509,,,,,,
CA,21000,1,2009,100,2,2.0408163265306123,0,4.081632653061225,,,,,0,0,0,4.247222102344322,3.377691416609115,5.340599054709231,,,,,,
CA,11000,2,2011,4,4,2.857142857142857,0,5,,,,,0,0,0,5.000000000142858,5.000000000046821,5.000000000238894,,,,,,
CA,11000,2,2011,6,1,0.7142857142857143,0,0.7142857142857143,,,,,0,0,0,0.7142857143214286,0.7142857142857143,0.7142857143571429,,,,,,
CA,11000,2,2011,7,136,97.14285714285714,374.28571428571433,3235.714285714286,,,,,374.2857142887144,374.2857142875855,374.28571428984344,3235.7142857217855,3235.7142857173485,3235.714285726223,,,,,,
CA,11000,2,2011,9,7,5,0.7142857142857143,9.285714285714286,,,,,0.7142857143214286,0.7142857142857143,0.7142857143571429,9.285714285928574,9.285714285786414,9.285714286070734,,,,,,
CA,11000,2,2011,14,3,2.142857142857143,0,2.142857142857143,,,,,0,0,0,2.142857142964286,2.142857142902427,2.1428571430261454,,,,,,
CA,11000,2,2011,16,14,10,0.7142857142857143,18.571428571428573,,,,,0.7142857143214286,0.7142857142857143,0.7142857143571429,18.57142857192857,18.571428571729594,18.571428572127544,,,,,,
CA,11000,2,2011,27,7,5,0,5.714285714285714,,,,,0,0,0,5.714285714535713,5.714285714433672,5.714285714637755,,,,,,
CA,11000,2,2011,31,7,5,0.7142857142857143,4.285714285714286,,,,,0.7142857143214286,0.7142857142857143,0.7142857143571429,4.285714285928572,4.28571428584109,4.285714286016053,,,,,,
CA,11000,2,2011,39,1,0.7142857142857143,4.285714285714286,0,,,,,4.285714285785715,4.285714285676449,4.285714285894979,0,0,0,,,,,,
CA,11000,2,2011,44,2,1.4285714285714286,0,1.4285714285714286,,,,,0,0,0,1.4285714286428572,1.4285714285923494,1.4285714286933648,,,,,,
CA,11000,2,2011,64,1,0.7142857142857143,0,0.7142857142857143,,,,,0,0,0,0.7142857143214286,0.7142857142857143,0.7142857143571429,,,,,,
CA,11000,2,2011,67,1,0.7142857142857143,0,0.7142857142857143,,,,,0,0,0,0.7142857143214286,0.7142857142857143,0.7142857143571429,,,,,,
CA,11000,2,2011,69,2,1.4285714285714286,0,1.4285714285714286,,,,,0,0,0,1.4285714286428572,1.4285714285923494,1.4285714286933648,,,,,,
CA,11000,2,2011,71,1,0.7142857142857143,0,3.5714285714285716,,,,,0,0,0,3.5714285714642853,3.571428571428571,3.5714285715,,,,,,
CA,11000,2,2011,77,6,4.285714285714286,0.7142857142857143,7.857142857142858,,,,,0.7142857143214286,0.7142857142857143,0.7142857143571429,7.857142857357146,7.857142857235136,7.857142857479155,,,,,,
CA,11000,2,2011,87,38,27.142857142857142,0.7142857142857143,38.57142857142858,,,,,0.7142857143214286,0.7142857142857143,0.7142857143571429,38.57142857282143,38.57142857254386,38.57142857309901,,,,,,
CA,11000,2,2011,,3,2.142857142857143,0,0,,,,,0,0,0,0,0,0,,,,,,
CA,31000,2,2012,4,1,2,0,2,,,,,0,0,0,2.0000000001,2,2.0000000002,,,,,,
CA,31000,2,2012,7,1,2,0,2,,,,,0,0,0,2.0000000001,2,2.0000000002,,,,,,
CA,31000,2,2012,9,1,2,0,2,,,,,0,0,0,2.0000000001,2,2.0000000002,,,,,,
CA,31000,2,2012,16,48,96,2356,6864,,,,,2314.979193481202,2232.243648332013,2400.7812365175046,18545.721266846336,16768.40879634863,20511.41414100372,,,,,,
CA,31000,2,2012,41,20,40,0,304,,,,,0,0,0,299.46840611271557,276.3689919815948,324.4985105480386,,,,,,
CA,31000,2,2012,69,36,72,276,224,,,,,279.2591954270036,266.4571862029681,292.6762807257652,224.79934377791454,208.27863618645532,242.63047755767553,,,,,,
CA,31000,2,2012,78,1,2,2,0,,,,,2.0000000001,2,2.0000000002,0,0,0,,,,,,
CA,31000,2,2012,82,1,2,16,0,,,,,15.491933384958765,12.000000000199996,20.000000000000004,0,0,0,,,,,,
CA,31000,2,2012,83,33,66,1016,392,,,,,1004.0885504993148,956.9152343935178,1053.5873826721936,388.59031012514754,353.6212249602059,427.0174369203973,,,,,,
CA,31000,2,2012,87,10,20,2,20,,,,,2.0000000001,2,2.0000000002,20.000000001000004,20.000000000683777,20.00000000131623,,,,,,
CA,41000,2,2012,3,12,12.244897959183673,0,450,,,,,0,0,0,1111.6341742483414,929.2373869765903,1329.8329949652823,,,,,,
CA,41000,2,2012,4,12,12.244897959183673,1.0204081632653061,17.346938775510203,,,,,1.0204081633163264,1.0204081632653061,1.020408163367347,17.67811767453558,16.81864243250601,18.58151427910236,,,,,,
CA,41000,2,2012,6,2,2.0408163265306123,0,31.63265306122449,,,,,0,0,0,30.5946464209162,26.042655399041454,35.94227912931385,,,,,,
CA,41000,2,2012,7,77,78.57142857142857,6.122448979591836,2750,,,,,6.122448979846939,6.122448979720722,6.122448979973156,4705.929078184165,4491.861484713083,4930.19844095077,,,,,,
CA,41000,2,2012,9,7,7.142857142857143,0,9.183673469387756,,,,,0,0,0,9.349262918925954,8.756954371465762,9.981634415273671,,,,,,
CA,41000,2,2012,14,96,97.95918367346938,913.265306122449,38652.04081632653,,,,,899.6203471008803,870.0564364717026,930.1888187850102,116766.78811522992,109048.30297334214,125031.59090958134,,,,,,
CA,41000,2,2012,16,3,3.061224489795918,1.0204081632653061,7.142857142857143,,,,,1.0204081633163264,1.0204081632653061,1.020408163367347,7.474036041372318,6.0222645315247085,9.275782300049434,,,,,,
CA,41000,2,2012,20,4,4.081632653061225,6.122448979591836,1.0204081632653061,,,,,6.122448979744898,6.122448979598352,6.122448979891443,1.0204081633163264,1.0204081632653061,1.020408163367347,,,,,,
CA,41000,2,2012,23,1,1.0204081632653061,0,4.081632653061225,,,,,0,0,0,4.247222102344322,3.377691416609115,5.340599054709231,,,,,,
CA,41000,2,2012,27,21,21.428571428571427,7.142857142857143,31.63265306122449,,,,,7.1428571431632655,7.1428571430268795,7.1428571432996515,32.62618975728022,30.75495123716862,34.611280956661155,,,,,,
CA,41000,2,2012,28,80,81.63265306122449,141.83673469387756,221.42857142857144,,,,,141.83673469749996,141.83673469685033,141.83673469814963,228.3345603035211,218.86585597555901,238.2129053278391,,,,,,
CA,41000,2,2012,31,51,52.04081632653061,35.714285714285715,163.26530612244898,,,,,36.04546461371926,34.950330807088626,37.17491334746875,163.32028870980972,157.8082890705579,169.02481397748105,,,,,,
CA,41000,2,2012,39,11,11.224489795918368,6.122448979591836,7.142857142857143,,,,,6.1224489798979596,6.122448979772986,6.1224489800229325,7.3084465922933015,6.668544855432296,8.009752164880803,,,,,,
CA,41000,2,2012,42,1,1.0204081632653061,1.0204081632653061,0,,,,,1.0204081633163264,1.0204081632653061,1.020408163367347,0,0,0,,,,,,
CA,41000,2,2012,63,2,2.0408163265306123,2.0408163265306123,0,,,,,2.040816326632653,2.040816326560499,2.0408163267048067,0,0,0,,,,,,
CA,41000,2,2012,64,11,11.224489795918368,0,13.26530612244898,,,,,0,0,0,13.430895572191263,12.882993574415158,14.002099343536765,,,,,,
CA,41000,2,2012,67,1,1.0204081632653061,0,1.0204081632653061,,,,,0,0,0,1.0204081633163264,1.0204081632653061,1.020408163367347,,,,,,
CA,41000,2,2012,83,1,1.0204081632653061,23.46938775510204,8.16326530612245,,,,,23.03914659871237,18.927320529775177,28.044237701894343,7.904047645387125,6.122448979693876,10.204081632653063,,,,,,
CA,41000,2,2012,86,1,1.0204081632653061,1.0204081632653061,0,,,,,1.0204081633163264,1.0204081632653061,1.020408163367347,0,0,0,,,,,,
CA,41000,2,2012,87,84,85.71428571428571,0,4279.591836734694,,,,,0,0,0,7989.280965163127,7536.896198481076,8468.819081411968,,,,,,
CA,41000,2,2012,88,1,1.0204081632653061,0,51.02040816326531,,,,,0,0,0,50.6105990516423,41.836734693979594,61.22448979591835,,,,,,
CA,41000,2,2012,89,1,1.0204081632653061,1.0204081632653061,3.061224489795918,,,,,1.0204081633163264,1.0204081632653061,1.020408163367347,3.2268139390279957,2.0408163266326524,5.10204081632653,,,,,,
CA,43000,2,2012,3,5,10,2,14,,,,,2.0000000001,2,2.0000000002,14.32455532089487,13.0703479166473,15.699114243166374,,,,,,
CA,43000,2,2012,4,7,14,0,38,,,,,0,0,0,38.14104402644851,34.961094208629696,41.61023195516576,,,,,,
CA,43000,2,2012,7,47,94,30,2734,,,,,30.324555321594868,29.18862301196998,31.504694657070907,4434.9024559240215,4216.922395593162,4664.1502850787765,,,,,,
CA,43000,2,2012,14,50,100,1760,51806,,,,,1727.7883002830617,1653.9443380341543,1804.9291877278313,159066.503320526,145600.14946271916,173778.34138211177,,,,,,
CA,43000,2,2012,15,2,4,0,2204,,,,,0,0,0,6963.3267511060085,3091.0310502248553,15686.649100189818,,,,,,
CA,43000,2,2012,16,22,44,38,596,,,,,37.30842209041239,30.714925428688453,45.31732828419265,1027.0280878916356,952.2006562092279,1107.735734522094,,,,,,
CA,43000,2,2012,20,1,2,2,0,,,,,2.0000000001,2,2.0000000002,0,0,0,,,,,,
CA,43000,2,2012,27,3,6,2,10,,,,,2.0000000001,2,2.0000000002,10.324555320694872,8.862332109301288,12.028035200600591,,,,,,
CA,43000,2,2012,28,49,98,296,256,,,,,299.24555321094874,293.1157512925165,305.5035450045192,259.767262041845,247.15038290289016,273.02822531021644,,,,,,
CA,43000,2,2012,31,12,24,16,32,,,,,16.324555320894877,14.895234989767392,17.891030695925856,32.973665962184604,30.458226950026877,35.696846332178644,,,,,,
CA,43000,2,2012,39,6,12,4,18,,,,,4.0000000002,4.000000000058578,4.000000000341421,18.32455532109487,17.163630568072893,19.564003453936394,,,,,,
CA,43000,2,2012,54,1,2,2,0,,,,,2.0000000001,2,2.0000000002,0,0,0,,,,,,
CA,43000,2,2012,63,1,2,2,0,,,,,2.0000000001,2,2.0000000002,0,0,0,,,,,,
CA,43000,2,2012,64,5,10,0,10,,,,,0,0,0,10.000000000499998,10.00000000027639,10.000000000723606,,,,,,
CA,43000,2,2012,71,1,2,2,0,,,,,2.0000000001,2,2.0000000002,0,0,0,,,,,,
CA,43000,2,2012,83,11,22,134,40,,,,,134.9523645004094,125.9212882147522,144.63114968448784,40.79015466693825,33.72354397641186,49.33754053003816,,,,,,
CA,43000,2,2012,86,1,2,2,0,,,,,2.0000000001,2,2.0000000002,0,0,0,,,,,,
CA,43000,2,2012,87,35,70,8,1510,,,,,8.324555320594872,6.620275176553866,10.467574147230092,2359.869385077652,2209.901407090517,2520.014466147029,,,,,,
CA,51000,2,2012,2,2,2.0408163265306123,2.0408163265306123,0,,,,,2.040816326632653,2.040816326560499,2.0408163267048067,0,0,0,,,,,,
CA,51000,2,2012,3,3,3.061224489795918,1.0204081632653061,2.0408163265306123,,,,,1.0204081633163264,1.0204081632653061,1.020408163367347,2.040816326632653,2.040816326560499,2.0408163267048067,,,,,,
CA,51000,2,2012,4,46,46.93877551020408,119.38775510204081,24.489795918367346,,,,,120.21570235110934,118.24566363247821,122.21856301376516,24.98656426682888,23.90895781485662,26.11273978125566,,,,,,
CA,51000,2,2012,7,1,1.0204081632653061,1.0204081632653061,0,,,,,1.0204081633163264,1.0204081632653061,1.020408163367347,0,0,0,,,,,,
CA,51000,2,2012,9,7,7.142857142857143,1.0204081632653061,8.16326530612245,,,,,1.0204081633163264,1.0204081632653061,1.020408163367347,8.328854755609628,7.716557936179826,8.98973637128985,,,,,,
CA,51000,2,2012,14,98,100,2732.6530612244896,1678.5714285714287,,,,,2686.3146724143385,2638.029998584052,2735.483115469444,1656.7581737959551,1612.5492214210171,1702.1791396983733,,,,,,
CA,51000,2,2012,16,18,18.367346938775512,21.42857142857143,23.46938775510204,,,,,21.50053266660638,19.89951535540334,23.23035997066563,24.13174555259157,22.701753489811182,25.651813357782462,,,,,,
CA,51000,2,2012,20,72,73.46938775510205,108.16326530612245,1397.9591836734694,,,,,110.05671048693478,105.95423298299986,114.31803319409053,1599.1766472975398,1548.4589014493602,1651.5555865693957,,,,,,
CA,51000,2,2012,27,2,2.0408163265306123,2.0408163265306123,0,,,,,2.040816326632653,2.040816326560499,2.0408163267048067,0,0,0,,,,,,
CA,51000,2,2012,28,86,87.75510204081633,435.7142857142857,54.08163265306123,,,,,437.5252918404064,429.29609545468634,445.9122340660531,54.981541138174926,52.89381399946979,57.15167119465281,,,,,,
CA,51000,2,2012,39,41,41.83673469387755,109.18367346938776,127.55102040816327,,,,,109.58681360762156,107.29464845288115,111.927946918485,128.73333979756598,122.91457243267335,134.82756720740392,,,,,,
CA,51000,2,2012,51,1,1.0204081632653061,1.0204081632653061,0,,,,,1.0204081633163264,1.0204081632653061,1.020408163367347,0,0,0,,,,,,
CA,51000,2,2012,54,28,28.571428571428573,227.55102040816328,118.36734693877551,,,,,228.14163909698493,216.06645405783428,240.89166324693386,118.7000521073761,110.159774483602,127.90242569342898,,,,,,
CA,51000,2,2012,61,1,1.0204081632653061,0,1.0204081632653061,,,,,0,0,0,1.0204081633163264,1.0204081632653061,1.020408163367347,,,,,,
CA,51000,2,2012,63,4,4.081632653061225,3.061224489795918,1.0204081632653061,,,,,3.06122448994898,3.06122448986061,3.0612244900373504,1.0204081633163264,1.0204081632653061,1.020408163367347,,,,,,
CA,51000,2,2012,67,32,32.6530612244898,47.95918367346939,66.3265306122449,,,,,49.11830981911434,46.96195698080244,51.373675940990985,68.55115469060296,64.29976951216949,73.08363381497946,,,,,,
CA,51000,2,2012,69,3,3.061224489795918,2.0408163265306123,1.0204081632653061,,,,,2.040816326632653,2.040816326560499,2.0408163267048067,1.0204081633163264,1.0204081632653061,1.020408163367347,,,,,,
CA,51000,2,2012,71,22,22.448979591836736,226.53061224489795,333.6734693877551,,,,,223.8435330055085,214.1622240886742,233.9624902645844,327.05282121529297,304.9187032556567,350.7936598274186,,,,,,
CA,51000,2,2012,77,17,17.346938775510203,40.816326530612244,7.142857142857143,,,,,41.1475054298417,39.60877299080362,42.746014967238715,7.142857143214285,7.142857143079298,7.142857143349272,,,,,,
CA,51000,2,2012,78,4,4.081632653061225,9.183673469387756,2.0408163265306123,,,,,8.92445580870345,7.854518301766607,10.14013952498998,2.040816326632653,2.040816326560499,2.0408163267048067,,,,,,
CA,51000,2,2012,83,39,39.795918367346935,863.265306122449,468.36734693877554,,,,,1293.0560591540705,1234.9630269717445,1353.8818050407183,462.02904045919803,439.32694136383776,485.9042642933589,,,,,,
CA,51000,2,2012,84,1,1.0204081632653061,51.02040816326531,0,,,,,50.6105990516423,41.836734693979594,61.22448979591835,0,0,0,,,,,,
CA,51000,2,2012,86,7,7.142857142857143,12.244897959183673,11.224489795918368,,,,,12.24489795954082,12.244897959341877,12.244897959739761,11.721258143716643,10.001128317023046,13.737239251074708,,,,,,
CA,51000,2,2012,87,80,81.63265306122449,107.14285714285714,843.8775510204082,,,,,107.54599728175423,105.79658577174547,109.32433638530513,836.8949110326757,812.9076461404268,861.5899917263172,,,,,,
CA,51000,2,2012,89,72,73.46938775510205,221.42857142857144,408.16326530612247,,,,,223.8744440566644,217.66962080743022,230.25614008865728,405.12305395417263,387.681980320274,423.34876825992234,,,,,,
CA,53000,2,2012,2,4,40,90,0,,,,,93.2455532064487,81.91263828683833,106.14641860673312,0,0,0,,,,,,
CA,53000,2,2012,3,2,20,10,60,,,,,10.0000000005,10,10.000000001,63.245553204948706,45.7442968562137,87.44259448938617,,,,,,
CA,53000,2,2012,4,9,90,530,300,,,,,530.5987128213661,478.1446583150341,588.8071510404621,299.02918987283005,256.97149463701777,347.97033236043586,,,,,,
CA,53000,2,2012,7,2,20,10,10,,,,,10.0000000005,10,10.000000001,10.0000000005,10,10.000000001,,,,,,
CA,53000,2,2012,9,1,10,0,10,,,,,0,0,0,10.0000000005,10,10.000000001,,,,,,
CA,53000,2,2012,14,1,10,10,0,,,,,10.0000000005,10,10.000000001,0,0,0,,,,,,
CA,53000,2,2012,20,3,30,20,330,,,,,20.000000001,20.00000000029289,20.000000001707104,321.4503115269531,242.93648998932161,425.3387491739801,,,,,,
CA,53000,2,2012,28,5,50,90,30,,,,,93.2455532064487,81.91263828683833,106.14641860673312,30.000000001500002,30.000000000633975,30.00000000236603,,,,,,
CA,53000,2,2012,39,9,90,860,2250,,,,,851.4607660268861,786.4743536615771,921.8170086637759,2225.743121783322,2061.750266297135,2402.7800675699377,,,,,,
CA,53000,2,2012,41,1,10,0,10,,,,,0,0,0,10.0000000005,10,10.000000001,,,,,,
CA,53000,2,2012,45,1,10,10,0,,,,,10.0000000005,10,10.000000001,0,0,0,,,,,,
CA,53000,2,2012,63,10,100,360,0,,,,,370.44187974658865,334.6547692328834,410.05597076876205,0,0,0,,,,,,
CA,53000,2,2012,77,7,70,930,110,,,,,912.6882867119167,820.003381387368,1015.8493581962757,109.0824435272682,83.91785520525926,141.79317925577686,,,,,,
CA,53000,2,2012,83,5,50,400,470,,,,,403.89751968075313,357.536919088309,456.2695422342431,462.15553165669564,386.51029880398056,552.6055479034065,,,,,,
CA,53000,2,2012,86,10,100,1200,130,,,,,1185.8917190371242,1095.605186417377,1283.618576030611,136.4911064103974,113.63610842494313,163.94280292904844,,,,,,
CA,53000,2,2012,87,7,70,270,1480,,,,,267.4064132703556,229.9445365019595,310.9714670585655,3644.3683577525903,3179.088182879541,4177.745303987864,,,,,,
CA,53000,2,2012,89,10,100,1390,3680,,,,,1379.6668044305845,1261.6073203679864,1508.7741332164212,3594.2040235144273,3297.126528661775,3918.0487768209887,,,,,,
CA,71000,2,2013,3,3,3.061224489795918,0,3.061224489795918,,,,,0,0,0,3.06122448994898,3.06122448986061,3.0612244900373504,,,,,,
CA,71000,2,2013,6,2,2.0408163265306123,0,2.0408163265306123,,,,,0,0,0,2.040816326632653,2.040816326560499,2.0408163267048067,,,,,,
CA,71000,2,2013,7,22,22.448979591836736,8.16326530612245,40.816326530612244,,,,,8.328854755609628,7.716557936179826,8.98973637128985,41.55064556598367,39.334708787007095,43.89141804248657,,,,,,
CA,71000,2,2013,14,52,53.06122448979592,0,674.4897959183673,,,,,0,0,0,1110.603458087629,1055.8830203736584,1168.159746218579,,,,,,
CA,71000,2,2013,15,26,26.53061224489796,0,76.53061224489797,,,,,0,0,0,77.14850009762473,72.86792413133422,81.68053554792854,,,,,,
CA,71000,2,2013,16,47,47.95918367346939,44.89795918367347,312.2448979591837,,,,,45.30109932109094,43.8392932291549,46.81164883229816,530.6482166772813,497.4842332693276,566.0230235082311,,,,,,
CA,71000,2,2013,23,7,7.142857142857143,8.16326530612245,3.061224489795918,,,,,8.328854755609628,7.716557936179826,8.98973637128985,3.06122448994898,3.06122448986061,3.0612244900373504,,,,,,
CA,71000,2,2013,28,25,25.510204081632654,21.42857142857143,29.591836734693878,,,,,21.759750327800887,20.946033108616227,22.60507905592207,30.419783981568553,28.823040099917797,32.10498456364892,,,,,,
CA,71000,2,2013,31,14,14.285714285714286,1.0204081632653061,20.408163265306122,,,,,1.0204081633163264,1.0204081632653061,1.020408163367347,20.90493161356358,19.752978777459834,22.12406395467048,,,,,,
CA,71000,2,2013,39,3,3.061224489795918,0,3.061224489795918,,,,,0,0,0,3.06122448994898,3.06122448986061,3.0612244900373504,,,,,,
CA,71000,2,2013,64,80,81.63265306122449,17.346938775510203,752.0408163265306,,,,,18.174886021772632,15.700484683267662,21.03925379172925,744.224802131852,721.5959918077842,767.5632381502088,,,,,,
CA,71000,2,2013,83,1,1.0204081632653061,2.0408163265306123,6.122448979591836,,,,,2.040816326632653,2.040816326560499,2.0408163267048067,6.453627878055991,4.667785393491195,8.922713723406753,,,,,,
CA,71000,2,2013,87,85,86.73469387755102,6.122448979591836,3466.326530612245,,,,,6.288038428976975,5.60754395005542,7.051113221127844,7417.908396678646,7034.109692150775,7822.648123175742,,,,,,
CA,71000,2,2013,89,13,13.26530612244898,0,65.3061224489796,,,,,0,0,0,66.02957339089427,59.34859686085587,73.4626392668623,,,,,,
CA,81000,2,2013,4,25,25.510204081632654,18.367346938775512,23.46938775510204,,,,,18.698525837851907,17.852883179397633,19.584224295619478,24.13174555259157,22.701753489811182,25.651813357782462,,,,,,
CA,81000,2,2013,7,89,90.81632653061224,363.265306122449,144.89795918367346,,,,,367.1270526979885,356.589530939221,377.9759671230634,148.7730437094097,143.7519677989758,153.96949950287652,,,,,,
CA,81000,2,2013,9,22,22.448979591836736,2.0408163265306123,27.551020408163264,,,,,2.040816326632653,2.040816326560499,2.0408163267048067,28.04778875677787,27.007716021609003,29.127914908295462,,,,,,
CA,81000,2,2013,14,41,41.83673469387755,3.061224489795918,445.9183673469388,,,,,3.06122448994898,3.06122448986061,3.0612244900373504,438.2710006201207,420.4607769004025,456.8356444578932,,,,,,
CA,81000,2,2013,16,98,100,2734.6938775510203,16065.30612244898,,,,,5141.504248042512,4940.129725387331,5351.08740096224,47902.660923369636,44501.12419810691,51564.20123959341,,,,,,
CA,81000,2,2013,24,10,10.204081632653061,32.6530612244898,12.244897959183673,,,,,32.63139425086844,29.26202746167551,36.38872570091697,12.741666307032965,11.163195596682314,14.54333204804091,,,,,,
CA,81000,2,2013,27,14,14.285714285714286,20.408163265306122,29.591836734693878,,,,,20.573752714997386,19.652441633405626,21.538255076578544,29.91758158699087,27.227514986568224,32.873425593771735,,,,,,
CA,81000,2,2013,28,79,80.61224489795919,184.69387755102042,222.44897959183675,,,,,189.30871515849924,183.78498907622574,194.99845887902137,228.43225701206177,219.4891278795156,237.73977575904615,,,,,,
CA,81000,2,2013,31,24,24.489795918367346,26.53061224489796,7.142857142857143,,,,,27.027380593461547,25.97602236169026,28.121291688643645,7.142857143214285,7.142857143079298,7.142857143349272,,,,,,
CA,81000,2,2013,39,38,38.775510204081634,20.408163265306122,87.75510204081633,,,,,20.739342164433545,19.862591226619877,21.654793602005114,89.13011189980084,85.30636344515327,93.125254980288,,,,,,
CA,81000,2,2013,44,1,1.0204081632653061,0,1.0204081632653061,,,,,0,0,0,1.0204081633163264,1.0204081632653061,1.020408163367347,,,,,,
CA,81000,2,2013,63,8,8.16326530612245,9.183673469387756,6.122448979591836,,,,,9.51485236800497,8.35843247824881,10.831267204768686,6.288038428976975,5.60754395005542,7.051113221127844,,,,,,
CA,81000,2,2013,64,31,31.632653061224488,8.16326530612245,222.44897959183675,,,,,8.328854755609628,7.716557936179826,8.98973637128985,221.25533772790624,212.1277159361095,230.77571102417483,,,,,,
CA,81000,2,2013,87,94,95.91836734693878,3.061224489795918,7342.857142857143,,,,,3.06122448994898,3.06122448986061,3.0612244900373504,20820.875529526136,19337.499328756654,22418.041259934394,,,,,,
CA,91000,2,2014,3,4,4.081632653061225,0,6.122448979591836,,0,0,0,0,0,0,6.288038428976975,5.60754395005542,7.051113221127844,,,,0,0,0
CA,91000,2,2014,4,13,13.26530612244898,0,206.12244897959184,,0,0,0,0,0,0,426.07814187973645,385.83506401992827,470.5186228961093,,,,0,0,0
CA,91000,2,2014,5,1,1.0204081632653061,0,1.0204081632653061,,0,0,0,0,0,0,1.0204081633163264,1.0204081632653061,1.020408163367347,,,,0,0,0
CA,91000,2,2014,14,83,84.6938775510204,40.816326530612244,4276.530612244898,15,0,6.122448979591836,0,40.81632653204081,40.81632653170258,40.816326532379044,10218.138716662672,9704.391608187765,10759.0834179515,14.999999999475001,14.9999999993507,14.999999999599302,0,0,0
CA,91000,2,2014,16,96,97.95918367346938,43.87755102040816,5607.142857142857,65.11627906976744,0,28.571428571428573,0,43.87755102137755,43.8775510210031,43.877551021752005,13086.627928023492,12212.960987372184,14022.793547248833,65.11627906832884,65.11627906777312,65.11627906888454,0,0,0
CA,91000,2,2014,20,12,12.244897959183673,1.0204081632653061,37.755102040816325,0,0,0,0,1.0204081633163264,1.0204081632653061,1.020408163367347,38.6550105251137,35.77517322107998,41.766669568945936,0,0,0,0,0,0
CA,91000,2,2014,24,9,9.183673469387756,4.081632653061225,79.59183673469389,0,0,0,0,4.081632653214286,4.081632653112245,4.081632653316326,79.28271508277352,72.17789841019017,87.08689293187865,0,0,0,0,0,0
CA,91000,2,2014,28,84,85.71428571428571,126.53061224489797,113.26530612244898,31.451612903225808,0,39.79591836734694,0,126.53061224841835,126.5306122478352,126.53061224900149,117.14582469394415,112.25081466107697,122.2542952998523,31.451612902350746,31.451612902205795,31.4516129024957,0,0,0
CA,91000,2,2014,39,3,3.061224489795918,3.061224489795918,2.0408163265306123,0,0,0,0,3.2268139390279957,2.0408163266326524,5.10204081632653,2.040816326632653,2.040816326560499,2.0408163267048067,0,0,0,0,0,0
CA,91000,2,2014,41,2,2.0408163265306123,1.0204081632653061,1.0204081632653061,0,0,0,0,1.0204081633163264,1.0204081632653061,1.020408163367347,1.0204081633163264,1.0204081632653061,1.020408163367347,0,0,0,0,0,0
CA,91000,2,2014,46,1,1.0204081632653061,0,1.0204081632653061,,0,0,0,0,0,0,1.0204081633163264,1.0204081632653061,1.020408163367347,,,,0,0,0
CA,91000,2,2014,54,15,15.306122448979592,48.97959183673469,90.81632653061224,10.416666666666666,0,5.1020408163265305,0,48.97959183755103,48.97959183716627,48.979591837935786,91.26432688449046,83.66450385780621,99.5544941715684,10.416666666493054,10.416666666411226,10.416666666574882,0,0,0
CA,91000,2,2014,63,13,13.26530612244898,3.061224489795918,22.448979591836736,0,0,0,0,3.0612244898979597,3.061224489812396,3.061224489983523,23.111337389275242,21.64715322870436,24.674556985749263,0,0,0,0,0,0
CA,91000,2,2014,64,2,2.0408163265306123,0,2.0408163265306123,,0,0,0,0,0,0,2.040816326632653,2.040816326560499,2.0408163267048067,,,,0,0,0
CA,91000,2,2014,78,1,1.0204081632653061,0,1.0204081632653061,,0,0,0,0,0,0,1.0204081633163264,1.0204081632653061,1.020408163367347,,,,0,0,0
CA,91000,2,2014,83,97,98.9795918367347,6089.795918367347,2110.204081632653,0.9048257372654156,0,55.10204081632653,0,10289.426088879416,9970.814207862168,10618.219037220662,2519.8227960819295,2439.0686464930095,2603.2506025542693,0.5355210323720543,0.5189386339006017,0.5526333122612752,0,0,0
CA,91000,2,2014,86,5,5.1020408163265305,3.061224489795918,2.0408163265306123,33.333333333333336,0,1.0204081632653061,0,3.06122448994898,3.06122448986061,3.0612244900373504,2.040816326632653,2.040816326560499,2.0408163267048067,33.33333333166666,33.333333330704406,33.33333333262891,0,0,0
CA,91000,2,2014,87,47,47.95918367346939,17.346938775510203,267.3469387755102,47.05882352941177,0,8.16326530612245,0,17.346938776377552,17.346938776167192,17.346938776587915,265.61985650571995,255.0759729609322,276.59958463012663,47.05882352705882,47.05882352648815,47.058823527629485,0,0,0
CA,91000,2,2014,89,3,3.061224489795918,0,3.061224489795918,,0,0,0,0,0,0,3.06122448994898,3.06122448986061,3.0612244900373504,,,,0,0,0
CA,101000,2,2014,6,1,1.0204081632653061,0,30.612244897959183,,0,0,0,0,0,0,29.574238257599873,21.42857142867347,40.81632653061222,,,,0,0,0
CA,101000,2,2014,7,75,76.53061224489795,15.306122448979592,4411.224489795918,0,0,0,0,15.306122449336733,15.306122449108644,15.306122449564823,9013.429991317798,8381.903281016268,9692.538494495364,0,0,0,0,0,0
CA,101000,2,2014,9,4,4.081632653061225,0,4.081632653061225,,0,0,0,0,0,0,4.081632653265306,4.081632653163266,4.081632653367347,,,,0,0,0
CA,101000,2,2014,14,25,25.510204081632654,0,51.02040816326531,,0,0,0,0,0,0,52.25149554638399,49.40985281291244,55.25656587506145,,,,0,0,0
CA,101000,2,2014,16,87,88.77551020408163,346.9387755102041,2157.1428571428573,26.176470588235293,0,90.81632653061224,0,346.93877551551014,346.93877551432445,346.9387755166959,3685.2206463251505,3531.8037997078645,3845.3017161441717,26.176470587834952,26.176470587745488,26.176470587924417,0,0,0
CA,101000,2,2014,27,4,4.081632653061225,0,10.204081632653061,,0,0,0,0,0,0,10.700849980400315,8.775295227806748,13.048927395648775,,,,0,0,0
CA,101000,2,2014,28,14,14.285714285714286,12.244897959183673,6.122448979591836,41.666666666666664,0,5.1020408163265305,0,12.244897959744895,12.244897959566703,12.244897959923088,6.1224489798979596,6.122448979772986,6.1224489800229325,41.66666666475695,41.666666664150604,41.6666666653633,0,0,0
CA,101000,2,2014,31,22,22.448979591836736,41.83673469387755,15.306122448979592,2.4390243902439024,0,1.0204081632653061,0,41.83673469464286,41.83673469421124,41.83673469507447,15.63730134790293,14.742843418102442,16.58602662393329,2.439024390199286,2.439024390174124,2.439024390224449,0,0,0
CA,101000,2,2014,39,3,3.061224489795918,2.0408163265306123,2.0408163265306123,50,0,1.0204081632653061,0,2.040816326632653,2.040816326560499,2.0408163267048067,2.040816326632653,2.040816326560499,2.0408163267048067,49.9999999975,49.99999999573224,49.99999999926777,0,0,0
CA,101000,2,2014,64,53,54.08163265306123,0,195.91836734693877,,0,0,0,0,0,0,197.26390525996405,190.43505715748555,204.33763036724824,,,,0,0,0
CA,101000,2,2014,81,1,1.0204081632653061,0,1.0204081632653061,,0,0,0,0,0,0,1.0204081633163264,1.0204081632653061,1.020408163367347,,,,0,0,0
CA,101000,2,2014,87,34,34.69387755102041,0,322.44897959183675,,0,0,0,0,0,0,766.3322735160237,714.7761517982831,821.6070890932154,,,,0,0,0
CA,171100,2,2014,2,1,2,0,2,,0,0,0,0,0,0,2.0000000001,2,2.0000000002,,,,0,0,0
CA,171100,2,2014,3,1,2,0,2,,0,0,0,0,0,0,2.0000000001,2,2.0000000002,,,,0,0,0
CA,171100,2,2014,4,2,4,0,4,,0,0,0,0,0,0,4.0000000002,4.000000000058578,4.000000000341421,,,,0,0,0
CA,171100,2,2014,7,1,2,0,2,,0,0,0,0,0,0,2.0000000001,2,2.0000000002,,,,0,0,0
CA,171100,2,2014,9,1,2,0,2,,0,0,0,0,0,0,2.0000000001,2,2.0000000002,,,,0,0,0
CA,171100,2,2014,14,35,70,338,680,10.650887573964496,0,36,0,338.0000000032999,338.0000000015256,338.00000000507407,671.9846263389707,642.5936957227332,702.7198384323503,10.650887573860514,10.650887573804605,10.650887573916423,0,0,0
CA,171100,2,2014,16,4,8,0,8,,0,0,0,0,0,0,8.0000000004,8.0000000002,8.0000000006,,,,0,0,0
CA,171100,2,2014,20,14,28,6,114,0,0,0,0,6.000000000300001,6.0000000001267955,6.000000000473206,116.22941997596624,108.92365387839477,124.02520101861114,0,0,0,0,0,0
CA,171100,2,2014,24,35,70,662,586,9.365558912386707,0.3412969283276451,62,2,662.0000000056998,662.0000000033955,662.0000000080041,582.3697435126261,552.251910106072,614.1300952563837,9.365558912306069,9.36555891227347,9.36555891233867,0.34342443478206536,0.32566389685967934,0.36215356857993597
CA,171100,2,2014,31,1,2,2,0,0,,0,0,2.0000000001,2,2.0000000002,0,0,0,0,0,0,,,
CA,171100,2,2014,39,10,20,10,26,20,0,2,0,10.000000000399998,10.000000000174653,10.000000000625345,26.64911064168975,24.798053926116978,28.638339932194235,19.999999999200003,19.99999999874931,19.999999999650694,0,0,0
CA,171100,2,2014,46,1,2,0,6,,0,0,0,0,0,0,6.324555320494872,4.000000000199999,9.999999999999998,,,,0,0,0
CA,171100,2,2014,63,37,74,118,240,32.20338983050848,0.8333333333333334,38,2,118.00000000299997,118.00000000215525,118.0000000038447,242.67371786143426,231.81485534859945,254.04124016181945,32.203389829689755,32.20338982945922,32.20338982992028,0.8241518766947775,0.7872737507996883,0.8627574781574857
CA,171100,2,2014,64,1,2,0,2,,0,0,0,0,0,0,2.0000000001,2,2.0000000002,,,,0,0,0
CA,171100,2,2014,77,29,58,276,70,4.3478260869565215,0,12,0,276.00000000270006,276.0000000007693,276.00000000463075,71.43926530882798,66.48092739688893,76.76741025883979,4.3478260869139875,4.347826086883574,4.347826086944402,0,0,0
CA,171100,2,2014,78,22,44,18,678,0,0,0,0,18.000000000500002,18.000000000176893,18.000000000823114,1109.7679428789972,1020.4452016777856,1206.9093813337026,0,0,0,0,0,0
CA,171100,2,2014,79,1,2,0,202,,0,0,0,0,0,0,635.6099432831429,202.0000000002001,1999.9999999999995,,,,0,0,0
CA,171100,2,2014,86,5,10,6,10,0,0,0,0,6.000000000200001,6.000000000032296,6.000000000367705,10.000000000499998,10.00000000027639,10.000000000723606,0,0,0,0,0,0
CA,171100,2,2014,87,27,54,6,214,0,0,0,0,6.000000000300001,6.0000000001267955,6.000000000473206,215.70005189954966,205.1745975890284,226.76546188560138,0,0,0,0,0,0
CA,171100,2,2014,89,50,100,1008,9764,4.563492063492063,0.04096681687832855,46,4,1008.0000000085,1008.0000000061516,1008.0000000108483,27952.8941183663,25003.490324310074,31250.20864918617,4.563492063453581,4.56349206344295,4.5634920634642135,0.014309788399948974,0.012799914537863956,0.01599776650426653
CA,171200,2,2014,2,12,24,0,26,,0,0,0,0,0,0,26.000000001300002,26.000000000939444,26.000000001660556,,,,0,0,0
CA,171200,2,2014,4,16,32,14,70,0,5.714285714285714,0,4,14.000000000400002,14.000000000131099,14.000000000668903,71.11470998863312,67.06340011549624,75.41076008758483,0,0,0,5.624715337571304,5.304282830930563,5.96450521910792
CA,171200,2,2014,7,1,2,0,2,,0,0,0,0,0,0,2.0000000001,2,2.0000000002,,,,0,0,0
CA,171200,2,2014,20,1,2,0,6,,0,0,0,0,0,0,6.324555320494872,4.000000000199999,9.999999999999998,,,,0,0,0
CA,171200,2,2014,31,12,24,8,16,0,0,0,0,8.0000000004,8.0000000002,8.0000000006,16.000000000799997,16.00000000051715,16.000000001082842,0,0,0,0,0,0
CA,171200,2,2014,39,48,96,396,5692,45.95959595959596,0.035137034434293744,182,2,396.0000000041999,396.0000000022102,396.0000000061895,13014.18031608095,12157.159886877866,13931.616502163588,45.959595959108526,45.95959595887761,45.959595959339445,0.015367852230606513,0.014355835876543105,0.01645121079766953
CA,171200,2,2014,41,5,10,6,8,66.66666666666667,0,4,0,6.000000000300001,6.0000000001267955,6.000000000473206,8.324555320594872,6.620275176553866,10.467574147230092,66.66666666333332,66.66666666140881,66.66666666525782,0,0,0
CA,171200,2,2014,57,2,4,4,0,0,,0,0,4.0000000002,4.000000000058578,4.000000000341421,0,0,0,0,0,0,,,
CA,171200,2,2014,63,48,96,472,1478,14.40677966101695,0,68,0,472.32455532629496,468.6710754843944,476.00651551540136,1464.6643937629558,1402.9696565871131,1529.0721194751688,14.396880118380402,14.28551874471135,14.50910959882017,0,0,0
CA,171200,2,2014,64,1,2,0,2,,0,0,0,0,0,0,2.0000000001,2,2.0000000002,,,,0,0,0
CA,171200,2,2014,77,6,12,28,18,0,0,0,0,28.000000000599996,28.00000000012869,28.0000000010713,17.49193338505876,15.39485587146255,19.87467346898036,0,0,0,0,0,0
CA,171200,2,2014,86,31,62,60,136,23.333333333333332,2.9411764705882355,14,4,60.00000000200001,60.00000000143033,60.000000002569685,137.72135336122497,130.20733051169682,145.66899649281675,23.333333332555554,23.33333333233401,23.333333332777094,2.904415257602448,2.7459515039614133,3.0720236597129764
CA,171200,2,2014,87,44,88,2,960,0,0,0,0,2.0000000001,2,2.0000000002,943.4171889235464,901.2883735334698,987.5152265273889,0,0,0,0,0,0
CA,171200,2,2014,89,39,78,158,2370,5.063291139240507,0,8,0,158.00000000430006,158.00000000331576,158.00000000528436,6262.474117291276,5535.854492661069,7084.467650249032,5.063291139102706,5.063291139071163,5.0632911391342486,0,0,0
CA,111000,2,2015,3,3,3.061224489795918,0,3.061224489795918,,0,0,0,0,0,0,3.06122448994898,3.06122448986061,3.0612244900373504,,,,0,0,0
CA,111000,2,2015,4,2,2.0408163265306123,1.0204081632653061,3.061224489795918,0,0,0,0,1.0204081633163264,1.0204081632653061,1.020408163367347,3.2268139390279957,2.0408163266326524,5.10204081632653,0,0,0,0,0,0
CA,111000,2,2015,7,92,93.87755102040816,104.08163265306122,1551.0204081632653,0,0,0,0,104.08163265525513,104.08163265465915,104.08163265585112,1532.0847586197353,1493.0230102845578,1572.1684739122136,0,0,0,0,0,0
CA,111000,2,2015,9,56,57.142857142857146,14.285714285714286,217.3469387755102,0,0,0,0,14.285714286377548,14.28571428618524,14.28571428656986,220.91403764628478,213.19665888055516,228.91077320553293,0,0,0,0,0,0
CA,111000,2,2015,14,97,98.9795918367347,1385.7142857142858,14993.877551020409,0.29455081001472755,0.006805498843065197,4.081632653061225,1.0204081632653061,1385.7142857184695,1385.7142857161728,1385.7142857207662,38802.60477861418,36468.633977566074,41285.94831743732,0.29455081001383826,0.29455081001335004,0.2945508100143264,0.002629741402895967,0.002471562855767883,0.0027980432826001027
CA,111000,2,2015,15,79,80.61224489795919,0,36443.87755102041,,0,0,0,0,0,0,114589.6075587397,101020.55601356535,129981.2501398501,,,,0,0,0
CA,111000,2,2015,16,89,90.81632653061224,405.10204081632656,5189.795918367347,5.289672544080605,0,21.42857142857143,0,405.1020408204083,405.1020408188601,405.1020408219565,9777.849018795237,9336.620210986597,10239.929361360657,5.289672544027306,5.28967254400709,5.289672544047523,0,0,0
CA,111000,2,2015,24,45,45.91836734693877,253.06122448979593,432.6530612244898,0,0.4716981132075472,0,2.0408163265306123,253.06122449173458,253.06122449061615,253.061224492853,429.10091538294404,411.5117507174115,447.441890204789,0,0,0,0.47560288346374635,0.45610756864909413,0.4959314826302634
CA,111000,2,2015,27,13,13.26530612244898,3.061224489795918,12.244897959183673,0,0,0,0,3.06122448994898,3.06122448986061,3.0612244900373504,12.244897959795919,12.244897959619179,12.24489795997266,0,0,0,0,0,0
CA,111000,2,2015,28,60,61.224489795918366,44.89795918367347,124.48979591836735,2.272727272727273,0,1.0204081632653061,0,44.897959185357145,44.89795918501045,44.89795918570384,128.20472504134472,123.95430838437282,132.60088928864513,2.2727272726420455,2.2727272726244956,2.272727272659595,0,0,0
CA,111000,2,2015,31,4,4.081632653061225,6.122448979591836,0,0,,0,0,6.122448979846939,6.122448979720722,6.122448979973156,0,0,0,0,0,0,,,
CA,111000,2,2015,39,5,5.1020408163265305,4.081632653061225,5.1020408163265305,0,0,0,0,4.081632653163266,4.081632653055705,4.081632653270826,5.267630265660649,4.521598014949637,6.136752653367648,0,0,0,0,0,0
CA,111000,2,2015,41,2,2.0408163265306123,1.0204081632653061,1.0204081632653061,0,0,0,0,1.0204081633163264,1.0204081632653061,1.020408163367347,1.0204081633163264,1.0204081632653061,1.020408163367347,0,0,0,0,0,0
CA,111000,2,2015,44,4,4.081632653061225,0,4.081632653061225,,0,0,0,0,0,0,4.081632653265306,4.081632653163266,4.081632653367347,,,,0,0,0
CA,111000,2,2015,64,78,79.59183673469387,38.775510204081634,1174.4897959183675,0,0,0,0,38.77551020545919,38.77551020512231,38.77551020579609,1157.0553644568552,1124.2994746105367,1190.7655803914217,0,0,0,0,0,0
CA,111000,2,2015,69,25,25.510204081632654,30.612244897959183,12.244897959183673,0,0,0,0,30.612244899132655,30.6122448988421,30.612244899423214,12.410487408874936,11.854734662346749,12.992293974747945,0,0,0,0,0,0
CA,111000,2,2015,81,1,1.0204081632653061,1.0204081632653061,0,0,,0,0,1.0204081633163264,1.0204081632653061,1.020408163367347,0,0,0,0,0,0,,,
CA,111000,2,2015,87,82,83.6734693877551,3.061224489795918,693.8775510204082,0,0,0,0,3.0612244898979597,3.061224489812396,3.061224489983523,694.5547926338344,673.8757774775164,715.868378258668,0,0,0,0,0,0
CA,111000,2,2015,89,2,2.0408163265306123,0,2.0408163265306123,,0,0,0,0,0,0,2.040816326632653,2.040816326560499,2.0408163267048067,,,,0,0,0
CA,121000,2,2016,4,2,2.0408163265306123,1.0204081632653061,2.0408163265306123,0,0,0,0,1.0204081633163264,1.0204081632653061,1.020408163367347,2.040816326632653,2.040816326560499,2.0408163267048067,0,0,0,0,0,0
CA,121000,2,2016,5,3,3.061224489795918,1.0204081632653061,5.1020408163265305,0,0,0,0,1.0204081633163264,1.0204081632653061,1.020408163367347,5.267630265660649,4.521598014949637,6.136752653367648,0,0,0,0,0,0
CA,121000,2,2016,7,73,74.48979591836735,80.61224489795919,56.12244897959184,17.72151898734177,3.6363636363636362,14.285714285714286,2.0408163265306123,80.61224490081631,80.61224490033702,80.61224490129558,56.950396227793064,55.66854251613795,58.26176659039351,17.721518986713672,17.72151898660831,17.721518986819035,3.5834980293511083,3.5028397626156296,3.6660135765885964
CA,121000,2,2016,9,24,24.489795918367346,2.0408163265306123,35.714285714285715,0,2.857142857142857,0,1.0204081632653061,2.040816326632653,2.040816326560499,2.0408163267048067,36.3766435123875,35.16285301058702,37.632332985861794,0,0,0,2.805119067452779,2.711519808375065,2.901949289945489
CA,121000,2,2016,14,27,27.551020408163264,2.0408163265306123,68.36734693877551,0,0,0,0,2.040816326632653,2.040816326560499,2.0408163267048067,70.59197101723561,66.49724309667357,74.93884167278372,0,0,0,0,0,0
CA,121000,2,2016,16,98,100,6525.510204081633,19958.163265306124,28.225175918686475,0,1841.8367346938776,0,6525.510204087808,6525.510204077468,6525.510204098147,61761.57631480141,56986.81446213768,66936.4017780535,28.22517591865976,28.22517591861504,28.225175918704487,0,0,0
CA,121000,2,2016,24,28,28.571428571428573,45.91836734693878,68.36734693877551,68.88888888888889,14.925373134328359,31.63265306122449,10.204081632653061,45.91836734795918,45.918367347610726,45.91836734830764,70.59197101723561,66.49724309667357,74.93884167278372,68.88888888735804,68.88888888683526,68.8888888878808,14.455017313741887,13.616545712313803,15.345119823717182
CA,121000,2,2016,27,14,14.285714285714286,16.3265306122449,8.16326530612245,50,0,8.16326530612245,0,16.326530612806124,16.326530612588968,16.326530613023284,8.328854755609628,7.716557936179826,8.98973637128985,49.99999999828124,49.99999999761619,49.999999998946286,0,0,0
CA,121000,2,2016,28,86,87.75510204081633,143.87755102040816,136.73469387755102,19.148936170212767,2.985074626865672,27.551020408163264,4.081632653061225,143.87755102464286,143.87755102401667,143.87755102526904,141.04001956044215,137.07863619506324,145.11588143686467,19.14893616964916,19.148936169565825,19.1489361697325,2.893953550050422,2.8126712339455513,2.9775848128902096
CA,121000,2,2016,31,4,4.081632653061225,1.0204081632653061,3.061224489795918,0,0,0,0,1.0204081633163264,1.0204081632653061,1.020408163367347,3.06122448994898,3.06122448986061,3.0612244900373504,0,0,0,0,0,0
CA,121000,2,2016,39,7,7.142857142857143,4.081632653061225,10.204081632653061,50,0,2.0408163265306123,0,4.081632653163266,4.081632653091112,4.081632653235419,10.369671082242283,9.792503390548513,10.980856892802027,49.99999999875,49.99999999786612,49.99999999963388,0,0,0
CA,121000,2,2016,42,1,1.0204081632653061,0,1.0204081632653061,,100,0,1.0204081632653061,0,0,0,1.0204081633163264,1.0204081632653061,1.020408163367347,,,,99.999999995,99.99999999,100
CA,121000,2,2016,65,1,1.0204081632653061,0,1.0204081632653061,,0,0,0,0,0,0,1.0204081633163264,1.0204081632653061,1.020408163367347,,,,0,0,0
CA,121000,2,2016,69,9,9.183673469387756,9.183673469387756,6.122448979591836,11.11111111111111,0,1.0204081632653061,0,9.18367346979592,9.18367346964137,9.18367346995047,6.288038428976975,5.60754395005542,7.051113221127844,11.111111110617282,11.111111110430295,11.111111110804268,0,0,0
CA,121000,2,2016,81,26,26.53061224489796,10.204081632653061,243.87755102040816,10,0.41841004184100417,1.0204081632653061,1.0204081632653061,10.204081633010201,10.204081632830741,10.204081633189665,238.5721534217255,223.06826946813104,255.15360173810288,9.999999999650003,9.999999999474129,9.999999999825874,0.42771469705499293,0.39991916881215844,0.4574420941617105
CA,121000,2,2016,87,97,98.9795918367347,1.0204081632653061,5645.918367346939,100,0,1.0204081632653061,0,1.0204081633163264,1.0204081632653061,1.020408163367347,11569.0080729303,11115.484216798237,12041.036196089264,99.999999995,99.99999999,100,0,0,0
CA,131000,2,2016,3,21,61.76470588235294,2352.9411764705883,4188.235294117647,77.25,11.51685393258427,1817.6470588235293,482.35294117647055,2352.9411764745582,2352.941176462897,2352.94117648622,10541.88990174691,9334.655816977544,11905.253378322906,77.24999999986964,77.24999999948679,77.2500000002525,4.5755831797915025,4.051597440628514,5.167335043025196
CA,131000,2,2016,4,11,32.35294117647059,52.94117647058823,5.88235294117647,0,0,0,0,52.94117647220587,52.94117647156636,52.941176472845385,5.882352941470588,5.8823529412626145,5.88235294167856,0,0,0,0,0,0
CA,131000,2,2016,9,1,2.9411764705882355,0,2.941176470588235,,0,0,0,0,0,0,2.941176470735294,2.941176470588235,2.9411764708823527,,,,0,0,0
CA,131000,2,2016,14,6,17.647058823529413,5.88235294117647,1005.8823529411764,50,0,2.941176470588235,0,5.882352941470588,5.8823529412626145,5.88235294167856,2915.1283385579154,2079.194099653651,4087.1476268997744,49.9999999975,49.99999999573224,49.99999999926777,0,0,0
CA,131000,2,2016,16,3,8.823529411764707,14.705882352941176,138.23529411764704,0,0,0,0,14.705882353382355,14.705882353026235,14.705882353738476,133.74907905134302,118.50578538324619,150.95310401285644,0,0,0,0,0,0
CA,131000,2,2016,28,24,70.58823529411765,102.94117647058823,32.35294117647059,28.571428571428573,18.181818181818183,29.41176470588235,5.88235294117647,102.94117647426471,102.94117647337384,102.94117647515556,33.30751564924961,30.362968525386908,36.53761975866855,28.571428570408163,28.571428570160904,28.57142857065542,17.660737603853665,16.099442109336863,19.3734447811259
CA,131000,2,2016,31,1,2.9411764705882355,47.05882352941176,0,0,,0,0,47.05882352970588,47.058823529447416,47.05882352996436,0,0,0,0,0,0,,,
CA,131000,2,2016,39,22,64.70588235294117,355.88235294117646,176.47058823529412,26.446280991735538,33.333333333333336,94.11764705882352,58.8235294117647,355.88235294661763,355.88235294494586,355.88235294828945,173.41623487764392,159.36466928269803,188.70676075505241,26.44628099133119,26.446280991206958,26.446280991455424,33.92042818440177,31.171924724053515,36.91127379520819
CA,131000,2,2016,41,3,8.823529411764707,8.823529411764705,17.64705882352941,0,0,0,0,8.823529412058825,8.8235294118122,8.823529412305447,18.124346059992458,16.16292079721856,20.323796931486136,0,0,0,0,0,0
CA,131000,2,2016,54,5,14.705882352941176,352.94117647058823,97.05882352941175,4.166666666666667,0,14.705882352941176,0,352.9411764719116,352.9411764705411,352.94117647328216,94.54420927263325,71.45190882038871,125.09963210999413,4.166666666651043,4.166666666634863,4.166666666667223,0,0,0
CA,131000,2,2016,59,2,5.882352941176471,14.705882352941176,0,0,,0,0,14.70588235338235,14.705882353082169,14.705882353682533,0,0,0,0,0,0,,,
CA,131000,2,2016,63,5,14.705882352941176,14.705882352941176,0,0,,0,0,14.705882353676467,14.705882353347633,14.705882354005302,0,0,0,0,0,0,,,
CA,131000,2,2016,64,11,32.35294117647059,150,76.47058823529412,15.686274509803921,15.384615384615385,23.52941176470588,11.76470588235294,150.00000000161762,150.00000000011735,150.0000000031179,79.81159888818249,72.14350676379624,88.29472814433153,15.686274509634757,15.686274509477867,15.686274509791648,14.740596662943075,13.32435823701919,16.30736626218012
CA,131000,2,2016,69,6,17.647058823529413,70.58823529411764,11.76470588235294,4.166666666666667,0,2.941176470588235,0,70.58823529544118,70.5882352948056,70.58823529607675,12.241993118521869,9.735698789049803,15.393491392985428,4.166666666588542,4.166666666551025,4.166666666626058,0,0,0
CA,131000,2,2016,83,1,2.9411764705882355,8.823529411764705,0,0,,0,0,8.823529411911766,8.823529411764707,8.823529412058825,0,0,0,0,0,0,,,
CA,131000,2,2016,87,5,14.705882352941176,2.941176470588235,32.35294117647059,0,0,0,0,2.941176470735294,2.941176470588235,2.9411764708823527,33.78480288483032,28.826781619654657,39.59557195898004,0,0,0,0,0,0
CA,141100,2,2017,14,19,38,98,24,0,0,0,0,98.00000000239999,98.00000000168298,98.00000000311698,24.649110641589743,22.73149474606224,26.72849551728591,0,0,0,0,0,0
CA,141100,2,2017,20,20,40,142,388,0,0,0,0,142.00000000130007,141.99999999994816,142.00000000265194,382.4053525046566,357.15780381951794,409.4376548975165,0,0,0,0,0,0
CA,141100,2,2017,28,8,16,22,0,0,,0,0,22.000000000900002,22.000000000565283,22.00000000123472,0,0,0,0,0,0,,,
CA,141100,2,2017,39,13,26,82,36,0,0,0,0,82.00000000169999,82.00000000100128,82.00000000239869,37.62277660277436,33.10068923544982,42.76265395061131,0,0,0,0,0,0
CA,141100,2,2017,63,2,4,2,2,0,0,0,0,2.0000000001,2,2.0000000002,2.0000000001,2,2.0000000002,0,0,0,0,0,0
CA,141100,2,2017,71,5,10,236,98,0,0,0,0,236.00000000079996,235.99999999992482,236.00000000167506,95.27392907530816,80.65182722332679,112.54700450012234,0,0,0,0,0,0
CA,141100,2,2017,77,7,14,26,2,0,0,0,0,26.0000000008,26.000000000441716,26.00000000115828,2.0000000001,2,2.0000000002,0,0,0,0,0,0
CA,141100,2,2017,86,3,6,6,2,0,0,0,0,6.000000000200001,6.000000000032296,6.000000000367705,2.0000000001,2,2.0000000002,0,0,0,0,0,0
CA,141100,2,2017,87,7,14,10,8,0,0,0,0,10.000000000399998,10.000000000174653,10.000000000625345,8.0000000004,8.0000000002,8.0000000006,0,0,0,0,0,0
CA,141100,2,2017,89,45,90,212,6964,0,0,0,0,645.6099432835427,513.3367395679542,811.9664281527678,17324.430630649706,15359.332790031518,19540.94626239151,0,0,0,0,0,0
CA,141100,2,2017,,3,6,0,0,,,0,0,0,0,0,0,0,0,,,,,,
CA,141200,2,2017,3,5,10,0,10,,0,0,0,0,0,0,10.000000000499998,10.00000000027639,10.000000000723606,,,,0,0,0
CA,141200,2,2017,4,20,40,74,8,2.7027027027027026,0,2,0,74.00000000230001,74.00000000161602,74.00000000298401,8.0000000004,8.0000000002,8.0000000006,2.702702702618699,2.702702702593718,2.702702702643681,0,0,0
CA,141200,2,2017,26,2,4,2,12,0,0,0,0,2.0000000001,2,2.0000000002,12.649110640989742,9.148859371242741,17.488518897877235,0,0,0,0,0,0
CA,141200,2,2017,31,4,8,10,12,0,0,0,0,10.000000000499998,10.00000000027639,10.000000000723606,12.324555320794872,10.990786142108623,13.820181913410574,0,0,0,0,0,0
CA,141200,2,2017,39,40,80,774,298,2.5839793281653747,0,20,0,774.0000000069997,774.0000000049057,774.0000000090937,308.8407188730916,293.8998593385075,324.54112039634697,2.5839793281420063,2.5839793281350154,2.583979328148997,0,0,0
CA,141200,2,2017,57,5,10,12,2,16.666666666666668,0,2,0,12.0000000006,12.000000000355051,12.000000000844947,2.0000000001,2,2.0000000002,16.666666665833333,16.66666666549313,16.66666666617354,0,0,0
CA,141200,2,2017,63,46,92,244,576,1.639344262295082,0,4,0,244.00000000510002,244.00000000373666,244.00000000646338,569.854682967065,545.9323162948282,594.8253107700677,1.6393442622608168,1.639344262251657,1.6393442622699768,0,0,0
CA,141200,2,2017,77,7,14,20,2,0,0,0,0,20.000000000800004,20.000000000481318,20.000000001118693,2.0000000001,2,2.0000000002,0,0,0,0,0,0
CA,141200,2,2017,82,1,2,4,0,0,,0,0,4.0000000002,4.000000000058578,4.000000000341421,0,0,0,0,0,0,,,
CA,141200,2,2017,86,29,58,156,92,1.2820512820512822,0,2,0,156.0000000037,156.0000000026424,156.0000000047576,92.60664337389188,88.14520402619671,97.29389694793166,1.2820512820208745,1.2820512820121828,1.2820512820295662,0,0,0
CA,141200,2,2017,87,50,100,450,23014,0,0,0,0,450.0000000039001,450.0000000017558,450.0000000060444,66696.06011258252,60927.96518638805,73010.22479468973,0,0,0,0,0,0
CA,141200,2,2017,89,18,36,44,130,0,0,0,0,44.0000000017,44.00000000121819,44.00000000218182,129.93623126982683,118.79282310762947,142.12495128017196,0,0,0,0,0,0
CA,151000,2,2018,4,4,3.8095238095238093,3.8095238095238093,2.857142857142857,0,0,0,0,3.8095238096666666,3.8095238095714286,3.8095238097619046,3.0116930097594627,1.9047619048571423,4.761904761904761,0,0,0,0,0,0
CA,151000,2,2018,7,16,15.238095238095237,12.38095238095238,3.8095238095238093,0,0,0,0,12.38095238157143,12.380952381399736,12.380952381743121,3.8095238097142854,3.8095238096190474,3.809523809809524,0,0,0,0,0,0
CA,151000,2,2018,9,40,38.095238095238095,63.80952380952381,44.76190476190476,0,0,0,0,63.809523810857165,63.809523810350214,63.809523811364116,45.22555522118315,44.15101482303388,46.32624761316274,0,0,0,0,0,0
CA,151000,2,2018,13,40,38.095238095238095,43.80952380952381,31.428571428571427,0,0,0,0,43.809523811238094,43.80952381090981,43.809523811566386,32.201322192463984,30.736223234339036,33.736257803606875,0,0,0,0,0,0
CA,151000,2,2018,14,57,54.285714285714285,20,932.3809523809523,0,0,0,0,20.000000000857145,20.000000000632426,20.00000000108186,1333.0801169281565,1278.0573949773743,1390.4716682779708,0,0,0,0,0,0
CA,151000,2,2018,16,82,78.0952380952381,198.09523809523807,3437.142857142857,0,0,0,0,198.09523809847613,198.09523809760873,198.09523809934353,9409.910456609588,8865.790952974832,9987.424164529797,0,0,0,0,0,0
CA,151000,2,2018,20,70,66.66666666666667,74.28571428571428,146.66666666666666,0,0,0,0,74.28571428828575,74.28571428784757,74.28571428872391,149.0318602711303,144.57259894085942,153.62866503464738,0,0,0,0,0,0
CA,151000,2,2018,23,7,6.666666666666667,60.95238095238095,3.8095238095238093,0,0,0,0,60.95238095295239,60.952380952532074,60.9523809533727,3.8095238097142854,3.8095238096190474,3.809523809809524,0,0,0,0,0,0
CA,151000,2,2018,27,6,5.714285714285714,2.857142857142857,2.857142857142857,0,0,0,0,2.8571428572857145,2.857142857203236,2.8571428573681934,2.8571428572857145,2.857142857203236,2.8571428573681934,0,0,0,0,0,0
CA,151000,2,2018,28,103,98.0952380952381,432.38095238095235,147.61904761904762,0,0,0,0,432.38095238895227,432.38095238784626,432.3809523900583,150.3135640380768,146.3839639316153,154.3486521814924,0,0,0,0,0,0
CA,151000,2,2018,31,10,9.523809523809524,9.523809523809524,14.285714285714285,0,0,0,0,9.523809524142859,9.523809523985348,9.523809524300372,14.749364743849817,13.504593635546955,16.108871263960037,0,0,0,0,0,0
CA,151000,2,2018,39,14,13.333333333333334,20.952380952380953,1.9047619047619047,0,0,0,0,20.952380953190477,20.952380952961043,20.952380953419915,1.9047619048571427,1.904761904789799,1.9047619049244862,0,0,0,0,0,0
CA,151000,2,2018,41,12,11.428571428571429,15.238095238095237,3.8095238095238093,0,0,0,0,15.23809523866667,15.238095238469835,15.238095238863503,3.8095238097142854,3.8095238096190474,3.809523809809524,0,0,0,0,0,0
CA,151000,2,2018,44,39,37.142857142857146,48.57142857142857,60.95238095238095,0,0,0,0,48.57142857290476,48.571428572538025,48.57142857327149,62.56504630137966,59.590439384326395,65.68813821707361,0,0,0,0,0,0
CA,151000,2,2018,54,84,80,1328.5714285714284,165.7142857142857,0,0,0,0,1328.5714285782383,1328.5714285759195,1328.5714285805568,168.08955827380774,162.23214674089624,174.1584523676982,0,0,0,0,0,0
CA,151000,2,2018,58,3,2.857142857142857,15.238095238095237,0,0,,0,0,15.23809523833333,15.238095238100827,15.238095238565833,0,0,0,0,0,0,,,
CA,151000,2,2018,59,1,0.9523809523809523,0.9523809523809523,0,0,,0,0,0.9523809524285713,0.9523809523809523,0.9523809524761905,0,0,0,0,0,0,,,
CA,151000,2,2018,61,76,72.38095238095238,88.57142857142857,253.33333333333331,0,0,0,0,88.57142857399998,88.57142857351539,88.57142857448457,258.0485052098498,249.55624804437466,266.82974905600196,0,0,0,0,0,0
CA,151000,2,2018,63,1,0.9523809523809523,1.9047619047619047,0,0,,0,0,1.9047619048095237,1.9047619047619047,1.9047619048571427,0,0,0,0,0,0,,,
CA,151000,2,2018,66,1,0.9523809523809523,0.9523809523809523,0,0,,0,0,0.9523809524285713,0.9523809523809523,0.9523809524761905,0,0,0,0,0,0,,,
CA,151000,2,2018,69,6,5.714285714285714,5.714285714285714,0.9523809523809523,0,0,0,0,5.714285714523809,5.714285714406007,5.714285714641612,0.9523809524285713,0.9523809523809523,0.9523809524761905,0,0,0,0,0,0
CA,151000,2,2018,74,1,0.9523809523809523,0.9523809523809523,0,0,,0,0,0.9523809524285713,0.9523809523809523,0.9523809524761905,0,0,0,0,0,0,,,
CA,151000,2,2018,75,1,0.9523809523809523,0.9523809523809523,0,0,,0,0,0.9523809524285713,0.9523809523809523,0.9523809524761905,0,0,0,0,0,0,,,
CA,151000,2,2018,80,1,0.9523809523809523,1.9047619047619047,0,0,,0,0,1.9047619048095237,1.9047619047619047,1.9047619048571427,0,0,0,0,0,0,,,
CA,151000,2,2018,81,13,12.380952380952381,10.476190476190476,6.666666666666666,0,0,0,0,10.476190476619047,10.476190476459658,10.476190476778438,6.6666666669999985,6.666666666874011,6.6666666671259875,0,0,0,0,0,0
CA,151000,2,2018,87,15,14.285714285714286,5.714285714285714,10.476190476190476,0,0,0,0,5.714285714571428,5.714285714454786,5.71428571468807,10.630740629188033,10.103125412482411,11.185909479599454,0,0,0,0,0,0
CA,151000,2,2018,89,14,13.333333333333334,11.428571428571429,18.095238095238095,0,0,0,0,11.428571429095236,11.428571428928922,11.428571429261547,18.09016631862493,15.07477529603137,21.708722751022755,0,0,0,0,0,0
CA,151000,2,2018,109,3,2.857142857142857,10.476190476190476,0.9523809523809523,0,0,0,0,10.476190476428572,10.47619047626548,10.476190476591665,0.9523809524285713,0.9523809523809523,0.9523809524761905,0,0,0,0,0,0
CA,151000,2,2018,111,1,0.9523809523809523,0,2.857142857142857,,0,0,0,0,0,0,3.0116930097594627,1.9047619048571423,4.761904761904761,,,,0,0,0
CA,21000,2,2019,4,5,5.1020408163265305,1.0204081632653061,33.673469387755105,0,0,0,0,1.0204081633163264,1.0204081632653061,1.020408163367347,33.33142239659948,30.629195277021093,36.27205053650318,0,0,0,0,0,0
CA,21000,2,2019,7,89,90.81632653061224,115.3061224489796,1331.6326530612246,0.8849557522123894,0,1.0204081632653061,0,115.3061224510714,115.30612245036578,115.30612245177701,1538.5168659186515,1493.2203831176041,1585.1874066801602,0.884955752196335,0.8849557521909196,0.8849557522017507,0,0,0
CA,21000,2,2019,9,16,16.3265306122449,0,70.40816326530613,,0,0,0,0,0,0,69.10550491845252,66.37899683454529,71.94400394356275,,,,0,0,0
CA,21000,2,2019,14,20,20.408163265306122,1.0204081632653061,54.08163265306123,0,0,0,0,1.0204081633163264,1.0204081632653061,1.020408163367347,55.643898934491,52.183789360751454,59.333435278669114,0,0,0,0,0,0
CA,21000,2,2019,16,98,100,458.16326530612247,100502.04081632654,2.6726057906458798,0,12.244897959183673,0,458.16326530928563,458.1632653075138,458.1632653110574,314999.4656916242,294839.5833151677,336537.7954694194,2.672605790627428,2.6726057906170926,2.672605790637763,0,0,0
CA,21000,2,2019,27,78,79.59183673469387,580.6122448979592,2966.326530612245,0,0,0,0,580.6122449000002,580.6122448977287,580.6122449022719,4471.553256839528,4288.852236915131,4662.037166179914,0,0,0,0,0,0
CA,21000,2,2019,31,27,27.551020408163264,11.224489795918368,23.46938775510204,27.272727272727273,0,3.061224489795918,0,11.22448979642857,11.22448979625788,11.224489796599261,23.800566654433545,23.0026305103179,24.62618233240949,27.272727271487607,27.27272727107287,27.27272727190234,0,0,0
CA,21000,2,2019,39,6,6.122448979591836,2.0408163265306123,6.122448979591836,0,0,0,0,2.040816326632653,2.040816326560499,2.0408163267048067,6.288038428976975,5.60754395005542,7.051113221127844,0,0,0,0,0,0
CA,21000,2,2019,44,9,9.183673469387756,0,22.448979591836736,,0,0,0,0,0,0,23.276926838354264,21.372226606644805,25.351374613894567,,,,0,0,0
CA,21000,2,2019,64,2,2.0408163265306123,0,2.0408163265306123,,0,0,0,0,0,0,2.040816326632653,2.040816326560499,2.0408163267048067,,,,0,0,0
CA,21000,2,2019,65,1,1.0204081632653061,0,1.0204081632653061,,0,0,0,0,0,0,1.0204081633163264,1.0204081632653061,1.020408163367347,,,,0,0,0
CA,21000,2,2019,81,1,1.0204081632653061,0,1.0204081632653061,,0,0,0,0,0,0,1.0204081633163264,1.0204081632653061,1.020408163367347,,,,0,0,0
CA,21000,2,2019,87,98,100,0,87005.10204081633,,0,0,0,0,0,0,274826.07518196205,245641.69167579737,307477.8189510541,,,,0,0,0
CA,11000,3,2021,4,5,3.5714285714285716,0.7142857142857143,5.714285714285714,0,0,0,0,0.7142857143214286,0.7142857142857143,0.7142857143571429,5.946110943282052,5.056924718389243,6.991647556319647,0,0,0,0,0,0
CA,11000,3,2021,7,140,100,1430,12277.142857142859,0.2997002997002997,0,4.285714285714286,0,1430.000000005215,1430.0000000024245,1430.0000000080054,34213.10581439455,32457.892795760912,36063.23481417848,0.29970029969920675,0.29970029969862194,0.29970029969979156,0,0,0
CA,11000,3,2021,9,6,4.285714285714286,0,8.571428571428571,,0,0,0,0,0,0,8.919166414923076,7.81423691767762,10.180332433628637,,,,0,0,0
CA,11000,3,2021,14,9,6.428571428571429,0,6.428571428571429,,0,0,0,0,0,0,6.428571428892858,6.428571428785716,6.428571429000002,,,,0,0,0
CA,11000,3,2021,16,68,48.57142857142857,6.428571428571429,288.5714285714286,0,0.24752475247524752,0,0.7142857142857143,6.428571428857144,6.42857142874896,6.42857142896533,444.39148479233626,428.4287529095141,460.94896856198307,0,0,0,0.16073343858501235,0.15495982484006046,0.16672217012394927
CA,11000,3,2021,27,7,5,0,7.857142857142858,,0,0,0,0,0,0,8.088968086246336,7.373863784736821,8.873421941390934,,,,0,0,0
CA,11000,3,2021,31,6,4.285714285714286,3.5714285714285716,2.857142857142857,0,0,0,0,3.5714285716071426,3.5714285715272824,3.5714285716870022,2.973055471641026,2.3643839916263807,3.738419338296462,0,0,0,0,0,0
CA,11000,3,2021,39,1,0.7142857142857143,1.4285714285714286,0.7142857142857143,0,0,0,0,1.428571428607143,1.4285714285714286,1.4285714286428572,0.7142857143214286,0.7142857142857143,0.7142857143571429,0,0,0,0,0,0
CA,11000,3,2021,44,4,2.857142857142857,0,2.857142857142857,,0,0,0,0,0,0,2.8571428572857145,2.857142857214286,2.857142857357143,,,,0,0,0
CA,11000,3,2021,64,4,2.857142857142857,0,2.857142857142857,,0,0,0,0,0,0,2.8571428572857145,2.857142857214286,2.857142857357143,,,,0,0,0
CA,11000,3,2021,65,1,0.7142857142857143,0,0.7142857142857143,,0,0,0,0,0,0,0.7142857143214286,0.7142857142857143,0.7142857143571429,,,,0,0,0
CA,11000,3,2021,66,1,0.7142857142857143,0,0.7142857142857143,,0,0,0,0,0,0,0.7142857143214286,0.7142857142857143,0.7142857143571429,,,,0,0,0
CA,11000,3,2021,77,3,2.142857142857143,0,7.857142857142858,,0,0,0,0,0,0,7.675690494735275,7.200893051051487,8.181794140431846,,,,0,0,0
CA,11000,3,2021,87,31,22.142857142857142,0,380,,0,0,0,0,0,0,685.036157165846,642.7989220267766,730.0487299277105,,,,0,0,0
CA,31000,3,2022,3,1,2,0,2,,0,0,0,0,0,0,2.0000000001,2,2.0000000002,,,,0,0,0
CA,31000,3,2022,4,2,4,6,0,0,,0,0,6.000000000200001,6.000000000032296,6.000000000367705,0,0,0,0,0,0,,,
CA,31000,3,2022,7,1,2,0,2,,0,0,0,0,0,0,2.0000000001,2,2.0000000002,,,,0,0,0
CA,31000,3,2022,14,1,2,14,0,0,,0,0,14.0000000001,14.000000000000002,14.000000000199998,0,0,0,0,0,0,,,
CA,31000,3,2022,15,2,4,2,6,0,0,0,0,2.0000000001,2,2.0000000002,6.324555320494872,4.000000000199999,9.999999999999998,0,0,0,0,0,0
CA,31000,3,2022,16,50,100,3988,13090,0,0,0,0,3987.4919333937596,3976.0650060091784,3998.95170095305,37336.73469463251,33866.127476084344,41163.01040447613,0,0,0,0,0,0
CA,31000,3,2022,17,1,2,0,202,,0,0,0,0,0,0,635.6099432831429,202.0000000002001,1999.9999999999995,,,,0,0,0
CA,31000,3,2022,24,1,2,8,0,0,,0,0,8.0000000001,8,8.0000000002,0,0,0,0,0,0,,,
CA,31000,3,2022,31,2,4,2,4,0,0,0,0,2.0000000001,2,2.0000000002,4.0000000002,4.000000000058578,4.000000000341421,0,0,0,0,0,0
CA,31000,3,2022,39,1,2,2,0,0,,0,0,2.0000000001,2,2.0000000002,0,0,0,0,0,0,,,
CA,31000,3,2022,41,18,36,52,208,0,0,0,0,52.0000000016,52.000000001054275,52.000000002145725,204.795258537222,184.59320179647784,227.20824770984532,0,0,0,0,0,0
CA,31000,3,2022,69,31,62,206,4,0,0,0,0,206.00000000439996,206.0000000033426,206.0000000054573,4.0000000002,4.000000000058578,4.000000000341421,0,0,0,0,0,0
CA,31000,3,2022,71,2,4,4,0,0,,0,0,4.0000000002,4.000000000058578,4.000000000341421,0,0,0,0,0,0,,,
CA,31000,3,2022,77,1,2,2,0,0,,0,0,2.0000000001,2,2.0000000002,0,0,0,0,0,0,,,
CA,31000,3,2022,83,21,42,306,60,0,0,0,0,306.00000000240004,306.0000000007003,306.0000000040998,61.287570550991866,51.30131872313803,73.21773392052573,0,0,0,0,0,0
CA,31000,3,2022,87,10,20,10,14,0,0,0,0,10.000000000499998,10.00000000027639,10.000000000723606,14.32455532089487,13.0703479166473,15.699114243166374,0,0,0,0,0,0
CA,31000,3,2022,100,1,2,0,2,,0,0,0,0,0,0,2.0000000001,2,2.0000000002,,,,0,0,0
CA,31000,3,2022,114,2,4,0,10,,0,0,0,0,0,0,10.324555320694872,8.862332109301288,12.028035200600591,,,,0,0,0
CA,41000,3,2022,3,33,33.673469387755105,3.061224489795918,220.40816326530611,0,0,0,0,3.06122448994898,3.06122448986061,3.0612244900373504,219.30027298804256,208.31333451259653,230.86668861191828,0,0,0,0,0,0
CA,41000,3,2022,4,35,35.714285714285715,9.183673469387756,87.75510204081633,0,0,0,0,9.183673469693879,9.18367346954568,9.183673469842079,89.47752372566816,85.66536861604524,93.45932179387053,0,0,0,0,0,0
CA,41000,3,2022,5,1,1.0204081632653061,0,1.0204081632653061,,0,0,0,0,0,0,1.0204081633163264,1.0204081632653061,1.020408163367347,,,,0,0,0
CA,41000,3,2022,7,85,86.73469387755102,1136.734693877551,3932.6530612244896,0.17953321364452424,0,2.0408163265306123,0,1136.7346938813264,1136.7346938783733,1136.7346938842795,6979.1877489741155,6685.978035036974,7285.256005954113,0.17953321364392796,0.17953321364346156,0.17953321364439437,0,0,0
CA,41000,3,2022,9,24,24.489795918367346,3.061224489795918,44.89795918367347,0,0,0,0,3.06122448994898,3.06122448986061,3.0612244900373504,46.22267477855049,44.13224979427316,48.412117525014466,0,0,0,0,0,0
CA,41000,3,2022,14,92,93.87755102040816,905.1020408163265,13370.408163265307,0.11273957158962795,0,1.0204081632653061,0,905.1020408196938,905.1020408170257,905.1020408223619,37215.339336413985,34653.86943922697,39966.14243478079,0.11273957158920854,0.1127395715888762,0.11273957158954087,0,0,0
CA,41000,3,2022,16,62,63.265306122448976,36.734693877551024,567.3469387755102,0,0,0,0,36.900283327497384,35.79027487172331,38.04471786064321,786.7980310499267,752.1591677606528,823.0321030415624,0,0,0,0,0,0
CA,41000,3,2022,20,1,1.0204081632653061,1.0204081632653061,0,0,,0,0,1.0204081633163264,1.0204081632653061,1.020408163367347,0,0,0,0,0,0,,,
CA,41000,3,2022,27,37,37.755102040816325,107.14285714285714,471.42857142857144,0.9523809523809523,0,1.0204081632653061,0,107.1428571443367,107.14285714360318,107.1428571450702,466.7083584717778,443.90021456168853,490.68841312116916,0.9523809523678008,0.9523809523612808,0.9523809523743209,0,0,0
CA,41000,3,2022,28,80,81.63265306122449,214.28571428571428,376.53061224489795,2.380952380952381,0,5.1020408163265305,0,214.28571429076527,214.28571428996742,214.2857142915631,381.74426378426494,367.2393559703688,396.8220741132898,2.380952380896259,2.3809523808873942,2.380952380905124,0,0,0
CA,41000,3,2022,31,74,75.51020408163265,306.12244897959187,352.0408163265306,0.6666666666666666,0,2.0408163265306123,0,306.1224489833673,306.1224489821147,306.1224489846199,350.4335565064341,337.59803730975665,363.757083732901,0.6666666666584445,0.6666666666557167,0.6666666666611725,0,0,0
CA,41000,3,2022,39,6,6.122448979591836,1.0204081632653061,5.1020408163265305,0,0,0,0,1.0204081633163264,1.0204081632653061,1.020408163367347,5.102040816581632,5.102040816467547,5.102040816695718,0,0,0,0,0,0
CA,41000,3,2022,41,1,1.0204081632653061,0,3.061224489795918,,0,0,0,0,0,0,3.2268139390279957,2.0408163266326524,5.10204081632653,,,,0,0,0
CA,41000,3,2022,43,3,3.061224489795918,0,13.26530612244898,,0,0,0,0,0,0,13.171677911047775,11.55289592825833,15.017282252843684,,,,0,0,0
CA,41000,3,2022,58,1,1.0204081632653061,0,3.061224489795918,,0,0,0,0,0,0,3.2268139390279957,2.0408163266326524,5.10204081632653,,,,0,0,0
CA,41000,3,2022,63,2,2.0408163265306123,2.0408163265306123,0,0,,0,0,2.040816326632653,2.040816326560499,2.0408163267048067,0,0,0,0,0,0,,,
CA,41000,3,2022,64,45,45.91836734693877,2.0408163265306123,79.59183673469389,0,0,0,0,2.040816326632653,2.040816326560499,2.0408163267048067,81.7444995767007,79.18856115291203,84.38293503201879,0,0,0,0,0,0
CA,41000,3,2022,65,1,1.0204081632653061,0,1.0204081632653061,,0,0,0,0,0,0,1.0204081633163264,1.0204081632653061,1.020408163367347,,,,0,0,0
CA,41000,3,2022,87,79,80.61224489795919,1.0204081632653061,7389.795918367347,0,0,0,0,1.0204081633163264,1.0204081632653061,1.020408163367347,20866.691744931915,19255.78265234941,22612.36700887273,0,0,0,0,0,0
CA,41000,3,2022,,1,1.0204081632653061,0,0,,,0,0,0,0,0,0,0,0,,,,,,
CA,43000,3,2022,3,5,10,0,18,,0,0,0,0,0,0,18.64911064128974,16.382527657367667,21.229283721346626,,,,0,0,0
CA,43000,3,2022,4,8,16,2,70,0,0,0,0,2.0000000001,2,2.0000000002,69.32958789753499,65.26664517330936,73.64545466185038,0,0,0,0,0,0
CA,43000,3,2022,6,1,2,2,0,0,,0,0,2.0000000001,2,2.0000000002,0,0,0,0,0,0,,,
CA,43000,3,2022,7,47,94,936,5636,0,0,0,0,936.0000000043998,935.9999999999438,936.00000000885575,13834.768220819831,12836.130103781026,14911.09938714528,0,0,0,0,0,0
CA,43000,3,2022,9,4,8,0,8,,0,0,0,0,0,0,8.0000000004,8.0000000002,8.0000000006,,,,0,0,0
CA,43000,3,2022,14,50,100,1004,11538,0.199203187250996,0,2,0,1004.0000000042996,1004.0000000012811,1004.0000000073181,31002.304222739713,28377.690655143848,33869.66468834504,0.19920318725014294,0.19920318724954403,0.19920318725074182,0,0,0
CA,43000,3,2022,16,32,64,62,2212,12.903225806451612,0,8,0,61.49193338575877,59.77137099576991,63.26202341562816,3045.018252001729,2873.100583667442,3227.2229547870584,13.009836509470949,12.645817455822463,13.384334116355085,0,0,0
CA,43000,3,2022,27,1,2,2,0,0,,0,0,2.0000000001,2,2.0000000002,0,0,0,0,0,0,,,
CA,43000,3,2022,28,49,98,258,240,10.077519379844961,0,26,0,258.00000000650004,258.00000000535863,258.0000000076414,246.43798841201206,233.92468413347086,259.6206653330659,10.077519379591068,10.077519379546487,10.077519379635653,0,0,0
CA,43000,3,2022,31,14,28,38,16,0,0,0,0,38.0000000012,38.000000000711275,38.00000000168873,16.649110641189743,14.159389211489879,19.57661315769501,0,0,0,0,0,0
CA,43000,3,2022,63,1,2,2,0,0,,0,0,2.0000000001,2,2.0000000002,0,0,0,0,0,0,,,
CA,43000,3,2022,64,8,16,2,44,0,0,0,0,2.0000000001,2,2.0000000002,44.46559934694338,40.53197095140124,48.780986437930366,0,0,0,0,0,0
CA,43000,3,2022,83,4,8,8,8,0,0,0,0,8.0000000004,8.0000000002,8.0000000006,8.324555320594872,6.620275176553866,10.467574147230092,0,0,0,0,0,0
CA,43000,3,2022,87,41,82,6,6406,0,0,0,0,6.000000000200001,6.000000000032296,6.000000000367705,17228.139656432653,15474.270562025464,19180.794004592964,0,0,0,0,0,0
CA,71000,3,2023,7,64,65.3061224489796,12.244897959183673,881.6326530612245,58.333333333333336,1.0416666666666667,7.142857142857143,9.183673469387756,12.24489795954082,12.244897959341877,12.244897959739761,1093.5846158572144,1045.7806160241169,1143.5737990500213,58.333333331631934,58.33333333068419,58.33333333257967,0.8397771270940078,0.8030678454697658,0.8781644379968092
CA,71000,3,2023,14,14,14.285714285714286,3.061224489795918,272.44897959183675,0,0,0,0,3.061224489846939,3.0612244897959187,3.0612244898979597,715.8745410663623,636.7925519340297,804.7775637301521,0,0,0,0,0,0
CA,71000,3,2023,16,71,72.44897959183673,20.408163265306122,3003.061224489796,10,6.795786612300374,2.0408163265306123,204.08163265306123,20.408163266071433,20.408163265837143,20.408163266305717,7409.519760989041,6868.654838419664,7992.974516844216,9.999999999624999,9.999999999510198,9.999999999739801,2.7543165985945075,2.553262646127348,2.9712023307902338
CA,71000,3,2023,23,1,1.0204081632653061,1.0204081632653061,0,0,,0,0,1.0204081633163264,1.0204081632653061,1.020408163367347,0,0,0,0,0,0,,,
CA,71000,3,2023,27,1,1.0204081632653061,1.0204081632653061,0,100,,1.0204081632653061,0,1.0204081633163264,1.0204081632653061,1.020408163367347,0,0,0,99.999999995,99.99999999,100,,,
CA,71000,3,2023,28,20,20.408163265306122,12.244897959183673,43.87755102040816,41.666666666666664,4.651162790697675,5.1020408163265305,2.0408163265306123,12.244897959795919,12.244897959619179,12.24489795997266,45.274227852248714,41.29711587866275,49.63435494236035,41.66666666458333,41.66666666398193,41.66666666518474,4.507677818804032,4.111701116898935,4.941788992061439
CA,71000,3,2023,31,23,23.46938775510204,15.306122448979592,21.42857142857143,60,47.61904761904762,9.183673469387756,10.204081632653061,15.306122449540815,15.306122449336652,15.30612244974498,21.925339776879902,20.79559042232868,23.116464335413717,59.9999999978,59.999999996999684,59.99999999860032,46.540129988832305,44.14205167621902,49.068487238990414
CA,71000,3,2023,39,2,2.0408163265306123,0,2.0408163265306123,,0,0,0,0,0,0,2.040816326632653,2.040816326560499,2.0408163267048067,,,,0,0,0
CA,71000,3,2023,41,1,1.0204081632653061,0,1.0204081632653061,,0,0,0,0,0,0,1.0204081633163264,1.0204081632653061,1.020408163367347,,,,0,0,0
CA,71000,3,2023,58,2,2.0408163265306123,2.0408163265306123,1.0204081632653061,50,0,1.0204081632653061,0,2.040816326632653,2.040816326560499,2.0408163267048067,1.0204081633163264,1.0204081632653061,1.020408163367347,49.9999999975,49.99999999573224,49.99999999926777,0,0,0
CA,71000,3,2023,63,1,1.0204081632653061,1.0204081632653061,0,0,,0,0,1.0204081633163264,1.0204081632653061,1.020408163367347,0,0,0,0,0,0,,,
CA,71000,3,2023,64,50,51.02040816326531,0,1163.265306122449,,0.17543859649122806,0,2.0408163265306123,0,0,0,2263.1777402577027,2138.2306904263523,2395.4260440330067,,,,0.09017481438723542,0.08519638214731257,0.09544416024276986
CA,71000,3,2023,87,79,80.61224489795919,1.0204081632653061,5021.428571428572,100,0.0406421459053038,1.0204081632653061,2.0408163265306123,1.0204081633163264,1.0204081632653061,1.020408163367347,13855.106701559433,12865.758998491483,14920.53300035427,99.999999995,99.99999999,100,0.014729704869764102,0.013677904981559009,0.015862385785167427
CA,71000,3,2023,89,1,1.0204081632653061,1.0204081632653061,0,0,,0,0,1.0204081633163264,1.0204081632653061,1.020408163367347,0,0,0,0,0,0,,,
CA,81000,3,2023,4,23,23.46938775510204,54.08163265306123,10.204081632653061,3.7735849056603774,0,2.0408163265306123,0,54.08163265423468,54.08163265373431,54.08163265473505,10.535260531321295,9.456873945224446,11.73661773496147,3.773584905578499,3.7735849055435846,3.7735849056134123,0,0,0
CA,81000,3,2023,5,1,1.0204081632653061,1.0204081632653061,0,100,,1.0204081632653061,0,1.0204081633163264,1.0204081632653061,1.020408163367347,0,0,0,99.999999995,99.99999999,100,,,
CA,81000,3,2023,7,93,94.89795918367346,574.4897959183673,550,3.907637655417407,0,22.448979591836736,0,574.4897959260206,574.4897959246625,574.489795927379,769.4793914177988,732.8821912830592,807.9041090903264,3.9076376553653493,3.90763765535611,3.9076376553745877,0,0,0
CA,81000,3,2023,9,8,8.16326530612245,3.061224489795918,9.183673469387756,0,0,0,0,3.06122448994898,3.06122448986061,3.0612244900373504,9.51485236800497,8.35843247824881,10.831267204768686,0,0,0,0,0,0
CA,81000,3,2023,14,23,23.46938775510204,6.122448979591836,292.8571428571429,0,0,0,0,6.122448979846939,6.122448979720722,6.122448979973156,736.2311751390635,669.6879964271939,809.3863801328781,0,0,0,0,0,0
CA,81000,3,2023,16,98,100,4119.3877551020405,19936.73469387755,4.062422591032945,0,167.3469387755102,0,4119.387755109027,4119.387755100759,4119.387755117296,61723.09418802036,57040.0147724395,66790.66215782288,4.062422591026055,4.062422591017901,4.06242259103421,0,0,0
CA,81000,3,2023,24,11,11.224489795918368,13.26530612244898,71.42857142857143,0,0,0,0,13.265306122704077,13.265306122471271,13.265306122936883,73.07359782825174,66.70119030468739,80.05480374748018,0,0,0,0,0,0
CA,81000,3,2023,27,14,14.285714285714286,26.53061224489796,2.0408163265306123,15.384615384615385,0,4.081632653061225,0,26.530612245612243,26.530612245329994,26.530612245894492,2.040816326632653,2.040816326560499,2.0408163267048067,15.384615384201185,15.384615384037513,15.384615384364855,0,0,0
CA,81000,3,2023,28,88,89.79591836734694,274.48979591836735,156.12244897959184,4.089219330855019,0,11.224489795918368,0,274.4897959248979,274.48979592405146,274.4897959257444,163.57397419595364,155.78584463502355,171.75145211006648,4.08921933075773,4.089219330745119,4.089219330770339,0,0,0
CA,81000,3,2023,31,24,24.489795918367346,36.734693877551024,2.0408163265306123,19.444444444444443,0,7.142857142857143,0,36.73469387882654,36.734693878501865,36.73469387915121,2.040816326632653,2.040816326560499,2.0408163267048067,19.444444443769285,19.444444443597433,19.444444443941144,0,0,0
CA,81000,3,2023,39,30,30.612244897959183,28.571428571428573,24.489795918367346,17.857142857142858,12.5,5.1020408163265305,3.061224489795918,28.571428572448983,28.571428572169477,28.571428572728497,25.152153715907904,23.752204731393114,26.634615342150376,17.8571428565051,17.857142856330405,17.857142856679793,12.170824512176049,11.493406044995155,12.888169853764861
CA,81000,3,2023,63,1,1.0204081632653061,3.061224489795918,0,0,,0,0,3.061224489846939,3.0612244897959187,3.0612244898979597,0,0,0,0,0,0,,,
CA,81000,3,2023,64,33,33.673469387755105,23.46938775510204,594.8979591836735,0,0,0,0,23.469387755969393,23.46938775571945,23.469387756219334,1480.0691497404073,1367.4774941263827,1601.9310719353136,0,0,0,0,0,0
CA,81000,3,2023,69,1,1.0204081632653061,1.0204081632653061,0,0,,0,0,1.0204081633163264,1.0204081632653061,1.020408163367347,0,0,0,0,0,0,,,
CA,81000,3,2023,87,98,100,18.367346938775512,11859.183673469388,0,0,0,0,18.36734693928572,18.367346939036086,18.367346939535356,33941.049862385276,31807.653030317113,36217.537479515144,0,0,0,0,0,0
CA,91000,3,2024,3,6,6.122448979591836,0,6.122448979591836,,0,0,0,0,0,0,6.1224489798979596,6.122448979772986,6.1224489800229325,,,,0,0,0
CA,91000,3,2024,4,21,21.428571428571427,85.71428571428572,76.53061224489797,0,0,0,0,85.71428571494901,85.71428571414478,85.71428571575325,77.31408954670373,72.4688167246547,82.48331782685393,0,0,0,0,0,0
CA,91000,3,2024,6,15,15.306122448979592,95.91836734693878,61.224489795918366,0,0,0,0,95.91836734744899,95.91836734667979,95.91836734821818,60.86077583109039,56.139682404855556,65.97889186565602,0,0,0,0,0,0
CA,91000,3,2024,11,2,2.0408163265306123,1.0204081632653061,1.0204081632653061,0,0,0,0,1.0204081633163264,1.0204081632653061,1.020408163367347,1.0204081633163264,1.0204081632653061,1.020408163367347,0,0,0,0,0,0
CA,91000,3,2024,14,47,47.95918367346939,506.12244897959187,1570.4081632653063,0,0,0,0,506.1224489815304,506.12244897909176,506.1224489839691,3104.5915428431795,2912.083140188211,3309.8260536855587,0,0,0,0,0,0
CA,91000,3,2024,16,32,32.6530612244898,14.285714285714286,583.6734693877551,0,0,0,0,14.28571428627551,14.28571428608343,14.285714286467591,799.1281824044065,756.0282868253696,844.685130227777,0,0,0,0,0,0
CA,91000,3,2024,20,6,6.122448979591836,3.061224489795918,16.3265306122449,0,0,0,0,3.0612244898979597,3.061224489812396,3.061224489983523,17.154477858456307,14.461913552752959,20.348352209604347,0,0,0,0,0,0
CA,91000,3,2024,24,15,15.306122448979592,105.10204081632654,23.46938775510204,0,0,0,0,105.10204081750003,105.10204081692483,105.10204081807525,23.62954315801389,20.486963071057957,27.254176615626967,0,0,0,0,0,0
CA,91000,3,2024,28,73,74.48979591836735,136.73469387755102,68.36734693877551,0,0,0,0,136.73469388168363,136.73469388105954,136.73469388230774,70.68559922930011,67.6459460883072,73.86183840023024,0,0,0,0,0,0
CA,91000,3,2024,31,2,2.0408163265306123,3.061224489795918,2.0408163265306123,0,0,0,0,3.0612244898979597,3.061224489812396,3.061224489983523,2.040816326632653,2.040816326560499,2.0408163267048067,0,0,0,0,0,0
CA,91000,3,2024,39,4,4.081632653061225,2.0408163265306123,5.1020408163265305,0,0,0,0,2.040816326632653,2.040816326560499,2.0408163267048067,5.267630265660649,4.521598014949637,6.136752653367648,0,0,0,0,0,0
CA,91000,3,2024,41,4,4.081632653061225,2.0408163265306123,2.0408163265306123,0,0,0,0,2.040816326632653,2.040816326560499,2.0408163267048067,2.040816326632653,2.040816326560499,2.0408163267048067,0,0,0,0,0,0
CA,91000,3,2024,46,1,1.0204081632653061,0,1.0204081632653061,,0,0,0,0,0,0,1.0204081633163264,1.0204081632653061,1.020408163367347,,,,0,0,0
CA,91000,3,2024,54,15,15.306122448979592,128.57142857142858,111.22448979591837,0,0,0,0,128.57142857198983,128.5714285704121,128.57142857356754,109.58941762128666,102.80451568894672,116.8221101387285,0,0,0,0,0,0
CA,91000,3,2024,57,3,3.061224489795918,1.0204081632653061,2.0408163265306123,0,0,0,0,1.0204081633163264,1.0204081632653061,1.020408163367347,2.040816326632653,2.040816326560499,2.0408163267048067,0,0,0,0,0,0
CA,91000,3,2024,63,32,32.6530612244898,76.53061224489797,28.571428571428573,2.6666666666666665,0,2.0408163265306123,0,76.53061224642862,76.53061224586736,76.53061224698988,29.896144165489275,26.83598245916668,33.30526234035526,2.666666666613332,2.666666666593775,2.6666666666328886,0,0,0
CA,91000,3,2024,71,1,1.0204081632653061,0,1.0204081632653061,,0,0,0,0,0,0,1.0204081633163264,1.0204081632653061,1.020408163367347,,,,0,0,0
CA,91000,3,2024,74,1,1.0204081632653061,1.0204081632653061,0,0,,0,0,1.0204081633163264,1.0204081632653061,1.020408163367347,0,0,0,0,0,0,,,
CA,91000,3,2024,77,2,2.0408163265306123,1.0204081632653061,1.0204081632653061,0,0,0,0,1.0204081633163264,1.0204081632653061,1.020408163367347,1.0204081633163264,1.0204081632653061,1.020408163367347,0,0,0,0,0,0
CA,91000,3,2024,78,1,1.0204081632653061,0,1.0204081632653061,,0,0,0,0,0,0,1.0204081633163264,1.0204081632653061,1.020408163367347,,,,0,0,0
CA,91000,3,2024,83,97,98.9795918367347,7581.632653061225,2467.3469387755104,0,0,0,0,7581.632653070767,7581.632653063495,7581.632653078041,5772.621341971287,5422.8460050091735,6144.957302309748,0,0,0,0,0,0
CA,91000,3,2024,86,22,22.448979591836736,47.95918367346939,53.06122448979592,0,0,0,0,47.95918367443878,47.95918367406516,47.95918367481242,54.03309421187315,50.32698170834386,58.012127312318356,0,0,0,0,0,0
CA,91000,3,2024,87,37,37.755102040816325,21.42857142857143,179.59183673469389,0,0,0,0,21.428571429387755,21.428571429141147,21.428571429634367,181.51383999315934,173.06374959740384,190.37651839687456,0,0,0,0,0,0
CA,91000,3,2024,89,11,11.224489795918368,14.285714285714286,8.16326530612245,0,0,0,0,14.28571428612245,14.28571428590101,14.285714286343893,8.494444204688644,7.224178169127489,9.988067937599496,0,0,0,0,0,0
CA,101000,3,2024,7,84,85.71428571428571,17.346938775510203,1886.734693877551,0,0,0,0,17.346938775816334,17.346938775632147,17.346938776000513,1847.3331700112628,1788.0657944062596,1908.565026913371,0,0,0,0,0,0
CA,101000,3,2024,9,7,7.142857142857143,0,12.244897959183673,,0,0,0,0,0,0,12.57607685795395,11.597701401052163,13.636987508819342,,,,0,0,0
CA,101000,3,2024,14,54,55.10204081632653,0,263.265306122449,,0,0,0,0,0,0,265.9041605590587,253.71605085110625,278.6777673916699,,,,0,0,0
CA,101000,3,2024,16,82,83.6734693877551,180.6122448979592,2919.387755102041,6.214689265536723,0.06990562740300595,11.224489795918368,2.0408163265306123,180.61224490117354,180.61224490035542,180.6122449019917,5992.134835533602,5737.133042580821,6258.470846104575,6.21468926542612,6.214689265397969,6.214689265454271,0.03405825106652288,0.032608865275786436,0.035572058576709614
CA,101000,3,2024,27,11,11.224489795918368,0,34.69387755102041,,0,0,0,0,0,0,35.75937548424374,31.713523030439177,40.32137753335644,,,,0,0,0
CA,101000,3,2024,28,19,19.387755102040817,11.224489795918368,28.571428571428573,18.181818181818183,0,2.0408163265306123,0,11.22448979642857,11.22448979625788,11.224489796599261,29.730554716410257,27.264730924048646,32.41938775070844,18.181818180991737,18.181818180715247,18.181818181268227,0,0,0
CA,101000,3,2024,31,22,22.448979591836736,30.612244897959183,43.87755102040816,0,0,0,0,30.61224489862245,30.612244898262386,30.612244898982517,45.274227852248714,41.29711587866275,49.63435494236035,0,0,0,0,0,0
CA,101000,3,2024,64,44,44.89795918367347,0,422.44897959183675,,0,0,0,0,0,0,642.7528648630812,608.1001747143977,679.3802443548564,,,,0,0,0
CA,101000,3,2024,87,44,44.89795918367347,0,3366.326530612245,,0,0,0,0,0,0,9551.042978007672,8464.64510618012,10776.87496917588,,,,0,0,0
CA,101000,3,2024,100,2,2.0408163265306123,0,2.0408163265306123,,0,0,0,0,0,0,2.040816326632653,2.040816326560499,2.0408163267048067,,,,0,0,0
CA,171200,3,2024,2,11,22,0,34,,0,0,0,0,0,0,34.97366596228462,32.53954733821787,37.58986866436402,,,,0,0,0
CA,171200,3,2024,4,20,40,18,78,0,0,0,0,18.000000000500002,18.000000000176893,18.000000000823114,80.92099788565385,75.794369280563,86.3943847143965,0,0,0,0,0,0
CA,171200,3,2024,6,2,4,4,0,0,,0,0,4.0000000002,4.000000000058578,4.000000000341421,0,0,0,0,0,0,,,
CA,171200,3,2024,7,8,16,0,174,,0,0,0,0,0,0,170.20499351896112,165.02715476943195,175.5452904660735,,,,0,0,0
CA,171200,3,2024,9,2,4,0,4,,0,0,0,0,0,0,4.0000000002,4.000000000058578,4.000000000341421,,,,0,0,0
CA,171200,3,2024,14,1,2,0,2,,0,0,0,0,0,0,2.0000000001,2,2.0000000002,,,,0,0,0
CA,171200,3,2024,20,2,4,0,4,,0,0,0,0,0,0,4.0000000002,4.000000000058578,4.000000000341421,,,,0,0,0
CA,171200,3,2024,28,4,8,0,16,,0,0,0,0,0,0,16.649110641189743,14.159389211489879,19.57661315769501,,,,0,0,0
CA,171200,3,2024,31,15,30,18,28,33.333333333333336,0,6,0,18.000000000700002,18.00000000038217,18.00000000101784,28.649110641789743,26.85174639560163,30.56678431537527,33.333333332037036,33.33333333144845,33.333333332625614,0,0,0
CA,171200,3,2024,39,50,100,164,3178,1.2195121951219512,0.2517306482064191,2,8,164.00000000369997,164.00000000274954,164.00000000465042,4425.368249483539,4228.336238861374,4631.581557669747,1.219512195094438,1.2195121950873704,1.2195121951015055,0.18077591624004707,0.17272717538034632,0.18919971232359414
CA,171200,3,2024,41,6,12,6,8,0,0,0,0,6.000000000300001,6.0000000001267955,6.000000000473206,8.0000000004,8.0000000002,8.0000000006,0,0,0,0,0,0
CA,171200,3,2024,57,4,8,2,14,0,0,0,0,2.0000000001,2,2.0000000002,14.32455532089487,13.0703479166473,15.699114243166374,0,0,0,0,0,0
CA,171200,3,2024,63,50,100,736,2006,5.706521739130435,0,42,0,736.0000000063,736.0000000042146,736.0000000083852,1977.93610536515,1901.2984249849878,2057.662903148909,5.706521739081588,5.706521739065421,5.706521739097758,0,0,0
CA,171200,3,2024,64,3,6,0,10,,0,0,0,0,0,0,10.324555320694872,8.862332109301288,12.028035200600591,,,,0,0,0
CA,171200,3,2024,77,3,6,2,4,0,0,0,0,2.0000000001,2,2.0000000002,4.0000000002,4.000000000058578,4.000000000341421,0,0,0,0,0,0
CA,171200,3,2024,78,1,2,0,2,,0,0,0,0,0,0,2.0000000001,2,2.0000000002,,,,0,0,0
CA,171200,3,2024,86,37,74,28,360,0,0,0,0,28.000000001399993,28.00000000102583,28.00000000177416,358.303568871293,339.07800822780047,378.61920959396394,0,0,0,0,0,0
CA,171200,3,2024,87,49,98,0,5128,,0,0,0,0,0,0,9392.689391268492,8699.601241164442,10140.995150835106,,,,0,0,0
CA,171200,3,2024,89,40,80,92,4708,0,0,0,0,92.00000000280001,92.00000000209805,92.00000000350195,12484.756830916403,11062.842777788022,14089.43038041433,0,0,0,0,0,0
CA,111000,3,2025,4,1,1.0204081632653061,1.0204081632653061,0,0,,0,0,1.0204081633163264,1.0204081632653061,1.020408163367347,0,0,0,0,0,0,,,
CA,111000,3,2025,7,92,93.87755102040816,200,725.5102040816327,3.5714285714285716,0.2812939521800281,7.142857142857143,2.0408163265306123,200.0000000040816,200.00000000326733,200.0000000048959,723.6331689879646,699.8350143111587,748.240588926496,3.5714285713556855,3.5714285713411447,3.5714285713702263,0.282023601735226,0.27274867960031146,0.2916139211095874
CA,111000,3,2025,9,6,6.122448979591836,2.0408163265306123,6.122448979591836,0,0,0,0,2.040816326632653,2.040816326560499,2.0408163267048067,6.288038428976975,5.60754395005542,7.051113221127844,0,0,0,0,0,0
CA,111000,3,2025,14,98,100,1024.4897959183675,10004.081632653062,0,0,0,0,1024.4897959225,1024.4897959197658,1024.4897959252344,25430.45909546501,24041.425418361916,26899.746523023885,0,0,0,0,0,0
CA,111000,3,2025,16,97,98.9795918367347,4724.489795918367,3942.857142857143,0.06479481641468683,0,3.061224489795918,0,4724.489795925456,4724.489795915931,4724.489795934982,7887.939944521346,7541.217320432454,8250.60383816222,0.0647948164145896,0.06479481641445897,0.06479481641472025,0,0,0
CA,111000,3,2025,24,13,13.26530612244898,46.93877551020408,14.285714285714286,0,0,0,0,46.938775510969386,46.93877551055903,46.93877551137974,14.948072082744638,12.831039698680415,17.414400098373115,0,0,0,0,0,0
CA,111000,3,2025,27,9,9.183673469387756,7.142857142857143,2.0408163265306123,0,0,0,0,7.142857143214285,7.142857143079298,7.142857143349272,2.040816326632653,2.040816326560499,2.0408163267048067,0,0,0,0,0,0
CA,111000,3,2025,28,66,67.34693877551021,118.36734693877551,115.3061224489796,0,0,0,0,118.3673469418367,118.36734694120076,118.36734694247265,119.09301280851238,113.25139440594388,125.23594763848757,0,0,0,0,0,0
CA,111000,3,2025,31,5,5.1020408163265305,6.122448979591836,1.0204081632653061,0,0,0,0,6.122448979846939,6.122448979720722,6.122448979973156,1.0204081633163264,1.0204081632653061,1.020408163367347,0,0,0,0,0,0
CA,111000,3,2025,39,1,1.0204081632653061,3.061224489795918,0,0,,0,0,3.061224489846939,3.0612244897959187,3.0612244898979597,0,0,0,0,0,0,,,
CA,111000,3,2025,41,1,1.0204081632653061,1.0204081632653061,0,0,,0,0,1.0204081633163264,1.0204081632653061,1.020408163367347,0,0,0,0,0,0,,,
CA,111000,3,2025,44,1,1.0204081632653061,0,1.0204081632653061,,0,0,0,0,0,0,1.0204081633163264,1.0204081632653061,1.020408163367347,,,,0,0,0
CA,111000,3,2025,64,86,87.75510204081633,111.22448979591837,1427.5510204081634,0,0,0,0,111.22448979806124,111.22448979745131,111.22448979867114,2075.39160099087,2003.6051363556437,2149.750077651479,0,0,0,0,0,0
CA,111000,3,2025,69,12,12.244897959183673,12.244897959183673,1.0204081632653061,0,0,0,0,12.244897959744895,12.244897959566703,12.244897959923088,1.0204081633163264,1.0204081632653061,1.020408163367347,0,0,0,0,0,0
CA,111000,3,2025,71,2,2.0408163265306123,0,4.081632653061225,,0,0,0,0,0,0,4.247222102344322,3.377691416609115,5.340599054709231,,,,0,0,0
CA,111000,3,2025,81,1,1.0204081632653061,0,1.0204081632653061,,0,0,0,0,0,0,1.0204081633163264,1.0204081632653061,1.020408163367347,,,,0,0,0
CA,111000,3,2025,87,95,96.93877551020408,19.387755102040817,4879.591836734694,0,0,0,0,19.387755102448985,19.387755102210257,19.38775510268771,10143.967160181386,9650.134095179457,10663.071490192062,0,0,0,0,0,0
CA,111000,3,2025,100,1,1.0204081632653061,0,1.0204081632653061,,0,0,0,0,0,0,1.0204081633163264,1.0204081632653061,1.020408163367347,,,,0,0,0
CA,171100,3,2025,4,1,2,0,2,,0,0,0,0,0,0,2.0000000001,2,2.0000000002,,,,0,0,0
CA,171100,3,2025,7,1,2,0,6,,0,0,0,0,0,0,6.324555320494872,4.000000000199999,9.999999999999998,,,,0,0,0
CA,171100,3,2025,14,21,42,28,112,21.428571428571427,7.142857142857143,6,8,28.000000001,28.000000000598554,28.00000000140145,114.22941997586625,106.73394531722802,122.25127019563749,21.428571427806123,21.42857142749889,21.42857142811335,7.003449725727571,6.543899288079118,7.495272451723672
CA,171100,3,2025,20,6,12,2,20,0,0,0,0,2.0000000001,2,2.0000000002,20.64911064138974,18.535472932639912,23.003770760524482,0,0,0,0,0,0
CA,171100,3,2025,24,30,60,604,780,0,0,0,0,604.0000000044,604.0000000016936,604.0000000071066,766.9675932621791,724.3004530486584,812.1481722652762,0,0,0,0,0,0
CA,171100,3,2025,31,1,2,2,0,0,,0,0,2.0000000001,2,2.0000000002,0,0,0,0,0,0,,,
CA,171100,3,2025,39,2,4,0,8,,0,0,0,0,0,0,8.324555320594872,6.620275176553866,10.467574147230092,,,,0,0,0
CA,171100,3,2025,63,40,80,200,898,0,0,0,0,200.00000000370005,200.0000000025742,200.00000000482592,887.0034429773817,841.798558851312,934.6358455725255,0,0,0,0,0,0
CA,171100,3,2025,77,20,40,84,34,4.761904761904762,0,4,0,84.00000000160003,84.00000000096098,84.00000000223908,35.62277660267436,30.77294997920462,41.23693743178933,4.7619047618140575,4.7619047617778305,4.7619047618502846,0,0,0
CA,171100,3,2025,78,8,16,12,306,0,0,0,0,12.0000000001,12,12.0000000002,739.2534357697853,603.9640179855555,904.8480141585225,0,0,0,0,0,0
CA,171100,3,2025,86,1,2,0,2,,0,0,0,0,0,0,2.0000000001,2,2.0000000002,,,,0,0,0
CA,171100,3,2025,87,25,50,2,130,0,0,0,0,2.0000000001,2,2.0000000002,132.07772521943005,125.0116859364189,139.54315845329515,0,0,0,0,0,0
CA,171100,3,2025,89,48,96,342,3336,0,0,0,0,342.0000000072001,342.00000000588,342.0000000085202,6339.704399538476,5941.7334403853165,6764.331028441608,0,0,0,0,0,0
