plot_id,Regen_jaar,Regen_jan,Regen_feb,Regen_maa,Regen_apr,Regen_mei,Regen_jun,Regen_jul,Regen_aug,Regen_sep,Regen_okt,Regen_nov,Regen_dec,Temp_jaar,Temp_jan,Temp_feb,Temp_maa,Temp_apr,Temp_mei,Temp_jun,Temp_jul,Temp_aug,Temp_sep,Temp_okt,Temp_nov,Temp_dec
101,818,73,55,71,54,70,76,71,64,66,74,72,72,9.8,1.7,3.1,5.7,9.1,12.9,16,17.2,17.1,15.1,11,5.7,2.9
102,818,73,55,71,54,70,76,71,64,66,74,72,72,9.8,1.7,3.1,5.7,9.1,12.9,16,17.2,17.1,15.1,11,5.7,2.9
103,818,73,55,71,54,70,76,71,64,66,74,72,72,9.8,1.7,3.1,5.7,9.1,12.9,16,17.2,17.1,15.1,11,5.7,2.9
104,818,73,55,71,54,70,76,71,64,66,74,72,72,9.8,1.7,3.1,5.7,9.1,12.9,16,17.2,17.1,15.1,11,5.7,2.9
105,818,72,54,70,53,69,75,70,63,66,73,71,71,9.8,1.8,3.2,5.9,9.2,13,16.1,17.3,17.2,15.2,11.1,5.8,3
106,818,73,55,71,54,70,76,71,64,66,74,72,72,9.8,1.7,3.1,5.7,9.1,12.9,16,17.2,17.1,15.1,11,5.7,2.9
107,818,73,55,71,54,70,76,71,64,66,74,72,72,9.8,1.7,3.1,5.7,9.1,12.9,16,17.2,17.1,15.1,11,5.7,2.9
108,818,73,55,71,54,70,76,71,64,66,74,72,72,9.8,1.7,3.1,5.7,9.1,12.9,16,17.2,17.1,15.1,11,5.7,2.9
109,818,73,55,71,54,70,76,71,64,66,74,72,72,9.8,1.7,3.1,5.7,9.1,12.9,16,17.2,17.1,15.1,11,5.7,2.9
110,818,72,54,70,53,69,75,70,63,66,73,71,71,9.8,1.8,3.2,5.9,9.2,13,16.1,17.3,17.2,15.2,11.1,5.8,3
111,818,73,55,71,54,70,76,71,64,66,74,72,72,9.8,1.7,3.1,5.7,9.1,12.9,16,17.2,17.1,15.1,11,5.7,2.9
112,818,73,55,71,54,70,76,71,64,66,74,72,72,9.8,1.7,3.1,5.7,9.1,12.9,16,17.2,17.1,15.1,11,5.7,2.9
113,818,73,55,71,54,70,76,71,64,66,74,72,72,9.8,1.7,3.1,5.7,9.1,12.9,16,17.2,17.1,15.1,11,5.7,2.9
114,818,73,55,71,54,70,76,71,64,66,74,72,72,9.8,1.7,3.1,5.7,9.1,12.9,16,17.2,17.1,15.1,11,5.7,2.9
115,818,73,55,71,54,70,76,71,64,66,74,72,72,9.8,1.7,3.1,5.7,9.1,12.9,16,17.2,17.1,15.1,11,5.7,2.9
116,818,73,55,71,54,70,76,71,64,66,74,72,72,9.8,1.7,3.1,5.7,9.1,12.9,16,17.2,17.1,15.1,11,5.7,2.9
117,818,73,55,71,54,70,76,71,64,66,74,72,72,9.8,1.7,3.1,5.7,9.1,12.9,16,17.2,17.1,15.1,11,5.7,2.9
118,818,73,55,71,54,70,76,71,64,66,74,72,72,9.8,1.7,3.1,5.7,9.1,12.9,16,17.2,17.1,15.1,11,5.7,2.9
119,818,73,55,71,54,70,76,71,64,66,74,72,72,9.8,1.7,3.1,5.7,9.1,12.9,16,17.2,17.1,15.1,11,5.7,2.9
120,818,72,54,70,53,69,75,70,63,66,73,71,71,9.8,1.8,3.2,5.9,9.2,13,16.1,17.3,17.2,15.2,11.1,5.8,3
121,818,73,55,71,54,70,76,71,64,66,74,72,72,9.8,1.7,3.1,5.7,9.1,12.9,16,17.2,17.1,15.1,11,5.7,2.9
122,818,73,55,71,54,70,76,71,64,66,74,72,72,9.8,1.7,3.1,5.7,9.1,12.9,16,17.2,17.1,15.1,11,5.7,2.9
123,818,73,55,71,54,70,76,71,64,66,74,72,72,9.8,1.7,3.1,5.7,9.1,12.9,16,17.2,17.1,15.1,11,5.7,2.9
124,818,73,55,71,54,70,76,71,64,66,74,72,72,9.8,1.7,3.1,5.7,9.1,12.9,16,17.2,17.1,15.1,11,5.7,2.9
125,818,73,55,71,54,70,76,71,64,66,74,72,72,9.8,1.7,3.1,5.7,9.1,12.9,16,17.2,17.1,15.1,11,5.7,2.9
126,818,73,55,71,54,70,76,71,64,66,74,72,72,9.8,1.7,3.1,5.7,9.1,12.9,16,17.2,17.1,15.1,11,5.7,2.9
127,818,73,55,71,54,70,76,71,64,66,74,72,72,9.8,1.7,3.1,5.7,9.1,12.9,16,17.2,17.1,15.1,11,5.7,2.9
128,818,73,55,71,54,70,76,71,64,66,74,72,72,9.8,1.7,3.1,5.7,9.1,12.9,16,17.2,17.1,15.1,11,5.7,2.9
129,818,73,55,71,54,70,76,71,64,66,74,72,72,9.8,1.7,3.1,5.7,9.1,12.9,16,17.2,17.1,15.1,11,5.7,2.9
130,818,73,55,71,54,70,76,71,64,66,74,72,72,9.8,1.7,3.1,5.7,9.1,12.9,16,17.2,17.1,15.1,11,5.7,2.9
131,818,73,55,71,54,70,76,71,64,66,74,72,72,9.8,1.7,3.1,5.7,9.1,12.9,16,17.2,17.1,15.1,11,5.7,2.9
132,818,73,55,71,54,70,76,71,64,66,74,72,72,9.8,1.7,3.1,5.7,9.1,12.9,16,17.2,17.1,15.1,11,5.7,2.9
133,818,73,55,71,54,70,76,71,64,66,74,72,72,9.8,1.7,3.1,5.7,9.1,12.9,16,17.2,17.1,15.1,11,5.7,2.9
134,818,73,55,71,54,70,76,71,64,66,74,72,72,9.8,1.7,3.1,5.7,9.1,12.9,16,17.2,17.1,15.1,11,5.7,2.9
135,818,73,55,71,54,70,76,71,64,66,74,72,72,9.8,1.7,3.1,5.7,9.1,12.9,16,17.2,17.1,15.1,11,5.7,2.9
136,818,73,55,71,54,70,76,71,64,66,74,72,72,9.8,1.7,3.1,5.7,9.1,12.9,16,17.2,17.1,15.1,11,5.7,2.9
137,818,73,55,71,54,70,76,71,64,66,74,72,72,9.8,1.7,3.1,5.7,9.1,12.9,16,17.2,17.1,15.1,11,5.7,2.9
138,818,72,54,70,53,69,75,70,63,66,73,71,71,9.8,1.8,3.2,5.9,9.2,13,16.1,17.4,17.2,15.2,11.1,5.8,2.9
139,818,72,54,71,53,69,75,70,63,66,73,71,71,9.8,1.8,3.2,5.9,9.2,13,16.2,17.4,17.2,15.2,11.1,5.8,2.9
140,807,72,54,70,53,69,75,70,63,66,73,71,71,9.9,1.8,3.2,5.9,9.2,13,16.1,17.3,17.2,15.2,11.1,5.8,3
141,820,73,55,71,54,70,76,71,64,66,74,72,72,9.8,1.7,3.1,5.7,9.1,12.9,16,17.2,17.1,15.1,11,5.7,2.9
142,820,73,55,71,54,70,76,71,64,66,74,72,72,9.8,1.7,3.1,5.7,9.1,12.9,16,17.2,17.1,15.1,11,5.7,2.9
143,820,73,55,71,54,70,76,71,64,66,74,72,72,9.8,1.7,3.1,5.7,9.1,12.9,16,17.2,17.1,15.1,11,5.7,2.9
144,820,73,55,71,54,70,76,71,64,66,74,72,72,9.8,1.7,3.1,5.7,9.1,12.9,16,17.2,17.1,15.1,11,5.7,2.9
145,820,73,55,71,54,70,76,71,64,66,74,72,72,9.8,1.7,3.1,5.7,9.1,12.9,16,17.2,17.1,15.1,11,5.7,2.9
146,820,73,55,71,54,70,76,71,64,66,74,72,72,9.8,1.7,3.1,5.7,9.1,12.9,16,17.2,17.1,15.1,11,5.7,2.9
147,820,73,55,71,54,70,76,71,64,66,74,72,72,9.8,1.7,3.1,5.7,9.1,12.9,16,17.2,17.1,15.1,11,5.7,2.9
148,820,73,55,71,54,70,76,71,64,66,74,72,72,9.8,1.7,3.1,5.7,9.1,12.9,16,17.2,17.1,15.1,11,5.7,2.9
200,793,71,50,68,49,60,68,70,65,69,79,72,72,9.8,2.3,3.2,5.5,8.4,12.7,15.6,17.1,17.1,15,11.3,6.4,3.3
201,793,71,50,68,49,60,68,70,65,69,79,72,72,9.8,2.3,3.2,5.5,8.4,12.7,15.6,17.1,17.1,15,11.3,6.4,3.3
202,793,71,50,68,49,60,68,70,65,69,79,72,72,9.8,2.3,3.2,5.5,8.4,12.7,15.6,17.1,17.1,15,11.3,6.4,3.3
203,793,71,50,68,49,60,68,70,65,69,79,72,72,9.8,2.3,3.2,5.5,8.4,12.7,15.6,17.1,17.1,15,11.3,6.4,3.3
204,792,71,50,68,49,60,68,70,65,69,79,72,72,9.9,2.3,3.2,5.5,8.4,12.7,15.6,17.1,17.1,15,11.3,6.4,3.3
205,792,71,50,68,49,60,68,70,65,69,79,72,72,9.9,2.3,3.2,5.5,8.4,12.7,15.6,17.1,17.1,15,11.3,6.4,3.3
206,792,71,50,68,49,60,68,70,65,69,79,72,72,9.9,2.3,3.2,5.5,8.4,12.7,15.6,17.1,17.1,15,11.3,6.4,3.3
207,792,71,50,68,49,60,68,70,65,69,79,72,72,9.9,2.3,3.2,5.5,8.4,12.7,15.6,17.1,17.1,15,11.3,6.4,3.3
208,793,71,50,68,49,60,68,70,65,69,79,72,72,9.8,2.3,3.2,5.5,8.4,12.7,15.6,17.1,17.1,15,11.3,6.4,3.3
209,792,71,50,68,49,60,68,70,65,69,79,71,72,9.9,2.3,3.3,5.7,8.5,12.6,15.7,17.1,17.2,15.1,11.4,6.4,3.5
210,792,71,50,68,49,60,68,70,65,69,79,71,72,9.9,2.3,3.3,5.7,8.5,12.6,15.7,17.1,17.2,15.1,11.4,6.4,3.5
211,792,71,50,68,49,60,68,70,65,69,79,71,72,9.9,2.3,3.3,5.7,8.5,12.6,15.7,17.1,17.2,15.1,11.4,6.4,3.5
212,792,71,50,68,49,60,68,70,65,69,79,71,72,9.9,2.3,3.3,5.7,8.5,12.6,15.7,17.1,17.2,15.1,11.4,6.4,3.5
213,792,71,50,68,49,60,68,70,65,69,79,71,72,9.9,2.3,3.3,5.7,8.5,12.6,15.7,17.1,17.2,15.1,11.4,6.4,3.5
214,792,71,50,68,49,60,68,70,65,69,79,71,72,9.9,2.3,3.3,5.7,8.5,12.6,15.7,17.1,17.2,15.1,11.4,6.4,3.5
215,792,71,50,68,49,60,68,70,65,69,79,71,72,9.9,2.3,3.3,5.7,8.5,12.6,15.7,17.1,17.2,15.1,11.4,6.4,3.5
216,792,71,50,68,49,60,68,70,65,69,79,72,72,9.9,2.3,3.2,5.5,8.4,12.7,15.6,17.1,17.1,15,11.3,6.4,3.3
217,792,71,50,68,49,60,68,70,65,69,79,72,72,9.9,2.3,3.2,5.5,8.4,12.7,15.6,17.1,17.1,15,11.3,6.4,3.3
218,792,71,50,68,49,60,68,70,65,69,79,71,72,9.9,2.3,3.3,5.7,8.5,12.6,15.7,17.1,17.2,15.1,11.4,6.4,3.5
219,792,71,50,68,49,60,68,70,65,69,79,72,72,9.9,2.3,3.2,5.5,8.4,12.7,15.6,17.1,17.1,15,11.3,6.4,3.3
220,792,71,50,68,49,60,68,70,65,69,79,71,72,9.9,2.3,3.3,5.7,8.5,12.6,15.7,17.1,17.2,15.1,11.4,6.4,3.5
221,792,71,50,68,49,60,68,70,65,69,79,72,72,9.9,2.3,3.2,5.5,8.4,12.7,15.6,17.1,17.1,15,11.3,6.4,3.3
222,792,71,50,68,49,60,68,70,65,69,79,71,72,9.9,2.3,3.3,5.7,8.5,12.6,15.7,17.1,17.2,15.1,11.4,6.4,3.5
223,792,71,50,68,49,60,68,70,65,69,79,72,72,9.9,2.3,3.2,5.5,8.4,12.7,15.6,17.1,17.1,15,11.3,6.4,3.3
224,793,71,50,68,49,60,68,70,65,69,79,72,72,9.8,2.3,3.2,5.5,8.4,12.7,15.6,17.1,17.1,15,11.3,6.4,3.3
225,793,71,50,68,49,60,68,70,65,69,79,72,72,9.8,2.3,3.2,5.5,8.4,12.7,15.6,17.1,17.1,15,11.3,6.4,3.3
226,793,71,50,68,49,60,68,70,65,69,79,72,72,9.8,2.3,3.2,5.5,8.4,12.7,15.6,17.1,17.1,15,11.3,6.4,3.3
227,793,71,50,68,49,60,68,70,65,69,79,72,72,9.8,2.3,3.2,5.5,8.4,12.7,15.6,17.1,17.1,15,11.3,6.4,3.3
228,793,71,50,68,49,60,68,70,65,69,79,72,72,9.8,2.3,3.2,5.5,8.4,12.7,15.6,17.1,17.1,15,11.3,6.4,3.3
229,792,71,50,68,49,60,68,70,65,69,79,72,72,9.9,2.3,3.2,5.5,8.4,12.7,15.6,17.1,17.1,15,11.3,6.4,3.3
400,705,54,45,46,44,50,56,65,65,65,72,77,66,10,2.6,3.8,5.9,8.6,12.3,15.1,16.5,16.9,15.2,11.5,7,4
401,705,54,45,46,44,50,56,65,65,65,72,77,66,10,2.6,3.8,5.9,8.6,12.3,15.1,16.5,16.9,15.2,11.5,7,4
402,705,54,45,46,44,50,56,65,65,65,72,77,66,10,2.6,3.8,5.9,8.6,12.3,15.1,16.5,16.9,15.2,11.5,7,4
403,705,54,45,46,44,50,56,65,65,65,72,77,66,10,2.6,3.8,5.9,8.6,12.3,15.1,16.5,16.9,15.2,11.5,7,4
404,705,54,45,46,44,50,56,65,65,65,72,77,66,10,2.6,3.8,5.9,8.6,12.3,15.1,16.5,16.9,15.2,11.5,7,4
405,705,54,45,46,44,50,56,65,65,65,72,77,66,10,2.6,3.8,5.9,8.6,12.3,15.1,16.5,16.9,15.2,11.5,7,4
406,705,54,45,46,44,50,56,65,65,65,72,77,66,10,2.6,3.8,5.9,8.6,12.3,15.1,16.5,16.9,15.2,11.5,7,4
407,705,54,45,46,44,50,56,65,65,65,72,77,66,10,2.6,3.8,5.9,8.6,12.3,15.1,16.5,16.9,15.2,11.5,7,4
408,705,54,45,46,44,50,56,65,65,65,72,77,66,10,2.6,3.8,5.9,8.6,12.3,15.1,16.5,16.9,15.2,11.5,7,4
409,705,54,45,46,44,50,56,65,65,65,72,77,66,10,2.6,3.8,5.9,8.6,12.3,15.1,16.5,16.9,15.2,11.5,7,4
410,705,54,45,46,44,50,56,65,65,65,72,77,66,10,2.6,3.8,5.9,8.6,12.3,15.1,16.5,16.9,15.2,11.5,7,4
411,705,54,45,46,44,50,56,65,65,65,72,77,66,10,2.6,3.8,5.9,8.6,12.3,15.1,16.5,16.9,15.2,11.5,7,4
412,705,54,45,46,44,50,56,65,65,65,72,77,66,10,2.6,3.8,5.9,8.6,12.3,15.1,16.5,16.9,15.2,11.5,7,4
413,705,54,45,46,44,50,56,65,65,65,72,77,66,10,2.6,3.8,5.9,8.6,12.3,15.1,16.5,16.9,15.2,11.5,7,4
414,705,54,45,46,44,50,56,65,65,65,72,77,66,10,2.6,3.8,5.9,8.6,12.3,15.1,16.5,16.9,15.2,11.5,7,4
415,705,54,45,46,44,50,56,65,65,65,72,77,66,10,2.6,3.8,5.9,8.6,12.3,15.1,16.5,16.9,15.2,11.5,7,4
416,705,54,45,46,44,50,56,65,65,65,72,77,66,10,2.6,3.8,5.9,8.6,12.3,15.1,16.5,16.9,15.2,11.5,7,4
417,705,54,45,46,44,50,56,65,65,65,72,77,66,10,2.6,3.8,5.9,8.6,12.3,15.1,16.5,16.9,15.2,11.5,7,4
418,705,54,45,46,44,50,56,65,65,65,72,77,66,10,2.6,3.8,5.9,8.6,12.3,15.1,16.5,16.9,15.2,11.5,7,4
419,705,54,45,46,44,50,56,65,65,65,72,77,66,10,2.6,3.8,5.9,8.6,12.3,15.1,16.5,16.9,15.2,11.5,7,4
420,705,54,45,46,44,50,56,65,65,65,72,77,66,10,2.6,3.8,5.9,8.6,12.3,15.1,16.5,16.9,15.2,11.5,7,4
421,705,54,45,46,44,50,56,65,65,65,72,77,66,10,2.6,3.8,5.9,8.6,12.3,15.1,16.5,16.9,15.2,11.5,7,4
422,705,54,45,46,44,50,56,65,65,65,72,77,66,10,2.6,3.8,5.9,8.6,12.3,15.1,16.5,16.9,15.2,11.5,7,4
423,705,54,45,46,44,50,56,65,65,65,72,77,66,10,2.6,3.8,5.9,8.6,12.3,15.1,16.5,16.9,15.2,11.5,7,4
424,705,54,45,46,44,50,56,65,65,65,72,77,66,10,2.6,3.8,5.9,8.6,12.3,15.1,16.5,16.9,15.2,11.5,7,4
425,705,54,45,46,44,50,56,65,65,65,72,77,66,10,2.6,3.8,5.9,8.6,12.3,15.1,16.5,16.9,15.2,11.5,7,4
426,705,54,45,46,44,50,56,65,65,65,72,77,66,10,2.6,3.8,5.9,8.6,12.3,15.1,16.5,16.9,15.2,11.5,7,4
427,705,54,45,46,44,50,56,65,65,65,72,77,66,10,2.6,3.8,5.9,8.6,12.3,15.1,16.5,16.9,15.2,11.5,7,4
428,705,54,45,46,44,50,56,65,65,65,72,77,66,10,2.6,3.8,5.9,8.6,12.3,15.1,16.5,16.9,15.2,11.5,7,4
429,705,54,45,46,44,50,56,65,65,65,72,77,66,10,2.6,3.8,5.9,8.6,12.3,15.1,16.5,16.9,15.2,11.5,7,4
430,705,54,45,46,44,50,56,65,65,65,72,77,66,10,2.6,3.8,5.9,8.6,12.4,15.1,16.6,16.9,15.3,11.5,7,4
431,705,54,45,46,44,50,56,65,65,65,72,77,66,10,2.6,3.8,5.9,8.6,12.4,15.1,16.6,16.9,15.3,11.5,7,4
432,705,54,45,46,44,50,56,65,65,65,72,77,66,10,2.6,3.8,5.9,8.6,12.4,15.1,16.6,16.9,15.3,11.5,7,4
433,705,54,45,46,44,50,56,65,65,65,72,77,66,10,2.6,3.8,5.9,8.6,12.4,15.1,16.6,16.9,15.3,11.5,7,4
434,705,54,45,46,44,50,56,65,65,65,72,77,66,10,2.6,3.8,5.9,8.6,12.4,15.1,16.6,16.9,15.3,11.5,7,4
435,705,54,45,46,44,50,56,65,65,65,72,77,66,10,2.6,3.8,5.9,8.6,12.4,15.1,16.6,16.9,15.3,11.5,7,4
436,705,54,45,46,44,50,56,65,65,65,72,77,66,10,2.6,3.8,5.9,8.6,12.4,15.1,16.6,16.9,15.3,11.5,7,4
437,705,54,45,46,44,50,56,65,65,65,72,77,66,10,2.6,3.8,5.9,8.6,12.4,15.1,16.6,16.9,15.3,11.5,7,4
438,705,54,45,46,44,50,56,65,65,65,72,77,66,10,2.6,3.8,5.9,8.6,12.3,15.1,16.5,16.9,15.2,11.5,7,4
439,705,54,45,46,44,50,56,65,65,65,72,77,66,10,2.6,3.8,5.9,8.6,12.4,15.1,16.6,16.9,15.3,11.5,7,4
440,705,54,45,46,44,50,56,65,65,65,72,77,66,10,2.6,3.8,5.9,8.6,12.4,15.1,16.6,16.9,15.3,11.5,7,4
441,705,54,45,46,44,50,56,65,65,65,72,77,66,10,2.6,3.8,5.9,8.6,12.4,15.1,16.6,16.9,15.3,11.5,7,4
442,705,54,45,46,44,50,56,65,65,65,72,77,66,10,2.6,3.8,5.9,8.6,12.4,15.1,16.6,16.9,15.3,11.5,7,4
443,705,54,45,46,44,50,56,65,65,65,72,77,66,10,2.6,3.8,5.9,8.6,12.4,15.1,16.6,16.9,15.3,11.5,7,4
444,705,54,45,46,44,50,56,65,65,65,72,77,66,10,2.6,3.8,5.9,8.6,12.4,15.1,16.6,16.9,15.3,11.5,7,4
445,705,54,45,46,44,50,56,65,65,65,72,77,66,10,2.6,3.8,5.9,8.6,12.3,15.1,16.5,16.9,15.2,11.5,7,4
446,705,54,45,46,44,50,56,65,65,65,72,77,66,10,2.6,3.8,5.9,8.6,12.3,15.1,16.5,16.9,15.2,11.5,7,4
447,705,54,45,46,44,50,56,65,65,65,72,77,66,10,2.6,3.8,5.9,8.6,12.3,15.1,16.5,16.9,15.2,11.5,7,4
448,705,54,45,46,44,50,56,65,65,65,72,77,66,10,2.6,3.8,5.9,8.6,12.3,15.1,16.5,16.9,15.2,11.5,7,4
449,705,54,45,46,44,50,56,65,65,65,72,77,66,10,2.6,3.8,5.9,8.6,12.3,15.1,16.5,16.9,15.2,11.5,7,4
450,705,54,45,46,44,50,56,65,65,65,72,77,66,10,2.6,3.8,5.9,8.6,12.3,15.1,16.5,16.9,15.2,11.5,7,4
451,705,54,45,46,44,50,56,65,65,65,72,77,66,10,2.6,3.8,5.9,8.6,12.4,15.1,16.6,16.9,15.3,11.5,7,4
452,705,54,45,46,44,50,56,65,65,65,72,77,66,10,2.6,3.8,5.9,8.6,12.4,15.1,16.6,16.9,15.3,11.5,7,4
453,705,54,45,46,44,50,56,65,65,65,72,77,66,10,2.6,3.8,5.9,8.6,12.4,15.1,16.6,16.9,15.3,11.5,7,4
454,705,54,45,46,44,50,56,65,65,65,72,77,66,10,2.6,3.8,5.9,8.6,12.4,15.1,16.6,16.9,15.3,11.5,7,4
455,706,54,45,46,44,50,56,65,65,65,72,78,66,9.9,2.6,3.8,5.9,8.6,12.3,15,16.6,16.8,15.3,11.5,7,3.9
456,706,54,45,46,44,50,56,65,65,65,72,78,66,9.9,2.6,3.8,5.9,8.6,12.3,15,16.6,16.8,15.3,11.5,7,3.9
457,706,54,45,46,44,50,56,65,65,65,72,78,66,9.9,2.6,3.8,5.9,8.6,12.3,15,16.6,16.8,15.3,11.5,7,3.9
458,706,54,45,46,44,50,56,65,65,65,72,78,66,9.9,2.6,3.8,5.9,8.6,12.3,15,16.6,16.8,15.3,11.5,7,3.9
459,706,54,45,46,44,50,56,65,65,65,72,78,66,9.9,2.6,3.8,5.9,8.6,12.3,15,16.6,16.8,15.3,11.5,7,3.9
460,706,54,45,46,44,50,56,65,65,65,72,78,66,9.9,2.6,3.8,5.9,8.6,12.3,15,16.6,16.8,15.3,11.5,7,3.9
461,706,54,45,46,44,50,56,65,65,65,72,78,66,9.9,2.6,3.8,5.9,8.6,12.3,15,16.6,16.8,15.3,11.5,7,3.9
462,706,54,45,46,44,50,56,65,65,65,72,78,66,9.9,2.6,3.8,5.9,8.6,12.3,15,16.6,16.8,15.3,11.5,7,3.9
463,706,54,45,46,44,50,56,65,65,65,72,78,66,9.9,2.6,3.8,5.9,8.6,12.3,15,16.6,16.8,15.3,11.5,7,3.9
464,706,54,45,46,44,50,56,65,65,65,72,78,66,9.9,2.6,3.8,5.9,8.6,12.3,15,16.6,16.8,15.3,11.5,7,3.9
465,706,54,45,46,44,50,56,65,65,65,72,78,66,9.9,2.6,3.8,5.9,8.6,12.3,15,16.6,16.8,15.3,11.5,7,3.9
466,706,54,45,46,44,50,56,65,65,65,72,78,66,9.9,2.6,3.8,5.9,8.6,12.3,15,16.6,16.8,15.3,11.5,7,3.9
467,706,54,45,46,44,50,56,65,65,65,72,78,66,9.9,2.6,3.8,5.9,8.6,12.3,15,16.6,16.8,15.3,11.5,7,3.9
468,706,54,45,46,44,50,56,65,65,65,72,78,66,9.9,2.6,3.8,5.9,8.6,12.3,15,16.6,16.8,15.3,11.5,7,3.9
469,706,54,45,46,44,50,56,65,65,65,72,78,66,9.9,2.6,3.8,5.9,8.6,12.3,15,16.6,16.8,15.3,11.5,7,3.9
470,706,54,45,46,44,50,56,65,65,65,72,78,66,9.9,2.6,3.8,5.9,8.6,12.3,15,16.6,16.8,15.3,11.5,7,3.9
471,706,54,45,46,44,50,56,65,65,65,72,78,66,9.9,2.6,3.8,5.9,8.6,12.3,15,16.6,16.8,15.3,11.5,7,3.9
472,705,54,45,46,44,50,56,65,65,65,72,78,66,10,2.6,3.8,5.9,8.6,12.3,15,16.6,16.8,15.3,11.5,7,3.9
473,705,54,45,46,44,50,56,65,65,65,72,78,66,10,2.6,3.8,5.9,8.6,12.3,15,16.6,16.8,15.3,11.5,7,3.9
474,705,54,45,46,44,50,56,65,65,65,72,78,66,10,2.6,3.8,5.9,8.6,12.3,15,16.6,16.8,15.3,11.5,7,3.9
475,705,54,45,46,44,50,56,65,65,65,72,78,66,10,2.6,3.8,5.9,8.6,12.3,15,16.6,16.8,15.3,11.5,7,3.9
476,705,54,45,46,44,50,56,65,65,65,72,78,66,10,2.6,3.8,5.9,8.6,12.3,15,16.6,16.8,15.3,11.5,7,3.9
477,705,54,45,46,44,50,56,65,65,65,72,78,66,10,2.6,3.8,5.9,8.6,12.3,15,16.6,16.8,15.3,11.5,7,3.9
478,705,54,45,46,44,50,56,65,65,65,72,78,66,10,2.6,3.8,5.9,8.6,12.3,15,16.6,16.8,15.3,11.5,7,3.9
479,705,54,45,46,44,50,56,65,65,65,72,78,66,10,2.6,3.8,5.9,8.6,12.3,15,16.6,16.8,15.3,11.5,7,3.9
480,705,54,45,46,44,50,56,65,65,65,72,78,66,10,2.6,3.8,5.9,8.6,12.3,15,16.6,16.8,15.3,11.5,7,3.9
481,705,54,45,46,44,50,56,65,65,65,72,78,66,10,2.6,3.8,5.9,8.6,12.3,15,16.6,16.8,15.3,11.5,7,3.9
482,705,54,45,46,44,50,56,65,65,65,72,78,66,10,2.6,3.8,5.9,8.6,12.3,15,16.6,16.8,15.3,11.5,7,3.9
483,705,54,45,46,44,50,56,65,65,65,72,77,66,10,2.6,3.8,5.9,8.6,12.4,15.1,16.6,16.9,15.3,11.5,7,4
484,705,54,45,46,44,50,56,65,65,65,72,77,66,10,2.6,3.8,5.9,8.6,12.4,15.1,16.6,16.9,15.3,11.5,7,4
485,706,54,45,46,44,50,56,65,65,65,72,78,66,9.9,2.6,3.8,5.9,8.6,12.3,15,16.6,16.8,15.3,11.5,7,3.9
486,706,54,45,46,44,50,56,65,65,65,72,78,66,9.9,2.6,3.8,5.9,8.6,12.3,15,16.6,16.8,15.3,11.5,7,3.9
487,705,54,45,46,44,50,56,65,65,65,72,77,66,10,2.6,3.8,5.9,8.6,12.3,15.1,16.5,16.9,15.2,11.5,7,4
488,705,54,45,46,44,50,56,65,65,65,72,77,66,10,2.6,3.8,5.9,8.6,12.4,15.1,16.6,16.9,15.3,11.5,7,4
489,705,54,45,46,44,50,56,65,65,65,72,77,66,10,2.6,3.8,5.9,8.6,12.4,15.1,16.6,16.9,15.3,11.5,7,4
490,705,54,45,46,44,50,56,65,65,65,72,77,66,10,2.6,3.8,5.9,8.6,12.3,15.1,16.5,16.9,15.2,11.5,7,4
491,705,54,45,46,44,50,56,65,65,65,72,77,66,10,2.6,3.8,5.9,8.6,12.3,15.1,16.5,16.9,15.2,11.5,7,4
492,705,54,45,46,44,50,56,65,65,65,72,77,66,10,2.6,3.8,5.9,8.6,12.3,15.1,16.5,16.9,15.2,11.5,7,4
493,705,54,45,46,44,50,56,65,65,65,72,77,66,10,2.6,3.8,5.9,8.6,12.3,15.1,16.5,16.9,15.2,11.5,7,4
494,706,54,45,46,44,50,56,65,65,65,72,78,66,9.9,2.6,3.8,5.9,8.6,12.3,15,16.6,16.8,15.3,11.5,7,3.9
495,705,54,45,46,44,50,56,65,65,65,72,77,66,10,2.6,3.8,5.9,8.6,12.3,15.1,16.5,16.9,15.2,11.5,7,4
496,705,54,45,46,44,50,56,65,65,65,72,77,66,10,2.6,3.8,5.9,8.6,12.3,15.1,16.5,16.9,15.2,11.5,7,4
497,706,54,45,46,44,50,56,65,65,65,72,78,66,9.9,2.6,3.8,5.9,8.6,12.3,15,16.6,16.8,15.3,11.5,7,3.9
498,705,54,45,46,44,50,56,65,65,65,72,78,66,10,2.6,3.8,5.9,8.6,12.3,15,16.6,16.8,15.3,11.5,7,3.9
499,706,54,45,46,44,50,56,65,65,65,72,78,66,9.9,2.6,3.8,5.9,8.6,12.3,15,16.6,16.8,15.3,11.5,7,3.9
500,705,54,45,46,44,50,56,65,65,65,72,77,66,10,2.6,3.8,5.9,8.6,12.3,15.1,16.5,16.9,15.2,11.5,7,4
501,705,54,45,46,44,50,56,65,65,65,72,78,66,10,2.6,3.8,5.9,8.6,12.3,15,16.6,16.8,15.3,11.5,7,3.9
502,705,54,45,46,44,50,56,65,65,65,72,78,66,10,2.6,3.8,5.9,8.6,12.3,15,16.6,16.8,15.3,11.5,7,3.9
503,705,54,45,46,44,50,56,65,65,65,72,78,66,10,2.6,3.8,5.9,8.6,12.3,15,16.6,16.8,15.3,11.5,7,3.9
504,705,54,45,46,44,50,56,65,65,65,72,77,66,10,2.6,3.8,5.9,8.6,12.3,15.1,16.5,16.9,15.2,11.5,7,4
505,705,54,45,46,44,50,56,65,65,65,72,78,66,10,2.6,3.8,5.9,8.6,12.3,15,16.6,16.8,15.3,11.5,7,3.9
506,705,54,45,46,44,50,56,65,65,65,72,78,66,10,2.6,3.8,5.9,8.6,12.3,15,16.6,16.8,15.3,11.5,7,3.9
507,705,54,45,46,44,50,56,65,65,65,72,77,66,10,2.6,3.8,5.9,8.6,12.3,15.1,16.5,16.9,15.2,11.5,7,4
508,705,54,45,46,44,50,56,65,65,65,72,77,66,10,2.6,3.8,5.9,8.6,12.3,15.1,16.5,16.9,15.2,11.5,7,4
509,705,54,45,46,44,50,56,65,65,65,72,77,66,10,2.6,3.8,5.9,8.6,12.3,15.1,16.5,16.9,15.2,11.5,7,4
510,705,54,45,46,44,50,56,65,65,65,72,78,66,10,2.6,3.8,5.9,8.6,12.3,15,16.6,16.8,15.3,11.5,7,3.9
511,706,54,45,46,44,50,56,65,65,65,72,78,66,9.9,2.6,3.8,5.9,8.6,12.3,15,16.6,16.8,15.3,11.5,7,3.9
512,705,54,45,46,44,50,56,65,65,65,72,77,66,10,2.6,3.8,5.9,8.6,12.3,15.1,16.5,16.9,15.2,11.5,7,4
513,706,54,45,46,44,50,56,65,65,65,72,78,66,9.9,2.6,3.8,5.9,8.6,12.3,15,16.6,16.8,15.3,11.5,7,3.9
514,705,54,45,46,44,50,56,65,65,65,72,78,66,10,2.6,3.8,5.9,8.6,12.3,15,16.6,16.8,15.3,11.5,7,3.9
515,705,54,45,46,44,50,56,65,65,65,72,78,66,10,2.6,3.8,5.9,8.6,12.3,15,16.6,16.8,15.3,11.5,7,3.9
516,705,54,45,46,44,50,56,65,65,65,72,77,66,10,2.6,3.8,5.9,8.6,12.3,15.1,16.5,16.9,15.2,11.5,7,4
517,705,54,45,46,44,50,56,65,65,65,72,77,66,10,2.6,3.8,5.9,8.6,12.3,15.1,16.5,16.9,15.2,11.5,7,4
518,705,54,45,46,44,50,56,65,65,65,72,77,66,10,2.6,3.8,5.9,8.6,12.3,15.1,16.5,16.9,15.2,11.5,7,4
519,705,54,45,46,44,50,56,65,65,65,72,77,66,10,2.6,3.8,5.9,8.6,12.3,15.1,16.5,16.9,15.2,11.5,7,4
520,705,54,45,46,44,50,56,65,65,65,72,77,66,10,2.6,3.8,5.9,8.6,12.3,15.1,16.5,16.9,15.2,11.5,7,4
521,705,54,45,46,44,50,56,65,65,65,72,77,66,10,2.6,3.8,5.9,8.6,12.3,15.1,16.5,16.9,15.2,11.5,7,4
522,705,54,45,46,44,50,56,65,65,65,72,77,66,10,2.6,3.8,5.9,8.6,12.3,15.1,16.5,16.9,15.2,11.5,7,4
523,705,54,45,46,44,50,56,65,65,65,72,77,66,10,2.6,3.8,5.9,8.6,12.3,15.1,16.5,16.9,15.2,11.5,7,4
701,763,65,49,62,48,58,66,68,65,65,75,72,70,10.2,2.6,3.5,5.9,9,12.9,15.8,17.5,17.6,15.6,11.6,6.7,3.8
702,762,65,49,62,48,57,66,68,65,65,75,72,70,10.3,2.6,3.5,5.9,9,12.9,15.9,17.5,17.6,15.6,11.8,6.8,3.9
703,763,65,49,62,48,58,66,68,65,65,75,73,70,10.2,2.6,3.5,5.9,9,12.9,15.8,17.5,17.6,15.6,11.6,6.7,3.8
704,763,65,49,62,48,57,66,68,65,65,75,72,70,10.2,2.6,3.5,5.9,9,12.9,15.9,17.5,17.6,15.6,11.8,6.8,3.9
705,763,65,49,62,48,57,66,68,65,65,75,72,70,10.2,2.6,3.5,5.9,9,12.9,15.9,17.5,17.6,15.6,11.8,6.8,3.9
706,763,65,49,62,48,57,66,68,65,65,75,72,70,10.2,2.6,3.5,5.9,9,12.9,15.9,17.5,17.6,15.6,11.8,6.8,3.9
707,763,65,49,62,48,58,66,68,65,65,75,72,70,10.2,2.6,3.5,5.9,9,12.9,15.8,17.5,17.6,15.6,11.6,6.7,3.8
708,763,65,49,62,48,57,66,68,65,65,75,72,70,10.2,2.6,3.5,5.9,9,12.9,15.9,17.5,17.6,15.6,11.8,6.8,3.9
709,763,65,49,62,48,58,66,68,65,65,75,72,70,10.2,2.6,3.5,5.9,9,12.9,15.8,17.5,17.6,15.6,11.6,6.7,3.8
710,764,65,49,62,48,58,66,68,65,65,75,73,70,10.2,2.6,3.5,5.9,9,12.9,15.8,17.5,17.6,15.6,11.6,6.7,3.8
711,764,65,49,62,48,57,66,68,65,65,75,72,70,10.2,2.6,3.5,5.9,9,12.9,15.9,17.5,17.6,15.6,11.8,6.8,3.9
712,762,65,49,62,48,57,66,68,65,65,75,72,70,10.3,2.6,3.5,5.9,9,12.9,15.9,17.5,17.6,15.6,11.8,6.8,3.9
713,764,65,49,62,48,57,66,68,65,65,75,72,70,10.2,2.6,3.5,5.9,9,12.9,15.9,17.5,17.6,15.6,11.8,6.8,3.9
714,762,65,49,62,48,57,66,68,65,65,75,72,70,10.3,2.6,3.5,5.9,9,12.9,15.9,17.5,17.6,15.6,11.8,6.8,3.9
715,762,65,49,62,48,57,66,68,65,65,75,72,70,10.3,2.6,3.5,5.9,9,12.9,15.9,17.5,17.6,15.6,11.8,6.8,3.9
716,762,65,49,62,48,57,66,68,65,65,75,72,70,10.3,2.6,3.5,5.9,9,12.9,15.9,17.5,17.6,15.6,11.8,6.8,3.9
717,762,65,49,62,48,57,66,68,65,65,75,72,70,10.3,2.6,3.5,5.9,9,12.9,15.9,17.5,17.6,15.6,11.8,6.8,3.9
718,762,65,49,62,48,57,66,68,65,65,75,72,70,10.3,2.6,3.5,5.9,9,12.9,15.9,17.5,17.6,15.6,11.8,6.8,3.9
719,764,65,49,62,48,57,66,68,65,65,75,72,70,10.2,2.6,3.5,5.9,9,12.9,15.9,17.5,17.6,15.6,11.8,6.8,3.9
720,764,65,49,62,48,58,66,68,65,65,75,73,70,10.2,2.6,3.5,5.9,9,12.9,15.8,17.5,17.6,15.6,11.6,6.7,3.8
721,764,65,49,62,48,58,66,68,65,65,75,73,70,10.2,2.6,3.5,5.9,9,12.9,15.8,17.5,17.6,15.6,11.6,6.7,3.8
722,764,65,49,62,48,58,66,68,65,65,75,73,70,10.2,2.6,3.5,5.9,9,12.9,15.8,17.5,17.6,15.6,11.6,6.7,3.8
723,764,65,49,62,48,58,66,68,65,65,75,73,70,10.2,2.6,3.5,5.9,9,12.9,15.8,17.5,17.6,15.6,11.6,6.7,3.8
724,764,65,49,62,48,58,66,68,65,65,75,73,70,10.2,2.6,3.5,5.9,9,12.9,15.8,17.5,17.6,15.6,11.6,6.7,3.8
725,764,65,49,62,48,58,66,68,65,65,75,73,70,10.2,2.6,3.5,5.9,9,12.9,15.8,17.5,17.6,15.6,11.6,6.7,3.8
726,764,65,49,62,48,57,66,68,65,65,75,72,70,10.2,2.6,3.5,5.9,9,12.9,15.9,17.5,17.6,15.6,11.8,6.8,3.9
727,763,65,49,62,48,58,66,68,65,65,75,72,70,10.2,2.6,3.5,5.9,9,12.9,15.8,17.5,17.6,15.6,11.6,6.7,3.8
728,763,65,49,62,48,58,66,68,65,65,75,72,70,10.2,2.6,3.5,5.9,9,12.9,15.8,17.5,17.6,15.6,11.6,6.7,3.8
729,763,65,49,62,48,58,66,68,65,65,75,72,70,10.2,2.6,3.5,5.9,9,12.9,15.8,17.5,17.6,15.6,11.6,6.7,3.8
730,763,65,49,62,48,58,66,68,65,65,75,72,70,10.2,2.6,3.5,5.9,9,12.9,15.8,17.5,17.6,15.6,11.6,6.7,3.8
731,763,65,49,62,48,58,66,68,65,65,75,72,70,10.2,2.6,3.5,5.9,9,12.9,15.8,17.5,17.6,15.6,11.6,6.7,3.8
732,763,65,49,62,48,58,66,68,65,65,75,72,70,10.2,2.6,3.5,5.9,9,12.9,15.8,17.5,17.6,15.6,11.6,6.7,3.8
733,763,65,49,62,48,58,66,68,65,65,75,72,70,10.2,2.6,3.5,5.9,9,12.9,15.8,17.5,17.6,15.6,11.6,6.7,3.8
734,763,65,49,62,48,58,66,68,65,65,75,72,70,10.2,2.6,3.5,5.9,9,12.9,15.8,17.5,17.6,15.6,11.6,6.7,3.8
735,763,65,49,62,48,58,66,68,65,65,75,72,70,10.2,2.6,3.5,5.9,9,12.9,15.8,17.5,17.6,15.6,11.6,6.7,3.8
736,763,65,49,62,48,58,66,68,65,65,75,72,70,10.2,2.6,3.5,5.9,9,12.9,15.8,17.5,17.6,15.6,11.6,6.7,3.8
737,763,65,49,62,48,58,66,68,65,65,75,72,70,10.2,2.6,3.5,5.9,9,12.9,15.8,17.5,17.6,15.6,11.6,6.7,3.8
738,763,65,49,62,48,58,66,68,65,65,75,72,70,10.2,2.6,3.5,5.9,9,12.9,15.8,17.5,17.6,15.6,11.6,6.7,3.8
739,763,65,49,62,48,58,66,68,65,65,75,72,70,10.2,2.6,3.5,5.9,9,12.9,15.8,17.5,17.6,15.6,11.6,6.7,3.8
740,763,65,49,62,48,58,66,68,65,65,75,72,70,10.2,2.6,3.5,5.9,9,12.9,15.8,17.5,17.6,15.6,11.6,6.7,3.8
741,762,65,49,62,48,57,66,68,65,65,75,72,70,10.3,2.6,3.5,5.9,9,12.9,15.9,17.5,17.6,15.6,11.8,6.8,3.9
742,763,65,49,62,48,57,66,68,65,65,75,72,70,10.2,2.6,3.5,5.9,9,12.9,15.9,17.5,17.6,15.6,11.8,6.8,3.9
743,763,65,49,62,48,58,66,68,65,65,75,72,70,10.2,2.6,3.5,5.9,9,12.9,15.8,17.5,17.6,15.6,11.6,6.7,3.8
744,763,65,49,62,48,57,66,68,65,65,75,72,70,10.2,2.6,3.5,5.9,9,12.9,15.9,17.5,17.6,15.6,11.8,6.8,3.9
745,763,65,49,62,48,57,66,68,65,65,75,72,70,10.2,2.6,3.5,5.9,9,12.9,15.9,17.5,17.6,15.6,11.8,6.8,3.9
746,762,65,49,62,48,57,66,68,65,65,75,72,70,10.3,2.6,3.5,5.9,9,12.9,15.9,17.5,17.6,15.6,11.8,6.8,3.9
747,763,65,49,62,48,57,66,68,65,65,75,72,70,10.2,2.6,3.5,5.9,9,12.9,15.9,17.5,17.6,15.6,11.8,6.8,3.9
748,763,65,49,62,48,58,66,68,65,65,75,72,70,10.2,2.6,3.5,5.9,9,12.9,15.8,17.5,17.6,15.6,11.6,6.7,3.8
749,763,65,49,62,48,57,66,68,65,65,75,72,70,10.2,2.6,3.5,5.9,9,12.9,15.9,17.5,17.6,15.6,11.8,6.8,3.9
750,763,65,49,62,48,57,66,68,65,65,75,72,70,10.2,2.6,3.5,5.9,9,12.9,15.9,17.5,17.6,15.6,11.8,6.8,3.9
751,763,65,49,62,48,58,66,68,65,65,75,72,70,10.2,2.6,3.5,5.9,9,12.9,15.8,17.5,17.6,15.6,11.6,6.7,3.8
752,763,65,49,62,48,57,66,68,65,65,75,72,70,10.2,2.6,3.5,5.9,9,12.9,15.9,17.5,17.6,15.6,11.8,6.8,3.9
753,763,65,49,62,48,57,66,68,65,65,75,72,70,10.2,2.6,3.5,5.9,9,12.9,15.9,17.5,17.6,15.6,11.8,6.8,3.9
754,763,65,49,62,48,58,66,68,65,65,75,72,70,10.2,2.6,3.5,5.9,9,12.9,15.8,17.5,17.6,15.6,11.6,6.7,3.8
755,763,65,49,62,48,57,66,68,65,65,75,72,70,10.2,2.6,3.5,5.9,9,12.9,15.9,17.5,17.6,15.6,11.8,6.8,3.9
756,763,65,49,62,48,57,66,68,65,65,75,72,70,10.2,2.6,3.5,5.9,9,12.9,15.9,17.5,17.6,15.6,11.8,6.8,3.9
757,763,65,49,62,48,58,66,68,65,65,75,72,70,10.2,2.6,3.5,5.9,9,12.9,15.8,17.5,17.6,15.6,11.6,6.7,3.8
758,763,65,49,62,48,57,66,68,65,65,75,72,70,10.2,2.6,3.5,5.9,9,12.9,15.9,17.5,17.6,15.6,11.8,6.8,3.9
759,763,65,49,62,48,57,66,68,65,65,75,72,70,10.2,2.6,3.5,5.9,9,12.9,15.9,17.5,17.6,15.6,11.8,6.8,3.9
760,763,65,49,62,48,58,66,68,65,65,75,72,70,10.2,2.6,3.5,5.9,9,12.9,15.8,17.5,17.6,15.6,11.6,6.7,3.8
761,763,65,49,62,48,58,66,68,65,65,75,72,70,10.2,2.6,3.5,5.9,9,12.9,15.8,17.5,17.6,15.6,11.6,6.7,3.8
762,763,65,49,62,48,58,66,68,65,65,75,72,70,10.2,2.6,3.5,5.9,9,12.9,15.8,17.5,17.6,15.6,11.6,6.7,3.8
763,762,65,49,62,48,57,66,68,65,65,75,72,70,10.3,2.6,3.5,5.9,9,12.9,15.9,17.5,17.6,15.6,11.8,6.8,3.9
764,762,65,49,62,48,57,66,68,65,65,75,72,70,10.3,2.6,3.5,5.9,9,12.9,15.9,17.5,17.6,15.6,11.8,6.8,3.9
765,762,65,49,62,48,57,66,68,65,65,75,72,70,10.3,2.6,3.5,5.9,9,12.9,15.9,17.5,17.6,15.6,11.8,6.8,3.9
766,762,65,49,62,48,57,66,68,65,65,75,72,70,10.3,2.6,3.5,5.9,9,12.9,15.9,17.5,17.6,15.6,11.8,6.8,3.9
767,762,65,49,62,48,57,66,68,65,65,75,72,70,10.3,2.6,3.5,5.9,9,12.9,15.9,17.5,17.6,15.6,11.8,6.8,3.9
768,762,65,49,62,48,57,66,68,65,65,75,72,70,10.3,2.6,3.5,5.9,9,12.9,15.9,17.5,17.6,15.6,11.8,6.8,3.9
801,837,71,58,71,56,69,76,74,67,65,73,78,79,9.8,1.5,3.1,5.8,9.3,12.9,16,17.2,17,15.2,11,5.8,2.7
802,837,71,58,71,56,69,76,74,67,65,73,78,79,9.8,1.5,3.1,5.8,9.3,12.9,16,17.2,17,15.2,11,5.8,2.7
803,837,71,58,71,56,69,76,74,67,65,73,78,79,9.8,1.5,3.1,5.8,9.3,12.9,16,17.2,17,15.2,11,5.8,2.7
804,837,71,58,71,56,69,76,74,67,65,73,78,79,9.8,1.5,3.1,5.8,9.3,12.9,16,17.2,17,15.2,11,5.8,2.7
805,837,71,58,71,56,69,76,74,67,65,73,78,79,9.8,1.5,3.1,5.8,9.3,12.9,16,17.2,17,15.2,11,5.8,2.7
806,837,71,58,71,56,69,76,74,67,65,73,78,79,9.8,1.5,3.1,5.8,9.3,12.9,16,17.2,17,15.2,11,5.8,2.7
807,837,71,58,71,56,69,76,74,67,65,73,78,79,9.8,1.5,3.1,5.8,9.3,12.9,16,17.2,17,15.2,11,5.8,2.7
808,837,71,58,71,56,69,76,74,67,65,73,78,79,9.8,1.5,3.1,5.8,9.3,12.9,16,17.2,17,15.2,11,5.8,2.7
809,837,71,58,71,56,69,76,74,67,65,73,78,79,9.8,1.5,3.1,5.8,9.3,12.9,16,17.2,17,15.2,11,5.8,2.7
810,837,71,58,71,56,69,76,74,67,65,73,78,79,9.8,1.5,3.1,5.8,9.3,12.9,16,17.2,17,15.2,11,5.8,2.7
811,837,71,58,71,56,69,76,74,67,65,73,78,79,9.8,1.5,3.1,5.8,9.3,12.9,16,17.2,17,15.2,11,5.8,2.7
812,837,71,58,71,56,69,76,74,67,65,73,78,79,9.8,1.5,3.1,5.8,9.3,12.9,16,17.2,17,15.2,11,5.8,2.7
813,837,71,58,71,56,69,76,74,67,65,73,78,79,9.8,1.5,3.1,5.8,9.3,12.9,16,17.2,17,15.2,11,5.8,2.7
814,837,71,58,71,56,69,76,74,67,65,73,78,79,9.8,1.5,3.1,5.8,9.3,12.9,16,17.2,17,15.2,11,5.8,2.7
815,837,71,58,71,56,69,76,74,67,65,73,78,79,9.8,1.5,3.1,5.8,9.3,12.9,16,17.2,17,15.2,11,5.8,2.7
816,837,71,58,71,56,69,76,74,67,65,73,78,79,9.8,1.5,3.1,5.8,9.3,12.9,16,17.2,17,15.2,11,5.8,2.7
817,837,71,58,71,56,69,76,74,67,65,73,78,79,9.8,1.5,3.1,5.8,9.3,12.9,16,17.2,17,15.2,11,5.8,2.7
818,837,71,58,71,56,69,76,74,67,65,73,78,79,9.8,1.5,3.1,5.8,9.3,12.9,16,17.2,17,15.2,11,5.8,2.7
819,837,71,58,71,56,69,76,74,67,65,73,78,79,9.8,1.5,3.1,5.8,9.3,12.9,16,17.2,17,15.2,11,5.8,2.7
820,837,71,58,71,56,69,76,74,67,65,73,78,79,9.8,1.5,3.1,5.8,9.3,12.9,16,17.2,17,15.2,11,5.8,2.7
821,837,71,58,71,56,69,76,74,67,65,73,78,79,9.8,1.5,3.1,5.8,9.3,12.9,16,17.2,17,15.2,11,5.8,2.7
822,837,71,58,71,56,69,76,74,67,65,73,78,79,9.8,1.5,3.1,5.8,9.3,12.9,16,17.2,17,15.2,11,5.8,2.7
823,837,71,58,71,56,69,76,74,67,65,73,78,79,9.8,1.5,3.1,5.8,9.3,12.9,16,17.2,17,15.2,11,5.8,2.7
824,837,71,58,71,56,69,76,74,67,65,73,78,79,9.8,1.5,3.1,5.8,9.3,12.9,16,17.2,17,15.2,11,5.8,2.7
825,837,71,58,71,56,69,76,74,67,65,73,78,79,9.8,1.5,3.1,5.8,9.3,12.9,16,17.2,17,15.2,11,5.8,2.7
826,837,71,58,71,56,69,76,74,67,65,73,78,79,9.8,1.5,3.1,5.8,9.3,12.9,16,17.2,17,15.2,11,5.8,2.7
827,837,71,58,71,56,69,76,74,67,65,73,78,79,9.8,1.5,3.1,5.8,9.3,12.9,16,17.2,17,15.2,11,5.8,2.7
828,837,71,58,71,56,69,76,74,67,65,73,78,79,9.8,1.5,3.1,5.8,9.3,12.9,16,17.2,17,15.2,11,5.8,2.7
829,837,71,58,71,56,69,76,74,67,65,73,78,79,9.8,1.5,3.1,5.8,9.3,12.9,16,17.2,17,15.2,11,5.8,2.7
830,837,71,58,71,56,69,76,74,67,65,73,78,79,9.8,1.5,3.1,5.8,9.3,12.9,16,17.2,17,15.2,11,5.8,2.7
831,837,71,58,71,56,69,76,74,67,65,73,78,79,9.8,1.5,3.1,5.8,9.3,12.9,16,17.2,17,15.2,11,5.8,2.7
832,837,71,58,71,56,69,76,74,67,65,73,78,79,9.8,1.5,3.1,5.8,9.3,12.9,16,17.2,17,15.2,11,5.8,2.7
833,837,71,58,71,56,69,76,74,67,65,73,78,79,9.8,1.5,3.1,5.8,9.3,12.9,16,17.2,17,15.2,11,5.8,2.7
841,796,67,55,66,53,64,72,70,65,64,71,75,74,10.1,2,3.4,6.1,9.5,13.1,16.2,17.4,17.4,15.6,11.3,6.3,3.2
842,796,67,55,66,53,64,72,70,65,64,71,75,74,10.1,2,3.4,6.1,9.5,13.1,16.2,17.4,17.4,15.6,11.3,6.3,3.2
843,796,67,55,66,53,64,72,70,65,64,71,75,74,10.1,2,3.4,6.1,9.5,13.1,16.2,17.4,17.4,15.6,11.3,6.3,3.2
844,796,67,55,66,53,64,72,70,65,64,71,75,74,10.1,2,3.4,6.1,9.5,13.1,16.2,17.4,17.4,15.6,11.3,6.3,3.2
845,796,67,55,66,53,64,72,70,65,64,71,75,74,10.1,2,3.4,6.1,9.5,13.1,16.2,17.4,17.4,15.6,11.3,6.3,3.2
846,796,67,55,66,53,64,72,70,65,64,71,75,74,10.1,2,3.4,6.1,9.5,13.1,16.2,17.4,17.4,15.6,11.3,6.3,3.2
847,796,67,55,66,53,64,72,70,65,64,71,75,74,10.1,2,3.4,6.1,9.5,13.1,16.2,17.4,17.4,15.6,11.3,6.3,3.2
848,796,67,55,66,53,64,72,70,65,64,71,75,74,10.1,2,3.4,6.1,9.5,13.1,16.2,17.4,17.4,15.6,11.3,6.3,3.2
849,796,67,55,66,53,64,72,70,65,64,71,75,74,10.1,2,3.4,6.1,9.5,13.1,16.2,17.4,17.4,15.6,11.3,6.3,3.2
850,796,67,55,66,52,64,72,70,65,64,71,75,74,10.1,2.1,3.4,6.2,9.5,13.1,16.2,17.5,17.4,15.6,11.3,6.2,3.3
851,796,67,55,66,53,64,72,70,65,64,71,75,74,10.1,2,3.4,6.1,9.5,13.1,16.2,17.4,17.4,15.6,11.3,6.3,3.2
852,796,67,55,66,53,64,72,70,65,64,71,75,74,10.1,2,3.4,6.1,9.5,13.1,16.2,17.4,17.4,15.6,11.3,6.3,3.2
853,796,67,55,66,53,64,72,70,65,64,71,75,74,10.1,2,3.4,6.1,9.5,13.1,16.2,17.4,17.4,15.6,11.3,6.3,3.2
854,796,67,55,66,52,64,72,70,65,64,71,75,74,10.1,2.1,3.4,6.2,9.5,13.1,16.2,17.5,17.4,15.6,11.3,6.2,3.3
855,796,67,55,66,53,64,72,70,65,64,71,75,74,10.1,2,3.4,6.1,9.5,13.1,16.2,17.4,17.4,15.6,11.3,6.3,3.2
856,796,67,55,66,52,64,72,70,65,64,71,75,74,10.1,2.1,3.4,6.2,9.5,13.1,16.2,17.5,17.4,15.6,11.3,6.2,3.3
857,796,67,55,66,53,64,72,70,65,64,71,75,74,10.1,2,3.4,6.1,9.5,13.1,16.2,17.4,17.4,15.6,11.3,6.3,3.2
858,796,67,55,66,53,64,72,70,65,64,71,75,74,10.1,2,3.4,6.1,9.5,13.1,16.2,17.4,17.4,15.6,11.3,6.3,3.2
859,796,68,56,67,53,64,73,71,66,64,72,75,75,10.1,2,3.5,6.2,9.4,13,16.2,17.4,17.3,15.5,11.2,6.1,3.3
860,796,68,56,67,53,64,73,71,66,64,72,75,75,10.1,2,3.5,6.2,9.4,13,16.2,17.4,17.3,15.5,11.2,6.1,3.3
861,804,68,56,67,53,64,73,71,66,64,72,75,75,10.1,2,3.5,6.2,9.4,13,16.2,17.4,17.3,15.5,11.2,6.1,3.3
862,796,68,56,67,53,64,73,71,66,64,72,75,75,10.1,2,3.5,6.2,9.4,13,16.2,17.4,17.3,15.5,11.2,6.1,3.3
863,796,68,56,67,53,64,73,71,66,64,72,75,75,10.1,2,3.5,6.2,9.4,13,16.2,17.4,17.3,15.5,11.2,6.1,3.3
864,804,68,56,67,53,64,73,71,66,64,72,75,75,10.1,2,3.5,6.2,9.4,13,16.2,17.4,17.3,15.5,11.2,6.1,3.3
865,804,68,56,67,53,64,73,71,66,64,72,75,75,10.1,2,3.5,6.2,9.4,13,16.2,17.4,17.3,15.5,11.2,6.1,3.3
866,804,68,56,67,53,64,73,71,66,64,72,75,75,10.1,2,3.5,6.2,9.4,13,16.2,17.4,17.3,15.5,11.2,6.1,3.3
867,804,68,56,67,53,64,73,71,66,64,72,75,75,10.1,2,3.5,6.2,9.4,13,16.2,17.4,17.3,15.5,11.2,6.1,3.3
868,804,68,56,67,53,64,73,71,66,64,72,75,75,10.1,2,3.5,6.2,9.4,13,16.2,17.4,17.3,15.5,11.2,6.1,3.3
869,804,68,56,67,53,64,73,71,66,64,72,75,75,10.1,2,3.5,6.2,9.4,13,16.2,17.4,17.3,15.5,11.2,6.1,3.3
870,804,68,56,67,53,64,73,71,66,64,72,75,75,10.1,2,3.5,6.2,9.4,13,16.2,17.4,17.3,15.5,11.2,6.1,3.3
871,804,68,56,67,53,64,73,71,66,64,72,75,75,10.1,2,3.5,6.2,9.4,13,16.2,17.4,17.3,15.5,11.2,6.1,3.3
872,804,68,56,67,53,64,73,71,66,64,72,75,75,10.1,2,3.5,6.2,9.4,13,16.2,17.4,17.3,15.5,11.2,6.1,3.3
873,804,68,56,67,53,64,73,71,66,64,72,75,75,10.1,2,3.5,6.2,9.4,13,16.2,17.4,17.3,15.5,11.2,6.1,3.3
874,804,68,56,67,53,64,73,71,66,64,72,75,75,10.1,2,3.5,6.2,9.4,13,16.2,17.4,17.3,15.5,11.2,6.1,3.3
875,804,68,56,67,53,64,73,71,66,64,72,75,75,10.1,2,3.5,6.2,9.4,13,16.2,17.4,17.3,15.5,11.2,6.1,3.3
876,804,68,56,67,53,64,73,71,66,64,72,75,75,10.1,2,3.5,6.2,9.4,13,16.2,17.4,17.3,15.5,11.2,6.1,3.3
877,804,68,56,67,53,64,73,71,66,64,72,75,75,10.1,2,3.5,6.2,9.4,13,16.2,17.4,17.3,15.5,11.2,6.1,3.3
878,804,68,56,67,53,64,73,71,66,64,72,75,75,10.1,2,3.5,6.2,9.4,13,16.2,17.4,17.3,15.5,11.2,6.1,3.3
879,804,68,56,67,53,64,73,71,66,64,72,75,75,10.1,2,3.5,6.2,9.4,13,16.2,17.4,17.3,15.5,11.2,6.1,3.3
880,804,68,56,67,53,64,73,71,66,64,72,75,75,10.1,2,3.5,6.2,9.4,13,16.2,17.4,17.3,15.5,11.2,6.1,3.3
881,804,68,56,67,53,64,73,71,66,64,72,75,75,10.1,2,3.5,6.2,9.4,13,16.2,17.4,17.3,15.5,11.2,6.1,3.3
882,804,68,56,67,53,64,73,71,66,64,72,75,75,10.1,2,3.5,6.2,9.4,13,16.2,17.4,17.3,15.5,11.2,6.1,3.3
883,804,68,56,67,53,64,73,71,66,64,72,75,75,10.1,2,3.5,6.2,9.4,13,16.2,17.4,17.3,15.5,11.2,6.1,3.3
884,804,68,56,67,53,64,73,71,66,64,72,75,75,10.1,2,3.5,6.2,9.4,13,16.2,17.4,17.3,15.5,11.2,6.1,3.3
885,806,68,56,67,53,64,73,71,66,64,72,75,75,10.1,2,3.5,6.2,9.4,13,16.2,17.4,17.3,15.5,11.2,6.1,3.3
886,804,68,56,67,53,64,73,71,66,64,72,75,75,10.1,2,3.5,6.2,9.4,13,16.2,17.4,17.3,15.5,11.2,6.1,3.3
887,806,68,56,67,53,64,73,71,66,64,72,75,75,10.1,2,3.5,6.2,9.4,13,16.2,17.4,17.3,15.5,11.2,6.1,3.3
888,804,68,56,67,53,64,73,71,66,64,72,75,75,10.1,2,3.5,6.2,9.4,13,16.2,17.4,17.3,15.5,11.2,6.1,3.3
889,806,68,56,67,53,64,73,71,66,64,72,75,75,10.1,2,3.5,6.2,9.4,13,16.2,17.4,17.3,15.5,11.2,6.1,3.3
890,804,68,56,67,53,64,73,71,66,64,72,75,75,10.1,2,3.5,6.2,9.4,13,16.2,17.4,17.3,15.5,11.2,6.1,3.3
901,813,72,55,70,54,69,75,71,64,66,73,72,72,9.8,1.8,3.1,5.8,9,12.9,16,17.2,17.1,15.1,11,5.8,2.9
902,813,72,55,70,54,69,75,71,64,66,73,72,72,9.8,1.8,3.1,5.8,9,12.9,16,17.2,17.1,15.1,11,5.8,2.9
903,813,72,55,70,54,69,75,71,64,66,73,72,72,9.8,1.8,3.1,5.8,9,12.8,16,17.2,17.1,15.1,10.9,5.8,2.9
904,813,72,55,70,54,69,75,71,64,66,73,72,72,9.8,1.8,3.1,5.8,9,12.9,16,17.2,17.1,15.1,11,5.8,2.9
905,813,72,55,70,54,69,75,71,64,66,73,72,72,9.8,1.8,3.1,5.8,9,12.9,16,17.2,17.1,15.1,11,5.8,2.9
906,813,72,55,70,54,69,75,71,64,66,73,72,72,9.8,1.8,3.1,5.8,9,12.9,16,17.2,17.1,15.1,11,5.8,2.9
907,813,72,55,70,54,69,75,71,64,66,73,72,72,9.8,1.8,3.1,5.8,9,12.9,16,17.2,17.1,15.1,11,5.8,2.9
908,813,72,55,70,54,69,75,71,64,66,73,72,72,9.8,1.8,3.1,5.8,9,12.8,16,17.2,17.1,15.1,10.9,5.8,2.9
909,813,72,55,70,54,69,75,71,64,66,73,72,72,9.8,1.8,3.1,5.8,9,12.9,16,17.2,17.1,15.1,11,5.8,2.9
910,813,72,55,70,54,69,75,71,64,66,73,72,72,9.8,1.8,3.1,5.8,9,12.9,16,17.2,17.1,15.1,11,5.8,2.9
911,813,72,55,70,54,69,75,71,64,66,73,72,72,9.8,1.8,3.1,5.8,9,12.9,16,17.2,17.1,15.1,11,5.8,2.9
912,813,72,55,70,54,69,75,71,64,66,73,72,72,9.8,1.8,3.1,5.8,9,12.9,16,17.2,17.1,15.1,11,5.8,2.9
913,813,72,55,70,54,69,75,71,64,66,73,72,72,9.8,1.8,3.1,5.8,9,12.8,16,17.2,17.1,15.1,10.9,5.8,2.9
914,813,72,55,70,54,69,75,71,64,66,73,72,72,9.8,1.8,3.1,5.8,9,12.9,16,17.2,17.1,15.1,11,5.8,2.9
915,813,72,55,70,54,69,75,71,64,66,73,72,72,9.8,1.8,3.1,5.8,9,12.9,16,17.2,17.1,15.1,11,5.8,2.9
916,813,72,55,70,54,69,75,71,64,66,73,72,72,9.8,1.8,3.1,5.8,9,12.9,16,17.2,17.1,15.1,11,5.8,2.9
917,813,72,55,70,54,69,75,71,64,66,73,72,72,9.8,1.8,3.1,5.8,9,12.9,16,17.2,17.1,15.1,11,5.8,2.9
918,813,72,55,70,54,69,75,71,64,66,73,72,72,9.8,1.8,3.1,5.8,9,12.9,16,17.2,17.1,15.1,11,5.8,2.9
919,813,72,55,70,54,69,75,71,64,66,73,72,72,9.8,1.8,3.1,5.8,9,12.9,16,17.2,17.1,15.1,11,5.8,2.9
920,813,72,55,70,54,69,75,71,64,66,73,72,72,9.8,1.8,3.1,5.8,9,12.8,16,17.2,17.1,15.1,10.9,5.8,2.9
921,814,72,55,70,54,69,75,71,64,66,73,72,72,9.8,1.8,3.1,5.8,9,12.9,16,17.2,17.1,15.1,11,5.8,2.9
922,813,72,55,70,54,69,75,71,64,66,73,72,72,9.8,1.8,3.1,5.8,9,12.9,16,17.2,17.1,15.1,11,5.8,2.9
923,813,72,55,70,54,69,75,71,64,66,73,72,72,9.8,1.8,3.1,5.8,9,12.9,16,17.2,17.1,15.1,11,5.8,2.9
924,813,72,55,70,54,69,75,71,64,66,73,72,72,9.8,1.8,3.1,5.8,9,12.9,16,17.2,17.1,15.1,11,5.8,2.9
925,813,72,55,70,54,69,75,71,64,66,73,72,72,9.8,1.8,3.1,5.8,9,12.9,16,17.2,17.1,15.1,11,5.8,2.9
926,813,72,55,70,54,69,75,71,64,66,73,72,72,9.8,1.8,3.1,5.8,9,12.8,16,17.2,17.1,15.1,10.9,5.8,2.9
927,813,72,55,70,54,69,75,71,64,66,73,72,72,9.8,1.8,3.1,5.8,9,12.8,16,17.2,17.1,15.1,10.9,5.8,2.9
928,814,72,55,70,54,69,75,71,64,66,73,72,72,9.8,1.8,3.1,5.8,9,12.9,16,17.2,17.1,15.1,11,5.8,2.9
929,814,72,55,70,54,69,75,71,64,66,73,72,72,9.8,1.8,3.1,5.8,9,12.9,16,17.2,17.1,15.1,11,5.8,2.9
930,814,72,55,70,54,69,75,71,64,66,73,72,72,9.8,1.8,3.1,5.8,9,12.9,16,17.2,17.1,15.1,11,5.8,2.9
931,814,72,55,70,54,69,75,71,64,66,73,72,72,9.8,1.8,3.1,5.8,9,12.9,16,17.2,17.1,15.1,11,5.8,2.9
932,814,72,55,70,54,69,75,71,64,66,73,72,72,9.8,1.8,3.1,5.8,9,12.9,16,17.2,17.1,15.1,11,5.8,2.9
933,813,72,55,70,54,69,75,71,64,66,73,72,72,9.8,1.8,3.1,5.8,9,12.9,16,17.2,17.1,15.1,11,5.8,2.9
934,813,72,55,70,54,69,75,71,64,66,73,72,72,9.8,1.8,3.1,5.8,9,12.8,16,17.2,17.1,15.1,10.9,5.8,2.9
935,814,72,55,70,54,69,75,71,64,66,73,72,72,9.8,1.8,3.1,5.8,9,12.9,16,17.2,17.1,15.1,11,5.8,2.9
936,814,72,55,70,54,69,75,71,64,66,73,72,72,9.8,1.8,3.1,5.8,9,12.9,16,17.2,17.1,15.1,11,5.8,2.9
937,814,72,55,70,54,69,75,71,64,66,73,72,72,9.8,1.8,3.1,5.8,9,12.9,16,17.2,17.1,15.1,11,5.8,2.9
938,814,72,55,70,54,69,75,71,64,66,73,72,72,9.8,1.8,3.1,5.8,9,12.9,16,17.2,17.1,15.1,11,5.8,2.9
939,814,72,55,70,54,69,75,71,64,66,73,72,72,9.8,1.8,3.1,5.8,9,12.9,16,17.2,17.1,15.1,11,5.8,2.9
940,814,72,55,70,54,69,75,71,64,66,73,72,72,9.8,1.8,3.1,5.8,9,12.8,16,17.2,17.1,15.1,10.9,5.8,2.9
941,812,72,55,70,54,69,75,71,64,66,73,72,72,9.8,1.8,3.1,5.8,9,12.8,16,17.2,17.1,15.1,10.9,5.8,2.9
942,814,72,55,70,54,69,75,71,64,66,73,72,72,9.8,1.8,3.1,5.8,9,12.9,16,17.2,17.1,15.1,11,5.8,2.9
943,814,72,55,70,54,69,75,71,65,66,73,72,72,9.8,1.7,3.1,5.8,9,12.8,16,17.2,17.1,15.1,11,5.9,2.9
944,814,72,55,70,54,69,75,71,65,66,73,72,72,9.8,1.7,3.1,5.8,9,12.8,16,17.2,17.1,15.1,11,5.9,2.9
945,814,72,55,70,54,69,75,71,65,66,73,72,72,9.8,1.7,3.1,5.8,9,12.8,16,17.2,17.1,15.1,11,5.9,2.9
946,814,72,55,70,54,69,75,71,64,66,73,72,72,9.8,1.8,3.1,5.8,9,12.9,16,17.2,17.1,15.1,11,5.8,2.9
947,814,72,55,70,54,69,75,71,64,66,73,72,72,9.8,1.8,3.1,5.8,9,12.8,16,17.2,17.1,15.1,10.9,5.8,2.9
948,812,72,55,70,54,69,75,71,64,66,73,72,72,9.8,1.8,3.1,5.8,9,12.8,16,17.2,17.1,15.1,10.9,5.8,2.9
949,814,72,55,70,54,69,75,71,65,66,73,72,72,9.8,1.7,3.1,5.8,9,12.8,16,17.2,17.1,15.1,11,5.9,2.9
950,814,72,55,70,54,69,75,71,65,66,73,72,72,9.8,1.7,3.1,5.8,9,12.8,16,17.2,17.1,15.1,11,5.9,2.9
951,814,72,55,70,54,69,75,71,65,66,73,72,72,9.8,1.7,3.1,5.8,9,12.8,16,17.2,17.1,15.1,11,5.9,2.9
952,814,72,55,70,54,69,75,71,64,66,73,71,72,9.8,1.8,3.1,5.8,9,12.9,16.2,17.2,17.2,15.1,11,5.8,2.9
953,812,72,55,70,54,69,75,71,64,66,73,71,72,9.8,1.8,3.1,5.8,9,12.9,16.2,17.2,17.2,15.1,11,5.8,2.9
954,812,72,55,70,54,69,75,71,64,66,73,71,72,9.8,1.8,3.1,5.8,9,12.9,16.2,17.2,17.2,15.1,11,5.8,2.9
955,814,72,55,70,54,69,75,71,65,66,73,72,72,9.8,1.7,3.1,5.8,9,12.8,16,17.2,17.1,15.1,11,5.9,2.9
956,814,72,55,70,54,69,75,71,65,66,73,72,72,9.8,1.7,3.1,5.8,9,12.8,16,17.2,17.1,15.1,11,5.9,2.9
957,814,72,55,70,54,69,75,71,65,66,73,72,72,9.8,1.7,3.1,5.8,9,12.8,16,17.2,17.1,15.1,11,5.9,2.9
958,814,72,55,70,54,69,75,71,64,66,73,71,72,9.8,1.8,3.1,5.8,9,12.9,16.2,17.2,17.2,15.1,11,5.8,2.9
959,812,72,55,70,54,69,75,71,64,66,73,71,72,9.8,1.8,3.1,5.8,9,12.9,16.2,17.2,17.2,15.1,11,5.8,2.9
960,814,72,55,70,54,69,75,71,65,66,73,72,72,9.8,1.7,3.1,5.8,9,12.8,16,17.2,17.1,15.1,11,5.9,2.9
961,814,72,55,70,54,69,75,71,65,66,73,72,72,9.8,1.7,3.1,5.8,9,12.8,16,17.2,17.1,15.1,11,5.9,2.9
962,814,72,55,70,54,69,75,71,64,66,73,71,72,9.8,1.8,3.1,5.8,9,12.9,16.2,17.2,17.2,15.1,11,5.8,2.9
963,812,72,55,70,54,69,75,71,64,66,73,71,72,9.8,1.8,3.1,5.8,9,12.9,16.2,17.2,17.2,15.1,11,5.8,2.9
964,814,72,55,70,54,69,75,71,65,66,73,72,72,9.8,1.7,3.1,5.8,9,12.8,16,17.2,17.1,15.1,11,5.9,2.9
965,814,72,55,70,54,69,75,71,65,66,73,72,72,9.8,1.7,3.1,5.8,9,12.8,16,17.2,17.1,15.1,11,5.9,2.9
966,812,72,55,70,54,69,75,71,64,66,73,71,72,9.8,1.8,3.1,5.8,9,12.9,16.2,17.2,17.2,15.1,11,5.8,2.9
1003,785,66,53,66,51,63,71,70,64,64,72,73,72,10.2,2.2,3.6,6.1,9.5,13.2,16.2,17.5,17.5,15.6,11.4,6.4,3.5
1004,785,66,53,66,51,63,71,70,64,64,72,73,72,10.2,2.2,3.6,6.1,9.5,13.2,16.2,17.5,17.5,15.6,11.4,6.4,3.5
1005,785,66,53,66,51,63,71,70,64,64,72,73,72,10.2,2.2,3.6,6.1,9.5,13.2,16.2,17.5,17.5,15.6,11.4,6.4,3.5
1008,785,66,53,66,51,63,71,70,64,64,72,73,72,10.2,2.2,3.6,6.1,9.5,13.2,16.2,17.5,17.5,15.6,11.4,6.4,3.5
1009,785,66,53,66,51,63,71,70,64,64,72,73,72,10.2,2.2,3.6,6.1,9.5,13.2,16.2,17.5,17.5,15.6,11.4,6.4,3.5
1011,785,66,53,66,51,63,71,70,64,64,72,73,72,10.2,2.2,3.6,6.1,9.5,13.2,16.2,17.5,17.5,15.6,11.4,6.4,3.5
1018,785,66,52,66,51,62,71,69,64,64,72,73,72,10.2,2.2,3.7,6.2,9.4,13.1,16.3,17.6,17.5,15.7,11.5,6.5,3.5
1019,785,66,52,66,51,62,71,69,64,64,72,73,72,10.2,2.2,3.7,6.2,9.4,13.1,16.3,17.6,17.5,15.7,11.5,6.5,3.5
1022,785,66,53,66,51,63,71,70,64,64,72,73,72,10.2,2.2,3.6,6.1,9.5,13.2,16.2,17.5,17.5,15.6,11.4,6.4,3.5
1023,785,66,52,66,51,62,71,69,64,64,72,73,72,10.2,2.2,3.7,6.2,9.4,13.1,16.3,17.6,17.5,15.7,11.5,6.5,3.5
1024,785,66,53,66,51,63,71,70,64,64,72,73,72,10.2,2.2,3.6,6.1,9.5,13.2,16.2,17.5,17.5,15.6,11.4,6.4,3.5
1026,785,66,53,66,51,63,71,70,64,64,72,73,72,10.2,2.2,3.6,6.1,9.5,13.2,16.2,17.5,17.5,15.6,11.4,6.4,3.5
1027,785,66,53,66,51,63,71,70,64,64,72,73,72,10.2,2.2,3.6,6.1,9.5,13.2,16.2,17.5,17.5,15.6,11.4,6.4,3.5
1028,785,66,52,66,51,62,71,69,64,64,72,73,72,10.2,2.2,3.7,6.2,9.4,13.1,16.3,17.6,17.5,15.7,11.5,6.5,3.5
1029,782,66,52,66,51,62,71,69,64,64,72,73,72,10.3,2.2,3.7,6.2,9.4,13.1,16.3,17.6,17.5,15.7,11.5,6.5,3.5
1032,785,66,52,66,51,62,71,69,64,64,72,73,72,10.2,2.2,3.7,6.2,9.4,13.1,16.3,17.6,17.5,15.7,11.5,6.5,3.5
1035,779,66,52,66,51,62,71,69,64,64,72,73,72,10.3,2.2,3.7,6.2,9.4,13.1,16.3,17.6,17.5,15.7,11.5,6.5,3.5
1037,785,66,52,66,51,62,71,69,64,64,72,73,72,10.2,2.2,3.7,6.2,9.4,13.1,16.3,17.6,17.5,15.7,11.5,6.5,3.5
1041,785,66,53,66,51,63,71,70,64,64,72,73,72,10.2,2.2,3.6,6.1,9.5,13.2,16.2,17.5,17.5,15.6,11.4,6.4,3.5
1044,785,66,53,66,51,63,71,70,64,64,72,73,72,10.2,2.2,3.6,6.1,9.5,13.2,16.2,17.5,17.5,15.6,11.4,6.4,3.5
1046,785,66,53,66,51,63,71,70,64,64,72,73,72,10.2,2.2,3.6,6.1,9.5,13.2,16.2,17.5,17.5,15.6,11.4,6.4,3.5
1051,785,66,53,66,51,63,71,70,64,64,72,73,72,10.2,2.2,3.6,6.1,9.5,13.2,16.2,17.5,17.5,15.6,11.4,6.4,3.5
1052,785,66,53,66,51,63,71,70,64,64,72,73,72,10.2,2.2,3.6,6.1,9.5,13.2,16.2,17.5,17.5,15.6,11.4,6.4,3.5
1053,785,66,53,66,51,63,71,70,64,64,72,73,72,10.2,2.2,3.6,6.1,9.5,13.2,16.2,17.5,17.5,15.6,11.4,6.4,3.5
1058,785,66,52,66,51,62,71,69,64,64,72,73,72,10.2,2.2,3.7,6.2,9.4,13.1,16.3,17.6,17.5,15.7,11.5,6.5,3.5
1059,785,66,53,66,51,63,71,70,64,64,72,73,72,10.2,2.2,3.6,6.1,9.5,13.2,16.2,17.5,17.5,15.6,11.4,6.4,3.5
1060,785,66,53,66,51,63,71,70,64,64,72,73,72,10.2,2.2,3.6,6.1,9.5,13.2,16.2,17.5,17.5,15.6,11.4,6.4,3.5
1062,785,66,52,66,51,62,71,69,63,63,72,73,71,10.2,2.3,3.7,6.2,9.5,13.2,16.4,17.5,17.6,15.7,11.6,6.5,3.4
1063,785,66,53,66,51,63,71,70,64,64,72,73,72,10.2,2.2,3.6,6.1,9.5,13.2,16.2,17.5,17.5,15.6,11.4,6.4,3.5
1065,785,66,53,66,51,63,71,70,64,64,72,73,72,10.2,2.2,3.6,6.1,9.5,13.2,16.2,17.6,17.5,15.7,11.5,6.4,3.4
1101,797,72,51,69,50,63,73,71,64,68,75,69,72,9.8,2.1,3.1,5.5,8.6,12.7,15.8,17.2,17.1,14.8,11,6.1,3.1
1102,797,72,51,69,50,63,73,71,64,68,75,69,72,9.8,2.1,3.1,5.5,8.6,12.7,15.8,17.2,17.1,14.8,11,6.1,3.1
1103,797,72,51,69,50,63,73,71,64,68,75,69,72,9.8,2.1,3.1,5.5,8.6,12.7,15.8,17.2,17.1,14.8,11,6.1,3.1
1104,797,72,51,69,50,63,73,71,64,68,75,69,72,9.8,2.1,3.1,5.5,8.6,12.7,15.8,17.2,17.1,14.8,11,6.1,3.1
1105,796,72,51,69,50,63,73,71,64,68,75,69,72,9.8,2.1,3.1,5.5,8.6,12.7,15.8,17.2,17.1,14.8,11,6.1,3.1
1106,797,72,51,69,50,63,73,71,64,68,75,69,72,9.8,2.1,3.1,5.5,8.6,12.7,15.8,17.2,17.1,14.8,11,6.1,3.1
1107,797,72,51,69,50,63,73,71,64,68,75,69,72,9.8,2.1,3.1,5.5,8.6,12.7,15.8,17.2,17.1,14.8,11,6.1,3.1
1108,797,72,51,69,50,63,73,71,64,68,75,69,72,9.8,2.1,3.1,5.5,8.6,12.7,15.8,17.2,17.1,14.8,11,6.1,3.1
1109,796,72,51,69,50,63,73,71,64,68,75,69,72,9.8,2.1,3.1,5.5,8.6,12.7,15.8,17.2,17.1,14.8,11,6.1,3.1
1110,797,72,51,69,50,63,73,71,64,68,75,69,72,9.8,2.1,3.1,5.5,8.6,12.7,15.8,17.2,17.1,14.8,11,6.1,3.1
1111,797,72,51,69,50,63,73,71,64,68,75,69,72,9.8,2.1,3.1,5.5,8.7,12.7,15.8,17.2,17.1,14.7,10.9,6.1,3.2
1112,797,72,51,69,50,63,73,71,64,68,75,69,72,9.8,2.1,3.1,5.5,8.7,12.7,15.8,17.2,17.1,14.7,10.9,6.1,3.2
1113,797,72,51,69,50,63,73,71,64,68,75,69,72,9.8,2.1,3.1,5.5,8.6,12.7,15.8,17.2,17.1,14.8,11,6.1,3.1
1114,797,72,51,69,50,63,73,71,64,68,75,69,72,9.8,2.1,3.1,5.5,8.6,12.7,15.8,17.2,17.1,14.8,11,6.1,3.1
1115,797,72,51,69,50,63,73,71,64,68,75,69,72,9.8,2.1,3.1,5.5,8.7,12.7,15.8,17.2,17.1,14.7,10.9,6.1,3.2
1116,797,72,51,69,50,63,73,71,64,68,75,69,72,9.8,2.1,3.1,5.5,8.6,12.7,15.8,17.2,17.1,14.8,11,6.1,3.1
1117,797,72,51,69,50,63,73,71,64,68,75,69,72,9.8,2.1,3.1,5.5,8.6,12.7,15.8,17.2,17.1,14.8,11,6.1,3.1
1118,797,72,51,69,50,63,73,71,64,68,75,69,72,9.8,2.1,3.1,5.5,8.7,12.7,15.8,17.2,17.1,14.7,10.9,6.1,3.2
1119,797,72,51,69,50,63,73,71,64,68,75,69,72,9.8,2.1,3.1,5.5,8.6,12.7,15.8,17.2,17.1,14.8,11,6.1,3.1
1120,797,72,51,69,50,63,73,71,64,68,75,69,72,9.8,2.1,3.1,5.5,8.6,12.7,15.8,17.2,17.1,14.8,11,6.1,3.1
1121,797,72,51,69,50,63,73,71,64,68,75,69,72,9.8,2.1,3.1,5.5,8.7,12.7,15.8,17.2,17.1,14.7,10.9,6.1,3.2
1122,797,72,51,69,50,63,73,71,64,68,75,69,72,9.8,2.1,3.1,5.5,8.6,12.7,15.8,17.2,17.1,14.8,11,6.1,3.1
1123,797,72,51,69,50,63,73,71,64,68,75,69,72,9.8,2.1,3.1,5.5,8.6,12.7,15.8,17.2,17.1,14.8,11,6.1,3.1
1124,797,72,51,69,50,63,73,71,64,68,75,69,72,9.8,2.1,3.1,5.5,8.7,12.7,15.8,17.2,17.1,14.7,10.9,6.1,3.2
1125,797,72,51,69,50,63,73,71,64,68,75,69,72,9.8,2.1,3.1,5.5,8.7,12.7,15.8,17.2,17.1,14.7,10.9,6.1,3.2
1126,797,72,51,69,50,63,73,71,64,68,75,69,72,9.8,2.1,3.1,5.5,8.6,12.7,15.8,17.2,17.1,14.8,11,6.1,3.1
1127,797,72,51,69,50,63,73,71,64,68,75,69,72,9.8,2.1,3.1,5.5,8.6,12.7,15.8,17.2,17.1,14.8,11,6.1,3.1
1128,797,72,51,69,50,63,73,71,64,68,75,69,72,9.8,2.1,3.1,5.5,8.6,12.7,15.8,17.2,17.1,14.8,11,6.1,3.1
1129,797,72,51,69,50,63,73,71,64,68,75,69,72,9.8,2.1,3.1,5.5,8.7,12.7,15.8,17.2,17.1,14.7,10.9,6.1,3.2
1130,797,72,51,69,50,63,73,71,64,68,75,69,72,9.8,2.1,3.1,5.5,8.7,12.7,15.8,17.2,17.1,14.7,10.9,6.1,3.2
1131,797,72,51,69,50,63,73,71,64,68,75,69,72,9.8,2.1,3.1,5.5,8.6,12.7,15.8,17.2,17.1,14.8,11,6.1,3.1
1132,796,72,51,69,50,63,73,71,64,68,74,69,72,9.8,2.2,3.1,5.5,8.7,12.8,15.8,17.2,17.1,14.7,10.9,6,3.2
1133,796,72,51,69,50,63,73,71,64,68,74,69,72,9.8,2.2,3.1,5.5,8.7,12.8,15.8,17.2,17.1,14.7,10.9,6,3.2
1134,796,72,51,69,50,63,73,71,64,68,74,69,72,9.8,2.2,3.1,5.5,8.7,12.8,15.8,17.2,17.1,14.7,10.9,6,3.2
1135,796,72,51,69,50,63,73,71,64,68,74,69,72,9.8,2.2,3.1,5.5,8.7,12.8,15.8,17.2,17.1,14.7,10.9,6,3.2
1136,796,72,51,69,50,63,73,71,64,68,74,69,72,9.8,2.2,3.1,5.5,8.7,12.8,15.8,17.2,17.1,14.7,10.9,6,3.1
1137,796,72,51,69,50,63,73,71,64,68,74,69,72,9.8,2.2,3.1,5.5,8.7,12.8,15.8,17.2,17.1,14.7,10.9,6,3.1
1138,796,72,51,69,50,63,73,71,64,68,74,69,72,9.8,2.2,3.1,5.5,8.7,12.8,15.8,17.2,17.1,14.7,10.9,6,3.1
1139,796,72,51,69,50,63,73,71,64,68,74,69,72,9.8,2.2,3.1,5.5,8.7,12.8,15.8,17.2,17.1,14.7,10.9,6,3.1
1140,796,72,51,69,50,63,73,71,64,68,74,69,72,9.8,2.2,3.1,5.5,8.7,12.8,15.8,17.2,17.1,14.7,10.9,6,3.1
1141,796,72,51,69,50,63,73,71,64,68,74,69,72,9.8,2.2,3.1,5.5,8.7,12.8,15.8,17.2,17.1,14.7,10.9,6,3.1
1142,797,72,51,69,50,63,73,71,64,68,74,69,72,9.8,2.2,3.1,5.5,8.7,12.8,15.8,17.2,17.1,14.7,10.9,6,3.1
1143,797,72,51,69,50,63,73,71,64,68,74,69,72,9.8,2.2,3.1,5.5,8.7,12.8,15.8,17.2,17.1,14.7,10.9,6,3.1
1144,796,72,51,69,50,63,73,71,64,68,74,69,72,9.8,2.2,3.1,5.5,8.7,12.8,15.8,17.2,17.1,14.7,10.9,6,3.2
1145,796,72,51,69,50,63,73,71,64,68,74,69,72,9.8,2.2,3.1,5.5,8.7,12.8,15.8,17.2,17.1,14.7,10.9,6,3.1
1146,797,72,51,69,50,63,73,71,64,68,74,69,72,9.8,2.2,3.1,5.5,8.7,12.8,15.8,17.2,17.1,14.7,10.9,6,3.1
1147,797,72,51,69,50,63,73,71,64,68,74,69,72,9.8,2.2,3.1,5.5,8.7,12.8,15.8,17.2,17.1,14.7,10.9,6,3.1
1148,797,72,51,69,50,63,73,71,64,68,74,69,72,9.8,2.2,3.1,5.5,8.7,12.8,15.8,17.2,17.1,14.7,10.9,6,3.1
1149,796,72,51,69,50,63,73,71,64,68,74,69,72,9.8,2.2,3.1,5.5,8.6,12.8,15.8,17.2,17.1,14.7,10.9,6,3.2
1150,796,72,51,69,50,63,73,71,64,68,75,69,72,9.8,2.1,3.1,5.5,8.6,12.7,15.8,17.2,17.1,14.8,11,6.1,3.1
1151,796,72,51,69,50,63,73,71,64,68,75,69,72,9.8,2.1,3.1,5.5,8.6,12.7,15.8,17.2,17.1,14.8,11,6.1,3.1
1152,797,72,51,69,50,63,73,71,64,68,75,69,72,9.8,2.1,3.1,5.5,8.6,12.7,15.8,17.2,17.1,14.8,11,6.1,3.1
1153,797,72,51,69,50,63,73,71,64,68,75,69,72,9.8,2.1,3.1,5.5,8.6,12.7,15.8,17.2,17.1,14.8,11,6.1,3.1
1154,797,72,51,69,50,63,73,71,64,68,75,69,72,9.8,2.1,3.1,5.5,8.6,12.7,15.8,17.2,17.1,14.8,11,6.1,3.1
1155,797,72,51,69,50,63,73,71,64,68,75,69,72,9.8,2.1,3.1,5.5,8.6,12.7,15.8,17.2,17.1,14.8,11,6.1,3.1
1156,796,72,51,69,50,63,73,71,64,68,74,69,72,9.8,2.2,3.1,5.5,8.6,12.8,15.8,17.2,17.1,14.7,10.9,6,3.2
1157,796,72,51,69,50,63,73,71,64,68,75,69,72,9.8,2.1,3.1,5.5,8.6,12.7,15.8,17.2,17.1,14.8,11,6.1,3.1
1158,796,72,51,69,50,63,73,71,64,68,75,69,72,9.8,2.1,3.1,5.5,8.6,12.7,15.8,17.2,17.1,14.8,11,6.1,3.1
1159,797,72,51,69,50,63,73,71,64,68,75,69,72,9.8,2.1,3.1,5.5,8.6,12.7,15.8,17.2,17.1,14.8,11,6.1,3.1
1160,797,72,51,69,50,63,73,71,64,68,75,69,72,9.8,2.1,3.1,5.5,8.6,12.7,15.8,17.2,17.1,14.8,11,6.1,3.1
1161,797,72,51,69,50,63,73,71,64,68,75,69,72,9.8,2.1,3.1,5.5,8.6,12.7,15.8,17.2,17.1,14.8,11,6.1,3.1
1162,796,72,51,69,50,63,73,71,64,68,75,69,72,9.8,2.1,3.1,5.5,8.6,12.7,15.8,17.2,17.1,14.8,11,6.1,3.1
1163,796,72,51,69,50,63,73,71,64,68,75,69,72,9.8,2.1,3.1,5.5,8.6,12.7,15.8,17.2,17.1,14.8,11,6.1,3.1
1164,797,72,51,69,50,63,73,71,64,68,75,69,72,9.8,2.1,3.1,5.5,8.6,12.7,15.8,17.2,17.1,14.8,11,6.1,3.1
1165,796,72,51,69,50,63,73,71,64,68,74,69,72,9.8,2.2,3.1,5.5,8.7,12.8,15.8,17.2,17.1,14.7,10.9,6,3.1
1166,796,72,51,69,50,63,73,71,64,68,74,69,72,9.8,2.2,3.1,5.5,8.7,12.8,15.8,17.2,17.1,14.7,10.9,6,3.1
1167,796,72,51,69,50,63,73,71,64,68,74,69,72,9.8,2.2,3.1,5.5,8.7,12.8,15.8,17.2,17.1,14.7,10.9,6,3.1
1168,796,72,51,69,50,63,73,71,64,68,74,69,72,9.8,2.2,3.1,5.5,8.7,12.8,15.8,17.2,17.1,14.7,10.9,6,3.1
1169,797,72,51,69,50,63,73,71,64,68,74,69,72,9.8,2.2,3.1,5.5,8.7,12.8,15.8,17.2,17.1,14.7,10.9,6,3.1
1170,797,72,50,69,50,63,72,71,64,68,75,69,71,9.8,2.2,3.1,5.5,8.7,12.8,15.8,17.2,17.1,14.8,10.9,6,3.1
1171,797,72,51,69,50,63,73,71,64,68,75,69,72,9.8,2.1,3.1,5.5,8.6,12.7,15.8,17.2,17.1,14.8,11,6.1,3.1
1172,797,72,51,69,50,63,73,71,64,68,75,69,72,9.8,2.1,3.1,5.5,8.7,12.7,15.8,17.2,17.1,14.7,10.9,6.1,3.2
1173,797,72,51,69,50,63,73,71,64,68,75,69,72,9.8,2.1,3.1,5.5,8.6,12.7,15.8,17.2,17.1,14.8,11,6.1,3.1
1174,797,72,51,69,50,63,73,71,64,68,75,69,72,9.8,2.1,3.1,5.5,8.7,12.7,15.8,17.2,17.1,14.7,10.9,6.1,3.2
1175,797,72,51,69,50,63,73,71,64,68,75,69,72,9.8,2.1,3.1,5.5,8.7,12.7,15.8,17.2,17.1,14.7,10.9,6.1,3.2
1176,797,72,51,69,50,63,73,71,64,68,75,69,72,9.8,2.1,3.1,5.5,8.6,12.7,15.8,17.2,17.1,14.8,11,6.1,3.1
1177,797,72,51,69,50,63,73,71,64,68,75,69,72,9.8,2.1,3.1,5.5,8.7,12.7,15.8,17.2,17.1,14.7,10.9,6.1,3.2
1178,796,72,50,69,50,63,72,71,64,68,75,69,71,9.8,2.2,3.1,5.5,8.7,12.8,15.8,17.2,17.1,14.8,10.9,6,3.1
1201,781,71,49,70,49,63,70,68,61,67,76,68,69,10,2.3,3.3,5.9,8.9,12.9,16,17.3,17.3,15.2,11.4,6.4,3.3
1202,781,71,49,70,49,63,70,68,61,67,76,68,69,10,2.3,3.3,5.9,8.9,12.9,16,17.3,17.3,15.2,11.4,6.4,3.3
1203,781,71,49,70,49,63,70,68,61,67,76,68,69,10,2.3,3.3,5.9,8.9,12.9,16,17.3,17.3,15.2,11.4,6.4,3.3
1204,781,71,49,70,49,63,70,68,61,67,76,68,69,10,2.3,3.3,5.9,8.9,12.9,16,17.3,17.3,15.2,11.4,6.4,3.3
1205,781,71,49,70,49,63,70,68,61,67,76,68,69,10,2.3,3.3,5.9,8.9,12.9,16,17.3,17.3,15.2,11.4,6.4,3.3
1206,781,71,49,70,49,63,70,68,61,67,76,68,69,10,2.3,3.3,5.9,8.9,12.9,16,17.3,17.3,15.2,11.4,6.4,3.3
1207,781,71,49,70,49,63,70,68,61,67,76,68,69,10,2.3,3.3,5.9,8.9,12.9,16,17.3,17.3,15.2,11.4,6.4,3.3
1208,781,71,49,70,49,63,70,68,61,67,76,68,69,10,2.3,3.3,5.9,8.9,12.9,16,17.3,17.3,15.2,11.4,6.4,3.3
1209,781,71,49,70,49,63,70,68,61,67,76,68,69,10,2.3,3.3,5.9,8.9,12.9,16,17.3,17.3,15.2,11.4,6.4,3.3
1210,781,71,50,70,50,63,70,68,61,67,76,69,70,10,2.3,3.3,5.8,8.9,12.9,16,17.3,17.3,15.2,11.4,6.4,3.3
1211,781,71,50,70,50,63,70,68,61,67,76,69,70,10,2.3,3.3,5.8,8.9,12.9,16,17.3,17.3,15.2,11.4,6.4,3.3
1212,785,71,50,70,50,63,70,68,61,67,76,69,70,10,2.3,3.3,5.8,8.9,12.9,16,17.3,17.3,15.2,11.4,6.4,3.3
1213,785,71,50,70,50,63,70,68,61,67,76,69,70,10,2.3,3.3,5.8,8.9,12.9,16,17.3,17.3,15.2,11.4,6.4,3.3
1214,781,71,50,70,50,63,70,68,61,67,76,69,70,10,2.3,3.3,5.8,8.9,12.9,16,17.3,17.3,15.2,11.4,6.4,3.3
1215,781,71,50,70,50,63,70,68,61,67,76,69,70,10,2.3,3.3,5.8,8.9,12.9,16,17.3,17.3,15.2,11.4,6.4,3.3
1216,781,71,50,70,50,63,70,68,61,67,76,69,70,10,2.3,3.3,5.8,8.9,12.9,16,17.3,17.3,15.2,11.4,6.4,3.3
1217,781,71,50,70,50,63,70,68,61,67,76,69,70,10,2.3,3.3,5.8,8.9,12.9,16,17.3,17.3,15.2,11.4,6.4,3.3
1218,781,71,50,70,50,63,70,68,61,67,76,69,70,10,2.3,3.3,5.8,8.9,12.9,16,17.3,17.3,15.2,11.4,6.4,3.3
1219,781,71,50,70,50,63,70,68,61,67,76,69,70,10,2.3,3.3,5.8,8.9,12.9,16,17.3,17.3,15.2,11.4,6.4,3.3
1220,781,71,49,70,49,63,70,68,61,67,76,68,69,10,2.3,3.3,5.9,8.9,12.9,16,17.3,17.3,15.2,11.4,6.4,3.3
1221,781,71,50,70,50,63,70,68,61,67,76,69,70,10,2.3,3.3,5.8,8.9,12.9,16,17.3,17.3,15.2,11.4,6.4,3.3
1222,781,71,49,70,49,63,70,68,61,67,76,68,69,10,2.3,3.3,5.9,8.9,12.9,16,17.3,17.3,15.2,11.4,6.4,3.3
1223,781,71,49,70,49,63,70,68,61,67,76,68,69,10,2.3,3.3,5.9,8.9,12.9,16,17.3,17.3,15.2,11.4,6.4,3.3
1224,781,71,49,70,49,63,70,68,61,67,76,68,69,10,2.3,3.3,5.9,8.9,12.9,16,17.3,17.3,15.2,11.4,6.4,3.3
1225,781,71,49,70,49,63,70,68,61,67,76,68,69,10,2.3,3.3,5.9,8.9,12.9,16,17.3,17.3,15.2,11.4,6.4,3.3
1226,781,71,49,70,49,63,70,68,61,67,76,68,69,10,2.3,3.3,5.9,8.9,12.9,16,17.3,17.3,15.2,11.4,6.4,3.3
1227,781,71,49,70,49,63,70,68,61,67,76,68,69,10,2.3,3.3,5.9,8.9,12.9,16,17.3,17.3,15.2,11.4,6.4,3.3
1228,781,71,49,70,49,63,70,68,61,67,76,69,69,10,2.3,3.3,5.8,8.9,12.9,16,17.3,17.3,15.2,11.4,6.4,3.3
1229,782,71,49,70,49,63,70,68,61,67,76,69,69,10,2.3,3.3,5.8,8.9,12.9,16,17.3,17.3,15.2,11.4,6.4,3.3
1230,781,71,49,70,49,63,70,68,61,67,76,69,69,10,2.3,3.3,5.8,8.9,12.9,16,17.3,17.3,15.2,11.4,6.4,3.3
1231,781,71,49,70,49,63,70,68,61,67,76,69,69,10,2.3,3.3,5.8,8.9,12.9,16,17.3,17.3,15.2,11.4,6.4,3.3
1232,782,71,49,70,49,63,70,68,61,67,76,69,69,10,2.3,3.3,5.8,8.9,12.9,16,17.3,17.3,15.2,11.4,6.4,3.3
1233,781,71,49,70,49,63,70,68,61,67,76,68,69,10,2.3,3.3,5.9,8.9,12.9,16,17.3,17.3,15.2,11.4,6.4,3.3
1234,781,71,49,70,49,63,70,68,61,67,76,68,69,10,2.3,3.3,5.9,8.9,12.9,16,17.3,17.3,15.2,11.4,6.4,3.3
1235,781,71,49,70,49,63,70,68,61,67,76,68,69,10,2.3,3.3,5.9,8.9,12.9,16,17.3,17.3,15.2,11.4,6.4,3.3
1236,781,71,49,70,49,63,70,68,61,67,76,68,69,10,2.3,3.3,5.9,8.9,12.9,16,17.3,17.3,15.2,11.4,6.4,3.3
1237,781,71,49,70,49,63,70,68,61,67,76,68,69,10,2.3,3.3,5.9,8.9,12.9,16,17.3,17.3,15.2,11.4,6.4,3.3
1238,781,71,49,70,49,63,70,68,61,67,76,68,69,10,2.3,3.3,5.9,8.9,12.9,16,17.3,17.3,15.2,11.4,6.4,3.3
1239,781,71,49,70,49,63,70,68,61,67,76,68,69,10,2.3,3.3,5.9,8.9,12.9,16,17.3,17.3,15.2,11.4,6.4,3.3
1240,781,71,49,70,49,63,70,68,61,67,76,68,69,10,2.3,3.3,5.9,8.9,12.9,16,17.3,17.3,15.2,11.4,6.4,3.3
1241,781,71,49,70,49,63,70,68,61,67,76,68,69,10,2.3,3.3,5.9,8.9,12.9,16,17.3,17.3,15.2,11.4,6.4,3.3
1242,781,71,50,70,50,63,70,68,61,67,76,69,70,10,2.3,3.3,5.8,8.9,12.9,16,17.3,17.3,15.2,11.4,6.4,3.3
1243,781,71,49,70,49,63,70,68,61,67,76,69,69,10,2.3,3.3,5.8,8.9,12.9,16,17.3,17.3,15.2,11.4,6.4,3.3
1244,781,71,49,70,49,63,70,68,61,67,76,68,69,10,2.3,3.3,5.9,8.9,12.9,16,17.3,17.3,15.2,11.4,6.4,3.3
1245,781,71,49,70,49,63,70,68,61,67,76,68,69,10,2.3,3.3,5.9,8.9,12.9,16,17.3,17.3,15.2,11.4,6.4,3.3
1246,781,71,49,70,49,63,70,68,61,67,76,68,69,10,2.3,3.3,5.9,8.9,12.9,16,17.3,17.3,15.2,11.4,6.4,3.3
1301,768,63,53,60,49,58,67,69,67,64,72,75,71,10,2.3,3.3,5.9,8.9,12.6,15.6,17.1,17.2,15.2,11.2,6.5,3.6
1302,768,63,53,60,49,58,67,69,67,64,72,75,71,10,2.3,3.3,5.9,8.9,12.6,15.6,17.1,17.2,15.2,11.2,6.5,3.6
1303,768,63,53,60,49,58,67,69,67,64,72,75,71,10,2.3,3.3,5.9,8.9,12.6,15.6,17.1,17.2,15.2,11.2,6.5,3.6
1304,768,63,53,60,49,58,67,69,67,64,72,75,71,10,2.3,3.3,5.9,8.9,12.6,15.6,17.1,17.2,15.2,11.2,6.5,3.6
1305,768,63,53,60,49,58,67,69,67,64,72,75,71,10,2.3,3.3,5.9,8.9,12.6,15.6,17.1,17.2,15.2,11.2,6.5,3.6
1306,768,63,53,60,49,58,67,69,67,64,72,75,71,10,2.3,3.3,5.9,8.9,12.6,15.6,17.1,17.2,15.2,11.2,6.5,3.6
1307,768,63,53,60,49,58,67,69,67,64,72,75,71,10,2.3,3.3,5.9,8.9,12.6,15.6,17.1,17.2,15.2,11.2,6.5,3.6
1308,768,63,53,60,49,58,67,69,67,64,72,75,71,10,2.3,3.3,5.9,8.9,12.6,15.6,17.1,17.2,15.2,11.2,6.5,3.6
1309,768,63,53,60,49,58,67,69,67,64,72,75,71,10,2.3,3.3,5.9,8.9,12.6,15.6,17.1,17.2,15.2,11.2,6.5,3.6
1310,768,63,53,60,49,58,67,69,67,64,72,75,71,10,2.3,3.3,5.9,8.9,12.6,15.6,17.1,17.2,15.2,11.2,6.5,3.6
1311,771,63,52,60,48,58,67,68,67,64,72,75,71,9.9,2.3,3.3,5.9,9,12.7,15.7,17.2,17.3,15.3,11.2,6.5,3.6
1312,765,61,51,58,47,57,66,67,65,63,71,73,68,10,2.5,3.6,6.1,9.2,12.9,15.9,17.4,17.5,15.4,11.5,6.8,3.8
1313,765,63,52,60,48,58,67,68,67,64,72,75,71,10,2.3,3.3,5.9,9,12.7,15.7,17.2,17.3,15.3,11.2,6.5,3.6
1314,765,63,52,60,48,58,67,68,67,64,72,75,71,10,2.3,3.3,5.9,9,12.7,15.7,17.2,17.3,15.3,11.2,6.5,3.6
1315,765,63,52,60,48,58,67,68,67,64,72,75,71,10,2.3,3.3,5.9,9,12.7,15.7,17.2,17.3,15.3,11.2,6.5,3.6
1316,765,63,52,60,48,58,67,68,67,64,72,75,71,10,2.3,3.3,5.9,9,12.7,15.7,17.2,17.3,15.3,11.2,6.5,3.6
1317,765,63,52,60,48,58,67,68,67,64,72,75,71,10,2.3,3.3,5.9,9,12.7,15.7,17.2,17.3,15.3,11.2,6.5,3.6
1318,765,61,51,58,47,57,66,67,65,63,71,73,68,10,2.5,3.6,6.1,9.2,12.9,15.9,17.4,17.5,15.4,11.5,6.8,3.8
1319,765,63,52,60,48,58,67,68,67,64,72,75,71,10,2.3,3.3,5.9,9,12.7,15.7,17.2,17.3,15.3,11.2,6.5,3.6
1320,765,63,52,60,48,58,67,68,67,64,72,75,71,10,2.3,3.3,5.9,9,12.7,15.7,17.2,17.3,15.3,11.2,6.5,3.6
1321,765,63,52,60,48,58,67,68,67,64,72,75,71,10,2.3,3.3,5.9,9,12.7,15.7,17.2,17.3,15.3,11.2,6.5,3.6
1322,765,63,52,60,48,58,67,68,67,64,72,75,71,10,2.3,3.3,5.9,9,12.7,15.7,17.2,17.3,15.3,11.2,6.5,3.6
1323,765,63,52,60,48,58,67,68,67,64,72,75,71,10,2.3,3.3,5.9,9,12.7,15.7,17.2,17.3,15.3,11.2,6.5,3.6
1324,765,63,52,60,48,58,67,68,67,64,72,75,71,10,2.3,3.3,5.9,9,12.7,15.7,17.2,17.3,15.3,11.2,6.5,3.6
1325,765,63,52,60,48,58,67,68,67,64,72,75,71,10,2.3,3.3,5.9,9,12.7,15.7,17.2,17.3,15.3,11.2,6.5,3.6
1326,765,63,52,60,48,58,67,68,67,64,72,75,71,10,2.3,3.3,5.9,9,12.7,15.7,17.2,17.3,15.3,11.2,6.5,3.6
1327,765,63,52,60,48,58,67,68,67,64,72,75,71,10,2.3,3.3,5.9,9,12.7,15.7,17.2,17.3,15.3,11.2,6.5,3.6
1328,765,63,52,60,48,58,67,68,67,64,72,75,71,10,2.3,3.3,5.9,9,12.7,15.7,17.2,17.3,15.3,11.2,6.5,3.6
1329,767,63,52,60,48,58,67,68,67,64,72,75,71,10,2.3,3.3,5.9,9,12.7,15.7,17.2,17.3,15.3,11.2,6.5,3.6
1330,765,63,52,60,48,58,67,68,67,64,72,75,71,10,2.3,3.3,5.9,9,12.7,15.7,17.2,17.3,15.3,11.2,6.5,3.6
1331,765,63,52,60,48,58,67,68,67,64,72,75,71,10,2.3,3.3,5.9,9,12.7,15.7,17.2,17.3,15.3,11.2,6.5,3.6
1332,765,63,52,60,48,58,67,68,67,64,72,75,71,10,2.3,3.3,5.9,9,12.7,15.7,17.2,17.3,15.3,11.2,6.5,3.6
1333,765,63,52,60,48,58,67,68,67,64,72,75,71,10,2.3,3.3,5.9,9,12.7,15.7,17.2,17.3,15.3,11.2,6.5,3.6
1334,767,63,52,60,48,58,67,68,67,64,72,75,71,10,2.3,3.3,5.9,9,12.7,15.7,17.2,17.3,15.3,11.2,6.5,3.6
1335,765,61,50,58,47,57,66,67,65,63,71,73,68,10,2.6,3.6,6.1,9.2,12.9,15.9,17.4,17.5,15.5,11.4,6.8,3.8
1336,765,61,50,58,47,57,66,67,65,63,71,73,68,10,2.6,3.6,6.1,9.2,12.9,15.9,17.4,17.5,15.5,11.4,6.8,3.8
1337,765,63,52,60,48,58,67,68,67,64,72,75,71,10,2.3,3.3,5.9,9,12.7,15.7,17.2,17.3,15.3,11.2,6.5,3.6
1338,767,63,52,60,48,58,67,68,67,64,72,75,71,10,2.3,3.3,5.9,9,12.7,15.7,17.2,17.3,15.3,11.2,6.5,3.6
1339,767,63,52,60,49,58,67,69,67,64,72,75,71,10,2.3,3.3,6,9,12.7,15.6,17.2,17.2,15.3,11.3,6.4,3.6
1340,746,61,50,58,47,57,66,67,65,63,71,73,68,10.2,2.6,3.6,6.1,9.2,12.9,15.9,17.4,17.5,15.5,11.4,6.8,3.8
1341,746,61,50,58,47,57,66,67,65,63,71,73,68,10.2,2.6,3.6,6.1,9.2,12.9,15.9,17.4,17.5,15.5,11.4,6.8,3.8
1342,765,61,50,58,47,57,66,67,65,63,71,73,68,10,2.6,3.6,6.1,9.2,12.9,15.9,17.4,17.5,15.5,11.4,6.8,3.8
1343,767,63,52,60,48,58,67,68,67,64,72,75,71,10,2.3,3.3,5.9,9,12.7,15.7,17.2,17.3,15.3,11.2,6.5,3.6
1344,767,63,52,60,48,58,67,68,67,64,72,75,71,10,2.3,3.3,5.9,9,12.7,15.7,17.2,17.3,15.3,11.2,6.5,3.6
1345,746,61,50,58,47,57,66,67,65,63,71,73,68,10.2,2.6,3.6,6.1,9.2,12.9,15.9,17.4,17.5,15.5,11.4,6.8,3.8
1346,746,61,50,58,47,57,66,67,65,63,71,73,68,10.2,2.6,3.6,6.1,9.2,12.9,15.9,17.4,17.5,15.5,11.4,6.8,3.8
1347,767,61,50,58,47,57,66,67,65,63,71,73,68,10,2.6,3.6,6.1,9.2,12.9,15.9,17.4,17.5,15.5,11.4,6.8,3.8
1348,746,61,50,58,47,57,66,67,65,63,71,73,68,10.2,2.6,3.6,6.1,9.2,12.9,15.9,17.4,17.5,15.5,11.4,6.8,3.8
1349,746,61,50,58,47,57,66,67,65,63,71,73,68,10.2,2.6,3.6,6.1,9.2,12.9,15.9,17.4,17.5,15.5,11.4,6.8,3.8
1350,746,61,50,58,47,57,66,67,65,63,71,73,68,10.2,2.6,3.6,6.1,9.2,12.9,15.9,17.4,17.5,15.5,11.4,6.8,3.8
1351,746,61,50,58,47,57,66,67,65,63,71,73,68,10.2,2.6,3.6,6.1,9.2,12.9,15.9,17.4,17.5,15.5,11.4,6.8,3.8
1352,749,61,50,58,47,57,66,67,65,63,71,73,68,10.2,2.6,3.6,6.1,9.2,12.9,15.9,17.4,17.5,15.5,11.4,6.8,3.8
1353,749,61,50,58,47,57,66,67,65,63,71,73,68,10.2,2.6,3.6,6.1,9.2,12.9,15.9,17.4,17.5,15.5,11.4,6.8,3.8
1354,746,61,50,58,47,57,66,67,65,63,71,73,68,10.2,2.6,3.6,6.1,9.2,12.9,15.9,17.4,17.5,15.5,11.4,6.8,3.8
1355,746,61,50,58,47,57,66,67,65,63,71,73,68,10.2,2.6,3.6,6.1,9.2,12.9,15.9,17.4,17.5,15.5,11.4,6.8,3.8
1356,749,61,50,58,47,57,66,67,65,63,71,73,68,10.2,2.6,3.6,6.1,9.2,12.9,15.9,17.4,17.5,15.5,11.4,6.8,3.8
1357,749,61,50,58,47,57,66,67,65,63,71,73,68,10.2,2.6,3.6,6.1,9.2,12.9,15.9,17.4,17.5,15.5,11.4,6.8,3.8
1358,749,61,51,58,47,57,66,67,66,63,71,73,69,10.2,2.5,3.6,6.1,9.2,12.9,15.9,17.4,17.5,15.5,11.5,6.8,3.8
1359,749,61,50,58,47,57,66,67,65,63,71,73,68,10.2,2.6,3.6,6.1,9.2,12.9,15.9,17.4,17.5,15.5,11.4,6.8,3.8
1360,749,61,50,58,47,57,66,67,65,63,71,73,68,10.2,2.6,3.6,6.1,9.2,12.9,15.9,17.4,17.5,15.5,11.4,6.8,3.8
1361,749,61,51,58,47,57,66,67,66,63,71,73,69,10.2,2.5,3.6,6.1,9.2,12.9,15.9,17.4,17.5,15.5,11.5,6.8,3.8
1362,749,61,51,58,47,57,66,67,66,63,71,73,69,10.2,2.5,3.6,6.1,9.2,12.9,15.9,17.4,17.5,15.5,11.5,6.8,3.8
1363,749,61,50,58,47,57,66,67,65,63,71,73,68,10.2,2.6,3.6,6.1,9.2,12.9,15.9,17.4,17.5,15.5,11.4,6.8,3.8
1364,749,61,51,58,47,57,66,67,66,63,71,73,69,10.2,2.5,3.6,6.1,9.2,12.9,15.9,17.4,17.5,15.5,11.5,6.8,3.8
1365,749,61,51,58,47,57,66,67,66,63,71,73,69,10.2,2.5,3.6,6.1,9.2,12.9,15.9,17.4,17.5,15.5,11.5,6.8,3.8
1366,749,61,51,58,47,57,66,67,66,63,71,73,69,10.2,2.5,3.6,6.1,9.2,12.9,15.9,17.4,17.5,15.5,11.5,6.8,3.8
1367,749,61,51,58,47,57,66,67,66,63,71,73,69,10.2,2.5,3.6,6.1,9.2,12.9,15.9,17.4,17.5,15.5,11.5,6.8,3.8
1368,749,61,51,58,47,57,66,67,66,63,71,73,69,10.2,2.5,3.6,6.1,9.2,12.9,15.9,17.4,17.5,15.5,11.5,6.8,3.8
1369,749,61,51,58,47,57,66,67,66,63,71,73,69,10.2,2.5,3.6,6.1,9.2,12.9,15.9,17.4,17.5,15.5,11.5,6.8,3.8
1370,749,61,51,58,47,57,66,67,66,63,71,73,69,10.2,2.5,3.6,6.1,9.2,12.9,15.9,17.4,17.5,15.5,11.5,6.8,3.8
1371,749,61,51,58,47,57,66,67,66,63,71,73,69,10.2,2.5,3.6,6.1,9.2,12.9,15.9,17.4,17.5,15.5,11.5,6.8,3.8
1372,749,61,51,58,47,57,66,67,66,63,71,73,69,10.2,2.5,3.6,6.1,9.2,12.9,15.9,17.4,17.5,15.5,11.5,6.8,3.8
1373,765,63,52,60,48,58,67,68,67,64,72,75,71,10,2.3,3.3,5.9,9,12.7,15.7,17.2,17.3,15.3,11.2,6.5,3.6
1401,808,72,55,71,54,69,75,71,64,66,73,72,72,9.9,1.7,3.1,5.8,9,12.9,16,17.2,17.1,15.1,11,5.9,2.9
1402,808,72,55,71,54,69,75,71,64,66,73,72,72,9.9,1.7,3.1,5.8,9,12.9,16,17.2,17.1,15.1,11,5.9,2.9
1403,808,72,54,70,53,69,75,70,64,66,73,71,71,9.9,1.8,3.2,5.9,9.2,13,16.2,17.3,17.1,15.2,11.1,5.8,2.9
1404,808,72,54,70,53,69,75,70,64,66,73,71,71,9.9,1.8,3.2,5.9,9.2,13,16.2,17.3,17.1,15.2,11.1,5.8,2.9
1405,808,72,54,70,53,69,75,70,64,66,73,71,71,9.9,1.8,3.2,5.9,9.2,13,16.2,17.3,17.1,15.2,11.1,5.8,2.9
1406,808,72,54,70,53,69,75,70,64,66,73,71,71,9.9,1.8,3.2,5.9,9.2,13,16.2,17.3,17.1,15.2,11.1,5.8,2.9
1407,808,72,55,71,54,69,75,71,64,66,73,72,72,9.9,1.7,3.1,5.8,9,12.9,16,17.2,17.1,15.1,11,5.9,2.9
1408,808,72,55,71,54,69,75,71,64,66,73,72,72,9.9,1.7,3.1,5.8,9,12.9,16,17.2,17.1,15.1,11,5.9,2.9
1409,808,72,55,71,54,69,75,71,64,66,73,72,72,9.9,1.7,3.1,5.8,9,12.9,16,17.2,17.1,15.1,11,5.9,2.9
1410,808,72,54,70,53,69,75,70,64,66,73,71,71,9.9,1.8,3.2,5.9,9.2,13,16.2,17.3,17.1,15.2,11.1,5.8,2.9
1411,808,72,55,71,54,69,75,71,64,66,73,72,72,9.9,1.7,3.1,5.8,9,12.9,16,17.2,17.1,15.1,11,5.9,2.9
1412,808,72,55,71,54,69,75,71,64,66,73,72,72,9.9,1.7,3.1,5.8,9,12.9,16,17.2,17.1,15.1,11,5.9,2.9
1413,808,72,55,71,54,69,75,71,64,66,73,72,72,9.9,1.7,3.1,5.8,9,12.9,16,17.2,17.1,15.1,11,5.9,2.9
1414,808,72,54,70,53,69,75,70,64,66,73,71,71,9.9,1.8,3.2,5.9,9.2,13,16.2,17.3,17.1,15.2,11.1,5.8,2.9
1415,808,72,54,70,53,69,75,70,64,66,73,71,71,9.9,1.8,3.2,5.9,9.2,13,16.2,17.3,17.1,15.2,11.1,5.8,2.9
1416,808,72,54,70,53,69,75,70,64,66,73,71,71,9.9,1.8,3.2,5.9,9.2,13,16.2,17.3,17.1,15.2,11.1,5.8,2.9
1417,808,72,55,71,54,69,75,71,64,66,73,72,72,9.9,1.7,3.1,5.8,9,12.9,16,17.2,17.1,15.1,11,5.9,2.9
1418,808,72,55,71,54,69,75,71,64,66,73,72,72,9.9,1.7,3.1,5.8,9,12.9,16,17.2,17.1,15.1,11,5.9,2.9
1419,808,72,54,70,53,69,75,70,64,66,73,71,71,9.9,1.8,3.2,5.9,9.2,13,16.2,17.3,17.1,15.2,11.1,5.8,2.9
1420,808,72,54,70,53,69,75,70,64,66,73,71,71,9.9,1.8,3.2,5.9,9.2,13,16.2,17.3,17.1,15.2,11.1,5.8,2.9
1421,808,72,54,70,53,69,75,70,64,66,73,71,71,9.9,1.8,3.2,5.9,9.2,13,16.2,17.3,17.1,15.2,11.1,5.8,2.9
1422,808,72,55,71,54,69,75,71,64,66,73,72,72,9.9,1.7,3.1,5.8,9,12.9,16,17.2,17.1,15.1,11,5.9,2.9
1423,808,72,55,71,54,69,75,71,64,66,73,72,72,9.9,1.7,3.1,5.8,9,12.9,16,17.2,17.1,15.1,11,5.9,2.9
1424,808,72,54,70,53,69,75,70,64,66,73,71,71,9.9,1.8,3.2,5.9,9.2,13,16.2,17.3,17.1,15.2,11.1,5.8,2.9
1425,808,72,54,70,53,69,75,70,64,66,73,71,71,9.9,1.8,3.2,5.9,9.2,13,16.2,17.3,17.1,15.2,11.1,5.8,2.9
1426,808,72,54,70,53,69,75,70,64,66,73,71,71,9.9,1.8,3.2,5.9,9.2,13,16.2,17.3,17.1,15.2,11.1,5.8,2.9
1427,808,72,55,71,54,69,75,71,64,66,73,72,72,9.9,1.7,3.1,5.8,9,12.9,16,17.2,17.1,15.1,11,5.9,2.9
1428,808,72,55,71,54,69,75,71,64,66,73,72,72,9.9,1.7,3.1,5.8,9,12.9,16,17.2,17.1,15.1,11,5.9,2.9
1429,808,72,55,71,54,69,75,71,64,66,73,72,72,9.9,1.7,3.1,5.8,9,12.9,16,17.2,17.1,15.1,11,5.9,2.9
1430,808,72,54,70,53,69,75,70,64,66,73,71,71,9.9,1.8,3.2,5.9,9.2,13,16.2,17.3,17.1,15.2,11.1,5.8,2.9
1431,808,72,55,71,54,69,75,71,64,66,73,72,72,9.9,1.7,3.1,5.8,9,12.9,16,17.2,17.1,15.1,11,5.9,2.9
1432,808,72,55,71,54,69,75,71,64,66,73,72,72,9.9,1.7,3.1,5.8,9,12.9,16,17.2,17.1,15.1,11,5.9,2.9
1433,808,72,54,70,53,69,75,70,64,66,73,71,71,9.9,1.8,3.2,5.9,9.2,13,16.2,17.3,17.1,15.2,11.1,5.8,2.9
1434,808,72,54,70,53,69,75,70,64,66,73,71,71,9.9,1.8,3.2,5.9,9.2,13,16.2,17.3,17.1,15.2,11.1,5.8,2.9
1435,808,72,54,70,53,69,75,70,64,66,73,71,71,9.9,1.8,3.2,5.9,9.2,13,16.2,17.3,17.1,15.2,11.1,5.8,2.9
1436,808,72,54,70,53,69,75,70,64,66,73,71,71,9.9,1.8,3.2,5.9,9.2,13,16.2,17.3,17.1,15.2,11.1,5.8,2.9
1437,808,72,54,70,53,69,75,70,64,66,73,71,71,9.9,1.8,3.2,5.9,9.2,13,16.2,17.3,17.1,15.2,11.1,5.8,2.9
1438,808,72,54,70,53,69,75,70,64,66,73,71,71,9.9,1.8,3.2,5.9,9.2,13,16.2,17.3,17.1,15.2,11.1,5.8,2.9
1439,808,72,54,70,53,69,75,70,64,66,73,71,71,9.9,1.8,3.2,5.9,9.2,13,16.2,17.3,17.1,15.2,11.1,5.8,2.9
1440,808,72,54,70,53,69,75,70,64,66,73,71,71,9.9,1.8,3.2,5.9,9.2,13,16.2,17.3,17.1,15.2,11.1,5.8,2.9
1441,808,72,54,70,53,69,75,70,64,66,73,71,71,9.9,1.8,3.2,5.9,9.2,13,16.2,17.3,17.1,15.2,11.1,5.8,2.9
1442,808,72,54,70,53,69,75,70,64,66,73,71,71,9.9,1.8,3.2,5.9,9.2,13,16.2,17.3,17.1,15.2,11.1,5.8,2.9
1443,808,72,54,70,53,69,75,70,64,66,73,71,71,9.9,1.8,3.2,5.9,9.2,13,16.2,17.3,17.1,15.2,11.1,5.8,2.9
1444,808,72,54,70,53,69,75,70,64,66,73,71,71,9.9,1.8,3.2,5.9,9.2,13,16.2,17.3,17.1,15.2,11.1,5.8,2.9
1445,808,72,54,70,53,69,75,70,64,66,73,71,71,9.9,1.8,3.2,5.9,9.2,13,16.2,17.3,17.1,15.2,11.1,5.8,2.9
1446,808,72,54,70,53,69,75,70,64,66,73,71,71,9.9,1.8,3.2,5.9,9.2,13,16.2,17.3,17.1,15.2,11.1,5.8,2.9
1447,808,72,54,70,53,69,75,70,64,66,73,71,71,9.9,1.8,3.2,5.9,9.2,13,16.2,17.3,17.1,15.2,11.1,5.8,2.9
1448,808,72,54,70,53,69,75,70,64,66,73,71,71,9.9,1.8,3.2,5.9,9.2,13,16.2,17.3,17.1,15.2,11.1,5.8,2.9
1449,808,72,54,70,53,69,75,70,64,66,73,71,71,9.9,1.8,3.2,5.9,9.2,13,16.2,17.3,17.1,15.2,11.1,5.8,2.9
1450,808,72,54,70,53,69,75,70,64,66,73,71,71,9.9,1.8,3.2,5.9,9.2,13,16.2,17.3,17.1,15.2,11.1,5.8,2.9
1451,808,72,54,70,53,69,75,70,64,66,73,71,71,9.9,1.8,3.2,5.9,9.2,13,16.2,17.3,17.1,15.2,11.1,5.8,2.9
1452,808,72,54,70,53,69,75,70,64,66,73,71,71,9.9,1.8,3.2,5.9,9.2,13,16.2,17.3,17.1,15.2,11.1,5.8,2.9
1501,767,62,53,59,49,59,67,69,67,64,71,76,71,9.7,2.2,3.1,5.7,8.8,12.4,15.2,16.8,16.9,15,10.9,6.3,3.4
1502,767,62,53,59,49,59,67,69,67,64,71,76,71,9.7,2.2,3.1,5.7,8.8,12.4,15.2,16.8,16.9,15,10.9,6.3,3.4
1503,767,62,53,59,49,59,67,69,67,64,71,76,71,9.7,2.2,3.1,5.7,8.8,12.4,15.2,16.8,16.9,15,10.9,6.3,3.4
1504,767,62,53,59,49,59,67,69,67,64,71,76,71,9.7,2.2,3.1,5.7,8.8,12.4,15.2,16.8,16.9,15,10.9,6.3,3.4
1505,767,62,53,59,49,59,67,69,67,64,71,76,71,9.7,2.2,3.1,5.7,8.8,12.4,15.2,16.8,16.9,15,10.9,6.3,3.4
1506,767,62,53,59,49,59,67,69,67,64,71,76,71,9.7,2.2,3.1,5.7,8.8,12.4,15.2,16.8,16.9,15,10.9,6.3,3.4
1507,767,62,53,59,49,59,67,69,67,64,71,76,71,9.7,2.2,3.1,5.7,8.8,12.4,15.2,16.8,16.9,15,10.9,6.3,3.4
1508,767,62,53,59,49,59,67,69,67,64,71,76,71,9.7,2.2,3.1,5.7,8.8,12.4,15.2,16.8,16.9,15,10.9,6.3,3.4
1509,767,62,53,59,49,59,67,69,67,64,71,76,71,9.7,2.2,3.1,5.7,8.8,12.4,15.2,16.8,16.9,15,10.9,6.3,3.4
1510,767,62,53,59,49,59,67,69,67,64,71,76,71,9.7,2.2,3.1,5.7,8.8,12.4,15.2,16.8,16.9,15,10.9,6.3,3.4
1511,767,62,53,59,49,59,67,69,67,64,71,76,71,9.7,2.2,3.1,5.7,8.8,12.4,15.2,16.8,16.9,15,10.9,6.3,3.4
1512,743,60,51,57,47,57,65,67,66,63,69,73,68,10,2.4,3.4,6,9.1,12.7,15.5,17.2,17.2,15.3,11.3,6.6,3.6
1513,743,60,51,57,47,57,65,67,66,63,69,73,68,10.1,2.4,3.4,6,9.1,12.7,15.5,17.2,17.2,15.3,11.3,6.6,3.6
1514,743,60,51,57,47,57,65,67,66,63,69,73,68,10,2.4,3.4,6,9.1,12.7,15.5,17.2,17.2,15.3,11.3,6.6,3.6
1515,743,60,51,57,47,57,65,67,66,63,69,73,68,10,2.4,3.4,6,9.1,12.7,15.5,17.2,17.2,15.3,11.3,6.6,3.6
1516,743,60,51,57,47,57,65,67,66,63,69,73,68,10,2.4,3.4,6,9.1,12.7,15.5,17.2,17.2,15.3,11.3,6.6,3.6
1517,743,60,51,57,47,57,65,67,66,63,69,73,68,10,2.4,3.4,6,9.1,12.7,15.5,17.2,17.2,15.3,11.3,6.6,3.6
1518,743,60,51,57,47,57,65,67,66,63,69,73,68,10,2.4,3.4,6,9.1,12.7,15.5,17.2,17.2,15.3,11.3,6.6,3.6
1519,743,60,51,57,47,57,65,67,66,63,69,73,68,10,2.4,3.4,6,9.1,12.7,15.5,17.2,17.2,15.3,11.3,6.6,3.6
1520,743,60,51,57,47,57,65,67,66,63,69,73,68,10.1,2.4,3.4,6,9.1,12.7,15.5,17.2,17.2,15.3,11.3,6.6,3.6
1521,743,60,51,57,47,57,65,67,66,63,69,73,68,10,2.4,3.4,6,9.1,12.7,15.5,17.2,17.2,15.3,11.3,6.6,3.6
1522,743,60,51,57,47,57,65,67,66,63,69,73,68,10,2.4,3.4,6,9.1,12.7,15.5,17.2,17.2,15.3,11.3,6.6,3.6
1523,743,60,51,57,47,57,65,67,66,63,69,73,68,10,2.4,3.4,6,9.1,12.7,15.5,17.2,17.2,15.3,11.3,6.6,3.6
1524,743,60,51,57,47,57,65,67,66,63,69,73,68,10,2.4,3.4,6,9.1,12.7,15.5,17.2,17.2,15.3,11.3,6.6,3.6
1525,743,60,51,57,47,57,65,67,66,63,69,73,68,10,2.4,3.4,6,9.1,12.7,15.5,17.2,17.2,15.3,11.3,6.6,3.6
1526,743,60,51,57,47,57,65,67,66,63,69,73,68,10,2.4,3.4,6,9.1,12.7,15.5,17.2,17.2,15.3,11.3,6.6,3.6
1527,775,60,51,57,47,57,65,67,66,63,69,73,68,9.6,2.4,3.4,6,9.1,12.7,15.5,17.2,17.2,15.3,11.3,6.6,3.6
1528,775,60,51,57,47,57,65,67,66,63,69,73,68,9.6,2.4,3.4,6,9.1,12.7,15.5,17.2,17.2,15.3,11.3,6.6,3.6
1529,775,63,54,60,49,59,68,69,68,65,72,76,72,9.6,2.1,2.9,5.6,8.6,12.3,15.2,16.8,16.9,14.9,10.9,6.1,3.3
1530,775,63,54,60,49,59,68,69,68,65,72,76,72,9.6,2.1,2.9,5.6,8.6,12.3,15.2,16.8,16.9,14.9,10.9,6.1,3.3
1531,775,63,54,60,49,59,68,69,68,65,72,76,72,9.6,2.1,2.9,5.6,8.6,12.3,15.2,16.8,16.9,14.9,10.9,6.1,3.3
1532,775,63,54,60,49,59,68,69,68,65,72,76,72,9.6,2.1,2.9,5.6,8.6,12.3,15.2,16.8,16.9,14.9,10.9,6.1,3.3
1533,775,63,54,60,49,59,68,69,68,65,72,76,72,9.6,2.1,2.9,5.6,8.6,12.3,15.2,16.8,16.9,14.9,10.9,6.1,3.3
1534,779,63,54,60,49,59,68,69,68,65,72,76,72,9.6,2.1,2.9,5.6,8.6,12.3,15.2,16.8,16.9,14.9,10.9,6.1,3.3
1535,775,63,54,60,49,59,68,69,68,65,72,76,72,9.6,2.1,2.9,5.6,8.6,12.3,15.2,16.8,16.9,14.9,10.9,6.1,3.3
1536,775,63,54,60,49,59,68,69,68,65,72,76,72,9.6,2.1,2.9,5.6,8.6,12.3,15.2,16.8,16.9,14.9,10.9,6.1,3.3
1537,775,63,54,60,49,59,68,69,68,65,72,76,72,9.6,2.1,2.9,5.6,8.6,12.3,15.2,16.8,16.9,14.9,10.9,6.1,3.3
1538,775,63,54,60,49,59,68,69,68,65,72,76,72,9.6,2.1,2.9,5.6,8.6,12.3,15.2,16.8,16.9,14.9,10.9,6.1,3.3
1539,775,63,54,60,49,59,68,69,68,65,72,76,72,9.6,2.1,2.9,5.6,8.6,12.3,15.2,16.8,16.9,14.9,10.9,6.1,3.3
1540,775,63,54,60,49,59,68,69,68,65,72,76,72,9.6,2.1,2.9,5.6,8.6,12.3,15.2,16.8,16.9,14.9,10.9,6.1,3.3
1541,775,63,54,60,49,59,68,69,68,65,72,76,72,9.6,2.1,2.9,5.6,8.6,12.3,15.2,16.8,16.9,14.9,10.9,6.1,3.3
1542,775,63,54,60,49,59,68,69,68,65,72,76,72,9.6,2.1,2.9,5.6,8.6,12.3,15.2,16.8,16.9,14.9,10.9,6.1,3.3
1543,775,63,54,60,49,59,68,69,68,65,72,76,72,9.6,2.1,2.9,5.6,8.6,12.3,15.2,16.8,16.9,14.9,10.9,6.1,3.3
1544,775,63,54,60,49,59,68,69,68,65,72,76,72,9.6,2.1,2.9,5.6,8.6,12.3,15.2,16.8,16.9,14.9,10.9,6.1,3.3
1545,775,62,53,59,49,59,67,69,67,64,71,76,71,9.6,2.2,3.1,5.7,8.8,12.4,15.2,16.8,16.9,15,10.9,6.3,3.4
1546,775,63,54,60,49,59,68,69,68,65,72,76,72,9.6,2.1,2.9,5.6,8.6,12.3,15.2,16.8,16.9,14.9,10.9,6.1,3.3
1547,775,63,54,60,49,59,68,69,68,65,72,76,72,9.6,2.1,2.9,5.6,8.6,12.3,15.2,16.8,16.9,14.9,10.9,6.1,3.3
1548,775,63,54,60,49,59,68,69,68,65,72,76,72,9.6,2.1,2.9,5.6,8.6,12.3,15.2,16.8,16.9,14.9,10.9,6.1,3.3
1549,775,63,54,60,49,59,68,69,68,65,72,76,72,9.6,2.1,2.9,5.6,8.6,12.3,15.2,16.8,16.9,14.9,10.9,6.1,3.3
1550,775,63,54,60,49,59,68,69,68,65,72,76,72,9.6,2.1,2.9,5.6,8.6,12.3,15.2,16.8,16.9,14.9,10.9,6.1,3.3
1551,775,63,54,60,49,59,68,69,68,65,72,76,72,9.6,2.1,2.9,5.6,8.6,12.3,15.2,16.8,16.9,14.9,10.9,6.1,3.3
1552,775,63,54,60,49,59,68,69,68,65,72,76,72,9.6,2.1,2.9,5.6,8.6,12.3,15.2,16.8,16.9,14.9,10.9,6.1,3.3
1553,775,63,54,60,49,59,68,69,68,65,72,76,72,9.6,2.1,2.9,5.6,8.6,12.3,15.2,16.8,16.9,14.9,10.9,6.1,3.3
1554,775,63,54,60,49,59,68,69,68,65,72,76,72,9.6,2.1,2.9,5.6,8.6,12.3,15.2,16.8,16.9,14.9,10.9,6.1,3.3
1555,775,63,54,60,49,59,68,69,68,65,72,76,72,9.6,2.1,2.9,5.6,8.6,12.3,15.2,16.8,16.9,14.9,10.9,6.1,3.3
1556,775,63,54,60,49,59,68,69,68,65,72,76,72,9.6,2.1,2.9,5.6,8.6,12.3,15.2,16.8,16.9,14.9,10.9,6.1,3.3
1557,775,63,54,60,49,59,68,69,68,65,72,76,72,9.6,2.1,2.9,5.6,8.6,12.3,15.2,16.8,16.9,14.9,10.9,6.1,3.3
1558,775,63,54,60,49,59,68,69,68,65,72,76,72,9.6,2.1,2.9,5.6,8.6,12.3,15.2,16.8,16.9,14.9,10.9,6.1,3.3
1559,775,63,54,60,49,59,68,69,68,65,72,76,72,9.6,2.1,2.9,5.6,8.6,12.3,15.2,16.8,16.9,14.9,10.9,6.1,3.3
1560,775,63,54,60,49,59,68,69,68,65,72,76,72,9.6,2.1,2.9,5.6,8.6,12.3,15.2,16.8,16.9,14.9,10.9,6.1,3.3
1561,775,63,54,60,49,59,68,69,68,65,72,76,72,9.6,2.1,2.9,5.6,8.6,12.3,15.2,16.8,16.9,14.9,10.9,6.1,3.3
1562,775,63,54,60,49,59,68,69,68,65,72,76,72,9.6,2.1,2.9,5.6,8.6,12.3,15.2,16.8,16.9,14.9,10.9,6.1,3.3
1563,775,63,54,60,49,59,68,69,68,65,72,76,72,9.6,2.1,2.9,5.6,8.6,12.3,15.2,16.8,16.9,14.9,10.9,6.1,3.3
1564,775,63,54,60,49,59,68,69,68,65,72,76,72,9.6,2.1,2.9,5.6,8.6,12.3,15.2,16.8,16.9,14.9,10.9,6.1,3.3
1565,775,63,54,60,49,59,68,69,68,65,72,76,72,9.6,2.1,2.9,5.6,8.6,12.3,15.2,16.8,16.9,14.9,10.9,6.1,3.3
1566,775,63,54,60,49,59,68,69,68,65,72,76,72,9.6,2.1,2.9,5.6,8.6,12.3,15.2,16.8,16.9,14.9,10.9,6.1,3.3
1567,775,63,54,60,49,59,68,69,68,65,72,76,72,9.6,2.1,2.9,5.6,8.6,12.3,15.2,16.8,16.9,14.9,10.9,6.1,3.3
1568,775,63,54,60,49,59,68,69,68,65,72,76,72,9.6,2.1,2.9,5.6,8.6,12.3,15.2,16.8,16.9,14.9,10.9,6.1,3.3
1569,775,63,54,60,49,59,68,69,68,65,72,76,72,9.6,2.1,2.9,5.6,8.6,12.3,15.2,16.8,16.9,14.9,10.9,6.1,3.3
1570,775,63,54,60,49,59,68,69,68,65,72,76,72,9.6,2.1,2.9,5.6,8.6,12.3,15.2,16.8,16.9,14.9,10.9,6.1,3.3
1571,775,63,54,60,49,59,68,69,68,65,72,76,72,9.6,2.1,2.9,5.6,8.6,12.3,15.2,16.8,16.9,14.9,10.9,6.1,3.3
1572,775,63,54,60,49,59,68,69,68,65,72,76,72,9.6,2.1,2.9,5.6,8.6,12.3,15.2,16.8,16.9,14.9,10.9,6.1,3.3
1573,775,63,54,60,49,59,68,69,68,65,72,76,72,9.6,2.1,2.9,5.6,8.6,12.3,15.2,16.8,16.9,14.9,10.9,6.1,3.3
1574,775,62,53,59,49,59,67,69,67,64,71,76,71,9.6,2.2,3.1,5.7,8.8,12.4,15.2,16.8,16.9,15,10.9,6.3,3.4
1575,775,62,53,59,49,59,67,69,67,64,71,76,71,9.6,2.2,3.1,5.7,8.8,12.4,15.2,16.8,16.9,15,10.9,6.3,3.4
1576,775,63,54,60,49,59,68,69,68,65,72,76,72,9.6,2.1,2.9,5.6,8.6,12.3,15.2,16.8,16.9,14.9,10.9,6.1,3.3
1577,767,62,53,59,49,59,67,69,67,64,71,76,71,9.7,2.2,3.1,5.7,8.8,12.4,15.2,16.8,16.9,15,10.9,6.3,3.4
1578,775,62,53,59,49,59,67,69,67,64,71,76,71,9.6,2.2,3.1,5.7,8.8,12.4,15.2,16.8,16.9,15,10.9,6.3,3.4
1579,775,63,54,60,49,59,68,69,68,65,72,76,72,9.6,2.1,2.9,5.6,8.6,12.3,15.2,16.8,16.9,14.9,10.9,6.1,3.3
1580,767,62,53,59,49,59,67,69,67,64,71,76,71,9.7,2.2,3.1,5.7,8.8,12.4,15.2,16.8,16.9,15,10.9,6.3,3.4
1581,775,62,53,59,49,59,67,69,67,64,71,76,71,9.6,2.2,3.1,5.7,8.8,12.4,15.2,16.8,16.9,15,10.9,6.3,3.4
1582,775,63,54,60,49,59,68,69,68,65,72,76,72,9.6,2.1,2.9,5.6,8.6,12.3,15.2,16.8,16.9,14.9,10.9,6.1,3.3
1583,767,62,53,59,49,59,67,69,67,64,71,76,71,9.7,2.2,3.1,5.7,8.8,12.4,15.2,16.8,16.9,15,10.9,6.3,3.4
1584,775,62,53,59,49,59,67,69,67,64,71,76,71,9.6,2.2,3.1,5.7,8.8,12.4,15.2,16.8,16.9,15,10.9,6.3,3.4
1585,775,62,53,59,49,59,67,69,67,64,71,76,71,9.6,2.2,3.1,5.7,8.8,12.4,15.2,16.8,16.9,15,10.9,6.3,3.4
1586,775,63,54,60,49,59,68,69,68,65,72,76,72,9.6,2.1,2.9,5.6,8.6,12.3,15.2,16.8,16.9,14.9,10.9,6.1,3.3
1587,767,62,53,59,49,59,67,69,67,64,71,76,71,9.7,2.2,3.1,5.7,8.8,12.4,15.2,16.8,16.9,15,10.9,6.3,3.4
1588,775,62,53,59,49,59,67,69,67,64,71,76,71,9.6,2.2,3.1,5.7,8.8,12.4,15.2,16.8,16.9,15,10.9,6.3,3.4
1589,775,63,54,60,49,59,68,69,68,65,72,76,72,9.6,2.1,2.9,5.6,8.6,12.3,15.2,16.8,16.9,14.9,10.9,6.1,3.3
1590,775,63,54,60,49,59,68,69,68,65,72,76,72,9.6,2.1,2.9,5.6,8.6,12.3,15.2,16.8,16.9,14.9,10.9,6.1,3.3
1591,775,62,53,59,49,59,67,69,67,64,71,76,71,9.6,2.2,3.1,5.7,8.8,12.4,15.2,16.8,16.9,15,10.9,6.3,3.4
1592,775,62,53,59,49,59,67,69,67,64,71,76,71,9.6,2.2,3.1,5.7,8.8,12.4,15.2,16.8,16.9,15,10.9,6.3,3.4
1593,767,62,53,59,49,59,67,69,67,64,71,76,71,9.7,2.2,3.1,5.7,8.8,12.4,15.2,16.8,16.9,15,10.9,6.3,3.4
1594,775,62,53,59,49,59,67,69,67,64,71,76,71,9.6,2.2,3.1,5.7,8.8,12.4,15.2,16.8,16.9,15,10.9,6.3,3.4
1595,779,60,51,57,47,57,65,67,66,63,69,73,68,9.6,2.4,3.4,6.1,9.2,12.7,15.6,17.2,17.3,15.3,11.3,6.6,3.7
1596,781,60,51,57,47,57,65,67,66,63,69,73,68,9.6,2.4,3.4,6.1,9.2,12.7,15.6,17.2,17.3,15.3,11.3,6.6,3.7
1597,779,60,51,57,47,57,65,67,66,63,69,73,68,9.6,2.4,3.4,6.1,9.2,12.7,15.6,17.2,17.3,15.3,11.3,6.6,3.7
1598,779,60,51,57,47,57,65,67,66,63,69,73,68,9.6,2.4,3.4,6.1,9.2,12.7,15.6,17.2,17.3,15.3,11.3,6.6,3.7
1599,779,64,54,60,50,59,68,70,68,65,72,77,72,9.6,2,3,5.5,8.7,12.3,15.1,16.7,16.8,14.8,10.8,6.2,3.2
1600,779,64,54,60,50,59,68,70,68,65,72,77,72,9.6,2,3,5.5,8.7,12.3,15.1,16.7,16.8,14.8,10.8,6.2,3.2
1601,779,64,54,60,50,59,68,70,68,65,72,77,72,9.6,2,3,5.5,8.7,12.3,15.1,16.7,16.8,14.8,10.8,6.2,3.2
1602,779,64,54,60,50,59,68,70,68,65,72,77,72,9.6,2,3,5.5,8.7,12.3,15.1,16.7,16.8,14.8,10.8,6.2,3.2
1603,779,64,54,60,50,59,68,70,68,65,72,77,72,9.6,2,3,5.5,8.7,12.3,15.1,16.7,16.8,14.8,10.8,6.2,3.2
1604,779,64,54,60,50,59,68,70,68,65,72,77,72,9.6,2,3,5.5,8.7,12.3,15.1,16.7,16.8,14.8,10.8,6.2,3.2
1605,779,64,54,60,50,59,68,70,68,65,72,77,72,9.6,2,3,5.5,8.7,12.3,15.1,16.7,16.8,14.8,10.8,6.2,3.2
1606,779,64,54,60,50,59,68,70,68,65,72,77,72,9.6,2,3,5.5,8.7,12.3,15.1,16.7,16.8,14.8,10.8,6.2,3.2
1607,779,63,54,60,49,59,68,69,68,65,72,76,72,9.6,2.1,2.9,5.6,8.6,12.3,15.2,16.8,16.9,14.9,10.9,6.1,3.3
1608,779,64,54,60,50,59,68,70,68,65,72,77,72,9.6,2,3,5.5,8.7,12.3,15.1,16.7,16.8,14.8,10.8,6.2,3.2
1609,779,63,54,60,49,59,68,69,68,65,72,76,72,9.6,2.1,2.9,5.6,8.6,12.3,15.2,16.8,16.9,14.9,10.9,6.1,3.3
1610,779,64,54,60,50,59,68,70,68,65,72,77,72,9.6,2,3,5.5,8.7,12.3,15.1,16.7,16.8,14.8,10.8,6.2,3.2
1611,779,64,54,60,50,59,68,70,68,65,72,77,72,9.6,2,3,5.5,8.7,12.3,15.1,16.7,16.8,14.8,10.8,6.2,3.2
1612,779,63,54,60,49,59,68,69,68,65,72,76,72,9.6,2.1,2.9,5.6,8.6,12.3,15.2,16.8,16.9,14.9,10.9,6.1,3.3
1613,779,63,54,60,49,59,68,69,68,65,72,76,72,9.6,2.1,2.9,5.6,8.6,12.3,15.2,16.8,16.9,14.9,10.9,6.1,3.3
1614,779,63,54,60,49,59,68,69,68,65,72,76,72,9.6,2.1,2.9,5.6,8.6,12.3,15.2,16.8,16.9,14.9,10.9,6.1,3.3
1615,779,63,54,60,49,59,68,69,68,65,72,76,72,9.6,2.1,2.9,5.6,8.6,12.3,15.2,16.8,16.9,14.9,10.9,6.1,3.3
1616,779,64,54,60,50,59,68,70,68,65,72,77,72,9.6,2,3,5.5,8.7,12.3,15.1,16.7,16.8,14.8,10.8,6.2,3.2
1617,779,64,54,60,50,59,68,70,68,65,72,77,72,9.6,2,3,5.5,8.7,12.3,15.1,16.7,16.8,14.8,10.8,6.2,3.2
1618,779,63,54,60,49,59,68,69,68,65,72,76,72,9.6,2.1,2.9,5.6,8.6,12.3,15.2,16.8,16.9,14.9,10.9,6.1,3.3
1619,779,64,54,60,50,59,68,70,68,65,72,77,72,9.6,2,3,5.5,8.7,12.3,15.1,16.7,16.8,14.8,10.8,6.2,3.2
1620,779,64,54,60,50,59,68,70,68,65,72,77,72,9.6,2,3,5.5,8.7,12.3,15.1,16.7,16.8,14.8,10.8,6.2,3.2
1621,779,64,54,60,50,59,68,70,68,65,72,77,72,9.6,2,3,5.5,8.7,12.3,15.1,16.7,16.8,14.8,10.8,6.2,3.2
1622,779,64,54,60,50,59,68,70,68,65,72,77,72,9.6,2,3,5.5,8.7,12.3,15.1,16.7,16.8,14.8,10.8,6.2,3.2
1623,779,64,54,60,50,59,68,70,68,65,72,77,72,9.6,2,3,5.5,8.7,12.3,15.1,16.7,16.8,14.8,10.8,6.2,3.2
1624,779,64,54,60,50,59,68,70,68,65,72,77,72,9.6,2,3,5.5,8.7,12.3,15.1,16.7,16.8,14.8,10.8,6.2,3.2
1625,779,64,54,60,50,59,68,70,68,65,72,77,72,9.6,2,3,5.5,8.7,12.3,15.1,16.7,16.8,14.8,10.8,6.2,3.2
1626,779,64,54,60,50,59,68,70,68,65,72,77,72,9.6,2,3,5.5,8.7,12.3,15.1,16.7,16.8,14.8,10.8,6.2,3.2
1627,779,64,54,60,50,59,68,70,68,65,72,77,72,9.6,2,3,5.5,8.7,12.3,15.1,16.7,16.8,14.8,10.8,6.2,3.2
1628,779,64,54,60,50,59,68,70,68,65,72,77,72,9.6,2,3,5.5,8.7,12.3,15.1,16.7,16.8,14.8,10.8,6.2,3.2
1701,829,68,58,64,56,70,78,77,74,67,68,75,74,9.6,2,2.9,5.3,8.7,12.7,15.9,17.2,17.1,14.6,10.6,5.8,2.8
1702,829,69,59,65,56,70,79,78,75,68,69,76,76,9.6,1.9,2.8,5.2,8.6,12.6,15.8,17,16.9,14.4,10.5,5.6,2.7
1703,829,68,58,64,56,70,78,77,74,67,68,75,74,9.6,2,2.9,5.3,8.7,12.7,15.9,17.2,17.1,14.6,10.6,5.8,2.8
1704,829,68,58,64,56,70,78,77,74,67,68,75,74,9.6,2,2.9,5.3,8.7,12.7,15.9,17.2,17.1,14.6,10.6,5.8,2.8
1705,821,69,59,65,56,70,79,78,75,68,69,76,76,9.7,1.9,2.8,5.2,8.6,12.6,15.8,17,16.9,14.4,10.5,5.6,2.7
1706,821,69,59,65,56,70,79,78,75,68,69,76,76,9.7,1.9,2.8,5.2,8.6,12.6,15.8,17,16.9,14.4,10.5,5.6,2.7
1707,821,68,58,64,56,70,78,77,74,67,68,75,74,9.7,2,2.9,5.3,8.7,12.7,15.9,17.2,17.1,14.6,10.6,5.8,2.8
1708,821,68,58,64,56,70,78,77,74,67,68,75,74,9.7,2,2.9,5.3,8.7,12.7,15.9,17.2,17.1,14.6,10.6,5.8,2.8
1709,821,67,57,63,55,69,78,77,73,67,67,74,73,9.7,2.1,3,5.4,8.8,12.7,16,17.3,17.2,14.7,10.6,5.8,3
1710,821,67,57,63,55,69,78,77,73,67,67,74,73,9.7,2.1,3,5.4,8.8,12.7,16,17.3,17.2,14.7,10.6,5.8,3
1711,821,67,57,64,55,69,78,77,73,67,67,74,73,9.7,2.1,3,5.5,8.7,12.8,15.8,17.2,17.1,14.7,10.6,5.8,3
1712,821,67,57,64,55,69,78,77,73,67,67,74,73,9.7,2.1,3,5.5,8.7,12.8,15.8,17.2,17.1,14.7,10.6,5.8,3
1713,821,67,57,63,55,69,78,77,73,67,67,74,73,9.7,2.1,3,5.4,8.8,12.7,16,17.3,17.2,14.7,10.6,5.8,3
1714,821,67,57,63,55,69,78,77,73,67,67,74,73,9.7,2.1,3,5.4,8.8,12.7,16,17.3,17.2,14.7,10.6,5.8,3
1715,821,67,57,64,55,69,78,77,73,67,67,74,73,9.7,2.1,3,5.5,8.7,12.8,15.8,17.2,17.1,14.7,10.6,5.8,3
1716,821,67,57,64,55,69,78,77,73,67,67,74,73,9.7,2.1,3,5.5,8.7,12.8,15.8,17.2,17.1,14.7,10.6,5.8,3
1717,821,67,57,63,55,69,78,77,73,67,67,74,73,9.7,2.1,3,5.4,8.8,12.7,16,17.3,17.2,14.7,10.6,5.8,3
1718,821,67,57,63,55,69,78,77,73,67,67,74,73,9.7,2.1,3,5.4,8.8,12.7,16,17.3,17.2,14.7,10.6,5.8,3
1719,821,67,57,64,55,69,78,77,73,67,67,74,73,9.7,2.1,3,5.5,8.7,12.8,15.8,17.2,17.1,14.7,10.6,5.8,3
1720,821,67,57,64,55,69,78,77,73,67,67,74,73,9.7,2.1,3,5.5,8.7,12.8,15.8,17.2,17.1,14.7,10.6,5.8,3
1721,821,67,57,64,55,69,78,77,73,67,67,74,73,9.7,2.1,3,5.5,8.7,12.8,15.8,17.2,17.1,14.7,10.6,5.8,3
1722,821,67,57,63,55,69,78,77,73,67,67,74,73,9.7,2.1,3,5.4,8.8,12.7,16,17.3,17.2,14.7,10.6,5.8,3
1723,821,67,57,64,55,69,78,77,73,67,67,74,73,9.7,2.1,3,5.5,8.7,12.8,15.8,17.2,17.1,14.7,10.6,5.8,3
1724,821,67,57,64,55,69,78,77,73,67,67,74,73,9.7,2.1,3,5.5,8.7,12.8,15.8,17.2,17.1,14.7,10.6,5.8,3
1725,821,67,57,64,55,69,78,77,73,67,67,74,73,9.7,2.1,3,5.5,8.7,12.8,15.8,17.2,17.1,14.7,10.6,5.8,3
1726,821,67,57,64,55,69,78,77,73,67,67,74,73,9.7,2.1,3,5.5,8.7,12.8,15.8,17.2,17.1,14.7,10.6,5.8,3
1727,821,67,57,64,55,69,78,77,73,67,67,74,73,9.7,2.1,3,5.5,8.7,12.8,15.8,17.2,17.1,14.7,10.6,5.8,3
1728,821,67,57,64,55,69,78,77,73,67,67,74,73,9.7,2.1,3,5.5,8.7,12.8,15.8,17.2,17.1,14.7,10.6,5.8,3
1729,821,67,57,64,55,69,78,77,73,67,67,74,73,9.7,2.1,3,5.5,8.7,12.8,15.8,17.2,17.1,14.7,10.6,5.8,3
1730,821,67,57,64,55,69,78,77,73,67,67,74,73,9.7,2.1,3,5.5,8.7,12.8,15.8,17.2,17.1,14.7,10.6,5.8,3
1731,821,67,57,64,55,69,78,77,73,67,67,74,73,9.7,2.1,3,5.5,8.7,12.8,15.8,17.2,17.1,14.7,10.6,5.8,3
1732,821,67,57,64,55,69,78,77,73,67,67,74,73,9.7,2.1,3,5.5,8.7,12.8,15.8,17.2,17.1,14.7,10.6,5.8,3
2001,840,73,58,71,56,70,77,74,66,66,74,77,78,9.8,1.5,3.1,5.7,9.1,12.9,16.1,17.1,17.1,15.2,11,5.7,2.6
2002,840,73,58,71,56,70,77,74,66,66,74,77,78,9.8,1.5,3.1,5.7,9.1,12.9,16.1,17.1,17.1,15.2,11,5.7,2.6
2003,840,73,58,71,56,70,77,74,66,66,74,77,78,9.8,1.5,3.1,5.7,9.1,12.9,16.1,17.1,17.1,15.2,11,5.7,2.6
2004,840,73,58,71,56,70,77,74,66,66,74,77,78,9.8,1.5,3.1,5.7,9.1,12.9,16.1,17.1,17.1,15.2,11,5.7,2.6
2005,840,73,58,71,56,70,77,74,66,66,74,77,78,9.8,1.5,3.1,5.7,9.1,12.9,16.1,17.1,17.1,15.2,11,5.7,2.6
2006,840,73,58,71,56,70,77,74,66,66,74,77,78,9.8,1.5,3.1,5.7,9.1,12.9,16.1,17.1,17.1,15.2,11,5.7,2.6
2007,841,73,58,71,56,70,77,74,66,66,74,77,78,9.7,1.5,3.1,5.7,9.1,12.9,16.1,17.1,17.1,15.2,11,5.7,2.6
2008,840,73,58,71,56,70,77,74,66,66,74,77,78,9.8,1.5,3.1,5.7,9.1,12.9,16.1,17.1,17.1,15.2,11,5.7,2.6
2009,840,73,58,71,56,70,77,74,66,66,74,77,78,9.8,1.5,3.1,5.7,9.1,12.9,16.1,17.1,17.1,15.2,11,5.7,2.6
2010,840,73,58,71,56,70,77,74,66,66,74,77,78,9.8,1.5,3.1,5.7,9.1,12.9,16.1,17.1,17.1,15.2,11,5.7,2.6
2011,840,73,58,71,56,70,77,74,66,66,74,77,78,9.8,1.5,3.1,5.7,9.1,12.9,16.1,17.1,17.1,15.2,11,5.7,2.6
2012,840,73,58,71,56,70,77,74,66,66,74,77,78,9.8,1.5,3.1,5.7,9.1,12.9,16.1,17.1,17.1,15.2,11,5.7,2.6
2013,840,73,58,71,56,70,77,74,66,66,74,77,78,9.8,1.5,3.1,5.7,9.1,12.9,16.1,17.1,17.1,15.2,11,5.7,2.6
2014,841,73,58,71,56,70,77,74,66,66,74,77,78,9.7,1.5,3.1,5.7,9.1,12.9,16.1,17.1,17.1,15.2,11,5.7,2.6
2015,841,73,58,71,56,70,77,74,66,66,74,77,78,9.7,1.5,3.1,5.7,9.1,12.9,16.1,17.1,17.1,15.2,11,5.7,2.6
2016,840,73,58,71,56,70,77,74,66,66,74,77,78,9.8,1.5,3.1,5.7,9.1,12.9,16.1,17.1,17.1,15.2,11,5.7,2.6
2017,840,72,58,71,56,70,77,74,66,66,74,77,78,9.8,1.5,3.2,5.9,9.1,12.9,16,17.2,17.1,15.3,10.9,5.8,2.7
2018,839,72,58,71,56,70,77,74,66,66,74,77,78,9.8,1.5,3.2,5.9,9.1,12.9,16,17.2,17.1,15.3,10.9,5.8,2.7
2019,840,72,58,71,56,70,77,74,66,66,74,77,78,9.8,1.5,3.2,5.9,9.1,12.9,16,17.2,17.1,15.3,10.9,5.8,2.7
2020,840,72,58,71,56,70,77,74,66,66,74,77,78,9.8,1.5,3.2,5.9,9.1,12.9,16,17.2,17.1,15.3,10.9,5.8,2.7
2021,840,73,58,71,56,70,77,74,66,66,74,77,78,9.8,1.5,3.1,5.7,9.1,12.9,16.1,17.1,17.1,15.2,11,5.7,2.6
2022,840,72,58,71,56,70,77,74,66,66,74,77,78,9.8,1.5,3.2,5.9,9.1,12.9,16,17.2,17.1,15.3,10.9,5.8,2.7
2023,840,72,58,71,56,70,77,74,66,66,74,77,78,9.8,1.5,3.2,5.9,9.1,12.9,16,17.2,17.1,15.3,10.9,5.8,2.7
2024,839,72,58,71,56,70,77,74,66,66,74,77,78,9.8,1.5,3.2,5.9,9.1,12.9,16,17.2,17.1,15.3,10.9,5.8,2.7
2025,840,72,58,71,56,70,77,74,66,66,74,77,78,9.8,1.5,3.2,5.9,9.1,12.9,16,17.2,17.1,15.3,10.9,5.8,2.7
2026,840,73,58,71,56,70,77,74,66,66,74,77,78,9.8,1.5,3.1,5.7,9.1,12.9,16.1,17.1,17.1,15.2,11,5.7,2.6
2027,840,72,58,71,56,70,77,74,66,66,74,77,78,9.8,1.5,3.2,5.9,9.1,12.9,16,17.2,17.1,15.3,10.9,5.8,2.7
2028,840,73,58,71,56,70,77,74,66,66,74,77,78,9.8,1.5,3.1,5.7,9.1,12.9,16.1,17.1,17.1,15.2,11,5.7,2.6
2029,839,72,58,71,56,70,77,74,66,66,74,77,78,9.8,1.5,3.2,5.9,9.1,12.9,16,17.2,17.1,15.3,10.9,5.8,2.7
2030,840,72,58,71,56,70,77,74,66,66,74,77,78,9.8,1.5,3.2,5.9,9.1,12.9,16,17.2,17.1,15.3,10.9,5.8,2.7
2031,840,72,58,71,56,70,77,74,66,66,74,77,78,9.8,1.5,3.2,5.9,9.1,12.9,16,17.2,17.1,15.3,10.9,5.8,2.7
2032,840,73,58,71,56,70,77,74,66,66,74,77,78,9.8,1.5,3.1,5.7,9.1,12.9,16.1,17.1,17.1,15.2,11,5.7,2.6
2033,840,72,58,71,56,70,77,74,66,66,74,77,78,9.8,1.5,3.2,5.9,9.1,12.9,16,17.2,17.1,15.3,10.9,5.8,2.7
2034,831,72,57,70,56,69,76,73,66,66,73,76,77,9.8,1.5,3.1,5.8,9.3,12.9,16.2,17.2,17.1,15.2,11.1,5.7,2.7
2035,831,72,57,70,56,69,76,73,66,66,73,76,77,9.8,1.5,3.1,5.8,9.3,12.9,16.2,17.2,17.1,15.2,11.1,5.7,2.7
2036,831,72,57,70,56,69,76,73,66,66,73,76,77,9.8,1.5,3.1,5.8,9.3,12.9,16.2,17.2,17.1,15.2,11.1,5.7,2.7
2037,831,72,57,70,56,69,76,73,66,66,73,76,77,9.8,1.5,3.1,5.8,9.3,12.9,16.2,17.2,17.1,15.2,11.1,5.7,2.7
2038,831,72,57,70,56,69,76,73,66,66,73,76,77,9.8,1.5,3.1,5.8,9.3,12.9,16.2,17.2,17.1,15.2,11.1,5.7,2.7
2039,831,72,57,70,56,69,76,73,66,66,73,76,77,9.8,1.5,3.1,5.8,9.3,12.9,16.2,17.2,17.1,15.2,11.1,5.7,2.7
2040,831,72,57,70,56,69,76,73,66,66,73,76,77,9.8,1.5,3.1,5.8,9.3,12.9,16.2,17.2,17.1,15.2,11.1,5.7,2.7
2041,831,72,57,70,56,69,76,73,66,66,73,76,77,9.8,1.5,3.1,5.8,9.3,12.9,16.2,17.2,17.1,15.2,11.1,5.7,2.7
2042,831,72,57,70,56,69,76,73,66,66,73,76,77,9.8,1.5,3.1,5.8,9.3,12.9,16.2,17.2,17.1,15.2,11.1,5.7,2.7
2043,831,72,57,70,56,69,76,73,66,66,73,76,77,9.8,1.5,3.1,5.8,9.3,12.9,16.2,17.2,17.1,15.2,11.1,5.7,2.7
2044,831,72,57,70,56,69,76,73,66,66,73,76,77,9.8,1.5,3.1,5.8,9.3,12.9,16.2,17.2,17.1,15.2,11.1,5.7,2.7
2045,835,72,57,70,56,69,76,73,66,66,73,76,77,9.8,1.5,3.1,5.8,9.3,12.9,16.2,17.2,17.1,15.2,11.1,5.7,2.7
2046,835,72,57,70,56,69,76,73,66,66,73,76,77,9.8,1.5,3.1,5.8,9.3,12.9,16.2,17.2,17.1,15.2,11.1,5.7,2.7
2047,831,72,57,70,56,69,76,73,66,66,73,76,77,9.8,1.5,3.1,5.8,9.3,12.9,16.2,17.2,17.1,15.2,11.1,5.7,2.7
2048,831,72,57,70,56,69,76,73,66,66,73,76,77,9.8,1.5,3.1,5.8,9.3,12.9,16.2,17.2,17.1,15.2,11.1,5.7,2.7
2049,831,72,57,70,56,69,76,73,66,66,73,76,77,9.8,1.5,3.1,5.8,9.3,12.9,16.2,17.2,17.1,15.2,11.1,5.7,2.7
2050,831,72,57,70,56,69,76,73,66,66,73,76,77,9.8,1.5,3.1,5.8,9.3,12.9,16.2,17.2,17.1,15.2,11.1,5.7,2.7
2051,841,72,57,70,56,69,76,73,66,66,73,76,77,9.7,1.5,3.1,5.8,9.3,12.9,16.2,17.2,17.1,15.2,11.1,5.7,2.7
2053,840,72,57,70,56,69,76,73,66,66,73,76,77,9.8,1.5,3.1,5.8,9.3,12.9,16.2,17.2,17.1,15.2,11.1,5.7,2.7
2054,840,72,57,70,56,69,76,73,66,66,73,76,77,9.8,1.5,3.1,5.8,9.3,12.9,16.2,17.2,17.1,15.2,11.1,5.7,2.7
2055,835,72,57,70,56,69,76,73,66,66,73,76,77,9.8,1.5,3.1,5.8,9.3,12.9,16.2,17.2,17.1,15.2,11.1,5.7,2.7
2056,831,72,57,70,56,69,76,73,66,66,73,76,77,9.8,1.5,3.1,5.8,9.3,12.9,16.2,17.2,17.1,15.2,11.1,5.7,2.7
2057,831,72,58,71,56,70,77,74,66,66,74,77,78,9.8,1.5,3.2,5.8,9.1,12.9,16,17.2,17.1,15.3,10.9,5.8,2.7
2058,831,72,57,70,56,69,76,73,66,66,73,76,77,9.8,1.5,3.1,5.8,9.3,12.9,16.2,17.2,17.1,15.2,11.1,5.7,2.7
2059,831,72,58,71,56,70,77,74,66,66,74,77,78,9.8,1.5,3.2,5.8,9.1,12.9,16,17.2,17.1,15.3,10.9,5.8,2.7
2060,831,72,58,71,56,70,77,74,66,66,74,77,78,9.8,1.5,3.2,5.8,9.1,12.9,16,17.2,17.1,15.3,10.9,5.8,2.7
2061,831,72,57,70,56,69,76,73,66,66,73,76,77,9.8,1.5,3.1,5.8,9.3,12.9,16.2,17.2,17.1,15.2,11.1,5.7,2.7
2062,839,72,58,71,56,70,77,74,66,66,74,77,78,9.8,1.5,3.2,5.8,9.1,12.9,16,17.2,17.1,15.3,10.9,5.8,2.7
2063,831,72,58,71,56,70,77,74,66,66,74,77,78,9.8,1.5,3.2,5.8,9.1,12.9,16,17.2,17.1,15.3,10.9,5.8,2.7
2064,831,72,58,71,56,70,77,74,66,66,74,77,78,9.8,1.5,3.2,5.8,9.1,12.9,16,17.2,17.1,15.3,10.9,5.8,2.7
2065,831,72,57,70,56,69,76,73,66,66,73,76,77,9.8,1.5,3.1,5.8,9.3,12.9,16.2,17.2,17.1,15.2,11.1,5.7,2.7
2101,831,72,57,70,56,69,76,73,65,66,74,76,77,9.8,1.5,3.1,5.8,9.3,12.9,16.2,17.2,17.1,15.2,11.1,5.7,2.7
2102,824,72,57,70,56,69,76,73,65,66,74,76,77,9.9,1.5,3.1,5.8,9.3,12.9,16.2,17.2,17.1,15.2,11.1,5.7,2.7
2103,824,71,56,70,55,69,76,73,65,65,73,75,76,9.9,1.6,3.2,5.9,9.3,13,16.3,17.3,17.2,15.4,11.2,5.9,2.9
2104,824,71,56,70,55,69,76,73,65,65,73,75,76,9.9,1.6,3.2,5.9,9.3,13,16.3,17.3,17.2,15.4,11.2,5.9,2.9
2105,824,71,56,70,55,69,76,73,65,65,73,75,76,9.9,1.6,3.2,5.9,9.3,13,16.3,17.3,17.2,15.4,11.2,5.9,2.9
2106,824,71,56,70,55,69,76,73,65,65,73,75,76,9.9,1.6,3.2,5.9,9.3,13,16.3,17.3,17.2,15.4,11.2,5.9,2.9
2107,824,71,56,70,55,69,76,73,65,65,73,75,76,9.9,1.6,3.2,5.9,9.3,13,16.3,17.3,17.2,15.4,11.2,5.9,2.9
2108,824,71,56,70,55,69,76,73,65,65,73,75,76,9.9,1.6,3.2,5.9,9.3,13,16.3,17.3,17.2,15.4,11.2,5.9,2.9
2109,824,71,56,70,55,69,76,73,65,65,73,75,76,9.9,1.6,3.2,5.9,9.3,13,16.3,17.3,17.2,15.4,11.2,5.9,2.9
2110,824,71,56,70,55,69,76,73,65,65,73,75,76,9.9,1.6,3.2,5.9,9.3,13,16.3,17.3,17.2,15.4,11.2,5.9,2.9
2111,824,71,56,70,55,69,76,73,65,65,73,75,76,9.9,1.6,3.2,5.9,9.3,13,16.3,17.3,17.2,15.4,11.2,5.9,2.9
2112,824,71,56,70,55,69,76,73,65,65,73,75,76,9.9,1.6,3.2,5.9,9.3,13,16.3,17.3,17.2,15.4,11.2,5.9,2.9
2113,824,71,56,70,55,69,76,73,65,65,73,75,76,9.9,1.6,3.2,5.9,9.3,13,16.3,17.3,17.2,15.4,11.2,5.9,2.9
2114,824,71,56,70,55,69,76,73,65,65,73,75,76,9.9,1.6,3.2,5.9,9.3,13,16.3,17.3,17.2,15.4,11.2,5.9,2.9
2115,831,71,56,70,55,69,76,73,65,65,73,75,76,9.8,1.6,3.2,5.9,9.3,13,16.3,17.3,17.2,15.4,11.2,5.9,2.9
2116,829,72,57,70,56,69,76,73,65,65,73,76,77,9.9,1.6,3.2,5.9,9.2,13,16.2,17.2,17.2,15.4,11.1,5.9,2.8
2117,824,72,57,70,56,69,76,73,65,65,73,76,77,9.9,1.6,3.2,5.9,9.2,13,16.2,17.2,17.2,15.4,11.1,5.9,2.8
2118,824,72,57,70,56,69,76,73,65,65,73,76,77,9.9,1.6,3.2,5.9,9.2,13,16.2,17.2,17.2,15.4,11.1,5.9,2.8
2119,824,71,56,70,55,69,76,73,65,65,73,75,76,9.9,1.6,3.2,5.9,9.3,13,16.3,17.3,17.2,15.4,11.2,5.9,2.9
2120,824,71,56,70,55,69,76,73,65,65,73,75,76,9.9,1.6,3.2,5.9,9.3,13,16.3,17.3,17.2,15.4,11.2,5.9,2.9
2121,824,71,56,70,55,69,76,73,65,65,73,75,76,9.9,1.6,3.2,5.9,9.3,13,16.3,17.3,17.2,15.4,11.2,5.9,2.9
2122,824,71,56,70,55,69,76,73,65,65,73,75,76,9.9,1.6,3.2,5.9,9.3,13,16.3,17.3,17.2,15.4,11.2,5.9,2.9
2123,824,71,56,70,55,69,76,73,65,65,73,75,76,9.9,1.6,3.2,5.9,9.3,13,16.3,17.3,17.2,15.4,11.2,5.9,2.9
2124,829,72,57,70,56,69,76,73,65,65,73,76,77,9.9,1.6,3.2,5.9,9.2,13,16.2,17.2,17.2,15.4,11.1,5.9,2.8
2125,829,72,57,70,56,69,76,73,65,65,73,76,77,9.9,1.6,3.2,5.9,9.2,13,16.2,17.2,17.2,15.4,11.1,5.9,2.8
2126,824,72,57,70,56,69,76,73,65,65,73,76,77,9.9,1.6,3.2,5.9,9.2,13,16.2,17.2,17.2,15.4,11.1,5.9,2.8
2127,824,72,57,70,56,69,76,73,65,65,73,76,77,9.9,1.6,3.2,5.9,9.2,13,16.2,17.2,17.2,15.4,11.1,5.9,2.8
2128,824,71,56,70,55,69,76,73,65,65,73,75,76,9.9,1.6,3.2,5.9,9.3,13,16.3,17.3,17.2,15.4,11.2,5.9,2.9
2129,824,71,56,70,55,69,76,73,65,65,73,75,76,9.9,1.6,3.2,5.9,9.3,13,16.3,17.3,17.2,15.4,11.2,5.9,2.9
2130,824,71,56,70,55,69,76,73,65,65,73,75,76,9.9,1.6,3.2,5.9,9.3,13,16.3,17.3,17.2,15.4,11.2,5.9,2.9
2131,829,72,57,70,56,69,76,73,65,65,73,76,77,9.9,1.6,3.2,5.9,9.2,13,16.2,17.2,17.2,15.4,11.1,5.9,2.8
2132,829,72,57,70,56,69,76,73,65,65,73,76,77,9.9,1.6,3.2,5.9,9.2,13,16.2,17.2,17.2,15.4,11.1,5.9,2.8
2133,829,72,57,70,56,69,76,73,65,65,73,76,77,9.9,1.6,3.2,5.9,9.2,13,16.2,17.2,17.2,15.4,11.1,5.9,2.8
2134,824,72,57,70,56,69,76,73,65,65,73,76,77,9.9,1.6,3.2,5.9,9.2,13,16.2,17.2,17.2,15.4,11.1,5.9,2.8
2135,824,71,56,70,55,69,76,73,65,65,73,75,76,9.9,1.6,3.2,5.9,9.3,13,16.3,17.3,17.2,15.4,11.2,5.9,2.9
2136,824,71,56,70,55,69,76,73,65,65,73,75,76,9.9,1.6,3.2,5.9,9.3,13,16.3,17.3,17.2,15.4,11.2,5.9,2.9
2137,824,71,56,70,55,69,76,73,65,65,73,75,76,9.9,1.6,3.2,5.9,9.3,13,16.3,17.3,17.2,15.4,11.2,5.9,2.9
2138,824,71,56,70,55,69,76,73,65,65,73,75,76,9.9,1.6,3.2,5.9,9.3,13,16.3,17.3,17.2,15.4,11.2,5.9,2.9
2139,829,72,57,70,56,69,76,73,65,65,73,76,77,9.9,1.6,3.2,5.9,9.2,13,16.2,17.2,17.2,15.4,11.1,5.9,2.8
2140,829,72,57,70,56,69,76,73,65,65,73,76,77,9.9,1.6,3.2,5.9,9.2,13,16.2,17.2,17.2,15.4,11.1,5.9,2.8
2141,829,72,57,70,56,69,76,73,65,65,73,76,77,9.9,1.6,3.2,5.9,9.2,13,16.2,17.2,17.2,15.4,11.1,5.9,2.8
2142,829,72,57,70,56,69,76,73,65,65,73,76,77,9.9,1.6,3.2,5.9,9.2,13,16.2,17.2,17.2,15.4,11.1,5.9,2.8
2143,824,72,57,70,56,69,76,73,65,65,73,76,77,9.9,1.6,3.2,5.9,9.2,13,16.2,17.2,17.2,15.4,11.1,5.9,2.8
2144,824,72,57,70,56,69,76,73,65,65,73,76,77,9.9,1.6,3.2,5.9,9.2,13,16.2,17.2,17.2,15.4,11.1,5.9,2.8
2145,824,71,56,70,55,69,76,73,65,65,73,75,76,9.9,1.6,3.2,5.9,9.3,13,16.3,17.3,17.2,15.4,11.2,5.9,2.9
2146,824,71,56,70,55,69,76,73,65,65,73,75,76,9.9,1.6,3.2,5.9,9.3,13,16.3,17.3,17.2,15.4,11.2,5.9,2.9
2147,824,71,56,70,55,69,76,73,65,65,73,75,76,9.9,1.6,3.2,5.9,9.3,13,16.3,17.3,17.2,15.4,11.2,5.9,2.9
2148,829,72,57,70,56,69,76,73,65,65,73,76,77,9.9,1.6,3.2,5.9,9.2,13,16.2,17.2,17.2,15.4,11.1,5.9,2.8
2149,829,72,57,70,56,69,76,73,65,65,73,76,77,9.9,1.6,3.2,5.9,9.2,13,16.2,17.2,17.2,15.4,11.1,5.9,2.8
2150,824,72,57,70,56,69,76,73,65,65,73,76,77,9.9,1.6,3.2,5.9,9.2,13,16.2,17.2,17.2,15.4,11.1,5.9,2.8
2151,824,72,57,70,56,69,76,73,65,65,73,76,77,9.9,1.6,3.2,5.9,9.2,13,16.2,17.2,17.2,15.4,11.1,5.9,2.8
2152,824,71,56,70,55,69,76,73,65,65,73,75,76,9.9,1.6,3.2,5.9,9.3,13,16.3,17.3,17.2,15.4,11.2,5.9,2.9
2153,824,71,56,70,55,69,76,73,65,65,73,75,76,9.9,1.6,3.2,5.9,9.3,13,16.3,17.3,17.2,15.4,11.2,5.9,2.9
2154,831,71,56,70,55,69,76,73,65,65,73,75,76,9.8,1.6,3.2,5.9,9.3,13,16.3,17.3,17.2,15.4,11.2,5.9,2.9
2155,829,72,57,70,56,69,76,73,65,65,73,76,77,9.9,1.6,3.2,5.9,9.2,13,16.2,17.2,17.2,15.4,11.1,5.9,2.8
2156,829,72,57,70,56,69,76,73,65,65,73,76,77,9.9,1.6,3.2,5.9,9.2,13,16.2,17.2,17.2,15.4,11.1,5.9,2.8
2157,829,72,57,70,56,69,76,73,65,65,73,76,77,9.9,1.6,3.2,5.9,9.2,13,16.2,17.2,17.2,15.4,11.1,5.9,2.8
2158,824,72,57,70,56,69,76,73,65,65,73,76,77,9.9,1.6,3.2,5.9,9.2,13,16.2,17.2,17.2,15.4,11.1,5.9,2.8
2159,831,71,56,70,55,69,76,73,65,65,73,75,76,9.8,1.6,3.2,5.9,9.3,13,16.3,17.3,17.2,15.4,11.2,5.9,2.9
2160,831,72,57,70,56,69,76,73,66,66,73,76,77,9.8,1.5,3.1,5.8,9.3,12.9,16.2,17.2,17.1,15.2,11.1,5.7,2.7
2161,829,72,57,70,56,69,76,73,65,65,73,76,77,9.9,1.6,3.2,5.9,9.2,13,16.2,17.2,17.2,15.4,11.1,5.9,2.8
2162,829,72,57,70,56,69,76,73,65,65,73,76,77,9.9,1.6,3.2,5.9,9.2,13,16.2,17.2,17.2,15.4,11.1,5.9,2.8
2163,829,72,57,70,56,69,76,73,65,65,73,76,77,9.9,1.6,3.2,5.9,9.2,13,16.2,17.2,17.2,15.4,11.1,5.9,2.8
2164,831,72,57,70,56,69,76,73,65,65,73,76,77,9.8,1.6,3.2,5.9,9.2,13,16.2,17.2,17.2,15.4,11.1,5.9,2.8
2165,831,72,58,71,56,70,77,74,66,66,74,77,78,9.8,1.5,3.2,5.8,9.1,12.9,16,17.2,17.1,15.3,10.9,5.8,2.7
2166,829,72,57,70,56,69,76,73,65,65,73,76,77,9.9,1.6,3.2,5.9,9.2,13,16.2,17.2,17.2,15.4,11.1,5.9,2.8
2167,829,72,57,70,56,69,76,73,65,65,73,76,77,9.9,1.6,3.2,5.9,9.2,13,16.2,17.2,17.2,15.4,11.1,5.9,2.8
2168,839,72,57,70,56,69,76,73,65,65,73,76,77,9.8,1.6,3.2,5.9,9.2,13,16.2,17.2,17.2,15.4,11.1,5.9,2.8
2169,831,72,58,71,56,70,77,74,66,66,74,77,78,9.8,1.5,3.2,5.8,9.1,12.9,16,17.2,17.1,15.3,10.9,5.8,2.7
2170,831,72,58,71,56,70,77,74,66,66,74,77,78,9.8,1.5,3.2,5.8,9.1,12.9,16,17.2,17.1,15.3,10.9,5.8,2.7
2171,829,72,57,70,56,69,76,73,66,65,73,76,77,9.9,1.5,3.2,5.8,9.2,12.9,16.2,17.2,17.2,15.2,11.1,5.8,2.7
2172,839,72,57,70,56,69,76,73,65,65,73,76,77,9.8,1.6,3.2,5.9,9.2,13,16.2,17.2,17.2,15.4,11.1,5.9,2.8
2173,839,72,57,70,56,69,76,73,65,65,73,76,77,9.8,1.6,3.2,5.9,9.2,13,16.2,17.2,17.2,15.4,11.1,5.9,2.8
2174,839,72,58,71,56,70,77,74,66,66,74,77,78,9.8,1.5,3.2,5.8,9.1,12.9,16,17.2,17.1,15.3,10.9,5.8,2.7
2175,839,72,58,71,56,70,77,74,66,66,74,77,78,9.8,1.5,3.2,5.8,9.1,12.9,16,17.2,17.1,15.3,10.9,5.8,2.7
2176,831,72,58,71,56,70,77,74,66,66,74,77,78,9.8,1.5,3.2,5.8,9.1,12.9,16,17.2,17.1,15.3,10.9,5.8,2.7
2177,839,72,57,70,56,69,76,73,66,66,73,76,78,9.8,1.5,3.1,5.8,9.3,12.9,16.2,17.2,17.1,15.2,11.1,5.7,2.7
2178,839,72,58,71,56,70,77,74,66,66,74,77,78,9.8,1.5,3.2,5.8,9.1,12.9,16,17.2,17.1,15.3,10.9,5.8,2.7
2179,839,72,58,71,56,70,77,74,66,66,74,77,78,9.8,1.5,3.2,5.8,9.1,12.9,16,17.2,17.1,15.3,10.9,5.8,2.7
2180,839,72,58,71,56,70,77,74,66,66,74,77,78,9.8,1.5,3.2,5.8,9.1,12.9,16,17.2,17.1,15.3,10.9,5.8,2.7
2181,839,72,58,71,56,70,77,74,66,66,74,77,78,9.8,1.5,3.2,5.8,9.1,12.9,16,17.2,17.1,15.3,10.9,5.8,2.7
2182,839,72,58,71,56,70,77,74,66,66,74,77,78,9.8,1.5,3.2,5.8,9.1,12.9,16,17.2,17.1,15.3,10.9,5.8,2.7
2183,839,72,58,71,56,70,77,74,66,66,74,77,78,9.8,1.5,3.2,5.8,9.1,12.9,16,17.2,17.1,15.3,10.9,5.8,2.7
2184,839,72,58,71,56,70,77,74,66,66,74,77,78,9.8,1.5,3.2,5.8,9.1,12.9,16,17.2,17.1,15.3,10.9,5.8,2.7
2185,839,72,58,71,56,70,77,74,66,66,74,77,78,9.8,1.5,3.2,5.8,9.1,12.9,16,17.2,17.1,15.3,10.9,5.8,2.7
2186,839,72,58,71,56,70,77,74,66,66,74,77,78,9.8,1.5,3.2,5.8,9.1,12.9,16,17.2,17.1,15.3,10.9,5.8,2.7
11000,831,72,57,70,56,69,76,73,66,66,73,76,77,9.8,1.5,3.1,5.8,9.3,12.9,16.2,17.2,17.1,15.2,11.1,5.7,2.7
21000,824,72,57,70,56,69,76,73,65,65,73,76,77,9.9,1.6,3.2,5.9,9.2,13,16.2,17.2,17.2,15.4,11.1,5.9,2.8
31000,673,53,39,47,42,47,53,61,59,65,70,77,60,10.2,3.2,4,6,8.8,12.3,15.1,16.7,16.9,15.4,11.7,7.5,4.4
41000,805,71,54,70,53,69,75,70,63,65,73,71,71,9.9,1.8,3.2,5.9,9.3,13,16.3,17.3,17.3,15.2,11,6,3
42000,805,71,54,70,53,69,75,70,63,65,73,71,71,9.9,1.8,3.2,5.9,9.3,13,16.3,17.3,17.3,15.2,11,6,3
43000,805,71,54,70,53,69,75,70,63,65,73,71,71,9.9,1.8,3.2,5.9,9.3,13,16.3,17.3,17.3,15.2,11,6,3
51000,796,70,52,68,52,67,74,70,64,66,72,69,70,9.9,2.1,3.2,5.9,9.2,13.1,16.2,17.4,17.3,15.1,11.2,6,3
53000,796,70,53,68,52,67,74,70,64,66,72,70,70,9.9,2.1,3.2,5.9,9,12.9,16.2,17.3,17.3,15,11,6.1,3
71000,706,54,45,46,44,50,56,65,65,65,72,78,66,9.9,2.6,3.8,5.9,8.6,12.3,15,16.6,16.8,15.3,11.5,7,3.9
81000,818,72,54,70,53,69,75,70,63,66,73,71,71,9.8,1.8,3.2,5.9,9.2,13,16.1,17.4,17.2,15.2,11.1,5.8,2.9
91000,764,65,49,62,48,57,66,68,65,65,75,72,70,10.2,2.6,3.5,5.9,9,12.9,15.9,17.5,17.6,15.6,11.8,6.8,3.9
101000,837,71,58,71,56,69,76,74,67,65,73,78,79,9.8,1.5,3.1,5.8,9.3,12.9,16,17.2,17,15.2,11,5.8,2.7
111000,804,68,56,67,53,64,73,71,66,64,72,75,75,10.1,2,3.5,6.2,9.4,13,16.2,17.4,17.3,15.5,11.2,6.1,3.3
121000,814,72,55,70,54,69,75,71,64,66,73,72,72,9.8,1.8,3.1,5.8,9,12.8,16,17.2,17.1,15.1,10.9,5.8,2.9
131000,782,66,52,66,51,62,71,69,64,64,72,73,72,10.3,2.2,3.7,6.2,9.4,13.1,16.3,17.6,17.5,15.7,11.5,6.5,3.5
141100,797,72,51,69,50,63,73,71,64,68,75,69,72,9.8,2.1,3.1,5.5,8.6,12.7,15.8,17.2,17.1,14.8,11,6.1,3.1
141200,797,72,51,69,50,63,73,71,64,68,74,69,72,9.8,2.2,3.1,5.5,8.7,12.8,15.8,17.2,17.1,14.7,10.9,6,3.1
151000,781,71,50,70,50,63,70,68,61,67,76,69,70,10,2.3,3.3,5.8,8.9,12.9,16,17.3,17.3,15.2,11.4,6.4,3.3
155000,781,71,49,70,49,63,70,68,61,67,76,68,69,10,2.3,3.3,5.9,8.9,12.9,16,17.3,17.3,15.2,11.4,6.4,3.3
156000,781,71,50,70,50,63,70,68,61,67,76,69,70,10,2.3,3.3,5.8,8.9,12.9,16,17.3,17.3,15.2,11.4,6.4,3.3
171100,773,68,49,67,50,62,69,68,61,65,75,70,69,10.3,2.4,3.7,6.1,9.4,13.1,16.3,17.5,17.5,15.6,11.6,6.6,3.5
171200,773,68,49,67,50,62,69,68,61,65,75,70,69,10.3,2.4,3.7,6.1,9.4,13.1,16.3,17.5,17.5,15.6,11.6,6.6,3.5
300001,799,71,53,70,53,68,74,69,63,65,73,70,70,10,1.9,3.3,5.9,9.3,13.1,16.2,17.5,17.3,15.3,11.2,5.9,3
300002,818,72,54,70,53,69,75,70,63,66,73,71,71,9.8,1.8,3.2,5.9,9.2,13,16.1,17.4,17.2,15.2,11.1,5.8,2.9
300003,818,73,55,71,54,70,76,71,64,66,74,72,72,9.8,1.7,3.1,5.7,9.1,12.9,16,17.2,17.1,15.1,11,5.7,2.9
300004,820,73,55,71,54,70,76,71,64,66,74,72,72,9.8,1.7,3.1,5.7,9.1,12.9,16,17.2,17.1,15.1,11,5.7,2.9
300005,814,73,55,71,54,70,76,71,65,66,74,72,73,9.8,1.7,3,5.7,9,12.9,16.1,17.2,17.1,15,11,5.7,2.8
300006,794,72,55,71,54,69,75,71,64,66,73,72,72,10.1,1.7,3.1,5.8,9,12.9,16,17.2,17.1,15.1,11,5.9,2.9
300007,813,72,55,70,54,69,75,71,64,66,73,72,72,9.9,1.8,3.1,5.8,9.1,13,16.1,17.2,17.2,15.2,11,5.8,2.8
300008,808,72,54,70,53,69,75,70,64,66,73,71,71,9.9,1.8,3.2,5.9,9.2,13,16.2,17.3,17.1,15.2,11.1,5.8,2.9
300009,813,72,55,70,54,69,75,71,64,66,73,72,72,9.8,1.8,3.1,5.8,9,12.9,16,17.2,17.1,15.1,11,5.8,2.9
300010,813,72,55,70,54,69,75,71,64,66,73,72,72,9.8,1.8,3.1,5.8,9,12.8,16,17.2,17.1,15.1,10.9,5.8,2.9
300011,813,72,55,70,54,69,75,71,64,66,73,72,72,9.8,1.8,3.1,5.8,9,12.8,16,17.2,17.1,15.1,10.9,5.8,2.9
300012,813,72,55,70,54,69,75,71,64,66,73,72,72,9.8,1.8,3.1,5.8,9,12.9,16,17.2,17.1,15.1,11,5.8,2.9
300013,814,72,55,70,54,69,75,71,64,66,73,72,72,9.8,1.8,3.1,5.8,9,12.9,16,17.2,17.1,15.1,11,5.8,2.9
300014,814,72,55,70,54,69,75,71,64,66,73,72,72,9.8,1.8,3.1,5.8,9,12.9,16,17.2,17.1,15.1,11,5.8,2.9
300015,812,72,55,70,54,69,75,71,64,66,73,72,72,9.8,1.8,3.1,5.8,9,12.8,16,17.2,17.1,15.1,10.9,5.8,2.9
300016,812,72,55,70,54,69,75,71,64,66,73,71,72,9.8,1.8,3.1,5.8,9,12.9,16.2,17.2,17.2,15.1,11,5.8,2.9
300017,812,72,55,70,54,69,75,71,64,66,73,71,72,9.8,1.8,3.1,5.8,9,12.9,16.2,17.2,17.2,15.1,11,5.8,2.9
300018,814,72,55,70,54,69,75,71,64,66,73,71,72,9.8,1.8,3.1,5.8,9,12.9,16.2,17.2,17.2,15.1,11,5.8,2.9
300019,814,72,55,70,54,69,75,71,64,66,73,71,72,9.8,1.8,3.1,5.8,9,12.9,16.2,17.2,17.2,15.1,11,5.8,2.9
300022,812,72,55,70,54,69,75,71,64,66,73,71,72,9.8,1.8,3.1,5.8,9,12.9,16.2,17.2,17.2,15.1,11,5.8,2.9
300023,810,72,55,70,53,69,75,71,64,66,73,71,71,9.8,1.8,3.1,5.8,9,13,16.2,17.2,17.2,15.1,11,5.8,2.9
300024,823,73,56,71,54,70,76,72,65,67,74,72,73,9.7,1.7,3,5.6,8.9,12.7,15.9,17.1,17.1,14.9,10.8,5.7,2.7
300025,815,72,55,70,54,69,76,71,65,66,73,72,72,9.8,1.7,3.1,5.7,9,12.9,16.1,17.2,17.1,15,11,5.8,2.9
400000,784,71,49,69,49,61,69,69,63,67,77,70,70,10,2.3,3.4,5.7,8.8,12.8,16,17.3,17.3,15.2,11.4,6.3,3.5
