Unieknr,plot_id,soil_unit,reference_soil_group,rsg_pq_cod,pq_code,pq1,pq2,pq3,sq_drainag,sq_texture,sq_morphol,sq_fertili,belgisch_bodemtype,belgisch_bodemdistrict,bodemkaart_streek,bodemtype_ruw,bodemtype,bodemserie_c,bodemserie,Substr_V_c,SubstraatV,Textuur_c,Textuur,Drainage_c,Drainage,Profontw_c,Profontw,Fase_c,Fase,Varimoma_c,Varimoma,Variprof_c,Variprof,Serie_c,Serie,Subserie_c,Subserie,Type_c,Type,Subtype_c,Subtype,Uitleg_tit,Uitleg,Type_class,Bodtypstr,PNV,Kaartbldnr
101,101,Dystric Glossic Fragic Retisols (Siltic),Retisols,RT-fc.gs.dy,fc.gs.dy,Fragic,Glossic,Dystric,-,Siltic,-,Dystric,Abc0,Brabants plateau,Zandstreek,Droge leem,Abc0,Abc,"Droge leembodem met sterk gevlekte, verbrokkelde textuur B horizont",,,A,leem,b,"droog, niet gleyig",c,"met sterk gevlekte textuur (bij lemige sedimenten), verbrokkelde textuur B horizont ( bij zandige sedimenten)",0,Betekenis afhankelijk van het bodemtype (zie toelichtingsboekje),,,,,,,,,,,,,bodemserie Abc en complex AbB in de AbB in de Zandstreek,"Deze droge leemgronden met sterk gevlekte textuur B horizont komen voor nabij de overgangszone met de Leemstreek alsook in enkele alluviale valleien.eDeze bodems hebben een bruingrijze Ap (20-25 cm) die rust op een bruine C horizont, waarin weinig of gee",Rest van Vlaanderen,Abc0-ZS,5,103E
102,102,Eutric Neocambic Retisols (Siltic),Retisols,RT-nc.eu,nc.eu,Neocambic,Eutric,-,-,Siltic,-,Eutric,Aba(b),Brabants plateau,Zandstreek,Droge leem,Aba(b),Aba,Droge leembodem met textuur B horizont,,,A,leem,b,"droog, niet gleyig",a,met textuur B horizont of met weinig duidelijke kleur B horizont,,,,,(b),Gevlekte textuur B horizont,,,,,,,,,bodemserie Aba in de Zandstreek,"De serie Aba ontwikkeld in het Pleistocene loessdek vertoont onder de A horizont een aan klei en sesquioxiden aangerijkte textuur B horizont. De bouwvoor is een donkerbruin, homogeen humushoudend leem; bij Abao rust de Ap op een geelbruine overgangshoriz",Rest van Vlaanderen,Aba(b)-ZS,5,103E
103,103,Eutric Neocambic Retisols (Siltic),Retisols,RT-nc.eu,nc.eu,Neocambic,Eutric,-,-,Siltic,-,Eutric,Aba(b),Brabants plateau,Zandstreek,Droge leem,Aba(b),Aba,Droge leembodem met textuur B horizont,,,A,leem,b,"droog, niet gleyig",a,met textuur B horizont of met weinig duidelijke kleur B horizont,,,,,(b),Gevlekte textuur B horizont,,,,,,,,,bodemserie Aba in de Zandstreek,"De serie Aba ontwikkeld in het Pleistocene loessdek vertoont onder de A horizont een aan klei en sesquioxiden aangerijkte textuur B horizont. De bouwvoor is een donkerbruin, homogeen humushoudend leem; bij Abao rust de Ap op een geelbruine overgangshoriz",Rest van Vlaanderen,Aba(b)-ZS,5,103E
104,104,Dystric Glossic Fragic Retisols (Siltic),Retisols,RT-fc.gs.dy,fc.gs.dy,Fragic,Glossic,Dystric,-,Siltic,-,Dystric,Abc0,Brabants plateau,Zandstreek,Droge leem,Abc0,Abc,"Droge leembodem met sterk gevlekte, verbrokkelde textuur B horizont",,,A,leem,b,"droog, niet gleyig",c,"met sterk gevlekte textuur (bij lemige sedimenten), verbrokkelde textuur B horizont ( bij zandige sedimenten)",0,Betekenis afhankelijk van het bodemtype (zie toelichtingsboekje),,,,,,,,,,,,,bodemserie Abc en complex AbB in de AbB in de Zandstreek,"Deze droge leemgronden met sterk gevlekte textuur B horizont komen voor nabij de overgangszone met de Leemstreek alsook in enkele alluviale valleien.eDeze bodems hebben een bruingrijze Ap (20-25 cm) die rust op een bruine C horizont, waarin weinig of gee",Rest van Vlaanderen,Abc0-ZS,5,103E
105,105,Eutric Neocambic Retisols (Siltic),Retisols,RT-nc.eu,nc.eu,Neocambic,Eutric,-,-,Siltic,-,Eutric,Aba(b),Brabants plateau,Zandstreek,Droge leem,Aba(b),Aba,Droge leembodem met textuur B horizont,,,A,leem,b,"droog, niet gleyig",a,met textuur B horizont of met weinig duidelijke kleur B horizont,,,,,(b),Gevlekte textuur B horizont,,,,,,,,,bodemserie Aba in de Zandstreek,"De serie Aba ontwikkeld in het Pleistocene loessdek vertoont onder de A horizont een aan klei en sesquioxiden aangerijkte textuur B horizont. De bouwvoor is een donkerbruin, homogeen humushoudend leem; bij Abao rust de Ap op een geelbruine overgangshoriz",Rest van Vlaanderen,Aba(b)-ZS,5,103E
106,106,Eutric Neocambic Retisols (Siltic),Retisols,RT-nc.eu,nc.eu,Neocambic,Eutric,-,-,Siltic,-,Eutric,Aba(b),Brabants plateau,Zandstreek,Droge leem,Aba(b),Aba,Droge leembodem met textuur B horizont,,,A,leem,b,"droog, niet gleyig",a,met textuur B horizont of met weinig duidelijke kleur B horizont,,,,,(b),Gevlekte textuur B horizont,,,,,,,,,bodemserie Aba in de Zandstreek,"De serie Aba ontwikkeld in het Pleistocene loessdek vertoont onder de A horizont een aan klei en sesquioxiden aangerijkte textuur B horizont. De bouwvoor is een donkerbruin, homogeen humushoudend leem; bij Abao rust de Ap op een geelbruine overgangshoriz",Rest van Vlaanderen,Aba(b)-ZS,5,103E
107,107,Dystric Glossic Fragic Retisols (Siltic),Retisols,RT-fc.gs.dy,fc.gs.dy,Fragic,Glossic,Dystric,-,Siltic,-,Dystric,Abc0,Brabants plateau,Zandstreek,Droge leem,Abc0,Abc,"Droge leembodem met sterk gevlekte, verbrokkelde textuur B horizont",,,A,leem,b,"droog, niet gleyig",c,"met sterk gevlekte textuur (bij lemige sedimenten), verbrokkelde textuur B horizont ( bij zandige sedimenten)",0,Betekenis afhankelijk van het bodemtype (zie toelichtingsboekje),,,,,,,,,,,,,bodemserie Abc en complex AbB in de AbB in de Zandstreek,"Deze droge leemgronden met sterk gevlekte textuur B horizont komen voor nabij de overgangszone met de Leemstreek alsook in enkele alluviale valleien.eDeze bodems hebben een bruingrijze Ap (20-25 cm) die rust op een bruine C horizont, waarin weinig of gee",Rest van Vlaanderen,Abc0-ZS,5,103E
108,108,Dystric Glossic Fragic Retisols (Siltic),Retisols,RT-fc.gs.dy,fc.gs.dy,Fragic,Glossic,Dystric,-,Siltic,-,Dystric,Abc0,Brabants plateau,Zandstreek,Droge leem,Abc0,Abc,"Droge leembodem met sterk gevlekte, verbrokkelde textuur B horizont",,,A,leem,b,"droog, niet gleyig",c,"met sterk gevlekte textuur (bij lemige sedimenten), verbrokkelde textuur B horizont ( bij zandige sedimenten)",0,Betekenis afhankelijk van het bodemtype (zie toelichtingsboekje),,,,,,,,,,,,,bodemserie Abc en complex AbB in de AbB in de Zandstreek,"Deze droge leemgronden met sterk gevlekte textuur B horizont komen voor nabij de overgangszone met de Leemstreek alsook in enkele alluviale valleien.eDeze bodems hebben een bruingrijze Ap (20-25 cm) die rust op een bruine C horizont, waarin weinig of gee",Rest van Vlaanderen,Abc0-ZS,5,103E
109,109,Eutric Neocambic Retisols (Siltic),Retisols,RT-nc.eu,nc.eu,Neocambic,Eutric,-,-,Siltic,-,Eutric,Aba(b),Brabants plateau,Zandstreek,Droge leem,Aba(b),Aba,Droge leembodem met textuur B horizont,,,A,leem,b,"droog, niet gleyig",a,met textuur B horizont of met weinig duidelijke kleur B horizont,,,,,(b),Gevlekte textuur B horizont,,,,,,,,,bodemserie Aba in de Zandstreek,"De serie Aba ontwikkeld in het Pleistocene loessdek vertoont onder de A horizont een aan klei en sesquioxiden aangerijkte textuur B horizont. De bouwvoor is een donkerbruin, homogeen humushoudend leem; bij Abao rust de Ap op een geelbruine overgangshoriz",Rest van Vlaanderen,Aba(b)-ZS,5,103E
110,110,Eutric Neocambic Retisols (Siltic),Retisols,RT-nc.eu,nc.eu,Neocambic,Eutric,-,-,Siltic,-,Eutric,Aba(b),Brabants plateau,Zandstreek,Droge leem,Aba(b),Aba,Droge leembodem met textuur B horizont,,,A,leem,b,"droog, niet gleyig",a,met textuur B horizont of met weinig duidelijke kleur B horizont,,,,,(b),Gevlekte textuur B horizont,,,,,,,,,bodemserie Aba in de Zandstreek,"De serie Aba ontwikkeld in het Pleistocene loessdek vertoont onder de A horizont een aan klei en sesquioxiden aangerijkte textuur B horizont. De bouwvoor is een donkerbruin, homogeen humushoudend leem; bij Abao rust de Ap op een geelbruine overgangshoriz",Rest van Vlaanderen,Aba(b)-ZS,5,103E
111,111,Eutric Neocambic Retisols (Siltic),Retisols,RT-nc.eu,nc.eu,Neocambic,Eutric,-,-,Siltic,-,Eutric,Aba(b),Brabants plateau,Zandstreek,Droge leem,Aba(b),Aba,Droge leembodem met textuur B horizont,,,A,leem,b,"droog, niet gleyig",a,met textuur B horizont of met weinig duidelijke kleur B horizont,,,,,(b),Gevlekte textuur B horizont,,,,,,,,,bodemserie Aba in de Zandstreek,"De serie Aba ontwikkeld in het Pleistocene loessdek vertoont onder de A horizont een aan klei en sesquioxiden aangerijkte textuur B horizont. De bouwvoor is een donkerbruin, homogeen humushoudend leem; bij Abao rust de Ap op een geelbruine overgangshoriz",Rest van Vlaanderen,Aba(b)-ZS,5,103E
112,112,Dystric Glossic Fragic Retisols (Siltic),Retisols,RT-fc.gs.dy,fc.gs.dy,Fragic,Glossic,Dystric,-,Siltic,-,Dystric,Abc0,Brabants plateau,Zandstreek,Droge leem,Abc0,Abc,"Droge leembodem met sterk gevlekte, verbrokkelde textuur B horizont",,,A,leem,b,"droog, niet gleyig",c,"met sterk gevlekte textuur (bij lemige sedimenten), verbrokkelde textuur B horizont ( bij zandige sedimenten)",0,Betekenis afhankelijk van het bodemtype (zie toelichtingsboekje),,,,,,,,,,,,,bodemserie Abc en complex AbB in de AbB in de Zandstreek,"Deze droge leemgronden met sterk gevlekte textuur B horizont komen voor nabij de overgangszone met de Leemstreek alsook in enkele alluviale valleien.eDeze bodems hebben een bruingrijze Ap (20-25 cm) die rust op een bruine C horizont, waarin weinig of gee",Rest van Vlaanderen,Abc0-ZS,5,103E
113,113,Dystric Glossic Fragic Retisols (Siltic),Retisols,RT-fc.gs.dy,fc.gs.dy,Fragic,Glossic,Dystric,-,Siltic,-,Dystric,Abc0,Brabants plateau,Zandstreek,Droge leem,Abc0,Abc,"Droge leembodem met sterk gevlekte, verbrokkelde textuur B horizont",,,A,leem,b,"droog, niet gleyig",c,"met sterk gevlekte textuur (bij lemige sedimenten), verbrokkelde textuur B horizont ( bij zandige sedimenten)",0,Betekenis afhankelijk van het bodemtype (zie toelichtingsboekje),,,,,,,,,,,,,bodemserie Abc en complex AbB in de AbB in de Zandstreek,"Deze droge leemgronden met sterk gevlekte textuur B horizont komen voor nabij de overgangszone met de Leemstreek alsook in enkele alluviale valleien.eDeze bodems hebben een bruingrijze Ap (20-25 cm) die rust op een bruine C horizont, waarin weinig of gee",Rest van Vlaanderen,Abc0-ZS,5,103E
114,114,Dystric Glossic Fragic Retisols (Siltic),Retisols,RT-fc.gs.dy,fc.gs.dy,Fragic,Glossic,Dystric,-,Siltic,-,Dystric,Abc0,Brabants plateau,Zandstreek,Droge leem,Abc0,Abc,"Droge leembodem met sterk gevlekte, verbrokkelde textuur B horizont",,,A,leem,b,"droog, niet gleyig",c,"met sterk gevlekte textuur (bij lemige sedimenten), verbrokkelde textuur B horizont ( bij zandige sedimenten)",0,Betekenis afhankelijk van het bodemtype (zie toelichtingsboekje),,,,,,,,,,,,,bodemserie Abc en complex AbB in de AbB in de Zandstreek,"Deze droge leemgronden met sterk gevlekte textuur B horizont komen voor nabij de overgangszone met de Leemstreek alsook in enkele alluviale valleien.eDeze bodems hebben een bruingrijze Ap (20-25 cm) die rust op een bruine C horizont, waarin weinig of gee",Rest van Vlaanderen,Abc0-ZS,5,103E
115,115,Eutric Neocambic Retisols (Siltic),Retisols,RT-nc.eu,nc.eu,Neocambic,Eutric,-,-,Siltic,-,Eutric,Aba(b),Brabants plateau,Zandstreek,Droge leem,Aba(b),Aba,Droge leembodem met textuur B horizont,,,A,leem,b,"droog, niet gleyig",a,met textuur B horizont of met weinig duidelijke kleur B horizont,,,,,(b),Gevlekte textuur B horizont,,,,,,,,,bodemserie Aba in de Zandstreek,"De serie Aba ontwikkeld in het Pleistocene loessdek vertoont onder de A horizont een aan klei en sesquioxiden aangerijkte textuur B horizont. De bouwvoor is een donkerbruin, homogeen humushoudend leem; bij Abao rust de Ap op een geelbruine overgangshoriz",Rest van Vlaanderen,Aba(b)-ZS,5,103E
116,116,Dystric Glossic Fragic Retisols (Siltic),Retisols,RT-fc.gs.dy,fc.gs.dy,Fragic,Glossic,Dystric,-,Siltic,-,Dystric,Abc0,Brabants plateau,Zandstreek,Droge leem,Abc0,Abc,"Droge leembodem met sterk gevlekte, verbrokkelde textuur B horizont",,,A,leem,b,"droog, niet gleyig",c,"met sterk gevlekte textuur (bij lemige sedimenten), verbrokkelde textuur B horizont ( bij zandige sedimenten)",0,Betekenis afhankelijk van het bodemtype (zie toelichtingsboekje),,,,,,,,,,,,,bodemserie Abc en complex AbB in de AbB in de Zandstreek,"Deze droge leemgronden met sterk gevlekte textuur B horizont komen voor nabij de overgangszone met de Leemstreek alsook in enkele alluviale valleien.eDeze bodems hebben een bruingrijze Ap (20-25 cm) die rust op een bruine C horizont, waarin weinig of gee",Rest van Vlaanderen,Abc0-ZS,5,103E
117,117,Dystric Glossic Fragic Retisols (Siltic),Retisols,RT-fc.gs.dy,fc.gs.dy,Fragic,Glossic,Dystric,-,Siltic,-,Dystric,Abc0,Brabants plateau,Zandstreek,Droge leem,Abc0,Abc,"Droge leembodem met sterk gevlekte, verbrokkelde textuur B horizont",,,A,leem,b,"droog, niet gleyig",c,"met sterk gevlekte textuur (bij lemige sedimenten), verbrokkelde textuur B horizont ( bij zandige sedimenten)",0,Betekenis afhankelijk van het bodemtype (zie toelichtingsboekje),,,,,,,,,,,,,bodemserie Abc en complex AbB in de AbB in de Zandstreek,"Deze droge leemgronden met sterk gevlekte textuur B horizont komen voor nabij de overgangszone met de Leemstreek alsook in enkele alluviale valleien.eDeze bodems hebben een bruingrijze Ap (20-25 cm) die rust op een bruine C horizont, waarin weinig of gee",Rest van Vlaanderen,Abc0-ZS,5,103E
118,118,Dystric Glossic Fragic Retisols (Siltic),Retisols,RT-fc.gs.dy,fc.gs.dy,Fragic,Glossic,Dystric,-,Siltic,-,Dystric,Abc0,Brabants plateau,Zandstreek,Droge leem,Abc0,Abc,"Droge leembodem met sterk gevlekte, verbrokkelde textuur B horizont",,,A,leem,b,"droog, niet gleyig",c,"met sterk gevlekte textuur (bij lemige sedimenten), verbrokkelde textuur B horizont ( bij zandige sedimenten)",0,Betekenis afhankelijk van het bodemtype (zie toelichtingsboekje),,,,,,,,,,,,,bodemserie Abc en complex AbB in de AbB in de Zandstreek,"Deze droge leemgronden met sterk gevlekte textuur B horizont komen voor nabij de overgangszone met de Leemstreek alsook in enkele alluviale valleien.eDeze bodems hebben een bruingrijze Ap (20-25 cm) die rust op een bruine C horizont, waarin weinig of gee",Rest van Vlaanderen,Abc0-ZS,5,103E
119,119,Dystric Glossic Fragic Retisols (Siltic),Retisols,RT-fc.gs.dy,fc.gs.dy,Fragic,Glossic,Dystric,-,Siltic,-,Dystric,Abc0,Brabants plateau,Zandstreek,Droge leem,Abc0,Abc,"Droge leembodem met sterk gevlekte, verbrokkelde textuur B horizont",,,A,leem,b,"droog, niet gleyig",c,"met sterk gevlekte textuur (bij lemige sedimenten), verbrokkelde textuur B horizont ( bij zandige sedimenten)",0,Betekenis afhankelijk van het bodemtype (zie toelichtingsboekje),,,,,,,,,,,,,bodemserie Abc en complex AbB in de AbB in de Zandstreek,"Deze droge leemgronden met sterk gevlekte textuur B horizont komen voor nabij de overgangszone met de Leemstreek alsook in enkele alluviale valleien.eDeze bodems hebben een bruingrijze Ap (20-25 cm) die rust op een bruine C horizont, waarin weinig of gee",Rest van Vlaanderen,Abc0-ZS,5,103E
120,120,Eutric Neocambic Retisols (Siltic),Retisols,RT-nc.eu,nc.eu,Neocambic,Eutric,-,-,Siltic,-,Eutric,Aba(b),Brabants plateau,Zandstreek,Droge leem,Aba(b),Aba,Droge leembodem met textuur B horizont,,,A,leem,b,"droog, niet gleyig",a,met textuur B horizont of met weinig duidelijke kleur B horizont,,,,,(b),Gevlekte textuur B horizont,,,,,,,,,bodemserie Aba in de Zandstreek,"De serie Aba ontwikkeld in het Pleistocene loessdek vertoont onder de A horizont een aan klei en sesquioxiden aangerijkte textuur B horizont. De bouwvoor is een donkerbruin, homogeen humushoudend leem; bij Abao rust de Ap op een geelbruine overgangshoriz",Rest van Vlaanderen,Aba(b)-ZS,5,103E
121,121,Dystric Glossic Fragic Retisols (Siltic),Retisols,RT-fc.gs.dy,fc.gs.dy,Fragic,Glossic,Dystric,-,Siltic,-,Dystric,Abc0,Brabants plateau,Zandstreek,Droge leem,Abc0,Abc,"Droge leembodem met sterk gevlekte, verbrokkelde textuur B horizont",,,A,leem,b,"droog, niet gleyig",c,"met sterk gevlekte textuur (bij lemige sedimenten), verbrokkelde textuur B horizont ( bij zandige sedimenten)",0,Betekenis afhankelijk van het bodemtype (zie toelichtingsboekje),,,,,,,,,,,,,bodemserie Abc en complex AbB in de AbB in de Zandstreek,"Deze droge leemgronden met sterk gevlekte textuur B horizont komen voor nabij de overgangszone met de Leemstreek alsook in enkele alluviale valleien.eDeze bodems hebben een bruingrijze Ap (20-25 cm) die rust op een bruine C horizont, waarin weinig of gee",Rest van Vlaanderen,Abc0-ZS,5,103E
122,122,Dystric Glossic Fragic Retisols (Siltic),Retisols,RT-fc.gs.dy,fc.gs.dy,Fragic,Glossic,Dystric,-,Siltic,-,Dystric,Abc0,Brabants plateau,Zandstreek,Droge leem,Abc0,Abc,"Droge leembodem met sterk gevlekte, verbrokkelde textuur B horizont",,,A,leem,b,"droog, niet gleyig",c,"met sterk gevlekte textuur (bij lemige sedimenten), verbrokkelde textuur B horizont ( bij zandige sedimenten)",0,Betekenis afhankelijk van het bodemtype (zie toelichtingsboekje),,,,,,,,,,,,,bodemserie Abc en complex AbB in de AbB in de Zandstreek,"Deze droge leemgronden met sterk gevlekte textuur B horizont komen voor nabij de overgangszone met de Leemstreek alsook in enkele alluviale valleien.eDeze bodems hebben een bruingrijze Ap (20-25 cm) die rust op een bruine C horizont, waarin weinig of gee",Rest van Vlaanderen,Abc0-ZS,5,103E
123,123,Dystric Glossic Fragic Retisols (Siltic),Retisols,RT-fc.gs.dy,fc.gs.dy,Fragic,Glossic,Dystric,-,Siltic,-,Dystric,Abc0,Brabants plateau,Zandstreek,Droge leem,Abc0,Abc,"Droge leembodem met sterk gevlekte, verbrokkelde textuur B horizont",,,A,leem,b,"droog, niet gleyig",c,"met sterk gevlekte textuur (bij lemige sedimenten), verbrokkelde textuur B horizont ( bij zandige sedimenten)",0,Betekenis afhankelijk van het bodemtype (zie toelichtingsboekje),,,,,,,,,,,,,bodemserie Abc en complex AbB in de AbB in de Zandstreek,"Deze droge leemgronden met sterk gevlekte textuur B horizont komen voor nabij de overgangszone met de Leemstreek alsook in enkele alluviale valleien.eDeze bodems hebben een bruingrijze Ap (20-25 cm) die rust op een bruine C horizont, waarin weinig of gee",Rest van Vlaanderen,Abc0-ZS,5,103E
124,124,Eutric Neocambic Retisols (Siltic),Retisols,RT-nc.eu,nc.eu,Neocambic,Eutric,-,-,Siltic,-,Eutric,Aba(b),Brabants plateau,Zandstreek,Droge leem,Aba(b),Aba,Droge leembodem met textuur B horizont,,,A,leem,b,"droog, niet gleyig",a,met textuur B horizont of met weinig duidelijke kleur B horizont,,,,,(b),Gevlekte textuur B horizont,,,,,,,,,bodemserie Aba in de Zandstreek,"De serie Aba ontwikkeld in het Pleistocene loessdek vertoont onder de A horizont een aan klei en sesquioxiden aangerijkte textuur B horizont. De bouwvoor is een donkerbruin, homogeen humushoudend leem; bij Abao rust de Ap op een geelbruine overgangshoriz",Rest van Vlaanderen,Aba(b)-ZS,5,103E
125,125,Dystric Glossic Fragic Retisols (Siltic),Retisols,RT-fc.gs.dy,fc.gs.dy,Fragic,Glossic,Dystric,-,Siltic,-,Dystric,Abc0,Brabants plateau,Zandstreek,Droge leem,Abc0,Abc,"Droge leembodem met sterk gevlekte, verbrokkelde textuur B horizont",,,A,leem,b,"droog, niet gleyig",c,"met sterk gevlekte textuur (bij lemige sedimenten), verbrokkelde textuur B horizont ( bij zandige sedimenten)",0,Betekenis afhankelijk van het bodemtype (zie toelichtingsboekje),,,,,,,,,,,,,bodemserie Abc en complex AbB in de AbB in de Zandstreek,"Deze droge leemgronden met sterk gevlekte textuur B horizont komen voor nabij de overgangszone met de Leemstreek alsook in enkele alluviale valleien.eDeze bodems hebben een bruingrijze Ap (20-25 cm) die rust op een bruine C horizont, waarin weinig of gee",Rest van Vlaanderen,Abc0-ZS,5,103E
126,126,Dystric Glossic Fragic Retisols (Siltic),Retisols,RT-fc.gs.dy,fc.gs.dy,Fragic,Glossic,Dystric,-,Siltic,-,Dystric,Abc0,Brabants plateau,Zandstreek,Droge leem,Abc0,Abc,"Droge leembodem met sterk gevlekte, verbrokkelde textuur B horizont",,,A,leem,b,"droog, niet gleyig",c,"met sterk gevlekte textuur (bij lemige sedimenten), verbrokkelde textuur B horizont ( bij zandige sedimenten)",0,Betekenis afhankelijk van het bodemtype (zie toelichtingsboekje),,,,,,,,,,,,,bodemserie Abc en complex AbB in de AbB in de Zandstreek,"Deze droge leemgronden met sterk gevlekte textuur B horizont komen voor nabij de overgangszone met de Leemstreek alsook in enkele alluviale valleien.eDeze bodems hebben een bruingrijze Ap (20-25 cm) die rust op een bruine C horizont, waarin weinig of gee",Rest van Vlaanderen,Abc0-ZS,5,103E
127,127,Dystric Glossic Fragic Retisols (Siltic),Retisols,RT-fc.gs.dy,fc.gs.dy,Fragic,Glossic,Dystric,-,Siltic,-,Dystric,Abc0,Brabants plateau,Zandstreek,Droge leem,Abc0,Abc,"Droge leembodem met sterk gevlekte, verbrokkelde textuur B horizont",,,A,leem,b,"droog, niet gleyig",c,"met sterk gevlekte textuur (bij lemige sedimenten), verbrokkelde textuur B horizont ( bij zandige sedimenten)",0,Betekenis afhankelijk van het bodemtype (zie toelichtingsboekje),,,,,,,,,,,,,bodemserie Abc en complex AbB in de AbB in de Zandstreek,"Deze droge leemgronden met sterk gevlekte textuur B horizont komen voor nabij de overgangszone met de Leemstreek alsook in enkele alluviale valleien.eDeze bodems hebben een bruingrijze Ap (20-25 cm) die rust op een bruine C horizont, waarin weinig of gee",Rest van Vlaanderen,Abc0-ZS,5,103E
128,128,Dystric Glossic Fragic Retisols (Siltic),Retisols,RT-fc.gs.dy,fc.gs.dy,Fragic,Glossic,Dystric,-,Siltic,-,Dystric,Abc0,Brabants plateau,Zandstreek,Droge leem,Abc0,Abc,"Droge leembodem met sterk gevlekte, verbrokkelde textuur B horizont",,,A,leem,b,"droog, niet gleyig",c,"met sterk gevlekte textuur (bij lemige sedimenten), verbrokkelde textuur B horizont ( bij zandige sedimenten)",0,Betekenis afhankelijk van het bodemtype (zie toelichtingsboekje),,,,,,,,,,,,,bodemserie Abc en complex AbB in de AbB in de Zandstreek,"Deze droge leemgronden met sterk gevlekte textuur B horizont komen voor nabij de overgangszone met de Leemstreek alsook in enkele alluviale valleien.eDeze bodems hebben een bruingrijze Ap (20-25 cm) die rust op een bruine C horizont, waarin weinig of gee",Rest van Vlaanderen,Abc0-ZS,5,103E
129,129,Dystric Glossic Fragic Retisols (Siltic),Retisols,RT-fc.gs.dy,fc.gs.dy,Fragic,Glossic,Dystric,-,Siltic,-,Dystric,Abc0,Brabants plateau,Zandstreek,Droge leem,Abc0,Abc,"Droge leembodem met sterk gevlekte, verbrokkelde textuur B horizont",,,A,leem,b,"droog, niet gleyig",c,"met sterk gevlekte textuur (bij lemige sedimenten), verbrokkelde textuur B horizont ( bij zandige sedimenten)",0,Betekenis afhankelijk van het bodemtype (zie toelichtingsboekje),,,,,,,,,,,,,bodemserie Abc en complex AbB in de AbB in de Zandstreek,"Deze droge leemgronden met sterk gevlekte textuur B horizont komen voor nabij de overgangszone met de Leemstreek alsook in enkele alluviale valleien.eDeze bodems hebben een bruingrijze Ap (20-25 cm) die rust op een bruine C horizont, waarin weinig of gee",Rest van Vlaanderen,Abc0-ZS,5,103E
130,130,Dystric Glossic Fragic Retisols (Siltic),Retisols,RT-fc.gs.dy,fc.gs.dy,Fragic,Glossic,Dystric,-,Siltic,-,Dystric,Abc0,Brabants plateau,Zandstreek,Droge leem,Abc0,Abc,"Droge leembodem met sterk gevlekte, verbrokkelde textuur B horizont",,,A,leem,b,"droog, niet gleyig",c,"met sterk gevlekte textuur (bij lemige sedimenten), verbrokkelde textuur B horizont ( bij zandige sedimenten)",0,Betekenis afhankelijk van het bodemtype (zie toelichtingsboekje),,,,,,,,,,,,,bodemserie Abc en complex AbB in de AbB in de Zandstreek,"Deze droge leemgronden met sterk gevlekte textuur B horizont komen voor nabij de overgangszone met de Leemstreek alsook in enkele alluviale valleien.eDeze bodems hebben een bruingrijze Ap (20-25 cm) die rust op een bruine C horizont, waarin weinig of gee",Rest van Vlaanderen,Abc0-ZS,5,103E
131,131,Dystric Glossic Fragic Retisols (Siltic),Retisols,RT-fc.gs.dy,fc.gs.dy,Fragic,Glossic,Dystric,-,Siltic,-,Dystric,Abc0,Brabants plateau,Zandstreek,Droge leem,Abc0,Abc,"Droge leembodem met sterk gevlekte, verbrokkelde textuur B horizont",,,A,leem,b,"droog, niet gleyig",c,"met sterk gevlekte textuur (bij lemige sedimenten), verbrokkelde textuur B horizont ( bij zandige sedimenten)",0,Betekenis afhankelijk van het bodemtype (zie toelichtingsboekje),,,,,,,,,,,,,bodemserie Abc en complex AbB in de AbB in de Zandstreek,"Deze droge leemgronden met sterk gevlekte textuur B horizont komen voor nabij de overgangszone met de Leemstreek alsook in enkele alluviale valleien.eDeze bodems hebben een bruingrijze Ap (20-25 cm) die rust op een bruine C horizont, waarin weinig of gee",Rest van Vlaanderen,Abc0-ZS,5,103E
132,132,Eutric Neocambic Retisols (Siltic),Retisols,RT-nc.eu,nc.eu,Neocambic,Eutric,-,-,Siltic,-,Eutric,Aba(b),Brabants plateau,Zandstreek,Droge leem,Aba(b),Aba,Droge leembodem met textuur B horizont,,,A,leem,b,"droog, niet gleyig",a,met textuur B horizont of met weinig duidelijke kleur B horizont,,,,,(b),Gevlekte textuur B horizont,,,,,,,,,bodemserie Aba in de Zandstreek,"De serie Aba ontwikkeld in het Pleistocene loessdek vertoont onder de A horizont een aan klei en sesquioxiden aangerijkte textuur B horizont. De bouwvoor is een donkerbruin, homogeen humushoudend leem; bij Abao rust de Ap op een geelbruine overgangshoriz",Rest van Vlaanderen,Aba(b)-ZS,5,103E
133,133,Eutric Neocambic Retisols (Siltic),Retisols,RT-nc.eu,nc.eu,Neocambic,Eutric,-,-,Siltic,-,Eutric,Aba(b),Brabants plateau,Zandstreek,Droge leem,Aba(b),Aba,Droge leembodem met textuur B horizont,,,A,leem,b,"droog, niet gleyig",a,met textuur B horizont of met weinig duidelijke kleur B horizont,,,,,(b),Gevlekte textuur B horizont,,,,,,,,,bodemserie Aba in de Zandstreek,"De serie Aba ontwikkeld in het Pleistocene loessdek vertoont onder de A horizont een aan klei en sesquioxiden aangerijkte textuur B horizont. De bouwvoor is een donkerbruin, homogeen humushoudend leem; bij Abao rust de Ap op een geelbruine overgangshoriz",Rest van Vlaanderen,Aba(b)-ZS,5,103E
134,134,Dystric Glossic Fragic Retisols (Siltic),Retisols,RT-fc.gs.dy,fc.gs.dy,Fragic,Glossic,Dystric,-,Siltic,-,Dystric,Abc0,Brabants plateau,Zandstreek,Droge leem,Abc0,Abc,"Droge leembodem met sterk gevlekte, verbrokkelde textuur B horizont",,,A,leem,b,"droog, niet gleyig",c,"met sterk gevlekte textuur (bij lemige sedimenten), verbrokkelde textuur B horizont ( bij zandige sedimenten)",0,Betekenis afhankelijk van het bodemtype (zie toelichtingsboekje),,,,,,,,,,,,,bodemserie Abc en complex AbB in de AbB in de Zandstreek,"Deze droge leemgronden met sterk gevlekte textuur B horizont komen voor nabij de overgangszone met de Leemstreek alsook in enkele alluviale valleien.eDeze bodems hebben een bruingrijze Ap (20-25 cm) die rust op een bruine C horizont, waarin weinig of gee",Rest van Vlaanderen,Abc0-ZS,5,103E
135,135,Eutric Neocambic Retisols (Siltic),Retisols,RT-nc.eu,nc.eu,Neocambic,Eutric,-,-,Siltic,-,Eutric,Aba(b),Brabants plateau,Zandstreek,Droge leem,Aba(b),Aba,Droge leembodem met textuur B horizont,,,A,leem,b,"droog, niet gleyig",a,met textuur B horizont of met weinig duidelijke kleur B horizont,,,,,(b),Gevlekte textuur B horizont,,,,,,,,,bodemserie Aba in de Zandstreek,"De serie Aba ontwikkeld in het Pleistocene loessdek vertoont onder de A horizont een aan klei en sesquioxiden aangerijkte textuur B horizont. De bouwvoor is een donkerbruin, homogeen humushoudend leem; bij Abao rust de Ap op een geelbruine overgangshoriz",Rest van Vlaanderen,Aba(b)-ZS,5,103E
136,136,Dystric Glossic Fragic Retisols (Siltic),Retisols,RT-fc.gs.dy,fc.gs.dy,Fragic,Glossic,Dystric,-,Siltic,-,Dystric,Abc0,Brabants plateau,Zandstreek,Droge leem,Abc0,Abc,"Droge leembodem met sterk gevlekte, verbrokkelde textuur B horizont",,,A,leem,b,"droog, niet gleyig",c,"met sterk gevlekte textuur (bij lemige sedimenten), verbrokkelde textuur B horizont ( bij zandige sedimenten)",0,Betekenis afhankelijk van het bodemtype (zie toelichtingsboekje),,,,,,,,,,,,,bodemserie Abc en complex AbB in de AbB in de Zandstreek,"Deze droge leemgronden met sterk gevlekte textuur B horizont komen voor nabij de overgangszone met de Leemstreek alsook in enkele alluviale valleien.eDeze bodems hebben een bruingrijze Ap (20-25 cm) die rust op een bruine C horizont, waarin weinig of gee",Rest van Vlaanderen,Abc0-ZS,5,103E
137,137,Eutric Neocambic Retisols (Siltic),Retisols,RT-nc.eu,nc.eu,Neocambic,Eutric,-,-,Siltic,-,Eutric,Aba(b),Brabants plateau,Zandstreek,Droge leem,Aba(b),Aba,Droge leembodem met textuur B horizont,,,A,leem,b,"droog, niet gleyig",a,met textuur B horizont of met weinig duidelijke kleur B horizont,,,,,(b),Gevlekte textuur B horizont,,,,,,,,,bodemserie Aba in de Zandstreek,"De serie Aba ontwikkeld in het Pleistocene loessdek vertoont onder de A horizont een aan klei en sesquioxiden aangerijkte textuur B horizont. De bouwvoor is een donkerbruin, homogeen humushoudend leem; bij Abao rust de Ap op een geelbruine overgangshoriz",Rest van Vlaanderen,Aba(b)-ZS,5,103E
138,138,Eutric Neocambic Retisols (Siltic),Retisols,RT-nc.eu,nc.eu,Neocambic,Eutric,-,-,Siltic,-,Eutric,Aba(b),Brabants plateau,Zandstreek,Droge leem,Aba(b),Aba,Droge leembodem met textuur B horizont,,,A,leem,b,"droog, niet gleyig",a,met textuur B horizont of met weinig duidelijke kleur B horizont,,,,,(b),Gevlekte textuur B horizont,,,,,,,,,bodemserie Aba in de Zandstreek,"De serie Aba ontwikkeld in het Pleistocene loessdek vertoont onder de A horizont een aan klei en sesquioxiden aangerijkte textuur B horizont. De bouwvoor is een donkerbruin, homogeen humushoudend leem; bij Abao rust de Ap op een geelbruine overgangshoriz",Rest van Vlaanderen,Aba(b)-ZS,5,103E
139,139,Eutric Neocambic Retisols (Siltic),Retisols,RT-nc.eu,nc.eu,Neocambic,Eutric,-,-,Siltic,-,Eutric,Aba(b),Brabants plateau,Zandstreek,Droge leem,Aba(b),Aba,Droge leembodem met textuur B horizont,,,A,leem,b,"droog, niet gleyig",a,met textuur B horizont of met weinig duidelijke kleur B horizont,,,,,(b),Gevlekte textuur B horizont,,,,,,,,,bodemserie Aba in de Zandstreek,"De serie Aba ontwikkeld in het Pleistocene loessdek vertoont onder de A horizont een aan klei en sesquioxiden aangerijkte textuur B horizont. De bouwvoor is een donkerbruin, homogeen humushoudend leem; bij Abao rust de Ap op een geelbruine overgangshoriz",Rest van Vlaanderen,Aba(b)-ZS,5,103E
140,140,Dystric Glossic Fragic Retisols (Siltic),Retisols,RT-fc.gs.dy,fc.gs.dy,Fragic,Glossic,Dystric,-,Siltic,-,Dystric,Abc0,Brabants plateau,Zandstreek,Droge leem,Abc0,Abc,"Droge leembodem met sterk gevlekte, verbrokkelde textuur B horizont",,,A,leem,b,"droog, niet gleyig",c,"met sterk gevlekte textuur (bij lemige sedimenten), verbrokkelde textuur B horizont ( bij zandige sedimenten)",0,Betekenis afhankelijk van het bodemtype (zie toelichtingsboekje),,,,,,,,,,,,,bodemserie Abc en complex AbB in de AbB in de Zandstreek,"Deze droge leemgronden met sterk gevlekte textuur B horizont komen voor nabij de overgangszone met de Leemstreek alsook in enkele alluviale valleien.eDeze bodems hebben een bruingrijze Ap (20-25 cm) die rust op een bruine C horizont, waarin weinig of gee",Rest van Vlaanderen,Abc0-ZS,5,103E
141,141,Eutric Neocambic Retisols (Siltic),Retisols,RT-nc.eu,nc.eu,Neocambic,Eutric,-,-,Siltic,-,Eutric,Aba(b),Brabants plateau,Zandstreek,Droge leem,Aba(b),Aba,Droge leembodem met textuur B horizont,,,A,leem,b,"droog, niet gleyig",a,met textuur B horizont of met weinig duidelijke kleur B horizont,,,,,(b),Gevlekte textuur B horizont,,,,,,,,,bodemserie Aba in de Zandstreek,"De serie Aba ontwikkeld in het Pleistocene loessdek vertoont onder de A horizont een aan klei en sesquioxiden aangerijkte textuur B horizont. De bouwvoor is een donkerbruin, homogeen humushoudend leem; bij Abao rust de Ap op een geelbruine overgangshoriz",Rest van Vlaanderen,Aba(b)-ZS,5,103E
142,142,Eutric Neocambic Retisols (Siltic),Retisols,RT-nc.eu,nc.eu,Neocambic,Eutric,-,-,Siltic,-,Eutric,Aba(b),Brabants plateau,Zandstreek,Droge leem,Aba(b),Aba,Droge leembodem met textuur B horizont,,,A,leem,b,"droog, niet gleyig",a,met textuur B horizont of met weinig duidelijke kleur B horizont,,,,,(b),Gevlekte textuur B horizont,,,,,,,,,bodemserie Aba in de Zandstreek,"De serie Aba ontwikkeld in het Pleistocene loessdek vertoont onder de A horizont een aan klei en sesquioxiden aangerijkte textuur B horizont. De bouwvoor is een donkerbruin, homogeen humushoudend leem; bij Abao rust de Ap op een geelbruine overgangshoriz",Rest van Vlaanderen,Aba(b)-ZS,5,103E
143,143,Eutric Neocambic Retisols (Siltic),Retisols,RT-nc.eu,nc.eu,Neocambic,Eutric,-,-,Siltic,-,Eutric,Aba(b),Brabants plateau,Zandstreek,Droge leem,Aba(b),Aba,Droge leembodem met textuur B horizont,,,A,leem,b,"droog, niet gleyig",a,met textuur B horizont of met weinig duidelijke kleur B horizont,,,,,(b),Gevlekte textuur B horizont,,,,,,,,,bodemserie Aba in de Zandstreek,"De serie Aba ontwikkeld in het Pleistocene loessdek vertoont onder de A horizont een aan klei en sesquioxiden aangerijkte textuur B horizont. De bouwvoor is een donkerbruin, homogeen humushoudend leem; bij Abao rust de Ap op een geelbruine overgangshoriz",Rest van Vlaanderen,Aba(b)-ZS,5,103E
144,144,Eutric Neocambic Retisols (Siltic),Retisols,RT-nc.eu,nc.eu,Neocambic,Eutric,-,-,Siltic,-,Eutric,Aba(b),Brabants plateau,Zandstreek,Droge leem,Aba(b),Aba,Droge leembodem met textuur B horizont,,,A,leem,b,"droog, niet gleyig",a,met textuur B horizont of met weinig duidelijke kleur B horizont,,,,,(b),Gevlekte textuur B horizont,,,,,,,,,bodemserie Aba in de Zandstreek,"De serie Aba ontwikkeld in het Pleistocene loessdek vertoont onder de A horizont een aan klei en sesquioxiden aangerijkte textuur B horizont. De bouwvoor is een donkerbruin, homogeen humushoudend leem; bij Abao rust de Ap op een geelbruine overgangshoriz",Rest van Vlaanderen,Aba(b)-ZS,5,103E
145,145,Eutric Neocambic Retisols (Siltic),Retisols,RT-nc.eu,nc.eu,Neocambic,Eutric,-,-,Siltic,-,Eutric,Aba(b),Brabants plateau,Zandstreek,Droge leem,Aba(b),Aba,Droge leembodem met textuur B horizont,,,A,leem,b,"droog, niet gleyig",a,met textuur B horizont of met weinig duidelijke kleur B horizont,,,,,(b),Gevlekte textuur B horizont,,,,,,,,,bodemserie Aba in de Zandstreek,"De serie Aba ontwikkeld in het Pleistocene loessdek vertoont onder de A horizont een aan klei en sesquioxiden aangerijkte textuur B horizont. De bouwvoor is een donkerbruin, homogeen humushoudend leem; bij Abao rust de Ap op een geelbruine overgangshoriz",Rest van Vlaanderen,Aba(b)-ZS,5,103E
146,146,Eutric Neocambic Retisols (Siltic),Retisols,RT-nc.eu,nc.eu,Neocambic,Eutric,-,-,Siltic,-,Eutric,Aba(b),Brabants plateau,Zandstreek,Droge leem,Aba(b),Aba,Droge leembodem met textuur B horizont,,,A,leem,b,"droog, niet gleyig",a,met textuur B horizont of met weinig duidelijke kleur B horizont,,,,,(b),Gevlekte textuur B horizont,,,,,,,,,bodemserie Aba in de Zandstreek,"De serie Aba ontwikkeld in het Pleistocene loessdek vertoont onder de A horizont een aan klei en sesquioxiden aangerijkte textuur B horizont. De bouwvoor is een donkerbruin, homogeen humushoudend leem; bij Abao rust de Ap op een geelbruine overgangshoriz",Rest van Vlaanderen,Aba(b)-ZS,5,103E
147,147,Eutric Neocambic Retisols (Siltic),Retisols,RT-nc.eu,nc.eu,Neocambic,Eutric,-,-,Siltic,-,Eutric,Aba(b),Brabants plateau,Zandstreek,Droge leem,Aba(b),Aba,Droge leembodem met textuur B horizont,,,A,leem,b,"droog, niet gleyig",a,met textuur B horizont of met weinig duidelijke kleur B horizont,,,,,(b),Gevlekte textuur B horizont,,,,,,,,,bodemserie Aba in de Zandstreek,"De serie Aba ontwikkeld in het Pleistocene loessdek vertoont onder de A horizont een aan klei en sesquioxiden aangerijkte textuur B horizont. De bouwvoor is een donkerbruin, homogeen humushoudend leem; bij Abao rust de Ap op een geelbruine overgangshoriz",Rest van Vlaanderen,Aba(b)-ZS,5,103E
148,148,Eutric Neocambic Retisols (Siltic),Retisols,RT-nc.eu,nc.eu,Neocambic,Eutric,-,-,Siltic,-,Eutric,Aba(b),Brabants plateau,Zandstreek,Droge leem,Aba(b),Aba,Droge leembodem met textuur B horizont,,,A,leem,b,"droog, niet gleyig",a,met textuur B horizont of met weinig duidelijke kleur B horizont,,,,,(b),Gevlekte textuur B horizont,,,,,,,,,bodemserie Aba in de Zandstreek,"De serie Aba ontwikkeld in het Pleistocene loessdek vertoont onder de A horizont een aan klei en sesquioxiden aangerijkte textuur B horizont. De bouwvoor is een donkerbruin, homogeen humushoudend leem; bij Abao rust de Ap op een geelbruine overgangshoriz",Rest van Vlaanderen,Aba(b)-ZS,5,103E
200,200,"Gleyic Podzols (Arenic, Abruptic)",Podzols,PZ-gl,gl,Gleyic,-,-,Endogleyic,Arenic,Abruptic,Dystric,w-Zdgb,Kempische cuesta,Kempen,Vochtig zand,w-Zdgb,Zdg,Matig natte zandbodem met duidelijke ijzer en/of humus B horizont,w-,klei-zand op geringe of matige diepte,Z,zand,d,"matig nat, matig gleyig",g,met duidelijke ijzer en/of humus B horizont,,,b,"Matig zand, zwaar zandleem of leem bijmenging",,,,,,,,,,,"bodemseries Zdf en Zdg en complexen ZdF, ZDf, ZDF en ZDg in de Kempen","De Zdf, ZdF en Zdg Podzolprofielen hebben de bovengrond gemeen. In zijn verscheidenheid onder bos is de humeuze bovengrond dun en heterogeen zonder Ap; onder landbouwuitbating is de bouwvoor gemiddeld 20-40 cm dik, maar er komen ook meer humeuze profiele",Rest van Vlaanderen,w-Zdgb-K,7,6E
201,201,"Gleyic Podzols (Arenic, Abruptic)",Podzols,PZ-gl,gl,Gleyic,-,-,Endogleyic,Arenic,Abruptic,Dystric,w-Zdgb,Kempische cuesta,Kempen,Vochtig zand,w-Zdgb,Zdg,Matig natte zandbodem met duidelijke ijzer en/of humus B horizont,w-,klei-zand op geringe of matige diepte,Z,zand,d,"matig nat, matig gleyig",g,met duidelijke ijzer en/of humus B horizont,,,b,"Matig zand, zwaar zandleem of leem bijmenging",,,,,,,,,,,"bodemseries Zdf en Zdg en complexen ZdF, ZDf, ZDF en ZDg in de Kempen","De Zdf, ZdF en Zdg Podzolprofielen hebben de bovengrond gemeen. In zijn verscheidenheid onder bos is de humeuze bovengrond dun en heterogeen zonder Ap; onder landbouwuitbating is de bouwvoor gemiddeld 20-40 cm dik, maar er komen ook meer humeuze profiele",Rest van Vlaanderen,w-Zdgb-K,7,6E
202,202,"Gleyic Podzols (Arenic, Abruptic)",Podzols,PZ-gl,gl,Gleyic,-,-,Endogleyic,Arenic,Abruptic,Dystric,w-Zdgb,Kempische cuesta,Kempen,Vochtig zand,w-Zdgb,Zdg,Matig natte zandbodem met duidelijke ijzer en/of humus B horizont,w-,klei-zand op geringe of matige diepte,Z,zand,d,"matig nat, matig gleyig",g,met duidelijke ijzer en/of humus B horizont,,,b,"Matig zand, zwaar zandleem of leem bijmenging",,,,,,,,,,,"bodemseries Zdf en Zdg en complexen ZdF, ZDf, ZDF en ZDg in de Kempen","De Zdf, ZdF en Zdg Podzolprofielen hebben de bovengrond gemeen. In zijn verscheidenheid onder bos is de humeuze bovengrond dun en heterogeen zonder Ap; onder landbouwuitbating is de bouwvoor gemiddeld 20-40 cm dik, maar er komen ook meer humeuze profiele",Rest van Vlaanderen,w-Zdgb-K,7,6E
203,203,"Gleyic Podzols (Arenic, Abruptic)",Podzols,PZ-gl,gl,Gleyic,-,-,Endogleyic,Arenic,Abruptic,Dystric,w-Zdgb,Kempische cuesta,Kempen,Vochtig zand,w-Zdgb,Zdg,Matig natte zandbodem met duidelijke ijzer en/of humus B horizont,w-,klei-zand op geringe of matige diepte,Z,zand,d,"matig nat, matig gleyig",g,met duidelijke ijzer en/of humus B horizont,,,b,"Matig zand, zwaar zandleem of leem bijmenging",,,,,,,,,,,"bodemseries Zdf en Zdg en complexen ZdF, ZDf, ZDF en ZDg in de Kempen","De Zdf, ZdF en Zdg Podzolprofielen hebben de bovengrond gemeen. In zijn verscheidenheid onder bos is de humeuze bovengrond dun en heterogeen zonder Ap; onder landbouwuitbating is de bouwvoor gemiddeld 20-40 cm dik, maar er komen ook meer humeuze profiele",Rest van Vlaanderen,w-Zdgb-K,7,6E
204,204,"Gleyic Podzols (Arenic, Abruptic)",Podzols,PZ-gl,gl,Gleyic,-,-,Endogleyic,Arenic,Abruptic,Dystric,w-Zdgb,Kempische cuesta,Kempen,Vochtig zand,w-Zdgb,Zdg,Matig natte zandbodem met duidelijke ijzer en/of humus B horizont,w-,klei-zand op geringe of matige diepte,Z,zand,d,"matig nat, matig gleyig",g,met duidelijke ijzer en/of humus B horizont,,,b,"Matig zand, zwaar zandleem of leem bijmenging",,,,,,,,,,,"bodemseries Zdf en Zdg en complexen ZdF, ZDf, ZDF en ZDg in de Kempen","De Zdf, ZdF en Zdg Podzolprofielen hebben de bovengrond gemeen. In zijn verscheidenheid onder bos is de humeuze bovengrond dun en heterogeen zonder Ap; onder landbouwuitbating is de bouwvoor gemiddeld 20-40 cm dik, maar er komen ook meer humeuze profiele",Rest van Vlaanderen,w-Zdgb-K,7,6E
205,205,"Gleyic Podzols (Arenic, Abruptic)",Podzols,PZ-gl,gl,Gleyic,-,-,Endogleyic,Arenic,Abruptic,Dystric,w-Zdgb,Kempische cuesta,Kempen,Vochtig zand,w-Zdgb,Zdg,Matig natte zandbodem met duidelijke ijzer en/of humus B horizont,w-,klei-zand op geringe of matige diepte,Z,zand,d,"matig nat, matig gleyig",g,met duidelijke ijzer en/of humus B horizont,,,b,"Matig zand, zwaar zandleem of leem bijmenging",,,,,,,,,,,"bodemseries Zdf en Zdg en complexen ZdF, ZDf, ZDF en ZDg in de Kempen","De Zdf, ZdF en Zdg Podzolprofielen hebben de bovengrond gemeen. In zijn verscheidenheid onder bos is de humeuze bovengrond dun en heterogeen zonder Ap; onder landbouwuitbating is de bouwvoor gemiddeld 20-40 cm dik, maar er komen ook meer humeuze profiele",Rest van Vlaanderen,w-Zdgb-K,7,6E
206,206,"Gleyic Podzols (Arenic, Abruptic)",Podzols,PZ-gl,gl,Gleyic,-,-,Endogleyic,Arenic,Abruptic,Dystric,w-Zdgb,Kempische cuesta,Kempen,Vochtig zand,w-Zdgb,Zdg,Matig natte zandbodem met duidelijke ijzer en/of humus B horizont,w-,klei-zand op geringe of matige diepte,Z,zand,d,"matig nat, matig gleyig",g,met duidelijke ijzer en/of humus B horizont,,,b,"Matig zand, zwaar zandleem of leem bijmenging",,,,,,,,,,,"bodemseries Zdf en Zdg en complexen ZdF, ZDf, ZDF en ZDg in de Kempen","De Zdf, ZdF en Zdg Podzolprofielen hebben de bovengrond gemeen. In zijn verscheidenheid onder bos is de humeuze bovengrond dun en heterogeen zonder Ap; onder landbouwuitbating is de bouwvoor gemiddeld 20-40 cm dik, maar er komen ook meer humeuze profiele",Rest van Vlaanderen,w-Zdgb-K,7,6E
207,207,Albic Podzols (Arenic),Podzols,PZ-ab,ab,Albic,-,-,-,Arenic,-,Dystric,Zcgb,Kempische cuesta,Kempen,Vochtig zand,Zcgb,Zcg,Matig droge zandbodem met duidelijke ijzer en/of humus B horizont,,,Z,zand,c,"matig droog, zwak gleyig",g,met duidelijke ijzer en/of humus B horizont,,,b,"Matig zand, zwaar zandleem of leem bijmenging",,,,,,,,,,,bodemseries Zcf en Zcg en complex ZcF in de Kempen,"Deze drie Podzoleenheden (Zcf, ZcF, Zcg) hebben een grijze bovengrond van wisselende diepte. De fase ( . . . 1 ) is meestal onder bos, heide of braakland. De beste akkerlandgronden hebben een dikke humeuze bovengrond ( . . . 3 ). Vele profielen vertonen",Rest van Vlaanderen,Zcgb-K,7,6E
208,208,Albic Podzols (Arenic),Podzols,PZ-ab,ab,Albic,-,-,-,Arenic,-,Dystric,Zcgb,Kempische cuesta,Kempen,Vochtig zand,Zcgb,Zcg,Matig droge zandbodem met duidelijke ijzer en/of humus B horizont,,,Z,zand,c,"matig droog, zwak gleyig",g,met duidelijke ijzer en/of humus B horizont,,,b,"Matig zand, zwaar zandleem of leem bijmenging",,,,,,,,,,,bodemseries Zcf en Zcg en complex ZcF in de Kempen,"Deze drie Podzoleenheden (Zcf, ZcF, Zcg) hebben een grijze bovengrond van wisselende diepte. De fase ( . . . 1 ) is meestal onder bos, heide of braakland. De beste akkerlandgronden hebben een dikke humeuze bovengrond ( . . . 3 ). Vele profielen vertonen",Rest van Vlaanderen,Zcgb-K,7,6E
209,209,Albic Podzols (Arenic),Podzols,PZ-ab,ab,Albic,-,-,-,Arenic,-,Dystric,Zcgb,Kempische cuesta,Kempen,Vochtig zand,Zcgb,Zcg,Matig droge zandbodem met duidelijke ijzer en/of humus B horizont,,,Z,zand,c,"matig droog, zwak gleyig",g,met duidelijke ijzer en/of humus B horizont,,,b,"Matig zand, zwaar zandleem of leem bijmenging",,,,,,,,,,,bodemseries Zcf en Zcg en complex ZcF in de Kempen,"Deze drie Podzoleenheden (Zcf, ZcF, Zcg) hebben een grijze bovengrond van wisselende diepte. De fase ( . . . 1 ) is meestal onder bos, heide of braakland. De beste akkerlandgronden hebben een dikke humeuze bovengrond ( . . . 3 ). Vele profielen vertonen",Rest van Vlaanderen,Zcgb-K,7,6E
210,210,Albic Podzols (Arenic),Podzols,PZ-ab,ab,Albic,-,-,-,Arenic,-,Dystric,Zcgb,Kempische cuesta,Kempen,Vochtig zand,Zcgb,Zcg,Matig droge zandbodem met duidelijke ijzer en/of humus B horizont,,,Z,zand,c,"matig droog, zwak gleyig",g,met duidelijke ijzer en/of humus B horizont,,,b,"Matig zand, zwaar zandleem of leem bijmenging",,,,,,,,,,,bodemseries Zcf en Zcg en complex ZcF in de Kempen,"Deze drie Podzoleenheden (Zcf, ZcF, Zcg) hebben een grijze bovengrond van wisselende diepte. De fase ( . . . 1 ) is meestal onder bos, heide of braakland. De beste akkerlandgronden hebben een dikke humeuze bovengrond ( . . . 3 ). Vele profielen vertonen",Rest van Vlaanderen,Zcgb-K,7,6E
211,211,Albic Podzols (Arenic),Podzols,PZ-ab,ab,Albic,-,-,-,Arenic,-,Dystric,Zcgb,Kempische cuesta,Kempen,Vochtig zand,Zcgb,Zcg,Matig droge zandbodem met duidelijke ijzer en/of humus B horizont,,,Z,zand,c,"matig droog, zwak gleyig",g,met duidelijke ijzer en/of humus B horizont,,,b,"Matig zand, zwaar zandleem of leem bijmenging",,,,,,,,,,,bodemseries Zcf en Zcg en complex ZcF in de Kempen,"Deze drie Podzoleenheden (Zcf, ZcF, Zcg) hebben een grijze bovengrond van wisselende diepte. De fase ( . . . 1 ) is meestal onder bos, heide of braakland. De beste akkerlandgronden hebben een dikke humeuze bovengrond ( . . . 3 ). Vele profielen vertonen",Rest van Vlaanderen,Zcgb-K,7,6E
212,212,Albic Podzols (Arenic),Podzols,PZ-ab,ab,Albic,-,-,-,Arenic,-,Dystric,Zcgb,Kempische cuesta,Kempen,Vochtig zand,Zcgb,Zcg,Matig droge zandbodem met duidelijke ijzer en/of humus B horizont,,,Z,zand,c,"matig droog, zwak gleyig",g,met duidelijke ijzer en/of humus B horizont,,,b,"Matig zand, zwaar zandleem of leem bijmenging",,,,,,,,,,,bodemseries Zcf en Zcg en complex ZcF in de Kempen,"Deze drie Podzoleenheden (Zcf, ZcF, Zcg) hebben een grijze bovengrond van wisselende diepte. De fase ( . . . 1 ) is meestal onder bos, heide of braakland. De beste akkerlandgronden hebben een dikke humeuze bovengrond ( . . . 3 ). Vele profielen vertonen",Rest van Vlaanderen,Zcgb-K,7,6E
213,213,Albic Podzols (Arenic),Podzols,PZ-ab,ab,Albic,-,-,-,Arenic,-,Dystric,Zcgb,Kempische cuesta,Kempen,Vochtig zand,Zcgb,Zcg,Matig droge zandbodem met duidelijke ijzer en/of humus B horizont,,,Z,zand,c,"matig droog, zwak gleyig",g,met duidelijke ijzer en/of humus B horizont,,,b,"Matig zand, zwaar zandleem of leem bijmenging",,,,,,,,,,,bodemseries Zcf en Zcg en complex ZcF in de Kempen,"Deze drie Podzoleenheden (Zcf, ZcF, Zcg) hebben een grijze bovengrond van wisselende diepte. De fase ( . . . 1 ) is meestal onder bos, heide of braakland. De beste akkerlandgronden hebben een dikke humeuze bovengrond ( . . . 3 ). Vele profielen vertonen",Rest van Vlaanderen,Zcgb-K,7,6E
214,214,Gleyic Podzols (Loamic),Podzols,PZ-gl,gl,Gleyic,-,-,Endogleyic,Loamic,-,Dystric,Segz,Kempische cuesta,Kempen,Nat zand,Segz,Seg,Natte lemig zandbodem met duidelijke ijzer en/of humus B horizont,,,S,lemig zand,e,"nat, sterk gleyig met reductiehorizont",g,met duidelijke ijzer en/of humus B horizont,,,z,sedimenten worden lichter of grover in de diepte,,,,,,,,,,,"bodemseries ""Se."" in de Kempen",Deze natte grondwatergronden met reductiehorizont hebben allen gemeenschappelijke draineringskenmerken met roestverschijnselen welke zich aftekenen inhet benedengedeelte van de humeuze bovengrond en een blauwgrijs reductie horizontwelke begint tussen 100,Rest van Vlaanderen,Segz-K,7,6E
215,215,Albic Podzols (Arenic),Podzols,PZ-ab,ab,Albic,-,-,-,Arenic,-,Dystric,Zcgb,Kempische cuesta,Kempen,Vochtig zand,Zcgb,Zcg,Matig droge zandbodem met duidelijke ijzer en/of humus B horizont,,,Z,zand,c,"matig droog, zwak gleyig",g,met duidelijke ijzer en/of humus B horizont,,,b,"Matig zand, zwaar zandleem of leem bijmenging",,,,,,,,,,,bodemseries Zcf en Zcg en complex ZcF in de Kempen,"Deze drie Podzoleenheden (Zcf, ZcF, Zcg) hebben een grijze bovengrond van wisselende diepte. De fase ( . . . 1 ) is meestal onder bos, heide of braakland. De beste akkerlandgronden hebben een dikke humeuze bovengrond ( . . . 3 ). Vele profielen vertonen",Rest van Vlaanderen,Zcgb-K,7,6E
216,216,Albic Podzols (Arenic),Podzols,PZ-ab,ab,Albic,-,-,-,Arenic,-,Dystric,Zcgb,Kempische cuesta,Kempen,Vochtig zand,Zcgb,Zcg,Matig droge zandbodem met duidelijke ijzer en/of humus B horizont,,,Z,zand,c,"matig droog, zwak gleyig",g,met duidelijke ijzer en/of humus B horizont,,,b,"Matig zand, zwaar zandleem of leem bijmenging",,,,,,,,,,,bodemseries Zcf en Zcg en complex ZcF in de Kempen,"Deze drie Podzoleenheden (Zcf, ZcF, Zcg) hebben een grijze bovengrond van wisselende diepte. De fase ( . . . 1 ) is meestal onder bos, heide of braakland. De beste akkerlandgronden hebben een dikke humeuze bovengrond ( . . . 3 ). Vele profielen vertonen",Rest van Vlaanderen,Zcgb-K,7,6E
217,217,Albic Podzols (Arenic),Podzols,PZ-ab,ab,Albic,-,-,-,Arenic,-,Dystric,Zcgb,Kempische cuesta,Kempen,Vochtig zand,Zcgb,Zcg,Matig droge zandbodem met duidelijke ijzer en/of humus B horizont,,,Z,zand,c,"matig droog, zwak gleyig",g,met duidelijke ijzer en/of humus B horizont,,,b,"Matig zand, zwaar zandleem of leem bijmenging",,,,,,,,,,,bodemseries Zcf en Zcg en complex ZcF in de Kempen,"Deze drie Podzoleenheden (Zcf, ZcF, Zcg) hebben een grijze bovengrond van wisselende diepte. De fase ( . . . 1 ) is meestal onder bos, heide of braakland. De beste akkerlandgronden hebben een dikke humeuze bovengrond ( . . . 3 ). Vele profielen vertonen",Rest van Vlaanderen,Zcgb-K,7,6E
218,218,Albic Podzols (Arenic),Podzols,PZ-ab,ab,Albic,-,-,-,Arenic,-,Dystric,Zcgb,Kempische cuesta,Kempen,Vochtig zand,Zcgb,Zcg,Matig droge zandbodem met duidelijke ijzer en/of humus B horizont,,,Z,zand,c,"matig droog, zwak gleyig",g,met duidelijke ijzer en/of humus B horizont,,,b,"Matig zand, zwaar zandleem of leem bijmenging",,,,,,,,,,,bodemseries Zcf en Zcg en complex ZcF in de Kempen,"Deze drie Podzoleenheden (Zcf, ZcF, Zcg) hebben een grijze bovengrond van wisselende diepte. De fase ( . . . 1 ) is meestal onder bos, heide of braakland. De beste akkerlandgronden hebben een dikke humeuze bovengrond ( . . . 3 ). Vele profielen vertonen",Rest van Vlaanderen,Zcgb-K,7,6E
219,219,Albic Podzols (Arenic),Podzols,PZ-ab,ab,Albic,-,-,-,Arenic,-,Dystric,Zcgb,Kempische cuesta,Kempen,Vochtig zand,Zcgb,Zcg,Matig droge zandbodem met duidelijke ijzer en/of humus B horizont,,,Z,zand,c,"matig droog, zwak gleyig",g,met duidelijke ijzer en/of humus B horizont,,,b,"Matig zand, zwaar zandleem of leem bijmenging",,,,,,,,,,,bodemseries Zcf en Zcg en complex ZcF in de Kempen,"Deze drie Podzoleenheden (Zcf, ZcF, Zcg) hebben een grijze bovengrond van wisselende diepte. De fase ( . . . 1 ) is meestal onder bos, heide of braakland. De beste akkerlandgronden hebben een dikke humeuze bovengrond ( . . . 3 ). Vele profielen vertonen",Rest van Vlaanderen,Zcgb-K,7,6E
220,220,Albic Podzols (Arenic),Podzols,PZ-ab,ab,Albic,-,-,-,Arenic,-,Dystric,Zcgb,Kempische cuesta,Kempen,Vochtig zand,Zcgb,Zcg,Matig droge zandbodem met duidelijke ijzer en/of humus B horizont,,,Z,zand,c,"matig droog, zwak gleyig",g,met duidelijke ijzer en/of humus B horizont,,,b,"Matig zand, zwaar zandleem of leem bijmenging",,,,,,,,,,,bodemseries Zcf en Zcg en complex ZcF in de Kempen,"Deze drie Podzoleenheden (Zcf, ZcF, Zcg) hebben een grijze bovengrond van wisselende diepte. De fase ( . . . 1 ) is meestal onder bos, heide of braakland. De beste akkerlandgronden hebben een dikke humeuze bovengrond ( . . . 3 ). Vele profielen vertonen",Rest van Vlaanderen,Zcgb-K,7,6E
221,221,Albic Podzols (Arenic),Podzols,PZ-ab,ab,Albic,-,-,-,Arenic,-,Dystric,Zcgb,Kempische cuesta,Kempen,Vochtig zand,Zcgb,Zcg,Matig droge zandbodem met duidelijke ijzer en/of humus B horizont,,,Z,zand,c,"matig droog, zwak gleyig",g,met duidelijke ijzer en/of humus B horizont,,,b,"Matig zand, zwaar zandleem of leem bijmenging",,,,,,,,,,,bodemseries Zcf en Zcg en complex ZcF in de Kempen,"Deze drie Podzoleenheden (Zcf, ZcF, Zcg) hebben een grijze bovengrond van wisselende diepte. De fase ( . . . 1 ) is meestal onder bos, heide of braakland. De beste akkerlandgronden hebben een dikke humeuze bovengrond ( . . . 3 ). Vele profielen vertonen",Rest van Vlaanderen,Zcgb-K,7,6E
222,222,Albic Podzols (Arenic),Podzols,PZ-ab,ab,Albic,-,-,-,Arenic,-,Dystric,Zcgb,Kempische cuesta,Kempen,Vochtig zand,Zcgb,Zcg,Matig droge zandbodem met duidelijke ijzer en/of humus B horizont,,,Z,zand,c,"matig droog, zwak gleyig",g,met duidelijke ijzer en/of humus B horizont,,,b,"Matig zand, zwaar zandleem of leem bijmenging",,,,,,,,,,,bodemseries Zcf en Zcg en complex ZcF in de Kempen,"Deze drie Podzoleenheden (Zcf, ZcF, Zcg) hebben een grijze bovengrond van wisselende diepte. De fase ( . . . 1 ) is meestal onder bos, heide of braakland. De beste akkerlandgronden hebben een dikke humeuze bovengrond ( . . . 3 ). Vele profielen vertonen",Rest van Vlaanderen,Zcgb-K,7,6E
223,223,"Gleyic Podzols (Arenic, Abruptic)",Podzols,PZ-gl,gl,Gleyic,-,-,Endogleyic,Arenic,Abruptic,Dystric,w-Zdgb,Kempische cuesta,Kempen,Vochtig zand,w-Zdgb,Zdg,Matig natte zandbodem met duidelijke ijzer en/of humus B horizont,w-,klei-zand op geringe of matige diepte,Z,zand,d,"matig nat, matig gleyig",g,met duidelijke ijzer en/of humus B horizont,,,b,"Matig zand, zwaar zandleem of leem bijmenging",,,,,,,,,,,"bodemseries Zdf en Zdg en complexen ZdF, ZDf, ZDF en ZDg in de Kempen","De Zdf, ZdF en Zdg Podzolprofielen hebben de bovengrond gemeen. In zijn verscheidenheid onder bos is de humeuze bovengrond dun en heterogeen zonder Ap; onder landbouwuitbating is de bouwvoor gemiddeld 20-40 cm dik, maar er komen ook meer humeuze profiele",Rest van Vlaanderen,w-Zdgb-K,7,6E
224,224,"Gleyic Podzols (Arenic, Abruptic)",Podzols,PZ-gl,gl,Gleyic,-,-,Endogleyic,Arenic,Abruptic,Dystric,w-Zdgb,Kempische cuesta,Kempen,Vochtig zand,w-Zdgb,Zdg,Matig natte zandbodem met duidelijke ijzer en/of humus B horizont,w-,klei-zand op geringe of matige diepte,Z,zand,d,"matig nat, matig gleyig",g,met duidelijke ijzer en/of humus B horizont,,,b,"Matig zand, zwaar zandleem of leem bijmenging",,,,,,,,,,,"bodemseries Zdf en Zdg en complexen ZdF, ZDf, ZDF en ZDg in de Kempen","De Zdf, ZdF en Zdg Podzolprofielen hebben de bovengrond gemeen. In zijn verscheidenheid onder bos is de humeuze bovengrond dun en heterogeen zonder Ap; onder landbouwuitbating is de bouwvoor gemiddeld 20-40 cm dik, maar er komen ook meer humeuze profiele",Rest van Vlaanderen,w-Zdgb-K,7,6E
225,225,"Gleyic Podzols (Arenic, Abruptic)",Podzols,PZ-gl,gl,Gleyic,-,-,Endogleyic,Arenic,Abruptic,Dystric,w-Zdgb,Kempische cuesta,Kempen,Vochtig zand,w-Zdgb,Zdg,Matig natte zandbodem met duidelijke ijzer en/of humus B horizont,w-,klei-zand op geringe of matige diepte,Z,zand,d,"matig nat, matig gleyig",g,met duidelijke ijzer en/of humus B horizont,,,b,"Matig zand, zwaar zandleem of leem bijmenging",,,,,,,,,,,"bodemseries Zdf en Zdg en complexen ZdF, ZDf, ZDF en ZDg in de Kempen","De Zdf, ZdF en Zdg Podzolprofielen hebben de bovengrond gemeen. In zijn verscheidenheid onder bos is de humeuze bovengrond dun en heterogeen zonder Ap; onder landbouwuitbating is de bouwvoor gemiddeld 20-40 cm dik, maar er komen ook meer humeuze profiele",Rest van Vlaanderen,w-Zdgb-K,7,6E
226,226,"Gleyic Podzols (Arenic, Abruptic)",Podzols,PZ-gl,gl,Gleyic,-,-,Endogleyic,Arenic,Abruptic,Dystric,w-Zdgb,Kempische cuesta,Kempen,Vochtig zand,w-Zdgb,Zdg,Matig natte zandbodem met duidelijke ijzer en/of humus B horizont,w-,klei-zand op geringe of matige diepte,Z,zand,d,"matig nat, matig gleyig",g,met duidelijke ijzer en/of humus B horizont,,,b,"Matig zand, zwaar zandleem of leem bijmenging",,,,,,,,,,,"bodemseries Zdf en Zdg en complexen ZdF, ZDf, ZDF en ZDg in de Kempen","De Zdf, ZdF en Zdg Podzolprofielen hebben de bovengrond gemeen. In zijn verscheidenheid onder bos is de humeuze bovengrond dun en heterogeen zonder Ap; onder landbouwuitbating is de bouwvoor gemiddeld 20-40 cm dik, maar er komen ook meer humeuze profiele",Rest van Vlaanderen,w-Zdgb-K,7,6E
227,227,"Gleyic Podzols (Arenic, Abruptic)",Podzols,PZ-gl,gl,Gleyic,-,-,Endogleyic,Arenic,Abruptic,Dystric,w-Zdgb,Kempische cuesta,Kempen,Vochtig zand,w-Zdgb,Zdg,Matig natte zandbodem met duidelijke ijzer en/of humus B horizont,w-,klei-zand op geringe of matige diepte,Z,zand,d,"matig nat, matig gleyig",g,met duidelijke ijzer en/of humus B horizont,,,b,"Matig zand, zwaar zandleem of leem bijmenging",,,,,,,,,,,"bodemseries Zdf en Zdg en complexen ZdF, ZDf, ZDF en ZDg in de Kempen","De Zdf, ZdF en Zdg Podzolprofielen hebben de bovengrond gemeen. In zijn verscheidenheid onder bos is de humeuze bovengrond dun en heterogeen zonder Ap; onder landbouwuitbating is de bouwvoor gemiddeld 20-40 cm dik, maar er komen ook meer humeuze profiele",Rest van Vlaanderen,w-Zdgb-K,7,6E
228,228,"Gleyic Podzols (Arenic, Abruptic)",Podzols,PZ-gl,gl,Gleyic,-,-,Endogleyic,Arenic,Abruptic,Dystric,w-Zdgb,Kempische cuesta,Kempen,Vochtig zand,w-Zdgb,Zdg,Matig natte zandbodem met duidelijke ijzer en/of humus B horizont,w-,klei-zand op geringe of matige diepte,Z,zand,d,"matig nat, matig gleyig",g,met duidelijke ijzer en/of humus B horizont,,,b,"Matig zand, zwaar zandleem of leem bijmenging",,,,,,,,,,,"bodemseries Zdf en Zdg en complexen ZdF, ZDf, ZDF en ZDg in de Kempen","De Zdf, ZdF en Zdg Podzolprofielen hebben de bovengrond gemeen. In zijn verscheidenheid onder bos is de humeuze bovengrond dun en heterogeen zonder Ap; onder landbouwuitbating is de bouwvoor gemiddeld 20-40 cm dik, maar er komen ook meer humeuze profiele",Rest van Vlaanderen,w-Zdgb-K,7,6E
229,229,"Gleyic Podzols (Arenic, Abruptic)",Podzols,PZ-gl,gl,Gleyic,-,-,Endogleyic,Arenic,Abruptic,Dystric,w-Zdgb,Kempische cuesta,Kempen,Vochtig zand,w-Zdgb,Zdg,Matig natte zandbodem met duidelijke ijzer en/of humus B horizont,w-,klei-zand op geringe of matige diepte,Z,zand,d,"matig nat, matig gleyig",g,met duidelijke ijzer en/of humus B horizont,,,b,"Matig zand, zwaar zandleem of leem bijmenging",,,,,,,,,,,"bodemseries Zdf en Zdg en complexen ZdF, ZDf, ZDF en ZDg in de Kempen","De Zdf, ZdF en Zdg Podzolprofielen hebben de bovengrond gemeen. In zijn verscheidenheid onder bos is de humeuze bovengrond dun en heterogeen zonder Ap; onder landbouwuitbating is de bouwvoor gemiddeld 20-40 cm dik, maar er komen ook meer humeuze profiele",Rest van Vlaanderen,w-Zdgb-K,7,6E
400,400,"Terric Anthrosols (Loamic, Abruptic, Spodi-relocatic)",Anthrosols,AT-tr,tr,Terric,-,-,-,Loamic,"Abruptic, Spodi-relocatic",Eutric,wSch,West-Vlaams cuestaland,Zandstreek,Vochtig zand,wSch,Sch,Matig droge lemig zandbodem met verbrokkelde ijzer en/of humus B horizont,w,klei-zand op geringe diepte (ondieper dan 75 cm),S,lemig zand,c,"matig droog, zwak gleyig",h,met verbrokkelde ijzer en/of humus B horizont,,,,,,,,,,,,,,,bodemserie Sch en complexen ScG en ScP in de Zandstreek,"De drie kaarteenheden ScG, Sch en ScP werden gebruikt om Postpodzolgebieden aan te duiden. De profielontwikkeling G werd bij de aanvang van de kartering van de Zandstreek gebruikt in West-Vlaanderen. Vanaf 1960 verdween de . . G ontwikkeling van het kaar",Rest van Vlaanderen,wSch-ZS,6,52W
401,401,"Eutric Stagnic Cambisols (Loamic, Abruptic)",Cambisols,CM-st.eu,st.eu,Stagnic,Eutric,-,Stagnic,Loamic,Abruptic,Eutric,wSdp,West-Vlaams cuestaland,Zandstreek,Vochtig zand,wSdp,Sdp,Matig natte lemig zandbodem zonder profiel,w,klei-zand op geringe diepte (ondieper dan 75 cm),S,lemig zand,d,"matig nat, matig gleyig",p,zonder profielontwikkeling,,,,,,,,,,,,,,,bodemserie Sdp in de Zandstreek,"Behalve onder bos waar de Ap afwezig is (Sdpo), is onder landbouwgrond de bouwvoor 30-40 cm dik en donker grijsbruin. De roestverschijnselen beginnen op 40-60 cm. De waterhuishouding is goed in de zomer, plaatselijk te nat in de winter, vooral op de subs",Rest van Vlaanderen,wSdp-ZS,6,52W
402,402,"Eutric Stagnic Cambisols (Loamic, Abruptic)",Cambisols,CM-st.eu,st.eu,Stagnic,Eutric,-,Stagnic,Loamic,Abruptic,Eutric,wSdp,West-Vlaams cuestaland,Zandstreek,Vochtig zand,wSdp,Sdp,Matig natte lemig zandbodem zonder profiel,w,klei-zand op geringe diepte (ondieper dan 75 cm),S,lemig zand,d,"matig nat, matig gleyig",p,zonder profielontwikkeling,,,,,,,,,,,,,,,bodemserie Sdp in de Zandstreek,"Behalve onder bos waar de Ap afwezig is (Sdpo), is onder landbouwgrond de bouwvoor 30-40 cm dik en donker grijsbruin. De roestverschijnselen beginnen op 40-60 cm. De waterhuishouding is goed in de zomer, plaatselijk te nat in de winter, vooral op de subs",Rest van Vlaanderen,wSdp-ZS,6,52W
403,403,Eutric Brunic Arenosols (Relictigleyic),Arenosols,AR-br.eu,br.eu,Brunic,Eutric,-,-,Arenic,Relictigleyic,Eutric,Zbc,West-Vlaams cuestaland,Zandstreek,Droog zand,Zbc,Zbc,"Droge zandbodem met sterk gevlekte, verbrokkelde textuur B horizont",,,Z,zand,b,"droog, niet gleyig",c,"met sterk gevlekte textuur (bij lemige sedimenten), verbrokkelde textuur B horizont ( bij zandige sedimenten)",,,,,,,,,,,,,,,"bodemseries Zbp, Zbb en Zbc en het complex ZbP in de Zandstreek",Deze vier bodemseries hebben als gemeenschappelijk kenmerk dat de roestverschijnselen beginnen tussen de diepten van 90 en 100 cm. Bodemgenetisch vormen ze het deel van de chronosekwentie vanaf het niet gedifferentieerd materiaal tot de verbrokkelde text,Rest van Vlaanderen,Zbc-ZS,7,52W
404,404,"Terric Anthrosols (Arenic, Spodi-relocatic)",Anthrosols,AT-tr,tr,Terric,-,-,-,Arenic,Spodi-relocatic,Eutric,Zch,West-Vlaams cuestaland,Zandstreek,Vochtig zand,Zch,Zch,Matig droge zandbodem met verbrokkelde ijzer en/of humus B horizont,,,Z,zand,c,"matig droog, zwak gleyig",h,met verbrokkelde ijzer en/of humus B horizont,,,,,,,,,,,,,,,bodemserie Zch en complex ZcG in de Zandstreek,"De donker bruingrijze bovengrond is goed humeus en 30-60 cm dik. De Podzol B, 20-30 cm dik, is verbrokkeld in harde concreties. De roestverschijnselen beginnen tussen 60 en 90 cm. De waterhuishouding is goed in de winter, te droog in de zomer. De bodems",Rest van Vlaanderen,Zch-ZS,7,52W
405,405,"Terric Anthrosols (Arenic, Spodi-relocatic)",Anthrosols,AT-tr,tr,Terric,-,-,-,Arenic,Spodi-relocatic,Eutric,Zch,West-Vlaams cuestaland,Zandstreek,Vochtig zand,Zch,Zch,Matig droge zandbodem met verbrokkelde ijzer en/of humus B horizont,,,Z,zand,c,"matig droog, zwak gleyig",h,met verbrokkelde ijzer en/of humus B horizont,,,,,,,,,,,,,,,bodemserie Zch en complex ZcG in de Zandstreek,"De donker bruingrijze bovengrond is goed humeus en 30-60 cm dik. De Podzol B, 20-30 cm dik, is verbrokkeld in harde concreties. De roestverschijnselen beginnen tussen 60 en 90 cm. De waterhuishouding is goed in de winter, te droog in de zomer. De bodems",Rest van Vlaanderen,Zch-ZS,7,52W
406,406,"Terric Anthrosols (Arenic, Spodi-relocatic)",Anthrosols,AT-tr,tr,Terric,-,-,-,Arenic,Spodi-relocatic,Eutric,Zch,West-Vlaams cuestaland,Zandstreek,Vochtig zand,Zch,Zch,Matig droge zandbodem met verbrokkelde ijzer en/of humus B horizont,,,Z,zand,c,"matig droog, zwak gleyig",h,met verbrokkelde ijzer en/of humus B horizont,,,,,,,,,,,,,,,bodemserie Zch en complex ZcG in de Zandstreek,"De donker bruingrijze bovengrond is goed humeus en 30-60 cm dik. De Podzol B, 20-30 cm dik, is verbrokkeld in harde concreties. De roestverschijnselen beginnen tussen 60 en 90 cm. De waterhuishouding is goed in de winter, te droog in de zomer. De bodems",Rest van Vlaanderen,Zch-ZS,7,52W
407,407,"Eutric Retisols (Loamic, Abruptic, Relictigleyic)",Retisols,RT-eu,eu,Eutric,-,-,-,Loamic,"Abruptic, Relictigleyic",Eutric,wSbc,West-Vlaams cuestaland,Zandstreek,Droog zand,wSbc,Sbc,"Droge lemig zandbodem met sterk gevlekte, verbrokkelde textuur B horizont",w,klei-zand op geringe diepte (ondieper dan 75 cm),S,lemig zand,b,"droog, niet gleyig",c,"met sterk gevlekte textuur (bij lemige sedimenten), verbrokkelde textuur B horizont ( bij zandige sedimenten)",,,,,,,,,,,,,,,"bodemseries Sbb, Sba en Sbc in de Zandstreek","De drie series Sbb, Sba en Sbc, gekenmerkt door droge lemige zandgronden vormen een evolutiesekwentie van bruine bodem tot bodems met verbrokkeld textuur B horizont welke domineren in het kaartpatroon. De bouwvoor is uniform ongeveer 25 cm dik en donker",Rest van Vlaanderen,wSbc-ZS,7,52W
408,408,"Terric Anthrosols (Arenic, Spodi-relocatic)",Anthrosols,AT-tr,tr,Terric,-,-,Endogleyic,Arenic,Spodi-relocatic,Eutric,Zdh,West-Vlaams cuestaland,Zandstreek,Vochtig zand,Zdh,Zdh,Matig natte zandbodem met verbrokkelde ijzer en/of humus B horizont,,,Z,zand,d,"matig nat, matig gleyig",h,met verbrokkelde ijzer en/of humus B horizont,,,,,,,,,,,,,,,bodemserie Zdh en de complexen ZdG en ZdP in de Zandstreek,De hierboven vermelde serie Zdh en de twee complexen ZdG en ZdP zijn bodems welke een matig nat Postpodzolgebied kenmerken. ZdG werd slechts bij de aanvang van de kartering gebruikt. Men beschreef ze toen ook als Postpodzol. Naast  Postpodzolen kunnen oo,Rest van Vlaanderen,Zdh-ZS,6,52W
409,409,"Terric Anthrosols (Arenic, Spodi-relocatic)",Anthrosols,AT-tr,tr,Terric,-,-,Endogleyic,Arenic,Spodi-relocatic,Eutric,Zdh,West-Vlaams cuestaland,Zandstreek,Vochtig zand,Zdh,Zdh,Matig natte zandbodem met verbrokkelde ijzer en/of humus B horizont,,,Z,zand,d,"matig nat, matig gleyig",h,met verbrokkelde ijzer en/of humus B horizont,,,,,,,,,,,,,,,bodemserie Zdh en de complexen ZdG en ZdP in de Zandstreek,De hierboven vermelde serie Zdh en de twee complexen ZdG en ZdP zijn bodems welke een matig nat Postpodzolgebied kenmerken. ZdG werd slechts bij de aanvang van de kartering gebruikt. Men beschreef ze toen ook als Postpodzol. Naast  Postpodzolen kunnen oo,Rest van Vlaanderen,Zdh-ZS,6,52W
410,410,Eutric Gleyic Cambisols (Loamic),Cambisols,CM-gl.eu,gl.eu,Gleyic,Eutric,-,Endogleyic,Loamic,-,Eutric,Eep,West-Vlaams cuestaland,Zandstreek,Natte klei,Eep,Eep,Sterk gleyige kleibodem zonder profiel,,,E,klei,e,"nat, sterk gleyig met reductiehorizont",p,zonder profielontwikkeling,,,,,,,,,,,,,,,bodemserie Eep in de Zandstreek,"Hydromorfe, sterk gleyige, alluviale grondwatergronden, gekenmerkt door een grijsachtige bovengrond die rust op een sterk gegleyificeerde ondergrond. Tussen 80 en 120 cm treedt een blauwgrijs reductiehorizont op. Het kleiig alluviaal dek rust op een geva",Rest van Vlaanderen,Eep-ZS,4,52W
411,411,Eutric Gleyic Cambisols (Loamic),Cambisols,CM-gl.eu,gl.eu,Gleyic,Eutric,-,Endogleyic,Loamic,-,Eutric,Eep,West-Vlaams cuestaland,Zandstreek,Natte klei,Eep,Eep,Sterk gleyige kleibodem zonder profiel,,,E,klei,e,"nat, sterk gleyig met reductiehorizont",p,zonder profielontwikkeling,,,,,,,,,,,,,,,bodemserie Eep in de Zandstreek,"Hydromorfe, sterk gleyige, alluviale grondwatergronden, gekenmerkt door een grijsachtige bovengrond die rust op een sterk gegleyificeerde ondergrond. Tussen 80 en 120 cm treedt een blauwgrijs reductiehorizont op. Het kleiig alluviaal dek rust op een geva",Rest van Vlaanderen,Eep-ZS,4,52W
412,412,Eutric Gleyic Cambisols (Loamic),Cambisols,CM-gl.eu,gl.eu,Gleyic,Eutric,-,Endogleyic,Loamic,-,Eutric,Eep,West-Vlaams cuestaland,Zandstreek,Natte klei,Eep,Eep,Sterk gleyige kleibodem zonder profiel,,,E,klei,e,"nat, sterk gleyig met reductiehorizont",p,zonder profielontwikkeling,,,,,,,,,,,,,,,bodemserie Eep in de Zandstreek,"Hydromorfe, sterk gleyige, alluviale grondwatergronden, gekenmerkt door een grijsachtige bovengrond die rust op een sterk gegleyificeerde ondergrond. Tussen 80 en 120 cm treedt een blauwgrijs reductiehorizont op. Het kleiig alluviaal dek rust op een geva",Rest van Vlaanderen,Eep-ZS,4,52W
413,413,"Terric Anthrosols (Arenic, Spodi-relocatic)",Anthrosols,AT-tr,tr,Terric,-,-,Endogleyic,Arenic,Spodi-relocatic,Eutric,Zdh,West-Vlaams cuestaland,Zandstreek,Vochtig zand,Zdh,Zdh,Matig natte zandbodem met verbrokkelde ijzer en/of humus B horizont,,,Z,zand,d,"matig nat, matig gleyig",h,met verbrokkelde ijzer en/of humus B horizont,,,,,,,,,,,,,,,bodemserie Zdh en de complexen ZdG en ZdP in de Zandstreek,De hierboven vermelde serie Zdh en de twee complexen ZdG en ZdP zijn bodems welke een matig nat Postpodzolgebied kenmerken. ZdG werd slechts bij de aanvang van de kartering gebruikt. Men beschreef ze toen ook als Postpodzol. Naast  Postpodzolen kunnen oo,Rest van Vlaanderen,Zdh-ZS,6,52W
414,414,"Terric Anthrosols (Arenic, Spodi-relocatic)",Anthrosols,AT-tr,tr,Terric,-,-,Endogleyic,Arenic,Spodi-relocatic,Eutric,Zdh,West-Vlaams cuestaland,Zandstreek,Vochtig zand,Zdh,Zdh,Matig natte zandbodem met verbrokkelde ijzer en/of humus B horizont,,,Z,zand,d,"matig nat, matig gleyig",h,met verbrokkelde ijzer en/of humus B horizont,,,,,,,,,,,,,,,bodemserie Zdh en de complexen ZdG en ZdP in de Zandstreek,De hierboven vermelde serie Zdh en de twee complexen ZdG en ZdP zijn bodems welke een matig nat Postpodzolgebied kenmerken. ZdG werd slechts bij de aanvang van de kartering gebruikt. Men beschreef ze toen ook als Postpodzol. Naast  Postpodzolen kunnen oo,Rest van Vlaanderen,Zdh-ZS,6,52W
415,415,"Terric Anthrosols (Arenic, Spodi-relocatic)",Anthrosols,AT-tr,tr,Terric,-,-,Endogleyic,Arenic,Spodi-relocatic,Eutric,Zdh,West-Vlaams cuestaland,Zandstreek,Vochtig zand,Zdh,Zdh,Matig natte zandbodem met verbrokkelde ijzer en/of humus B horizont,,,Z,zand,d,"matig nat, matig gleyig",h,met verbrokkelde ijzer en/of humus B horizont,,,,,,,,,,,,,,,bodemserie Zdh en de complexen ZdG en ZdP in de Zandstreek,De hierboven vermelde serie Zdh en de twee complexen ZdG en ZdP zijn bodems welke een matig nat Postpodzolgebied kenmerken. ZdG werd slechts bij de aanvang van de kartering gebruikt. Men beschreef ze toen ook als Postpodzol. Naast  Postpodzolen kunnen oo,Rest van Vlaanderen,Zdh-ZS,6,52W
416,416,"Terric Anthrosols (Arenic, Spodi-relocatic)",Anthrosols,AT-tr,tr,Terric,-,-,Endogleyic,Arenic,Spodi-relocatic,Eutric,Zdh,West-Vlaams cuestaland,Zandstreek,Vochtig zand,Zdh,Zdh,Matig natte zandbodem met verbrokkelde ijzer en/of humus B horizont,,,Z,zand,d,"matig nat, matig gleyig",h,met verbrokkelde ijzer en/of humus B horizont,,,,,,,,,,,,,,,bodemserie Zdh en de complexen ZdG en ZdP in de Zandstreek,De hierboven vermelde serie Zdh en de twee complexen ZdG en ZdP zijn bodems welke een matig nat Postpodzolgebied kenmerken. ZdG werd slechts bij de aanvang van de kartering gebruikt. Men beschreef ze toen ook als Postpodzol. Naast  Postpodzolen kunnen oo,Rest van Vlaanderen,Zdh-ZS,6,52W
417,417,"Terric Anthrosols (Arenic, Spodi-relocatic)",Anthrosols,AT-tr,tr,Terric,-,-,Endogleyic,Arenic,Spodi-relocatic,Eutric,Zdh,West-Vlaams cuestaland,Zandstreek,Vochtig zand,Zdh,Zdh,Matig natte zandbodem met verbrokkelde ijzer en/of humus B horizont,,,Z,zand,d,"matig nat, matig gleyig",h,met verbrokkelde ijzer en/of humus B horizont,,,,,,,,,,,,,,,bodemserie Zdh en de complexen ZdG en ZdP in de Zandstreek,De hierboven vermelde serie Zdh en de twee complexen ZdG en ZdP zijn bodems welke een matig nat Postpodzolgebied kenmerken. ZdG werd slechts bij de aanvang van de kartering gebruikt. Men beschreef ze toen ook als Postpodzol. Naast  Postpodzolen kunnen oo,Rest van Vlaanderen,Zdh-ZS,6,52W
418,418,"Eutric Stagnic Cambisols (Loamic, Abruptic)",Cambisols,CM-st.eu,st.eu,Stagnic,Eutric,-,Stagnic,Loamic,Abruptic,Eutric,wSdp,West-Vlaams cuestaland,Zandstreek,Vochtig zand,wSdp,Sdp,Matig natte lemig zandbodem zonder profiel,w,klei-zand op geringe diepte (ondieper dan 75 cm),S,lemig zand,d,"matig nat, matig gleyig",p,zonder profielontwikkeling,,,,,,,,,,,,,,,bodemserie Sdp in de Zandstreek,"Behalve onder bos waar de Ap afwezig is (Sdpo), is onder landbouwgrond de bouwvoor 30-40 cm dik en donker grijsbruin. De roestverschijnselen beginnen op 40-60 cm. De waterhuishouding is goed in de zomer, plaatselijk te nat in de winter, vooral op de subs",Rest van Vlaanderen,wSdp-ZS,6,52W
419,419,"Terric Anthrosols (Arenic, Spodi-relocatic)",Anthrosols,AT-tr,tr,Terric,-,-,-,Arenic,Spodi-relocatic,Eutric,Zch,West-Vlaams cuestaland,Zandstreek,Vochtig zand,Zch,Zch,Matig droge zandbodem met verbrokkelde ijzer en/of humus B horizont,,,Z,zand,c,"matig droog, zwak gleyig",h,met verbrokkelde ijzer en/of humus B horizont,,,,,,,,,,,,,,,bodemserie Zch en complex ZcG in de Zandstreek,"De donker bruingrijze bovengrond is goed humeus en 30-60 cm dik. De Podzol B, 20-30 cm dik, is verbrokkeld in harde concreties. De roestverschijnselen beginnen tussen 60 en 90 cm. De waterhuishouding is goed in de winter, te droog in de zomer. De bodems",Rest van Vlaanderen,Zch-ZS,7,52W
420,420,"Terric Anthrosols (Arenic, Spodi-relocatic)",Anthrosols,AT-tr,tr,Terric,-,-,-,Arenic,Spodi-relocatic,Eutric,Zch,West-Vlaams cuestaland,Zandstreek,Vochtig zand,Zch,Zch,Matig droge zandbodem met verbrokkelde ijzer en/of humus B horizont,,,Z,zand,c,"matig droog, zwak gleyig",h,met verbrokkelde ijzer en/of humus B horizont,,,,,,,,,,,,,,,bodemserie Zch en complex ZcG in de Zandstreek,"De donker bruingrijze bovengrond is goed humeus en 30-60 cm dik. De Podzol B, 20-30 cm dik, is verbrokkeld in harde concreties. De roestverschijnselen beginnen tussen 60 en 90 cm. De waterhuishouding is goed in de winter, te droog in de zomer. De bodems",Rest van Vlaanderen,Zch-ZS,7,52W
421,421,"Terric Anthrosols (Arenic, Spodi-relocatic)",Anthrosols,AT-tr,tr,Terric,-,-,-,Arenic,Spodi-relocatic,Eutric,Zch,West-Vlaams cuestaland,Zandstreek,Vochtig zand,Zch,Zch,Matig droge zandbodem met verbrokkelde ijzer en/of humus B horizont,,,Z,zand,c,"matig droog, zwak gleyig",h,met verbrokkelde ijzer en/of humus B horizont,,,,,,,,,,,,,,,bodemserie Zch en complex ZcG in de Zandstreek,"De donker bruingrijze bovengrond is goed humeus en 30-60 cm dik. De Podzol B, 20-30 cm dik, is verbrokkeld in harde concreties. De roestverschijnselen beginnen tussen 60 en 90 cm. De waterhuishouding is goed in de winter, te droog in de zomer. De bodems",Rest van Vlaanderen,Zch-ZS,7,52W
422,422,"Terric Anthrosols (Arenic, Spodi-relocatic)",Anthrosols,AT-tr,tr,Terric,-,-,-,Arenic,Spodi-relocatic,Eutric,Zch,West-Vlaams cuestaland,Zandstreek,Vochtig zand,Zch,Zch,Matig droge zandbodem met verbrokkelde ijzer en/of humus B horizont,,,Z,zand,c,"matig droog, zwak gleyig",h,met verbrokkelde ijzer en/of humus B horizont,,,,,,,,,,,,,,,bodemserie Zch en complex ZcG in de Zandstreek,"De donker bruingrijze bovengrond is goed humeus en 30-60 cm dik. De Podzol B, 20-30 cm dik, is verbrokkeld in harde concreties. De roestverschijnselen beginnen tussen 60 en 90 cm. De waterhuishouding is goed in de winter, te droog in de zomer. De bodems",Rest van Vlaanderen,Zch-ZS,7,52W
423,423,"Terric Anthrosols (Loamic, Abruptic, Spodi-relocatic)",Anthrosols,AT-tr,tr,Terric,-,-,-,Loamic,"Abruptic, Spodi-relocatic",Eutric,wSch,West-Vlaams cuestaland,Zandstreek,Vochtig zand,wSch,Sch,Matig droge lemig zandbodem met verbrokkelde ijzer en/of humus B horizont,w,klei-zand op geringe diepte (ondieper dan 75 cm),S,lemig zand,c,"matig droog, zwak gleyig",h,met verbrokkelde ijzer en/of humus B horizont,,,,,,,,,,,,,,,bodemserie Sch en complexen ScG en ScP in de Zandstreek,"De drie kaarteenheden ScG, Sch en ScP werden gebruikt om Postpodzolgebieden aan te duiden. De profielontwikkeling G werd bij de aanvang van de kartering van de Zandstreek gebruikt in West-Vlaanderen. Vanaf 1960 verdween de . . G ontwikkeling van het kaar",Rest van Vlaanderen,wSch-ZS,6,52W
424,424,"Terric Anthrosols (Loamic, Abruptic, Spodi-relocatic)",Anthrosols,AT-tr,tr,Terric,-,-,-,Loamic,"Abruptic, Spodi-relocatic",Eutric,wSch,West-Vlaams cuestaland,Zandstreek,Vochtig zand,wSch,Sch,Matig droge lemig zandbodem met verbrokkelde ijzer en/of humus B horizont,w,klei-zand op geringe diepte (ondieper dan 75 cm),S,lemig zand,c,"matig droog, zwak gleyig",h,met verbrokkelde ijzer en/of humus B horizont,,,,,,,,,,,,,,,bodemserie Sch en complexen ScG en ScP in de Zandstreek,"De drie kaarteenheden ScG, Sch en ScP werden gebruikt om Postpodzolgebieden aan te duiden. De profielontwikkeling G werd bij de aanvang van de kartering van de Zandstreek gebruikt in West-Vlaanderen. Vanaf 1960 verdween de . . G ontwikkeling van het kaar",Rest van Vlaanderen,wSch-ZS,6,52W
425,425,"Terric Anthrosols (Loamic, Abruptic, Spodi-relocatic)",Anthrosols,AT-tr,tr,Terric,-,-,-,Loamic,"Abruptic, Spodi-relocatic",Eutric,wSch,West-Vlaams cuestaland,Zandstreek,Vochtig zand,wSch,Sch,Matig droge lemig zandbodem met verbrokkelde ijzer en/of humus B horizont,w,klei-zand op geringe diepte (ondieper dan 75 cm),S,lemig zand,c,"matig droog, zwak gleyig",h,met verbrokkelde ijzer en/of humus B horizont,,,,,,,,,,,,,,,bodemserie Sch en complexen ScG en ScP in de Zandstreek,"De drie kaarteenheden ScG, Sch en ScP werden gebruikt om Postpodzolgebieden aan te duiden. De profielontwikkeling G werd bij de aanvang van de kartering van de Zandstreek gebruikt in West-Vlaanderen. Vanaf 1960 verdween de . . G ontwikkeling van het kaar",Rest van Vlaanderen,wSch-ZS,6,52W
426,426,"Terric Anthrosols (Loamic, Abruptic, Spodi-relocatic)",Anthrosols,AT-tr,tr,Terric,-,-,-,Loamic,"Abruptic, Spodi-relocatic",Eutric,wSch,West-Vlaams cuestaland,Zandstreek,Vochtig zand,wSch,Sch,Matig droge lemig zandbodem met verbrokkelde ijzer en/of humus B horizont,w,klei-zand op geringe diepte (ondieper dan 75 cm),S,lemig zand,c,"matig droog, zwak gleyig",h,met verbrokkelde ijzer en/of humus B horizont,,,,,,,,,,,,,,,bodemserie Sch en complexen ScG en ScP in de Zandstreek,"De drie kaarteenheden ScG, Sch en ScP werden gebruikt om Postpodzolgebieden aan te duiden. De profielontwikkeling G werd bij de aanvang van de kartering van de Zandstreek gebruikt in West-Vlaanderen. Vanaf 1960 verdween de . . G ontwikkeling van het kaar",Rest van Vlaanderen,wSch-ZS,6,52W
427,427,"Eutric Retisols (Loamic, Abruptic, Relictigleyic)",Retisols,RT-eu,eu,Eutric,-,-,-,Loamic,"Abruptic, Relictigleyic",Eutric,wSbc,West-Vlaams cuestaland,Zandstreek,Droog zand,wSbc,Sbc,"Droge lemig zandbodem met sterk gevlekte, verbrokkelde textuur B horizont",w,klei-zand op geringe diepte (ondieper dan 75 cm),S,lemig zand,b,"droog, niet gleyig",c,"met sterk gevlekte textuur (bij lemige sedimenten), verbrokkelde textuur B horizont ( bij zandige sedimenten)",,,,,,,,,,,,,,,"bodemseries Sbb, Sba en Sbc in de Zandstreek","De drie series Sbb, Sba en Sbc, gekenmerkt door droge lemige zandgronden vormen een evolutiesekwentie van bruine bodem tot bodems met verbrokkeld textuur B horizont welke domineren in het kaartpatroon. De bouwvoor is uniform ongeveer 25 cm dik en donker",Rest van Vlaanderen,wSbc-ZS,7,52W
428,428,"Eutric Retisols (Loamic, Abruptic, Relictigleyic)",Retisols,RT-eu,eu,Eutric,-,-,-,Loamic,"Abruptic, Relictigleyic",Eutric,wSbc,West-Vlaams cuestaland,Zandstreek,Droog zand,wSbc,Sbc,"Droge lemig zandbodem met sterk gevlekte, verbrokkelde textuur B horizont",w,klei-zand op geringe diepte (ondieper dan 75 cm),S,lemig zand,b,"droog, niet gleyig",c,"met sterk gevlekte textuur (bij lemige sedimenten), verbrokkelde textuur B horizont ( bij zandige sedimenten)",,,,,,,,,,,,,,,"bodemseries Sbb, Sba en Sbc in de Zandstreek","De drie series Sbb, Sba en Sbc, gekenmerkt door droge lemige zandgronden vormen een evolutiesekwentie van bruine bodem tot bodems met verbrokkeld textuur B horizont welke domineren in het kaartpatroon. De bouwvoor is uniform ongeveer 25 cm dik en donker",Rest van Vlaanderen,wSbc-ZS,7,52W
429,429,"Eutric Retisols (Loamic, Abruptic, Relictigleyic)",Retisols,RT-eu,eu,Eutric,-,-,-,Loamic,"Abruptic, Relictigleyic",Eutric,wSbc,West-Vlaams cuestaland,Zandstreek,Droog zand,wSbc,Sbc,"Droge lemig zandbodem met sterk gevlekte, verbrokkelde textuur B horizont",w,klei-zand op geringe diepte (ondieper dan 75 cm),S,lemig zand,b,"droog, niet gleyig",c,"met sterk gevlekte textuur (bij lemige sedimenten), verbrokkelde textuur B horizont ( bij zandige sedimenten)",,,,,,,,,,,,,,,"bodemseries Sbb, Sba en Sbc in de Zandstreek","De drie series Sbb, Sba en Sbc, gekenmerkt door droge lemige zandgronden vormen een evolutiesekwentie van bruine bodem tot bodems met verbrokkeld textuur B horizont welke domineren in het kaartpatroon. De bouwvoor is uniform ongeveer 25 cm dik en donker",Rest van Vlaanderen,wSbc-ZS,7,52W
430,430,"Eutric Gleyic Cambisols (Loamic, Ruptic)",Cambisols,CM-gl.eu,gl.eu,Gleyic,Eutric,-,Endogleyic,Loamic,Ruptic,Eutric,wPep,West-Vlaams cuestaland,Zandstreek,Nat zandleem,wPep,Pep,Natte licht zandleembodem zonder profiel,w,klei-zand op geringe diepte (ondieper dan 75 cm),P,licht zandleem,e,"nat, sterk gleyig met reductiehorizont",p,zonder profielontwikkeling,,,,,,,,,,,,,,,bodemserie Pep en complex PeP in de Zandstreek,"Deze hydromorfe bodems hebben een reductiehorizont op licht zandleem. De bouwvoor, 20 - 30 cm dik, vertoont reeds roestvlekken in een donker grijsbruine matrix. Tussen de humeuze bovengrond en het zand, leem, klei, klei-zand, mergel of veensubstraat komt",Rest van Vlaanderen,wPep-ZS,4,52W
431,431,"Eutric Stagnic Cambisols (Loamic, Abruptic)",Cambisols,CM-st.eu,st.eu,Stagnic,Eutric,-,Stagnic,Loamic,Abruptic,Eutric,wSdp,West-Vlaams cuestaland,Zandstreek,Vochtig zand,wSdp,Sdp,Matig natte lemig zandbodem zonder profiel,w,klei-zand op geringe diepte (ondieper dan 75 cm),S,lemig zand,d,"matig nat, matig gleyig",p,zonder profielontwikkeling,,,,,,,,,,,,,,,bodemserie Sdp in de Zandstreek,"Behalve onder bos waar de Ap afwezig is (Sdpo), is onder landbouwgrond de bouwvoor 30-40 cm dik en donker grijsbruin. De roestverschijnselen beginnen op 40-60 cm. De waterhuishouding is goed in de zomer, plaatselijk te nat in de winter, vooral op de subs",Rest van Vlaanderen,wSdp-ZS,6,52W
432,432,"Eutric Stagnic Cambisols (Loamic, Abruptic)",Cambisols,CM-st.eu,st.eu,Stagnic,Eutric,-,Stagnic,Loamic,Abruptic,Eutric,wSdp,West-Vlaams cuestaland,Zandstreek,Vochtig zand,wSdp,Sdp,Matig natte lemig zandbodem zonder profiel,w,klei-zand op geringe diepte (ondieper dan 75 cm),S,lemig zand,d,"matig nat, matig gleyig",p,zonder profielontwikkeling,,,,,,,,,,,,,,,bodemserie Sdp in de Zandstreek,"Behalve onder bos waar de Ap afwezig is (Sdpo), is onder landbouwgrond de bouwvoor 30-40 cm dik en donker grijsbruin. De roestverschijnselen beginnen op 40-60 cm. De waterhuishouding is goed in de zomer, plaatselijk te nat in de winter, vooral op de subs",Rest van Vlaanderen,wSdp-ZS,6,52W
433,433,"Eutric Stagnic Cambisols (Loamic, Abruptic)",Cambisols,CM-st.eu,st.eu,Stagnic,Eutric,-,Stagnic,Loamic,Abruptic,Eutric,wSdp,West-Vlaams cuestaland,Zandstreek,Vochtig zand,wSdp,Sdp,Matig natte lemig zandbodem zonder profiel,w,klei-zand op geringe diepte (ondieper dan 75 cm),S,lemig zand,d,"matig nat, matig gleyig",p,zonder profielontwikkeling,,,,,,,,,,,,,,,bodemserie Sdp in de Zandstreek,"Behalve onder bos waar de Ap afwezig is (Sdpo), is onder landbouwgrond de bouwvoor 30-40 cm dik en donker grijsbruin. De roestverschijnselen beginnen op 40-60 cm. De waterhuishouding is goed in de zomer, plaatselijk te nat in de winter, vooral op de subs",Rest van Vlaanderen,wSdp-ZS,6,52W
434,434,"Eutric Stagnic Cambisols (Loamic, Abruptic)",Cambisols,CM-st.eu,st.eu,Stagnic,Eutric,-,Stagnic,Loamic,Abruptic,Eutric,wSdp,West-Vlaams cuestaland,Zandstreek,Vochtig zand,wSdp,Sdp,Matig natte lemig zandbodem zonder profiel,w,klei-zand op geringe diepte (ondieper dan 75 cm),S,lemig zand,d,"matig nat, matig gleyig",p,zonder profielontwikkeling,,,,,,,,,,,,,,,bodemserie Sdp in de Zandstreek,"Behalve onder bos waar de Ap afwezig is (Sdpo), is onder landbouwgrond de bouwvoor 30-40 cm dik en donker grijsbruin. De roestverschijnselen beginnen op 40-60 cm. De waterhuishouding is goed in de zomer, plaatselijk te nat in de winter, vooral op de subs",Rest van Vlaanderen,wSdp-ZS,6,52W
435,435,"Eutric Stagnic Cambisols (Loamic, Abruptic)",Cambisols,CM-st.eu,st.eu,Stagnic,Eutric,-,Stagnic,Loamic,Abruptic,Eutric,wSdp,West-Vlaams cuestaland,Zandstreek,Vochtig zand,wSdp,Sdp,Matig natte lemig zandbodem zonder profiel,w,klei-zand op geringe diepte (ondieper dan 75 cm),S,lemig zand,d,"matig nat, matig gleyig",p,zonder profielontwikkeling,,,,,,,,,,,,,,,bodemserie Sdp in de Zandstreek,"Behalve onder bos waar de Ap afwezig is (Sdpo), is onder landbouwgrond de bouwvoor 30-40 cm dik en donker grijsbruin. De roestverschijnselen beginnen op 40-60 cm. De waterhuishouding is goed in de zomer, plaatselijk te nat in de winter, vooral op de subs",Rest van Vlaanderen,wSdp-ZS,6,52W
436,436,"Eutric Stagnic Cambisols (Loamic, Abruptic)",Cambisols,CM-st.eu,st.eu,Stagnic,Eutric,-,Stagnic,Loamic,Abruptic,Eutric,wSdp,West-Vlaams cuestaland,Zandstreek,Vochtig zand,wSdp,Sdp,Matig natte lemig zandbodem zonder profiel,w,klei-zand op geringe diepte (ondieper dan 75 cm),S,lemig zand,d,"matig nat, matig gleyig",p,zonder profielontwikkeling,,,,,,,,,,,,,,,bodemserie Sdp in de Zandstreek,"Behalve onder bos waar de Ap afwezig is (Sdpo), is onder landbouwgrond de bouwvoor 30-40 cm dik en donker grijsbruin. De roestverschijnselen beginnen op 40-60 cm. De waterhuishouding is goed in de zomer, plaatselijk te nat in de winter, vooral op de subs",Rest van Vlaanderen,wSdp-ZS,6,52W
437,437,"Eutric Stagnic Cambisols (Loamic, Abruptic)",Cambisols,CM-st.eu,st.eu,Stagnic,Eutric,-,Stagnic,Loamic,Abruptic,Eutric,wSdp,West-Vlaams cuestaland,Zandstreek,Vochtig zand,wSdp,Sdp,Matig natte lemig zandbodem zonder profiel,w,klei-zand op geringe diepte (ondieper dan 75 cm),S,lemig zand,d,"matig nat, matig gleyig",p,zonder profielontwikkeling,,,,,,,,,,,,,,,bodemserie Sdp in de Zandstreek,"Behalve onder bos waar de Ap afwezig is (Sdpo), is onder landbouwgrond de bouwvoor 30-40 cm dik en donker grijsbruin. De roestverschijnselen beginnen op 40-60 cm. De waterhuishouding is goed in de zomer, plaatselijk te nat in de winter, vooral op de subs",Rest van Vlaanderen,wSdp-ZS,6,52W
438,438,Eutric Gleyic Cambisols (Loamic),Cambisols,CM-gl.eu,gl.eu,Gleyic,Eutric,-,Endogleyic,Loamic,-,Eutric,Eep,West-Vlaams cuestaland,Zandstreek,Natte klei,Eep,Eep,Sterk gleyige kleibodem zonder profiel,,,E,klei,e,"nat, sterk gleyig met reductiehorizont",p,zonder profielontwikkeling,,,,,,,,,,,,,,,bodemserie Eep in de Zandstreek,"Hydromorfe, sterk gleyige, alluviale grondwatergronden, gekenmerkt door een grijsachtige bovengrond die rust op een sterk gegleyificeerde ondergrond. Tussen 80 en 120 cm treedt een blauwgrijs reductiehorizont op. Het kleiig alluviaal dek rust op een geva",Rest van Vlaanderen,Eep-ZS,4,52W
439,439,Eutric Gleyic Cambisols (Loamic),Cambisols,CM-gl.eu,gl.eu,Gleyic,Eutric,-,Endogleyic,Loamic,-,Eutric,Eep,West-Vlaams cuestaland,Zandstreek,Natte klei,Eep,Eep,Sterk gleyige kleibodem zonder profiel,,,E,klei,e,"nat, sterk gleyig met reductiehorizont",p,zonder profielontwikkeling,,,,,,,,,,,,,,,bodemserie Eep in de Zandstreek,"Hydromorfe, sterk gleyige, alluviale grondwatergronden, gekenmerkt door een grijsachtige bovengrond die rust op een sterk gegleyificeerde ondergrond. Tussen 80 en 120 cm treedt een blauwgrijs reductiehorizont op. Het kleiig alluviaal dek rust op een geva",Rest van Vlaanderen,Eep-ZS,4,52W
440,440,"Terric Anthrosols (Loamic, Abruptic, Spodi-relocatic)",Anthrosols,AT-tr,tr,Terric,-,-,-,Loamic,"Abruptic, Spodi-relocatic",Eutric,wSch,West-Vlaams cuestaland,Zandstreek,Vochtig zand,wSch,Sch,Matig droge lemig zandbodem met verbrokkelde ijzer en/of humus B horizont,w,klei-zand op geringe diepte (ondieper dan 75 cm),S,lemig zand,c,"matig droog, zwak gleyig",h,met verbrokkelde ijzer en/of humus B horizont,,,,,,,,,,,,,,,bodemserie Sch en complexen ScG en ScP in de Zandstreek,"De drie kaarteenheden ScG, Sch en ScP werden gebruikt om Postpodzolgebieden aan te duiden. De profielontwikkeling G werd bij de aanvang van de kartering van de Zandstreek gebruikt in West-Vlaanderen. Vanaf 1960 verdween de . . G ontwikkeling van het kaar",Rest van Vlaanderen,wSch-ZS,6,52W
441,441,"Terric Anthrosols (Loamic, Abruptic, Spodi-relocatic)",Anthrosols,AT-tr,tr,Terric,-,-,-,Loamic,"Abruptic, Spodi-relocatic",Eutric,wSch,West-Vlaams cuestaland,Zandstreek,Vochtig zand,wSch,Sch,Matig droge lemig zandbodem met verbrokkelde ijzer en/of humus B horizont,w,klei-zand op geringe diepte (ondieper dan 75 cm),S,lemig zand,c,"matig droog, zwak gleyig",h,met verbrokkelde ijzer en/of humus B horizont,,,,,,,,,,,,,,,bodemserie Sch en complexen ScG en ScP in de Zandstreek,"De drie kaarteenheden ScG, Sch en ScP werden gebruikt om Postpodzolgebieden aan te duiden. De profielontwikkeling G werd bij de aanvang van de kartering van de Zandstreek gebruikt in West-Vlaanderen. Vanaf 1960 verdween de . . G ontwikkeling van het kaar",Rest van Vlaanderen,wSch-ZS,6,52W
442,442,"Terric Anthrosols (Loamic, Abruptic, Spodi-relocatic)",Anthrosols,AT-tr,tr,Terric,-,-,-,Loamic,"Abruptic, Spodi-relocatic",Eutric,wSch,West-Vlaams cuestaland,Zandstreek,Vochtig zand,wSch,Sch,Matig droge lemig zandbodem met verbrokkelde ijzer en/of humus B horizont,w,klei-zand op geringe diepte (ondieper dan 75 cm),S,lemig zand,c,"matig droog, zwak gleyig",h,met verbrokkelde ijzer en/of humus B horizont,,,,,,,,,,,,,,,bodemserie Sch en complexen ScG en ScP in de Zandstreek,"De drie kaarteenheden ScG, Sch en ScP werden gebruikt om Postpodzolgebieden aan te duiden. De profielontwikkeling G werd bij de aanvang van de kartering van de Zandstreek gebruikt in West-Vlaanderen. Vanaf 1960 verdween de . . G ontwikkeling van het kaar",Rest van Vlaanderen,wSch-ZS,6,52W
443,443,"Terric Anthrosols (Loamic, Abruptic, Spodi-relocatic)",Anthrosols,AT-tr,tr,Terric,-,-,-,Loamic,"Abruptic, Spodi-relocatic",Eutric,wSch,West-Vlaams cuestaland,Zandstreek,Vochtig zand,wSch,Sch,Matig droge lemig zandbodem met verbrokkelde ijzer en/of humus B horizont,w,klei-zand op geringe diepte (ondieper dan 75 cm),S,lemig zand,c,"matig droog, zwak gleyig",h,met verbrokkelde ijzer en/of humus B horizont,,,,,,,,,,,,,,,bodemserie Sch en complexen ScG en ScP in de Zandstreek,"De drie kaarteenheden ScG, Sch en ScP werden gebruikt om Postpodzolgebieden aan te duiden. De profielontwikkeling G werd bij de aanvang van de kartering van de Zandstreek gebruikt in West-Vlaanderen. Vanaf 1960 verdween de . . G ontwikkeling van het kaar",Rest van Vlaanderen,wSch-ZS,6,52W
444,444,"Terric Anthrosols (Loamic, Abruptic, Spodi-relocatic)",Anthrosols,AT-tr,tr,Terric,-,-,-,Loamic,"Abruptic, Spodi-relocatic",Eutric,wSch,West-Vlaams cuestaland,Zandstreek,Vochtig zand,wSch,Sch,Matig droge lemig zandbodem met verbrokkelde ijzer en/of humus B horizont,w,klei-zand op geringe diepte (ondieper dan 75 cm),S,lemig zand,c,"matig droog, zwak gleyig",h,met verbrokkelde ijzer en/of humus B horizont,,,,,,,,,,,,,,,bodemserie Sch en complexen ScG en ScP in de Zandstreek,"De drie kaarteenheden ScG, Sch en ScP werden gebruikt om Postpodzolgebieden aan te duiden. De profielontwikkeling G werd bij de aanvang van de kartering van de Zandstreek gebruikt in West-Vlaanderen. Vanaf 1960 verdween de . . G ontwikkeling van het kaar",Rest van Vlaanderen,wSch-ZS,6,52W
445,445,"Terric Anthrosols (Arenic, Spodi-relocatic)",Anthrosols,AT-tr,tr,Terric,-,-,Endogleyic,Arenic,Spodi-relocatic,Eutric,Zdh,West-Vlaams cuestaland,Zandstreek,Vochtig zand,Zdh,Zdh,Matig natte zandbodem met verbrokkelde ijzer en/of humus B horizont,,,Z,zand,d,"matig nat, matig gleyig",h,met verbrokkelde ijzer en/of humus B horizont,,,,,,,,,,,,,,,bodemserie Zdh en de complexen ZdG en ZdP in de Zandstreek,De hierboven vermelde serie Zdh en de twee complexen ZdG en ZdP zijn bodems welke een matig nat Postpodzolgebied kenmerken. ZdG werd slechts bij de aanvang van de kartering gebruikt. Men beschreef ze toen ook als Postpodzol. Naast  Postpodzolen kunnen oo,Rest van Vlaanderen,Zdh-ZS,6,52W
446,446,"Terric Anthrosols (Arenic, Spodi-relocatic)",Anthrosols,AT-tr,tr,Terric,-,-,Endogleyic,Arenic,Spodi-relocatic,Eutric,Zdh,West-Vlaams cuestaland,Zandstreek,Vochtig zand,Zdh,Zdh,Matig natte zandbodem met verbrokkelde ijzer en/of humus B horizont,,,Z,zand,d,"matig nat, matig gleyig",h,met verbrokkelde ijzer en/of humus B horizont,,,,,,,,,,,,,,,bodemserie Zdh en de complexen ZdG en ZdP in de Zandstreek,De hierboven vermelde serie Zdh en de twee complexen ZdG en ZdP zijn bodems welke een matig nat Postpodzolgebied kenmerken. ZdG werd slechts bij de aanvang van de kartering gebruikt. Men beschreef ze toen ook als Postpodzol. Naast  Postpodzolen kunnen oo,Rest van Vlaanderen,Zdh-ZS,6,52W
447,447,"Eutric Stagnic Cambisols (Loamic, Abruptic)",Cambisols,CM-st.eu,st.eu,Stagnic,Eutric,-,Stagnic,Loamic,Abruptic,Eutric,wSdp,West-Vlaams cuestaland,Zandstreek,Vochtig zand,wSdp,Sdp,Matig natte lemig zandbodem zonder profiel,w,klei-zand op geringe diepte (ondieper dan 75 cm),S,lemig zand,d,"matig nat, matig gleyig",p,zonder profielontwikkeling,,,,,,,,,,,,,,,bodemserie Sdp in de Zandstreek,"Behalve onder bos waar de Ap afwezig is (Sdpo), is onder landbouwgrond de bouwvoor 30-40 cm dik en donker grijsbruin. De roestverschijnselen beginnen op 40-60 cm. De waterhuishouding is goed in de zomer, plaatselijk te nat in de winter, vooral op de subs",Rest van Vlaanderen,wSdp-ZS,6,52W
448,448,Eutric Brunic Arenosols (Relictigleyic),Arenosols,AR-br.eu,br.eu,Brunic,Eutric,-,-,Arenic,Relictigleyic,Eutric,Zbc,West-Vlaams cuestaland,Zandstreek,Droog zand,Zbc,Zbc,"Droge zandbodem met sterk gevlekte, verbrokkelde textuur B horizont",,,Z,zand,b,"droog, niet gleyig",c,"met sterk gevlekte textuur (bij lemige sedimenten), verbrokkelde textuur B horizont ( bij zandige sedimenten)",,,,,,,,,,,,,,,"bodemseries Zbp, Zbb en Zbc en het complex ZbP in de Zandstreek",Deze vier bodemseries hebben als gemeenschappelijk kenmerk dat de roestverschijnselen beginnen tussen de diepten van 90 en 100 cm. Bodemgenetisch vormen ze het deel van de chronosekwentie vanaf het niet gedifferentieerd materiaal tot de verbrokkelde text,Rest van Vlaanderen,Zbc-ZS,7,52W
449,449,"Terric Anthrosols (Arenic, Spodi-relocatic)",Anthrosols,AT-tr,tr,Terric,-,-,-,Arenic,Spodi-relocatic,Eutric,Zch,West-Vlaams cuestaland,Zandstreek,Vochtig zand,Zch,Zch,Matig droge zandbodem met verbrokkelde ijzer en/of humus B horizont,,,Z,zand,c,"matig droog, zwak gleyig",h,met verbrokkelde ijzer en/of humus B horizont,,,,,,,,,,,,,,,bodemserie Zch en complex ZcG in de Zandstreek,"De donker bruingrijze bovengrond is goed humeus en 30-60 cm dik. De Podzol B, 20-30 cm dik, is verbrokkeld in harde concreties. De roestverschijnselen beginnen tussen 60 en 90 cm. De waterhuishouding is goed in de winter, te droog in de zomer. De bodems",Rest van Vlaanderen,Zch-ZS,7,52W
450,450,"Terric Anthrosols (Arenic, Spodi-relocatic)",Anthrosols,AT-tr,tr,Terric,-,-,-,Arenic,Spodi-relocatic,Eutric,Zch,West-Vlaams cuestaland,Zandstreek,Vochtig zand,Zch,Zch,Matig droge zandbodem met verbrokkelde ijzer en/of humus B horizont,,,Z,zand,c,"matig droog, zwak gleyig",h,met verbrokkelde ijzer en/of humus B horizont,,,,,,,,,,,,,,,bodemserie Zch en complex ZcG in de Zandstreek,"De donker bruingrijze bovengrond is goed humeus en 30-60 cm dik. De Podzol B, 20-30 cm dik, is verbrokkeld in harde concreties. De roestverschijnselen beginnen tussen 60 en 90 cm. De waterhuishouding is goed in de winter, te droog in de zomer. De bodems",Rest van Vlaanderen,Zch-ZS,7,52W
451,451,"Eutric Stagnic Cambisols (Loamic, Abruptic)",Cambisols,CM-st.eu,st.eu,Stagnic,Eutric,-,Stagnic,Loamic,Abruptic,Eutric,wSdp,West-Vlaams cuestaland,Zandstreek,Vochtig zand,wSdp,Sdp,Matig natte lemig zandbodem zonder profiel,w,klei-zand op geringe diepte (ondieper dan 75 cm),S,lemig zand,d,"matig nat, matig gleyig",p,zonder profielontwikkeling,,,,,,,,,,,,,,,bodemserie Sdp in de Zandstreek,"Behalve onder bos waar de Ap afwezig is (Sdpo), is onder landbouwgrond de bouwvoor 30-40 cm dik en donker grijsbruin. De roestverschijnselen beginnen op 40-60 cm. De waterhuishouding is goed in de zomer, plaatselijk te nat in de winter, vooral op de subs",Rest van Vlaanderen,wSdp-ZS,6,52W
452,452,"Eutric Stagnic Cambisols (Loamic, Abruptic)",Cambisols,CM-st.eu,st.eu,Stagnic,Eutric,-,Stagnic,Loamic,Abruptic,Eutric,wSdp,West-Vlaams cuestaland,Zandstreek,Vochtig zand,wSdp,Sdp,Matig natte lemig zandbodem zonder profiel,w,klei-zand op geringe diepte (ondieper dan 75 cm),S,lemig zand,d,"matig nat, matig gleyig",p,zonder profielontwikkeling,,,,,,,,,,,,,,,bodemserie Sdp in de Zandstreek,"Behalve onder bos waar de Ap afwezig is (Sdpo), is onder landbouwgrond de bouwvoor 30-40 cm dik en donker grijsbruin. De roestverschijnselen beginnen op 40-60 cm. De waterhuishouding is goed in de zomer, plaatselijk te nat in de winter, vooral op de subs",Rest van Vlaanderen,wSdp-ZS,6,52W
453,453,"Eutric Stagnic Cambisols (Loamic, Abruptic)",Cambisols,CM-st.eu,st.eu,Stagnic,Eutric,-,Stagnic,Loamic,Abruptic,Eutric,wSdp,West-Vlaams cuestaland,Zandstreek,Vochtig zand,wSdp,Sdp,Matig natte lemig zandbodem zonder profiel,w,klei-zand op geringe diepte (ondieper dan 75 cm),S,lemig zand,d,"matig nat, matig gleyig",p,zonder profielontwikkeling,,,,,,,,,,,,,,,bodemserie Sdp in de Zandstreek,"Behalve onder bos waar de Ap afwezig is (Sdpo), is onder landbouwgrond de bouwvoor 30-40 cm dik en donker grijsbruin. De roestverschijnselen beginnen op 40-60 cm. De waterhuishouding is goed in de zomer, plaatselijk te nat in de winter, vooral op de subs",Rest van Vlaanderen,wSdp-ZS,6,52W
454,454,"Eutric Gleyic Cambisols (Loamic, Ruptic)",Cambisols,CM-gl.eu,gl.eu,Gleyic,Eutric,-,Endogleyic,Loamic,Ruptic,Eutric,wPep,West-Vlaams cuestaland,Zandstreek,Nat zandleem,wPep,Pep,Natte licht zandleembodem zonder profiel,w,klei-zand op geringe diepte (ondieper dan 75 cm),P,licht zandleem,e,"nat, sterk gleyig met reductiehorizont",p,zonder profielontwikkeling,,,,,,,,,,,,,,,bodemserie Pep en complex PeP in de Zandstreek,"Deze hydromorfe bodems hebben een reductiehorizont op licht zandleem. De bouwvoor, 20 - 30 cm dik, vertoont reeds roestvlekken in een donker grijsbruine matrix. Tussen de humeuze bovengrond en het zand, leem, klei, klei-zand, mergel of veensubstraat komt",Rest van Vlaanderen,wPep-ZS,4,52W
455,455,"Eutric Stagnic Cambisols (Loamic, Abruptic)",Cambisols,CM-st.eu,st.eu,Stagnic,Eutric,-,Stagnic,Loamic,Abruptic,Eutric,wSdp,West-Vlaams cuestaland,Zandstreek,Vochtig zand,wSdp,Sdp,Matig natte lemig zandbodem zonder profiel,w,klei-zand op geringe diepte (ondieper dan 75 cm),S,lemig zand,d,"matig nat, matig gleyig",p,zonder profielontwikkeling,,,,,,,,,,,,,,,bodemserie Sdp in de Zandstreek,"Behalve onder bos waar de Ap afwezig is (Sdpo), is onder landbouwgrond de bouwvoor 30-40 cm dik en donker grijsbruin. De roestverschijnselen beginnen op 40-60 cm. De waterhuishouding is goed in de zomer, plaatselijk te nat in de winter, vooral op de subs",Rest van Vlaanderen,wSdp-ZS,6,52W
456,456,"Eutric Stagnic Cambisols (Loamic, Abruptic)",Cambisols,CM-st.eu,st.eu,Stagnic,Eutric,-,Stagnic,Loamic,Abruptic,Eutric,wSdp,West-Vlaams cuestaland,Zandstreek,Vochtig zand,wSdp,Sdp,Matig natte lemig zandbodem zonder profiel,w,klei-zand op geringe diepte (ondieper dan 75 cm),S,lemig zand,d,"matig nat, matig gleyig",p,zonder profielontwikkeling,,,,,,,,,,,,,,,bodemserie Sdp in de Zandstreek,"Behalve onder bos waar de Ap afwezig is (Sdpo), is onder landbouwgrond de bouwvoor 30-40 cm dik en donker grijsbruin. De roestverschijnselen beginnen op 40-60 cm. De waterhuishouding is goed in de zomer, plaatselijk te nat in de winter, vooral op de subs",Rest van Vlaanderen,wSdp-ZS,6,52W
457,457,"Eutric Stagnic Cambisols (Loamic, Abruptic)",Cambisols,CM-st.eu,st.eu,Stagnic,Eutric,-,Stagnic,Loamic,Abruptic,Eutric,wSdp,West-Vlaams cuestaland,Zandstreek,Vochtig zand,wSdp,Sdp,Matig natte lemig zandbodem zonder profiel,w,klei-zand op geringe diepte (ondieper dan 75 cm),S,lemig zand,d,"matig nat, matig gleyig",p,zonder profielontwikkeling,,,,,,,,,,,,,,,bodemserie Sdp in de Zandstreek,"Behalve onder bos waar de Ap afwezig is (Sdpo), is onder landbouwgrond de bouwvoor 30-40 cm dik en donker grijsbruin. De roestverschijnselen beginnen op 40-60 cm. De waterhuishouding is goed in de zomer, plaatselijk te nat in de winter, vooral op de subs",Rest van Vlaanderen,wSdp-ZS,6,52W
458,458,"Eutric Stagnic Cambisols (Loamic, Abruptic)",Cambisols,CM-st.eu,st.eu,Stagnic,Eutric,-,Stagnic,Loamic,Abruptic,Eutric,wSdp,West-Vlaams cuestaland,Zandstreek,Vochtig zand,wSdp,Sdp,Matig natte lemig zandbodem zonder profiel,w,klei-zand op geringe diepte (ondieper dan 75 cm),S,lemig zand,d,"matig nat, matig gleyig",p,zonder profielontwikkeling,,,,,,,,,,,,,,,bodemserie Sdp in de Zandstreek,"Behalve onder bos waar de Ap afwezig is (Sdpo), is onder landbouwgrond de bouwvoor 30-40 cm dik en donker grijsbruin. De roestverschijnselen beginnen op 40-60 cm. De waterhuishouding is goed in de zomer, plaatselijk te nat in de winter, vooral op de subs",Rest van Vlaanderen,wSdp-ZS,6,52W
459,459,"Eutric Stagnic Cambisols (Loamic, Abruptic)",Cambisols,CM-st.eu,st.eu,Stagnic,Eutric,-,Stagnic,Loamic,Abruptic,Eutric,wSdp,West-Vlaams cuestaland,Zandstreek,Vochtig zand,wSdp,Sdp,Matig natte lemig zandbodem zonder profiel,w,klei-zand op geringe diepte (ondieper dan 75 cm),S,lemig zand,d,"matig nat, matig gleyig",p,zonder profielontwikkeling,,,,,,,,,,,,,,,bodemserie Sdp in de Zandstreek,"Behalve onder bos waar de Ap afwezig is (Sdpo), is onder landbouwgrond de bouwvoor 30-40 cm dik en donker grijsbruin. De roestverschijnselen beginnen op 40-60 cm. De waterhuishouding is goed in de zomer, plaatselijk te nat in de winter, vooral op de subs",Rest van Vlaanderen,wSdp-ZS,6,52W
460,460,"Eutric Stagnic Cambisols (Loamic, Abruptic)",Cambisols,CM-st.eu,st.eu,Stagnic,Eutric,-,Stagnic,Loamic,Abruptic,Eutric,wSdp,West-Vlaams cuestaland,Zandstreek,Vochtig zand,wSdp,Sdp,Matig natte lemig zandbodem zonder profiel,w,klei-zand op geringe diepte (ondieper dan 75 cm),S,lemig zand,d,"matig nat, matig gleyig",p,zonder profielontwikkeling,,,,,,,,,,,,,,,bodemserie Sdp in de Zandstreek,"Behalve onder bos waar de Ap afwezig is (Sdpo), is onder landbouwgrond de bouwvoor 30-40 cm dik en donker grijsbruin. De roestverschijnselen beginnen op 40-60 cm. De waterhuishouding is goed in de zomer, plaatselijk te nat in de winter, vooral op de subs",Rest van Vlaanderen,wSdp-ZS,6,52W
461,461,"Eutric Stagnic Cambisols (Loamic, Abruptic)",Cambisols,CM-st.eu,st.eu,Stagnic,Eutric,-,Stagnic,Loamic,Abruptic,Eutric,wSdp,West-Vlaams cuestaland,Zandstreek,Vochtig zand,wSdp,Sdp,Matig natte lemig zandbodem zonder profiel,w,klei-zand op geringe diepte (ondieper dan 75 cm),S,lemig zand,d,"matig nat, matig gleyig",p,zonder profielontwikkeling,,,,,,,,,,,,,,,bodemserie Sdp in de Zandstreek,"Behalve onder bos waar de Ap afwezig is (Sdpo), is onder landbouwgrond de bouwvoor 30-40 cm dik en donker grijsbruin. De roestverschijnselen beginnen op 40-60 cm. De waterhuishouding is goed in de zomer, plaatselijk te nat in de winter, vooral op de subs",Rest van Vlaanderen,wSdp-ZS,6,52W
462,462,"Eutric Stagnic Cambisols (Loamic, Abruptic)",Cambisols,CM-st.eu,st.eu,Stagnic,Eutric,-,Stagnic,Loamic,Abruptic,Eutric,wSdp,West-Vlaams cuestaland,Zandstreek,Vochtig zand,wSdp,Sdp,Matig natte lemig zandbodem zonder profiel,w,klei-zand op geringe diepte (ondieper dan 75 cm),S,lemig zand,d,"matig nat, matig gleyig",p,zonder profielontwikkeling,,,,,,,,,,,,,,,bodemserie Sdp in de Zandstreek,"Behalve onder bos waar de Ap afwezig is (Sdpo), is onder landbouwgrond de bouwvoor 30-40 cm dik en donker grijsbruin. De roestverschijnselen beginnen op 40-60 cm. De waterhuishouding is goed in de zomer, plaatselijk te nat in de winter, vooral op de subs",Rest van Vlaanderen,wSdp-ZS,6,52W
463,463,"Eutric Stagnic Cambisols (Loamic, Abruptic)",Cambisols,CM-st.eu,st.eu,Stagnic,Eutric,-,Stagnic,Loamic,Abruptic,Eutric,wSdp,West-Vlaams cuestaland,Zandstreek,Vochtig zand,wSdp,Sdp,Matig natte lemig zandbodem zonder profiel,w,klei-zand op geringe diepte (ondieper dan 75 cm),S,lemig zand,d,"matig nat, matig gleyig",p,zonder profielontwikkeling,,,,,,,,,,,,,,,bodemserie Sdp in de Zandstreek,"Behalve onder bos waar de Ap afwezig is (Sdpo), is onder landbouwgrond de bouwvoor 30-40 cm dik en donker grijsbruin. De roestverschijnselen beginnen op 40-60 cm. De waterhuishouding is goed in de zomer, plaatselijk te nat in de winter, vooral op de subs",Rest van Vlaanderen,wSdp-ZS,6,52W
464,464,"Eutric Stagnic Cambisols (Loamic, Abruptic)",Cambisols,CM-st.eu,st.eu,Stagnic,Eutric,-,Stagnic,Loamic,Abruptic,Eutric,wSdp,West-Vlaams cuestaland,Zandstreek,Vochtig zand,wSdp,Sdp,Matig natte lemig zandbodem zonder profiel,w,klei-zand op geringe diepte (ondieper dan 75 cm),S,lemig zand,d,"matig nat, matig gleyig",p,zonder profielontwikkeling,,,,,,,,,,,,,,,bodemserie Sdp in de Zandstreek,"Behalve onder bos waar de Ap afwezig is (Sdpo), is onder landbouwgrond de bouwvoor 30-40 cm dik en donker grijsbruin. De roestverschijnselen beginnen op 40-60 cm. De waterhuishouding is goed in de zomer, plaatselijk te nat in de winter, vooral op de subs",Rest van Vlaanderen,wSdp-ZS,6,52W
465,465,"Eutric Stagnic Cambisols (Loamic, Abruptic)",Cambisols,CM-st.eu,st.eu,Stagnic,Eutric,-,Stagnic,Loamic,Abruptic,Eutric,wSdp,West-Vlaams cuestaland,Zandstreek,Vochtig zand,wSdp,Sdp,Matig natte lemig zandbodem zonder profiel,w,klei-zand op geringe diepte (ondieper dan 75 cm),S,lemig zand,d,"matig nat, matig gleyig",p,zonder profielontwikkeling,,,,,,,,,,,,,,,bodemserie Sdp in de Zandstreek,"Behalve onder bos waar de Ap afwezig is (Sdpo), is onder landbouwgrond de bouwvoor 30-40 cm dik en donker grijsbruin. De roestverschijnselen beginnen op 40-60 cm. De waterhuishouding is goed in de zomer, plaatselijk te nat in de winter, vooral op de subs",Rest van Vlaanderen,wSdp-ZS,6,52W
466,466,"Eutric Stagnic Cambisols (Loamic, Abruptic)",Cambisols,CM-st.eu,st.eu,Stagnic,Eutric,-,Stagnic,Loamic,Abruptic,Eutric,wSdp,West-Vlaams cuestaland,Zandstreek,Vochtig zand,wSdp,Sdp,Matig natte lemig zandbodem zonder profiel,w,klei-zand op geringe diepte (ondieper dan 75 cm),S,lemig zand,d,"matig nat, matig gleyig",p,zonder profielontwikkeling,,,,,,,,,,,,,,,bodemserie Sdp in de Zandstreek,"Behalve onder bos waar de Ap afwezig is (Sdpo), is onder landbouwgrond de bouwvoor 30-40 cm dik en donker grijsbruin. De roestverschijnselen beginnen op 40-60 cm. De waterhuishouding is goed in de zomer, plaatselijk te nat in de winter, vooral op de subs",Rest van Vlaanderen,wSdp-ZS,6,52W
467,467,"Eutric Stagnic Cambisols (Loamic, Abruptic)",Cambisols,CM-st.eu,st.eu,Stagnic,Eutric,-,Stagnic,Loamic,Abruptic,Eutric,wSdp,West-Vlaams cuestaland,Zandstreek,Vochtig zand,wSdp,Sdp,Matig natte lemig zandbodem zonder profiel,w,klei-zand op geringe diepte (ondieper dan 75 cm),S,lemig zand,d,"matig nat, matig gleyig",p,zonder profielontwikkeling,,,,,,,,,,,,,,,bodemserie Sdp in de Zandstreek,"Behalve onder bos waar de Ap afwezig is (Sdpo), is onder landbouwgrond de bouwvoor 30-40 cm dik en donker grijsbruin. De roestverschijnselen beginnen op 40-60 cm. De waterhuishouding is goed in de zomer, plaatselijk te nat in de winter, vooral op de subs",Rest van Vlaanderen,wSdp-ZS,6,52W
468,468,"Eutric Stagnic Cambisols (Loamic, Abruptic)",Cambisols,CM-st.eu,st.eu,Stagnic,Eutric,-,Stagnic,Loamic,Abruptic,Eutric,wSdp,West-Vlaams cuestaland,Zandstreek,Vochtig zand,wSdp,Sdp,Matig natte lemig zandbodem zonder profiel,w,klei-zand op geringe diepte (ondieper dan 75 cm),S,lemig zand,d,"matig nat, matig gleyig",p,zonder profielontwikkeling,,,,,,,,,,,,,,,bodemserie Sdp in de Zandstreek,"Behalve onder bos waar de Ap afwezig is (Sdpo), is onder landbouwgrond de bouwvoor 30-40 cm dik en donker grijsbruin. De roestverschijnselen beginnen op 40-60 cm. De waterhuishouding is goed in de zomer, plaatselijk te nat in de winter, vooral op de subs",Rest van Vlaanderen,wSdp-ZS,6,52W
469,469,"Eutric Stagnic Cambisols (Loamic, Abruptic)",Cambisols,CM-st.eu,st.eu,Stagnic,Eutric,-,Stagnic,Loamic,Abruptic,Eutric,wSdp,West-Vlaams cuestaland,Zandstreek,Vochtig zand,wSdp,Sdp,Matig natte lemig zandbodem zonder profiel,w,klei-zand op geringe diepte (ondieper dan 75 cm),S,lemig zand,d,"matig nat, matig gleyig",p,zonder profielontwikkeling,,,,,,,,,,,,,,,bodemserie Sdp in de Zandstreek,"Behalve onder bos waar de Ap afwezig is (Sdpo), is onder landbouwgrond de bouwvoor 30-40 cm dik en donker grijsbruin. De roestverschijnselen beginnen op 40-60 cm. De waterhuishouding is goed in de zomer, plaatselijk te nat in de winter, vooral op de subs",Rest van Vlaanderen,wSdp-ZS,6,52W
470,470,"Eutric Stagnic Cambisols (Loamic, Abruptic)",Cambisols,CM-st.eu,st.eu,Stagnic,Eutric,-,Stagnic,Loamic,Abruptic,Eutric,wSdp,West-Vlaams cuestaland,Zandstreek,Vochtig zand,wSdp,Sdp,Matig natte lemig zandbodem zonder profiel,w,klei-zand op geringe diepte (ondieper dan 75 cm),S,lemig zand,d,"matig nat, matig gleyig",p,zonder profielontwikkeling,,,,,,,,,,,,,,,bodemserie Sdp in de Zandstreek,"Behalve onder bos waar de Ap afwezig is (Sdpo), is onder landbouwgrond de bouwvoor 30-40 cm dik en donker grijsbruin. De roestverschijnselen beginnen op 40-60 cm. De waterhuishouding is goed in de zomer, plaatselijk te nat in de winter, vooral op de subs",Rest van Vlaanderen,wSdp-ZS,6,52W
471,471,"Eutric Stagnic Cambisols (Loamic, Abruptic)",Cambisols,CM-st.eu,st.eu,Stagnic,Eutric,-,Stagnic,Loamic,Abruptic,Eutric,wSdp,West-Vlaams cuestaland,Zandstreek,Vochtig zand,wSdp,Sdp,Matig natte lemig zandbodem zonder profiel,w,klei-zand op geringe diepte (ondieper dan 75 cm),S,lemig zand,d,"matig nat, matig gleyig",p,zonder profielontwikkeling,,,,,,,,,,,,,,,bodemserie Sdp in de Zandstreek,"Behalve onder bos waar de Ap afwezig is (Sdpo), is onder landbouwgrond de bouwvoor 30-40 cm dik en donker grijsbruin. De roestverschijnselen beginnen op 40-60 cm. De waterhuishouding is goed in de zomer, plaatselijk te nat in de winter, vooral op de subs",Rest van Vlaanderen,wSdp-ZS,6,52W
472,472,"Eutric Stagnic Cambisols (Loamic, Abruptic)",Cambisols,CM-st.eu,st.eu,Stagnic,Eutric,-,Stagnic,Loamic,Abruptic,Eutric,wSdp,West-Vlaams cuestaland,Zandstreek,Vochtig zand,wSdp,Sdp,Matig natte lemig zandbodem zonder profiel,w,klei-zand op geringe diepte (ondieper dan 75 cm),S,lemig zand,d,"matig nat, matig gleyig",p,zonder profielontwikkeling,,,,,,,,,,,,,,,bodemserie Sdp in de Zandstreek,"Behalve onder bos waar de Ap afwezig is (Sdpo), is onder landbouwgrond de bouwvoor 30-40 cm dik en donker grijsbruin. De roestverschijnselen beginnen op 40-60 cm. De waterhuishouding is goed in de zomer, plaatselijk te nat in de winter, vooral op de subs",Rest van Vlaanderen,wSdp-ZS,6,52W
473,473,"Eutric Stagnic Cambisols (Loamic, Abruptic)",Cambisols,CM-st.eu,st.eu,Stagnic,Eutric,-,Stagnic,Loamic,Abruptic,Eutric,wSdp,West-Vlaams cuestaland,Zandstreek,Vochtig zand,wSdp,Sdp,Matig natte lemig zandbodem zonder profiel,w,klei-zand op geringe diepte (ondieper dan 75 cm),S,lemig zand,d,"matig nat, matig gleyig",p,zonder profielontwikkeling,,,,,,,,,,,,,,,bodemserie Sdp in de Zandstreek,"Behalve onder bos waar de Ap afwezig is (Sdpo), is onder landbouwgrond de bouwvoor 30-40 cm dik en donker grijsbruin. De roestverschijnselen beginnen op 40-60 cm. De waterhuishouding is goed in de zomer, plaatselijk te nat in de winter, vooral op de subs",Rest van Vlaanderen,wSdp-ZS,6,52W
474,474,"Eutric Stagnic Cambisols (Loamic, Abruptic)",Cambisols,CM-st.eu,st.eu,Stagnic,Eutric,-,Stagnic,Loamic,Abruptic,Eutric,wSdp,West-Vlaams cuestaland,Zandstreek,Vochtig zand,wSdp,Sdp,Matig natte lemig zandbodem zonder profiel,w,klei-zand op geringe diepte (ondieper dan 75 cm),S,lemig zand,d,"matig nat, matig gleyig",p,zonder profielontwikkeling,,,,,,,,,,,,,,,bodemserie Sdp in de Zandstreek,"Behalve onder bos waar de Ap afwezig is (Sdpo), is onder landbouwgrond de bouwvoor 30-40 cm dik en donker grijsbruin. De roestverschijnselen beginnen op 40-60 cm. De waterhuishouding is goed in de zomer, plaatselijk te nat in de winter, vooral op de subs",Rest van Vlaanderen,wSdp-ZS,6,52W
475,475,"Eutric Stagnic Cambisols (Loamic, Abruptic)",Cambisols,CM-st.eu,st.eu,Stagnic,Eutric,-,Stagnic,Loamic,Abruptic,Eutric,wSdp,West-Vlaams cuestaland,Zandstreek,Vochtig zand,wSdp,Sdp,Matig natte lemig zandbodem zonder profiel,w,klei-zand op geringe diepte (ondieper dan 75 cm),S,lemig zand,d,"matig nat, matig gleyig",p,zonder profielontwikkeling,,,,,,,,,,,,,,,bodemserie Sdp in de Zandstreek,"Behalve onder bos waar de Ap afwezig is (Sdpo), is onder landbouwgrond de bouwvoor 30-40 cm dik en donker grijsbruin. De roestverschijnselen beginnen op 40-60 cm. De waterhuishouding is goed in de zomer, plaatselijk te nat in de winter, vooral op de subs",Rest van Vlaanderen,wSdp-ZS,6,52W
476,476,"Eutric Stagnic Cambisols (Loamic, Abruptic)",Cambisols,CM-st.eu,st.eu,Stagnic,Eutric,-,Stagnic,Loamic,Abruptic,Eutric,wSdp,West-Vlaams cuestaland,Zandstreek,Vochtig zand,wSdp,Sdp,Matig natte lemig zandbodem zonder profiel,w,klei-zand op geringe diepte (ondieper dan 75 cm),S,lemig zand,d,"matig nat, matig gleyig",p,zonder profielontwikkeling,,,,,,,,,,,,,,,bodemserie Sdp in de Zandstreek,"Behalve onder bos waar de Ap afwezig is (Sdpo), is onder landbouwgrond de bouwvoor 30-40 cm dik en donker grijsbruin. De roestverschijnselen beginnen op 40-60 cm. De waterhuishouding is goed in de zomer, plaatselijk te nat in de winter, vooral op de subs",Rest van Vlaanderen,wSdp-ZS,6,52W
477,477,"Eutric Stagnic Cambisols (Loamic, Abruptic)",Cambisols,CM-st.eu,st.eu,Stagnic,Eutric,-,Stagnic,Loamic,Abruptic,Eutric,wSdp,West-Vlaams cuestaland,Zandstreek,Vochtig zand,wSdp,Sdp,Matig natte lemig zandbodem zonder profiel,w,klei-zand op geringe diepte (ondieper dan 75 cm),S,lemig zand,d,"matig nat, matig gleyig",p,zonder profielontwikkeling,,,,,,,,,,,,,,,bodemserie Sdp in de Zandstreek,"Behalve onder bos waar de Ap afwezig is (Sdpo), is onder landbouwgrond de bouwvoor 30-40 cm dik en donker grijsbruin. De roestverschijnselen beginnen op 40-60 cm. De waterhuishouding is goed in de zomer, plaatselijk te nat in de winter, vooral op de subs",Rest van Vlaanderen,wSdp-ZS,6,52W
478,478,"Eutric Stagnic Cambisols (Loamic, Abruptic)",Cambisols,CM-st.eu,st.eu,Stagnic,Eutric,-,Stagnic,Loamic,Abruptic,Eutric,wSdp,West-Vlaams cuestaland,Zandstreek,Vochtig zand,wSdp,Sdp,Matig natte lemig zandbodem zonder profiel,w,klei-zand op geringe diepte (ondieper dan 75 cm),S,lemig zand,d,"matig nat, matig gleyig",p,zonder profielontwikkeling,,,,,,,,,,,,,,,bodemserie Sdp in de Zandstreek,"Behalve onder bos waar de Ap afwezig is (Sdpo), is onder landbouwgrond de bouwvoor 30-40 cm dik en donker grijsbruin. De roestverschijnselen beginnen op 40-60 cm. De waterhuishouding is goed in de zomer, plaatselijk te nat in de winter, vooral op de subs",Rest van Vlaanderen,wSdp-ZS,6,52W
479,479,"Eutric Stagnic Cambisols (Loamic, Abruptic)",Cambisols,CM-st.eu,st.eu,Stagnic,Eutric,-,Stagnic,Loamic,Abruptic,Eutric,wSdp,West-Vlaams cuestaland,Zandstreek,Vochtig zand,wSdp,Sdp,Matig natte lemig zandbodem zonder profiel,w,klei-zand op geringe diepte (ondieper dan 75 cm),S,lemig zand,d,"matig nat, matig gleyig",p,zonder profielontwikkeling,,,,,,,,,,,,,,,bodemserie Sdp in de Zandstreek,"Behalve onder bos waar de Ap afwezig is (Sdpo), is onder landbouwgrond de bouwvoor 30-40 cm dik en donker grijsbruin. De roestverschijnselen beginnen op 40-60 cm. De waterhuishouding is goed in de zomer, plaatselijk te nat in de winter, vooral op de subs",Rest van Vlaanderen,wSdp-ZS,6,52W
480,480,"Eutric Stagnic Cambisols (Loamic, Abruptic)",Cambisols,CM-st.eu,st.eu,Stagnic,Eutric,-,Stagnic,Loamic,Abruptic,Eutric,wSdp,West-Vlaams cuestaland,Zandstreek,Vochtig zand,wSdp,Sdp,Matig natte lemig zandbodem zonder profiel,w,klei-zand op geringe diepte (ondieper dan 75 cm),S,lemig zand,d,"matig nat, matig gleyig",p,zonder profielontwikkeling,,,,,,,,,,,,,,,bodemserie Sdp in de Zandstreek,"Behalve onder bos waar de Ap afwezig is (Sdpo), is onder landbouwgrond de bouwvoor 30-40 cm dik en donker grijsbruin. De roestverschijnselen beginnen op 40-60 cm. De waterhuishouding is goed in de zomer, plaatselijk te nat in de winter, vooral op de subs",Rest van Vlaanderen,wSdp-ZS,6,52W
481,481,"Eutric Stagnic Cambisols (Loamic, Abruptic)",Cambisols,CM-st.eu,st.eu,Stagnic,Eutric,-,Stagnic,Loamic,Abruptic,Eutric,wSdp,West-Vlaams cuestaland,Zandstreek,Vochtig zand,wSdp,Sdp,Matig natte lemig zandbodem zonder profiel,w,klei-zand op geringe diepte (ondieper dan 75 cm),S,lemig zand,d,"matig nat, matig gleyig",p,zonder profielontwikkeling,,,,,,,,,,,,,,,bodemserie Sdp in de Zandstreek,"Behalve onder bos waar de Ap afwezig is (Sdpo), is onder landbouwgrond de bouwvoor 30-40 cm dik en donker grijsbruin. De roestverschijnselen beginnen op 40-60 cm. De waterhuishouding is goed in de zomer, plaatselijk te nat in de winter, vooral op de subs",Rest van Vlaanderen,wSdp-ZS,6,52W
482,482,"Eutric Stagnic Cambisols (Loamic, Abruptic)",Cambisols,CM-st.eu,st.eu,Stagnic,Eutric,-,Stagnic,Loamic,Abruptic,Eutric,wSdp,West-Vlaams cuestaland,Zandstreek,Vochtig zand,wSdp,Sdp,Matig natte lemig zandbodem zonder profiel,w,klei-zand op geringe diepte (ondieper dan 75 cm),S,lemig zand,d,"matig nat, matig gleyig",p,zonder profielontwikkeling,,,,,,,,,,,,,,,bodemserie Sdp in de Zandstreek,"Behalve onder bos waar de Ap afwezig is (Sdpo), is onder landbouwgrond de bouwvoor 30-40 cm dik en donker grijsbruin. De roestverschijnselen beginnen op 40-60 cm. De waterhuishouding is goed in de zomer, plaatselijk te nat in de winter, vooral op de subs",Rest van Vlaanderen,wSdp-ZS,6,52W
483,483,"Eutric Stagnic Cambisols (Loamic, Abruptic)",Cambisols,CM-st.eu,st.eu,Stagnic,Eutric,-,Stagnic,Loamic,Abruptic,Eutric,wSdp,West-Vlaams cuestaland,Zandstreek,Vochtig zand,wSdp,Sdp,Matig natte lemig zandbodem zonder profiel,w,klei-zand op geringe diepte (ondieper dan 75 cm),S,lemig zand,d,"matig nat, matig gleyig",p,zonder profielontwikkeling,,,,,,,,,,,,,,,bodemserie Sdp in de Zandstreek,"Behalve onder bos waar de Ap afwezig is (Sdpo), is onder landbouwgrond de bouwvoor 30-40 cm dik en donker grijsbruin. De roestverschijnselen beginnen op 40-60 cm. De waterhuishouding is goed in de zomer, plaatselijk te nat in de winter, vooral op de subs",Rest van Vlaanderen,wSdp-ZS,6,52W
484,484,"Eutric Stagnic Cambisols (Loamic, Abruptic)",Cambisols,CM-st.eu,st.eu,Stagnic,Eutric,-,Stagnic,Loamic,Abruptic,Eutric,wSdp,West-Vlaams cuestaland,Zandstreek,Vochtig zand,wSdp,Sdp,Matig natte lemig zandbodem zonder profiel,w,klei-zand op geringe diepte (ondieper dan 75 cm),S,lemig zand,d,"matig nat, matig gleyig",p,zonder profielontwikkeling,,,,,,,,,,,,,,,bodemserie Sdp in de Zandstreek,"Behalve onder bos waar de Ap afwezig is (Sdpo), is onder landbouwgrond de bouwvoor 30-40 cm dik en donker grijsbruin. De roestverschijnselen beginnen op 40-60 cm. De waterhuishouding is goed in de zomer, plaatselijk te nat in de winter, vooral op de subs",Rest van Vlaanderen,wSdp-ZS,6,52W
485,485,"Terric Anthrosols (Loamic, Spodi-relocatic)",Anthrosols,AT-tr,tr,Terric,-,-,-,Loamic,Spodi-relocatic,Eutric,Sch,West-Vlaams cuestaland,Zandstreek,Vochtig zand,Sch,Sch,Matig droge lemig zandbodem met verbrokkelde ijzer en/of humus B horizont,,,S,lemig zand,c,"matig droog, zwak gleyig",h,met verbrokkelde ijzer en/of humus B horizont,,,,,,,,,,,,,,,bodemserie Sch en complexen ScG en ScP in de Zandstreek,"De drie kaarteenheden ScG, Sch en ScP werden gebruikt om Postpodzolgebieden aan te duiden. De profielontwikkeling G werd bij de aanvang van de kartering van de Zandstreek gebruikt in West-Vlaanderen. Vanaf 1960 verdween de . . G ontwikkeling van het kaar",Rest van Vlaanderen,Sch-ZS,6,52W
486,486,"Terric Anthrosols (Loamic, Spodi-relocatic)",Anthrosols,AT-tr,tr,Terric,-,-,-,Loamic,Spodi-relocatic,Eutric,Sch,West-Vlaams cuestaland,Zandstreek,Vochtig zand,Sch,Sch,Matig droge lemig zandbodem met verbrokkelde ijzer en/of humus B horizont,,,S,lemig zand,c,"matig droog, zwak gleyig",h,met verbrokkelde ijzer en/of humus B horizont,,,,,,,,,,,,,,,bodemserie Sch en complexen ScG en ScP in de Zandstreek,"De drie kaarteenheden ScG, Sch en ScP werden gebruikt om Postpodzolgebieden aan te duiden. De profielontwikkeling G werd bij de aanvang van de kartering van de Zandstreek gebruikt in West-Vlaanderen. Vanaf 1960 verdween de . . G ontwikkeling van het kaar",Rest van Vlaanderen,Sch-ZS,6,52W
487,487,Eutric Gleyic Cambisols (Loamic),Cambisols,CM-gl.eu,gl.eu,Gleyic,Eutric,-,Endogleyic,Loamic,-,Eutric,Eep,West-Vlaams cuestaland,Zandstreek,Natte klei,Eep,Eep,Sterk gleyige kleibodem zonder profiel,,,E,klei,e,"nat, sterk gleyig met reductiehorizont",p,zonder profielontwikkeling,,,,,,,,,,,,,,,bodemserie Eep in de Zandstreek,"Hydromorfe, sterk gleyige, alluviale grondwatergronden, gekenmerkt door een grijsachtige bovengrond die rust op een sterk gegleyificeerde ondergrond. Tussen 80 en 120 cm treedt een blauwgrijs reductiehorizont op. Het kleiig alluviaal dek rust op een geva",Rest van Vlaanderen,Eep-ZS,4,52W
488,488,"Terric Anthrosols (Loamic, Abruptic, Spodi-relocatic)",Anthrosols,AT-tr,tr,Terric,-,-,-,Loamic,"Abruptic, Spodi-relocatic",Eutric,wSch,West-Vlaams cuestaland,Zandstreek,Vochtig zand,wSch,Sch,Matig droge lemig zandbodem met verbrokkelde ijzer en/of humus B horizont,w,klei-zand op geringe diepte (ondieper dan 75 cm),S,lemig zand,c,"matig droog, zwak gleyig",h,met verbrokkelde ijzer en/of humus B horizont,,,,,,,,,,,,,,,bodemserie Sch en complexen ScG en ScP in de Zandstreek,"De drie kaarteenheden ScG, Sch en ScP werden gebruikt om Postpodzolgebieden aan te duiden. De profielontwikkeling G werd bij de aanvang van de kartering van de Zandstreek gebruikt in West-Vlaanderen. Vanaf 1960 verdween de . . G ontwikkeling van het kaar",Rest van Vlaanderen,wSch-ZS,6,52W
489,489,"Terric Anthrosols (Loamic, Abruptic, Spodi-relocatic)",Anthrosols,AT-tr,tr,Terric,-,-,-,Loamic,"Abruptic, Spodi-relocatic",Eutric,wSch,West-Vlaams cuestaland,Zandstreek,Vochtig zand,wSch,Sch,Matig droge lemig zandbodem met verbrokkelde ijzer en/of humus B horizont,w,klei-zand op geringe diepte (ondieper dan 75 cm),S,lemig zand,c,"matig droog, zwak gleyig",h,met verbrokkelde ijzer en/of humus B horizont,,,,,,,,,,,,,,,bodemserie Sch en complexen ScG en ScP in de Zandstreek,"De drie kaarteenheden ScG, Sch en ScP werden gebruikt om Postpodzolgebieden aan te duiden. De profielontwikkeling G werd bij de aanvang van de kartering van de Zandstreek gebruikt in West-Vlaanderen. Vanaf 1960 verdween de . . G ontwikkeling van het kaar",Rest van Vlaanderen,wSch-ZS,6,52W
490,490,"Terric Anthrosols (Arenic, Spodi-relocatic)",Anthrosols,AT-tr,tr,Terric,-,-,Endogleyic,Arenic,Spodi-relocatic,Eutric,Zdh,West-Vlaams cuestaland,Zandstreek,Vochtig zand,Zdh,Zdh,Matig natte zandbodem met verbrokkelde ijzer en/of humus B horizont,,,Z,zand,d,"matig nat, matig gleyig",h,met verbrokkelde ijzer en/of humus B horizont,,,,,,,,,,,,,,,bodemserie Zdh en de complexen ZdG en ZdP in de Zandstreek,De hierboven vermelde serie Zdh en de twee complexen ZdG en ZdP zijn bodems welke een matig nat Postpodzolgebied kenmerken. ZdG werd slechts bij de aanvang van de kartering gebruikt. Men beschreef ze toen ook als Postpodzol. Naast  Postpodzolen kunnen oo,Rest van Vlaanderen,Zdh-ZS,6,52W
491,491,"Eutric Stagnic Cambisols (Loamic, Abruptic)",Cambisols,CM-st.eu,st.eu,Stagnic,Eutric,-,Stagnic,Loamic,Abruptic,Eutric,wSdp,West-Vlaams cuestaland,Zandstreek,Vochtig zand,wSdp,Sdp,Matig natte lemig zandbodem zonder profiel,w,klei-zand op geringe diepte (ondieper dan 75 cm),S,lemig zand,d,"matig nat, matig gleyig",p,zonder profielontwikkeling,,,,,,,,,,,,,,,bodemserie Sdp in de Zandstreek,"Behalve onder bos waar de Ap afwezig is (Sdpo), is onder landbouwgrond de bouwvoor 30-40 cm dik en donker grijsbruin. De roestverschijnselen beginnen op 40-60 cm. De waterhuishouding is goed in de zomer, plaatselijk te nat in de winter, vooral op de subs",Rest van Vlaanderen,wSdp-ZS,6,52W
492,492,"Eutric Stagnic Cambisols (Loamic, Abruptic)",Cambisols,CM-st.eu,st.eu,Stagnic,Eutric,-,Stagnic,Loamic,Abruptic,Eutric,wSdp,West-Vlaams cuestaland,Zandstreek,Vochtig zand,wSdp,Sdp,Matig natte lemig zandbodem zonder profiel,w,klei-zand op geringe diepte (ondieper dan 75 cm),S,lemig zand,d,"matig nat, matig gleyig",p,zonder profielontwikkeling,,,,,,,,,,,,,,,bodemserie Sdp in de Zandstreek,"Behalve onder bos waar de Ap afwezig is (Sdpo), is onder landbouwgrond de bouwvoor 30-40 cm dik en donker grijsbruin. De roestverschijnselen beginnen op 40-60 cm. De waterhuishouding is goed in de zomer, plaatselijk te nat in de winter, vooral op de subs",Rest van Vlaanderen,wSdp-ZS,6,52W
493,493,"Eutric Stagnic Cambisols (Loamic, Abruptic)",Cambisols,CM-st.eu,st.eu,Stagnic,Eutric,-,Stagnic,Loamic,Abruptic,Eutric,wSdp,West-Vlaams cuestaland,Zandstreek,Vochtig zand,wSdp,Sdp,Matig natte lemig zandbodem zonder profiel,w,klei-zand op geringe diepte (ondieper dan 75 cm),S,lemig zand,d,"matig nat, matig gleyig",p,zonder profielontwikkeling,,,,,,,,,,,,,,,bodemserie Sdp in de Zandstreek,"Behalve onder bos waar de Ap afwezig is (Sdpo), is onder landbouwgrond de bouwvoor 30-40 cm dik en donker grijsbruin. De roestverschijnselen beginnen op 40-60 cm. De waterhuishouding is goed in de zomer, plaatselijk te nat in de winter, vooral op de subs",Rest van Vlaanderen,wSdp-ZS,6,52W
494,494,"Eutric Stagnic Cambisols (Loamic, Abruptic)",Cambisols,CM-st.eu,st.eu,Stagnic,Eutric,-,Stagnic,Loamic,Abruptic,Eutric,wSdp,West-Vlaams cuestaland,Zandstreek,Vochtig zand,wSdp,Sdp,Matig natte lemig zandbodem zonder profiel,w,klei-zand op geringe diepte (ondieper dan 75 cm),S,lemig zand,d,"matig nat, matig gleyig",p,zonder profielontwikkeling,,,,,,,,,,,,,,,bodemserie Sdp in de Zandstreek,"Behalve onder bos waar de Ap afwezig is (Sdpo), is onder landbouwgrond de bouwvoor 30-40 cm dik en donker grijsbruin. De roestverschijnselen beginnen op 40-60 cm. De waterhuishouding is goed in de zomer, plaatselijk te nat in de winter, vooral op de subs",Rest van Vlaanderen,wSdp-ZS,6,52W
495,495,"Eutric Stagnic Cambisols (Loamic, Abruptic)",Cambisols,CM-st.eu,st.eu,Stagnic,Eutric,-,Stagnic,Loamic,Abruptic,Eutric,wSdp,West-Vlaams cuestaland,Zandstreek,Vochtig zand,wSdp,Sdp,Matig natte lemig zandbodem zonder profiel,w,klei-zand op geringe diepte (ondieper dan 75 cm),S,lemig zand,d,"matig nat, matig gleyig",p,zonder profielontwikkeling,,,,,,,,,,,,,,,bodemserie Sdp in de Zandstreek,"Behalve onder bos waar de Ap afwezig is (Sdpo), is onder landbouwgrond de bouwvoor 30-40 cm dik en donker grijsbruin. De roestverschijnselen beginnen op 40-60 cm. De waterhuishouding is goed in de zomer, plaatselijk te nat in de winter, vooral op de subs",Rest van Vlaanderen,wSdp-ZS,6,52W
496,496,"Eutric Stagnic Cambisols (Loamic, Abruptic)",Cambisols,CM-st.eu,st.eu,Stagnic,Eutric,-,Stagnic,Loamic,Abruptic,Eutric,wSdp,West-Vlaams cuestaland,Zandstreek,Vochtig zand,wSdp,Sdp,Matig natte lemig zandbodem zonder profiel,w,klei-zand op geringe diepte (ondieper dan 75 cm),S,lemig zand,d,"matig nat, matig gleyig",p,zonder profielontwikkeling,,,,,,,,,,,,,,,bodemserie Sdp in de Zandstreek,"Behalve onder bos waar de Ap afwezig is (Sdpo), is onder landbouwgrond de bouwvoor 30-40 cm dik en donker grijsbruin. De roestverschijnselen beginnen op 40-60 cm. De waterhuishouding is goed in de zomer, plaatselijk te nat in de winter, vooral op de subs",Rest van Vlaanderen,wSdp-ZS,6,52W
497,497,"Eutric Stagnic Cambisols (Loamic, Abruptic)",Cambisols,CM-st.eu,st.eu,Stagnic,Eutric,-,Stagnic,Loamic,Abruptic,Eutric,wSdp,West-Vlaams cuestaland,Zandstreek,Vochtig zand,wSdp,Sdp,Matig natte lemig zandbodem zonder profiel,w,klei-zand op geringe diepte (ondieper dan 75 cm),S,lemig zand,d,"matig nat, matig gleyig",p,zonder profielontwikkeling,,,,,,,,,,,,,,,bodemserie Sdp in de Zandstreek,"Behalve onder bos waar de Ap afwezig is (Sdpo), is onder landbouwgrond de bouwvoor 30-40 cm dik en donker grijsbruin. De roestverschijnselen beginnen op 40-60 cm. De waterhuishouding is goed in de zomer, plaatselijk te nat in de winter, vooral op de subs",Rest van Vlaanderen,wSdp-ZS,6,52W
498,498,"Eutric Stagnic Cambisols (Loamic, Abruptic)",Cambisols,CM-st.eu,st.eu,Stagnic,Eutric,-,Stagnic,Loamic,Abruptic,Eutric,wSdp,West-Vlaams cuestaland,Zandstreek,Vochtig zand,wSdp,Sdp,Matig natte lemig zandbodem zonder profiel,w,klei-zand op geringe diepte (ondieper dan 75 cm),S,lemig zand,d,"matig nat, matig gleyig",p,zonder profielontwikkeling,,,,,,,,,,,,,,,bodemserie Sdp in de Zandstreek,"Behalve onder bos waar de Ap afwezig is (Sdpo), is onder landbouwgrond de bouwvoor 30-40 cm dik en donker grijsbruin. De roestverschijnselen beginnen op 40-60 cm. De waterhuishouding is goed in de zomer, plaatselijk te nat in de winter, vooral op de subs",Rest van Vlaanderen,wSdp-ZS,6,52W
499,499,"Eutric Stagnic Cambisols (Loamic, Abruptic)",Cambisols,CM-st.eu,st.eu,Stagnic,Eutric,-,Stagnic,Loamic,Abruptic,Eutric,wSdp,West-Vlaams cuestaland,Zandstreek,Vochtig zand,wSdp,Sdp,Matig natte lemig zandbodem zonder profiel,w,klei-zand op geringe diepte (ondieper dan 75 cm),S,lemig zand,d,"matig nat, matig gleyig",p,zonder profielontwikkeling,,,,,,,,,,,,,,,bodemserie Sdp in de Zandstreek,"Behalve onder bos waar de Ap afwezig is (Sdpo), is onder landbouwgrond de bouwvoor 30-40 cm dik en donker grijsbruin. De roestverschijnselen beginnen op 40-60 cm. De waterhuishouding is goed in de zomer, plaatselijk te nat in de winter, vooral op de subs",Rest van Vlaanderen,wSdp-ZS,6,52W
500,500,"Eutric Stagnic Cambisols (Loamic, Abruptic)",Cambisols,CM-st.eu,st.eu,Stagnic,Eutric,-,Stagnic,Loamic,Abruptic,Eutric,wSdp,West-Vlaams cuestaland,Zandstreek,Vochtig zand,wSdp,Sdp,Matig natte lemig zandbodem zonder profiel,w,klei-zand op geringe diepte (ondieper dan 75 cm),S,lemig zand,d,"matig nat, matig gleyig",p,zonder profielontwikkeling,,,,,,,,,,,,,,,bodemserie Sdp in de Zandstreek,"Behalve onder bos waar de Ap afwezig is (Sdpo), is onder landbouwgrond de bouwvoor 30-40 cm dik en donker grijsbruin. De roestverschijnselen beginnen op 40-60 cm. De waterhuishouding is goed in de zomer, plaatselijk te nat in de winter, vooral op de subs",Rest van Vlaanderen,wSdp-ZS,6,52W
501,501,"Eutric Stagnic Cambisols (Loamic, Abruptic)",Cambisols,CM-st.eu,st.eu,Stagnic,Eutric,-,Stagnic,Loamic,Abruptic,Eutric,wSdp,West-Vlaams cuestaland,Zandstreek,Vochtig zand,wSdp,Sdp,Matig natte lemig zandbodem zonder profiel,w,klei-zand op geringe diepte (ondieper dan 75 cm),S,lemig zand,d,"matig nat, matig gleyig",p,zonder profielontwikkeling,,,,,,,,,,,,,,,bodemserie Sdp in de Zandstreek,"Behalve onder bos waar de Ap afwezig is (Sdpo), is onder landbouwgrond de bouwvoor 30-40 cm dik en donker grijsbruin. De roestverschijnselen beginnen op 40-60 cm. De waterhuishouding is goed in de zomer, plaatselijk te nat in de winter, vooral op de subs",Rest van Vlaanderen,wSdp-ZS,6,52W
502,502,"Eutric Stagnic Cambisols (Loamic, Abruptic)",Cambisols,CM-st.eu,st.eu,Stagnic,Eutric,-,Stagnic,Loamic,Abruptic,Eutric,wSdp,West-Vlaams cuestaland,Zandstreek,Vochtig zand,wSdp,Sdp,Matig natte lemig zandbodem zonder profiel,w,klei-zand op geringe diepte (ondieper dan 75 cm),S,lemig zand,d,"matig nat, matig gleyig",p,zonder profielontwikkeling,,,,,,,,,,,,,,,bodemserie Sdp in de Zandstreek,"Behalve onder bos waar de Ap afwezig is (Sdpo), is onder landbouwgrond de bouwvoor 30-40 cm dik en donker grijsbruin. De roestverschijnselen beginnen op 40-60 cm. De waterhuishouding is goed in de zomer, plaatselijk te nat in de winter, vooral op de subs",Rest van Vlaanderen,wSdp-ZS,6,52W
503,503,"Eutric Stagnic Cambisols (Loamic, Abruptic)",Cambisols,CM-st.eu,st.eu,Stagnic,Eutric,-,Stagnic,Loamic,Abruptic,Eutric,wSdp,West-Vlaams cuestaland,Zandstreek,Vochtig zand,wSdp,Sdp,Matig natte lemig zandbodem zonder profiel,w,klei-zand op geringe diepte (ondieper dan 75 cm),S,lemig zand,d,"matig nat, matig gleyig",p,zonder profielontwikkeling,,,,,,,,,,,,,,,bodemserie Sdp in de Zandstreek,"Behalve onder bos waar de Ap afwezig is (Sdpo), is onder landbouwgrond de bouwvoor 30-40 cm dik en donker grijsbruin. De roestverschijnselen beginnen op 40-60 cm. De waterhuishouding is goed in de zomer, plaatselijk te nat in de winter, vooral op de subs",Rest van Vlaanderen,wSdp-ZS,6,52W
504,504,"Eutric Stagnic Cambisols (Loamic, Abruptic)",Cambisols,CM-st.eu,st.eu,Stagnic,Eutric,-,Stagnic,Loamic,Abruptic,Eutric,wSdp,West-Vlaams cuestaland,Zandstreek,Vochtig zand,wSdp,Sdp,Matig natte lemig zandbodem zonder profiel,w,klei-zand op geringe diepte (ondieper dan 75 cm),S,lemig zand,d,"matig nat, matig gleyig",p,zonder profielontwikkeling,,,,,,,,,,,,,,,bodemserie Sdp in de Zandstreek,"Behalve onder bos waar de Ap afwezig is (Sdpo), is onder landbouwgrond de bouwvoor 30-40 cm dik en donker grijsbruin. De roestverschijnselen beginnen op 40-60 cm. De waterhuishouding is goed in de zomer, plaatselijk te nat in de winter, vooral op de subs",Rest van Vlaanderen,wSdp-ZS,6,52W
505,505,"Eutric Stagnic Cambisols (Loamic, Abruptic)",Cambisols,CM-st.eu,st.eu,Stagnic,Eutric,-,Stagnic,Loamic,Abruptic,Eutric,wSdp,West-Vlaams cuestaland,Zandstreek,Vochtig zand,wSdp,Sdp,Matig natte lemig zandbodem zonder profiel,w,klei-zand op geringe diepte (ondieper dan 75 cm),S,lemig zand,d,"matig nat, matig gleyig",p,zonder profielontwikkeling,,,,,,,,,,,,,,,bodemserie Sdp in de Zandstreek,"Behalve onder bos waar de Ap afwezig is (Sdpo), is onder landbouwgrond de bouwvoor 30-40 cm dik en donker grijsbruin. De roestverschijnselen beginnen op 40-60 cm. De waterhuishouding is goed in de zomer, plaatselijk te nat in de winter, vooral op de subs",Rest van Vlaanderen,wSdp-ZS,6,52W
506,506,"Eutric Stagnic Cambisols (Loamic, Abruptic)",Cambisols,CM-st.eu,st.eu,Stagnic,Eutric,-,Stagnic,Loamic,Abruptic,Eutric,wSdp,West-Vlaams cuestaland,Zandstreek,Vochtig zand,wSdp,Sdp,Matig natte lemig zandbodem zonder profiel,w,klei-zand op geringe diepte (ondieper dan 75 cm),S,lemig zand,d,"matig nat, matig gleyig",p,zonder profielontwikkeling,,,,,,,,,,,,,,,bodemserie Sdp in de Zandstreek,"Behalve onder bos waar de Ap afwezig is (Sdpo), is onder landbouwgrond de bouwvoor 30-40 cm dik en donker grijsbruin. De roestverschijnselen beginnen op 40-60 cm. De waterhuishouding is goed in de zomer, plaatselijk te nat in de winter, vooral op de subs",Rest van Vlaanderen,wSdp-ZS,6,52W
507,507,Eutric Gleyic Cambisols (Loamic),Cambisols,CM-gl.eu,gl.eu,Gleyic,Eutric,-,Endogleyic,Loamic,-,Eutric,Eep,West-Vlaams cuestaland,Zandstreek,Natte klei,Eep,Eep,Sterk gleyige kleibodem zonder profiel,,,E,klei,e,"nat, sterk gleyig met reductiehorizont",p,zonder profielontwikkeling,,,,,,,,,,,,,,,bodemserie Eep in de Zandstreek,"Hydromorfe, sterk gleyige, alluviale grondwatergronden, gekenmerkt door een grijsachtige bovengrond die rust op een sterk gegleyificeerde ondergrond. Tussen 80 en 120 cm treedt een blauwgrijs reductiehorizont op. Het kleiig alluviaal dek rust op een geva",Rest van Vlaanderen,Eep-ZS,4,52W
508,508,Eutric Gleyic Cambisols (Loamic),Cambisols,CM-gl.eu,gl.eu,Gleyic,Eutric,-,Endogleyic,Loamic,-,Eutric,Eep,West-Vlaams cuestaland,Zandstreek,Natte klei,Eep,Eep,Sterk gleyige kleibodem zonder profiel,,,E,klei,e,"nat, sterk gleyig met reductiehorizont",p,zonder profielontwikkeling,,,,,,,,,,,,,,,bodemserie Eep in de Zandstreek,"Hydromorfe, sterk gleyige, alluviale grondwatergronden, gekenmerkt door een grijsachtige bovengrond die rust op een sterk gegleyificeerde ondergrond. Tussen 80 en 120 cm treedt een blauwgrijs reductiehorizont op. Het kleiig alluviaal dek rust op een geva",Rest van Vlaanderen,Eep-ZS,4,52W
509,509,Eutric Gleyic Cambisols (Loamic),Cambisols,CM-gl.eu,gl.eu,Gleyic,Eutric,-,Endogleyic,Loamic,-,Eutric,Eep,West-Vlaams cuestaland,Zandstreek,Natte klei,Eep,Eep,Sterk gleyige kleibodem zonder profiel,,,E,klei,e,"nat, sterk gleyig met reductiehorizont",p,zonder profielontwikkeling,,,,,,,,,,,,,,,bodemserie Eep in de Zandstreek,"Hydromorfe, sterk gleyige, alluviale grondwatergronden, gekenmerkt door een grijsachtige bovengrond die rust op een sterk gegleyificeerde ondergrond. Tussen 80 en 120 cm treedt een blauwgrijs reductiehorizont op. Het kleiig alluviaal dek rust op een geva",Rest van Vlaanderen,Eep-ZS,4,52W
510,510,Eutric Gleyic Cambisols (Loamic),Cambisols,CM-gl.eu,gl.eu,Gleyic,Eutric,-,Endogleyic,Loamic,-,Eutric,Eep,West-Vlaams cuestaland,Zandstreek,Natte klei,Eep,Eep,Sterk gleyige kleibodem zonder profiel,,,E,klei,e,"nat, sterk gleyig met reductiehorizont",p,zonder profielontwikkeling,,,,,,,,,,,,,,,bodemserie Eep in de Zandstreek,"Hydromorfe, sterk gleyige, alluviale grondwatergronden, gekenmerkt door een grijsachtige bovengrond die rust op een sterk gegleyificeerde ondergrond. Tussen 80 en 120 cm treedt een blauwgrijs reductiehorizont op. Het kleiig alluviaal dek rust op een geva",Rest van Vlaanderen,Eep-ZS,4,52W
511,511,Eutric Gleyic Cambisols (Loamic),Cambisols,CM-gl.eu,gl.eu,Gleyic,Eutric,-,Endogleyic,Loamic,-,Eutric,Eep,West-Vlaams cuestaland,Zandstreek,Natte klei,Eep,Eep,Sterk gleyige kleibodem zonder profiel,,,E,klei,e,"nat, sterk gleyig met reductiehorizont",p,zonder profielontwikkeling,,,,,,,,,,,,,,,bodemserie Eep in de Zandstreek,"Hydromorfe, sterk gleyige, alluviale grondwatergronden, gekenmerkt door een grijsachtige bovengrond die rust op een sterk gegleyificeerde ondergrond. Tussen 80 en 120 cm treedt een blauwgrijs reductiehorizont op. Het kleiig alluviaal dek rust op een geva",Rest van Vlaanderen,Eep-ZS,4,52W
512,512,Eutric Gleyic Cambisols (Loamic),Cambisols,CM-gl.eu,gl.eu,Gleyic,Eutric,-,Endogleyic,Loamic,-,Eutric,Eep,West-Vlaams cuestaland,Zandstreek,Natte klei,Eep,Eep,Sterk gleyige kleibodem zonder profiel,,,E,klei,e,"nat, sterk gleyig met reductiehorizont",p,zonder profielontwikkeling,,,,,,,,,,,,,,,bodemserie Eep in de Zandstreek,"Hydromorfe, sterk gleyige, alluviale grondwatergronden, gekenmerkt door een grijsachtige bovengrond die rust op een sterk gegleyificeerde ondergrond. Tussen 80 en 120 cm treedt een blauwgrijs reductiehorizont op. Het kleiig alluviaal dek rust op een geva",Rest van Vlaanderen,Eep-ZS,4,52W
513,513,"Terric Anthrosols (Loamic, Spodi-relocatic)",Anthrosols,AT-tr,tr,Terric,-,-,-,Loamic,Spodi-relocatic,Eutric,Sch,West-Vlaams cuestaland,Zandstreek,Vochtig zand,Sch,Sch,Matig droge lemig zandbodem met verbrokkelde ijzer en/of humus B horizont,,,S,lemig zand,c,"matig droog, zwak gleyig",h,met verbrokkelde ijzer en/of humus B horizont,,,,,,,,,,,,,,,bodemserie Sch en complexen ScG en ScP in de Zandstreek,"De drie kaarteenheden ScG, Sch en ScP werden gebruikt om Postpodzolgebieden aan te duiden. De profielontwikkeling G werd bij de aanvang van de kartering van de Zandstreek gebruikt in West-Vlaanderen. Vanaf 1960 verdween de . . G ontwikkeling van het kaar",Rest van Vlaanderen,Sch-ZS,6,52W
514,514,"Terric Anthrosols (Loamic, Abruptic, Spodi-relocatic)",Anthrosols,AT-tr,tr,Terric,-,-,-,Loamic,"Abruptic, Spodi-relocatic",Eutric,wSch,West-Vlaams cuestaland,Zandstreek,Vochtig zand,wSch,Sch,Matig droge lemig zandbodem met verbrokkelde ijzer en/of humus B horizont,w,klei-zand op geringe diepte (ondieper dan 75 cm),S,lemig zand,c,"matig droog, zwak gleyig",h,met verbrokkelde ijzer en/of humus B horizont,,,,,,,,,,,,,,,bodemserie Sch en complexen ScG en ScP in de Zandstreek,"De drie kaarteenheden ScG, Sch en ScP werden gebruikt om Postpodzolgebieden aan te duiden. De profielontwikkeling G werd bij de aanvang van de kartering van de Zandstreek gebruikt in West-Vlaanderen. Vanaf 1960 verdween de . . G ontwikkeling van het kaar",Rest van Vlaanderen,wSch-ZS,6,52W
515,515,"Terric Anthrosols (Loamic, Abruptic, Spodi-relocatic)",Anthrosols,AT-tr,tr,Terric,-,-,-,Loamic,"Abruptic, Spodi-relocatic",Eutric,wSch,West-Vlaams cuestaland,Zandstreek,Vochtig zand,wSch,Sch,Matig droge lemig zandbodem met verbrokkelde ijzer en/of humus B horizont,w,klei-zand op geringe diepte (ondieper dan 75 cm),S,lemig zand,c,"matig droog, zwak gleyig",h,met verbrokkelde ijzer en/of humus B horizont,,,,,,,,,,,,,,,bodemserie Sch en complexen ScG en ScP in de Zandstreek,"De drie kaarteenheden ScG, Sch en ScP werden gebruikt om Postpodzolgebieden aan te duiden. De profielontwikkeling G werd bij de aanvang van de kartering van de Zandstreek gebruikt in West-Vlaanderen. Vanaf 1960 verdween de . . G ontwikkeling van het kaar",Rest van Vlaanderen,wSch-ZS,6,52W
516,516,"Terric Anthrosols (Arenic, Spodi-relocatic)",Anthrosols,AT-tr,tr,Terric,-,-,Endogleyic,Arenic,Spodi-relocatic,Eutric,Zdh,West-Vlaams cuestaland,Zandstreek,Vochtig zand,Zdh,Zdh,Matig natte zandbodem met verbrokkelde ijzer en/of humus B horizont,,,Z,zand,d,"matig nat, matig gleyig",h,met verbrokkelde ijzer en/of humus B horizont,,,,,,,,,,,,,,,bodemserie Zdh en de complexen ZdG en ZdP in de Zandstreek,De hierboven vermelde serie Zdh en de twee complexen ZdG en ZdP zijn bodems welke een matig nat Postpodzolgebied kenmerken. ZdG werd slechts bij de aanvang van de kartering gebruikt. Men beschreef ze toen ook als Postpodzol. Naast  Postpodzolen kunnen oo,Rest van Vlaanderen,Zdh-ZS,6,52W
517,517,"Terric Anthrosols (Arenic, Spodi-relocatic)",Anthrosols,AT-tr,tr,Terric,-,-,Endogleyic,Arenic,Spodi-relocatic,Eutric,Zdh,West-Vlaams cuestaland,Zandstreek,Vochtig zand,Zdh,Zdh,Matig natte zandbodem met verbrokkelde ijzer en/of humus B horizont,,,Z,zand,d,"matig nat, matig gleyig",h,met verbrokkelde ijzer en/of humus B horizont,,,,,,,,,,,,,,,bodemserie Zdh en de complexen ZdG en ZdP in de Zandstreek,De hierboven vermelde serie Zdh en de twee complexen ZdG en ZdP zijn bodems welke een matig nat Postpodzolgebied kenmerken. ZdG werd slechts bij de aanvang van de kartering gebruikt. Men beschreef ze toen ook als Postpodzol. Naast  Postpodzolen kunnen oo,Rest van Vlaanderen,Zdh-ZS,6,52W
518,518,"Terric Anthrosols (Arenic, Spodi-relocatic)",Anthrosols,AT-tr,tr,Terric,-,-,Endogleyic,Arenic,Spodi-relocatic,Eutric,Zdh,West-Vlaams cuestaland,Zandstreek,Vochtig zand,Zdh,Zdh,Matig natte zandbodem met verbrokkelde ijzer en/of humus B horizont,,,Z,zand,d,"matig nat, matig gleyig",h,met verbrokkelde ijzer en/of humus B horizont,,,,,,,,,,,,,,,bodemserie Zdh en de complexen ZdG en ZdP in de Zandstreek,De hierboven vermelde serie Zdh en de twee complexen ZdG en ZdP zijn bodems welke een matig nat Postpodzolgebied kenmerken. ZdG werd slechts bij de aanvang van de kartering gebruikt. Men beschreef ze toen ook als Postpodzol. Naast  Postpodzolen kunnen oo,Rest van Vlaanderen,Zdh-ZS,6,52W
519,519,"Eutric Stagnic Cambisols (Loamic, Abruptic)",Cambisols,CM-st.eu,st.eu,Stagnic,Eutric,-,Stagnic,Loamic,Abruptic,Eutric,wSdp,West-Vlaams cuestaland,Zandstreek,Vochtig zand,wSdp,Sdp,Matig natte lemig zandbodem zonder profiel,w,klei-zand op geringe diepte (ondieper dan 75 cm),S,lemig zand,d,"matig nat, matig gleyig",p,zonder profielontwikkeling,,,,,,,,,,,,,,,bodemserie Sdp in de Zandstreek,"Behalve onder bos waar de Ap afwezig is (Sdpo), is onder landbouwgrond de bouwvoor 30-40 cm dik en donker grijsbruin. De roestverschijnselen beginnen op 40-60 cm. De waterhuishouding is goed in de zomer, plaatselijk te nat in de winter, vooral op de subs",Rest van Vlaanderen,wSdp-ZS,6,52W
520,520,"Eutric Stagnic Cambisols (Loamic, Abruptic)",Cambisols,CM-st.eu,st.eu,Stagnic,Eutric,-,Stagnic,Loamic,Abruptic,Eutric,wSdp,West-Vlaams cuestaland,Zandstreek,Vochtig zand,wSdp,Sdp,Matig natte lemig zandbodem zonder profiel,w,klei-zand op geringe diepte (ondieper dan 75 cm),S,lemig zand,d,"matig nat, matig gleyig",p,zonder profielontwikkeling,,,,,,,,,,,,,,,bodemserie Sdp in de Zandstreek,"Behalve onder bos waar de Ap afwezig is (Sdpo), is onder landbouwgrond de bouwvoor 30-40 cm dik en donker grijsbruin. De roestverschijnselen beginnen op 40-60 cm. De waterhuishouding is goed in de zomer, plaatselijk te nat in de winter, vooral op de subs",Rest van Vlaanderen,wSdp-ZS,6,52W
521,521,"Eutric Stagnic Cambisols (Loamic, Abruptic)",Cambisols,CM-st.eu,st.eu,Stagnic,Eutric,-,Stagnic,Loamic,Abruptic,Eutric,wSdp,West-Vlaams cuestaland,Zandstreek,Vochtig zand,wSdp,Sdp,Matig natte lemig zandbodem zonder profiel,w,klei-zand op geringe diepte (ondieper dan 75 cm),S,lemig zand,d,"matig nat, matig gleyig",p,zonder profielontwikkeling,,,,,,,,,,,,,,,bodemserie Sdp in de Zandstreek,"Behalve onder bos waar de Ap afwezig is (Sdpo), is onder landbouwgrond de bouwvoor 30-40 cm dik en donker grijsbruin. De roestverschijnselen beginnen op 40-60 cm. De waterhuishouding is goed in de zomer, plaatselijk te nat in de winter, vooral op de subs",Rest van Vlaanderen,wSdp-ZS,6,52W
522,522,"Eutric Stagnic Cambisols (Loamic, Abruptic)",Cambisols,CM-st.eu,st.eu,Stagnic,Eutric,-,Stagnic,Loamic,Abruptic,Eutric,wSdp,West-Vlaams cuestaland,Zandstreek,Vochtig zand,wSdp,Sdp,Matig natte lemig zandbodem zonder profiel,w,klei-zand op geringe diepte (ondieper dan 75 cm),S,lemig zand,d,"matig nat, matig gleyig",p,zonder profielontwikkeling,,,,,,,,,,,,,,,bodemserie Sdp in de Zandstreek,"Behalve onder bos waar de Ap afwezig is (Sdpo), is onder landbouwgrond de bouwvoor 30-40 cm dik en donker grijsbruin. De roestverschijnselen beginnen op 40-60 cm. De waterhuishouding is goed in de zomer, plaatselijk te nat in de winter, vooral op de subs",Rest van Vlaanderen,wSdp-ZS,6,52W
523,523,"Eutric Stagnic Cambisols (Loamic, Abruptic)",Cambisols,CM-st.eu,st.eu,Stagnic,Eutric,-,Stagnic,Loamic,Abruptic,Eutric,wSdp,West-Vlaams cuestaland,Zandstreek,Vochtig zand,wSdp,Sdp,Matig natte lemig zandbodem zonder profiel,w,klei-zand op geringe diepte (ondieper dan 75 cm),S,lemig zand,d,"matig nat, matig gleyig",p,zonder profielontwikkeling,,,,,,,,,,,,,,,bodemserie Sdp in de Zandstreek,"Behalve onder bos waar de Ap afwezig is (Sdpo), is onder landbouwgrond de bouwvoor 30-40 cm dik en donker grijsbruin. De roestverschijnselen beginnen op 40-60 cm. De waterhuishouding is goed in de zomer, plaatselijk te nat in de winter, vooral op de subs",Rest van Vlaanderen,wSdp-ZS,6,52W
701,701,Gleyic Terric Cambisols (Arenic),Cambisols,CM-tr.gl,tr.gl,Terric,Gleyic,-,Endogleyic,Arenic,-,Eutric,ZdP,Centrale Vlaamse laagvlakte,Zandstreek,Vochtig zand,ZdP,ZdP,Matig natte zandbodem zonder profiel of met onbepaald profiel,,,Z,zand,d,"matig nat, matig gleyig",p+x,met profielontwikkelingsklassen p en x,,,,,,,,,,,,,,,bodemserie Zdh en complexen ZdP en ZdG in de Zandstreek,"De kaarteenheden aangeduid als ZdP groeperen boringen waarin men de verbrokkelde resten van de Podzol B (..h) vindt, de zachte humus B werd homogeen in de bouwvoor verwerkt. Naast deze waarnemingen vindt men plaatsen waar de totale Podzol B werd uitgegra",Rest van Vlaanderen,ZdP-ZS,7,41E
702,702,Technosols/Not Surveyed,Technosols/Not Surveyed,TC,,-,-,-,-,-,-,-,OT,Centrale Vlaamse laagvlakte,Kunstmatige gronden,Antropogeen,OT,OT,Sterk vergraven gronden,,,,,,,,,,,,,,,O,kunstmatige gronden,,,T,sterk vergraven gronden,,,bodemserie OT,Soms wordt het bodemprofiel door het ingrijpen van de mens gewijzigd of vernietigd (kunstmatige gronden). De bodems in vergraven terreinen (OT) zijn daar een voorbeeld van.,Zeepolders,OT-KUNST,4,41E
703,703,Eutric Gleyic Cambisols (Loamic),Cambisols,CM-gl.eu,gl.eu,Gleyic,Eutric,-,Endogleyic,Loamic,-,Eutric,Sdp,Centrale Vlaamse laagvlakte,Zandstreek,Vochtig zand,Sdp,Sdp,Matig natte lemig zandbodem zonder profiel,,,S,lemig zand,d,"matig nat, matig gleyig",p,zonder profielontwikkeling,,,,,,,,,,,,,,,bodemserie Sdp in de Zandstreek,"Behalve onder bos waar de Ap afwezig is (Sdpo), is onder landbouwgrond de bouwvoor 30-40 cm dik en donker grijsbruin. De roestverschijnselen beginnen op 40-60 cm. De waterhuishouding is goed in de zomer, plaatselijk te nat in de winter, vooral op de subs",Rest van Vlaanderen,Sdp-ZS,6,41E
704,704,Eutric Gleyic Cambisols (Loamic),Cambisols,CM-gl.eu,gl.eu,Gleyic,Eutric,-,Endogleyic,Loamic,-,Eutric,Sdp,Centrale Vlaamse laagvlakte,Zandstreek,Vochtig zand,Sdp,Sdp,Matig natte lemig zandbodem zonder profiel,,,S,lemig zand,d,"matig nat, matig gleyig",p,zonder profielontwikkeling,,,,,,,,,,,,,,,bodemserie Sdp in de Zandstreek,"Behalve onder bos waar de Ap afwezig is (Sdpo), is onder landbouwgrond de bouwvoor 30-40 cm dik en donker grijsbruin. De roestverschijnselen beginnen op 40-60 cm. De waterhuishouding is goed in de zomer, plaatselijk te nat in de winter, vooral op de subs",Rest van Vlaanderen,Sdp-ZS,6,41E
705,705,Eutric Gleyic Cambisols (Loamic),Cambisols,CM-gl.eu,gl.eu,Gleyic,Eutric,-,Endogleyic,Loamic,-,Eutric,Sdp,Centrale Vlaamse laagvlakte,Zandstreek,Vochtig zand,Sdp,Sdp,Matig natte lemig zandbodem zonder profiel,,,S,lemig zand,d,"matig nat, matig gleyig",p,zonder profielontwikkeling,,,,,,,,,,,,,,,bodemserie Sdp in de Zandstreek,"Behalve onder bos waar de Ap afwezig is (Sdpo), is onder landbouwgrond de bouwvoor 30-40 cm dik en donker grijsbruin. De roestverschijnselen beginnen op 40-60 cm. De waterhuishouding is goed in de zomer, plaatselijk te nat in de winter, vooral op de subs",Rest van Vlaanderen,Sdp-ZS,6,41E
706,706,Gleyic Terric Cambisols (Arenic),Cambisols,CM-tr.gl,tr.gl,Terric,Gleyic,-,Endogleyic,Arenic,-,Eutric,ZdP,Centrale Vlaamse laagvlakte,Zandstreek,Vochtig zand,ZdP,ZdP,Matig natte zandbodem zonder profiel of met onbepaald profiel,,,Z,zand,d,"matig nat, matig gleyig",p+x,met profielontwikkelingsklassen p en x,,,,,,,,,,,,,,,bodemserie Zdh en complexen ZdP en ZdG in de Zandstreek,"De kaarteenheden aangeduid als ZdP groeperen boringen waarin men de verbrokkelde resten van de Podzol B (..h) vindt, de zachte humus B werd homogeen in de bouwvoor verwerkt. Naast deze waarnemingen vindt men plaatsen waar de totale Podzol B werd uitgegra",Rest van Vlaanderen,ZdP-ZS,7,41E
707,707,Gleyic Terric Cambisols (Arenic),Cambisols,CM-tr.gl,tr.gl,Terric,Gleyic,-,Endogleyic,Arenic,-,Eutric,ZdP,Centrale Vlaamse laagvlakte,Zandstreek,Vochtig zand,ZdP,ZdP,Matig natte zandbodem zonder profiel of met onbepaald profiel,,,Z,zand,d,"matig nat, matig gleyig",p+x,met profielontwikkelingsklassen p en x,,,,,,,,,,,,,,,bodemserie Zdh en complexen ZdP en ZdG in de Zandstreek,"De kaarteenheden aangeduid als ZdP groeperen boringen waarin men de verbrokkelde resten van de Podzol B (..h) vindt, de zachte humus B werd homogeen in de bouwvoor verwerkt. Naast deze waarnemingen vindt men plaatsen waar de totale Podzol B werd uitgegra",Rest van Vlaanderen,ZdP-ZS,7,41E
708,708,Gleyic Terric Cambisols (Arenic),Cambisols,CM-tr.gl,tr.gl,Terric,Gleyic,-,Endogleyic,Arenic,-,Eutric,ZdP,Centrale Vlaamse laagvlakte,Zandstreek,Vochtig zand,ZdP,ZdP,Matig natte zandbodem zonder profiel of met onbepaald profiel,,,Z,zand,d,"matig nat, matig gleyig",p+x,met profielontwikkelingsklassen p en x,,,,,,,,,,,,,,,bodemserie Zdh en complexen ZdP en ZdG in de Zandstreek,"De kaarteenheden aangeduid als ZdP groeperen boringen waarin men de verbrokkelde resten van de Podzol B (..h) vindt, de zachte humus B werd homogeen in de bouwvoor verwerkt. Naast deze waarnemingen vindt men plaatsen waar de totale Podzol B werd uitgegra",Rest van Vlaanderen,ZdP-ZS,7,41E
709,709,Gleyic Terric Cambisols (Arenic),Cambisols,CM-tr.gl,tr.gl,Terric,Gleyic,-,Endogleyic,Arenic,-,Eutric,ZdP,Centrale Vlaamse laagvlakte,Zandstreek,Vochtig zand,ZdP,ZdP,Matig natte zandbodem zonder profiel of met onbepaald profiel,,,Z,zand,d,"matig nat, matig gleyig",p+x,met profielontwikkelingsklassen p en x,,,,,,,,,,,,,,,bodemserie Zdh en complexen ZdP en ZdG in de Zandstreek,"De kaarteenheden aangeduid als ZdP groeperen boringen waarin men de verbrokkelde resten van de Podzol B (..h) vindt, de zachte humus B werd homogeen in de bouwvoor verwerkt. Naast deze waarnemingen vindt men plaatsen waar de totale Podzol B werd uitgegra",Rest van Vlaanderen,ZdP-ZS,7,41E
710,710,Eutric Gleyic Cambisols (Loamic),Cambisols,CM-gl.eu,gl.eu,Gleyic,Eutric,-,Endogleyic,Loamic,-,Eutric,Sep,Centrale Vlaamse laagvlakte,Zandstreek,Nat zand,Sep,Sep,Natte lemig zandbodem zonder profiel,,,S,lemig zand,e,"nat, sterk gleyig met reductiehorizont",p,zonder profielontwikkeling,,,,,,,,,,,,,,,bodemserie Sep in de Zandstreek,"Sep is een veel voorkomende serie met talrijke variaties in substraat, moedermateriaalvarianten en profielontwikkelingsvarianten. Het vertegenwoordigt een natte Regosol met algemeen een dikke humeuze laag, soms verveend, waarin de roestverschijnselen beg",Rest van Vlaanderen,Sep-ZS,7,41E
711,711,Technosols/Not Surveyed,Technosols/Not Surveyed,TC,,-,-,-,-,-,-,-,OT,Centrale Vlaamse laagvlakte,Kunstmatige gronden,Antropogeen,OT,OT,Sterk vergraven gronden,,,,,,,,,,,,,,,O,kunstmatige gronden,,,T,sterk vergraven gronden,,,bodemserie OT,Soms wordt het bodemprofiel door het ingrijpen van de mens gewijzigd of vernietigd (kunstmatige gronden). De bodems in vergraven terreinen (OT) zijn daar een voorbeeld van.,Zeepolders,OT-KUNST,4,41E
712,712,Technosols/Not Surveyed,Technosols/Not Surveyed,TC,,-,-,-,-,-,-,-,OT,Centrale Vlaamse laagvlakte,Kunstmatige gronden,Antropogeen,OT,OT,Sterk vergraven gronden,,,,,,,,,,,,,,,O,kunstmatige gronden,,,T,sterk vergraven gronden,,,bodemserie OT,Soms wordt het bodemprofiel door het ingrijpen van de mens gewijzigd of vernietigd (kunstmatige gronden). De bodems in vergraven terreinen (OT) zijn daar een voorbeeld van.,Zeepolders,OT-KUNST,4,41E
713,713,Technosols/Not Surveyed,Technosols/Not Surveyed,TC,,-,-,-,-,-,-,-,OT,Centrale Vlaamse laagvlakte,Kunstmatige gronden,Antropogeen,OT,OT,Sterk vergraven gronden,,,,,,,,,,,,,,,O,kunstmatige gronden,,,T,sterk vergraven gronden,,,bodemserie OT,Soms wordt het bodemprofiel door het ingrijpen van de mens gewijzigd of vernietigd (kunstmatige gronden). De bodems in vergraven terreinen (OT) zijn daar een voorbeeld van.,Zeepolders,OT-KUNST,4,41E
714,714,Technosols/Not Surveyed,Technosols/Not Surveyed,TC,,-,-,-,-,-,-,-,OT,Centrale Vlaamse laagvlakte,Kunstmatige gronden,Antropogeen,OT,OT,Sterk vergraven gronden,,,,,,,,,,,,,,,O,kunstmatige gronden,,,T,sterk vergraven gronden,,,bodemserie OT,Soms wordt het bodemprofiel door het ingrijpen van de mens gewijzigd of vernietigd (kunstmatige gronden). De bodems in vergraven terreinen (OT) zijn daar een voorbeeld van.,Zeepolders,OT-KUNST,4,41E
715,715,Technosols/Not Surveyed,Technosols/Not Surveyed,TC,,-,-,-,-,-,-,-,OT,Centrale Vlaamse laagvlakte,Kunstmatige gronden,Antropogeen,OT,OT,Sterk vergraven gronden,,,,,,,,,,,,,,,O,kunstmatige gronden,,,T,sterk vergraven gronden,,,bodemserie OT,Soms wordt het bodemprofiel door het ingrijpen van de mens gewijzigd of vernietigd (kunstmatige gronden). De bodems in vergraven terreinen (OT) zijn daar een voorbeeld van.,Zeepolders,OT-KUNST,4,41E
716,716,Technosols/Not Surveyed,Technosols/Not Surveyed,TC,,-,-,-,-,-,-,-,OT,Centrale Vlaamse laagvlakte,Kunstmatige gronden,Antropogeen,OT,OT,Sterk vergraven gronden,,,,,,,,,,,,,,,O,kunstmatige gronden,,,T,sterk vergraven gronden,,,bodemserie OT,Soms wordt het bodemprofiel door het ingrijpen van de mens gewijzigd of vernietigd (kunstmatige gronden). De bodems in vergraven terreinen (OT) zijn daar een voorbeeld van.,Zeepolders,OT-KUNST,4,41E
717,717,Technosols/Not Surveyed,Technosols/Not Surveyed,TC,,-,-,-,-,-,-,-,OT,Centrale Vlaamse laagvlakte,Kunstmatige gronden,Antropogeen,OT,OT,Sterk vergraven gronden,,,,,,,,,,,,,,,O,kunstmatige gronden,,,T,sterk vergraven gronden,,,bodemserie OT,Soms wordt het bodemprofiel door het ingrijpen van de mens gewijzigd of vernietigd (kunstmatige gronden). De bodems in vergraven terreinen (OT) zijn daar een voorbeeld van.,Zeepolders,OT-KUNST,4,41E
718,718,Technosols/Not Surveyed,Technosols/Not Surveyed,TC,,-,-,-,-,-,-,-,OT,Centrale Vlaamse laagvlakte,Kunstmatige gronden,Antropogeen,OT,OT,Sterk vergraven gronden,,,,,,,,,,,,,,,O,kunstmatige gronden,,,T,sterk vergraven gronden,,,bodemserie OT,Soms wordt het bodemprofiel door het ingrijpen van de mens gewijzigd of vernietigd (kunstmatige gronden). De bodems in vergraven terreinen (OT) zijn daar een voorbeeld van.,Zeepolders,OT-KUNST,4,41E
719,719,Eutric Gleyic Cambisols (Loamic),Cambisols,CM-gl.eu,gl.eu,Gleyic,Eutric,-,Endogleyic,Loamic,-,Eutric,Sdp,Centrale Vlaamse laagvlakte,Zandstreek,Vochtig zand,Sdp,Sdp,Matig natte lemig zandbodem zonder profiel,,,S,lemig zand,d,"matig nat, matig gleyig",p,zonder profielontwikkeling,,,,,,,,,,,,,,,bodemserie Sdp in de Zandstreek,"Behalve onder bos waar de Ap afwezig is (Sdpo), is onder landbouwgrond de bouwvoor 30-40 cm dik en donker grijsbruin. De roestverschijnselen beginnen op 40-60 cm. De waterhuishouding is goed in de zomer, plaatselijk te nat in de winter, vooral op de subs",Rest van Vlaanderen,Sdp-ZS,6,41E
720,720,Eutric Gleyic Cambisols (Loamic),Cambisols,CM-gl.eu,gl.eu,Gleyic,Eutric,-,Endogleyic,Loamic,-,Eutric,Sep,Centrale Vlaamse laagvlakte,Zandstreek,Nat zand,Sep,Sep,Natte lemig zandbodem zonder profiel,,,S,lemig zand,e,"nat, sterk gleyig met reductiehorizont",p,zonder profielontwikkeling,,,,,,,,,,,,,,,bodemserie Sep in de Zandstreek,"Sep is een veel voorkomende serie met talrijke variaties in substraat, moedermateriaalvarianten en profielontwikkelingsvarianten. Het vertegenwoordigt een natte Regosol met algemeen een dikke humeuze laag, soms verveend, waarin de roestverschijnselen beg",Rest van Vlaanderen,Sep-ZS,7,41E
721,721,Eutric Gleyic Cambisols (Loamic),Cambisols,CM-gl.eu,gl.eu,Gleyic,Eutric,-,Endogleyic,Loamic,-,Eutric,Sep,Centrale Vlaamse laagvlakte,Zandstreek,Nat zand,Sep,Sep,Natte lemig zandbodem zonder profiel,,,S,lemig zand,e,"nat, sterk gleyig met reductiehorizont",p,zonder profielontwikkeling,,,,,,,,,,,,,,,bodemserie Sep in de Zandstreek,"Sep is een veel voorkomende serie met talrijke variaties in substraat, moedermateriaalvarianten en profielontwikkelingsvarianten. Het vertegenwoordigt een natte Regosol met algemeen een dikke humeuze laag, soms verveend, waarin de roestverschijnselen beg",Rest van Vlaanderen,Sep-ZS,7,41E
722,722,Eutric Gleyic Cambisols (Loamic),Cambisols,CM-gl.eu,gl.eu,Gleyic,Eutric,-,Endogleyic,Loamic,-,Eutric,Sep,Centrale Vlaamse laagvlakte,Zandstreek,Nat zand,Sep,Sep,Natte lemig zandbodem zonder profiel,,,S,lemig zand,e,"nat, sterk gleyig met reductiehorizont",p,zonder profielontwikkeling,,,,,,,,,,,,,,,bodemserie Sep in de Zandstreek,"Sep is een veel voorkomende serie met talrijke variaties in substraat, moedermateriaalvarianten en profielontwikkelingsvarianten. Het vertegenwoordigt een natte Regosol met algemeen een dikke humeuze laag, soms verveend, waarin de roestverschijnselen beg",Rest van Vlaanderen,Sep-ZS,7,41E
723,723,Eutric Gleyic Cambisols (Loamic),Cambisols,CM-gl.eu,gl.eu,Gleyic,Eutric,-,Endogleyic,Loamic,-,Eutric,Sep,Centrale Vlaamse laagvlakte,Zandstreek,Nat zand,Sep,Sep,Natte lemig zandbodem zonder profiel,,,S,lemig zand,e,"nat, sterk gleyig met reductiehorizont",p,zonder profielontwikkeling,,,,,,,,,,,,,,,bodemserie Sep in de Zandstreek,"Sep is een veel voorkomende serie met talrijke variaties in substraat, moedermateriaalvarianten en profielontwikkelingsvarianten. Het vertegenwoordigt een natte Regosol met algemeen een dikke humeuze laag, soms verveend, waarin de roestverschijnselen beg",Rest van Vlaanderen,Sep-ZS,7,41E
724,724,Eutric Gleyic Cambisols (Loamic),Cambisols,CM-gl.eu,gl.eu,Gleyic,Eutric,-,Endogleyic,Loamic,-,Eutric,Sep,Centrale Vlaamse laagvlakte,Zandstreek,Nat zand,Sep,Sep,Natte lemig zandbodem zonder profiel,,,S,lemig zand,e,"nat, sterk gleyig met reductiehorizont",p,zonder profielontwikkeling,,,,,,,,,,,,,,,bodemserie Sep in de Zandstreek,"Sep is een veel voorkomende serie met talrijke variaties in substraat, moedermateriaalvarianten en profielontwikkelingsvarianten. Het vertegenwoordigt een natte Regosol met algemeen een dikke humeuze laag, soms verveend, waarin de roestverschijnselen beg",Rest van Vlaanderen,Sep-ZS,7,41E
725,725,Eutric Gleyic Cambisols (Loamic),Cambisols,CM-gl.eu,gl.eu,Gleyic,Eutric,-,Endogleyic,Loamic,-,Eutric,Sep,Centrale Vlaamse laagvlakte,Zandstreek,Nat zand,Sep,Sep,Natte lemig zandbodem zonder profiel,,,S,lemig zand,e,"nat, sterk gleyig met reductiehorizont",p,zonder profielontwikkeling,,,,,,,,,,,,,,,bodemserie Sep in de Zandstreek,"Sep is een veel voorkomende serie met talrijke variaties in substraat, moedermateriaalvarianten en profielontwikkelingsvarianten. Het vertegenwoordigt een natte Regosol met algemeen een dikke humeuze laag, soms verveend, waarin de roestverschijnselen beg",Rest van Vlaanderen,Sep-ZS,7,41E
726,726,Eutric Gleyic Cambisols (Loamic),Cambisols,CM-gl.eu,gl.eu,Gleyic,Eutric,-,Endogleyic,Loamic,-,Eutric,Sep,Centrale Vlaamse laagvlakte,Zandstreek,Nat zand,Sep,Sep,Natte lemig zandbodem zonder profiel,,,S,lemig zand,e,"nat, sterk gleyig met reductiehorizont",p,zonder profielontwikkeling,,,,,,,,,,,,,,,bodemserie Sep in de Zandstreek,"Sep is een veel voorkomende serie met talrijke variaties in substraat, moedermateriaalvarianten en profielontwikkelingsvarianten. Het vertegenwoordigt een natte Regosol met algemeen een dikke humeuze laag, soms verveend, waarin de roestverschijnselen beg",Rest van Vlaanderen,Sep-ZS,7,41E
727,727,Technosols/Not Surveyed,Technosols/Not Surveyed,TC,,-,-,-,-,-,-,-,OT,Centrale Vlaamse laagvlakte,Kunstmatige gronden,Antropogeen,OT,OT,Sterk vergraven gronden,,,,,,,,,,,,,,,O,kunstmatige gronden,,,T,sterk vergraven gronden,,,bodemserie OT,Soms wordt het bodemprofiel door het ingrijpen van de mens gewijzigd of vernietigd (kunstmatige gronden). De bodems in vergraven terreinen (OT) zijn daar een voorbeeld van.,Zeepolders,OT-KUNST,,41E
728,728,Technosols/Not Surveyed,Technosols/Not Surveyed,TC,,-,-,-,-,-,-,-,OT,Centrale Vlaamse laagvlakte,Kunstmatige gronden,Antropogeen,OT,OT,Sterk vergraven gronden,,,,,,,,,,,,,,,O,kunstmatige gronden,,,T,sterk vergraven gronden,,,bodemserie OT,Soms wordt het bodemprofiel door het ingrijpen van de mens gewijzigd of vernietigd (kunstmatige gronden). De bodems in vergraven terreinen (OT) zijn daar een voorbeeld van.,Zeepolders,OT-KUNST,,41E
729,729,Technosols/Not Surveyed,Technosols/Not Surveyed,TC,,-,-,-,-,-,-,-,OT,Centrale Vlaamse laagvlakte,Kunstmatige gronden,Antropogeen,OT,OT,Sterk vergraven gronden,,,,,,,,,,,,,,,O,kunstmatige gronden,,,T,sterk vergraven gronden,,,bodemserie OT,Soms wordt het bodemprofiel door het ingrijpen van de mens gewijzigd of vernietigd (kunstmatige gronden). De bodems in vergraven terreinen (OT) zijn daar een voorbeeld van.,Zeepolders,OT-KUNST,,41E
730,730,Technosols/Not Surveyed,Technosols/Not Surveyed,TC,,-,-,-,-,-,-,-,OT,Centrale Vlaamse laagvlakte,Kunstmatige gronden,Antropogeen,OT,OT,Sterk vergraven gronden,,,,,,,,,,,,,,,O,kunstmatige gronden,,,T,sterk vergraven gronden,,,bodemserie OT,Soms wordt het bodemprofiel door het ingrijpen van de mens gewijzigd of vernietigd (kunstmatige gronden). De bodems in vergraven terreinen (OT) zijn daar een voorbeeld van.,Zeepolders,OT-KUNST,,41E
731,731,Technosols/Not Surveyed,Technosols/Not Surveyed,TC,,-,-,-,-,-,-,-,OT,Centrale Vlaamse laagvlakte,Kunstmatige gronden,Antropogeen,OT,OT,Sterk vergraven gronden,,,,,,,,,,,,,,,O,kunstmatige gronden,,,T,sterk vergraven gronden,,,bodemserie OT,Soms wordt het bodemprofiel door het ingrijpen van de mens gewijzigd of vernietigd (kunstmatige gronden). De bodems in vergraven terreinen (OT) zijn daar een voorbeeld van.,Zeepolders,OT-KUNST,4,41E
732,732,Technosols/Not Surveyed,Technosols/Not Surveyed,TC,,-,-,-,-,-,-,-,OT,Centrale Vlaamse laagvlakte,Kunstmatige gronden,Antropogeen,OT,OT,Sterk vergraven gronden,,,,,,,,,,,,,,,O,kunstmatige gronden,,,T,sterk vergraven gronden,,,bodemserie OT,Soms wordt het bodemprofiel door het ingrijpen van de mens gewijzigd of vernietigd (kunstmatige gronden). De bodems in vergraven terreinen (OT) zijn daar een voorbeeld van.,Zeepolders,OT-KUNST,4,41E
733,733,Technosols/Not Surveyed,Technosols/Not Surveyed,TC,,-,-,-,-,-,-,-,OT,Centrale Vlaamse laagvlakte,Kunstmatige gronden,Antropogeen,OT,OT,Sterk vergraven gronden,,,,,,,,,,,,,,,O,kunstmatige gronden,,,T,sterk vergraven gronden,,,bodemserie OT,Soms wordt het bodemprofiel door het ingrijpen van de mens gewijzigd of vernietigd (kunstmatige gronden). De bodems in vergraven terreinen (OT) zijn daar een voorbeeld van.,Zeepolders,OT-KUNST,4,41E
734,734,Technosols/Not Surveyed,Technosols/Not Surveyed,TC,,-,-,-,-,-,-,-,OT,Centrale Vlaamse laagvlakte,Kunstmatige gronden,Antropogeen,OT,OT,Sterk vergraven gronden,,,,,,,,,,,,,,,O,kunstmatige gronden,,,T,sterk vergraven gronden,,,bodemserie OT,Soms wordt het bodemprofiel door het ingrijpen van de mens gewijzigd of vernietigd (kunstmatige gronden). De bodems in vergraven terreinen (OT) zijn daar een voorbeeld van.,Zeepolders,OT-KUNST,4,41E
735,735,Technosols/Not Surveyed,Technosols/Not Surveyed,TC,,-,-,-,-,-,-,-,OT,Centrale Vlaamse laagvlakte,Kunstmatige gronden,Antropogeen,OT,OT,Sterk vergraven gronden,,,,,,,,,,,,,,,O,kunstmatige gronden,,,T,sterk vergraven gronden,,,bodemserie OT,Soms wordt het bodemprofiel door het ingrijpen van de mens gewijzigd of vernietigd (kunstmatige gronden). De bodems in vergraven terreinen (OT) zijn daar een voorbeeld van.,Zeepolders,OT-KUNST,4,41E
736,736,Technosols/Not Surveyed,Technosols/Not Surveyed,TC,,-,-,-,-,-,-,-,OT,Centrale Vlaamse laagvlakte,Kunstmatige gronden,Antropogeen,OT,OT,Sterk vergraven gronden,,,,,,,,,,,,,,,O,kunstmatige gronden,,,T,sterk vergraven gronden,,,bodemserie OT,Soms wordt het bodemprofiel door het ingrijpen van de mens gewijzigd of vernietigd (kunstmatige gronden). De bodems in vergraven terreinen (OT) zijn daar een voorbeeld van.,Zeepolders,OT-KUNST,4,41E
737,737,Technosols/Not Surveyed,Technosols/Not Surveyed,TC,,-,-,-,-,-,-,-,OT,Centrale Vlaamse laagvlakte,Kunstmatige gronden,Antropogeen,OT,OT,Sterk vergraven gronden,,,,,,,,,,,,,,,O,kunstmatige gronden,,,T,sterk vergraven gronden,,,bodemserie OT,Soms wordt het bodemprofiel door het ingrijpen van de mens gewijzigd of vernietigd (kunstmatige gronden). De bodems in vergraven terreinen (OT) zijn daar een voorbeeld van.,Zeepolders,OT-KUNST,4,41E
738,738,Gleyic Terric Cambisols (Arenic),Cambisols,CM-tr.gl,tr.gl,Terric,Gleyic,-,Endogleyic,Arenic,-,Eutric,ZdP,Centrale Vlaamse laagvlakte,Zandstreek,Vochtig zand,ZdP,ZdP,Matig natte zandbodem zonder profiel of met onbepaald profiel,,,Z,zand,d,"matig nat, matig gleyig",p+x,met profielontwikkelingsklassen p en x,,,,,,,,,,,,,,,bodemserie Zdh en complexen ZdP en ZdG in de Zandstreek,"De kaarteenheden aangeduid als ZdP groeperen boringen waarin men de verbrokkelde resten van de Podzol B (..h) vindt, de zachte humus B werd homogeen in de bouwvoor verwerkt. Naast deze waarnemingen vindt men plaatsen waar de totale Podzol B werd uitgegra",Rest van Vlaanderen,ZdP-ZS,7,41E
739,739,Gleyic Terric Cambisols (Arenic),Cambisols,CM-tr.gl,tr.gl,Terric,Gleyic,-,Endogleyic,Arenic,-,Eutric,ZdP,Centrale Vlaamse laagvlakte,Zandstreek,Vochtig zand,ZdP,ZdP,Matig natte zandbodem zonder profiel of met onbepaald profiel,,,Z,zand,d,"matig nat, matig gleyig",p+x,met profielontwikkelingsklassen p en x,,,,,,,,,,,,,,,bodemserie Zdh en complexen ZdP en ZdG in de Zandstreek,"De kaarteenheden aangeduid als ZdP groeperen boringen waarin men de verbrokkelde resten van de Podzol B (..h) vindt, de zachte humus B werd homogeen in de bouwvoor verwerkt. Naast deze waarnemingen vindt men plaatsen waar de totale Podzol B werd uitgegra",Rest van Vlaanderen,ZdP-ZS,7,41E
740,740,Gleyic Terric Cambisols (Arenic),Cambisols,CM-tr.gl,tr.gl,Terric,Gleyic,-,Endogleyic,Arenic,-,Eutric,ZdP,Centrale Vlaamse laagvlakte,Zandstreek,Vochtig zand,ZdP,ZdP,Matig natte zandbodem zonder profiel of met onbepaald profiel,,,Z,zand,d,"matig nat, matig gleyig",p+x,met profielontwikkelingsklassen p en x,,,,,,,,,,,,,,,bodemserie Zdh en complexen ZdP en ZdG in de Zandstreek,"De kaarteenheden aangeduid als ZdP groeperen boringen waarin men de verbrokkelde resten van de Podzol B (..h) vindt, de zachte humus B werd homogeen in de bouwvoor verwerkt. Naast deze waarnemingen vindt men plaatsen waar de totale Podzol B werd uitgegra",Rest van Vlaanderen,ZdP-ZS,7,41E
741,741,"Fluvic Gleyic Phaeozems (Clayic, Fluvic, Ruptic)",Phaeozems,PH-gl.fv,gl.fv,Gleyic,Fluvic,-,Amphigleyic,Clayic,"Fluvic, Ruptic",Eutric,s-Ufp,Centrale Vlaamse laagvlakte,Zandstreek,Natte ZwKlei,s-Ufp,Ufp,Zeer sterk gleyige zware kleibodem zonder profiel,s-,Zand op geringe of matige diepte,U,zware klei,f,"zeer nat, zeer sterk gleyig met reductiehorizont",p,zonder profielontwikkeling,,,,,,,,,,,,,,,bodemserie Ufp en bodemcomplex UFp in de Zandstreek,"Deze hydromorfe, alluviale grondwatergronden hebben een donkergrijze Ap, sterk roestig, en 20-30 cm dik. In de winter staan de bodems periodiek onder water. In de zomer zijn ze te nat (complex . F . verenigt de drainageklassen . e . en . f .). De bodems",Rest van Vlaanderen,s-Ufp-ZS,4,41E
742,742,"Fluvic Gleyic Phaeozems (Clayic, Fluvic, Ruptic)",Phaeozems,PH-gl.fv,gl.fv,Gleyic,Fluvic,-,Amphigleyic,Clayic,"Fluvic, Ruptic",Eutric,s-Ufp,Centrale Vlaamse laagvlakte,Zandstreek,Natte ZwKlei,s-Ufp,Ufp,Zeer sterk gleyige zware kleibodem zonder profiel,s-,Zand op geringe of matige diepte,U,zware klei,f,"zeer nat, zeer sterk gleyig met reductiehorizont",p,zonder profielontwikkeling,,,,,,,,,,,,,,,bodemserie Ufp en bodemcomplex UFp in de Zandstreek,"Deze hydromorfe, alluviale grondwatergronden hebben een donkergrijze Ap, sterk roestig, en 20-30 cm dik. In de winter staan de bodems periodiek onder water. In de zomer zijn ze te nat (complex . F . verenigt de drainageklassen . e . en . f .). De bodems",Rest van Vlaanderen,s-Ufp-ZS,4,41E
743,743,"Fluvic Gleyic Phaeozems (Clayic, Fluvic, Ruptic)",Phaeozems,PH-gl.fv,gl.fv,Gleyic,Fluvic,-,Amphigleyic,Clayic,"Fluvic, Ruptic",Eutric,s-Ufp,Centrale Vlaamse laagvlakte,Zandstreek,Natte ZwKlei,s-Ufp,Ufp,Zeer sterk gleyige zware kleibodem zonder profiel,s-,Zand op geringe of matige diepte,U,zware klei,f,"zeer nat, zeer sterk gleyig met reductiehorizont",p,zonder profielontwikkeling,,,,,,,,,,,,,,,bodemserie Ufp en bodemcomplex UFp in de Zandstreek,"Deze hydromorfe, alluviale grondwatergronden hebben een donkergrijze Ap, sterk roestig, en 20-30 cm dik. In de winter staan de bodems periodiek onder water. In de zomer zijn ze te nat (complex . F . verenigt de drainageklassen . e . en . f .). De bodems",Rest van Vlaanderen,s-Ufp-ZS,4,41E
744,744,"Fluvic Gleyic Phaeozems (Clayic, Fluvic, Ruptic)",Phaeozems,PH-gl.fv,gl.fv,Gleyic,Fluvic,-,Amphigleyic,Clayic,"Fluvic, Ruptic",Eutric,s-Ufp,Centrale Vlaamse laagvlakte,Zandstreek,Natte ZwKlei,s-Ufp,Ufp,Zeer sterk gleyige zware kleibodem zonder profiel,s-,Zand op geringe of matige diepte,U,zware klei,f,"zeer nat, zeer sterk gleyig met reductiehorizont",p,zonder profielontwikkeling,,,,,,,,,,,,,,,bodemserie Ufp en bodemcomplex UFp in de Zandstreek,"Deze hydromorfe, alluviale grondwatergronden hebben een donkergrijze Ap, sterk roestig, en 20-30 cm dik. In de winter staan de bodems periodiek onder water. In de zomer zijn ze te nat (complex . F . verenigt de drainageklassen . e . en . f .). De bodems",Rest van Vlaanderen,s-Ufp-ZS,4,41E
745,745,Technosols/Not Surveyed,Technosols/Not Surveyed,TC,,-,-,-,-,-,-,-,OT,Centrale Vlaamse laagvlakte,Kunstmatige gronden,Antropogeen,OT,OT,Sterk vergraven gronden,,,,,,,,,,,,,,,O,kunstmatige gronden,,,T,sterk vergraven gronden,,,bodemserie OT,Soms wordt het bodemprofiel door het ingrijpen van de mens gewijzigd of vernietigd (kunstmatige gronden). De bodems in vergraven terreinen (OT) zijn daar een voorbeeld van.,Zeepolders,OT-KUNST,4,41E
746,746,Technosols/Not Surveyed,Technosols/Not Surveyed,TC,,-,-,-,-,-,-,-,OT,Centrale Vlaamse laagvlakte,Kunstmatige gronden,Antropogeen,OT,OT,Sterk vergraven gronden,,,,,,,,,,,,,,,O,kunstmatige gronden,,,T,sterk vergraven gronden,,,bodemserie OT,Soms wordt het bodemprofiel door het ingrijpen van de mens gewijzigd of vernietigd (kunstmatige gronden). De bodems in vergraven terreinen (OT) zijn daar een voorbeeld van.,Zeepolders,OT-KUNST,4,41E
747,747,Technosols/Not Surveyed,Technosols/Not Surveyed,TC,,-,-,-,-,-,-,-,OT,Centrale Vlaamse laagvlakte,Kunstmatige gronden,Antropogeen,OT,OT,Sterk vergraven gronden,,,,,,,,,,,,,,,O,kunstmatige gronden,,,T,sterk vergraven gronden,,,bodemserie OT,Soms wordt het bodemprofiel door het ingrijpen van de mens gewijzigd of vernietigd (kunstmatige gronden). De bodems in vergraven terreinen (OT) zijn daar een voorbeeld van.,Zeepolders,OT-KUNST,4,41E
748,748,Technosols/Not Surveyed,Technosols/Not Surveyed,TC,,-,-,-,-,-,-,-,OT,Centrale Vlaamse laagvlakte,Kunstmatige gronden,Antropogeen,OT,OT,Sterk vergraven gronden,,,,,,,,,,,,,,,O,kunstmatige gronden,,,T,sterk vergraven gronden,,,bodemserie OT,Soms wordt het bodemprofiel door het ingrijpen van de mens gewijzigd of vernietigd (kunstmatige gronden). De bodems in vergraven terreinen (OT) zijn daar een voorbeeld van.,Zeepolders,OT-KUNST,4,41E
749,749,Technosols/Not Surveyed,Technosols/Not Surveyed,TC,,-,-,-,-,-,-,-,OT,Centrale Vlaamse laagvlakte,Kunstmatige gronden,Antropogeen,OT,OT,Sterk vergraven gronden,,,,,,,,,,,,,,,O,kunstmatige gronden,,,T,sterk vergraven gronden,,,bodemserie OT,Soms wordt het bodemprofiel door het ingrijpen van de mens gewijzigd of vernietigd (kunstmatige gronden). De bodems in vergraven terreinen (OT) zijn daar een voorbeeld van.,Zeepolders,OT-KUNST,4,41E
750,750,Technosols/Not Surveyed,Technosols/Not Surveyed,TC,,-,-,-,-,-,-,-,OT,Centrale Vlaamse laagvlakte,Kunstmatige gronden,Antropogeen,OT,OT,Sterk vergraven gronden,,,,,,,,,,,,,,,O,kunstmatige gronden,,,T,sterk vergraven gronden,,,bodemserie OT,Soms wordt het bodemprofiel door het ingrijpen van de mens gewijzigd of vernietigd (kunstmatige gronden). De bodems in vergraven terreinen (OT) zijn daar een voorbeeld van.,Zeepolders,OT-KUNST,4,41E
751,751,Technosols/Not Surveyed,Technosols/Not Surveyed,TC,,-,-,-,-,-,-,-,OT,Centrale Vlaamse laagvlakte,Kunstmatige gronden,Antropogeen,OT,OT,Sterk vergraven gronden,,,,,,,,,,,,,,,O,kunstmatige gronden,,,T,sterk vergraven gronden,,,bodemserie OT,Soms wordt het bodemprofiel door het ingrijpen van de mens gewijzigd of vernietigd (kunstmatige gronden). De bodems in vergraven terreinen (OT) zijn daar een voorbeeld van.,Zeepolders,OT-KUNST,4,41E
752,752,Technosols/Not Surveyed,Technosols/Not Surveyed,TC,,-,-,-,-,-,-,-,OT,Centrale Vlaamse laagvlakte,Kunstmatige gronden,Antropogeen,OT,OT,Sterk vergraven gronden,,,,,,,,,,,,,,,O,kunstmatige gronden,,,T,sterk vergraven gronden,,,bodemserie OT,Soms wordt het bodemprofiel door het ingrijpen van de mens gewijzigd of vernietigd (kunstmatige gronden). De bodems in vergraven terreinen (OT) zijn daar een voorbeeld van.,Zeepolders,OT-KUNST,4,41E
753,753,Technosols/Not Surveyed,Technosols/Not Surveyed,TC,,-,-,-,-,-,-,-,OT,Centrale Vlaamse laagvlakte,Kunstmatige gronden,Antropogeen,OT,OT,Sterk vergraven gronden,,,,,,,,,,,,,,,O,kunstmatige gronden,,,T,sterk vergraven gronden,,,bodemserie OT,Soms wordt het bodemprofiel door het ingrijpen van de mens gewijzigd of vernietigd (kunstmatige gronden). De bodems in vergraven terreinen (OT) zijn daar een voorbeeld van.,Zeepolders,OT-KUNST,4,41E
754,754,Technosols/Not Surveyed,Technosols/Not Surveyed,TC,,-,-,-,-,-,-,-,OT,Centrale Vlaamse laagvlakte,Kunstmatige gronden,Antropogeen,OT,OT,Sterk vergraven gronden,,,,,,,,,,,,,,,O,kunstmatige gronden,,,T,sterk vergraven gronden,,,bodemserie OT,Soms wordt het bodemprofiel door het ingrijpen van de mens gewijzigd of vernietigd (kunstmatige gronden). De bodems in vergraven terreinen (OT) zijn daar een voorbeeld van.,Zeepolders,OT-KUNST,4,41E
755,755,Technosols/Not Surveyed,Technosols/Not Surveyed,TC,,-,-,-,-,-,-,-,OT,Centrale Vlaamse laagvlakte,Kunstmatige gronden,Antropogeen,OT,OT,Sterk vergraven gronden,,,,,,,,,,,,,,,O,kunstmatige gronden,,,T,sterk vergraven gronden,,,bodemserie OT,Soms wordt het bodemprofiel door het ingrijpen van de mens gewijzigd of vernietigd (kunstmatige gronden). De bodems in vergraven terreinen (OT) zijn daar een voorbeeld van.,Zeepolders,OT-KUNST,4,41E
756,756,Technosols/Not Surveyed,Technosols/Not Surveyed,TC,,-,-,-,-,-,-,-,OT,Centrale Vlaamse laagvlakte,Kunstmatige gronden,Antropogeen,OT,OT,Sterk vergraven gronden,,,,,,,,,,,,,,,O,kunstmatige gronden,,,T,sterk vergraven gronden,,,bodemserie OT,Soms wordt het bodemprofiel door het ingrijpen van de mens gewijzigd of vernietigd (kunstmatige gronden). De bodems in vergraven terreinen (OT) zijn daar een voorbeeld van.,Zeepolders,OT-KUNST,4,41E
757,757,Technosols/Not Surveyed,Technosols/Not Surveyed,TC,,-,-,-,-,-,-,-,OT,Centrale Vlaamse laagvlakte,Kunstmatige gronden,Antropogeen,OT,OT,Sterk vergraven gronden,,,,,,,,,,,,,,,O,kunstmatige gronden,,,T,sterk vergraven gronden,,,bodemserie OT,Soms wordt het bodemprofiel door het ingrijpen van de mens gewijzigd of vernietigd (kunstmatige gronden). De bodems in vergraven terreinen (OT) zijn daar een voorbeeld van.,Zeepolders,OT-KUNST,4,41E
758,758,"Eutric Gleyic Cambisols (Loamic, Ruptic)",Cambisols,CM-gl.eu,gl.eu,Gleyic,Eutric,-,Endogleyic,Loamic,Ruptic,Eutric,s-Pep,Centrale Vlaamse laagvlakte,Zandstreek,Nat zandleem,s-Pep,Pep,Natte licht zandleembodem zonder profiel,s-,Zand op geringe of matige diepte,P,licht zandleem,e,"nat, sterk gleyig met reductiehorizont",p,zonder profielontwikkeling,,,,,,,,,,,,,,,bodemserie Pep en complex PeP in de Zandstreek,"Deze hydromorfe bodems hebben een reductiehorizont op licht zandleem. De bouwvoor, 20 - 30 cm dik, vertoont reeds roestvlekken in een donker grijsbruine matrix. Tussen de humeuze bovengrond en het zand, leem, klei, klei-zand, mergel of veensubstraat komt",Rest van Vlaanderen,s-Pep-ZS,4,41E
759,759,Gleyic Terric Cambisols (Arenic),Cambisols,CM-tr.gl,tr.gl,Terric,Gleyic,-,Endogleyic,Arenic,-,Eutric,ZdP,Centrale Vlaamse laagvlakte,Zandstreek,Vochtig zand,ZdP,ZdP,Matig natte zandbodem zonder profiel of met onbepaald profiel,,,Z,zand,d,"matig nat, matig gleyig",p+x,met profielontwikkelingsklassen p en x,,,,,,,,,,,,,,,bodemserie Zdh en complexen ZdP en ZdG in de Zandstreek,"De kaarteenheden aangeduid als ZdP groeperen boringen waarin men de verbrokkelde resten van de Podzol B (..h) vindt, de zachte humus B werd homogeen in de bouwvoor verwerkt. Naast deze waarnemingen vindt men plaatsen waar de totale Podzol B werd uitgegra",Rest van Vlaanderen,ZdP-ZS,7,41E
760,760,Gleyic Terric Cambisols (Arenic),Cambisols,CM-tr.gl,tr.gl,Terric,Gleyic,-,Endogleyic,Arenic,-,Eutric,ZdP,Centrale Vlaamse laagvlakte,Zandstreek,Vochtig zand,ZdP,ZdP,Matig natte zandbodem zonder profiel of met onbepaald profiel,,,Z,zand,d,"matig nat, matig gleyig",p+x,met profielontwikkelingsklassen p en x,,,,,,,,,,,,,,,bodemserie Zdh en complexen ZdP en ZdG in de Zandstreek,"De kaarteenheden aangeduid als ZdP groeperen boringen waarin men de verbrokkelde resten van de Podzol B (..h) vindt, de zachte humus B werd homogeen in de bouwvoor verwerkt. Naast deze waarnemingen vindt men plaatsen waar de totale Podzol B werd uitgegra",Rest van Vlaanderen,ZdP-ZS,7,41E
761,761,Gleyic Terric Cambisols (Arenic),Cambisols,CM-tr.gl,tr.gl,Terric,Gleyic,-,Endogleyic,Arenic,-,Eutric,ZdP,Centrale Vlaamse laagvlakte,Zandstreek,Vochtig zand,ZdP,ZdP,Matig natte zandbodem zonder profiel of met onbepaald profiel,,,Z,zand,d,"matig nat, matig gleyig",p+x,met profielontwikkelingsklassen p en x,,,,,,,,,,,,,,,bodemserie Zdh en complexen ZdP en ZdG in de Zandstreek,"De kaarteenheden aangeduid als ZdP groeperen boringen waarin men de verbrokkelde resten van de Podzol B (..h) vindt, de zachte humus B werd homogeen in de bouwvoor verwerkt. Naast deze waarnemingen vindt men plaatsen waar de totale Podzol B werd uitgegra",Rest van Vlaanderen,ZdP-ZS,7,41E
762,762,Gleyic Terric Cambisols (Arenic),Cambisols,CM-tr.gl,tr.gl,Terric,Gleyic,-,Endogleyic,Arenic,-,Eutric,ZdP,Centrale Vlaamse laagvlakte,Zandstreek,Vochtig zand,ZdP,ZdP,Matig natte zandbodem zonder profiel of met onbepaald profiel,,,Z,zand,d,"matig nat, matig gleyig",p+x,met profielontwikkelingsklassen p en x,,,,,,,,,,,,,,,bodemserie Zdh en complexen ZdP en ZdG in de Zandstreek,"De kaarteenheden aangeduid als ZdP groeperen boringen waarin men de verbrokkelde resten van de Podzol B (..h) vindt, de zachte humus B werd homogeen in de bouwvoor verwerkt. Naast deze waarnemingen vindt men plaatsen waar de totale Podzol B werd uitgegra",Rest van Vlaanderen,ZdP-ZS,7,41E
763,763,Technosols/Not Surveyed,Technosols/Not Surveyed,TC,,-,-,-,-,-,-,-,OT,Centrale Vlaamse laagvlakte,Kunstmatige gronden,Antropogeen,OT,OT,Sterk vergraven gronden,,,,,,,,,,,,,,,O,kunstmatige gronden,,,T,sterk vergraven gronden,,,bodemserie OT,Soms wordt het bodemprofiel door het ingrijpen van de mens gewijzigd of vernietigd (kunstmatige gronden). De bodems in vergraven terreinen (OT) zijn daar een voorbeeld van.,Zeepolders,OT-KUNST,4,41E
764,764,Technosols/Not Surveyed,Technosols/Not Surveyed,TC,,-,-,-,-,-,-,-,OT,Centrale Vlaamse laagvlakte,Kunstmatige gronden,Antropogeen,OT,OT,Sterk vergraven gronden,,,,,,,,,,,,,,,O,kunstmatige gronden,,,T,sterk vergraven gronden,,,bodemserie OT,Soms wordt het bodemprofiel door het ingrijpen van de mens gewijzigd of vernietigd (kunstmatige gronden). De bodems in vergraven terreinen (OT) zijn daar een voorbeeld van.,Zeepolders,OT-KUNST,4,41E
765,765,Technosols/Not Surveyed,Technosols/Not Surveyed,TC,,-,-,-,-,-,-,-,OT,Centrale Vlaamse laagvlakte,Kunstmatige gronden,Antropogeen,OT,OT,Sterk vergraven gronden,,,,,,,,,,,,,,,O,kunstmatige gronden,,,T,sterk vergraven gronden,,,bodemserie OT,Soms wordt het bodemprofiel door het ingrijpen van de mens gewijzigd of vernietigd (kunstmatige gronden). De bodems in vergraven terreinen (OT) zijn daar een voorbeeld van.,Zeepolders,OT-KUNST,4,41E
766,766,Technosols/Not Surveyed,Technosols/Not Surveyed,TC,,-,-,-,-,-,-,-,OT,Centrale Vlaamse laagvlakte,Kunstmatige gronden,Antropogeen,OT,OT,Sterk vergraven gronden,,,,,,,,,,,,,,,O,kunstmatige gronden,,,T,sterk vergraven gronden,,,bodemserie OT,Soms wordt het bodemprofiel door het ingrijpen van de mens gewijzigd of vernietigd (kunstmatige gronden). De bodems in vergraven terreinen (OT) zijn daar een voorbeeld van.,Zeepolders,OT-KUNST,4,41E
767,767,Technosols/Not Surveyed,Technosols/Not Surveyed,TC,,-,-,-,-,-,-,-,OT,Centrale Vlaamse laagvlakte,Kunstmatige gronden,Antropogeen,OT,OT,Sterk vergraven gronden,,,,,,,,,,,,,,,O,kunstmatige gronden,,,T,sterk vergraven gronden,,,bodemserie OT,Soms wordt het bodemprofiel door het ingrijpen van de mens gewijzigd of vernietigd (kunstmatige gronden). De bodems in vergraven terreinen (OT) zijn daar een voorbeeld van.,Zeepolders,OT-KUNST,4,41E
768,768,Technosols/Not Surveyed,Technosols/Not Surveyed,TC,,-,-,-,-,-,-,-,OT,Centrale Vlaamse laagvlakte,Kunstmatige gronden,Antropogeen,OT,OT,Sterk vergraven gronden,,,,,,,,,,,,,,,O,kunstmatige gronden,,,T,sterk vergraven gronden,,,bodemserie OT,Soms wordt het bodemprofiel door het ingrijpen van de mens gewijzigd of vernietigd (kunstmatige gronden). De bodems in vergraven terreinen (OT) zijn daar een voorbeeld van.,Zeepolders,OT-KUNST,4,41E
801,801,Eutric Neocambic Retisols (Siltic),Retisols,RT-nc.eu,nc.eu,Neocambic,Eutric,-,-,Siltic,-,Eutric,Aba0(b),Brabants plateau,Zandleemstreek,Droge leem,Aba0(b),Aba,Droge leembodem met textuur B horizont,,,A,leem,b,"droog, niet gleyig",a,met textuur B horizont of met weinig duidelijke kleur B horizont,0,Betekenis afhankelijk van het bodemtype (zie toelichtingsboekje),,,(b),Gevlekte textuur B horizont,,,,,,,,,bodemserie Aba in de Zandleemstreek,"De serie Aba ontwikkeld in het Pleistocene loessdek vertoont onder de A horizont een aan klei en sesquioxiden aangerijkte textuur B horizont. De bouwvoor is een donkerbruin, homogeen humushoudend leem; bij Abao rust de Ap op een geelbruine overgangshoriz",Rest van Vlaanderen,Aba0(b)-ZLS,5,115E
802,802,Eutric Neocambic Retisols (Siltic),Retisols,RT-nc.eu,nc.eu,Neocambic,Eutric,-,-,Siltic,-,Eutric,Aba0(b),Brabants plateau,Zandleemstreek,Droge leem,Aba0(b),Aba,Droge leembodem met textuur B horizont,,,A,leem,b,"droog, niet gleyig",a,met textuur B horizont of met weinig duidelijke kleur B horizont,0,Betekenis afhankelijk van het bodemtype (zie toelichtingsboekje),,,(b),Gevlekte textuur B horizont,,,,,,,,,bodemserie Aba in de Zandleemstreek,"De serie Aba ontwikkeld in het Pleistocene loessdek vertoont onder de A horizont een aan klei en sesquioxiden aangerijkte textuur B horizont. De bouwvoor is een donkerbruin, homogeen humushoudend leem; bij Abao rust de Ap op een geelbruine overgangshoriz",Rest van Vlaanderen,Aba0(b)-ZLS,5,115E
803,803,Eutric Neocambic Retisols (Siltic),Retisols,RT-nc.eu,nc.eu,Neocambic,Eutric,-,-,Siltic,-,Eutric,Aba0(b),Brabants plateau,Zandleemstreek,Droge leem,Aba0(b),Aba,Droge leembodem met textuur B horizont,,,A,leem,b,"droog, niet gleyig",a,met textuur B horizont of met weinig duidelijke kleur B horizont,0,Betekenis afhankelijk van het bodemtype (zie toelichtingsboekje),,,(b),Gevlekte textuur B horizont,,,,,,,,,bodemserie Aba in de Zandleemstreek,"De serie Aba ontwikkeld in het Pleistocene loessdek vertoont onder de A horizont een aan klei en sesquioxiden aangerijkte textuur B horizont. De bouwvoor is een donkerbruin, homogeen humushoudend leem; bij Abao rust de Ap op een geelbruine overgangshoriz",Rest van Vlaanderen,Aba0(b)-ZLS,5,115E
804,804,Eutric Neocambic Retisols (Siltic),Retisols,RT-nc.eu,nc.eu,Neocambic,Eutric,-,-,Siltic,-,Eutric,Aba0(b),Brabants plateau,Zandleemstreek,Droge leem,Aba0(b),Aba,Droge leembodem met textuur B horizont,,,A,leem,b,"droog, niet gleyig",a,met textuur B horizont of met weinig duidelijke kleur B horizont,0,Betekenis afhankelijk van het bodemtype (zie toelichtingsboekje),,,(b),Gevlekte textuur B horizont,,,,,,,,,bodemserie Aba in de Zandleemstreek,"De serie Aba ontwikkeld in het Pleistocene loessdek vertoont onder de A horizont een aan klei en sesquioxiden aangerijkte textuur B horizont. De bouwvoor is een donkerbruin, homogeen humushoudend leem; bij Abao rust de Ap op een geelbruine overgangshoriz",Rest van Vlaanderen,Aba0(b)-ZLS,5,115E
805,805,Eutric Neocambic Retisols (Siltic),Retisols,RT-nc.eu,nc.eu,Neocambic,Eutric,-,-,Siltic,-,Eutric,Aba0(b),Brabants plateau,Zandleemstreek,Droge leem,Aba0(b),Aba,Droge leembodem met textuur B horizont,,,A,leem,b,"droog, niet gleyig",a,met textuur B horizont of met weinig duidelijke kleur B horizont,0,Betekenis afhankelijk van het bodemtype (zie toelichtingsboekje),,,(b),Gevlekte textuur B horizont,,,,,,,,,bodemserie Aba in de Zandleemstreek,"De serie Aba ontwikkeld in het Pleistocene loessdek vertoont onder de A horizont een aan klei en sesquioxiden aangerijkte textuur B horizont. De bouwvoor is een donkerbruin, homogeen humushoudend leem; bij Abao rust de Ap op een geelbruine overgangshoriz",Rest van Vlaanderen,Aba0(b)-ZLS,5,115E
806,806,Eutric Neocambic Retisols (Siltic),Retisols,RT-nc.eu,nc.eu,Neocambic,Eutric,-,-,Siltic,-,Eutric,Aba0(b),Brabants plateau,Zandleemstreek,Droge leem,Aba0(b),Aba,Droge leembodem met textuur B horizont,,,A,leem,b,"droog, niet gleyig",a,met textuur B horizont of met weinig duidelijke kleur B horizont,0,Betekenis afhankelijk van het bodemtype (zie toelichtingsboekje),,,(b),Gevlekte textuur B horizont,,,,,,,,,bodemserie Aba in de Zandleemstreek,"De serie Aba ontwikkeld in het Pleistocene loessdek vertoont onder de A horizont een aan klei en sesquioxiden aangerijkte textuur B horizont. De bouwvoor is een donkerbruin, homogeen humushoudend leem; bij Abao rust de Ap op een geelbruine overgangshoriz",Rest van Vlaanderen,Aba0(b)-ZLS,5,115E
807,807,Eutric Neocambic Retisols (Siltic),Retisols,RT-nc.eu,nc.eu,Neocambic,Eutric,-,-,Siltic,-,Eutric,Aba0(b),Brabants plateau,Zandleemstreek,Droge leem,Aba0(b),Aba,Droge leembodem met textuur B horizont,,,A,leem,b,"droog, niet gleyig",a,met textuur B horizont of met weinig duidelijke kleur B horizont,0,Betekenis afhankelijk van het bodemtype (zie toelichtingsboekje),,,(b),Gevlekte textuur B horizont,,,,,,,,,bodemserie Aba in de Zandleemstreek,"De serie Aba ontwikkeld in het Pleistocene loessdek vertoont onder de A horizont een aan klei en sesquioxiden aangerijkte textuur B horizont. De bouwvoor is een donkerbruin, homogeen humushoudend leem; bij Abao rust de Ap op een geelbruine overgangshoriz",Rest van Vlaanderen,Aba0(b)-ZLS,5,115E
808,808,Eutric Neocambic Retisols (Siltic),Retisols,RT-nc.eu,nc.eu,Neocambic,Eutric,-,-,Siltic,-,Eutric,Aba0(b),Brabants plateau,Zandleemstreek,Droge leem,Aba0(b),Aba,Droge leembodem met textuur B horizont,,,A,leem,b,"droog, niet gleyig",a,met textuur B horizont of met weinig duidelijke kleur B horizont,0,Betekenis afhankelijk van het bodemtype (zie toelichtingsboekje),,,(b),Gevlekte textuur B horizont,,,,,,,,,bodemserie Aba in de Zandleemstreek,"De serie Aba ontwikkeld in het Pleistocene loessdek vertoont onder de A horizont een aan klei en sesquioxiden aangerijkte textuur B horizont. De bouwvoor is een donkerbruin, homogeen humushoudend leem; bij Abao rust de Ap op een geelbruine overgangshoriz",Rest van Vlaanderen,Aba0(b)-ZLS,5,115E
809,809,Eutric Neocambic Retisols (Siltic),Retisols,RT-nc.eu,nc.eu,Neocambic,Eutric,-,-,Siltic,-,Eutric,Aba0(b),Brabants plateau,Zandleemstreek,Droge leem,Aba0(b),Aba,Droge leembodem met textuur B horizont,,,A,leem,b,"droog, niet gleyig",a,met textuur B horizont of met weinig duidelijke kleur B horizont,0,Betekenis afhankelijk van het bodemtype (zie toelichtingsboekje),,,(b),Gevlekte textuur B horizont,,,,,,,,,bodemserie Aba in de Zandleemstreek,"De serie Aba ontwikkeld in het Pleistocene loessdek vertoont onder de A horizont een aan klei en sesquioxiden aangerijkte textuur B horizont. De bouwvoor is een donkerbruin, homogeen humushoudend leem; bij Abao rust de Ap op een geelbruine overgangshoriz",Rest van Vlaanderen,Aba0(b)-ZLS,5,115E
810,810,Eutric Neocambic Retisols (Siltic),Retisols,RT-nc.eu,nc.eu,Neocambic,Eutric,-,-,Siltic,-,Eutric,Aba0(b),Brabants plateau,Zandleemstreek,Droge leem,Aba0(b),Aba,Droge leembodem met textuur B horizont,,,A,leem,b,"droog, niet gleyig",a,met textuur B horizont of met weinig duidelijke kleur B horizont,0,Betekenis afhankelijk van het bodemtype (zie toelichtingsboekje),,,(b),Gevlekte textuur B horizont,,,,,,,,,bodemserie Aba in de Zandleemstreek,"De serie Aba ontwikkeld in het Pleistocene loessdek vertoont onder de A horizont een aan klei en sesquioxiden aangerijkte textuur B horizont. De bouwvoor is een donkerbruin, homogeen humushoudend leem; bij Abao rust de Ap op een geelbruine overgangshoriz",Rest van Vlaanderen,Aba0(b)-ZLS,5,115E
811,811,Eutric Neocambic Retisols (Siltic),Retisols,RT-nc.eu,nc.eu,Neocambic,Eutric,-,-,Siltic,-,Eutric,Aba0(b),Brabants plateau,Zandleemstreek,Droge leem,Aba0(b),Aba,Droge leembodem met textuur B horizont,,,A,leem,b,"droog, niet gleyig",a,met textuur B horizont of met weinig duidelijke kleur B horizont,0,Betekenis afhankelijk van het bodemtype (zie toelichtingsboekje),,,(b),Gevlekte textuur B horizont,,,,,,,,,bodemserie Aba in de Zandleemstreek,"De serie Aba ontwikkeld in het Pleistocene loessdek vertoont onder de A horizont een aan klei en sesquioxiden aangerijkte textuur B horizont. De bouwvoor is een donkerbruin, homogeen humushoudend leem; bij Abao rust de Ap op een geelbruine overgangshoriz",Rest van Vlaanderen,Aba0(b)-ZLS,5,115E
812,812,Eutric Neocambic Retisols (Siltic),Retisols,RT-nc.eu,nc.eu,Neocambic,Eutric,-,-,Siltic,-,Eutric,Aba0(b),Brabants plateau,Zandleemstreek,Droge leem,Aba0(b),Aba,Droge leembodem met textuur B horizont,,,A,leem,b,"droog, niet gleyig",a,met textuur B horizont of met weinig duidelijke kleur B horizont,0,Betekenis afhankelijk van het bodemtype (zie toelichtingsboekje),,,(b),Gevlekte textuur B horizont,,,,,,,,,bodemserie Aba in de Zandleemstreek,"De serie Aba ontwikkeld in het Pleistocene loessdek vertoont onder de A horizont een aan klei en sesquioxiden aangerijkte textuur B horizont. De bouwvoor is een donkerbruin, homogeen humushoudend leem; bij Abao rust de Ap op een geelbruine overgangshoriz",Rest van Vlaanderen,Aba0(b)-ZLS,5,115E
813,813,Eutric Neocambic Retisols (Siltic),Retisols,RT-nc.eu,nc.eu,Neocambic,Eutric,-,-,Siltic,-,Eutric,Aba0(b),Brabants plateau,Zandleemstreek,Droge leem,Aba0(b),Aba,Droge leembodem met textuur B horizont,,,A,leem,b,"droog, niet gleyig",a,met textuur B horizont of met weinig duidelijke kleur B horizont,0,Betekenis afhankelijk van het bodemtype (zie toelichtingsboekje),,,(b),Gevlekte textuur B horizont,,,,,,,,,bodemserie Aba in de Zandleemstreek,"De serie Aba ontwikkeld in het Pleistocene loessdek vertoont onder de A horizont een aan klei en sesquioxiden aangerijkte textuur B horizont. De bouwvoor is een donkerbruin, homogeen humushoudend leem; bij Abao rust de Ap op een geelbruine overgangshoriz",Rest van Vlaanderen,Aba0(b)-ZLS,5,115E
814,814,Eutric Neocambic Retisols (Siltic),Retisols,RT-nc.eu,nc.eu,Neocambic,Eutric,-,-,Siltic,-,Eutric,Aba0(b),Brabants plateau,Zandleemstreek,Droge leem,Aba0(b),Aba,Droge leembodem met textuur B horizont,,,A,leem,b,"droog, niet gleyig",a,met textuur B horizont of met weinig duidelijke kleur B horizont,0,Betekenis afhankelijk van het bodemtype (zie toelichtingsboekje),,,(b),Gevlekte textuur B horizont,,,,,,,,,bodemserie Aba in de Zandleemstreek,"De serie Aba ontwikkeld in het Pleistocene loessdek vertoont onder de A horizont een aan klei en sesquioxiden aangerijkte textuur B horizont. De bouwvoor is een donkerbruin, homogeen humushoudend leem; bij Abao rust de Ap op een geelbruine overgangshoriz",Rest van Vlaanderen,Aba0(b)-ZLS,5,115E
815,815,Eutric Neocambic Retisols (Siltic),Retisols,RT-nc.eu,nc.eu,Neocambic,Eutric,-,-,Siltic,-,Eutric,Aba0(b),Brabants plateau,Zandleemstreek,Droge leem,Aba0(b),Aba,Droge leembodem met textuur B horizont,,,A,leem,b,"droog, niet gleyig",a,met textuur B horizont of met weinig duidelijke kleur B horizont,0,Betekenis afhankelijk van het bodemtype (zie toelichtingsboekje),,,(b),Gevlekte textuur B horizont,,,,,,,,,bodemserie Aba in de Zandleemstreek,"De serie Aba ontwikkeld in het Pleistocene loessdek vertoont onder de A horizont een aan klei en sesquioxiden aangerijkte textuur B horizont. De bouwvoor is een donkerbruin, homogeen humushoudend leem; bij Abao rust de Ap op een geelbruine overgangshoriz",Rest van Vlaanderen,Aba0(b)-ZLS,5,115E
816,816,Eutric Neocambic Retisols (Siltic),Retisols,RT-nc.eu,nc.eu,Neocambic,Eutric,-,-,Siltic,-,Eutric,Aba0(b),Brabants plateau,Zandleemstreek,Droge leem,Aba0(b),Aba,Droge leembodem met textuur B horizont,,,A,leem,b,"droog, niet gleyig",a,met textuur B horizont of met weinig duidelijke kleur B horizont,0,Betekenis afhankelijk van het bodemtype (zie toelichtingsboekje),,,(b),Gevlekte textuur B horizont,,,,,,,,,bodemserie Aba in de Zandleemstreek,"De serie Aba ontwikkeld in het Pleistocene loessdek vertoont onder de A horizont een aan klei en sesquioxiden aangerijkte textuur B horizont. De bouwvoor is een donkerbruin, homogeen humushoudend leem; bij Abao rust de Ap op een geelbruine overgangshoriz",Rest van Vlaanderen,Aba0(b)-ZLS,5,115E
817,817,Eutric Neocambic Retisols (Siltic),Retisols,RT-nc.eu,nc.eu,Neocambic,Eutric,-,-,Siltic,-,Eutric,Aba0(b),Brabants plateau,Zandleemstreek,Droge leem,Aba0(b),Aba,Droge leembodem met textuur B horizont,,,A,leem,b,"droog, niet gleyig",a,met textuur B horizont of met weinig duidelijke kleur B horizont,0,Betekenis afhankelijk van het bodemtype (zie toelichtingsboekje),,,(b),Gevlekte textuur B horizont,,,,,,,,,bodemserie Aba in de Zandleemstreek,"De serie Aba ontwikkeld in het Pleistocene loessdek vertoont onder de A horizont een aan klei en sesquioxiden aangerijkte textuur B horizont. De bouwvoor is een donkerbruin, homogeen humushoudend leem; bij Abao rust de Ap op een geelbruine overgangshoriz",Rest van Vlaanderen,Aba0(b)-ZLS,5,115E
818,818,"Eutric Cambisols (Siltic, Colluvic)",Cambisols,CM-eu,eu,Eutric,-,-,-,Siltic,Colluvic,Eutric,Abp,Brabants plateau,Zandleemstreek,Droge leem,Abp,Abp,Droge leembodem zonder profiel,,,A,leem,b,"droog, niet gleyig",p,zonder profielontwikkeling,,,,,,,,,,,,,,,bodemserie Abp in de Zandleemstreek,De Abp bodems komen voor in colluviale droge leemdepressies. Deze gronden bestaan uit leemmateriaal geZrodeerd van de hoger liggende plateaugronden. De landbouwwaarde van de Abp gronden ligt ubn klasse lager dan die van de Aba gronden wegens het meestal,Rest van Vlaanderen,Abp-ZLS,5,115E
819,819,Eutric Neocambic Retisols (Siltic),Retisols,RT-nc.eu,nc.eu,Neocambic,Eutric,-,-,Siltic,-,Eutric,Aba0(b),Brabants plateau,Zandleemstreek,Droge leem,Aba0(b),Aba,Droge leembodem met textuur B horizont,,,A,leem,b,"droog, niet gleyig",a,met textuur B horizont of met weinig duidelijke kleur B horizont,0,Betekenis afhankelijk van het bodemtype (zie toelichtingsboekje),,,(b),Gevlekte textuur B horizont,,,,,,,,,bodemserie Aba in de Zandleemstreek,"De serie Aba ontwikkeld in het Pleistocene loessdek vertoont onder de A horizont een aan klei en sesquioxiden aangerijkte textuur B horizont. De bouwvoor is een donkerbruin, homogeen humushoudend leem; bij Abao rust de Ap op een geelbruine overgangshoriz",Rest van Vlaanderen,Aba0(b)-ZLS,5,115E
820,820,Eutric Neocambic Retisols (Siltic),Retisols,RT-nc.eu,nc.eu,Neocambic,Eutric,-,-,Siltic,-,Eutric,Aba0(b),Brabants plateau,Zandleemstreek,Droge leem,Aba0(b),Aba,Droge leembodem met textuur B horizont,,,A,leem,b,"droog, niet gleyig",a,met textuur B horizont of met weinig duidelijke kleur B horizont,0,Betekenis afhankelijk van het bodemtype (zie toelichtingsboekje),,,(b),Gevlekte textuur B horizont,,,,,,,,,bodemserie Aba in de Zandleemstreek,"De serie Aba ontwikkeld in het Pleistocene loessdek vertoont onder de A horizont een aan klei en sesquioxiden aangerijkte textuur B horizont. De bouwvoor is een donkerbruin, homogeen humushoudend leem; bij Abao rust de Ap op een geelbruine overgangshoriz",Rest van Vlaanderen,Aba0(b)-ZLS,5,115E
821,821,Eutric Neocambic Retisols (Siltic),Retisols,RT-nc.eu,nc.eu,Neocambic,Eutric,-,-,Siltic,-,Eutric,Aba0(b),Brabants plateau,Zandleemstreek,Droge leem,Aba0(b),Aba,Droge leembodem met textuur B horizont,,,A,leem,b,"droog, niet gleyig",a,met textuur B horizont of met weinig duidelijke kleur B horizont,0,Betekenis afhankelijk van het bodemtype (zie toelichtingsboekje),,,(b),Gevlekte textuur B horizont,,,,,,,,,bodemserie Aba in de Zandleemstreek,"De serie Aba ontwikkeld in het Pleistocene loessdek vertoont onder de A horizont een aan klei en sesquioxiden aangerijkte textuur B horizont. De bouwvoor is een donkerbruin, homogeen humushoudend leem; bij Abao rust de Ap op een geelbruine overgangshoriz",Rest van Vlaanderen,Aba0(b)-ZLS,5,115E
822,822,Eutric Neocambic Retisols (Siltic),Retisols,RT-nc.eu,nc.eu,Neocambic,Eutric,-,-,Siltic,-,Eutric,Aba0(b),Brabants plateau,Zandleemstreek,Droge leem,Aba0(b),Aba,Droge leembodem met textuur B horizont,,,A,leem,b,"droog, niet gleyig",a,met textuur B horizont of met weinig duidelijke kleur B horizont,0,Betekenis afhankelijk van het bodemtype (zie toelichtingsboekje),,,(b),Gevlekte textuur B horizont,,,,,,,,,bodemserie Aba in de Zandleemstreek,"De serie Aba ontwikkeld in het Pleistocene loessdek vertoont onder de A horizont een aan klei en sesquioxiden aangerijkte textuur B horizont. De bouwvoor is een donkerbruin, homogeen humushoudend leem; bij Abao rust de Ap op een geelbruine overgangshoriz",Rest van Vlaanderen,Aba0(b)-ZLS,5,115E
823,823,Eutric Neocambic Retisols (Siltic),Retisols,RT-nc.eu,nc.eu,Neocambic,Eutric,-,-,Siltic,-,Eutric,Aba0(b),Brabants plateau,Zandleemstreek,Droge leem,Aba0(b),Aba,Droge leembodem met textuur B horizont,,,A,leem,b,"droog, niet gleyig",a,met textuur B horizont of met weinig duidelijke kleur B horizont,0,Betekenis afhankelijk van het bodemtype (zie toelichtingsboekje),,,(b),Gevlekte textuur B horizont,,,,,,,,,bodemserie Aba in de Zandleemstreek,"De serie Aba ontwikkeld in het Pleistocene loessdek vertoont onder de A horizont een aan klei en sesquioxiden aangerijkte textuur B horizont. De bouwvoor is een donkerbruin, homogeen humushoudend leem; bij Abao rust de Ap op een geelbruine overgangshoriz",Rest van Vlaanderen,Aba0(b)-ZLS,5,115E
824,824,Eutric Neocambic Retisols (Siltic),Retisols,RT-nc.eu,nc.eu,Neocambic,Eutric,-,-,Siltic,-,Eutric,Aba0(b),Brabants plateau,Zandleemstreek,Droge leem,Aba0(b),Aba,Droge leembodem met textuur B horizont,,,A,leem,b,"droog, niet gleyig",a,met textuur B horizont of met weinig duidelijke kleur B horizont,0,Betekenis afhankelijk van het bodemtype (zie toelichtingsboekje),,,(b),Gevlekte textuur B horizont,,,,,,,,,bodemserie Aba in de Zandleemstreek,"De serie Aba ontwikkeld in het Pleistocene loessdek vertoont onder de A horizont een aan klei en sesquioxiden aangerijkte textuur B horizont. De bouwvoor is een donkerbruin, homogeen humushoudend leem; bij Abao rust de Ap op een geelbruine overgangshoriz",Rest van Vlaanderen,Aba0(b)-ZLS,5,115E
825,825,Eutric Neocambic Retisols (Siltic),Retisols,RT-nc.eu,nc.eu,Neocambic,Eutric,-,-,Siltic,-,Eutric,Aba0(b),Brabants plateau,Zandleemstreek,Droge leem,Aba0(b),Aba,Droge leembodem met textuur B horizont,,,A,leem,b,"droog, niet gleyig",a,met textuur B horizont of met weinig duidelijke kleur B horizont,0,Betekenis afhankelijk van het bodemtype (zie toelichtingsboekje),,,(b),Gevlekte textuur B horizont,,,,,,,,,bodemserie Aba in de Zandleemstreek,"De serie Aba ontwikkeld in het Pleistocene loessdek vertoont onder de A horizont een aan klei en sesquioxiden aangerijkte textuur B horizont. De bouwvoor is een donkerbruin, homogeen humushoudend leem; bij Abao rust de Ap op een geelbruine overgangshoriz",Rest van Vlaanderen,Aba0(b)-ZLS,5,115E
826,826,Eutric Neocambic Retisols (Siltic),Retisols,RT-nc.eu,nc.eu,Neocambic,Eutric,-,-,Siltic,-,Eutric,Aba0(b),Brabants plateau,Zandleemstreek,Droge leem,Aba0(b),Aba,Droge leembodem met textuur B horizont,,,A,leem,b,"droog, niet gleyig",a,met textuur B horizont of met weinig duidelijke kleur B horizont,0,Betekenis afhankelijk van het bodemtype (zie toelichtingsboekje),,,(b),Gevlekte textuur B horizont,,,,,,,,,bodemserie Aba in de Zandleemstreek,"De serie Aba ontwikkeld in het Pleistocene loessdek vertoont onder de A horizont een aan klei en sesquioxiden aangerijkte textuur B horizont. De bouwvoor is een donkerbruin, homogeen humushoudend leem; bij Abao rust de Ap op een geelbruine overgangshoriz",Rest van Vlaanderen,Aba0(b)-ZLS,5,115E
827,827,Eutric Neocambic Retisols (Siltic),Retisols,RT-nc.eu,nc.eu,Neocambic,Eutric,-,-,Siltic,-,Eutric,Aba0(b),Brabants plateau,Zandleemstreek,Droge leem,Aba0(b),Aba,Droge leembodem met textuur B horizont,,,A,leem,b,"droog, niet gleyig",a,met textuur B horizont of met weinig duidelijke kleur B horizont,0,Betekenis afhankelijk van het bodemtype (zie toelichtingsboekje),,,(b),Gevlekte textuur B horizont,,,,,,,,,bodemserie Aba in de Zandleemstreek,"De serie Aba ontwikkeld in het Pleistocene loessdek vertoont onder de A horizont een aan klei en sesquioxiden aangerijkte textuur B horizont. De bouwvoor is een donkerbruin, homogeen humushoudend leem; bij Abao rust de Ap op een geelbruine overgangshoriz",Rest van Vlaanderen,Aba0(b)-ZLS,5,115E
828,828,Eutric Neocambic Retisols (Siltic),Retisols,RT-nc.eu,nc.eu,Neocambic,Eutric,-,-,Siltic,-,Eutric,Aba0(b),Brabants plateau,Zandleemstreek,Droge leem,Aba0(b),Aba,Droge leembodem met textuur B horizont,,,A,leem,b,"droog, niet gleyig",a,met textuur B horizont of met weinig duidelijke kleur B horizont,0,Betekenis afhankelijk van het bodemtype (zie toelichtingsboekje),,,(b),Gevlekte textuur B horizont,,,,,,,,,bodemserie Aba in de Zandleemstreek,"De serie Aba ontwikkeld in het Pleistocene loessdek vertoont onder de A horizont een aan klei en sesquioxiden aangerijkte textuur B horizont. De bouwvoor is een donkerbruin, homogeen humushoudend leem; bij Abao rust de Ap op een geelbruine overgangshoriz",Rest van Vlaanderen,Aba0(b)-ZLS,5,115E
829,829,"Haplic Luvisols (Siltic, Bathyruptic)",Luvisols,LV-ha,ha,Haplic,-,-,-,Siltic,Bathyruptic,Eutric,(x)Aba,Brabants plateau,Zandleemstreek,Droge leem,(x)Aba,Aba,Droge leembodem met textuur B horizont,(x),onbepaald op matige diepte (tussen 75 en 125 cm),A,leem,b,"droog, niet gleyig",a,met textuur B horizont of met weinig duidelijke kleur B horizont,,,,,,,,,,,,,,,bodemserie Aba in de Zandleemstreek,"De serie Aba ontwikkeld in het Pleistocene loessdek vertoont onder de A horizont een aan klei en sesquioxiden aangerijkte textuur B horizont. De bouwvoor is een donkerbruin, homogeen humushoudend leem; bij Abao rust de Ap op een geelbruine overgangshoriz",Rest van Vlaanderen,(x)Aba-ZLS,5,115E
830,830,"Haplic Luvisols (Siltic, Bathyruptic)",Luvisols,LV-ha,ha,Haplic,-,-,-,Siltic,Bathyruptic,Eutric,(x)Aba,Brabants plateau,Zandleemstreek,Droge leem,(x)Aba,Aba,Droge leembodem met textuur B horizont,(x),onbepaald op matige diepte (tussen 75 en 125 cm),A,leem,b,"droog, niet gleyig",a,met textuur B horizont of met weinig duidelijke kleur B horizont,,,,,,,,,,,,,,,bodemserie Aba in de Zandleemstreek,"De serie Aba ontwikkeld in het Pleistocene loessdek vertoont onder de A horizont een aan klei en sesquioxiden aangerijkte textuur B horizont. De bouwvoor is een donkerbruin, homogeen humushoudend leem; bij Abao rust de Ap op een geelbruine overgangshoriz",Rest van Vlaanderen,(x)Aba-ZLS,5,115E
831,831,"Haplic Luvisols (Siltic, Bathyruptic)",Luvisols,LV-ha,ha,Haplic,-,-,-,Siltic,Bathyruptic,Eutric,(x)Aba,Brabants plateau,Zandleemstreek,Droge leem,(x)Aba,Aba,Droge leembodem met textuur B horizont,(x),onbepaald op matige diepte (tussen 75 en 125 cm),A,leem,b,"droog, niet gleyig",a,met textuur B horizont of met weinig duidelijke kleur B horizont,,,,,,,,,,,,,,,bodemserie Aba in de Zandleemstreek,"De serie Aba ontwikkeld in het Pleistocene loessdek vertoont onder de A horizont een aan klei en sesquioxiden aangerijkte textuur B horizont. De bouwvoor is een donkerbruin, homogeen humushoudend leem; bij Abao rust de Ap op een geelbruine overgangshoriz",Rest van Vlaanderen,(x)Aba-ZLS,5,115E
832,832,"Haplic Luvisols (Siltic, Bathyruptic)",Luvisols,LV-ha,ha,Haplic,-,-,-,Siltic,Bathyruptic,Eutric,(x)Aba,Brabants plateau,Zandleemstreek,Droge leem,(x)Aba,Aba,Droge leembodem met textuur B horizont,(x),onbepaald op matige diepte (tussen 75 en 125 cm),A,leem,b,"droog, niet gleyig",a,met textuur B horizont of met weinig duidelijke kleur B horizont,,,,,,,,,,,,,,,bodemserie Aba in de Zandleemstreek,"De serie Aba ontwikkeld in het Pleistocene loessdek vertoont onder de A horizont een aan klei en sesquioxiden aangerijkte textuur B horizont. De bouwvoor is een donkerbruin, homogeen humushoudend leem; bij Abao rust de Ap op een geelbruine overgangshoriz",Rest van Vlaanderen,(x)Aba-ZLS,5,115E
833,833,"Fluvic Reductigleyic Mollic Gleysols (Loamic, Fluvic)",Gleysols,GL-mo.ry.fv,mo.ry.fv,Mollic,Reductigleyic,Fluvic,Reductigleyic,Loamic,Fluvic,Eutric,Lgp,Brabants plateau,Zandleemstreek,Nat zandleem,Lgp,Lgp,Uiterst natte zandleembodem zonder profiel,,,L,zandleem,g,"uiterst nat, gereduceerd",p,zonder profielontwikkeling,,,,,,,,,,,,,,,bodemserie Lgp in de Zandleemstreek,"Deze serie bestaat uit hydromorfe, alluviale grondwatergronden. De humeuze bovengrond is zeer donkergrijs en sterk verveend. Het humusgehalte kan 10% bereiken. Soms is een kleine hoeveelheid CaCO3 in het reductiehorizont aanwezig. De waterhuishouding is",Rest van Vlaanderen,Lgp-ZLS,2,115E
841,841,Haplic Luvisols (Siltic),Luvisols,LV-ha,ha,Haplic,-,-,-,Siltic,-,Eutric,Aca0,Dender-Zenne interfluvium,Leemstreek,Vochtige leem,Aca0,Aca,Matig droge leembodem met textuur B horizont,,,A,leem,c,"matig droog, zwak gleyig",a,met textuur B horizont of met weinig duidelijke kleur B horizont,0,Betekenis afhankelijk van het bodemtype (zie toelichtingsboekje),,,,,,,,,,,,,bodemserie Aca in de Leemstreek,Deze matig droge leemgronden vertonen een gleyhorizont op matige diepte. De Acao gronden zijn niet ge_rodeerd en komen voor op de brede plateaus of zwakke hellingen. De meer gerrodeerde Aca1 gronden komen voor op hellingen of in de nabijheid van Tertiair,Rest van Vlaanderen,Aca0-LS,5,114E
842,842,Haplic Luvisols (Siltic),Luvisols,LV-ha,ha,Haplic,-,-,-,Siltic,-,Eutric,Aca0,Dender-Zenne interfluvium,Leemstreek,Vochtige leem,Aca0,Aca,Matig droge leembodem met textuur B horizont,,,A,leem,c,"matig droog, zwak gleyig",a,met textuur B horizont of met weinig duidelijke kleur B horizont,0,Betekenis afhankelijk van het bodemtype (zie toelichtingsboekje),,,,,,,,,,,,,bodemserie Aca in de Leemstreek,Deze matig droge leemgronden vertonen een gleyhorizont op matige diepte. De Acao gronden zijn niet ge_rodeerd en komen voor op de brede plateaus of zwakke hellingen. De meer gerrodeerde Aca1 gronden komen voor op hellingen of in de nabijheid van Tertiair,Rest van Vlaanderen,Aca0-LS,5,114E
843,843,"Haplic Luvisols (Siltic, Bathyruptic)",Luvisols,LV-ha,ha,Haplic,-,-,-,Siltic,Bathyruptic,Eutric,(x)Aca,Dender-Zenne interfluvium,Leemstreek,Vochtige leem,(x)Aca,Aca,Matig droge leembodem met textuur B horizont,(x),onbepaald op matige diepte (tussen 75 en 125 cm),A,leem,c,"matig droog, zwak gleyig",a,met textuur B horizont of met weinig duidelijke kleur B horizont,,,,,,,,,,,,,,,bodemserie Aca in de Leemstreek,Deze matig droge leemgronden vertonen een gleyhorizont op matige diepte. De Acao gronden zijn niet ge_rodeerd en komen voor op de brede plateaus of zwakke hellingen. De meer gekrodeerde Aca1 gronden komen voor op hellingen of in de nabijheid van Tertiair,Rest van Vlaanderen,(x)Aca-LS,5,114E
844,844,Haplic Luvisols (Siltic),Luvisols,LV-ha,ha,Haplic,-,-,-,Siltic,-,Eutric,Aca0,Dender-Zenne interfluvium,Leemstreek,Vochtige leem,Aca0,Aca,Matig droge leembodem met textuur B horizont,,,A,leem,c,"matig droog, zwak gleyig",a,met textuur B horizont of met weinig duidelijke kleur B horizont,0,Betekenis afhankelijk van het bodemtype (zie toelichtingsboekje),,,,,,,,,,,,,bodemserie Aca in de Leemstreek,Deze matig droge leemgronden vertonen een gleyhorizont op matige diepte. De Acao gronden zijn niet ge_rodeerd en komen voor op de brede plateaus of zwakke hellingen. De meer gerrodeerde Aca1 gronden komen voor op hellingen of in de nabijheid van Tertiair,Rest van Vlaanderen,Aca0-LS,5,114E
845,845,"Haplic Luvisols (Siltic, Ruptic)",Luvisols,LV-ha,ha,Haplic,-,-,-,Siltic,Ruptic,Eutric,sAba2,Dender-Zenne interfluvium,Leemstreek,Droge leem,sAba2,Aba,Droge leembodem met textuur B horizont,s,Zand op geringe diepte (ondieper dan 75 cm),A,leem,b,"droog, niet gleyig",a,met textuur B horizont of met weinig duidelijke kleur B horizont,2,Betekenis afhankelijk van het bodemtype (zie toelichtingsboekje),,,,,,,,,,,,,bodemserie Aba in de Leemstreek,"De serie Aba ontwikkeld in het Pleistocene loessdek vertoont onder de A horizont een aan klei en sesquioxiden aangerijkte textuur B horizont. De bouwvoor is een donkerbruin, homogeen humushoudend leem; bij Abao rust de Ap op een geelbruine overgangshoriz",Rest van Vlaanderen,sAba2-LS,5,114E
846,846,Haplic Luvisols (Siltic),Luvisols,LV-ha,ha,Haplic,-,-,-,Siltic,-,Eutric,Aca0,Dender-Zenne interfluvium,Leemstreek,Vochtige leem,Aca0,Aca,Matig droge leembodem met textuur B horizont,,,A,leem,c,"matig droog, zwak gleyig",a,met textuur B horizont of met weinig duidelijke kleur B horizont,0,Betekenis afhankelijk van het bodemtype (zie toelichtingsboekje),,,,,,,,,,,,,bodemserie Aca in de Leemstreek,Deze matig droge leemgronden vertonen een gleyhorizont op matige diepte. De Acao gronden zijn niet ge_rodeerd en komen voor op de brede plateaus of zwakke hellingen. De meer gerrodeerde Aca1 gronden komen voor op hellingen of in de nabijheid van Tertiair,Rest van Vlaanderen,Aca0-LS,5,114E
847,847,Haplic Luvisols (Siltic),Luvisols,LV-ha,ha,Haplic,-,-,-,Siltic,-,Eutric,Aca0,Dender-Zenne interfluvium,Leemstreek,Vochtige leem,Aca0,Aca,Matig droge leembodem met textuur B horizont,,,A,leem,c,"matig droog, zwak gleyig",a,met textuur B horizont of met weinig duidelijke kleur B horizont,0,Betekenis afhankelijk van het bodemtype (zie toelichtingsboekje),,,,,,,,,,,,,bodemserie Aca in de Leemstreek,Deze matig droge leemgronden vertonen een gleyhorizont op matige diepte. De Acao gronden zijn niet ge_rodeerd en komen voor op de brede plateaus of zwakke hellingen. De meer gerrodeerde Aca1 gronden komen voor op hellingen of in de nabijheid van Tertiair,Rest van Vlaanderen,Aca0-LS,5,114E
848,848,Haplic Luvisols (Siltic),Luvisols,LV-ha,ha,Haplic,-,-,-,Siltic,-,Eutric,Aca0,Dender-Zenne interfluvium,Leemstreek,Vochtige leem,Aca0,Aca,Matig droge leembodem met textuur B horizont,,,A,leem,c,"matig droog, zwak gleyig",a,met textuur B horizont of met weinig duidelijke kleur B horizont,0,Betekenis afhankelijk van het bodemtype (zie toelichtingsboekje),,,,,,,,,,,,,bodemserie Aca in de Leemstreek,Deze matig droge leemgronden vertonen een gleyhorizont op matige diepte. De Acao gronden zijn niet ge_rodeerd en komen voor op de brede plateaus of zwakke hellingen. De meer gerrodeerde Aca1 gronden komen voor op hellingen of in de nabijheid van Tertiair,Rest van Vlaanderen,Aca0-LS,5,114E
849,849,Haplic Luvisols (Siltic),Luvisols,LV-ha,ha,Haplic,-,-,-,Siltic,-,Eutric,Aca0,Dender-Zenne interfluvium,Leemstreek,Vochtige leem,Aca0,Aca,Matig droge leembodem met textuur B horizont,,,A,leem,c,"matig droog, zwak gleyig",a,met textuur B horizont of met weinig duidelijke kleur B horizont,0,Betekenis afhankelijk van het bodemtype (zie toelichtingsboekje),,,,,,,,,,,,,bodemserie Aca in de Leemstreek,Deze matig droge leemgronden vertonen een gleyhorizont op matige diepte. De Acao gronden zijn niet ge_rodeerd en komen voor op de brede plateaus of zwakke hellingen. De meer gerrodeerde Aca1 gronden komen voor op hellingen of in de nabijheid van Tertiair,Rest van Vlaanderen,Aca0-LS,5,114E
850,850,Haplic Luvisols (Siltic),Luvisols,LV-ha,ha,Haplic,-,-,-,Siltic,-,Eutric,Aca0,Dender-Zenne interfluvium,Leemstreek,Vochtige leem,Aca0,Aca,Matig droge leembodem met textuur B horizont,,,A,leem,c,"matig droog, zwak gleyig",a,met textuur B horizont of met weinig duidelijke kleur B horizont,0,Betekenis afhankelijk van het bodemtype (zie toelichtingsboekje),,,,,,,,,,,,,bodemserie Aca in de Leemstreek,Deze matig droge leemgronden vertonen een gleyhorizont op matige diepte. De Acao gronden zijn niet ge_rodeerd en komen voor op de brede plateaus of zwakke hellingen. De meer gerrodeerde Aca1 gronden komen voor op hellingen of in de nabijheid van Tertiair,Rest van Vlaanderen,Aca0-LS,5,114E
851,851,Haplic Luvisols (Siltic),Luvisols,LV-ha,ha,Haplic,-,-,-,Siltic,-,Eutric,Aca0,Dender-Zenne interfluvium,Leemstreek,Vochtige leem,Aca0,Aca,Matig droge leembodem met textuur B horizont,,,A,leem,c,"matig droog, zwak gleyig",a,met textuur B horizont of met weinig duidelijke kleur B horizont,0,Betekenis afhankelijk van het bodemtype (zie toelichtingsboekje),,,,,,,,,,,,,bodemserie Aca in de Leemstreek,Deze matig droge leemgronden vertonen een gleyhorizont op matige diepte. De Acao gronden zijn niet ge_rodeerd en komen voor op de brede plateaus of zwakke hellingen. De meer gerrodeerde Aca1 gronden komen voor op hellingen of in de nabijheid van Tertiair,Rest van Vlaanderen,Aca0-LS,5,114E
852,852,Haplic Luvisols (Siltic),Luvisols,LV-ha,ha,Haplic,-,-,-,Siltic,-,Eutric,Aca0,Dender-Zenne interfluvium,Leemstreek,Vochtige leem,Aca0,Aca,Matig droge leembodem met textuur B horizont,,,A,leem,c,"matig droog, zwak gleyig",a,met textuur B horizont of met weinig duidelijke kleur B horizont,0,Betekenis afhankelijk van het bodemtype (zie toelichtingsboekje),,,,,,,,,,,,,bodemserie Aca in de Leemstreek,Deze matig droge leemgronden vertonen een gleyhorizont op matige diepte. De Acao gronden zijn niet ge_rodeerd en komen voor op de brede plateaus of zwakke hellingen. De meer gerrodeerde Aca1 gronden komen voor op hellingen of in de nabijheid van Tertiair,Rest van Vlaanderen,Aca0-LS,5,114E
853,853,Haplic Luvisols (Siltic),Luvisols,LV-ha,ha,Haplic,-,-,-,Siltic,-,Eutric,Aca0,Dender-Zenne interfluvium,Leemstreek,Vochtige leem,Aca0,Aca,Matig droge leembodem met textuur B horizont,,,A,leem,c,"matig droog, zwak gleyig",a,met textuur B horizont of met weinig duidelijke kleur B horizont,0,Betekenis afhankelijk van het bodemtype (zie toelichtingsboekje),,,,,,,,,,,,,bodemserie Aca in de Leemstreek,Deze matig droge leemgronden vertonen een gleyhorizont op matige diepte. De Acao gronden zijn niet ge_rodeerd en komen voor op de brede plateaus of zwakke hellingen. De meer gerrodeerde Aca1 gronden komen voor op hellingen of in de nabijheid van Tertiair,Rest van Vlaanderen,Aca0-LS,5,114E
854,854,Haplic Luvisols (Siltic),Luvisols,LV-ha,ha,Haplic,-,-,-,Siltic,-,Eutric,Aca0,Dender-Zenne interfluvium,Leemstreek,Vochtige leem,Aca0,Aca,Matig droge leembodem met textuur B horizont,,,A,leem,c,"matig droog, zwak gleyig",a,met textuur B horizont of met weinig duidelijke kleur B horizont,0,Betekenis afhankelijk van het bodemtype (zie toelichtingsboekje),,,,,,,,,,,,,bodemserie Aca in de Leemstreek,Deze matig droge leemgronden vertonen een gleyhorizont op matige diepte. De Acao gronden zijn niet ge_rodeerd en komen voor op de brede plateaus of zwakke hellingen. De meer gerrodeerde Aca1 gronden komen voor op hellingen of in de nabijheid van Tertiair,Rest van Vlaanderen,Aca0-LS,5,114E
855,855,Haplic Luvisols (Siltic),Luvisols,LV-ha,ha,Haplic,-,-,-,Siltic,-,Eutric,Aca0,Dender-Zenne interfluvium,Leemstreek,Vochtige leem,Aca0,Aca,Matig droge leembodem met textuur B horizont,,,A,leem,c,"matig droog, zwak gleyig",a,met textuur B horizont of met weinig duidelijke kleur B horizont,0,Betekenis afhankelijk van het bodemtype (zie toelichtingsboekje),,,,,,,,,,,,,bodemserie Aca in de Leemstreek,Deze matig droge leemgronden vertonen een gleyhorizont op matige diepte. De Acao gronden zijn niet ge_rodeerd en komen voor op de brede plateaus of zwakke hellingen. De meer gerrodeerde Aca1 gronden komen voor op hellingen of in de nabijheid van Tertiair,Rest van Vlaanderen,Aca0-LS,5,114E
856,856,Haplic Luvisols (Siltic),Luvisols,LV-ha,ha,Haplic,-,-,-,Siltic,-,Eutric,Aca0,Dender-Zenne interfluvium,Leemstreek,Vochtige leem,Aca0,Aca,Matig droge leembodem met textuur B horizont,,,A,leem,c,"matig droog, zwak gleyig",a,met textuur B horizont of met weinig duidelijke kleur B horizont,0,Betekenis afhankelijk van het bodemtype (zie toelichtingsboekje),,,,,,,,,,,,,bodemserie Aca in de Leemstreek,Deze matig droge leemgronden vertonen een gleyhorizont op matige diepte. De Acao gronden zijn niet ge_rodeerd en komen voor op de brede plateaus of zwakke hellingen. De meer gerrodeerde Aca1 gronden komen voor op hellingen of in de nabijheid van Tertiair,Rest van Vlaanderen,Aca0-LS,5,114E
857,857,Haplic Luvisols (Siltic),Luvisols,LV-ha,ha,Haplic,-,-,-,Siltic,-,Eutric,Aca0,Dender-Zenne interfluvium,Leemstreek,Vochtige leem,Aca0,Aca,Matig droge leembodem met textuur B horizont,,,A,leem,c,"matig droog, zwak gleyig",a,met textuur B horizont of met weinig duidelijke kleur B horizont,0,Betekenis afhankelijk van het bodemtype (zie toelichtingsboekje),,,,,,,,,,,,,bodemserie Aca in de Leemstreek,Deze matig droge leemgronden vertonen een gleyhorizont op matige diepte. De Acao gronden zijn niet ge_rodeerd en komen voor op de brede plateaus of zwakke hellingen. De meer gezrodeerde Aca1 gronden komen voor op hellingen of in de nabijheid van Tertiair,Rest van Vlaanderen,Aca0-LS,5,115W
858,858,Haplic Luvisols (Siltic),Luvisols,LV-ha,ha,Haplic,-,-,-,Siltic,-,Eutric,Aca0,Dender-Zenne interfluvium,Leemstreek,Vochtige leem,Aca0,Aca,Matig droge leembodem met textuur B horizont,,,A,leem,c,"matig droog, zwak gleyig",a,met textuur B horizont of met weinig duidelijke kleur B horizont,0,Betekenis afhankelijk van het bodemtype (zie toelichtingsboekje),,,,,,,,,,,,,bodemserie Aca in de Leemstreek,Deze matig droge leemgronden vertonen een gleyhorizont op matige diepte. De Acao gronden zijn niet ge_rodeerd en komen voor op de brede plateaus of zwakke hellingen. De meer gerrodeerde Aca1 gronden komen voor op hellingen of in de nabijheid van Tertiair,Rest van Vlaanderen,Aca0-LS,5,114E
859,859,Haplic Luvisols (Siltic),Luvisols,LV-ha,ha,Haplic,-,-,-,Siltic,-,Eutric,Aca0,Dender-Zenne interfluvium,Leemstreek,Vochtige leem,Aca0,Aca,Matig droge leembodem met textuur B horizont,,,A,leem,c,"matig droog, zwak gleyig",a,met textuur B horizont of met weinig duidelijke kleur B horizont,0,Betekenis afhankelijk van het bodemtype (zie toelichtingsboekje),,,,,,,,,,,,,bodemserie Aca in de Leemstreek,Deze matig droge leemgronden vertonen een gleyhorizont op matige diepte. De Acao gronden zijn niet ge_rodeerd en komen voor op de brede plateaus of zwakke hellingen. De meer gerrodeerde Aca1 gronden komen voor op hellingen of in de nabijheid van Tertiair,Rest van Vlaanderen,Aca0-LS,5,114E
860,860,Haplic Luvisols (Siltic),Luvisols,LV-ha,ha,Haplic,-,-,-,Siltic,-,Eutric,Aca0,Dender-Zenne interfluvium,Leemstreek,Vochtige leem,Aca0,Aca,Matig droge leembodem met textuur B horizont,,,A,leem,c,"matig droog, zwak gleyig",a,met textuur B horizont of met weinig duidelijke kleur B horizont,0,Betekenis afhankelijk van het bodemtype (zie toelichtingsboekje),,,,,,,,,,,,,bodemserie Aca in de Leemstreek,Deze matig droge leemgronden vertonen een gleyhorizont op matige diepte. De Acao gronden zijn niet ge_rodeerd en komen voor op de brede plateaus of zwakke hellingen. De meer gerrodeerde Aca1 gronden komen voor op hellingen of in de nabijheid van Tertiair,Rest van Vlaanderen,Aca0-LS,5,114E
861,861,Haplic Luvisols (Siltic),Luvisols,LV-ha,ha,Haplic,-,-,-,Siltic,-,Eutric,Aca0,Dender-Zenne interfluvium,Leemstreek,Vochtige leem,Aca0,Aca,Matig droge leembodem met textuur B horizont,,,A,leem,c,"matig droog, zwak gleyig",a,met textuur B horizont of met weinig duidelijke kleur B horizont,0,Betekenis afhankelijk van het bodemtype (zie toelichtingsboekje),,,,,,,,,,,,,bodemserie Aca in de Leemstreek,Deze matig droge leemgronden vertonen een gleyhorizont op matige diepte. De Acao gronden zijn niet ge_rodeerd en komen voor op de brede plateaus of zwakke hellingen. De meer gerrodeerde Aca1 gronden komen voor op hellingen of in de nabijheid van Tertiair,Rest van Vlaanderen,Aca0-LS,5,114E
862,862,Haplic Luvisols (Siltic),Luvisols,LV-ha,ha,Haplic,-,-,-,Siltic,-,Eutric,Aca0,Dender-Zenne interfluvium,Leemstreek,Vochtige leem,Aca0,Aca,Matig droge leembodem met textuur B horizont,,,A,leem,c,"matig droog, zwak gleyig",a,met textuur B horizont of met weinig duidelijke kleur B horizont,0,Betekenis afhankelijk van het bodemtype (zie toelichtingsboekje),,,,,,,,,,,,,bodemserie Aca in de Leemstreek,Deze matig droge leemgronden vertonen een gleyhorizont op matige diepte. De Acao gronden zijn niet ge_rodeerd en komen voor op de brede plateaus of zwakke hellingen. De meer gezrodeerde Aca1 gronden komen voor op hellingen of in de nabijheid van Tertiair,Rest van Vlaanderen,Aca0-LS,5,115W
863,863,Haplic Luvisols (Siltic),Luvisols,LV-ha,ha,Haplic,-,-,-,Siltic,-,Eutric,Aca0,Dender-Zenne interfluvium,Leemstreek,Vochtige leem,Aca0,Aca,Matig droge leembodem met textuur B horizont,,,A,leem,c,"matig droog, zwak gleyig",a,met textuur B horizont of met weinig duidelijke kleur B horizont,0,Betekenis afhankelijk van het bodemtype (zie toelichtingsboekje),,,,,,,,,,,,,bodemserie Aca in de Leemstreek,Deze matig droge leemgronden vertonen een gleyhorizont op matige diepte. De Acao gronden zijn niet ge_rodeerd en komen voor op de brede plateaus of zwakke hellingen. De meer gerrodeerde Aca1 gronden komen voor op hellingen of in de nabijheid van Tertiair,Rest van Vlaanderen,Aca0-LS,5,114E
864,864,Haplic Luvisols (Siltic),Luvisols,LV-ha,ha,Haplic,-,-,-,Siltic,-,Eutric,Aca0,Dender-Zenne interfluvium,Leemstreek,Vochtige leem,Aca0,Aca,Matig droge leembodem met textuur B horizont,,,A,leem,c,"matig droog, zwak gleyig",a,met textuur B horizont of met weinig duidelijke kleur B horizont,0,Betekenis afhankelijk van het bodemtype (zie toelichtingsboekje),,,,,,,,,,,,,bodemserie Aca in de Leemstreek,Deze matig droge leemgronden vertonen een gleyhorizont op matige diepte. De Acao gronden zijn niet ge_rodeerd en komen voor op de brede plateaus of zwakke hellingen. De meer gerrodeerde Aca1 gronden komen voor op hellingen of in de nabijheid van Tertiair,Rest van Vlaanderen,Aca0-LS,5,114E
865,865,Haplic Luvisols (Siltic),Luvisols,LV-ha,ha,Haplic,-,-,-,Siltic,-,Eutric,Aca0,Dender-Zenne interfluvium,Leemstreek,Vochtige leem,Aca0,Aca,Matig droge leembodem met textuur B horizont,,,A,leem,c,"matig droog, zwak gleyig",a,met textuur B horizont of met weinig duidelijke kleur B horizont,0,Betekenis afhankelijk van het bodemtype (zie toelichtingsboekje),,,,,,,,,,,,,bodemserie Aca in de Leemstreek,Deze matig droge leemgronden vertonen een gleyhorizont op matige diepte. De Acao gronden zijn niet ge_rodeerd en komen voor op de brede plateaus of zwakke hellingen. De meer gerrodeerde Aca1 gronden komen voor op hellingen of in de nabijheid van Tertiair,Rest van Vlaanderen,Aca0-LS,5,114E
866,866,Haplic Luvisols (Siltic),Luvisols,LV-ha,ha,Haplic,-,-,-,Siltic,-,Eutric,Aca0,Dender-Zenne interfluvium,Leemstreek,Vochtige leem,Aca0,Aca,Matig droge leembodem met textuur B horizont,,,A,leem,c,"matig droog, zwak gleyig",a,met textuur B horizont of met weinig duidelijke kleur B horizont,0,Betekenis afhankelijk van het bodemtype (zie toelichtingsboekje),,,,,,,,,,,,,bodemserie Aca in de Leemstreek,Deze matig droge leemgronden vertonen een gleyhorizont op matige diepte. De Acao gronden zijn niet ge_rodeerd en komen voor op de brede plateaus of zwakke hellingen. De meer gerrodeerde Aca1 gronden komen voor op hellingen of in de nabijheid van Tertiair,Rest van Vlaanderen,Aca0-LS,5,114E
867,867,Haplic Luvisols (Siltic),Luvisols,LV-ha,ha,Haplic,-,-,-,Siltic,-,Eutric,Aca0,Dender-Zenne interfluvium,Leemstreek,Vochtige leem,Aca0,Aca,Matig droge leembodem met textuur B horizont,,,A,leem,c,"matig droog, zwak gleyig",a,met textuur B horizont of met weinig duidelijke kleur B horizont,0,Betekenis afhankelijk van het bodemtype (zie toelichtingsboekje),,,,,,,,,,,,,bodemserie Aca in de Leemstreek,Deze matig droge leemgronden vertonen een gleyhorizont op matige diepte. De Acao gronden zijn niet ge_rodeerd en komen voor op de brede plateaus of zwakke hellingen. De meer gezrodeerde Aca1 gronden komen voor op hellingen of in de nabijheid van Tertiair,Rest van Vlaanderen,Aca0-LS,5,115W
868,868,Haplic Luvisols (Siltic),Luvisols,LV-ha,ha,Haplic,-,-,-,Siltic,-,Eutric,Aca0,Dender-Zenne interfluvium,Leemstreek,Vochtige leem,Aca0,Aca,Matig droge leembodem met textuur B horizont,,,A,leem,c,"matig droog, zwak gleyig",a,met textuur B horizont of met weinig duidelijke kleur B horizont,0,Betekenis afhankelijk van het bodemtype (zie toelichtingsboekje),,,,,,,,,,,,,bodemserie Aca in de Leemstreek,Deze matig droge leemgronden vertonen een gleyhorizont op matige diepte. De Acao gronden zijn niet ge_rodeerd en komen voor op de brede plateaus of zwakke hellingen. De meer gerrodeerde Aca1 gronden komen voor op hellingen of in de nabijheid van Tertiair,Rest van Vlaanderen,Aca0-LS,5,114E
869,869,Haplic Luvisols (Siltic),Luvisols,LV-ha,ha,Haplic,-,-,-,Siltic,-,Eutric,Aca0,Dender-Zenne interfluvium,Leemstreek,Vochtige leem,Aca0,Aca,Matig droge leembodem met textuur B horizont,,,A,leem,c,"matig droog, zwak gleyig",a,met textuur B horizont of met weinig duidelijke kleur B horizont,0,Betekenis afhankelijk van het bodemtype (zie toelichtingsboekje),,,,,,,,,,,,,bodemserie Aca in de Leemstreek,Deze matig droge leemgronden vertonen een gleyhorizont op matige diepte. De Acao gronden zijn niet ge_rodeerd en komen voor op de brede plateaus of zwakke hellingen. De meer gerrodeerde Aca1 gronden komen voor op hellingen of in de nabijheid van Tertiair,Rest van Vlaanderen,Aca0-LS,5,114E
870,870,Haplic Luvisols (Siltic),Luvisols,LV-ha,ha,Haplic,-,-,-,Siltic,-,Eutric,Aca0,Dender-Zenne interfluvium,Leemstreek,Vochtige leem,Aca0,Aca,Matig droge leembodem met textuur B horizont,,,A,leem,c,"matig droog, zwak gleyig",a,met textuur B horizont of met weinig duidelijke kleur B horizont,0,Betekenis afhankelijk van het bodemtype (zie toelichtingsboekje),,,,,,,,,,,,,bodemserie Aca in de Leemstreek,Deze matig droge leemgronden vertonen een gleyhorizont op matige diepte. De Acao gronden zijn niet ge_rodeerd en komen voor op de brede plateaus of zwakke hellingen. De meer gerrodeerde Aca1 gronden komen voor op hellingen of in de nabijheid van Tertiair,Rest van Vlaanderen,Aca0-LS,5,114E
871,871,Haplic Luvisols (Siltic),Luvisols,LV-ha,ha,Haplic,-,-,-,Siltic,-,Eutric,Aca0,Dender-Zenne interfluvium,Leemstreek,Vochtige leem,Aca0,Aca,Matig droge leembodem met textuur B horizont,,,A,leem,c,"matig droog, zwak gleyig",a,met textuur B horizont of met weinig duidelijke kleur B horizont,0,Betekenis afhankelijk van het bodemtype (zie toelichtingsboekje),,,,,,,,,,,,,bodemserie Aca in de Leemstreek,Deze matig droge leemgronden vertonen een gleyhorizont op matige diepte. De Acao gronden zijn niet ge_rodeerd en komen voor op de brede plateaus of zwakke hellingen. De meer gezrodeerde Aca1 gronden komen voor op hellingen of in de nabijheid van Tertiair,Rest van Vlaanderen,Aca0-LS,5,115W
872,872,Haplic Luvisols (Siltic),Luvisols,LV-ha,ha,Haplic,-,-,-,Siltic,-,Eutric,Aca0,Dender-Zenne interfluvium,Leemstreek,Vochtige leem,Aca0,Aca,Matig droge leembodem met textuur B horizont,,,A,leem,c,"matig droog, zwak gleyig",a,met textuur B horizont of met weinig duidelijke kleur B horizont,0,Betekenis afhankelijk van het bodemtype (zie toelichtingsboekje),,,,,,,,,,,,,bodemserie Aca in de Leemstreek,Deze matig droge leemgronden vertonen een gleyhorizont op matige diepte. De Acao gronden zijn niet ge_rodeerd en komen voor op de brede plateaus of zwakke hellingen. De meer gezrodeerde Aca1 gronden komen voor op hellingen of in de nabijheid van Tertiair,Rest van Vlaanderen,Aca0-LS,5,115W
873,873,Haplic Luvisols (Siltic),Luvisols,LV-ha,ha,Haplic,-,-,-,Siltic,-,Eutric,Aca0,Dender-Zenne interfluvium,Leemstreek,Vochtige leem,Aca0,Aca,Matig droge leembodem met textuur B horizont,,,A,leem,c,"matig droog, zwak gleyig",a,met textuur B horizont of met weinig duidelijke kleur B horizont,0,Betekenis afhankelijk van het bodemtype (zie toelichtingsboekje),,,,,,,,,,,,,bodemserie Aca in de Leemstreek,Deze matig droge leemgronden vertonen een gleyhorizont op matige diepte. De Acao gronden zijn niet ge_rodeerd en komen voor op de brede plateaus of zwakke hellingen. De meer gerrodeerde Aca1 gronden komen voor op hellingen of in de nabijheid van Tertiair,Rest van Vlaanderen,Aca0-LS,5,114E
874,874,Haplic Luvisols (Siltic),Luvisols,LV-ha,ha,Haplic,-,-,-,Siltic,-,Eutric,Aca0,Dender-Zenne interfluvium,Leemstreek,Vochtige leem,Aca0,Aca,Matig droge leembodem met textuur B horizont,,,A,leem,c,"matig droog, zwak gleyig",a,met textuur B horizont of met weinig duidelijke kleur B horizont,0,Betekenis afhankelijk van het bodemtype (zie toelichtingsboekje),,,,,,,,,,,,,bodemserie Aca in de Leemstreek,Deze matig droge leemgronden vertonen een gleyhorizont op matige diepte. De Acao gronden zijn niet ge_rodeerd en komen voor op de brede plateaus of zwakke hellingen. De meer gezrodeerde Aca1 gronden komen voor op hellingen of in de nabijheid van Tertiair,Rest van Vlaanderen,Aca0-LS,5,115W
875,875,Haplic Luvisols (Siltic),Luvisols,LV-ha,ha,Haplic,-,-,-,Siltic,-,Eutric,Aca0,Dender-Zenne interfluvium,Leemstreek,Vochtige leem,Aca0,Aca,Matig droge leembodem met textuur B horizont,,,A,leem,c,"matig droog, zwak gleyig",a,met textuur B horizont of met weinig duidelijke kleur B horizont,0,Betekenis afhankelijk van het bodemtype (zie toelichtingsboekje),,,,,,,,,,,,,bodemserie Aca in de Leemstreek,Deze matig droge leemgronden vertonen een gleyhorizont op matige diepte. De Acao gronden zijn niet ge_rodeerd en komen voor op de brede plateaus of zwakke hellingen. De meer gezrodeerde Aca1 gronden komen voor op hellingen of in de nabijheid van Tertiair,Rest van Vlaanderen,Aca0-LS,5,115W
876,876,Eutric Neocambic Retisols (Siltic),Retisols,RT-nc.eu,nc.eu,Neocambic,Eutric,-,-,Siltic,-,Eutric,Aba0(b),Dender-Zenne interfluvium,Leemstreek,Droge leem,Aba0(b),Aba,Droge leembodem met textuur B horizont,,,A,leem,b,"droog, niet gleyig",a,met textuur B horizont of met weinig duidelijke kleur B horizont,0,Betekenis afhankelijk van het bodemtype (zie toelichtingsboekje),,,(b),Gevlekte textuur B horizont,,,,,,,,,bodemserie Aba in de Leemstreek,"De serie Aba ontwikkeld in het Pleistocene loessdek vertoont onder de A horizont een aan klei en sesquioxiden aangerijkte textuur B horizont. De bouwvoor is een donkerbruin, homogeen humushoudend leem; bij Abao rust de Ap op een geelbruine overgangshoriz",Rest van Vlaanderen,Aba0(b)-LS,5,115W
877,877,Haplic Luvisols (Siltic),Luvisols,LV-ha,ha,Haplic,-,-,-,Siltic,-,Eutric,Aca0,Dender-Zenne interfluvium,Leemstreek,Vochtige leem,Aca0,Aca,Matig droge leembodem met textuur B horizont,,,A,leem,c,"matig droog, zwak gleyig",a,met textuur B horizont of met weinig duidelijke kleur B horizont,0,Betekenis afhankelijk van het bodemtype (zie toelichtingsboekje),,,,,,,,,,,,,bodemserie Aca in de Leemstreek,Deze matig droge leemgronden vertonen een gleyhorizont op matige diepte. De Acao gronden zijn niet ge_rodeerd en komen voor op de brede plateaus of zwakke hellingen. De meer gezrodeerde Aca1 gronden komen voor op hellingen of in de nabijheid van Tertiair,Rest van Vlaanderen,Aca0-LS,5,115W
878,878,Haplic Luvisols (Siltic),Luvisols,LV-ha,ha,Haplic,-,-,-,Siltic,-,Eutric,Aca0,Dender-Zenne interfluvium,Leemstreek,Vochtige leem,Aca0,Aca,Matig droge leembodem met textuur B horizont,,,A,leem,c,"matig droog, zwak gleyig",a,met textuur B horizont of met weinig duidelijke kleur B horizont,0,Betekenis afhankelijk van het bodemtype (zie toelichtingsboekje),,,,,,,,,,,,,bodemserie Aca in de Leemstreek,Deze matig droge leemgronden vertonen een gleyhorizont op matige diepte. De Acao gronden zijn niet ge_rodeerd en komen voor op de brede plateaus of zwakke hellingen. De meer gezrodeerde Aca1 gronden komen voor op hellingen of in de nabijheid van Tertiair,Rest van Vlaanderen,Aca0-LS,5,115W
879,879,Haplic Luvisols (Siltic),Luvisols,LV-ha,ha,Haplic,-,-,-,Siltic,-,Eutric,Aca0,Dender-Zenne interfluvium,Leemstreek,Vochtige leem,Aca0,Aca,Matig droge leembodem met textuur B horizont,,,A,leem,c,"matig droog, zwak gleyig",a,met textuur B horizont of met weinig duidelijke kleur B horizont,0,Betekenis afhankelijk van het bodemtype (zie toelichtingsboekje),,,,,,,,,,,,,bodemserie Aca in de Leemstreek,Deze matig droge leemgronden vertonen een gleyhorizont op matige diepte. De Acao gronden zijn niet ge_rodeerd en komen voor op de brede plateaus of zwakke hellingen. De meer gezrodeerde Aca1 gronden komen voor op hellingen of in de nabijheid van Tertiair,Rest van Vlaanderen,Aca0-LS,5,115W
880,880,Haplic Luvisols (Siltic),Luvisols,LV-ha,ha,Haplic,-,-,-,Siltic,-,Eutric,Aca0,Dender-Zenne interfluvium,Leemstreek,Vochtige leem,Aca0,Aca,Matig droge leembodem met textuur B horizont,,,A,leem,c,"matig droog, zwak gleyig",a,met textuur B horizont of met weinig duidelijke kleur B horizont,0,Betekenis afhankelijk van het bodemtype (zie toelichtingsboekje),,,,,,,,,,,,,bodemserie Aca in de Leemstreek,Deze matig droge leemgronden vertonen een gleyhorizont op matige diepte. De Acao gronden zijn niet ge_rodeerd en komen voor op de brede plateaus of zwakke hellingen. De meer gezrodeerde Aca1 gronden komen voor op hellingen of in de nabijheid van Tertiair,Rest van Vlaanderen,Aca0-LS,5,115W
881,881,Eutric Neocambic Retisols (Siltic),Retisols,RT-nc.eu,nc.eu,Neocambic,Eutric,-,-,Siltic,-,Eutric,Aba0(b),Dender-Zenne interfluvium,Leemstreek,Droge leem,Aba0(b),Aba,Droge leembodem met textuur B horizont,,,A,leem,b,"droog, niet gleyig",a,met textuur B horizont of met weinig duidelijke kleur B horizont,0,Betekenis afhankelijk van het bodemtype (zie toelichtingsboekje),,,(b),Gevlekte textuur B horizont,,,,,,,,,bodemserie Aba in de Leemstreek,"De serie Aba ontwikkeld in het Pleistocene loessdek vertoont onder de A horizont een aan klei en sesquioxiden aangerijkte textuur B horizont. De bouwvoor is een donkerbruin, homogeen humushoudend leem; bij Abao rust de Ap op een geelbruine overgangshoriz",Rest van Vlaanderen,Aba0(b)-LS,5,115W
882,882,"Eutric Gleyic Cambisols (Siltic, Colluvic)",Cambisols,CM-gl.eu,gl.eu,Gleyic,Eutric,-,Endogleyic,Siltic,Colluvic,Eutric,Adp,Dender-Zenne interfluvium,Leemstreek,Vochtige leem,Adp,Adp,Matig natte leembodem zonder profiel,,,A,leem,d,"matig nat, matig gleyig",p,zonder profielontwikkeling,,,,,,,,,,,,,,,bodemserie Adp en complex ADp in de Leemstreek,De bouwlaag vertoont een bruingrijze kleur die geleidelijk overgaat in niet gedifferentieerd colluviaal materiaal die baksteenrestjes en houtskoolfragmenten bevat. Het colluvium rust op een afgeknotte textuur B of op een Tertiair substraat. Roestverschij,Rest van Vlaanderen,Adp-LS,4,115W
883,883,Gleyic Luvisols (Siltic),Luvisols,LV-gl,gl,Gleyic,-,-,Endogleyic,Siltic,-,Eutric,Ada0,Dender-Zenne interfluvium,Leemstreek,Vochtige leem,Ada0,Ada,Matig natte leembodem met textuur B horizont,,,A,leem,d,"matig nat, matig gleyig",a,met textuur B horizont of met weinig duidelijke kleur B horizont,0,Betekenis afhankelijk van het bodemtype (zie toelichtingsboekje),,,,,,,,,,,,,bodemserie Ada in de Leemstreek,"Deze matig natte leemgronden vertonen een bruingrijze bovengrond, de E horizont, indien aanwezig, vertoont een bleekbruine kleur. Op de kontaktzone met de textuur B worden duidelijke roestvlekken waargenomen. De basiskleur van de textuur B is bruin met o",Rest van Vlaanderen,Ada0-LS,5,115W
884,884,"Eutric Gleyic Cambisols (Siltic, Colluvic)",Cambisols,CM-gl.eu,gl.eu,Gleyic,Eutric,-,Endogleyic,Siltic,Colluvic,Eutric,Adp,Dender-Zenne interfluvium,Leemstreek,Vochtige leem,Adp,Adp,Matig natte leembodem zonder profiel,,,A,leem,d,"matig nat, matig gleyig",p,zonder profielontwikkeling,,,,,,,,,,,,,,,bodemserie Adp en complex ADp in de Leemstreek,De bouwlaag vertoont een bruingrijze kleur die geleidelijk overgaat in niet gedifferentieerd colluviaal materiaal die baksteenrestjes en houtskoolfragmenten bevat. Het colluvium rust op een afgeknotte textuur B of op een Tertiair substraat. Roestverschij,Rest van Vlaanderen,Adp-LS,4,115W
885,885,Eutric Neocambic Retisols (Siltic),Retisols,RT-nc.eu,nc.eu,Neocambic,Eutric,-,-,Siltic,-,Eutric,Aba0(b),Dender-Zenne interfluvium,Leemstreek,Droge leem,Aba0(b),Aba,Droge leembodem met textuur B horizont,,,A,leem,b,"droog, niet gleyig",a,met textuur B horizont of met weinig duidelijke kleur B horizont,0,Betekenis afhankelijk van het bodemtype (zie toelichtingsboekje),,,(b),Gevlekte textuur B horizont,,,,,,,,,bodemserie Aba in de Leemstreek,"De serie Aba ontwikkeld in het Pleistocene loessdek vertoont onder de A horizont een aan klei en sesquioxiden aangerijkte textuur B horizont. De bouwvoor is een donkerbruin, homogeen humushoudend leem; bij Abao rust de Ap op een geelbruine overgangshoriz",Rest van Vlaanderen,Aba0(b)-LS,5,115W
886,886,Gleyic Luvisols (Siltic),Luvisols,LV-gl,gl,Gleyic,-,-,Endogleyic,Siltic,-,Eutric,Ada0,Dender-Zenne interfluvium,Leemstreek,Vochtige leem,Ada0,Ada,Matig natte leembodem met textuur B horizont,,,A,leem,d,"matig nat, matig gleyig",a,met textuur B horizont of met weinig duidelijke kleur B horizont,0,Betekenis afhankelijk van het bodemtype (zie toelichtingsboekje),,,,,,,,,,,,,bodemserie Ada in de Leemstreek,"Deze matig natte leemgronden vertonen een bruingrijze bovengrond, de E horizont, indien aanwezig, vertoont een bleekbruine kleur. Op de kontaktzone met de textuur B worden duidelijke roestvlekken waargenomen. De basiskleur van de textuur B is bruin met o",Rest van Vlaanderen,Ada0-LS,5,115W
887,887,Gleyic Luvisols (Siltic),Luvisols,LV-gl,gl,Gleyic,-,-,Endogleyic,Siltic,-,Eutric,Ada0,Dender-Zenne interfluvium,Leemstreek,Vochtige leem,Ada0,Ada,Matig natte leembodem met textuur B horizont,,,A,leem,d,"matig nat, matig gleyig",a,met textuur B horizont of met weinig duidelijke kleur B horizont,0,Betekenis afhankelijk van het bodemtype (zie toelichtingsboekje),,,,,,,,,,,,,bodemserie Ada in de Leemstreek,"Deze matig natte leemgronden vertonen een bruingrijze bovengrond, de E horizont, indien aanwezig, vertoont een bleekbruine kleur. Op de kontaktzone met de textuur B worden duidelijke roestvlekken waargenomen. De basiskleur van de textuur B is bruin met o",Rest van Vlaanderen,Ada0-LS,5,115W
888,888,Gleyic Luvisols (Siltic),Luvisols,LV-gl,gl,Gleyic,-,-,Endogleyic,Siltic,-,Eutric,Ada0,Dender-Zenne interfluvium,Leemstreek,Vochtige leem,Ada0,Ada,Matig natte leembodem met textuur B horizont,,,A,leem,d,"matig nat, matig gleyig",a,met textuur B horizont of met weinig duidelijke kleur B horizont,0,Betekenis afhankelijk van het bodemtype (zie toelichtingsboekje),,,,,,,,,,,,,bodemserie Ada in de Leemstreek,"Deze matig natte leemgronden vertonen een bruingrijze bovengrond, de E horizont, indien aanwezig, vertoont een bleekbruine kleur. Op de kontaktzone met de textuur B worden duidelijke roestvlekken waargenomen. De basiskleur van de textuur B is bruin met o",Rest van Vlaanderen,Ada0-LS,5,115W
889,889,Eutric Neocambic Retisols (Siltic),Retisols,RT-nc.eu,nc.eu,Neocambic,Eutric,-,-,Siltic,-,Eutric,Aba0(b),Dender-Zenne interfluvium,Leemstreek,Droge leem,Aba0(b),Aba,Droge leembodem met textuur B horizont,,,A,leem,b,"droog, niet gleyig",a,met textuur B horizont of met weinig duidelijke kleur B horizont,0,Betekenis afhankelijk van het bodemtype (zie toelichtingsboekje),,,(b),Gevlekte textuur B horizont,,,,,,,,,bodemserie Aba in de Leemstreek,"De serie Aba ontwikkeld in het Pleistocene loessdek vertoont onder de A horizont een aan klei en sesquioxiden aangerijkte textuur B horizont. De bouwvoor is een donkerbruin, homogeen humushoudend leem; bij Abao rust de Ap op een geelbruine overgangshoriz",Rest van Vlaanderen,Aba0(b)-LS,5,115W
890,890,Haplic Luvisols (Siltic),Luvisols,LV-ha,ha,Haplic,-,-,-,Siltic,-,Eutric,Aca0,Dender-Zenne interfluvium,Leemstreek,Vochtige leem,Aca0,Aca,Matig droge leembodem met textuur B horizont,,,A,leem,c,"matig droog, zwak gleyig",a,met textuur B horizont of met weinig duidelijke kleur B horizont,0,Betekenis afhankelijk van het bodemtype (zie toelichtingsboekje),,,,,,,,,,,,,bodemserie Aca in de Leemstreek,Deze matig droge leemgronden vertonen een gleyhorizont op matige diepte. De Acao gronden zijn niet ge_rodeerd en komen voor op de brede plateaus of zwakke hellingen. De meer gezrodeerde Aca1 gronden komen voor op hellingen of in de nabijheid van Tertiair,Rest van Vlaanderen,Aca0-LS,5,115W
901,901,Eutric Cambisols (Siltic),Cambisols,CM-eu,eu,Eutric,-,-,-,Siltic,-,Eutric,Acp,Brabants plateau,Zandstreek,Vochtige leem,Acp,Acp,Matig droge leembodem zonder profiel,,,A,leem,c,"matig droog, zwak gleyig",p,zonder profielontwikkeling,,,,,,,,,,,,,,,bodemserie Acp in de Zandstreek,De Acp depressie- of lage hellingsgronden omvatten colluviale bodems welke tussen 80 en 120 cm gleyverschijnselen vertonen. Het colluviaal dek rust veelal op een gearodeerd profiel waarvan de textuur B op wisselende diepte in het profiel voorkomt. Deze g,Rest van Vlaanderen,Acp-ZS,5,103E
902,902,Dystric Glossic Fragic Retisols (Siltic),Retisols,RT-fc.gs.dy,fc.gs.dy,Fragic,Glossic,Dystric,-,Siltic,-,Dystric,Abc0,Brabants plateau,Zandstreek,Droge leem,Abc0,Abc,"Droge leembodem met sterk gevlekte, verbrokkelde textuur B horizont",,,A,leem,b,"droog, niet gleyig",c,"met sterk gevlekte textuur (bij lemige sedimenten), verbrokkelde textuur B horizont ( bij zandige sedimenten)",0,Betekenis afhankelijk van het bodemtype (zie toelichtingsboekje),,,,,,,,,,,,,bodemserie Abc en complex AbB in de AbB in de Zandstreek,"Deze droge leemgronden met sterk gevlekte textuur B horizont komen voor nabij de overgangszone met de Leemstreek alsook in enkele alluviale valleien.eDeze bodems hebben een bruingrijze Ap (20-25 cm) die rust op een bruine C horizont, waarin weinig of gee",Rest van Vlaanderen,Abc0-ZS,5,103E
903,903,Dystric Glossic Fragic Retisols (Siltic),Retisols,RT-fc.gs.dy,fc.gs.dy,Fragic,Glossic,Dystric,-,Siltic,-,Dystric,Abc0,Brabants plateau,Zandstreek,Droge leem,Abc0,Abc,"Droge leembodem met sterk gevlekte, verbrokkelde textuur B horizont",,,A,leem,b,"droog, niet gleyig",c,"met sterk gevlekte textuur (bij lemige sedimenten), verbrokkelde textuur B horizont ( bij zandige sedimenten)",0,Betekenis afhankelijk van het bodemtype (zie toelichtingsboekje),,,,,,,,,,,,,bodemserie Abc en complex AbB in de AbB in de Zandstreek,"Deze droge leemgronden met sterk gevlekte textuur B horizont komen voor nabij de overgangszone met de Leemstreek alsook in enkele alluviale valleien.eDeze bodems hebben een bruingrijze Ap (20-25 cm) die rust op een bruine C horizont, waarin weinig of gee",Rest van Vlaanderen,Abc0-ZS,5,103E
904,904,"Eutric Cambisols (Siltic, Colluvic)",Cambisols,CM-eu,eu,Eutric,-,-,-,Siltic,Colluvic,Eutric,Abp,Brabants plateau,Zandleemstreek,Droge leem,Abp,Abp,Droge leembodem zonder profiel,,,A,leem,b,"droog, niet gleyig",p,zonder profielontwikkeling,,,,,,,,,,,,,,,bodemserie Abp in de Zandleemstreek,De Abp bodems komen voor in colluviale droge leemdepressies. Deze gronden bestaan uit leemmateriaal geHrodeerd van de hoger liggende plateaugronden. De landbouwwaarde van de Abp gronden ligt  dn klasse lager dan die van de Aba gronden wegens het meestal,Rest van Vlaanderen,Abp-ZLS,5,103E
905,905,"Fluvic Reductigleyic Mollic Gleysols (Siltic, Fluvic)",Gleysols,GL-mo.ry.fv,mo.ry.fv,Mollic,Reductigleyic,Fluvic,Reductigleyic,Siltic,Fluvic,Eutric,Agp,Brabants plateau,Zandleemstreek,Natte leem,Agp,Agp,Uiterst natte leembodem zonder profiel,,,A,leem,g,"uiterst nat, gereduceerd",p,zonder profielontwikkeling,,,,,,,,,,,,,,,bodemserie Agp in de Zandleemstreek,"Deze hydromorfe uiterst natte grondwaterbodems hebben een veenachtige bovengrond, meestal meer dan 30 cm dik. De bodem is permanent verzadigd met water en regelmatig overstroomd in de winter. In de zomer reikt het water tot het maaiveld. Deze gronden zij",Rest van Vlaanderen,Agp-ZLS,2,103E
906,906,Dystric Glossic Fragic Retisols (Siltic),Retisols,RT-fc.gs.dy,fc.gs.dy,Fragic,Glossic,Dystric,-,Siltic,-,Dystric,Abc0,Brabants plateau,Zandstreek,Droge leem,Abc0,Abc,"Droge leembodem met sterk gevlekte, verbrokkelde textuur B horizont",,,A,leem,b,"droog, niet gleyig",c,"met sterk gevlekte textuur (bij lemige sedimenten), verbrokkelde textuur B horizont ( bij zandige sedimenten)",0,Betekenis afhankelijk van het bodemtype (zie toelichtingsboekje),,,,,,,,,,,,,bodemserie Abc en complex AbB in de AbB in de Zandstreek,"Deze droge leemgronden met sterk gevlekte textuur B horizont komen voor nabij de overgangszone met de Leemstreek alsook in enkele alluviale valleien.eDeze bodems hebben een bruingrijze Ap (20-25 cm) die rust op een bruine C horizont, waarin weinig of gee",Rest van Vlaanderen,Abc0-ZS,5,103E
907,907,Dystric Glossic Fragic Retisols (Siltic),Retisols,RT-fc.gs.dy,fc.gs.dy,Fragic,Glossic,Dystric,-,Siltic,-,Dystric,Abc0,Brabants plateau,Zandstreek,Droge leem,Abc0,Abc,"Droge leembodem met sterk gevlekte, verbrokkelde textuur B horizont",,,A,leem,b,"droog, niet gleyig",c,"met sterk gevlekte textuur (bij lemige sedimenten), verbrokkelde textuur B horizont ( bij zandige sedimenten)",0,Betekenis afhankelijk van het bodemtype (zie toelichtingsboekje),,,,,,,,,,,,,bodemserie Abc en complex AbB in de AbB in de Zandstreek,"Deze droge leemgronden met sterk gevlekte textuur B horizont komen voor nabij de overgangszone met de Leemstreek alsook in enkele alluviale valleien.eDeze bodems hebben een bruingrijze Ap (20-25 cm) die rust op een bruine C horizont, waarin weinig of gee",Rest van Vlaanderen,Abc0-ZS,5,103E
908,908,Dystric Glossic Fragic Retisols (Siltic),Retisols,RT-fc.gs.dy,fc.gs.dy,Fragic,Glossic,Dystric,-,Siltic,-,Dystric,Abc0,Brabants plateau,Zandstreek,Droge leem,Abc0,Abc,"Droge leembodem met sterk gevlekte, verbrokkelde textuur B horizont",,,A,leem,b,"droog, niet gleyig",c,"met sterk gevlekte textuur (bij lemige sedimenten), verbrokkelde textuur B horizont ( bij zandige sedimenten)",0,Betekenis afhankelijk van het bodemtype (zie toelichtingsboekje),,,,,,,,,,,,,bodemserie Abc en complex AbB in de AbB in de Zandstreek,"Deze droge leemgronden met sterk gevlekte textuur B horizont komen voor nabij de overgangszone met de Leemstreek alsook in enkele alluviale valleien.eDeze bodems hebben een bruingrijze Ap (20-25 cm) die rust op een bruine C horizont, waarin weinig of gee",Rest van Vlaanderen,Abc0-ZS,5,103E
909,909,Albic Podzols (Arenic),Podzols,PZ-ab,ab,Albic,-,-,-,Arenic,-,Dystric,ZAF,Brabants plateau,Zandleemstreek,Droog zand,ZAF,ZAF,Zeer droge tot matig natte zandbodem met weinig duidelijke tot duidelijke ijzer en/of humus B horizont,,,Z,zand,a-d,"complex van zeer droog, niet gleyig tot matig nat, matig gleyig",b-f,met profielontwikkelingsklassen b tot f,,,,,,,,,,,,,,,"bodemserie Zag en bodemcomplexen ZaP, ZAp, ZAf en  ZAF in de Zandleemstreek","Tot deze kernseries behoren zandgronden, d.w.z. bodems met meer dan 82,5% van de minerale fractie groter dan 50 pm en met minder dan 8% klei, die een duidelijke Podzol B horizont hebben of gehad hebben en in een overdreven sterk ontwaterde positie voorko",Rest van Vlaanderen,ZAF-ZLS,7,103E
910,910,Albic Podzols (Arenic),Podzols,PZ-ab,ab,Albic,-,-,-,Arenic,-,Dystric,ZAF,Brabants plateau,Zandleemstreek,Droog zand,ZAF,ZAF,Zeer droge tot matig natte zandbodem met weinig duidelijke tot duidelijke ijzer en/of humus B horizont,,,Z,zand,a-d,"complex van zeer droog, niet gleyig tot matig nat, matig gleyig",b-f,met profielontwikkelingsklassen b tot f,,,,,,,,,,,,,,,"bodemserie Zag en bodemcomplexen ZaP, ZAp, ZAf en  ZAF in de Zandleemstreek","Tot deze kernseries behoren zandgronden, d.w.z. bodems met meer dan 82,5% van de minerale fractie groter dan 50 pm en met minder dan 8% klei, die een duidelijke Podzol B horizont hebben of gehad hebben en in een overdreven sterk ontwaterde positie voorko",Rest van Vlaanderen,ZAF-ZLS,7,103E
911,911,Albic Podzols (Arenic),Podzols,PZ-ab,ab,Albic,-,-,-,Arenic,-,Dystric,ZAF,Brabants plateau,Zandleemstreek,Droog zand,ZAF,ZAF,Zeer droge tot matig natte zandbodem met weinig duidelijke tot duidelijke ijzer en/of humus B horizont,,,Z,zand,a-d,"complex van zeer droog, niet gleyig tot matig nat, matig gleyig",b-f,met profielontwikkelingsklassen b tot f,,,,,,,,,,,,,,,"bodemserie Zag en bodemcomplexen ZaP, ZAp, ZAf en  ZAF in de Zandleemstreek","Tot deze kernseries behoren zandgronden, d.w.z. bodems met meer dan 82,5% van de minerale fractie groter dan 50 em en met minder dan 8% klei, die een duidelijke Podzol B horizont hebben of gehad hebben en in een overdreven sterk ontwaterde positie voorko",Rest van Vlaanderen,ZAF-ZLS,7,103E
912,912,"Eutric Gleyic Cambisols (Siltic, Colluvic)",Cambisols,CM-gl.eu,gl.eu,Gleyic,Eutric,-,Endogleyic,Siltic,Colluvic,Eutric,Adp,Brabants plateau,Zandleemstreek,Vochtige leem,Adp,Adp,Matig natte leembodem zonder profiel,,,A,leem,d,"matig nat, matig gleyig",p,zonder profielontwikkeling,,,,,,,,,,,,,,,bodemserie Adp in de Zandleemstreek,De bouwlaag vertoont een bruingrijze kleur die geleidelijk overgaat in niet gedifferentieerd colluviaal materiaal die baksteenrestjes en houtskoolfragmenten bevat. Het colluvium rust op een afgeknotte textuur B of op een Tertiair substraat. Roestverschij,Rest van Vlaanderen,Adp-ZLS,4,103E
913,913,Dystric Glossic Fragic Retisols (Siltic),Retisols,RT-fc.gs.dy,fc.gs.dy,Fragic,Glossic,Dystric,-,Siltic,-,Dystric,Abc0,Brabants plateau,Zandstreek,Droge leem,Abc0,Abc,"Droge leembodem met sterk gevlekte, verbrokkelde textuur B horizont",,,A,leem,b,"droog, niet gleyig",c,"met sterk gevlekte textuur (bij lemige sedimenten), verbrokkelde textuur B horizont ( bij zandige sedimenten)",0,Betekenis afhankelijk van het bodemtype (zie toelichtingsboekje),,,,,,,,,,,,,bodemserie Abc en complex AbB in de AbB in de Zandstreek,"Deze droge leemgronden met sterk gevlekte textuur B horizont komen voor nabij de overgangszone met de Leemstreek alsook in enkele alluviale valleien.eDeze bodems hebben een bruingrijze Ap (20-25 cm) die rust op een bruine C horizont, waarin weinig of gee",Rest van Vlaanderen,Abc0-ZS,5,103E
914,914,Albic Podzols (Arenic),Podzols,PZ-ab,ab,Albic,-,-,-,Arenic,-,Dystric,ZAF,Brabants plateau,Zandleemstreek,Droog zand,ZAF,ZAF,Zeer droge tot matig natte zandbodem met weinig duidelijke tot duidelijke ijzer en/of humus B horizont,,,Z,zand,a-d,"complex van zeer droog, niet gleyig tot matig nat, matig gleyig",b-f,met profielontwikkelingsklassen b tot f,,,,,,,,,,,,,,,"bodemserie Zag en bodemcomplexen ZaP, ZAp, ZAf en  ZAF in de Zandleemstreek","Tot deze kernseries behoren zandgronden, d.w.z. bodems met meer dan 82,5% van de minerale fractie groter dan 50 pm en met minder dan 8% klei, die een duidelijke Podzol B horizont hebben of gehad hebben en in een overdreven sterk ontwaterde positie voorko",Rest van Vlaanderen,ZAF-ZLS,7,103E
915,915,"Eutric Cambisols (Siltic, Colluvic)",Cambisols,CM-eu,eu,Eutric,-,-,-,Siltic,Colluvic,Eutric,Abp,Brabants plateau,Zandleemstreek,Droge leem,Abp,Abp,Droge leembodem zonder profiel,,,A,leem,b,"droog, niet gleyig",p,zonder profielontwikkeling,,,,,,,,,,,,,,,bodemserie Abp in de Zandleemstreek,De Abp bodems komen voor in colluviale droge leemdepressies. Deze gronden bestaan uit leemmateriaal geHrodeerd van de hoger liggende plateaugronden. De landbouwwaarde van de Abp gronden ligt  dn klasse lager dan die van de Aba gronden wegens het meestal,Rest van Vlaanderen,Abp-ZLS,5,103E
916,916,Albic Podzols (Arenic),Podzols,PZ-ab,ab,Albic,-,-,-,Arenic,-,Dystric,ZAF,Brabants plateau,Zandleemstreek,Droog zand,ZAF,ZAF,Zeer droge tot matig natte zandbodem met weinig duidelijke tot duidelijke ijzer en/of humus B horizont,,,Z,zand,a-d,"complex van zeer droog, niet gleyig tot matig nat, matig gleyig",b-f,met profielontwikkelingsklassen b tot f,,,,,,,,,,,,,,,"bodemserie Zag en bodemcomplexen ZaP, ZAp, ZAf en  ZAF in de Zandleemstreek","Tot deze kernseries behoren zandgronden, d.w.z. bodems met meer dan 82,5% van de minerale fractie groter dan 50 em en met minder dan 8% klei, die een duidelijke Podzol B horizont hebben of gehad hebben en in een overdreven sterk ontwaterde positie voorko",Rest van Vlaanderen,ZAF-ZLS,7,103E
917,917,"Dystric Retisols (Loamic, Ruptic)",Retisols,RT-dy,dy,Dystric,-,-,-,Loamic,Ruptic,Dystric,sLbc,Brabants plateau,Zandleemstreek,Droge zandleem,sLbc,Lbc,"Droge zandleembodem met sterk gevlekte, verbrokkelde textuur B horizont",s,Zand op geringe diepte (ondieper dan 75 cm),L,zandleem,b,"droog, niet gleyig",c,"met sterk gevlekte textuur (bij lemige sedimenten), verbrokkelde textuur B horizont ( bij zandige sedimenten)",,,,,,,,,,,,,,,bodemserie Lbc in de Zandleemstreek,"Deze gronden hebben een Ap die ongeveer 25 cm dik is, donkerbruin matig humeus en die rust op een zwak humeuze, bruinachtige overgangshorizont. De ondergrond is soms gestratifieerd met afwisselend lemige en zandige laagjes ( . . . z ). Roestverschijnsele",Rest van Vlaanderen,sLbc-ZLS,6,103E
918,918,Albic Podzols (Arenic),Podzols,PZ-ab,ab,Albic,-,-,-,Arenic,-,Dystric,ZAF,Brabants plateau,Zandleemstreek,Droog zand,ZAF,ZAF,Zeer droge tot matig natte zandbodem met weinig duidelijke tot duidelijke ijzer en/of humus B horizont,,,Z,zand,a-d,"complex van zeer droog, niet gleyig tot matig nat, matig gleyig",b-f,met profielontwikkelingsklassen b tot f,,,,,,,,,,,,,,,"bodemserie Zag en bodemcomplexen ZaP, ZAp, ZAf en  ZAF in de Zandleemstreek","Tot deze kernseries behoren zandgronden, d.w.z. bodems met meer dan 82,5% van de minerale fractie groter dan 50 em en met minder dan 8% klei, die een duidelijke Podzol B horizont hebben of gehad hebben en in een overdreven sterk ontwaterde positie voorko",Rest van Vlaanderen,ZAF-ZLS,7,103E
919,919,Dystric Glossic Fragic Retisols (Siltic),Retisols,RT-fc.gs.dy,fc.gs.dy,Fragic,Glossic,Dystric,-,Siltic,-,Dystric,Abc0,Brabants plateau,Zandstreek,Droge leem,Abc0,Abc,"Droge leembodem met sterk gevlekte, verbrokkelde textuur B horizont",,,A,leem,b,"droog, niet gleyig",c,"met sterk gevlekte textuur (bij lemige sedimenten), verbrokkelde textuur B horizont ( bij zandige sedimenten)",0,Betekenis afhankelijk van het bodemtype (zie toelichtingsboekje),,,,,,,,,,,,,bodemserie Abc en complex AbB in de AbB in de Zandstreek,"Deze droge leemgronden met sterk gevlekte textuur B horizont komen voor nabij de overgangszone met de Leemstreek alsook in enkele alluviale valleien.eDeze bodems hebben een bruingrijze Ap (20-25 cm) die rust op een bruine C horizont, waarin weinig of gee",Rest van Vlaanderen,Abc0-ZS,5,103E
920,920,Dystric Glossic Fragic Retisols (Siltic),Retisols,RT-fc.gs.dy,fc.gs.dy,Fragic,Glossic,Dystric,-,Siltic,-,Dystric,Abc0,Brabants plateau,Zandstreek,Droge leem,Abc0,Abc,"Droge leembodem met sterk gevlekte, verbrokkelde textuur B horizont",,,A,leem,b,"droog, niet gleyig",c,"met sterk gevlekte textuur (bij lemige sedimenten), verbrokkelde textuur B horizont ( bij zandige sedimenten)",0,Betekenis afhankelijk van het bodemtype (zie toelichtingsboekje),,,,,,,,,,,,,bodemserie Abc en complex AbB in de AbB in de Zandstreek,"Deze droge leemgronden met sterk gevlekte textuur B horizont komen voor nabij de overgangszone met de Leemstreek alsook in enkele alluviale valleien.eDeze bodems hebben een bruingrijze Ap (20-25 cm) die rust op een bruine C horizont, waarin weinig of gee",Rest van Vlaanderen,Abc0-ZS,5,103E
921,921,Eutric Neocambic Retisols (Siltic),Retisols,RT-nc.eu,nc.eu,Neocambic,Eutric,-,-,Siltic,-,Eutric,Aba0(b),Brabants plateau,Zandleemstreek,Droge leem,Aba0(b),Aba,Droge leembodem met textuur B horizont,,,A,leem,b,"droog, niet gleyig",a,met textuur B horizont of met weinig duidelijke kleur B horizont,0,Betekenis afhankelijk van het bodemtype (zie toelichtingsboekje),,,(b),Gevlekte textuur B horizont,,,,,,,,,bodemserie Aba in de Zandleemstreek,"De serie Aba ontwikkeld in het Pleistocene loessdek vertoont onder de A horizont een aan klei en sesquioxiden aangerijkte textuur B horizont. De bouwvoor is een donkerbruin, homogeen humushoudend leem; bij Abao rust de Ap op een geelbruine overgangshoriz",Rest van Vlaanderen,Aba0(b)-ZLS,5,103E
922,922,Eutric Neocambic Retisols (Siltic),Retisols,RT-nc.eu,nc.eu,Neocambic,Eutric,-,-,Siltic,-,Eutric,Aba0(b),Brabants plateau,Zandleemstreek,Droge leem,Aba0(b),Aba,Droge leembodem met textuur B horizont,,,A,leem,b,"droog, niet gleyig",a,met textuur B horizont of met weinig duidelijke kleur B horizont,0,Betekenis afhankelijk van het bodemtype (zie toelichtingsboekje),,,(b),Gevlekte textuur B horizont,,,,,,,,,bodemserie Aba in de Zandleemstreek,"De serie Aba ontwikkeld in het Pleistocene loessdek vertoont onder de A horizont een aan klei en sesquioxiden aangerijkte textuur B horizont. De bouwvoor is een donkerbruin, homogeen humushoudend leem; bij Abao rust de Ap op een geelbruine overgangshoriz",Rest van Vlaanderen,Aba0(b)-ZLS,5,103E
923,923,"Dystric Retisols (Loamic, Ruptic)",Retisols,RT-dy,dy,Dystric,-,-,-,Loamic,Ruptic,Dystric,sLbc,Brabants plateau,Zandleemstreek,Droge zandleem,sLbc,Lbc,"Droge zandleembodem met sterk gevlekte, verbrokkelde textuur B horizont",s,Zand op geringe diepte (ondieper dan 75 cm),L,zandleem,b,"droog, niet gleyig",c,"met sterk gevlekte textuur (bij lemige sedimenten), verbrokkelde textuur B horizont ( bij zandige sedimenten)",,,,,,,,,,,,,,,bodemserie Lbc in de Zandleemstreek,"Deze gronden hebben een Ap die ongeveer 25 cm dik is, donkerbruin matig humeus en die rust op een zwak humeuze, bruinachtige overgangshorizont. De ondergrond is soms gestratifieerd met afwisselend lemige en zandige laagjes ( . . . z ). Roestverschijnsele",Rest van Vlaanderen,sLbc-ZLS,6,103E
924,924,Albic Podzols (Arenic),Podzols,PZ-ab,ab,Albic,-,-,-,Arenic,-,Dystric,ZAF,Brabants plateau,Zandleemstreek,Droog zand,ZAF,ZAF,Zeer droge tot matig natte zandbodem met weinig duidelijke tot duidelijke ijzer en/of humus B horizont,,,Z,zand,a-d,"complex van zeer droog, niet gleyig tot matig nat, matig gleyig",b-f,met profielontwikkelingsklassen b tot f,,,,,,,,,,,,,,,"bodemserie Zag en bodemcomplexen ZaP, ZAp, ZAf en  ZAF in de Zandleemstreek","Tot deze kernseries behoren zandgronden, d.w.z. bodems met meer dan 82,5% van de minerale fractie groter dan 50 em en met minder dan 8% klei, die een duidelijke Podzol B horizont hebben of gehad hebben en in een overdreven sterk ontwaterde positie voorko",Rest van Vlaanderen,ZAF-ZLS,7,103E
925,925,Eutric Retisols (Loamic),Retisols,RT-eu,eu,Eutric,-,-,-,Loamic,-,Eutric,Lbc0,Brabants plateau,Zandleemstreek,Droge zandleem,Lbc0,Lbc,"Droge zandleembodem met sterk gevlekte, verbrokkelde textuur B horizont",,,L,zandleem,b,"droog, niet gleyig",c,"met sterk gevlekte textuur (bij lemige sedimenten), verbrokkelde textuur B horizont ( bij zandige sedimenten)",0,Betekenis afhankelijk van het bodemtype (zie toelichtingsboekje),,,,,,,,,,,,,bodemserie Lbc in de Zandleemstreek,"Deze gronden hebben een Ap die ongeveer 25 cm dik is, donkerbruin matig humeus en die rust op een zwak humeuze, bruinachtige overgangshorizont. De ondergrond is soms gestratifieerd met afwisselend lemige en zandige laagjes ( . . . z ). Roestverschijnsele",Rest van Vlaanderen,Lbc0-ZLS,7,103E
926,926,Dystric Glossic Fragic Retisols (Siltic),Retisols,RT-fc.gs.dy,fc.gs.dy,Fragic,Glossic,Dystric,-,Siltic,-,Dystric,Abc0,Brabants plateau,Zandstreek,Droge leem,Abc0,Abc,"Droge leembodem met sterk gevlekte, verbrokkelde textuur B horizont",,,A,leem,b,"droog, niet gleyig",c,"met sterk gevlekte textuur (bij lemige sedimenten), verbrokkelde textuur B horizont ( bij zandige sedimenten)",0,Betekenis afhankelijk van het bodemtype (zie toelichtingsboekje),,,,,,,,,,,,,bodemserie Abc en complex AbB in de AbB in de Zandstreek,"Deze droge leemgronden met sterk gevlekte textuur B horizont komen voor nabij de overgangszone met de Leemstreek alsook in enkele alluviale valleien.eDeze bodems hebben een bruingrijze Ap (20-25 cm) die rust op een bruine C horizont, waarin weinig of gee",Rest van Vlaanderen,Abc0-ZS,5,103E
927,927,Dystric Glossic Fragic Retisols (Siltic),Retisols,RT-fc.gs.dy,fc.gs.dy,Fragic,Glossic,Dystric,-,Siltic,-,Dystric,Abc0,Brabants plateau,Zandstreek,Droge leem,Abc0,Abc,"Droge leembodem met sterk gevlekte, verbrokkelde textuur B horizont",,,A,leem,b,"droog, niet gleyig",c,"met sterk gevlekte textuur (bij lemige sedimenten), verbrokkelde textuur B horizont ( bij zandige sedimenten)",0,Betekenis afhankelijk van het bodemtype (zie toelichtingsboekje),,,,,,,,,,,,,bodemserie Abc en complex AbB in de AbB in de Zandstreek,"Deze droge leemgronden met sterk gevlekte textuur B horizont komen voor nabij de overgangszone met de Leemstreek alsook in enkele alluviale valleien.eDeze bodems hebben een bruingrijze Ap (20-25 cm) die rust op een bruine C horizont, waarin weinig of gee",Rest van Vlaanderen,Abc0-ZS,5,103E
928,928,Eutric Neocambic Retisols (Siltic),Retisols,RT-nc.eu,nc.eu,Neocambic,Eutric,-,-,Siltic,-,Eutric,Aba0(b),Brabants plateau,Zandleemstreek,Droge leem,Aba0(b),Aba,Droge leembodem met textuur B horizont,,,A,leem,b,"droog, niet gleyig",a,met textuur B horizont of met weinig duidelijke kleur B horizont,0,Betekenis afhankelijk van het bodemtype (zie toelichtingsboekje),,,(b),Gevlekte textuur B horizont,,,,,,,,,bodemserie Aba in de Zandleemstreek,"De serie Aba ontwikkeld in het Pleistocene loessdek vertoont onder de A horizont een aan klei en sesquioxiden aangerijkte textuur B horizont. De bouwvoor is een donkerbruin, homogeen humushoudend leem; bij Abao rust de Ap op een geelbruine overgangshoriz",Rest van Vlaanderen,Aba0(b)-ZLS,5,103E
929,929,Eutric Cambisols (Siltic),Cambisols,CM-eu,eu,Eutric,-,-,-,Siltic,-,Eutric,AbB,Brabants plateau,Zandleemstreek,Droge leem,AbB,AbB,Droge leembodem met textuur B of structuur B horizont,,,A,leem,b,"droog, niet gleyig",a+b,met profielontwikkelingsklassen a en b,,,,,,,,,,,,,,,bodemcomplex B in de Zandleemstreek,"De niet gedifferentieerde gronden B, n.l. bronzones, zijn vooral gekenmerkt door een moza7ek van natte drainageklassen. De eenheid is gekoloniseerd door biezen en andere moerasplanten. Omheen de drinkwaterputten voor het vee is het door vertrappeling uit",Rest van Vlaanderen,AbB-ZLS,5,103E
930,930,Eutric Retisols (Loamic),Retisols,RT-eu,eu,Eutric,-,-,-,Loamic,-,Eutric,Lbc0,Brabants plateau,Zandleemstreek,Droge zandleem,Lbc0,Lbc,"Droge zandleembodem met sterk gevlekte, verbrokkelde textuur B horizont",,,L,zandleem,b,"droog, niet gleyig",c,"met sterk gevlekte textuur (bij lemige sedimenten), verbrokkelde textuur B horizont ( bij zandige sedimenten)",0,Betekenis afhankelijk van het bodemtype (zie toelichtingsboekje),,,,,,,,,,,,,bodemserie Lbc in de Zandleemstreek,"Deze gronden hebben een Ap die ongeveer 25 cm dik is, donkerbruin matig humeus en die rust op een zwak humeuze, bruinachtige overgangshorizont. De ondergrond is soms gestratifieerd met afwisselend lemige en zandige laagjes ( . . . z ). Roestverschijnsele",Rest van Vlaanderen,Lbc0-ZLS,7,103E
931,931,Eutric Retisols (Loamic),Retisols,RT-eu,eu,Eutric,-,-,-,Loamic,-,Eutric,Lbc0,Brabants plateau,Zandleemstreek,Droge zandleem,Lbc0,Lbc,"Droge zandleembodem met sterk gevlekte, verbrokkelde textuur B horizont",,,L,zandleem,b,"droog, niet gleyig",c,"met sterk gevlekte textuur (bij lemige sedimenten), verbrokkelde textuur B horizont ( bij zandige sedimenten)",0,Betekenis afhankelijk van het bodemtype (zie toelichtingsboekje),,,,,,,,,,,,,bodemserie Lbc in de Zandleemstreek,"Deze gronden hebben een Ap die ongeveer 25 cm dik is, donkerbruin matig humeus en die rust op een zwak humeuze, bruinachtige overgangshorizont. De ondergrond is soms gestratifieerd met afwisselend lemige en zandige laagjes ( . . . z ). Roestverschijnsele",Rest van Vlaanderen,Lbc0-ZLS,7,103E
932,932,Albic Podzols (Arenic),Podzols,PZ-ab,ab,Albic,-,-,-,Arenic,-,Dystric,ZAF,Brabants plateau,Zandleemstreek,Droog zand,ZAF,ZAF,Zeer droge tot matig natte zandbodem met weinig duidelijke tot duidelijke ijzer en/of humus B horizont,,,Z,zand,a-d,"complex van zeer droog, niet gleyig tot matig nat, matig gleyig",b-f,met profielontwikkelingsklassen b tot f,,,,,,,,,,,,,,,"bodemserie Zag en bodemcomplexen ZaP, ZAp, ZAf en  ZAF in de Zandleemstreek","Tot deze kernseries behoren zandgronden, d.w.z. bodems met meer dan 82,5% van de minerale fractie groter dan 50 em en met minder dan 8% klei, die een duidelijke Podzol B horizont hebben of gehad hebben en in een overdreven sterk ontwaterde positie voorko",Rest van Vlaanderen,ZAF-ZLS,7,103E
933,933,Eutric Retisols (Loamic),Retisols,RT-eu,eu,Eutric,-,-,-,Loamic,-,Eutric,Lbc0,Brabants plateau,Zandleemstreek,Droge zandleem,Lbc0,Lbc,"Droge zandleembodem met sterk gevlekte, verbrokkelde textuur B horizont",,,L,zandleem,b,"droog, niet gleyig",c,"met sterk gevlekte textuur (bij lemige sedimenten), verbrokkelde textuur B horizont ( bij zandige sedimenten)",0,Betekenis afhankelijk van het bodemtype (zie toelichtingsboekje),,,,,,,,,,,,,bodemserie Lbc in de Zandleemstreek,"Deze gronden hebben een Ap die ongeveer 25 cm dik is, donkerbruin matig humeus en die rust op een zwak humeuze, bruinachtige overgangshorizont. De ondergrond is soms gestratifieerd met afwisselend lemige en zandige laagjes ( . . . z ). Roestverschijnsele",Rest van Vlaanderen,Lbc0-ZLS,7,103E
934,934,Dystric Glossic Fragic Retisols (Siltic),Retisols,RT-fc.gs.dy,fc.gs.dy,Fragic,Glossic,Dystric,-,Siltic,-,Dystric,Abc0,Brabants plateau,Zandstreek,Droge leem,Abc0,Abc,"Droge leembodem met sterk gevlekte, verbrokkelde textuur B horizont",,,A,leem,b,"droog, niet gleyig",c,"met sterk gevlekte textuur (bij lemige sedimenten), verbrokkelde textuur B horizont ( bij zandige sedimenten)",0,Betekenis afhankelijk van het bodemtype (zie toelichtingsboekje),,,,,,,,,,,,,bodemserie Abc en complex AbB in de AbB in de Zandstreek,"Deze droge leemgronden met sterk gevlekte textuur B horizont komen voor nabij de overgangszone met de Leemstreek alsook in enkele alluviale valleien.eDeze bodems hebben een bruingrijze Ap (20-25 cm) die rust op een bruine C horizont, waarin weinig of gee",Rest van Vlaanderen,Abc0-ZS,5,103E
935,935,Eutric Neocambic Retisols (Siltic),Retisols,RT-nc.eu,nc.eu,Neocambic,Eutric,-,-,Siltic,-,Eutric,Aba0(b),Brabants plateau,Zandleemstreek,Droge leem,Aba0(b),Aba,Droge leembodem met textuur B horizont,,,A,leem,b,"droog, niet gleyig",a,met textuur B horizont of met weinig duidelijke kleur B horizont,0,Betekenis afhankelijk van het bodemtype (zie toelichtingsboekje),,,(b),Gevlekte textuur B horizont,,,,,,,,,bodemserie Aba in de Zandleemstreek,"De serie Aba ontwikkeld in het Pleistocene loessdek vertoont onder de A horizont een aan klei en sesquioxiden aangerijkte textuur B horizont. De bouwvoor is een donkerbruin, homogeen humushoudend leem; bij Abao rust de Ap op een geelbruine overgangshoriz",Rest van Vlaanderen,Aba0(b)-ZLS,5,103E
936,936,Eutric Neocambic Retisols (Siltic),Retisols,RT-nc.eu,nc.eu,Neocambic,Eutric,-,-,Siltic,-,Eutric,Aba0(b),Brabants plateau,Zandleemstreek,Droge leem,Aba0(b),Aba,Droge leembodem met textuur B horizont,,,A,leem,b,"droog, niet gleyig",a,met textuur B horizont of met weinig duidelijke kleur B horizont,0,Betekenis afhankelijk van het bodemtype (zie toelichtingsboekje),,,(b),Gevlekte textuur B horizont,,,,,,,,,bodemserie Aba in de Zandleemstreek,"De serie Aba ontwikkeld in het Pleistocene loessdek vertoont onder de A horizont een aan klei en sesquioxiden aangerijkte textuur B horizont. De bouwvoor is een donkerbruin, homogeen humushoudend leem; bij Abao rust de Ap op een geelbruine overgangshoriz",Rest van Vlaanderen,Aba0(b)-ZLS,5,103E
937,937,Eutric Neocambic Retisols (Siltic),Retisols,RT-nc.eu,nc.eu,Neocambic,Eutric,-,-,Siltic,-,Eutric,Aba0(b),Brabants plateau,Zandleemstreek,Droge leem,Aba0(b),Aba,Droge leembodem met textuur B horizont,,,A,leem,b,"droog, niet gleyig",a,met textuur B horizont of met weinig duidelijke kleur B horizont,0,Betekenis afhankelijk van het bodemtype (zie toelichtingsboekje),,,(b),Gevlekte textuur B horizont,,,,,,,,,bodemserie Aba in de Zandleemstreek,"De serie Aba ontwikkeld in het Pleistocene loessdek vertoont onder de A horizont een aan klei en sesquioxiden aangerijkte textuur B horizont. De bouwvoor is een donkerbruin, homogeen humushoudend leem; bij Abao rust de Ap op een geelbruine overgangshoriz",Rest van Vlaanderen,Aba0(b)-ZLS,5,103E
938,938,Eutric Neocambic Retisols (Siltic),Retisols,RT-nc.eu,nc.eu,Neocambic,Eutric,-,-,Siltic,-,Eutric,Aba0(b),Brabants plateau,Zandleemstreek,Droge leem,Aba0(b),Aba,Droge leembodem met textuur B horizont,,,A,leem,b,"droog, niet gleyig",a,met textuur B horizont of met weinig duidelijke kleur B horizont,0,Betekenis afhankelijk van het bodemtype (zie toelichtingsboekje),,,(b),Gevlekte textuur B horizont,,,,,,,,,bodemserie Aba in de Zandleemstreek,"De serie Aba ontwikkeld in het Pleistocene loessdek vertoont onder de A horizont een aan klei en sesquioxiden aangerijkte textuur B horizont. De bouwvoor is een donkerbruin, homogeen humushoudend leem; bij Abao rust de Ap op een geelbruine overgangshoriz",Rest van Vlaanderen,Aba0(b)-ZLS,5,103E
939,939,Eutric Neocambic Retisols (Siltic),Retisols,RT-nc.eu,nc.eu,Neocambic,Eutric,-,-,Siltic,-,Eutric,Aba0(b),Brabants plateau,Zandleemstreek,Droge leem,Aba0(b),Aba,Droge leembodem met textuur B horizont,,,A,leem,b,"droog, niet gleyig",a,met textuur B horizont of met weinig duidelijke kleur B horizont,0,Betekenis afhankelijk van het bodemtype (zie toelichtingsboekje),,,(b),Gevlekte textuur B horizont,,,,,,,,,bodemserie Aba in de Zandleemstreek,"De serie Aba ontwikkeld in het Pleistocene loessdek vertoont onder de A horizont een aan klei en sesquioxiden aangerijkte textuur B horizont. De bouwvoor is een donkerbruin, homogeen humushoudend leem; bij Abao rust de Ap op een geelbruine overgangshoriz",Rest van Vlaanderen,Aba0(b)-ZLS,5,103E
940,940,"Eutric Gleyic Cambisols (Siltic, Colluvic)",Cambisols,CM-gl.eu,gl.eu,Gleyic,Eutric,-,Endogleyic,Siltic,Colluvic,Eutric,Adp,Brabants plateau,Zandleemstreek,Vochtige leem,Adp,Adp,Matig natte leembodem zonder profiel,,,A,leem,d,"matig nat, matig gleyig",p,zonder profielontwikkeling,,,,,,,,,,,,,,,bodemserie Adp in de Zandleemstreek,De bouwlaag vertoont een bruingrijze kleur die geleidelijk overgaat in niet gedifferentieerd colluviaal materiaal die baksteenrestjes en houtskoolfragmenten bevat. Het colluvium rust op een afgeknotte textuur B of op een Tertiair substraat. Roestverschij,Rest van Vlaanderen,Adp-ZLS,4,103E
941,941,Dystric Glossic Fragic Retisols (Siltic),Retisols,RT-fc.gs.dy,fc.gs.dy,Fragic,Glossic,Dystric,-,Siltic,-,Dystric,Abc0,Brabants plateau,Zandstreek,Droge leem,Abc0,Abc,"Droge leembodem met sterk gevlekte, verbrokkelde textuur B horizont",,,A,leem,b,"droog, niet gleyig",c,"met sterk gevlekte textuur (bij lemige sedimenten), verbrokkelde textuur B horizont ( bij zandige sedimenten)",0,Betekenis afhankelijk van het bodemtype (zie toelichtingsboekje),,,,,,,,,,,,,bodemserie Abc en complex AbB in de AbB in de Zandstreek,"Deze droge leemgronden met sterk gevlekte textuur B horizont komen voor nabij de overgangszone met de Leemstreek alsook in enkele alluviale valleien.eDeze bodems hebben een bruingrijze Ap (20-25 cm) die rust op een bruine C horizont, waarin weinig of gee",Rest van Vlaanderen,Abc0-ZS,5,103E
942,942,Eutric Neocambic Retisols (Siltic),Retisols,RT-nc.eu,nc.eu,Neocambic,Eutric,-,-,Siltic,-,Eutric,Aba0(b),Brabants plateau,Zandleemstreek,Droge leem,Aba0(b),Aba,Droge leembodem met textuur B horizont,,,A,leem,b,"droog, niet gleyig",a,met textuur B horizont of met weinig duidelijke kleur B horizont,0,Betekenis afhankelijk van het bodemtype (zie toelichtingsboekje),,,(b),Gevlekte textuur B horizont,,,,,,,,,bodemserie Aba in de Zandleemstreek,"De serie Aba ontwikkeld in het Pleistocene loessdek vertoont onder de A horizont een aan klei en sesquioxiden aangerijkte textuur B horizont. De bouwvoor is een donkerbruin, homogeen humushoudend leem; bij Abao rust de Ap op een geelbruine overgangshoriz",Rest van Vlaanderen,Aba0(b)-ZLS,5,103E
943,943,Eutric Neocambic Retisols (Siltic),Retisols,RT-nc.eu,nc.eu,Neocambic,Eutric,-,-,Siltic,-,Eutric,Aba0(b),Brabants plateau,Zandleemstreek,Droge leem,Aba0(b),Aba,Droge leembodem met textuur B horizont,,,A,leem,b,"droog, niet gleyig",a,met textuur B horizont of met weinig duidelijke kleur B horizont,0,Betekenis afhankelijk van het bodemtype (zie toelichtingsboekje),,,(b),Gevlekte textuur B horizont,,,,,,,,,bodemserie Aba in de Zandleemstreek,"De serie Aba ontwikkeld in het Pleistocene loessdek vertoont onder de A horizont een aan klei en sesquioxiden aangerijkte textuur B horizont. De bouwvoor is een donkerbruin, homogeen humushoudend leem; bij Abao rust de Ap op een geelbruine overgangshoriz",Rest van Vlaanderen,Aba0(b)-ZLS,5,103E
944,944,Eutric Neocambic Retisols (Siltic),Retisols,RT-nc.eu,nc.eu,Neocambic,Eutric,-,-,Siltic,-,Eutric,Aba0(b),Brabants plateau,Zandleemstreek,Droge leem,Aba0(b),Aba,Droge leembodem met textuur B horizont,,,A,leem,b,"droog, niet gleyig",a,met textuur B horizont of met weinig duidelijke kleur B horizont,0,Betekenis afhankelijk van het bodemtype (zie toelichtingsboekje),,,(b),Gevlekte textuur B horizont,,,,,,,,,bodemserie Aba in de Zandleemstreek,"De serie Aba ontwikkeld in het Pleistocene loessdek vertoont onder de A horizont een aan klei en sesquioxiden aangerijkte textuur B horizont. De bouwvoor is een donkerbruin, homogeen humushoudend leem; bij Abao rust de Ap op een geelbruine overgangshoriz",Rest van Vlaanderen,Aba0(b)-ZLS,5,103E
945,945,Eutric Neocambic Retisols (Siltic),Retisols,RT-nc.eu,nc.eu,Neocambic,Eutric,-,-,Siltic,-,Eutric,Aba0(b),Brabants plateau,Zandleemstreek,Droge leem,Aba0(b),Aba,Droge leembodem met textuur B horizont,,,A,leem,b,"droog, niet gleyig",a,met textuur B horizont of met weinig duidelijke kleur B horizont,0,Betekenis afhankelijk van het bodemtype (zie toelichtingsboekje),,,(b),Gevlekte textuur B horizont,,,,,,,,,bodemserie Aba in de Zandleemstreek,"De serie Aba ontwikkeld in het Pleistocene loessdek vertoont onder de A horizont een aan klei en sesquioxiden aangerijkte textuur B horizont. De bouwvoor is een donkerbruin, homogeen humushoudend leem; bij Abao rust de Ap op een geelbruine overgangshoriz",Rest van Vlaanderen,Aba0(b)-ZLS,5,103E
946,946,Eutric Neocambic Retisols (Siltic),Retisols,RT-nc.eu,nc.eu,Neocambic,Eutric,-,-,Siltic,-,Eutric,Aba0(b),Brabants plateau,Zandleemstreek,Droge leem,Aba0(b),Aba,Droge leembodem met textuur B horizont,,,A,leem,b,"droog, niet gleyig",a,met textuur B horizont of met weinig duidelijke kleur B horizont,0,Betekenis afhankelijk van het bodemtype (zie toelichtingsboekje),,,(b),Gevlekte textuur B horizont,,,,,,,,,bodemserie Aba in de Zandleemstreek,"De serie Aba ontwikkeld in het Pleistocene loessdek vertoont onder de A horizont een aan klei en sesquioxiden aangerijkte textuur B horizont. De bouwvoor is een donkerbruin, homogeen humushoudend leem; bij Abao rust de Ap op een geelbruine overgangshoriz",Rest van Vlaanderen,Aba0(b)-ZLS,5,103E
947,947,Eutric Neocambic Retisols (Siltic),Retisols,RT-nc.eu,nc.eu,Neocambic,Eutric,-,-,Siltic,-,Eutric,Aba0(b),Brabants plateau,Zandleemstreek,Droge leem,Aba0(b),Aba,Droge leembodem met textuur B horizont,,,A,leem,b,"droog, niet gleyig",a,met textuur B horizont of met weinig duidelijke kleur B horizont,0,Betekenis afhankelijk van het bodemtype (zie toelichtingsboekje),,,(b),Gevlekte textuur B horizont,,,,,,,,,bodemserie Aba in de Zandleemstreek,"De serie Aba ontwikkeld in het Pleistocene loessdek vertoont onder de A horizont een aan klei en sesquioxiden aangerijkte textuur B horizont. De bouwvoor is een donkerbruin, homogeen humushoudend leem; bij Abao rust de Ap op een geelbruine overgangshoriz",Rest van Vlaanderen,Aba0(b)-ZLS,5,103E
948,948,"Eutric Gleyic Cambisols (Siltic, Colluvic)",Cambisols,CM-gl.eu,gl.eu,Gleyic,Eutric,-,Endogleyic,Siltic,Colluvic,Eutric,Adp,Brabants plateau,Zandleemstreek,Vochtige leem,Adp,Adp,Matig natte leembodem zonder profiel,,,A,leem,d,"matig nat, matig gleyig",p,zonder profielontwikkeling,,,,,,,,,,,,,,,bodemserie Adp in de Zandleemstreek,De bouwlaag vertoont een bruingrijze kleur die geleidelijk overgaat in niet gedifferentieerd colluviaal materiaal die baksteenrestjes en houtskoolfragmenten bevat. Het colluvium rust op een afgeknotte textuur B of op een Tertiair substraat. Roestverschij,Rest van Vlaanderen,Adp-ZLS,4,103E
949,949,Eutric Neocambic Retisols (Siltic),Retisols,RT-nc.eu,nc.eu,Neocambic,Eutric,-,-,Siltic,-,Eutric,Aba0(b),Brabants plateau,Zandleemstreek,Droge leem,Aba0(b),Aba,Droge leembodem met textuur B horizont,,,A,leem,b,"droog, niet gleyig",a,met textuur B horizont of met weinig duidelijke kleur B horizont,0,Betekenis afhankelijk van het bodemtype (zie toelichtingsboekje),,,(b),Gevlekte textuur B horizont,,,,,,,,,bodemserie Aba in de Zandleemstreek,"De serie Aba ontwikkeld in het Pleistocene loessdek vertoont onder de A horizont een aan klei en sesquioxiden aangerijkte textuur B horizont. De bouwvoor is een donkerbruin, homogeen humushoudend leem; bij Abao rust de Ap op een geelbruine overgangshoriz",Rest van Vlaanderen,Aba0(b)-ZLS,5,103E
950,950,Eutric Neocambic Retisols (Siltic),Retisols,RT-nc.eu,nc.eu,Neocambic,Eutric,-,-,Siltic,-,Eutric,Aba0(b),Brabants plateau,Zandleemstreek,Droge leem,Aba0(b),Aba,Droge leembodem met textuur B horizont,,,A,leem,b,"droog, niet gleyig",a,met textuur B horizont of met weinig duidelijke kleur B horizont,0,Betekenis afhankelijk van het bodemtype (zie toelichtingsboekje),,,(b),Gevlekte textuur B horizont,,,,,,,,,bodemserie Aba in de Zandleemstreek,"De serie Aba ontwikkeld in het Pleistocene loessdek vertoont onder de A horizont een aan klei en sesquioxiden aangerijkte textuur B horizont. De bouwvoor is een donkerbruin, homogeen humushoudend leem; bij Abao rust de Ap op een geelbruine overgangshoriz",Rest van Vlaanderen,Aba0(b)-ZLS,5,103E
951,951,Eutric Neocambic Retisols (Siltic),Retisols,RT-nc.eu,nc.eu,Neocambic,Eutric,-,-,Siltic,-,Eutric,Aba0(b),Brabants plateau,Zandleemstreek,Droge leem,Aba0(b),Aba,Droge leembodem met textuur B horizont,,,A,leem,b,"droog, niet gleyig",a,met textuur B horizont of met weinig duidelijke kleur B horizont,0,Betekenis afhankelijk van het bodemtype (zie toelichtingsboekje),,,(b),Gevlekte textuur B horizont,,,,,,,,,bodemserie Aba in de Zandleemstreek,"De serie Aba ontwikkeld in het Pleistocene loessdek vertoont onder de A horizont een aan klei en sesquioxiden aangerijkte textuur B horizont. De bouwvoor is een donkerbruin, homogeen humushoudend leem; bij Abao rust de Ap op een geelbruine overgangshoriz",Rest van Vlaanderen,Aba0(b)-ZLS,5,103E
952,952,Eutric Neocambic Retisols (Siltic),Retisols,RT-nc.eu,nc.eu,Neocambic,Eutric,-,-,Siltic,-,Eutric,Aba0(b),Brabants plateau,Zandleemstreek,Droge leem,Aba0(b),Aba,Droge leembodem met textuur B horizont,,,A,leem,b,"droog, niet gleyig",a,met textuur B horizont of met weinig duidelijke kleur B horizont,0,Betekenis afhankelijk van het bodemtype (zie toelichtingsboekje),,,(b),Gevlekte textuur B horizont,,,,,,,,,bodemserie Aba in de Zandleemstreek,"De serie Aba ontwikkeld in het Pleistocene loessdek vertoont onder de A horizont een aan klei en sesquioxiden aangerijkte textuur B horizont. De bouwvoor is een donkerbruin, homogeen humushoudend leem; bij Abao rust de Ap op een geelbruine overgangshoriz",Rest van Vlaanderen,Aba0(b)-ZLS,5,103E
953,953,Eutric Neocambic Retisols (Siltic),Retisols,RT-nc.eu,nc.eu,Neocambic,Eutric,-,-,Siltic,-,Eutric,Aba0(b),Brabants plateau,Zandleemstreek,Droge leem,Aba0(b),Aba,Droge leembodem met textuur B horizont,,,A,leem,b,"droog, niet gleyig",a,met textuur B horizont of met weinig duidelijke kleur B horizont,0,Betekenis afhankelijk van het bodemtype (zie toelichtingsboekje),,,(b),Gevlekte textuur B horizont,,,,,,,,,bodemserie Aba in de Zandleemstreek,"De serie Aba ontwikkeld in het Pleistocene loessdek vertoont onder de A horizont een aan klei en sesquioxiden aangerijkte textuur B horizont. De bouwvoor is een donkerbruin, homogeen humushoudend leem; bij Abao rust de Ap op een geelbruine overgangshoriz",Rest van Vlaanderen,Aba0(b)-ZLS,5,103E
954,954,"Eutric Gleyic Cambisols (Siltic, Colluvic)",Cambisols,CM-gl.eu,gl.eu,Gleyic,Eutric,-,Endogleyic,Siltic,Colluvic,Eutric,Adp,Brabants plateau,Zandleemstreek,Vochtige leem,Adp,Adp,Matig natte leembodem zonder profiel,,,A,leem,d,"matig nat, matig gleyig",p,zonder profielontwikkeling,,,,,,,,,,,,,,,bodemserie Adp in de Zandleemstreek,De bouwlaag vertoont een bruingrijze kleur die geleidelijk overgaat in niet gedifferentieerd colluviaal materiaal die baksteenrestjes en houtskoolfragmenten bevat. Het colluvium rust op een afgeknotte textuur B of op een Tertiair substraat. Roestverschij,Rest van Vlaanderen,Adp-ZLS,4,103E
955,955,Eutric Neocambic Retisols (Siltic),Retisols,RT-nc.eu,nc.eu,Neocambic,Eutric,-,-,Siltic,-,Eutric,Aba0(b),Brabants plateau,Zandleemstreek,Droge leem,Aba0(b),Aba,Droge leembodem met textuur B horizont,,,A,leem,b,"droog, niet gleyig",a,met textuur B horizont of met weinig duidelijke kleur B horizont,0,Betekenis afhankelijk van het bodemtype (zie toelichtingsboekje),,,(b),Gevlekte textuur B horizont,,,,,,,,,bodemserie Aba in de Zandleemstreek,"De serie Aba ontwikkeld in het Pleistocene loessdek vertoont onder de A horizont een aan klei en sesquioxiden aangerijkte textuur B horizont. De bouwvoor is een donkerbruin, homogeen humushoudend leem; bij Abao rust de Ap op een geelbruine overgangshoriz",Rest van Vlaanderen,Aba0(b)-ZLS,5,103E
956,956,Eutric Neocambic Retisols (Siltic),Retisols,RT-nc.eu,nc.eu,Neocambic,Eutric,-,-,Siltic,-,Eutric,Aba0(b),Brabants plateau,Zandleemstreek,Droge leem,Aba0(b),Aba,Droge leembodem met textuur B horizont,,,A,leem,b,"droog, niet gleyig",a,met textuur B horizont of met weinig duidelijke kleur B horizont,0,Betekenis afhankelijk van het bodemtype (zie toelichtingsboekje),,,(b),Gevlekte textuur B horizont,,,,,,,,,bodemserie Aba in de Zandleemstreek,"De serie Aba ontwikkeld in het Pleistocene loessdek vertoont onder de A horizont een aan klei en sesquioxiden aangerijkte textuur B horizont. De bouwvoor is een donkerbruin, homogeen humushoudend leem; bij Abao rust de Ap op een geelbruine overgangshoriz",Rest van Vlaanderen,Aba0(b)-ZLS,5,103E
957,957,Eutric Neocambic Retisols (Siltic),Retisols,RT-nc.eu,nc.eu,Neocambic,Eutric,-,-,Siltic,-,Eutric,Aba0(b),Brabants plateau,Zandleemstreek,Droge leem,Aba0(b),Aba,Droge leembodem met textuur B horizont,,,A,leem,b,"droog, niet gleyig",a,met textuur B horizont of met weinig duidelijke kleur B horizont,0,Betekenis afhankelijk van het bodemtype (zie toelichtingsboekje),,,(b),Gevlekte textuur B horizont,,,,,,,,,bodemserie Aba in de Zandleemstreek,"De serie Aba ontwikkeld in het Pleistocene loessdek vertoont onder de A horizont een aan klei en sesquioxiden aangerijkte textuur B horizont. De bouwvoor is een donkerbruin, homogeen humushoudend leem; bij Abao rust de Ap op een geelbruine overgangshoriz",Rest van Vlaanderen,Aba0(b)-ZLS,5,103E
958,958,Eutric Neocambic Retisols (Siltic),Retisols,RT-nc.eu,nc.eu,Neocambic,Eutric,-,-,Siltic,-,Eutric,Aba0(b),Brabants plateau,Zandleemstreek,Droge leem,Aba0(b),Aba,Droge leembodem met textuur B horizont,,,A,leem,b,"droog, niet gleyig",a,met textuur B horizont of met weinig duidelijke kleur B horizont,0,Betekenis afhankelijk van het bodemtype (zie toelichtingsboekje),,,(b),Gevlekte textuur B horizont,,,,,,,,,bodemserie Aba in de Zandleemstreek,"De serie Aba ontwikkeld in het Pleistocene loessdek vertoont onder de A horizont een aan klei en sesquioxiden aangerijkte textuur B horizont. De bouwvoor is een donkerbruin, homogeen humushoudend leem; bij Abao rust de Ap op een geelbruine overgangshoriz",Rest van Vlaanderen,Aba0(b)-ZLS,5,103E
959,959,Eutric Neocambic Retisols (Siltic),Retisols,RT-nc.eu,nc.eu,Neocambic,Eutric,-,-,Siltic,-,Eutric,Aba0(b),Brabants plateau,Zandleemstreek,Droge leem,Aba0(b),Aba,Droge leembodem met textuur B horizont,,,A,leem,b,"droog, niet gleyig",a,met textuur B horizont of met weinig duidelijke kleur B horizont,0,Betekenis afhankelijk van het bodemtype (zie toelichtingsboekje),,,(b),Gevlekte textuur B horizont,,,,,,,,,bodemserie Aba in de Zandleemstreek,"De serie Aba ontwikkeld in het Pleistocene loessdek vertoont onder de A horizont een aan klei en sesquioxiden aangerijkte textuur B horizont. De bouwvoor is een donkerbruin, homogeen humushoudend leem; bij Abao rust de Ap op een geelbruine overgangshoriz",Rest van Vlaanderen,Aba0(b)-ZLS,5,103E
960,960,Eutric Neocambic Retisols (Siltic),Retisols,RT-nc.eu,nc.eu,Neocambic,Eutric,-,-,Siltic,-,Eutric,Aba0(b),Brabants plateau,Zandleemstreek,Droge leem,Aba0(b),Aba,Droge leembodem met textuur B horizont,,,A,leem,b,"droog, niet gleyig",a,met textuur B horizont of met weinig duidelijke kleur B horizont,0,Betekenis afhankelijk van het bodemtype (zie toelichtingsboekje),,,(b),Gevlekte textuur B horizont,,,,,,,,,bodemserie Aba in de Zandleemstreek,"De serie Aba ontwikkeld in het Pleistocene loessdek vertoont onder de A horizont een aan klei en sesquioxiden aangerijkte textuur B horizont. De bouwvoor is een donkerbruin, homogeen humushoudend leem; bij Abao rust de Ap op een geelbruine overgangshoriz",Rest van Vlaanderen,Aba0(b)-ZLS,5,103E
961,961,Eutric Neocambic Retisols (Siltic),Retisols,RT-nc.eu,nc.eu,Neocambic,Eutric,-,-,Siltic,-,Eutric,Aba0(b),Brabants plateau,Zandleemstreek,Droge leem,Aba0(b),Aba,Droge leembodem met textuur B horizont,,,A,leem,b,"droog, niet gleyig",a,met textuur B horizont of met weinig duidelijke kleur B horizont,0,Betekenis afhankelijk van het bodemtype (zie toelichtingsboekje),,,(b),Gevlekte textuur B horizont,,,,,,,,,bodemserie Aba in de Zandleemstreek,"De serie Aba ontwikkeld in het Pleistocene loessdek vertoont onder de A horizont een aan klei en sesquioxiden aangerijkte textuur B horizont. De bouwvoor is een donkerbruin, homogeen humushoudend leem; bij Abao rust de Ap op een geelbruine overgangshoriz",Rest van Vlaanderen,Aba0(b)-ZLS,5,103E
962,962,Eutric Neocambic Retisols (Siltic),Retisols,RT-nc.eu,nc.eu,Neocambic,Eutric,-,-,Siltic,-,Eutric,Aba0(b),Brabants plateau,Zandleemstreek,Droge leem,Aba0(b),Aba,Droge leembodem met textuur B horizont,,,A,leem,b,"droog, niet gleyig",a,met textuur B horizont of met weinig duidelijke kleur B horizont,0,Betekenis afhankelijk van het bodemtype (zie toelichtingsboekje),,,(b),Gevlekte textuur B horizont,,,,,,,,,bodemserie Aba in de Zandleemstreek,"De serie Aba ontwikkeld in het Pleistocene loessdek vertoont onder de A horizont een aan klei en sesquioxiden aangerijkte textuur B horizont. De bouwvoor is een donkerbruin, homogeen humushoudend leem; bij Abao rust de Ap op een geelbruine overgangshoriz",Rest van Vlaanderen,Aba0(b)-ZLS,5,103E
963,963,Eutric Neocambic Retisols (Siltic),Retisols,RT-nc.eu,nc.eu,Neocambic,Eutric,-,-,Siltic,-,Eutric,Aba0(b),Brabants plateau,Zandleemstreek,Droge leem,Aba0(b),Aba,Droge leembodem met textuur B horizont,,,A,leem,b,"droog, niet gleyig",a,met textuur B horizont of met weinig duidelijke kleur B horizont,0,Betekenis afhankelijk van het bodemtype (zie toelichtingsboekje),,,(b),Gevlekte textuur B horizont,,,,,,,,,bodemserie Aba in de Zandleemstreek,"De serie Aba ontwikkeld in het Pleistocene loessdek vertoont onder de A horizont een aan klei en sesquioxiden aangerijkte textuur B horizont. De bouwvoor is een donkerbruin, homogeen humushoudend leem; bij Abao rust de Ap op een geelbruine overgangshoriz",Rest van Vlaanderen,Aba0(b)-ZLS,5,103E
964,964,Eutric Neocambic Retisols (Siltic),Retisols,RT-nc.eu,nc.eu,Neocambic,Eutric,-,-,Siltic,-,Eutric,Aba0(b),Brabants plateau,Zandleemstreek,Droge leem,Aba0(b),Aba,Droge leembodem met textuur B horizont,,,A,leem,b,"droog, niet gleyig",a,met textuur B horizont of met weinig duidelijke kleur B horizont,0,Betekenis afhankelijk van het bodemtype (zie toelichtingsboekje),,,(b),Gevlekte textuur B horizont,,,,,,,,,bodemserie Aba in de Zandleemstreek,"De serie Aba ontwikkeld in het Pleistocene loessdek vertoont onder de A horizont een aan klei en sesquioxiden aangerijkte textuur B horizont. De bouwvoor is een donkerbruin, homogeen humushoudend leem; bij Abao rust de Ap op een geelbruine overgangshoriz",Rest van Vlaanderen,Aba0(b)-ZLS,5,103E
965,965,Eutric Neocambic Retisols (Siltic),Retisols,RT-nc.eu,nc.eu,Neocambic,Eutric,-,-,Siltic,-,Eutric,Aba0(b),Brabants plateau,Zandleemstreek,Droge leem,Aba0(b),Aba,Droge leembodem met textuur B horizont,,,A,leem,b,"droog, niet gleyig",a,met textuur B horizont of met weinig duidelijke kleur B horizont,0,Betekenis afhankelijk van het bodemtype (zie toelichtingsboekje),,,(b),Gevlekte textuur B horizont,,,,,,,,,bodemserie Aba in de Zandleemstreek,"De serie Aba ontwikkeld in het Pleistocene loessdek vertoont onder de A horizont een aan klei en sesquioxiden aangerijkte textuur B horizont. De bouwvoor is een donkerbruin, homogeen humushoudend leem; bij Abao rust de Ap op een geelbruine overgangshoriz",Rest van Vlaanderen,Aba0(b)-ZLS,5,103E
966,966,Eutric Neocambic Retisols (Siltic),Retisols,RT-nc.eu,nc.eu,Neocambic,Eutric,-,-,Siltic,-,Eutric,Aba0(b),Brabants plateau,Zandleemstreek,Droge leem,Aba0(b),Aba,Droge leembodem met textuur B horizont,,,A,leem,b,"droog, niet gleyig",a,met textuur B horizont of met weinig duidelijke kleur B horizont,0,Betekenis afhankelijk van het bodemtype (zie toelichtingsboekje),,,(b),Gevlekte textuur B horizont,,,,,,,,,bodemserie Aba in de Zandleemstreek,"De serie Aba ontwikkeld in het Pleistocene loessdek vertoont onder de A horizont een aan klei en sesquioxiden aangerijkte textuur B horizont. De bouwvoor is een donkerbruin, homogeen humushoudend leem; bij Abao rust de Ap op een geelbruine overgangshoriz",Rest van Vlaanderen,Aba0(b)-ZLS,5,103E
1003,1003,Gleyic Luvisols (Loamic),Luvisols,LV-gl,gl,Gleyic,-,-,Endogleyic,Loamic,-,Eutric,Lda0,Dender-Zenne interfluvium,Zandleemstreek,Vochtig zandleem,Lda0,Lda,Matig natte zandleembodem met textuur B horizont,,,L,zandleem,d,"matig nat, matig gleyig",a,met textuur B horizont of met weinig duidelijke kleur B horizont,0,Betekenis afhankelijk van het bodemtype (zie toelichtingsboekje),,,,,,,,,,,,,bodemseries Lda en Ldc in de Zandleemstreek,"De Lda en Ldc series zijn matig natte, matig gleyige zandleemgronden met donker grijsbruine bouwvoor. Onder de Ap komt een bleekbruin uitgeloogde horizont voor die aan de kontaktzone met de textuur B zwakke roestverschijnselen vertoont. De textuur B is g",Rest van Vlaanderen,Lda0-ZLS,6,87W
1004,1004,Gleyic Luvisols (Loamic),Luvisols,LV-gl,gl,Gleyic,-,-,Endogleyic,Loamic,-,Eutric,Lda0,Dender-Zenne interfluvium,Zandleemstreek,Vochtig zandleem,Lda0,Lda,Matig natte zandleembodem met textuur B horizont,,,L,zandleem,d,"matig nat, matig gleyig",a,met textuur B horizont of met weinig duidelijke kleur B horizont,0,Betekenis afhankelijk van het bodemtype (zie toelichtingsboekje),,,,,,,,,,,,,bodemseries Lda en Ldc in de Zandleemstreek,"De Lda en Ldc series zijn matig natte, matig gleyige zandleemgronden met donker grijsbruine bouwvoor. Onder de Ap komt een bleekbruin uitgeloogde horizont voor die aan de kontaktzone met de textuur B zwakke roestverschijnselen vertoont. De textuur B is g",Rest van Vlaanderen,Lda0-ZLS,6,87W
1005,1005,Gleyic Luvisols (Loamic),Luvisols,LV-gl,gl,Gleyic,-,-,Endogleyic,Loamic,-,Eutric,Lda0,Dender-Zenne interfluvium,Zandleemstreek,Vochtig zandleem,Lda0,Lda,Matig natte zandleembodem met textuur B horizont,,,L,zandleem,d,"matig nat, matig gleyig",a,met textuur B horizont of met weinig duidelijke kleur B horizont,0,Betekenis afhankelijk van het bodemtype (zie toelichtingsboekje),,,,,,,,,,,,,bodemseries Lda en Ldc in de Zandleemstreek,"De Lda en Ldc series zijn matig natte, matig gleyige zandleemgronden met donker grijsbruine bouwvoor. Onder de Ap komt een bleekbruin uitgeloogde horizont voor die aan de kontaktzone met de textuur B zwakke roestverschijnselen vertoont. De textuur B is g",Rest van Vlaanderen,Lda0-ZLS,6,87W
1008,1008,Gleyic Luvisols (Loamic),Luvisols,LV-gl,gl,Gleyic,-,-,Endogleyic,Loamic,-,Eutric,Lda0,Dender-Zenne interfluvium,Zandleemstreek,Vochtig zandleem,Lda0,Lda,Matig natte zandleembodem met textuur B horizont,,,L,zandleem,d,"matig nat, matig gleyig",a,met textuur B horizont of met weinig duidelijke kleur B horizont,0,Betekenis afhankelijk van het bodemtype (zie toelichtingsboekje),,,,,,,,,,,,,bodemseries Lda en Ldc in de Zandleemstreek,"De Lda en Ldc series zijn matig natte, matig gleyige zandleemgronden met donker grijsbruine bouwvoor. Onder de Ap komt een bleekbruin uitgeloogde horizont voor die aan de kontaktzone met de textuur B zwakke roestverschijnselen vertoont. De textuur B is g",Rest van Vlaanderen,Lda0-ZLS,6,87W
1009,1009,Gleyic Luvisols (Loamic),Luvisols,LV-gl,gl,Gleyic,-,-,Endogleyic,Loamic,-,Eutric,Lda0,Dender-Zenne interfluvium,Zandleemstreek,Vochtig zandleem,Lda0,Lda,Matig natte zandleembodem met textuur B horizont,,,L,zandleem,d,"matig nat, matig gleyig",a,met textuur B horizont of met weinig duidelijke kleur B horizont,0,Betekenis afhankelijk van het bodemtype (zie toelichtingsboekje),,,,,,,,,,,,,bodemseries Lda en Ldc in de Zandleemstreek,"De Lda en Ldc series zijn matig natte, matig gleyige zandleemgronden met donker grijsbruine bouwvoor. Onder de Ap komt een bleekbruin uitgeloogde horizont voor die aan de kontaktzone met de textuur B zwakke roestverschijnselen vertoont. De textuur B is g",Rest van Vlaanderen,Lda0-ZLS,6,87W
1011,1011,Gleyic Luvisols (Siltic),Luvisols,LV-gl,gl,Gleyic,-,-,Endogleyic,Siltic,-,Eutric,Ada0,Dender-Zenne interfluvium,Zandleemstreek,Vochtige leem,Ada0,Ada,Matig natte leembodem met textuur B horizont,,,A,leem,d,"matig nat, matig gleyig",a,met textuur B horizont of met weinig duidelijke kleur B horizont,0,Betekenis afhankelijk van het bodemtype (zie toelichtingsboekje),,,,,,,,,,,,,bodemserie Ada in de Zandleemstreek,"Deze matig natte leemgronden vertonen een bruingrijze bovengrond, de E horizont, indien aanwezig, vertoont een bleekbruine kleur. Op de kontaktzone met de textuur B worden duidelijke roestvlekken waargenomen. De basiskleur van de textuur B is bruin met o",Rest van Vlaanderen,Ada0-ZLS,5,87W
1018,1018,Eutric Retic Stagnosols (Loamic),Stagnosols,ST-rt.eu,rt.eu,Retic,Eutric,-,Stagnic,Loamic,-,Eutric,Lhc0,Dender-Zenne interfluvium,Zandleemstreek,Nat zandleem,Lhc0,Lhc,"Natte zandleembodem met sterk gevlekte, verbrokkelde textuur B horizont",,,L,zandleem,h,"nat met relatief hoge ligging, sterk gleyig",c,"met sterk gevlekte textuur (bij lemige sedimenten), verbrokkelde textuur B horizont ( bij zandige sedimenten)",0,Betekenis afhankelijk van het bodemtype (zie toelichtingsboekje),,,,,,,,,,,,,bodemserie Lhc in de Zandleemstreek,"Bij de landbouwgronden is de humeuze bovengrond 25-30 cm dik, grijsbruin, en vertoont roestverschijnselen in het benedengedeelte. Onder bos heeft Lhc een ruwe humusbedekking. De onderliggende uitgeloogde horizont is duidelijk roestig en bleek tot grijsge",Rest van Vlaanderen,Lhc0-ZLS,6,87W
1019,1019,Eutric Retic Stagnosols (Loamic),Stagnosols,ST-rt.eu,rt.eu,Retic,Eutric,-,Stagnic,Loamic,-,Eutric,Lhc0,Dender-Zenne interfluvium,Zandleemstreek,Nat zandleem,Lhc0,Lhc,"Natte zandleembodem met sterk gevlekte, verbrokkelde textuur B horizont",,,L,zandleem,h,"nat met relatief hoge ligging, sterk gleyig",c,"met sterk gevlekte textuur (bij lemige sedimenten), verbrokkelde textuur B horizont ( bij zandige sedimenten)",0,Betekenis afhankelijk van het bodemtype (zie toelichtingsboekje),,,,,,,,,,,,,bodemserie Lhc in de Zandleemstreek,"Bij de landbouwgronden is de humeuze bovengrond 25-30 cm dik, grijsbruin, en vertoont roestverschijnselen in het benedengedeelte. Onder bos heeft Lhc een ruwe humusbedekking. De onderliggende uitgeloogde horizont is duidelijk roestig en bleek tot grijsge",Rest van Vlaanderen,Lhc0-ZLS,6,87W
1022,1022,Gleyic Luvisols (Loamic),Luvisols,LV-gl,gl,Gleyic,-,-,Endogleyic,Loamic,-,Eutric,Lda0,Dender-Zenne interfluvium,Zandleemstreek,Vochtig zandleem,Lda0,Lda,Matig natte zandleembodem met textuur B horizont,,,L,zandleem,d,"matig nat, matig gleyig",a,met textuur B horizont of met weinig duidelijke kleur B horizont,0,Betekenis afhankelijk van het bodemtype (zie toelichtingsboekje),,,,,,,,,,,,,bodemseries Lda en Ldc in de Zandleemstreek,"De Lda en Ldc series zijn matig natte, matig gleyige zandleemgronden met donker grijsbruine bouwvoor. Onder de Ap komt een bleekbruin uitgeloogde horizont voor die aan de kontaktzone met de textuur B zwakke roestverschijnselen vertoont. De textuur B is g",Rest van Vlaanderen,Lda0-ZLS,6,87W
1023,1023,Gleyic Luvisols (Loamic),Luvisols,LV-gl,gl,Gleyic,-,-,Endogleyic,Loamic,-,Eutric,Lda0,Dender-Zenne interfluvium,Zandleemstreek,Vochtig zandleem,Lda0,Lda,Matig natte zandleembodem met textuur B horizont,,,L,zandleem,d,"matig nat, matig gleyig",a,met textuur B horizont of met weinig duidelijke kleur B horizont,0,Betekenis afhankelijk van het bodemtype (zie toelichtingsboekje),,,,,,,,,,,,,bodemseries Lda en Ldc in de Zandleemstreek,"De Lda en Ldc series zijn matig natte, matig gleyige zandleemgronden met donker grijsbruine bouwvoor. Onder de Ap komt een bleekbruin uitgeloogde horizont voor die aan de kontaktzone met de textuur B zwakke roestverschijnselen vertoont. De textuur B is g",Rest van Vlaanderen,Lda0-ZLS,6,87W
1024,1024,Gleyic Luvisols (Siltic),Luvisols,LV-gl,gl,Gleyic,-,-,Endogleyic,Siltic,-,Eutric,Ada0,Dender-Zenne interfluvium,Zandleemstreek,Vochtige leem,Ada0,Ada,Matig natte leembodem met textuur B horizont,,,A,leem,d,"matig nat, matig gleyig",a,met textuur B horizont of met weinig duidelijke kleur B horizont,0,Betekenis afhankelijk van het bodemtype (zie toelichtingsboekje),,,,,,,,,,,,,bodemserie Ada in de Zandleemstreek,"Deze matig natte leemgronden vertonen een bruingrijze bovengrond, de E horizont, indien aanwezig, vertoont een bleekbruine kleur. Op de kontaktzone met de textuur B worden duidelijke roestvlekken waargenomen. De basiskleur van de textuur B is bruin met o",Rest van Vlaanderen,Ada0-ZLS,5,87W
1026,1026,Gleyic Luvisols (Loamic),Luvisols,LV-gl,gl,Gleyic,-,-,Endogleyic,Loamic,-,Eutric,Lda0,Dender-Zenne interfluvium,Zandleemstreek,Vochtig zandleem,Lda0,Lda,Matig natte zandleembodem met textuur B horizont,,,L,zandleem,d,"matig nat, matig gleyig",a,met textuur B horizont of met weinig duidelijke kleur B horizont,0,Betekenis afhankelijk van het bodemtype (zie toelichtingsboekje),,,,,,,,,,,,,bodemseries Lda en Ldc in de Zandleemstreek,"De Lda en Ldc series zijn matig natte, matig gleyige zandleemgronden met donker grijsbruine bouwvoor. Onder de Ap komt een bleekbruin uitgeloogde horizont voor die aan de kontaktzone met de textuur B zwakke roestverschijnselen vertoont. De textuur B is g",Rest van Vlaanderen,Lda0-ZLS,6,87W
1027,1027,Gleyic Luvisols (Loamic),Luvisols,LV-gl,gl,Gleyic,-,-,Endogleyic,Loamic,-,Eutric,Lda0,Dender-Zenne interfluvium,Zandleemstreek,Vochtig zandleem,Lda0,Lda,Matig natte zandleembodem met textuur B horizont,,,L,zandleem,d,"matig nat, matig gleyig",a,met textuur B horizont of met weinig duidelijke kleur B horizont,0,Betekenis afhankelijk van het bodemtype (zie toelichtingsboekje),,,,,,,,,,,,,bodemseries Lda en Ldc in de Zandleemstreek,"De Lda en Ldc series zijn matig natte, matig gleyige zandleemgronden met donker grijsbruine bouwvoor. Onder de Ap komt een bleekbruin uitgeloogde horizont voor die aan de kontaktzone met de textuur B zwakke roestverschijnselen vertoont. De textuur B is g",Rest van Vlaanderen,Lda0-ZLS,6,87W
1028,1028,Gleyic Luvisols (Loamic),Luvisols,LV-gl,gl,Gleyic,-,-,Endogleyic,Loamic,-,Eutric,Lda0,Dender-Zenne interfluvium,Zandleemstreek,Vochtig zandleem,Lda0,Lda,Matig natte zandleembodem met textuur B horizont,,,L,zandleem,d,"matig nat, matig gleyig",a,met textuur B horizont of met weinig duidelijke kleur B horizont,0,Betekenis afhankelijk van het bodemtype (zie toelichtingsboekje),,,,,,,,,,,,,bodemseries Lda en Ldc in de Zandleemstreek,"De Lda en Ldc series zijn matig natte, matig gleyige zandleemgronden met donker grijsbruine bouwvoor. Onder de Ap komt een bleekbruin uitgeloogde horizont voor die aan de kontaktzone met de textuur B zwakke roestverschijnselen vertoont. De textuur B is g",Rest van Vlaanderen,Lda0-ZLS,6,87W
1029,1029,Gleyic Luvisols (Loamic),Luvisols,LV-gl,gl,Gleyic,-,-,Endogleyic,Loamic,-,Eutric,Lda0,Dender-Zenne interfluvium,Zandleemstreek,Vochtig zandleem,Lda0,Lda,Matig natte zandleembodem met textuur B horizont,,,L,zandleem,d,"matig nat, matig gleyig",a,met textuur B horizont of met weinig duidelijke kleur B horizont,0,Betekenis afhankelijk van het bodemtype (zie toelichtingsboekje),,,,,,,,,,,,,bodemseries Lda en Ldc in de Zandleemstreek,"De Lda en Ldc series zijn matig natte, matig gleyige zandleemgronden met donker grijsbruine bouwvoor. Onder de Ap komt een bleekbruin uitgeloogde horizont voor die aan de kontaktzone met de textuur B zwakke roestverschijnselen vertoont. De textuur B is g",Rest van Vlaanderen,Lda0-ZLS,6,87W
1032,1032,Gleyic Luvisols (Loamic),Luvisols,LV-gl,gl,Gleyic,-,-,Endogleyic,Loamic,-,Eutric,Lda0,Dender-Zenne interfluvium,Zandleemstreek,Vochtig zandleem,Lda0,Lda,Matig natte zandleembodem met textuur B horizont,,,L,zandleem,d,"matig nat, matig gleyig",a,met textuur B horizont of met weinig duidelijke kleur B horizont,0,Betekenis afhankelijk van het bodemtype (zie toelichtingsboekje),,,,,,,,,,,,,bodemseries Lda en Ldc in de Zandleemstreek,"De Lda en Ldc series zijn matig natte, matig gleyige zandleemgronden met donker grijsbruine bouwvoor. Onder de Ap komt een bleekbruin uitgeloogde horizont voor die aan de kontaktzone met de textuur B zwakke roestverschijnselen vertoont. De textuur B is g",Rest van Vlaanderen,Lda0-ZLS,6,87W
1035,1035,Gleyic Luvisols (Loamic),Luvisols,LV-gl,gl,Gleyic,-,-,Endogleyic,Loamic,-,Eutric,Lda0,Dender-Zenne interfluvium,Zandleemstreek,Vochtig zandleem,Lda0,Lda,Matig natte zandleembodem met textuur B horizont,,,L,zandleem,d,"matig nat, matig gleyig",a,met textuur B horizont of met weinig duidelijke kleur B horizont,0,Betekenis afhankelijk van het bodemtype (zie toelichtingsboekje),,,,,,,,,,,,,bodemseries Lda en Ldc in de Zandleemstreek,"De Lda en Ldc series zijn matig natte, matig gleyige zandleemgronden met donker grijsbruine bouwvoor. Onder de Ap komt een bleekbruin uitgeloogde horizont voor die aan de kontaktzone met de textuur B zwakke roestverschijnselen vertoont. De textuur B is g",Rest van Vlaanderen,Lda0-ZLS,6,87W
1037,1037,Gleyic Luvisols (Loamic),Luvisols,LV-gl,gl,Gleyic,-,-,Endogleyic,Loamic,-,Eutric,Lda0,Dender-Zenne interfluvium,Zandleemstreek,Vochtig zandleem,Lda0,Lda,Matig natte zandleembodem met textuur B horizont,,,L,zandleem,d,"matig nat, matig gleyig",a,met textuur B horizont of met weinig duidelijke kleur B horizont,0,Betekenis afhankelijk van het bodemtype (zie toelichtingsboekje),,,,,,,,,,,,,bodemseries Lda en Ldc in de Zandleemstreek,"De Lda en Ldc series zijn matig natte, matig gleyige zandleemgronden met donker grijsbruine bouwvoor. Onder de Ap komt een bleekbruin uitgeloogde horizont voor die aan de kontaktzone met de textuur B zwakke roestverschijnselen vertoont. De textuur B is g",Rest van Vlaanderen,Lda0-ZLS,6,87W
1041,1041,Gleyic Luvisols (Siltic),Luvisols,LV-gl,gl,Gleyic,-,-,Endogleyic,Siltic,-,Eutric,Ada0,Dender-Zenne interfluvium,Zandleemstreek,Vochtige leem,Ada0,Ada,Matig natte leembodem met textuur B horizont,,,A,leem,d,"matig nat, matig gleyig",a,met textuur B horizont of met weinig duidelijke kleur B horizont,0,Betekenis afhankelijk van het bodemtype (zie toelichtingsboekje),,,,,,,,,,,,,bodemserie Ada in de Zandleemstreek,"Deze matig natte leemgronden vertonen een bruingrijze bovengrond, de E horizont, indien aanwezig, vertoont een bleekbruine kleur. Op de kontaktzone met de textuur B worden duidelijke roestvlekken waargenomen. De basiskleur van de textuur B is bruin met o",Rest van Vlaanderen,Ada0-ZLS,5,87W
1044,1044,Gleyic Luvisols (Loamic),Luvisols,LV-gl,gl,Gleyic,-,-,Endogleyic,Loamic,-,Eutric,Lda0,Dender-Zenne interfluvium,Zandleemstreek,Vochtig zandleem,Lda0,Lda,Matig natte zandleembodem met textuur B horizont,,,L,zandleem,d,"matig nat, matig gleyig",a,met textuur B horizont of met weinig duidelijke kleur B horizont,0,Betekenis afhankelijk van het bodemtype (zie toelichtingsboekje),,,,,,,,,,,,,bodemseries Lda en Ldc in de Zandleemstreek,"De Lda en Ldc series zijn matig natte, matig gleyige zandleemgronden met donker grijsbruine bouwvoor. Onder de Ap komt een bleekbruin uitgeloogde horizont voor die aan de kontaktzone met de textuur B zwakke roestverschijnselen vertoont. De textuur B is g",Rest van Vlaanderen,Lda0-ZLS,6,87W
1046,1046,Gleyic Luvisols (Siltic),Luvisols,LV-gl,gl,Gleyic,-,-,Endogleyic,Siltic,-,Eutric,Ada0,Dender-Zenne interfluvium,Zandleemstreek,Vochtige leem,Ada0,Ada,Matig natte leembodem met textuur B horizont,,,A,leem,d,"matig nat, matig gleyig",a,met textuur B horizont of met weinig duidelijke kleur B horizont,0,Betekenis afhankelijk van het bodemtype (zie toelichtingsboekje),,,,,,,,,,,,,bodemserie Ada in de Zandleemstreek,"Deze matig natte leemgronden vertonen een bruingrijze bovengrond, de E horizont, indien aanwezig, vertoont een bleekbruine kleur. Op de kontaktzone met de textuur B worden duidelijke roestvlekken waargenomen. De basiskleur van de textuur B is bruin met o",Rest van Vlaanderen,Ada0-ZLS,5,87W
1051,1051,Haplic Luvisols (Siltic),Luvisols,LV-ha,ha,Haplic,-,-,-,Siltic,-,Eutric,Aca0,Dender-Zenne interfluvium,Zandleemstreek,Vochtige leem,Aca0,Aca,Matig droge leembodem met textuur B horizont,,,A,leem,c,"matig droog, zwak gleyig",a,met textuur B horizont of met weinig duidelijke kleur B horizont,0,Betekenis afhankelijk van het bodemtype (zie toelichtingsboekje),,,,,,,,,,,,,bodemserie Aca in de Zandleemstreek,Deze matig droge leemgronden vertonen een gleyhorizont op matige diepte. De Acao gronden zijn niet ge_rodeerd en komen voor op de brede plateaus of zwakke hellingen. De meer gemrodeerde Aca1 gronden komen voor op hellingen of in de nabijheid van Tertiair,Rest van Vlaanderen,Aca0-ZLS,5,87W
1052,1052,Gleyic Luvisols (Siltic),Luvisols,LV-gl,gl,Gleyic,-,-,Endogleyic,Siltic,-,Eutric,Ada0,Dender-Zenne interfluvium,Zandleemstreek,Vochtige leem,Ada0,Ada,Matig natte leembodem met textuur B horizont,,,A,leem,d,"matig nat, matig gleyig",a,met textuur B horizont of met weinig duidelijke kleur B horizont,0,Betekenis afhankelijk van het bodemtype (zie toelichtingsboekje),,,,,,,,,,,,,bodemserie Ada in de Zandleemstreek,"Deze matig natte leemgronden vertonen een bruingrijze bovengrond, de E horizont, indien aanwezig, vertoont een bleekbruine kleur. Op de kontaktzone met de textuur B worden duidelijke roestvlekken waargenomen. De basiskleur van de textuur B is bruin met o",Rest van Vlaanderen,Ada0-ZLS,5,87W
1053,1053,Gleyic Luvisols (Siltic),Luvisols,LV-gl,gl,Gleyic,-,-,Endogleyic,Siltic,-,Eutric,Ada0,Dender-Zenne interfluvium,Zandleemstreek,Vochtige leem,Ada0,Ada,Matig natte leembodem met textuur B horizont,,,A,leem,d,"matig nat, matig gleyig",a,met textuur B horizont of met weinig duidelijke kleur B horizont,0,Betekenis afhankelijk van het bodemtype (zie toelichtingsboekje),,,,,,,,,,,,,bodemserie Ada in de Zandleemstreek,"Deze matig natte leemgronden vertonen een bruingrijze bovengrond, de E horizont, indien aanwezig, vertoont een bleekbruine kleur. Op de kontaktzone met de textuur B worden duidelijke roestvlekken waargenomen. De basiskleur van de textuur B is bruin met o",Rest van Vlaanderen,Ada0-ZLS,5,87W
1058,1058,Haplic Luvisols (Loamic),Luvisols,LV-ha,ha,Haplic,-,-,-,Loamic,-,Eutric,Lca0,Dender-Zenne interfluvium,Zandleemstreek,Vochtig zandleem,Lca0,Lca,Matig droge zandleembodem met textuur B horizont,,,L,zandleem,c,"matig droog, zwak gleyig",a,met textuur B horizont of met weinig duidelijke kleur B horizont,0,Betekenis afhankelijk van het bodemtype (zie toelichtingsboekje),,,,,,,,,,,,,bodemseries Lca en Lcc in de Zandleemstreek,"Bij beide series, Lca en Lcc, rust de Ap op een E horizont (ongeveer 40 cm dik) of rechtstreeks op de textuur B bij Lca of de verbrokkelde textuur B bij Lcc. Bij Lca is de textuur B aangereikt met klei en sesquioxiden, het is een bruin zwaar zandleem, bi",Rest van Vlaanderen,Lca0-ZLS,6,87W
1059,1059,Gleyic Luvisols (Loamic),Luvisols,LV-gl,gl,Gleyic,-,-,Endogleyic,Loamic,-,Eutric,Lda0,Dender-Zenne interfluvium,Zandleemstreek,Vochtig zandleem,Lda0,Lda,Matig natte zandleembodem met textuur B horizont,,,L,zandleem,d,"matig nat, matig gleyig",a,met textuur B horizont of met weinig duidelijke kleur B horizont,0,Betekenis afhankelijk van het bodemtype (zie toelichtingsboekje),,,,,,,,,,,,,bodemseries Lda en Ldc in de Zandleemstreek,"De Lda en Ldc series zijn matig natte, matig gleyige zandleemgronden met donker grijsbruine bouwvoor. Onder de Ap komt een bleekbruin uitgeloogde horizont voor die aan de kontaktzone met de textuur B zwakke roestverschijnselen vertoont. De textuur B is g",Rest van Vlaanderen,Lda0-ZLS,6,87W
1060,1060,Gleyic Luvisols (Loamic),Luvisols,LV-gl,gl,Gleyic,-,-,Endogleyic,Loamic,-,Eutric,Lda0,Dender-Zenne interfluvium,Zandleemstreek,Vochtig zandleem,Lda0,Lda,Matig natte zandleembodem met textuur B horizont,,,L,zandleem,d,"matig nat, matig gleyig",a,met textuur B horizont of met weinig duidelijke kleur B horizont,0,Betekenis afhankelijk van het bodemtype (zie toelichtingsboekje),,,,,,,,,,,,,bodemseries Lda en Ldc in de Zandleemstreek,"De Lda en Ldc series zijn matig natte, matig gleyige zandleemgronden met donker grijsbruine bouwvoor. Onder de Ap komt een bleekbruin uitgeloogde horizont voor die aan de kontaktzone met de textuur B zwakke roestverschijnselen vertoont. De textuur B is g",Rest van Vlaanderen,Lda0-ZLS,6,87W
1062,1062,Haplic Luvisols (Loamic),Luvisols,LV-ha,ha,Haplic,-,-,-,Loamic,-,Eutric,Lca0,Dender-Zenne interfluvium,Zandleemstreek,Vochtig zandleem,Lca0,Lca,Matig droge zandleembodem met textuur B horizont,,,L,zandleem,c,"matig droog, zwak gleyig",a,met textuur B horizont of met weinig duidelijke kleur B horizont,0,Betekenis afhankelijk van het bodemtype (zie toelichtingsboekje),,,,,,,,,,,,,bodemseries Lca en Lcc in de Zandleemstreek,"Bij beide series, Lca en Lcc, rust de Ap op een E horizont (ongeveer 40 cm dik) of rechtstreeks op de textuur B bij Lca of de verbrokkelde textuur B bij Lcc. Bij Lca is de textuur B aangereikt met klei en sesquioxiden, het is een bruin zwaar zandleem, bi",Rest van Vlaanderen,Lca0-ZLS,6,87W
1063,1063,Gleyic Luvisols (Loamic),Luvisols,LV-gl,gl,Gleyic,-,-,Endogleyic,Loamic,-,Eutric,Lda0,Dender-Zenne interfluvium,Zandleemstreek,Vochtig zandleem,Lda0,Lda,Matig natte zandleembodem met textuur B horizont,,,L,zandleem,d,"matig nat, matig gleyig",a,met textuur B horizont of met weinig duidelijke kleur B horizont,0,Betekenis afhankelijk van het bodemtype (zie toelichtingsboekje),,,,,,,,,,,,,bodemseries Lda en Ldc in de Zandleemstreek,"De Lda en Ldc series zijn matig natte, matig gleyige zandleemgronden met donker grijsbruine bouwvoor. Onder de Ap komt een bleekbruin uitgeloogde horizont voor die aan de kontaktzone met de textuur B zwakke roestverschijnselen vertoont. De textuur B is g",Rest van Vlaanderen,Lda0-ZLS,6,87W
1065,1065,Haplic Luvisols (Loamic),Luvisols,LV-ha,ha,Haplic,-,-,-,Loamic,-,Eutric,Lca0,Dender-Zenne interfluvium,Zandleemstreek,Vochtig zandleem,Lca0,Lca,Matig droge zandleembodem met textuur B horizont,,,L,zandleem,c,"matig droog, zwak gleyig",a,met textuur B horizont of met weinig duidelijke kleur B horizont,0,Betekenis afhankelijk van het bodemtype (zie toelichtingsboekje),,,,,,,,,,,,,bodemseries Lca en Lcc in de Zandleemstreek,"Bij beide series, Lca en Lcc, rust de Ap op een E horizont (ongeveer 40 cm dik) of rechtstreeks op de textuur B bij Lca of de verbrokkelde textuur B bij Lcc. Bij Lca is de textuur B aangereikt met klei en sesquioxiden, het is een bruin zwaar zandleem, bi",Rest van Vlaanderen,Lca0-ZLS,6,87W
1101,1101,Technosols/Not Surveyed,Technosols/Not Surveyed,TC,,-,-,-,-,-,-,-,OB,Depressie van de Netes,Kunstmatige gronden,Antropogeen,OB,OB,Bebouwde zones,,,,,,,,,,,,,,,O,kunstmatige gronden,,,B,bebouwde zones,,,bodemserie OB,Soms wordt het bodemprofiel door het ingrijpen van de mens gewijzigd of vernietigd (kunstmatige gronden). De bodems in de bebouwde zone (OB) zijn daar een voorbeeld van.,Zeepolders,OB-KUNST,2,30E
1102,1102,Technosols/Not Surveyed,Technosols/Not Surveyed,TC,,-,-,-,-,-,-,-,OB,Depressie van de Netes,Kunstmatige gronden,Antropogeen,OB,OB,Bebouwde zones,,,,,,,,,,,,,,,O,kunstmatige gronden,,,B,bebouwde zones,,,bodemserie OB,Soms wordt het bodemprofiel door het ingrijpen van de mens gewijzigd of vernietigd (kunstmatige gronden). De bodems in de bebouwde zone (OB) zijn daar een voorbeeld van.,Zeepolders,OB-KUNST,2,30E
1103,1103,Technosols/Not Surveyed,Technosols/Not Surveyed,TC,,-,-,-,-,-,-,-,OB,Depressie van de Netes,Kunstmatige gronden,Antropogeen,OB,OB,Bebouwde zones,,,,,,,,,,,,,,,O,kunstmatige gronden,,,B,bebouwde zones,,,bodemserie OB,Soms wordt het bodemprofiel door het ingrijpen van de mens gewijzigd of vernietigd (kunstmatige gronden). De bodems in de bebouwde zone (OB) zijn daar een voorbeeld van.,Zeepolders,OB-KUNST,7,17E
1104,1104,Technosols/Not Surveyed,Technosols/Not Surveyed,TC,,-,-,-,-,-,-,-,OB,Depressie van de Netes,Kunstmatige gronden,Antropogeen,OB,OB,Bebouwde zones,,,,,,,,,,,,,,,O,kunstmatige gronden,,,B,bebouwde zones,,,bodemserie OB,Soms wordt het bodemprofiel door het ingrijpen van de mens gewijzigd of vernietigd (kunstmatige gronden). De bodems in de bebouwde zone (OB) zijn daar een voorbeeld van.,Zeepolders,OB-KUNST,7,17E
1105,1105,Technosols/Not Surveyed,Technosols/Not Surveyed,TC,,-,-,-,-,-,-,-,OB,Depressie van de Netes,Kunstmatige gronden,Antropogeen,OB,OB,Bebouwde zones,,,,,,,,,,,,,,,O,kunstmatige gronden,,,B,bebouwde zones,,,bodemserie OB,Soms wordt het bodemprofiel door het ingrijpen van de mens gewijzigd of vernietigd (kunstmatige gronden). De bodems in de bebouwde zone (OB) zijn daar een voorbeeld van.,Zeepolders,OB-KUNST,7,17E
1106,1106,Technosols/Not Surveyed,Technosols/Not Surveyed,TC,,-,-,-,-,-,-,-,OB,Depressie van de Netes,Kunstmatige gronden,Antropogeen,OB,OB,Bebouwde zones,,,,,,,,,,,,,,,O,kunstmatige gronden,,,B,bebouwde zones,,,bodemserie OB,Soms wordt het bodemprofiel door het ingrijpen van de mens gewijzigd of vernietigd (kunstmatige gronden). De bodems in de bebouwde zone (OB) zijn daar een voorbeeld van.,Zeepolders,OB-KUNST,7,17E
1107,1107,Technosols/Not Surveyed,Technosols/Not Surveyed,TC,,-,-,-,-,-,-,-,OB,Depressie van de Netes,Kunstmatige gronden,Antropogeen,OB,OB,Bebouwde zones,,,,,,,,,,,,,,,O,kunstmatige gronden,,,B,bebouwde zones,,,bodemserie OB,Soms wordt het bodemprofiel door het ingrijpen van de mens gewijzigd of vernietigd (kunstmatige gronden). De bodems in de bebouwde zone (OB) zijn daar een voorbeeld van.,Zeepolders,OB-KUNST,7,17E
1108,1108,Technosols/Not Surveyed,Technosols/Not Surveyed,TC,,-,-,-,-,-,-,-,OB,Depressie van de Netes,Kunstmatige gronden,Antropogeen,OB,OB,Bebouwde zones,,,,,,,,,,,,,,,O,kunstmatige gronden,,,B,bebouwde zones,,,bodemserie OB,Soms wordt het bodemprofiel door het ingrijpen van de mens gewijzigd of vernietigd (kunstmatige gronden). De bodems in de bebouwde zone (OB) zijn daar een voorbeeld van.,Zeepolders,OB-KUNST,2,17E
1109,1109,Technosols/Not Surveyed,Technosols/Not Surveyed,TC,,-,-,-,-,-,-,-,OB,Depressie van de Netes,Kunstmatige gronden,Antropogeen,OB,OB,Bebouwde zones,,,,,,,,,,,,,,,O,kunstmatige gronden,,,B,bebouwde zones,,,bodemserie OB,Soms wordt het bodemprofiel door het ingrijpen van de mens gewijzigd of vernietigd (kunstmatige gronden). De bodems in de bebouwde zone (OB) zijn daar een voorbeeld van.,Zeepolders,OB-KUNST,7,17E
1110,1110,Technosols/Not Surveyed,Technosols/Not Surveyed,TC,,-,-,-,-,-,-,-,OB,Depressie van de Netes,Kunstmatige gronden,Antropogeen,OB,OB,Bebouwde zones,,,,,,,,,,,,,,,O,kunstmatige gronden,,,B,bebouwde zones,,,bodemserie OB,Soms wordt het bodemprofiel door het ingrijpen van de mens gewijzigd of vernietigd (kunstmatige gronden). De bodems in de bebouwde zone (OB) zijn daar een voorbeeld van.,Zeepolders,OB-KUNST,2,30E
1111,1111,Technosols/Not Surveyed,Technosols/Not Surveyed,TC,,-,-,-,-,-,-,-,OB,Depressie van de Netes,Kunstmatige gronden,Antropogeen,OB,OB,Bebouwde zones,,,,,,,,,,,,,,,O,kunstmatige gronden,,,B,bebouwde zones,,,bodemserie OB,Soms wordt het bodemprofiel door het ingrijpen van de mens gewijzigd of vernietigd (kunstmatige gronden). De bodems in de bebouwde zone (OB) zijn daar een voorbeeld van.,Zeepolders,OB-KUNST,2,30E
1112,1112,Technosols/Not Surveyed,Technosols/Not Surveyed,TC,,-,-,-,-,-,-,-,OB,Depressie van de Netes,Kunstmatige gronden,Antropogeen,OB,OB,Bebouwde zones,,,,,,,,,,,,,,,O,kunstmatige gronden,,,B,bebouwde zones,,,bodemserie OB,Soms wordt het bodemprofiel door het ingrijpen van de mens gewijzigd of vernietigd (kunstmatige gronden). De bodems in de bebouwde zone (OB) zijn daar een voorbeeld van.,Zeepolders,OB-KUNST,2,30E
1113,1113,Technosols/Not Surveyed,Technosols/Not Surveyed,TC,,-,-,-,-,-,-,-,OB,Depressie van de Netes,Kunstmatige gronden,Antropogeen,OB,OB,Bebouwde zones,,,,,,,,,,,,,,,O,kunstmatige gronden,,,B,bebouwde zones,,,bodemserie OB,Soms wordt het bodemprofiel door het ingrijpen van de mens gewijzigd of vernietigd (kunstmatige gronden). De bodems in de bebouwde zone (OB) zijn daar een voorbeeld van.,Zeepolders,OB-KUNST,2,30E
1114,1114,Technosols/Not Surveyed,Technosols/Not Surveyed,TC,,-,-,-,-,-,-,-,OB,Depressie van de Netes,Kunstmatige gronden,Antropogeen,OB,OB,Bebouwde zones,,,,,,,,,,,,,,,O,kunstmatige gronden,,,B,bebouwde zones,,,bodemserie OB,Soms wordt het bodemprofiel door het ingrijpen van de mens gewijzigd of vernietigd (kunstmatige gronden). De bodems in de bebouwde zone (OB) zijn daar een voorbeeld van.,Zeepolders,OB-KUNST,2,30E
1115,1115,Technosols/Not Surveyed,Technosols/Not Surveyed,TC,,-,-,-,-,-,-,-,OB,Depressie van de Netes,Kunstmatige gronden,Antropogeen,OB,OB,Bebouwde zones,,,,,,,,,,,,,,,O,kunstmatige gronden,,,B,bebouwde zones,,,bodemserie OB,Soms wordt het bodemprofiel door het ingrijpen van de mens gewijzigd of vernietigd (kunstmatige gronden). De bodems in de bebouwde zone (OB) zijn daar een voorbeeld van.,Zeepolders,OB-KUNST,2,30E
1116,1116,Technosols/Not Surveyed,Technosols/Not Surveyed,TC,,-,-,-,-,-,-,-,OB,Depressie van de Netes,Kunstmatige gronden,Antropogeen,OB,OB,Bebouwde zones,,,,,,,,,,,,,,,O,kunstmatige gronden,,,B,bebouwde zones,,,bodemserie OB,Soms wordt het bodemprofiel door het ingrijpen van de mens gewijzigd of vernietigd (kunstmatige gronden). De bodems in de bebouwde zone (OB) zijn daar een voorbeeld van.,Zeepolders,OB-KUNST,2,30E
1117,1117,Technosols/Not Surveyed,Technosols/Not Surveyed,TC,,-,-,-,-,-,-,-,OB,Depressie van de Netes,Kunstmatige gronden,Antropogeen,OB,OB,Bebouwde zones,,,,,,,,,,,,,,,O,kunstmatige gronden,,,B,bebouwde zones,,,bodemserie OB,Soms wordt het bodemprofiel door het ingrijpen van de mens gewijzigd of vernietigd (kunstmatige gronden). De bodems in de bebouwde zone (OB) zijn daar een voorbeeld van.,Zeepolders,OB-KUNST,2,30E
1118,1118,Technosols/Not Surveyed,Technosols/Not Surveyed,TC,,-,-,-,-,-,-,-,OB,Depressie van de Netes,Kunstmatige gronden,Antropogeen,OB,OB,Bebouwde zones,,,,,,,,,,,,,,,O,kunstmatige gronden,,,B,bebouwde zones,,,bodemserie OB,Soms wordt het bodemprofiel door het ingrijpen van de mens gewijzigd of vernietigd (kunstmatige gronden). De bodems in de bebouwde zone (OB) zijn daar een voorbeeld van.,Zeepolders,OB-KUNST,2,30E
1119,1119,Technosols/Not Surveyed,Technosols/Not Surveyed,TC,,-,-,-,-,-,-,-,OB,Depressie van de Netes,Kunstmatige gronden,Antropogeen,OB,OB,Bebouwde zones,,,,,,,,,,,,,,,O,kunstmatige gronden,,,B,bebouwde zones,,,bodemserie OB,Soms wordt het bodemprofiel door het ingrijpen van de mens gewijzigd of vernietigd (kunstmatige gronden). De bodems in de bebouwde zone (OB) zijn daar een voorbeeld van.,Zeepolders,OB-KUNST,2,30E
1120,1120,Technosols/Not Surveyed,Technosols/Not Surveyed,TC,,-,-,-,-,-,-,-,OB,Depressie van de Netes,Kunstmatige gronden,Antropogeen,OB,OB,Bebouwde zones,,,,,,,,,,,,,,,O,kunstmatige gronden,,,B,bebouwde zones,,,bodemserie OB,Soms wordt het bodemprofiel door het ingrijpen van de mens gewijzigd of vernietigd (kunstmatige gronden). De bodems in de bebouwde zone (OB) zijn daar een voorbeeld van.,Zeepolders,OB-KUNST,2,30E
1121,1121,Technosols/Not Surveyed,Technosols/Not Surveyed,TC,,-,-,-,-,-,-,-,OB,Depressie van de Netes,Kunstmatige gronden,Antropogeen,OB,OB,Bebouwde zones,,,,,,,,,,,,,,,O,kunstmatige gronden,,,B,bebouwde zones,,,bodemserie OB,Soms wordt het bodemprofiel door het ingrijpen van de mens gewijzigd of vernietigd (kunstmatige gronden). De bodems in de bebouwde zone (OB) zijn daar een voorbeeld van.,Zeepolders,OB-KUNST,2,30E
1122,1122,Technosols/Not Surveyed,Technosols/Not Surveyed,TC,,-,-,-,-,-,-,-,OB,Depressie van de Netes,Kunstmatige gronden,Antropogeen,OB,OB,Bebouwde zones,,,,,,,,,,,,,,,O,kunstmatige gronden,,,B,bebouwde zones,,,bodemserie OB,Soms wordt het bodemprofiel door het ingrijpen van de mens gewijzigd of vernietigd (kunstmatige gronden). De bodems in de bebouwde zone (OB) zijn daar een voorbeeld van.,Zeepolders,OB-KUNST,2,30E
1123,1123,Technosols/Not Surveyed,Technosols/Not Surveyed,TC,,-,-,-,-,-,-,-,OB,Depressie van de Netes,Kunstmatige gronden,Antropogeen,OB,OB,Bebouwde zones,,,,,,,,,,,,,,,O,kunstmatige gronden,,,B,bebouwde zones,,,bodemserie OB,Soms wordt het bodemprofiel door het ingrijpen van de mens gewijzigd of vernietigd (kunstmatige gronden). De bodems in de bebouwde zone (OB) zijn daar een voorbeeld van.,Zeepolders,OB-KUNST,2,30E
1124,1124,Technosols/Not Surveyed,Technosols/Not Surveyed,TC,,-,-,-,-,-,-,-,OB,Depressie van de Netes,Kunstmatige gronden,Antropogeen,OB,OB,Bebouwde zones,,,,,,,,,,,,,,,O,kunstmatige gronden,,,B,bebouwde zones,,,bodemserie OB,Soms wordt het bodemprofiel door het ingrijpen van de mens gewijzigd of vernietigd (kunstmatige gronden). De bodems in de bebouwde zone (OB) zijn daar een voorbeeld van.,Zeepolders,OB-KUNST,2,30E
1125,1125,Technosols/Not Surveyed,Technosols/Not Surveyed,TC,,-,-,-,-,-,-,-,OB,Depressie van de Netes,Kunstmatige gronden,Antropogeen,OB,OB,Bebouwde zones,,,,,,,,,,,,,,,O,kunstmatige gronden,,,B,bebouwde zones,,,bodemserie OB,Soms wordt het bodemprofiel door het ingrijpen van de mens gewijzigd of vernietigd (kunstmatige gronden). De bodems in de bebouwde zone (OB) zijn daar een voorbeeld van.,Zeepolders,OB-KUNST,2,17E
1126,1126,Technosols/Not Surveyed,Technosols/Not Surveyed,TC,,-,-,-,-,-,-,-,OB,Depressie van de Netes,Kunstmatige gronden,Antropogeen,OB,OB,Bebouwde zones,,,,,,,,,,,,,,,O,kunstmatige gronden,,,B,bebouwde zones,,,bodemserie OB,Soms wordt het bodemprofiel door het ingrijpen van de mens gewijzigd of vernietigd (kunstmatige gronden). De bodems in de bebouwde zone (OB) zijn daar een voorbeeld van.,Zeepolders,OB-KUNST,2,17E
1127,1127,Technosols/Not Surveyed,Technosols/Not Surveyed,TC,,-,-,-,-,-,-,-,OB,Depressie van de Netes,Kunstmatige gronden,Antropogeen,OB,OB,Bebouwde zones,,,,,,,,,,,,,,,O,kunstmatige gronden,,,B,bebouwde zones,,,bodemserie OB,Soms wordt het bodemprofiel door het ingrijpen van de mens gewijzigd of vernietigd (kunstmatige gronden). De bodems in de bebouwde zone (OB) zijn daar een voorbeeld van.,Zeepolders,OB-KUNST,2,17E
1128,1128,Technosols/Not Surveyed,Technosols/Not Surveyed,TC,,-,-,-,-,-,-,-,OB,Depressie van de Netes,Kunstmatige gronden,Antropogeen,OB,OB,Bebouwde zones,,,,,,,,,,,,,,,O,kunstmatige gronden,,,B,bebouwde zones,,,bodemserie OB,Soms wordt het bodemprofiel door het ingrijpen van de mens gewijzigd of vernietigd (kunstmatige gronden). De bodems in de bebouwde zone (OB) zijn daar een voorbeeld van.,Zeepolders,OB-KUNST,2,17E
1129,1129,Technosols/Not Surveyed,Technosols/Not Surveyed,TC,,-,-,-,-,-,-,-,OB,Depressie van de Netes,Kunstmatige gronden,Antropogeen,OB,OB,Bebouwde zones,,,,,,,,,,,,,,,O,kunstmatige gronden,,,B,bebouwde zones,,,bodemserie OB,Soms wordt het bodemprofiel door het ingrijpen van de mens gewijzigd of vernietigd (kunstmatige gronden). De bodems in de bebouwde zone (OB) zijn daar een voorbeeld van.,Zeepolders,OB-KUNST,2,17E
1130,1130,Technosols/Not Surveyed,Technosols/Not Surveyed,TC,,-,-,-,-,-,-,-,OB,Depressie van de Netes,Kunstmatige gronden,Antropogeen,OB,OB,Bebouwde zones,,,,,,,,,,,,,,,O,kunstmatige gronden,,,B,bebouwde zones,,,bodemserie OB,Soms wordt het bodemprofiel door het ingrijpen van de mens gewijzigd of vernietigd (kunstmatige gronden). De bodems in de bebouwde zone (OB) zijn daar een voorbeeld van.,Zeepolders,OB-KUNST,2,17E
1131,1131,Technosols/Not Surveyed,Technosols/Not Surveyed,TC,,-,-,-,-,-,-,-,OB,Depressie van de Netes,Kunstmatige gronden,Antropogeen,OB,OB,Bebouwde zones,,,,,,,,,,,,,,,O,kunstmatige gronden,,,B,bebouwde zones,,,bodemserie OB,Soms wordt het bodemprofiel door het ingrijpen van de mens gewijzigd of vernietigd (kunstmatige gronden). De bodems in de bebouwde zone (OB) zijn daar een voorbeeld van.,Zeepolders,OB-KUNST,2,17E
1132,1132,Technosols/Not Surveyed,Technosols/Not Surveyed,TC,,-,-,-,-,-,-,-,OB,Depressie van de Netes,Kunstmatige gronden,Antropogeen,OB,OB,Bebouwde zones,,,,,,,,,,,,,,,O,kunstmatige gronden,,,B,bebouwde zones,,,bodemserie OB,Soms wordt het bodemprofiel door het ingrijpen van de mens gewijzigd of vernietigd (kunstmatige gronden). De bodems in de bebouwde zone (OB) zijn daar een voorbeeld van.,Zeepolders,OB-KUNST,7,17E
1133,1133,Technosols/Not Surveyed,Technosols/Not Surveyed,TC,,-,-,-,-,-,-,-,OB,Depressie van de Netes,Kunstmatige gronden,Antropogeen,OB,OB,Bebouwde zones,,,,,,,,,,,,,,,O,kunstmatige gronden,,,B,bebouwde zones,,,bodemserie OB,Soms wordt het bodemprofiel door het ingrijpen van de mens gewijzigd of vernietigd (kunstmatige gronden). De bodems in de bebouwde zone (OB) zijn daar een voorbeeld van.,Zeepolders,OB-KUNST,7,17E
1134,1134,Technosols/Not Surveyed,Technosols/Not Surveyed,TC,,-,-,-,-,-,-,-,OB,Depressie van de Netes,Kunstmatige gronden,Antropogeen,OB,OB,Bebouwde zones,,,,,,,,,,,,,,,O,kunstmatige gronden,,,B,bebouwde zones,,,bodemserie OB,Soms wordt het bodemprofiel door het ingrijpen van de mens gewijzigd of vernietigd (kunstmatige gronden). De bodems in de bebouwde zone (OB) zijn daar een voorbeeld van.,Zeepolders,OB-KUNST,7,17E
1135,1135,Technosols/Not Surveyed,Technosols/Not Surveyed,TC,,-,-,-,-,-,-,-,OB,Depressie van de Netes,Kunstmatige gronden,Antropogeen,OB,OB,Bebouwde zones,,,,,,,,,,,,,,,O,kunstmatige gronden,,,B,bebouwde zones,,,bodemserie OB,Soms wordt het bodemprofiel door het ingrijpen van de mens gewijzigd of vernietigd (kunstmatige gronden). De bodems in de bebouwde zone (OB) zijn daar een voorbeeld van.,Zeepolders,OB-KUNST,7,17E
1136,1136,Technosols/Not Surveyed,Technosols/Not Surveyed,TC,,-,-,-,-,-,-,-,OB,Depressie van de Netes,Kunstmatige gronden,Antropogeen,OB,OB,Bebouwde zones,,,,,,,,,,,,,,,O,kunstmatige gronden,,,B,bebouwde zones,,,bodemserie OB,Soms wordt het bodemprofiel door het ingrijpen van de mens gewijzigd of vernietigd (kunstmatige gronden). De bodems in de bebouwde zone (OB) zijn daar een voorbeeld van.,Zeepolders,OB-KUNST,2,17E
1137,1137,Technosols/Not Surveyed,Technosols/Not Surveyed,TC,,-,-,-,-,-,-,-,OB,Depressie van de Netes,Kunstmatige gronden,Antropogeen,OB,OB,Bebouwde zones,,,,,,,,,,,,,,,O,kunstmatige gronden,,,B,bebouwde zones,,,bodemserie OB,Soms wordt het bodemprofiel door het ingrijpen van de mens gewijzigd of vernietigd (kunstmatige gronden). De bodems in de bebouwde zone (OB) zijn daar een voorbeeld van.,Zeepolders,OB-KUNST,7,17E
1138,1138,Technosols/Not Surveyed,Technosols/Not Surveyed,TC,,-,-,-,-,-,-,-,OB,Depressie van de Netes,Kunstmatige gronden,Antropogeen,OB,OB,Bebouwde zones,,,,,,,,,,,,,,,O,kunstmatige gronden,,,B,bebouwde zones,,,bodemserie OB,Soms wordt het bodemprofiel door het ingrijpen van de mens gewijzigd of vernietigd (kunstmatige gronden). De bodems in de bebouwde zone (OB) zijn daar een voorbeeld van.,Zeepolders,OB-KUNST,7,17E
1139,1139,Technosols/Not Surveyed,Technosols/Not Surveyed,TC,,-,-,-,-,-,-,-,OB,Depressie van de Netes,Kunstmatige gronden,Antropogeen,OB,OB,Bebouwde zones,,,,,,,,,,,,,,,O,kunstmatige gronden,,,B,bebouwde zones,,,bodemserie OB,Soms wordt het bodemprofiel door het ingrijpen van de mens gewijzigd of vernietigd (kunstmatige gronden). De bodems in de bebouwde zone (OB) zijn daar een voorbeeld van.,Zeepolders,OB-KUNST,7,17E
1140,1140,Technosols/Not Surveyed,Technosols/Not Surveyed,TC,,-,-,-,-,-,-,-,OB,Depressie van de Netes,Kunstmatige gronden,Antropogeen,OB,OB,Bebouwde zones,,,,,,,,,,,,,,,O,kunstmatige gronden,,,B,bebouwde zones,,,bodemserie OB,Soms wordt het bodemprofiel door het ingrijpen van de mens gewijzigd of vernietigd (kunstmatige gronden). De bodems in de bebouwde zone (OB) zijn daar een voorbeeld van.,Zeepolders,OB-KUNST,7,17E
1141,1141,Technosols/Not Surveyed,Technosols/Not Surveyed,TC,,-,-,-,-,-,-,-,OB,Depressie van de Netes,Kunstmatige gronden,Antropogeen,OB,OB,Bebouwde zones,,,,,,,,,,,,,,,O,kunstmatige gronden,,,B,bebouwde zones,,,bodemserie OB,Soms wordt het bodemprofiel door het ingrijpen van de mens gewijzigd of vernietigd (kunstmatige gronden). De bodems in de bebouwde zone (OB) zijn daar een voorbeeld van.,Zeepolders,OB-KUNST,7,17E
1142,1142,Technosols/Not Surveyed,Technosols/Not Surveyed,TC,,-,-,-,-,-,-,-,OB,Depressie van de Netes,Kunstmatige gronden,Antropogeen,OB,OB,Bebouwde zones,,,,,,,,,,,,,,,O,kunstmatige gronden,,,B,bebouwde zones,,,bodemserie OB,Soms wordt het bodemprofiel door het ingrijpen van de mens gewijzigd of vernietigd (kunstmatige gronden). De bodems in de bebouwde zone (OB) zijn daar een voorbeeld van.,Zeepolders,OB-KUNST,7,17E
1143,1143,Technosols/Not Surveyed,Technosols/Not Surveyed,TC,,-,-,-,-,-,-,-,OB,Depressie van de Netes,Kunstmatige gronden,Antropogeen,OB,OB,Bebouwde zones,,,,,,,,,,,,,,,O,kunstmatige gronden,,,B,bebouwde zones,,,bodemserie OB,Soms wordt het bodemprofiel door het ingrijpen van de mens gewijzigd of vernietigd (kunstmatige gronden). De bodems in de bebouwde zone (OB) zijn daar een voorbeeld van.,Zeepolders,OB-KUNST,7,17E
1144,1144,Technosols/Not Surveyed,Technosols/Not Surveyed,TC,,-,-,-,-,-,-,-,OB,Depressie van de Netes,Kunstmatige gronden,Antropogeen,OB,OB,Bebouwde zones,,,,,,,,,,,,,,,O,kunstmatige gronden,,,B,bebouwde zones,,,bodemserie OB,Soms wordt het bodemprofiel door het ingrijpen van de mens gewijzigd of vernietigd (kunstmatige gronden). De bodems in de bebouwde zone (OB) zijn daar een voorbeeld van.,Zeepolders,OB-KUNST,7,17E
1145,1145,Technosols/Not Surveyed,Technosols/Not Surveyed,TC,,-,-,-,-,-,-,-,OB,Depressie van de Netes,Kunstmatige gronden,Antropogeen,OB,OB,Bebouwde zones,,,,,,,,,,,,,,,O,kunstmatige gronden,,,B,bebouwde zones,,,bodemserie OB,Soms wordt het bodemprofiel door het ingrijpen van de mens gewijzigd of vernietigd (kunstmatige gronden). De bodems in de bebouwde zone (OB) zijn daar een voorbeeld van.,Zeepolders,OB-KUNST,7,17E
1146,1146,Technosols/Not Surveyed,Technosols/Not Surveyed,TC,,-,-,-,-,-,-,-,OB,Depressie van de Netes,Kunstmatige gronden,Antropogeen,OB,OB,Bebouwde zones,,,,,,,,,,,,,,,O,kunstmatige gronden,,,B,bebouwde zones,,,bodemserie OB,Soms wordt het bodemprofiel door het ingrijpen van de mens gewijzigd of vernietigd (kunstmatige gronden). De bodems in de bebouwde zone (OB) zijn daar een voorbeeld van.,Zeepolders,OB-KUNST,7,17E
1147,1147,Technosols/Not Surveyed,Technosols/Not Surveyed,TC,,-,-,-,-,-,-,-,OB,Depressie van de Netes,Kunstmatige gronden,Antropogeen,OB,OB,Bebouwde zones,,,,,,,,,,,,,,,O,kunstmatige gronden,,,B,bebouwde zones,,,bodemserie OB,Soms wordt het bodemprofiel door het ingrijpen van de mens gewijzigd of vernietigd (kunstmatige gronden). De bodems in de bebouwde zone (OB) zijn daar een voorbeeld van.,Zeepolders,OB-KUNST,7,17E
1148,1148,Technosols/Not Surveyed,Technosols/Not Surveyed,TC,,-,-,-,-,-,-,-,OB,Depressie van de Netes,Kunstmatige gronden,Antropogeen,OB,OB,Bebouwde zones,,,,,,,,,,,,,,,O,kunstmatige gronden,,,B,bebouwde zones,,,bodemserie OB,Soms wordt het bodemprofiel door het ingrijpen van de mens gewijzigd of vernietigd (kunstmatige gronden). De bodems in de bebouwde zone (OB) zijn daar een voorbeeld van.,Zeepolders,OB-KUNST,7,17E
1149,1149,Technosols/Not Surveyed,Technosols/Not Surveyed,TC,,-,-,-,-,-,-,-,OB,Depressie van de Netes,Kunstmatige gronden,Antropogeen,OB,OB,Bebouwde zones,,,,,,,,,,,,,,,O,kunstmatige gronden,,,B,bebouwde zones,,,bodemserie OB,Soms wordt het bodemprofiel door het ingrijpen van de mens gewijzigd of vernietigd (kunstmatige gronden). De bodems in de bebouwde zone (OB) zijn daar een voorbeeld van.,Zeepolders,OB-KUNST,7,17E
1150,1150,Technosols/Not Surveyed,Technosols/Not Surveyed,TC,,-,-,-,-,-,-,-,OB,Depressie van de Netes,Kunstmatige gronden,Antropogeen,OB,OB,Bebouwde zones,,,,,,,,,,,,,,,O,kunstmatige gronden,,,B,bebouwde zones,,,bodemserie OB,Soms wordt het bodemprofiel door het ingrijpen van de mens gewijzigd of vernietigd (kunstmatige gronden). De bodems in de bebouwde zone (OB) zijn daar een voorbeeld van.,Zeepolders,OB-KUNST,7,17E
1151,1151,Technosols/Not Surveyed,Technosols/Not Surveyed,TC,,-,-,-,-,-,-,-,OB,Depressie van de Netes,Kunstmatige gronden,Antropogeen,OB,OB,Bebouwde zones,,,,,,,,,,,,,,,O,kunstmatige gronden,,,B,bebouwde zones,,,bodemserie OB,Soms wordt het bodemprofiel door het ingrijpen van de mens gewijzigd of vernietigd (kunstmatige gronden). De bodems in de bebouwde zone (OB) zijn daar een voorbeeld van.,Zeepolders,OB-KUNST,7,17E
1152,1152,Technosols/Not Surveyed,Technosols/Not Surveyed,TC,,-,-,-,-,-,-,-,OB,Depressie van de Netes,Kunstmatige gronden,Antropogeen,OB,OB,Bebouwde zones,,,,,,,,,,,,,,,O,kunstmatige gronden,,,B,bebouwde zones,,,bodemserie OB,Soms wordt het bodemprofiel door het ingrijpen van de mens gewijzigd of vernietigd (kunstmatige gronden). De bodems in de bebouwde zone (OB) zijn daar een voorbeeld van.,Zeepolders,OB-KUNST,7,17E
1153,1153,Technosols/Not Surveyed,Technosols/Not Surveyed,TC,,-,-,-,-,-,-,-,OB,Depressie van de Netes,Kunstmatige gronden,Antropogeen,OB,OB,Bebouwde zones,,,,,,,,,,,,,,,O,kunstmatige gronden,,,B,bebouwde zones,,,bodemserie OB,Soms wordt het bodemprofiel door het ingrijpen van de mens gewijzigd of vernietigd (kunstmatige gronden). De bodems in de bebouwde zone (OB) zijn daar een voorbeeld van.,Zeepolders,OB-KUNST,7,17E
1154,1154,Technosols/Not Surveyed,Technosols/Not Surveyed,TC,,-,-,-,-,-,-,-,OB,Depressie van de Netes,Kunstmatige gronden,Antropogeen,OB,OB,Bebouwde zones,,,,,,,,,,,,,,,O,kunstmatige gronden,,,B,bebouwde zones,,,bodemserie OB,Soms wordt het bodemprofiel door het ingrijpen van de mens gewijzigd of vernietigd (kunstmatige gronden). De bodems in de bebouwde zone (OB) zijn daar een voorbeeld van.,Zeepolders,OB-KUNST,7,17E
1155,1155,Technosols/Not Surveyed,Technosols/Not Surveyed,TC,,-,-,-,-,-,-,-,OB,Depressie van de Netes,Kunstmatige gronden,Antropogeen,OB,OB,Bebouwde zones,,,,,,,,,,,,,,,O,kunstmatige gronden,,,B,bebouwde zones,,,bodemserie OB,Soms wordt het bodemprofiel door het ingrijpen van de mens gewijzigd of vernietigd (kunstmatige gronden). De bodems in de bebouwde zone (OB) zijn daar een voorbeeld van.,Zeepolders,OB-KUNST,7,17E
1156,1156,Technosols/Not Surveyed,Technosols/Not Surveyed,TC,,-,-,-,-,-,-,-,OB,Depressie van de Netes,Kunstmatige gronden,Antropogeen,OB,OB,Bebouwde zones,,,,,,,,,,,,,,,O,kunstmatige gronden,,,B,bebouwde zones,,,bodemserie OB,Soms wordt het bodemprofiel door het ingrijpen van de mens gewijzigd of vernietigd (kunstmatige gronden). De bodems in de bebouwde zone (OB) zijn daar een voorbeeld van.,Zeepolders,OB-KUNST,7,17E
1157,1157,Technosols/Not Surveyed,Technosols/Not Surveyed,TC,,-,-,-,-,-,-,-,OB,Depressie van de Netes,Kunstmatige gronden,Antropogeen,OB,OB,Bebouwde zones,,,,,,,,,,,,,,,O,kunstmatige gronden,,,B,bebouwde zones,,,bodemserie OB,Soms wordt het bodemprofiel door het ingrijpen van de mens gewijzigd of vernietigd (kunstmatige gronden). De bodems in de bebouwde zone (OB) zijn daar een voorbeeld van.,Zeepolders,OB-KUNST,7,17E
1158,1158,Technosols/Not Surveyed,Technosols/Not Surveyed,TC,,-,-,-,-,-,-,-,OB,Depressie van de Netes,Kunstmatige gronden,Antropogeen,OB,OB,Bebouwde zones,,,,,,,,,,,,,,,O,kunstmatige gronden,,,B,bebouwde zones,,,bodemserie OB,Soms wordt het bodemprofiel door het ingrijpen van de mens gewijzigd of vernietigd (kunstmatige gronden). De bodems in de bebouwde zone (OB) zijn daar een voorbeeld van.,Zeepolders,OB-KUNST,7,17E
1159,1159,Technosols/Not Surveyed,Technosols/Not Surveyed,TC,,-,-,-,-,-,-,-,OB,Depressie van de Netes,Kunstmatige gronden,Antropogeen,OB,OB,Bebouwde zones,,,,,,,,,,,,,,,O,kunstmatige gronden,,,B,bebouwde zones,,,bodemserie OB,Soms wordt het bodemprofiel door het ingrijpen van de mens gewijzigd of vernietigd (kunstmatige gronden). De bodems in de bebouwde zone (OB) zijn daar een voorbeeld van.,Zeepolders,OB-KUNST,7,17E
1160,1160,Technosols/Not Surveyed,Technosols/Not Surveyed,TC,,-,-,-,-,-,-,-,OB,Depressie van de Netes,Kunstmatige gronden,Antropogeen,OB,OB,Bebouwde zones,,,,,,,,,,,,,,,O,kunstmatige gronden,,,B,bebouwde zones,,,bodemserie OB,Soms wordt het bodemprofiel door het ingrijpen van de mens gewijzigd of vernietigd (kunstmatige gronden). De bodems in de bebouwde zone (OB) zijn daar een voorbeeld van.,Zeepolders,OB-KUNST,7,17E
1161,1161,Technosols/Not Surveyed,Technosols/Not Surveyed,TC,,-,-,-,-,-,-,-,OB,Depressie van de Netes,Kunstmatige gronden,Antropogeen,OB,OB,Bebouwde zones,,,,,,,,,,,,,,,O,kunstmatige gronden,,,B,bebouwde zones,,,bodemserie OB,Soms wordt het bodemprofiel door het ingrijpen van de mens gewijzigd of vernietigd (kunstmatige gronden). De bodems in de bebouwde zone (OB) zijn daar een voorbeeld van.,Zeepolders,OB-KUNST,7,17E
1162,1162,Technosols/Not Surveyed,Technosols/Not Surveyed,TC,,-,-,-,-,-,-,-,OB,Depressie van de Netes,Kunstmatige gronden,Antropogeen,OB,OB,Bebouwde zones,,,,,,,,,,,,,,,O,kunstmatige gronden,,,B,bebouwde zones,,,bodemserie OB,Soms wordt het bodemprofiel door het ingrijpen van de mens gewijzigd of vernietigd (kunstmatige gronden). De bodems in de bebouwde zone (OB) zijn daar een voorbeeld van.,Zeepolders,OB-KUNST,7,17E
1163,1163,Technosols/Not Surveyed,Technosols/Not Surveyed,TC,,-,-,-,-,-,-,-,OB,Depressie van de Netes,Kunstmatige gronden,Antropogeen,OB,OB,Bebouwde zones,,,,,,,,,,,,,,,O,kunstmatige gronden,,,B,bebouwde zones,,,bodemserie OB,Soms wordt het bodemprofiel door het ingrijpen van de mens gewijzigd of vernietigd (kunstmatige gronden). De bodems in de bebouwde zone (OB) zijn daar een voorbeeld van.,Zeepolders,OB-KUNST,7,17E
1164,1164,Technosols/Not Surveyed,Technosols/Not Surveyed,TC,,-,-,-,-,-,-,-,OB,Depressie van de Netes,Kunstmatige gronden,Antropogeen,OB,OB,Bebouwde zones,,,,,,,,,,,,,,,O,kunstmatige gronden,,,B,bebouwde zones,,,bodemserie OB,Soms wordt het bodemprofiel door het ingrijpen van de mens gewijzigd of vernietigd (kunstmatige gronden). De bodems in de bebouwde zone (OB) zijn daar een voorbeeld van.,Zeepolders,OB-KUNST,7,17E
1165,1165,Technosols/Not Surveyed,Technosols/Not Surveyed,TC,,-,-,-,-,-,-,-,OB,Depressie van de Netes,Kunstmatige gronden,Antropogeen,OB,OB,Bebouwde zones,,,,,,,,,,,,,,,O,kunstmatige gronden,,,B,bebouwde zones,,,bodemserie OB,Soms wordt het bodemprofiel door het ingrijpen van de mens gewijzigd of vernietigd (kunstmatige gronden). De bodems in de bebouwde zone (OB) zijn daar een voorbeeld van.,Zeepolders,OB-KUNST,2,17E
1166,1166,Technosols/Not Surveyed,Technosols/Not Surveyed,TC,,-,-,-,-,-,-,-,OB,Depressie van de Netes,Kunstmatige gronden,Antropogeen,OB,OB,Bebouwde zones,,,,,,,,,,,,,,,O,kunstmatige gronden,,,B,bebouwde zones,,,bodemserie OB,Soms wordt het bodemprofiel door het ingrijpen van de mens gewijzigd of vernietigd (kunstmatige gronden). De bodems in de bebouwde zone (OB) zijn daar een voorbeeld van.,Zeepolders,OB-KUNST,2,17E
1167,1167,Technosols/Not Surveyed,Technosols/Not Surveyed,TC,,-,-,-,-,-,-,-,OB,Depressie van de Netes,Kunstmatige gronden,Antropogeen,OB,OB,Bebouwde zones,,,,,,,,,,,,,,,O,kunstmatige gronden,,,B,bebouwde zones,,,bodemserie OB,Soms wordt het bodemprofiel door het ingrijpen van de mens gewijzigd of vernietigd (kunstmatige gronden). De bodems in de bebouwde zone (OB) zijn daar een voorbeeld van.,Zeepolders,OB-KUNST,2,17E
1168,1168,Technosols/Not Surveyed,Technosols/Not Surveyed,TC,,-,-,-,-,-,-,-,OB,Depressie van de Netes,Kunstmatige gronden,Antropogeen,OB,OB,Bebouwde zones,,,,,,,,,,,,,,,O,kunstmatige gronden,,,B,bebouwde zones,,,bodemserie OB,Soms wordt het bodemprofiel door het ingrijpen van de mens gewijzigd of vernietigd (kunstmatige gronden). De bodems in de bebouwde zone (OB) zijn daar een voorbeeld van.,Zeepolders,OB-KUNST,2,17E
1169,1169,Technosols/Not Surveyed,Technosols/Not Surveyed,TC,,-,-,-,-,-,-,-,OB,Depressie van de Netes,Kunstmatige gronden,Antropogeen,OB,OB,Bebouwde zones,,,,,,,,,,,,,,,O,kunstmatige gronden,,,B,bebouwde zones,,,bodemserie OB,Soms wordt het bodemprofiel door het ingrijpen van de mens gewijzigd of vernietigd (kunstmatige gronden). De bodems in de bebouwde zone (OB) zijn daar een voorbeeld van.,Zeepolders,OB-KUNST,2,17E
1170,1170,Technosols/Not Surveyed,Technosols/Not Surveyed,TC,,-,-,-,-,-,-,-,OB,Depressie van de Netes,Kunstmatige gronden,Antropogeen,OB,OB,Bebouwde zones,,,,,,,,,,,,,,,O,kunstmatige gronden,,,B,bebouwde zones,,,bodemserie OB,Soms wordt het bodemprofiel door het ingrijpen van de mens gewijzigd of vernietigd (kunstmatige gronden). De bodems in de bebouwde zone (OB) zijn daar een voorbeeld van.,Zeepolders,OB-KUNST,2,17E
1171,1171,Technosols/Not Surveyed,Technosols/Not Surveyed,TC,,-,-,-,-,-,-,-,OB,Depressie van de Netes,Kunstmatige gronden,Antropogeen,OB,OB,Bebouwde zones,,,,,,,,,,,,,,,O,kunstmatige gronden,,,B,bebouwde zones,,,bodemserie OB,Soms wordt het bodemprofiel door het ingrijpen van de mens gewijzigd of vernietigd (kunstmatige gronden). De bodems in de bebouwde zone (OB) zijn daar een voorbeeld van.,Zeepolders,OB-KUNST,2,17E
1172,1172,Technosols/Not Surveyed,Technosols/Not Surveyed,TC,,-,-,-,-,-,-,-,OB,Depressie van de Netes,Kunstmatige gronden,Antropogeen,OB,OB,Bebouwde zones,,,,,,,,,,,,,,,O,kunstmatige gronden,,,B,bebouwde zones,,,bodemserie OB,Soms wordt het bodemprofiel door het ingrijpen van de mens gewijzigd of vernietigd (kunstmatige gronden). De bodems in de bebouwde zone (OB) zijn daar een voorbeeld van.,Zeepolders,OB-KUNST,2,17E
1173,1173,Technosols/Not Surveyed,Technosols/Not Surveyed,TC,,-,-,-,-,-,-,-,OB,Depressie van de Netes,Kunstmatige gronden,Antropogeen,OB,OB,Bebouwde zones,,,,,,,,,,,,,,,O,kunstmatige gronden,,,B,bebouwde zones,,,bodemserie OB,Soms wordt het bodemprofiel door het ingrijpen van de mens gewijzigd of vernietigd (kunstmatige gronden). De bodems in de bebouwde zone (OB) zijn daar een voorbeeld van.,Zeepolders,OB-KUNST,2,17E
1174,1174,Technosols/Not Surveyed,Technosols/Not Surveyed,TC,,-,-,-,-,-,-,-,OB,Depressie van de Netes,Kunstmatige gronden,Antropogeen,OB,OB,Bebouwde zones,,,,,,,,,,,,,,,O,kunstmatige gronden,,,B,bebouwde zones,,,bodemserie OB,Soms wordt het bodemprofiel door het ingrijpen van de mens gewijzigd of vernietigd (kunstmatige gronden). De bodems in de bebouwde zone (OB) zijn daar een voorbeeld van.,Zeepolders,OB-KUNST,2,17E
1175,1175,Technosols/Not Surveyed,Technosols/Not Surveyed,TC,,-,-,-,-,-,-,-,OB,Depressie van de Netes,Kunstmatige gronden,Antropogeen,OB,OB,Bebouwde zones,,,,,,,,,,,,,,,O,kunstmatige gronden,,,B,bebouwde zones,,,bodemserie OB,Soms wordt het bodemprofiel door het ingrijpen van de mens gewijzigd of vernietigd (kunstmatige gronden). De bodems in de bebouwde zone (OB) zijn daar een voorbeeld van.,Zeepolders,OB-KUNST,2,17E
1176,1176,Technosols/Not Surveyed,Technosols/Not Surveyed,TC,,-,-,-,-,-,-,-,OB,Depressie van de Netes,Kunstmatige gronden,Antropogeen,OB,OB,Bebouwde zones,,,,,,,,,,,,,,,O,kunstmatige gronden,,,B,bebouwde zones,,,bodemserie OB,Soms wordt het bodemprofiel door het ingrijpen van de mens gewijzigd of vernietigd (kunstmatige gronden). De bodems in de bebouwde zone (OB) zijn daar een voorbeeld van.,Zeepolders,OB-KUNST,2,17E
1177,1177,Technosols/Not Surveyed,Technosols/Not Surveyed,TC,,-,-,-,-,-,-,-,OB,Depressie van de Netes,Kunstmatige gronden,Antropogeen,OB,OB,Bebouwde zones,,,,,,,,,,,,,,,O,kunstmatige gronden,,,B,bebouwde zones,,,bodemserie OB,Soms wordt het bodemprofiel door het ingrijpen van de mens gewijzigd of vernietigd (kunstmatige gronden). De bodems in de bebouwde zone (OB) zijn daar een voorbeeld van.,Zeepolders,OB-KUNST,2,17E
1178,1178,"Fluvic Gleyic Umbrisols (Loamic, Fluvic, Ruptic)",Umbrisols,UM-gl.fv,gl.fv,Gleyic,Fluvic,-,Amphigleyic,Loamic,"Fluvic, Ruptic",Dystric,s-Pfp,Depressie van de Netes,Kempen,Nat zandleem,s-Pfp,Pfp,Zeer natte licht zandleembodem zonder profiel,s-,Zand op geringe of matige diepte,P,licht zandleem,f,"zeer nat, zeer sterk gleyig met reductiehorizont",p,zonder profielontwikkeling,,,,,,,,,,,,,,,"bodemseries Pfp, Pfc en Pfg en complexen PFp en PFg in de Kempen","Deze zeer natte grondwatergronden (Pfp, Pfc, Pfg) hebben de wateroverlast als gemeenschappelijk kenmerk. Overstroomd in de winter en nog vochtig in de zomer zijn ze ongeschikt voor akkerland of tuinbouw. Algemeen zijn ze in gebruik als minderwaardige hoo",Rest van Vlaanderen,s-Pfp-K,2,17E
1201,1201,"Gleyic Terric Retisols (Loamic, Ruptic)",Retisols,RT-tr.gl,tr.gl,Terric,Gleyic,-,Endogleyic,Loamic,Ruptic,Eutric,w-Pdc3(h),Centrale Boomse cuesta,Zandstreek,Vochtig zandleem,w-Pdc3(h),Pdc,"Matig natte licht zandleembodem met sterk gevlekte, verbrokkelde textuur B horizont",w-,klei-zand op geringe of matige diepte,P,licht zandleem,d,"matig nat, matig gleyig",c,"met sterk gevlekte textuur (bij lemige sedimenten), verbrokkelde textuur B horizont ( bij zandige sedimenten)",3,Betekenis afhankelijk van het bodemtype (zie toelichtingsboekje),,,(h),"Sterk gevlekte, verbrokkelde of discontinue textuur-B horizont",,,,,,,,,bodemserie Pdc en complexen PDc en PdC in de Zandstreek,"De bouwlaag van deze gronden is zeer donker grijsbruin en humusrijk. Vanaf 30 cm diepte is het materiaal bruin tot bleekbruin, meestal komen in deze horizont roestverschijnselen voor vanaf 40-60 cm. De sterk verbrokkelde en gevlekte textuur B begint tuss",Rest van Vlaanderen,w-Pdc3(h)-ZS,6,29W
1202,1202,"Fluvic Gleyic Phaeozems (Loamic, Fluvic, Ruptic)",Phaeozems,PH-gl.fv,gl.fv,Gleyic,Fluvic,-,Endogleyic,Loamic,"Fluvic, Ruptic",Eutric,w-Lep3,Centrale Boomse cuesta,Zandstreek,Nat zandleem,w-Lep3,Lep,Natte zandleembodem zonder profiel,w-,klei-zand op geringe of matige diepte,L,zandleem,e,"nat, sterk gleyig met reductiehorizont",p,zonder profielontwikkeling,3,Betekenis afhankelijk van het bodemtype (zie toelichtingsboekje),,,,,,,,,,,,,"bodemseries Lep, Leb, Lec, Lef, Leg, Leh en Lem en complex LeP in de Zandstreek","Deze hydromorfe sterk gleyige grondwatergronden op zandleem hebben roestverschijnselen vanaf 20 cm en vertonen een reductiehorizont tussen 100 en 120 cm. Het zijn permanent natte gronden welke vooral in lage depressies, beekvalleien (en riviervalleien) v",Rest van Vlaanderen,w-Lep3-ZS,4,29W
1203,1203,"Fluvic Gleyic Phaeozems (Loamic, Fluvic, Ruptic)",Phaeozems,PH-gl.fv,gl.fv,Gleyic,Fluvic,-,Endogleyic,Loamic,"Fluvic, Ruptic",Eutric,w-Lep3,Centrale Boomse cuesta,Zandstreek,Nat zandleem,w-Lep3,Lep,Natte zandleembodem zonder profiel,w-,klei-zand op geringe of matige diepte,L,zandleem,e,"nat, sterk gleyig met reductiehorizont",p,zonder profielontwikkeling,3,Betekenis afhankelijk van het bodemtype (zie toelichtingsboekje),,,,,,,,,,,,,"bodemseries Lep, Leb, Lec, Lef, Leg, Leh en Lem en complex LeP in de Zandstreek","Deze hydromorfe sterk gleyige grondwatergronden op zandleem hebben roestverschijnselen vanaf 20 cm en vertonen een reductiehorizont tussen 100 en 120 cm. Het zijn permanent natte gronden welke vooral in lage depressies, beekvalleien (en riviervalleien) v",Rest van Vlaanderen,w-Lep3-ZS,4,29W
1204,1204,"Fluvic Gleyic Phaeozems (Loamic, Fluvic, Ruptic)",Phaeozems,PH-gl.fv,gl.fv,Gleyic,Fluvic,-,Endogleyic,Loamic,"Fluvic, Ruptic",Eutric,w-Lep3,Centrale Boomse cuesta,Zandstreek,Nat zandleem,w-Lep3,Lep,Natte zandleembodem zonder profiel,w-,klei-zand op geringe of matige diepte,L,zandleem,e,"nat, sterk gleyig met reductiehorizont",p,zonder profielontwikkeling,3,Betekenis afhankelijk van het bodemtype (zie toelichtingsboekje),,,,,,,,,,,,,"bodemseries Lep, Leb, Lec, Lef, Leg, Leh en Lem en complex LeP in de Zandstreek","Deze hydromorfe sterk gleyige grondwatergronden op zandleem hebben roestverschijnselen vanaf 20 cm en vertonen een reductiehorizont tussen 100 en 120 cm. Het zijn permanent natte gronden welke vooral in lage depressies, beekvalleien (en riviervalleien) v",Rest van Vlaanderen,w-Lep3-ZS,4,29W
1205,1205,"Fluvic Gleyic Phaeozems (Loamic, Fluvic, Ruptic)",Phaeozems,PH-gl.fv,gl.fv,Gleyic,Fluvic,-,Endogleyic,Loamic,"Fluvic, Ruptic",Eutric,w-Lep3,Centrale Boomse cuesta,Zandstreek,Nat zandleem,w-Lep3,Lep,Natte zandleembodem zonder profiel,w-,klei-zand op geringe of matige diepte,L,zandleem,e,"nat, sterk gleyig met reductiehorizont",p,zonder profielontwikkeling,3,Betekenis afhankelijk van het bodemtype (zie toelichtingsboekje),,,,,,,,,,,,,"bodemseries Lep, Leb, Lec, Lef, Leg, Leh en Lem en complex LeP in de Zandstreek","Deze hydromorfe sterk gleyige grondwatergronden op zandleem hebben roestverschijnselen vanaf 20 cm en vertonen een reductiehorizont tussen 100 en 120 cm. Het zijn permanent natte gronden welke vooral in lage depressies, beekvalleien (en riviervalleien) v",Rest van Vlaanderen,w-Lep3-ZS,4,29W
1206,1206,"Gleyic Terric Retisols (Loamic, Ruptic)",Retisols,RT-tr.gl,tr.gl,Terric,Gleyic,-,Endogleyic,Loamic,Ruptic,Eutric,w-Pdc3(h),Centrale Boomse cuesta,Zandstreek,Vochtig zandleem,w-Pdc3(h),Pdc,"Matig natte licht zandleembodem met sterk gevlekte, verbrokkelde textuur B horizont",w-,klei-zand op geringe of matige diepte,P,licht zandleem,d,"matig nat, matig gleyig",c,"met sterk gevlekte textuur (bij lemige sedimenten), verbrokkelde textuur B horizont ( bij zandige sedimenten)",3,Betekenis afhankelijk van het bodemtype (zie toelichtingsboekje),,,(h),"Sterk gevlekte, verbrokkelde of discontinue textuur-B horizont",,,,,,,,,bodemserie Pdc en complexen PDc en PdC in de Zandstreek,"De bouwlaag van deze gronden is zeer donker grijsbruin en humusrijk. Vanaf 30 cm diepte is het materiaal bruin tot bleekbruin, meestal komen in deze horizont roestverschijnselen voor vanaf 40-60 cm. De sterk verbrokkelde en gevlekte textuur B begint tuss",Rest van Vlaanderen,w-Pdc3(h)-ZS,6,29W
1207,1207,"Fluvic Gleyic Phaeozems (Loamic, Fluvic, Ruptic)",Phaeozems,PH-gl.fv,gl.fv,Gleyic,Fluvic,-,Endogleyic,Loamic,"Fluvic, Ruptic",Eutric,w-Lep3,Centrale Boomse cuesta,Zandstreek,Nat zandleem,w-Lep3,Lep,Natte zandleembodem zonder profiel,w-,klei-zand op geringe of matige diepte,L,zandleem,e,"nat, sterk gleyig met reductiehorizont",p,zonder profielontwikkeling,3,Betekenis afhankelijk van het bodemtype (zie toelichtingsboekje),,,,,,,,,,,,,"bodemseries Lep, Leb, Lec, Lef, Leg, Leh en Lem en complex LeP in de Zandstreek","Deze hydromorfe sterk gleyige grondwatergronden op zandleem hebben roestverschijnselen vanaf 20 cm en vertonen een reductiehorizont tussen 100 en 120 cm. Het zijn permanent natte gronden welke vooral in lage depressies, beekvalleien (en riviervalleien) v",Rest van Vlaanderen,w-Lep3-ZS,4,29W
1208,1208,"Fluvic Gleyic Phaeozems (Loamic, Fluvic, Ruptic)",Phaeozems,PH-gl.fv,gl.fv,Gleyic,Fluvic,-,Endogleyic,Loamic,"Fluvic, Ruptic",Eutric,w-Lep3,Centrale Boomse cuesta,Zandstreek,Nat zandleem,w-Lep3,Lep,Natte zandleembodem zonder profiel,w-,klei-zand op geringe of matige diepte,L,zandleem,e,"nat, sterk gleyig met reductiehorizont",p,zonder profielontwikkeling,3,Betekenis afhankelijk van het bodemtype (zie toelichtingsboekje),,,,,,,,,,,,,"bodemseries Lep, Leb, Lec, Lef, Leg, Leh en Lem en complex LeP in de Zandstreek","Deze hydromorfe sterk gleyige grondwatergronden op zandleem hebben roestverschijnselen vanaf 20 cm en vertonen een reductiehorizont tussen 100 en 120 cm. Het zijn permanent natte gronden welke vooral in lage depressies, beekvalleien (en riviervalleien) v",Rest van Vlaanderen,w-Lep3-ZS,4,29W
1209,1209,"Fluvic Gleyic Phaeozems (Loamic, Fluvic, Ruptic)",Phaeozems,PH-gl.fv,gl.fv,Gleyic,Fluvic,-,Endogleyic,Loamic,"Fluvic, Ruptic",Eutric,w-Lep3,Centrale Boomse cuesta,Zandstreek,Nat zandleem,w-Lep3,Lep,Natte zandleembodem zonder profiel,w-,klei-zand op geringe of matige diepte,L,zandleem,e,"nat, sterk gleyig met reductiehorizont",p,zonder profielontwikkeling,3,Betekenis afhankelijk van het bodemtype (zie toelichtingsboekje),,,,,,,,,,,,,"bodemseries Lep, Leb, Lec, Lef, Leg, Leh en Lem en complex LeP in de Zandstreek","Deze hydromorfe sterk gleyige grondwatergronden op zandleem hebben roestverschijnselen vanaf 20 cm en vertonen een reductiehorizont tussen 100 en 120 cm. Het zijn permanent natte gronden welke vooral in lage depressies, beekvalleien (en riviervalleien) v",Rest van Vlaanderen,w-Lep3-ZS,4,29W
1210,1210,"Fluvic Gleyic Phaeozems (Loamic, Fluvic, Ruptic)",Phaeozems,PH-gl.fv,gl.fv,Gleyic,Fluvic,-,Endogleyic,Loamic,"Fluvic, Ruptic",Eutric,w-Lep3,Centrale Boomse cuesta,Zandstreek,Nat zandleem,w-Lep3,Lep,Natte zandleembodem zonder profiel,w-,klei-zand op geringe of matige diepte,L,zandleem,e,"nat, sterk gleyig met reductiehorizont",p,zonder profielontwikkeling,3,Betekenis afhankelijk van het bodemtype (zie toelichtingsboekje),,,,,,,,,,,,,"bodemseries Lep, Leb, Lec, Lef, Leg, Leh en Lem en complex LeP in de Zandstreek","Deze hydromorfe sterk gleyige grondwatergronden op zandleem hebben roestverschijnselen vanaf 20 cm en vertonen een reductiehorizont tussen 100 en 120 cm. Het zijn permanent natte gronden welke vooral in lage depressies, beekvalleien (en riviervalleien) v",Rest van Vlaanderen,w-Lep3-ZS,4,29W
1211,1211,Terric Anthrosols (Loamic),Anthrosols,AT-tr,tr,Terric,-,-,-,Loamic,-,Eutric,Pcm,Centrale Boomse cuesta,Zandstreek,Vochtig zandleem,Pcm,Pcm,Matig droge licht zandleembodem met dikke antropogene humus A horizont,,,P,licht zandleem,c,"matig droog, zwak gleyig",m,met dikke antropogene humus A horizont,,,,,,,,,,,,,,,bodemserie Pcm in de Zandstreek,"Bij deze plaggenbodems is de humeuze bovengrond meer dan 60 cm dik. Tussen het humeus dek van de Postpodzol en de verbrokkelde Podzol B komt een bruinachtig overgangshorizont voor; bij de plaggenbodem rust het dik humeuze dek, meestal onmiddellijk op een",Rest van Vlaanderen,Pcm-ZS,6,29W
1212,1212,Terric Anthrosols (Loamic),Anthrosols,AT-tr,tr,Terric,-,-,Endogleyic,Loamic,-,Eutric,Pdm,Centrale Boomse cuesta,Zandstreek,Vochtig zandleem,Pdm,Pdm,Matig natte licht zandleembodem met dikke antropogene humus A horizont,,,P,licht zandleem,d,"matig nat, matig gleyig",m,met dikke antropogene humus A horizont,,,,,,,,,,,,,,,bodemseries Pdm in de Zandstreek,"Deze matig natte plaggenbodems hebben een diepe humeuze bovengrond (minstens 60 cm). De bovengrond rust op een sterk gegleyificeerde ondergrond met, soms een bedolven Podzol, maar veelal een weinig duidelijke profielontwikkeling. De roestverschijnselen,",Rest van Vlaanderen,Pdm-ZS,6,29W
1213,1213,"Fluvic Gleyic Phaeozems (Loamic, Fluvic, Ruptic)",Phaeozems,PH-gl.fv,gl.fv,Gleyic,Fluvic,-,Endogleyic,Loamic,"Fluvic, Ruptic",Eutric,w-Lep3,Centrale Boomse cuesta,Zandstreek,Nat zandleem,w-Lep3,Lep,Natte zandleembodem zonder profiel,w-,klei-zand op geringe of matige diepte,L,zandleem,e,"nat, sterk gleyig met reductiehorizont",p,zonder profielontwikkeling,3,Betekenis afhankelijk van het bodemtype (zie toelichtingsboekje),,,,,,,,,,,,,"bodemseries Lep, Leb, Lec, Lef, Leg, Leh en Lem en complex LeP in de Zandstreek","Deze hydromorfe sterk gleyige grondwatergronden op zandleem hebben roestverschijnselen vanaf 20 cm en vertonen een reductiehorizont tussen 100 en 120 cm. Het zijn permanent natte gronden welke vooral in lage depressies, beekvalleien (en riviervalleien) v",Rest van Vlaanderen,w-Lep3-ZS,4,29W
1214,1214,"Fluvic Gleyic Phaeozems (Loamic, Fluvic, Ruptic)",Phaeozems,PH-gl.fv,gl.fv,Gleyic,Fluvic,-,Endogleyic,Loamic,"Fluvic, Ruptic",Eutric,w-Lep3,Centrale Boomse cuesta,Zandstreek,Nat zandleem,w-Lep3,Lep,Natte zandleembodem zonder profiel,w-,klei-zand op geringe of matige diepte,L,zandleem,e,"nat, sterk gleyig met reductiehorizont",p,zonder profielontwikkeling,3,Betekenis afhankelijk van het bodemtype (zie toelichtingsboekje),,,,,,,,,,,,,"bodemseries Lep, Leb, Lec, Lef, Leg, Leh en Lem en complex LeP in de Zandstreek","Deze hydromorfe sterk gleyige grondwatergronden op zandleem hebben roestverschijnselen vanaf 20 cm en vertonen een reductiehorizont tussen 100 en 120 cm. Het zijn permanent natte gronden welke vooral in lage depressies, beekvalleien (en riviervalleien) v",Rest van Vlaanderen,w-Lep3-ZS,4,29W
1215,1215,"Fluvic Gleyic Phaeozems (Loamic, Fluvic, Ruptic)",Phaeozems,PH-gl.fv,gl.fv,Gleyic,Fluvic,-,Endogleyic,Loamic,"Fluvic, Ruptic",Eutric,w-Lep3,Centrale Boomse cuesta,Zandstreek,Nat zandleem,w-Lep3,Lep,Natte zandleembodem zonder profiel,w-,klei-zand op geringe of matige diepte,L,zandleem,e,"nat, sterk gleyig met reductiehorizont",p,zonder profielontwikkeling,3,Betekenis afhankelijk van het bodemtype (zie toelichtingsboekje),,,,,,,,,,,,,"bodemseries Lep, Leb, Lec, Lef, Leg, Leh en Lem en complex LeP in de Zandstreek","Deze hydromorfe sterk gleyige grondwatergronden op zandleem hebben roestverschijnselen vanaf 20 cm en vertonen een reductiehorizont tussen 100 en 120 cm. Het zijn permanent natte gronden welke vooral in lage depressies, beekvalleien (en riviervalleien) v",Rest van Vlaanderen,w-Lep3-ZS,4,29W
1216,1216,Terric Anthrosols (Loamic),Anthrosols,AT-tr,tr,Terric,-,-,Endogleyic,Loamic,-,Eutric,Pdm,Centrale Boomse cuesta,Zandstreek,Vochtig zandleem,Pdm,Pdm,Matig natte licht zandleembodem met dikke antropogene humus A horizont,,,P,licht zandleem,d,"matig nat, matig gleyig",m,met dikke antropogene humus A horizont,,,,,,,,,,,,,,,bodemseries Pdm in de Zandstreek,"Deze matig natte plaggenbodems hebben een diepe humeuze bovengrond (minstens 60 cm). De bovengrond rust op een sterk gegleyificeerde ondergrond met, soms een bedolven Podzol, maar veelal een weinig duidelijke profielontwikkeling. De roestverschijnselen,",Rest van Vlaanderen,Pdm-ZS,6,29W
1217,1217,"Fluvic Gleyic Phaeozems (Loamic, Fluvic, Ruptic)",Phaeozems,PH-gl.fv,gl.fv,Gleyic,Fluvic,-,Endogleyic,Loamic,"Fluvic, Ruptic",Eutric,w-Lep3,Centrale Boomse cuesta,Zandstreek,Nat zandleem,w-Lep3,Lep,Natte zandleembodem zonder profiel,w-,klei-zand op geringe of matige diepte,L,zandleem,e,"nat, sterk gleyig met reductiehorizont",p,zonder profielontwikkeling,3,Betekenis afhankelijk van het bodemtype (zie toelichtingsboekje),,,,,,,,,,,,,"bodemseries Lep, Leb, Lec, Lef, Leg, Leh en Lem en complex LeP in de Zandstreek","Deze hydromorfe sterk gleyige grondwatergronden op zandleem hebben roestverschijnselen vanaf 20 cm en vertonen een reductiehorizont tussen 100 en 120 cm. Het zijn permanent natte gronden welke vooral in lage depressies, beekvalleien (en riviervalleien) v",Rest van Vlaanderen,w-Lep3-ZS,4,29W
1218,1218,"Fluvic Gleyic Phaeozems (Loamic, Fluvic, Ruptic)",Phaeozems,PH-gl.fv,gl.fv,Gleyic,Fluvic,-,Endogleyic,Loamic,"Fluvic, Ruptic",Eutric,w-Lep3,Centrale Boomse cuesta,Zandstreek,Nat zandleem,w-Lep3,Lep,Natte zandleembodem zonder profiel,w-,klei-zand op geringe of matige diepte,L,zandleem,e,"nat, sterk gleyig met reductiehorizont",p,zonder profielontwikkeling,3,Betekenis afhankelijk van het bodemtype (zie toelichtingsboekje),,,,,,,,,,,,,"bodemseries Lep, Leb, Lec, Lef, Leg, Leh en Lem en complex LeP in de Zandstreek","Deze hydromorfe sterk gleyige grondwatergronden op zandleem hebben roestverschijnselen vanaf 20 cm en vertonen een reductiehorizont tussen 100 en 120 cm. Het zijn permanent natte gronden welke vooral in lage depressies, beekvalleien (en riviervalleien) v",Rest van Vlaanderen,w-Lep3-ZS,4,29W
1219,1219,"Fluvic Gleyic Phaeozems (Loamic, Fluvic, Ruptic)",Phaeozems,PH-gl.fv,gl.fv,Gleyic,Fluvic,-,Endogleyic,Loamic,"Fluvic, Ruptic",Eutric,w-Lep3,Centrale Boomse cuesta,Zandstreek,Nat zandleem,w-Lep3,Lep,Natte zandleembodem zonder profiel,w-,klei-zand op geringe of matige diepte,L,zandleem,e,"nat, sterk gleyig met reductiehorizont",p,zonder profielontwikkeling,3,Betekenis afhankelijk van het bodemtype (zie toelichtingsboekje),,,,,,,,,,,,,"bodemseries Lep, Leb, Lec, Lef, Leg, Leh en Lem en complex LeP in de Zandstreek","Deze hydromorfe sterk gleyige grondwatergronden op zandleem hebben roestverschijnselen vanaf 20 cm en vertonen een reductiehorizont tussen 100 en 120 cm. Het zijn permanent natte gronden welke vooral in lage depressies, beekvalleien (en riviervalleien) v",Rest van Vlaanderen,w-Lep3-ZS,4,29W
1220,1220,"Fluvic Gleyic Phaeozems (Loamic, Fluvic, Ruptic)",Phaeozems,PH-gl.fv,gl.fv,Gleyic,Fluvic,-,Endogleyic,Loamic,"Fluvic, Ruptic",Eutric,w-Lep3,Centrale Boomse cuesta,Zandstreek,Nat zandleem,w-Lep3,Lep,Natte zandleembodem zonder profiel,w-,klei-zand op geringe of matige diepte,L,zandleem,e,"nat, sterk gleyig met reductiehorizont",p,zonder profielontwikkeling,3,Betekenis afhankelijk van het bodemtype (zie toelichtingsboekje),,,,,,,,,,,,,"bodemseries Lep, Leb, Lec, Lef, Leg, Leh en Lem en complex LeP in de Zandstreek","Deze hydromorfe sterk gleyige grondwatergronden op zandleem hebben roestverschijnselen vanaf 20 cm en vertonen een reductiehorizont tussen 100 en 120 cm. Het zijn permanent natte gronden welke vooral in lage depressies, beekvalleien (en riviervalleien) v",Rest van Vlaanderen,w-Lep3-ZS,4,29W
1221,1221,"Fluvic Gleyic Phaeozems (Loamic, Fluvic, Ruptic)",Phaeozems,PH-gl.fv,gl.fv,Gleyic,Fluvic,-,Endogleyic,Loamic,"Fluvic, Ruptic",Eutric,w-Lep3,Centrale Boomse cuesta,Zandstreek,Nat zandleem,w-Lep3,Lep,Natte zandleembodem zonder profiel,w-,klei-zand op geringe of matige diepte,L,zandleem,e,"nat, sterk gleyig met reductiehorizont",p,zonder profielontwikkeling,3,Betekenis afhankelijk van het bodemtype (zie toelichtingsboekje),,,,,,,,,,,,,"bodemseries Lep, Leb, Lec, Lef, Leg, Leh en Lem en complex LeP in de Zandstreek","Deze hydromorfe sterk gleyige grondwatergronden op zandleem hebben roestverschijnselen vanaf 20 cm en vertonen een reductiehorizont tussen 100 en 120 cm. Het zijn permanent natte gronden welke vooral in lage depressies, beekvalleien (en riviervalleien) v",Rest van Vlaanderen,w-Lep3-ZS,4,29W
1222,1222,"Gleyic Terric Retisols (Loamic, Ruptic)",Retisols,RT-tr.gl,tr.gl,Terric,Gleyic,-,Endogleyic,Loamic,Ruptic,Eutric,w-Pdc3(h),Centrale Boomse cuesta,Zandstreek,Vochtig zandleem,w-Pdc3(h),Pdc,"Matig natte licht zandleembodem met sterk gevlekte, verbrokkelde textuur B horizont",w-,klei-zand op geringe of matige diepte,P,licht zandleem,d,"matig nat, matig gleyig",c,"met sterk gevlekte textuur (bij lemige sedimenten), verbrokkelde textuur B horizont ( bij zandige sedimenten)",3,Betekenis afhankelijk van het bodemtype (zie toelichtingsboekje),,,(h),"Sterk gevlekte, verbrokkelde of discontinue textuur-B horizont",,,,,,,,,bodemserie Pdc en complexen PDc en PdC in de Zandstreek,"De bouwlaag van deze gronden is zeer donker grijsbruin en humusrijk. Vanaf 30 cm diepte is het materiaal bruin tot bleekbruin, meestal komen in deze horizont roestverschijnselen voor vanaf 40-60 cm. De sterk verbrokkelde en gevlekte textuur B begint tuss",Rest van Vlaanderen,w-Pdc3(h)-ZS,6,29W
1223,1223,"Gleyic Terric Retisols (Loamic, Ruptic)",Retisols,RT-tr.gl,tr.gl,Terric,Gleyic,-,Endogleyic,Loamic,Ruptic,Eutric,w-Pdc3(h),Centrale Boomse cuesta,Zandstreek,Vochtig zandleem,w-Pdc3(h),Pdc,"Matig natte licht zandleembodem met sterk gevlekte, verbrokkelde textuur B horizont",w-,klei-zand op geringe of matige diepte,P,licht zandleem,d,"matig nat, matig gleyig",c,"met sterk gevlekte textuur (bij lemige sedimenten), verbrokkelde textuur B horizont ( bij zandige sedimenten)",3,Betekenis afhankelijk van het bodemtype (zie toelichtingsboekje),,,(h),"Sterk gevlekte, verbrokkelde of discontinue textuur-B horizont",,,,,,,,,bodemserie Pdc en complexen PDc en PdC in de Zandstreek,"De bouwlaag van deze gronden is zeer donker grijsbruin en humusrijk. Vanaf 30 cm diepte is het materiaal bruin tot bleekbruin, meestal komen in deze horizont roestverschijnselen voor vanaf 40-60 cm. De sterk verbrokkelde en gevlekte textuur B begint tuss",Rest van Vlaanderen,w-Pdc3(h)-ZS,6,29W
1224,1224,"Gleyic Terric Retisols (Loamic, Ruptic)",Retisols,RT-tr.gl,tr.gl,Terric,Gleyic,-,Endogleyic,Loamic,Ruptic,Eutric,w-Pdc3(h),Centrale Boomse cuesta,Zandstreek,Vochtig zandleem,w-Pdc3(h),Pdc,"Matig natte licht zandleembodem met sterk gevlekte, verbrokkelde textuur B horizont",w-,klei-zand op geringe of matige diepte,P,licht zandleem,d,"matig nat, matig gleyig",c,"met sterk gevlekte textuur (bij lemige sedimenten), verbrokkelde textuur B horizont ( bij zandige sedimenten)",3,Betekenis afhankelijk van het bodemtype (zie toelichtingsboekje),,,(h),"Sterk gevlekte, verbrokkelde of discontinue textuur-B horizont",,,,,,,,,bodemserie Pdc en complexen PDc en PdC in de Zandstreek,"De bouwlaag van deze gronden is zeer donker grijsbruin en humusrijk. Vanaf 30 cm diepte is het materiaal bruin tot bleekbruin, meestal komen in deze horizont roestverschijnselen voor vanaf 40-60 cm. De sterk verbrokkelde en gevlekte textuur B begint tuss",Rest van Vlaanderen,w-Pdc3(h)-ZS,6,29W
1225,1225,"Gleyic Terric Retisols (Loamic, Ruptic)",Retisols,RT-tr.gl,tr.gl,Terric,Gleyic,-,Endogleyic,Loamic,Ruptic,Eutric,w-Pdc3(h),Centrale Boomse cuesta,Zandstreek,Vochtig zandleem,w-Pdc3(h),Pdc,"Matig natte licht zandleembodem met sterk gevlekte, verbrokkelde textuur B horizont",w-,klei-zand op geringe of matige diepte,P,licht zandleem,d,"matig nat, matig gleyig",c,"met sterk gevlekte textuur (bij lemige sedimenten), verbrokkelde textuur B horizont ( bij zandige sedimenten)",3,Betekenis afhankelijk van het bodemtype (zie toelichtingsboekje),,,(h),"Sterk gevlekte, verbrokkelde of discontinue textuur-B horizont",,,,,,,,,bodemserie Pdc en complexen PDc en PdC in de Zandstreek,"De bouwlaag van deze gronden is zeer donker grijsbruin en humusrijk. Vanaf 30 cm diepte is het materiaal bruin tot bleekbruin, meestal komen in deze horizont roestverschijnselen voor vanaf 40-60 cm. De sterk verbrokkelde en gevlekte textuur B begint tuss",Rest van Vlaanderen,w-Pdc3(h)-ZS,6,29W
1226,1226,"Fluvic Gleyic Phaeozems (Loamic, Fluvic, Ruptic)",Phaeozems,PH-gl.fv,gl.fv,Gleyic,Fluvic,-,Endogleyic,Loamic,"Fluvic, Ruptic",Eutric,w-Lep3,Centrale Boomse cuesta,Zandstreek,Nat zandleem,w-Lep3,Lep,Natte zandleembodem zonder profiel,w-,klei-zand op geringe of matige diepte,L,zandleem,e,"nat, sterk gleyig met reductiehorizont",p,zonder profielontwikkeling,3,Betekenis afhankelijk van het bodemtype (zie toelichtingsboekje),,,,,,,,,,,,,"bodemseries Lep, Leb, Lec, Lef, Leg, Leh en Lem en complex LeP in de Zandstreek","Deze hydromorfe sterk gleyige grondwatergronden op zandleem hebben roestverschijnselen vanaf 20 cm en vertonen een reductiehorizont tussen 100 en 120 cm. Het zijn permanent natte gronden welke vooral in lage depressies, beekvalleien (en riviervalleien) v",Rest van Vlaanderen,w-Lep3-ZS,4,29W
1227,1227,"Gleyic Terric Retisols (Loamic, Ruptic)",Retisols,RT-tr.gl,tr.gl,Terric,Gleyic,-,Endogleyic,Loamic,Ruptic,Eutric,w-Pdc3(h),Centrale Boomse cuesta,Zandstreek,Vochtig zandleem,w-Pdc3(h),Pdc,"Matig natte licht zandleembodem met sterk gevlekte, verbrokkelde textuur B horizont",w-,klei-zand op geringe of matige diepte,P,licht zandleem,d,"matig nat, matig gleyig",c,"met sterk gevlekte textuur (bij lemige sedimenten), verbrokkelde textuur B horizont ( bij zandige sedimenten)",3,Betekenis afhankelijk van het bodemtype (zie toelichtingsboekje),,,(h),"Sterk gevlekte, verbrokkelde of discontinue textuur-B horizont",,,,,,,,,bodemserie Pdc en complexen PDc en PdC in de Zandstreek,"De bouwlaag van deze gronden is zeer donker grijsbruin en humusrijk. Vanaf 30 cm diepte is het materiaal bruin tot bleekbruin, meestal komen in deze horizont roestverschijnselen voor vanaf 40-60 cm. De sterk verbrokkelde en gevlekte textuur B begint tuss",Rest van Vlaanderen,w-Pdc3(h)-ZS,6,29W
1228,1228,"Fluvic Gleyic Phaeozems (Loamic, Fluvic, Ruptic)",Phaeozems,PH-gl.fv,gl.fv,Gleyic,Fluvic,-,Endogleyic,Loamic,"Fluvic, Ruptic",Eutric,w-Lep3,Centrale Boomse cuesta,Zandstreek,Nat zandleem,w-Lep3,Lep,Natte zandleembodem zonder profiel,w-,klei-zand op geringe of matige diepte,L,zandleem,e,"nat, sterk gleyig met reductiehorizont",p,zonder profielontwikkeling,3,Betekenis afhankelijk van het bodemtype (zie toelichtingsboekje),,,,,,,,,,,,,"bodemseries Lep, Leb, Lec, Lef, Leg, Leh en Lem en complex LeP in de Zandstreek","Deze hydromorfe sterk gleyige grondwatergronden op zandleem hebben roestverschijnselen vanaf 20 cm en vertonen een reductiehorizont tussen 100 en 120 cm. Het zijn permanent natte gronden welke vooral in lage depressies, beekvalleien (en riviervalleien) v",Rest van Vlaanderen,w-Lep3-ZS,4,29W
1229,1229,"Fluvic Gleyic Phaeozems (Loamic, Fluvic, Ruptic)",Phaeozems,PH-gl.fv,gl.fv,Gleyic,Fluvic,-,Endogleyic,Loamic,"Fluvic, Ruptic",Eutric,w-Lep3,Centrale Boomse cuesta,Zandstreek,Nat zandleem,w-Lep3,Lep,Natte zandleembodem zonder profiel,w-,klei-zand op geringe of matige diepte,L,zandleem,e,"nat, sterk gleyig met reductiehorizont",p,zonder profielontwikkeling,3,Betekenis afhankelijk van het bodemtype (zie toelichtingsboekje),,,,,,,,,,,,,"bodemseries Lep, Leb, Lec, Lef, Leg, Leh en Lem en complex LeP in de Zandstreek","Deze hydromorfe sterk gleyige grondwatergronden op zandleem hebben roestverschijnselen vanaf 20 cm en vertonen een reductiehorizont tussen 100 en 120 cm. Het zijn permanent natte gronden welke vooral in lage depressies, beekvalleien (en riviervalleien) v",Rest van Vlaanderen,w-Lep3-ZS,4,29W
1230,1230,"Fluvic Gleyic Phaeozems (Loamic, Fluvic, Ruptic)",Phaeozems,PH-gl.fv,gl.fv,Gleyic,Fluvic,-,Endogleyic,Loamic,"Fluvic, Ruptic",Eutric,w-Lep3,Centrale Boomse cuesta,Zandstreek,Nat zandleem,w-Lep3,Lep,Natte zandleembodem zonder profiel,w-,klei-zand op geringe of matige diepte,L,zandleem,e,"nat, sterk gleyig met reductiehorizont",p,zonder profielontwikkeling,3,Betekenis afhankelijk van het bodemtype (zie toelichtingsboekje),,,,,,,,,,,,,"bodemseries Lep, Leb, Lec, Lef, Leg, Leh en Lem en complex LeP in de Zandstreek","Deze hydromorfe sterk gleyige grondwatergronden op zandleem hebben roestverschijnselen vanaf 20 cm en vertonen een reductiehorizont tussen 100 en 120 cm. Het zijn permanent natte gronden welke vooral in lage depressies, beekvalleien (en riviervalleien) v",Rest van Vlaanderen,w-Lep3-ZS,4,29W
1231,1231,"Fluvic Gleyic Phaeozems (Loamic, Fluvic, Ruptic)",Phaeozems,PH-gl.fv,gl.fv,Gleyic,Fluvic,-,Endogleyic,Loamic,"Fluvic, Ruptic",Eutric,w-Lep3,Centrale Boomse cuesta,Zandstreek,Nat zandleem,w-Lep3,Lep,Natte zandleembodem zonder profiel,w-,klei-zand op geringe of matige diepte,L,zandleem,e,"nat, sterk gleyig met reductiehorizont",p,zonder profielontwikkeling,3,Betekenis afhankelijk van het bodemtype (zie toelichtingsboekje),,,,,,,,,,,,,"bodemseries Lep, Leb, Lec, Lef, Leg, Leh en Lem en complex LeP in de Zandstreek","Deze hydromorfe sterk gleyige grondwatergronden op zandleem hebben roestverschijnselen vanaf 20 cm en vertonen een reductiehorizont tussen 100 en 120 cm. Het zijn permanent natte gronden welke vooral in lage depressies, beekvalleien (en riviervalleien) v",Rest van Vlaanderen,w-Lep3-ZS,4,29W
1232,1232,"Fluvic Gleyic Phaeozems (Loamic, Fluvic, Ruptic)",Phaeozems,PH-gl.fv,gl.fv,Gleyic,Fluvic,-,Endogleyic,Loamic,"Fluvic, Ruptic",Eutric,w-Lep3,Centrale Boomse cuesta,Zandstreek,Nat zandleem,w-Lep3,Lep,Natte zandleembodem zonder profiel,w-,klei-zand op geringe of matige diepte,L,zandleem,e,"nat, sterk gleyig met reductiehorizont",p,zonder profielontwikkeling,3,Betekenis afhankelijk van het bodemtype (zie toelichtingsboekje),,,,,,,,,,,,,"bodemseries Lep, Leb, Lec, Lef, Leg, Leh en Lem en complex LeP in de Zandstreek","Deze hydromorfe sterk gleyige grondwatergronden op zandleem hebben roestverschijnselen vanaf 20 cm en vertonen een reductiehorizont tussen 100 en 120 cm. Het zijn permanent natte gronden welke vooral in lage depressies, beekvalleien (en riviervalleien) v",Rest van Vlaanderen,w-Lep3-ZS,4,29W
1233,1233,"Fluvic Gleyic Phaeozems (Loamic, Fluvic, Ruptic)",Phaeozems,PH-gl.fv,gl.fv,Gleyic,Fluvic,-,Endogleyic,Loamic,"Fluvic, Ruptic",Eutric,w-Lep3,Centrale Boomse cuesta,Zandstreek,Nat zandleem,w-Lep3,Lep,Natte zandleembodem zonder profiel,w-,klei-zand op geringe of matige diepte,L,zandleem,e,"nat, sterk gleyig met reductiehorizont",p,zonder profielontwikkeling,3,Betekenis afhankelijk van het bodemtype (zie toelichtingsboekje),,,,,,,,,,,,,"bodemseries Lep, Leb, Lec, Lef, Leg, Leh en Lem en complex LeP in de Zandstreek","Deze hydromorfe sterk gleyige grondwatergronden op zandleem hebben roestverschijnselen vanaf 20 cm en vertonen een reductiehorizont tussen 100 en 120 cm. Het zijn permanent natte gronden welke vooral in lage depressies, beekvalleien (en riviervalleien) v",Rest van Vlaanderen,w-Lep3-ZS,4,29W
1234,1234,"Fluvic Gleyic Phaeozems (Loamic, Fluvic, Ruptic)",Phaeozems,PH-gl.fv,gl.fv,Gleyic,Fluvic,-,Endogleyic,Loamic,"Fluvic, Ruptic",Eutric,w-Lep3,Centrale Boomse cuesta,Zandstreek,Nat zandleem,w-Lep3,Lep,Natte zandleembodem zonder profiel,w-,klei-zand op geringe of matige diepte,L,zandleem,e,"nat, sterk gleyig met reductiehorizont",p,zonder profielontwikkeling,3,Betekenis afhankelijk van het bodemtype (zie toelichtingsboekje),,,,,,,,,,,,,"bodemseries Lep, Leb, Lec, Lef, Leg, Leh en Lem en complex LeP in de Zandstreek","Deze hydromorfe sterk gleyige grondwatergronden op zandleem hebben roestverschijnselen vanaf 20 cm en vertonen een reductiehorizont tussen 100 en 120 cm. Het zijn permanent natte gronden welke vooral in lage depressies, beekvalleien (en riviervalleien) v",Rest van Vlaanderen,w-Lep3-ZS,4,29W
1235,1235,"Fluvic Gleyic Phaeozems (Loamic, Fluvic, Ruptic)",Phaeozems,PH-gl.fv,gl.fv,Gleyic,Fluvic,-,Endogleyic,Loamic,"Fluvic, Ruptic",Eutric,w-Lep3,Centrale Boomse cuesta,Zandstreek,Nat zandleem,w-Lep3,Lep,Natte zandleembodem zonder profiel,w-,klei-zand op geringe of matige diepte,L,zandleem,e,"nat, sterk gleyig met reductiehorizont",p,zonder profielontwikkeling,3,Betekenis afhankelijk van het bodemtype (zie toelichtingsboekje),,,,,,,,,,,,,"bodemseries Lep, Leb, Lec, Lef, Leg, Leh en Lem en complex LeP in de Zandstreek","Deze hydromorfe sterk gleyige grondwatergronden op zandleem hebben roestverschijnselen vanaf 20 cm en vertonen een reductiehorizont tussen 100 en 120 cm. Het zijn permanent natte gronden welke vooral in lage depressies, beekvalleien (en riviervalleien) v",Rest van Vlaanderen,w-Lep3-ZS,4,29W
1236,1236,"Fluvic Gleyic Phaeozems (Loamic, Fluvic, Ruptic)",Phaeozems,PH-gl.fv,gl.fv,Gleyic,Fluvic,-,Endogleyic,Loamic,"Fluvic, Ruptic",Eutric,w-Lep3,Centrale Boomse cuesta,Zandstreek,Nat zandleem,w-Lep3,Lep,Natte zandleembodem zonder profiel,w-,klei-zand op geringe of matige diepte,L,zandleem,e,"nat, sterk gleyig met reductiehorizont",p,zonder profielontwikkeling,3,Betekenis afhankelijk van het bodemtype (zie toelichtingsboekje),,,,,,,,,,,,,"bodemseries Lep, Leb, Lec, Lef, Leg, Leh en Lem en complex LeP in de Zandstreek","Deze hydromorfe sterk gleyige grondwatergronden op zandleem hebben roestverschijnselen vanaf 20 cm en vertonen een reductiehorizont tussen 100 en 120 cm. Het zijn permanent natte gronden welke vooral in lage depressies, beekvalleien (en riviervalleien) v",Rest van Vlaanderen,w-Lep3-ZS,4,29W
1237,1237,"Fluvic Gleyic Phaeozems (Loamic, Fluvic, Ruptic)",Phaeozems,PH-gl.fv,gl.fv,Gleyic,Fluvic,-,Endogleyic,Loamic,"Fluvic, Ruptic",Eutric,w-Lep3,Centrale Boomse cuesta,Zandstreek,Nat zandleem,w-Lep3,Lep,Natte zandleembodem zonder profiel,w-,klei-zand op geringe of matige diepte,L,zandleem,e,"nat, sterk gleyig met reductiehorizont",p,zonder profielontwikkeling,3,Betekenis afhankelijk van het bodemtype (zie toelichtingsboekje),,,,,,,,,,,,,"bodemseries Lep, Leb, Lec, Lef, Leg, Leh en Lem en complex LeP in de Zandstreek","Deze hydromorfe sterk gleyige grondwatergronden op zandleem hebben roestverschijnselen vanaf 20 cm en vertonen een reductiehorizont tussen 100 en 120 cm. Het zijn permanent natte gronden welke vooral in lage depressies, beekvalleien (en riviervalleien) v",Rest van Vlaanderen,w-Lep3-ZS,4,29W
1238,1238,"Fluvic Gleyic Phaeozems (Loamic, Fluvic, Ruptic)",Phaeozems,PH-gl.fv,gl.fv,Gleyic,Fluvic,-,Endogleyic,Loamic,"Fluvic, Ruptic",Eutric,w-Lep3,Centrale Boomse cuesta,Zandstreek,Nat zandleem,w-Lep3,Lep,Natte zandleembodem zonder profiel,w-,klei-zand op geringe of matige diepte,L,zandleem,e,"nat, sterk gleyig met reductiehorizont",p,zonder profielontwikkeling,3,Betekenis afhankelijk van het bodemtype (zie toelichtingsboekje),,,,,,,,,,,,,"bodemseries Lep, Leb, Lec, Lef, Leg, Leh en Lem en complex LeP in de Zandstreek","Deze hydromorfe sterk gleyige grondwatergronden op zandleem hebben roestverschijnselen vanaf 20 cm en vertonen een reductiehorizont tussen 100 en 120 cm. Het zijn permanent natte gronden welke vooral in lage depressies, beekvalleien (en riviervalleien) v",Rest van Vlaanderen,w-Lep3-ZS,4,29W
1239,1239,"Fluvic Gleyic Phaeozems (Loamic, Fluvic, Ruptic)",Phaeozems,PH-gl.fv,gl.fv,Gleyic,Fluvic,-,Endogleyic,Loamic,"Fluvic, Ruptic",Eutric,w-Lep3,Centrale Boomse cuesta,Zandstreek,Nat zandleem,w-Lep3,Lep,Natte zandleembodem zonder profiel,w-,klei-zand op geringe of matige diepte,L,zandleem,e,"nat, sterk gleyig met reductiehorizont",p,zonder profielontwikkeling,3,Betekenis afhankelijk van het bodemtype (zie toelichtingsboekje),,,,,,,,,,,,,"bodemseries Lep, Leb, Lec, Lef, Leg, Leh en Lem en complex LeP in de Zandstreek","Deze hydromorfe sterk gleyige grondwatergronden op zandleem hebben roestverschijnselen vanaf 20 cm en vertonen een reductiehorizont tussen 100 en 120 cm. Het zijn permanent natte gronden welke vooral in lage depressies, beekvalleien (en riviervalleien) v",Rest van Vlaanderen,w-Lep3-ZS,4,29W
1240,1240,"Fluvic Gleyic Phaeozems (Loamic, Fluvic, Ruptic)",Phaeozems,PH-gl.fv,gl.fv,Gleyic,Fluvic,-,Endogleyic,Loamic,"Fluvic, Ruptic",Eutric,w-Lep3,Centrale Boomse cuesta,Zandstreek,Nat zandleem,w-Lep3,Lep,Natte zandleembodem zonder profiel,w-,klei-zand op geringe of matige diepte,L,zandleem,e,"nat, sterk gleyig met reductiehorizont",p,zonder profielontwikkeling,3,Betekenis afhankelijk van het bodemtype (zie toelichtingsboekje),,,,,,,,,,,,,"bodemseries Lep, Leb, Lec, Lef, Leg, Leh en Lem en complex LeP in de Zandstreek","Deze hydromorfe sterk gleyige grondwatergronden op zandleem hebben roestverschijnselen vanaf 20 cm en vertonen een reductiehorizont tussen 100 en 120 cm. Het zijn permanent natte gronden welke vooral in lage depressies, beekvalleien (en riviervalleien) v",Rest van Vlaanderen,w-Lep3-ZS,4,29W
1241,1241,"Fluvic Gleyic Phaeozems (Loamic, Fluvic, Ruptic)",Phaeozems,PH-gl.fv,gl.fv,Gleyic,Fluvic,-,Endogleyic,Loamic,"Fluvic, Ruptic",Eutric,w-Lep3,Centrale Boomse cuesta,Zandstreek,Nat zandleem,w-Lep3,Lep,Natte zandleembodem zonder profiel,w-,klei-zand op geringe of matige diepte,L,zandleem,e,"nat, sterk gleyig met reductiehorizont",p,zonder profielontwikkeling,3,Betekenis afhankelijk van het bodemtype (zie toelichtingsboekje),,,,,,,,,,,,,"bodemseries Lep, Leb, Lec, Lef, Leg, Leh en Lem en complex LeP in de Zandstreek","Deze hydromorfe sterk gleyige grondwatergronden op zandleem hebben roestverschijnselen vanaf 20 cm en vertonen een reductiehorizont tussen 100 en 120 cm. Het zijn permanent natte gronden welke vooral in lage depressies, beekvalleien (en riviervalleien) v",Rest van Vlaanderen,w-Lep3-ZS,4,29W
1242,1242,Terric Anthrosols (Loamic),Anthrosols,AT-tr,tr,Terric,-,-,-,Loamic,-,Eutric,Pcm,Centrale Boomse cuesta,Zandstreek,Vochtig zandleem,Pcm,Pcm,Matig droge licht zandleembodem met dikke antropogene humus A horizont,,,P,licht zandleem,c,"matig droog, zwak gleyig",m,met dikke antropogene humus A horizont,,,,,,,,,,,,,,,bodemserie Pcm in de Zandstreek,"Bij deze plaggenbodems is de humeuze bovengrond meer dan 60 cm dik. Tussen het humeus dek van de Postpodzol en de verbrokkelde Podzol B komt een bruinachtig overgangshorizont voor; bij de plaggenbodem rust het dik humeuze dek, meestal onmiddellijk op een",Rest van Vlaanderen,Pcm-ZS,6,29W
1243,1243,Terric Anthrosols (Loamic),Anthrosols,AT-tr,tr,Terric,-,-,Endogleyic,Loamic,-,Eutric,Pdm,Centrale Boomse cuesta,Zandstreek,Vochtig zandleem,Pdm,Pdm,Matig natte licht zandleembodem met dikke antropogene humus A horizont,,,P,licht zandleem,d,"matig nat, matig gleyig",m,met dikke antropogene humus A horizont,,,,,,,,,,,,,,,bodemseries Pdm in de Zandstreek,"Deze matig natte plaggenbodems hebben een diepe humeuze bovengrond (minstens 60 cm). De bovengrond rust op een sterk gegleyificeerde ondergrond met, soms een bedolven Podzol, maar veelal een weinig duidelijke profielontwikkeling. De roestverschijnselen,",Rest van Vlaanderen,Pdm-ZS,6,29W
1244,1244,"Fluvic Gleyic Phaeozems (Loamic, Fluvic, Ruptic)",Phaeozems,PH-gl.fv,gl.fv,Gleyic,Fluvic,-,Endogleyic,Loamic,"Fluvic, Ruptic",Eutric,w-Lep3,Centrale Boomse cuesta,Zandstreek,Nat zandleem,w-Lep3,Lep,Natte zandleembodem zonder profiel,w-,klei-zand op geringe of matige diepte,L,zandleem,e,"nat, sterk gleyig met reductiehorizont",p,zonder profielontwikkeling,3,Betekenis afhankelijk van het bodemtype (zie toelichtingsboekje),,,,,,,,,,,,,"bodemseries Lep, Leb, Lec, Lef, Leg, Leh en Lem en complex LeP in de Zandstreek","Deze hydromorfe sterk gleyige grondwatergronden op zandleem hebben roestverschijnselen vanaf 20 cm en vertonen een reductiehorizont tussen 100 en 120 cm. Het zijn permanent natte gronden welke vooral in lage depressies, beekvalleien (en riviervalleien) v",Rest van Vlaanderen,w-Lep3-ZS,4,29W
1245,1245,"Gleyic Terric Retisols (Loamic, Ruptic)",Retisols,RT-tr.gl,tr.gl,Terric,Gleyic,-,Endogleyic,Loamic,Ruptic,Eutric,w-Pdc3(h),Centrale Boomse cuesta,Zandstreek,Vochtig zandleem,w-Pdc3(h),Pdc,"Matig natte licht zandleembodem met sterk gevlekte, verbrokkelde textuur B horizont",w-,klei-zand op geringe of matige diepte,P,licht zandleem,d,"matig nat, matig gleyig",c,"met sterk gevlekte textuur (bij lemige sedimenten), verbrokkelde textuur B horizont ( bij zandige sedimenten)",3,Betekenis afhankelijk van het bodemtype (zie toelichtingsboekje),,,(h),"Sterk gevlekte, verbrokkelde of discontinue textuur-B horizont",,,,,,,,,bodemserie Pdc en complexen PDc en PdC in de Zandstreek,"De bouwlaag van deze gronden is zeer donker grijsbruin en humusrijk. Vanaf 30 cm diepte is het materiaal bruin tot bleekbruin, meestal komen in deze horizont roestverschijnselen voor vanaf 40-60 cm. De sterk verbrokkelde en gevlekte textuur B begint tuss",Rest van Vlaanderen,w-Pdc3(h)-ZS,6,29W
1246,1246,"Fluvic Gleyic Phaeozems (Loamic, Fluvic, Ruptic)",Phaeozems,PH-gl.fv,gl.fv,Gleyic,Fluvic,-,Endogleyic,Loamic,"Fluvic, Ruptic",Eutric,w-Lep3,Centrale Boomse cuesta,Zandstreek,Nat zandleem,w-Lep3,Lep,Natte zandleembodem zonder profiel,w-,klei-zand op geringe of matige diepte,L,zandleem,e,"nat, sterk gleyig met reductiehorizont",p,zonder profielontwikkeling,3,Betekenis afhankelijk van het bodemtype (zie toelichtingsboekje),,,,,,,,,,,,,"bodemseries Lep, Leb, Lec, Lef, Leg, Leh en Lem en complex LeP in de Zandstreek","Deze hydromorfe sterk gleyige grondwatergronden op zandleem hebben roestverschijnselen vanaf 20 cm en vertonen een reductiehorizont tussen 100 en 120 cm. Het zijn permanent natte gronden welke vooral in lage depressies, beekvalleien (en riviervalleien) v",Rest van Vlaanderen,w-Lep3-ZS,4,29W
1301,1301,"Eutric Gleyic Cambisols (Loamic, Colluvic)",Cambisols,CM-gl.eu,gl.eu,Gleyic,Eutric,-,Endogleyic,Loamic,Colluvic,Eutric,Ldp,Schelde-Dender interfluvium,Zandleemstreek,Vochtig zandleem,Ldp,Ldp,Matig natte zandleembodem zonder profiel,,,L,zandleem,d,"matig nat, matig gleyig",p,zonder profielontwikkeling,,,,,,,,,,,,,,,bodemserie Ldp en complex LdP in de Zandleemstreek,"Ldp en LdP omvatten colluviale gronden, gekenmerkt door een laag recent ge4rodeerd sediment. Meestal wordt op geringe tot matige diepte een bedolven textuur B (p(c), p1, po) of een Tertiair substraat aangetroffen. Het colluviaal dek onderscheidt zich van",Rest van Vlaanderen,Ldp-ZLS,4,85W
1302,1302,Eutric Stagnic Cambisols (Loamic),Cambisols,CM-st.eu,st.eu,Stagnic,Eutric,-,Stagnic,Loamic,-,Eutric,EDx,Schelde-Dender interfluvium,Zandleemstreek,Vochtige klei,EDx,EDx,Zwak tot matig gleyige kleibodem met onbepaald profiel,,,E,klei,c-d,"complex van droog, zwak gleyig tot matig droog, matig gleyig",x,met onbepaalde profielontwikkeling,,,,,,,,,,,,,,,bodemseries Edx en Udx en complexen EDx en UDx in de Zandleemstreek,Deze gronden vertonen enige gelijkenis met bruine bodems. De humeuze bovengrond met zwakke blokstructuur gaat geleidelijk over naar het (zwaar) kleiig moedermateriaal. De ontwikkelingsdiepte bedraagt 40-50 cm. Soms komt onder de humeuze bovengrond een pl,Rest van Vlaanderen,EDx-ZLS,5,85W
1303,1303,Eutric Stagnic Cambisols (Loamic),Cambisols,CM-st.eu,st.eu,Stagnic,Eutric,-,Stagnic,Loamic,-,Eutric,EDx,Schelde-Dender interfluvium,Zandleemstreek,Vochtige klei,EDx,EDx,Zwak tot matig gleyige kleibodem met onbepaald profiel,,,E,klei,c-d,"complex van droog, zwak gleyig tot matig droog, matig gleyig",x,met onbepaalde profielontwikkeling,,,,,,,,,,,,,,,bodemseries Edx en Udx en complexen EDx en UDx in de Zandleemstreek,Deze gronden vertonen enige gelijkenis met bruine bodems. De humeuze bovengrond met zwakke blokstructuur gaat geleidelijk over naar het (zwaar) kleiig moedermateriaal. De ontwikkelingsdiepte bedraagt 40-50 cm. Soms komt onder de humeuze bovengrond een pl,Rest van Vlaanderen,EDx-ZLS,5,85W
1304,1304,Eutric Stagnic Cambisols (Loamic),Cambisols,CM-st.eu,st.eu,Stagnic,Eutric,-,Stagnic,Loamic,-,Eutric,EDx,Schelde-Dender interfluvium,Zandleemstreek,Vochtige klei,EDx,EDx,Zwak tot matig gleyige kleibodem met onbepaald profiel,,,E,klei,c-d,"complex van droog, zwak gleyig tot matig droog, matig gleyig",x,met onbepaalde profielontwikkeling,,,,,,,,,,,,,,,bodemseries Edx en Udx en complexen EDx en UDx in de Zandleemstreek,Deze gronden vertonen enige gelijkenis met bruine bodems. De humeuze bovengrond met zwakke blokstructuur gaat geleidelijk over naar het (zwaar) kleiig moedermateriaal. De ontwikkelingsdiepte bedraagt 40-50 cm. Soms komt onder de humeuze bovengrond een pl,Rest van Vlaanderen,EDx-ZLS,5,85W
1305,1305,Eutric Stagnic Cambisols (Loamic),Cambisols,CM-st.eu,st.eu,Stagnic,Eutric,-,Stagnic,Loamic,-,Eutric,EDx,Schelde-Dender interfluvium,Zandleemstreek,Vochtige klei,EDx,EDx,Zwak tot matig gleyige kleibodem met onbepaald profiel,,,E,klei,c-d,"complex van droog, zwak gleyig tot matig droog, matig gleyig",x,met onbepaalde profielontwikkeling,,,,,,,,,,,,,,,bodemseries Edx en Udx en complexen EDx en UDx in de Zandleemstreek,Deze gronden vertonen enige gelijkenis met bruine bodems. De humeuze bovengrond met zwakke blokstructuur gaat geleidelijk over naar het (zwaar) kleiig moedermateriaal. De ontwikkelingsdiepte bedraagt 40-50 cm. Soms komt onder de humeuze bovengrond een pl,Rest van Vlaanderen,EDx-ZLS,5,85W
1306,1306,Eutric Stagnic Cambisols (Loamic),Cambisols,CM-st.eu,st.eu,Stagnic,Eutric,-,Stagnic,Loamic,-,Eutric,EDx,Schelde-Dender interfluvium,Zandleemstreek,Vochtige klei,EDx,EDx,Zwak tot matig gleyige kleibodem met onbepaald profiel,,,E,klei,c-d,"complex van droog, zwak gleyig tot matig droog, matig gleyig",x,met onbepaalde profielontwikkeling,,,,,,,,,,,,,,,bodemseries Edx en Udx en complexen EDx en UDx in de Zandleemstreek,Deze gronden vertonen enige gelijkenis met bruine bodems. De humeuze bovengrond met zwakke blokstructuur gaat geleidelijk over naar het (zwaar) kleiig moedermateriaal. De ontwikkelingsdiepte bedraagt 40-50 cm. Soms komt onder de humeuze bovengrond een pl,Rest van Vlaanderen,EDx-ZLS,5,85W
1307,1307,"Eutric Stagnic Leptic Cambisols (Loamic, Ruptic)",Cambisols,CM-le.st.eu,le.st.eu,Leptic,Stagnic,Eutric,Stagnic,Loamic,Ruptic,Eutric,qwLDx,Schelde-Dender interfluvium,Zandleemstreek,Vochtig zandleem,qwLDx,LDx,Matig droge tot matig natte zandleembodem met onbepaald profiel,qw,Zandsteen + Klei-zand op geringe diepte (ondieper dan 75 cm),L,zandleem,c-d,"complex van droog, zwak gleyig tot matig droog, matig gleyig",x,met onbepaalde profielontwikkeling,,,,,,,,,,,,,,,bodemcomplex LDx in de Zandleemstreek,LDx verenigt in een kartografische eenheid Lcx en Ldx.  De Lcx-gronden zijn ontstaan op ontsluitingen van Tertiair substraat met dun zandleemdek. Roestverschijnselen beginnen tussen 80 en 120 cm. De gronden vertonen een wisselvallige waterhuishouding. Ze,Rest van Vlaanderen,qwLDx-ZLS,6,85W
1308,1308,"Eutric Cambisols (Loamic, Colluvic)",Cambisols,CM-eu,eu,Eutric,-,-,-,Loamic,Colluvic,Eutric,Lcp,Schelde-Dender interfluvium,Zandleemstreek,Vochtig zandleem,Lcp,Lcp,Matig droge zandleembodem zonder profiel,,,L,zandleem,c,"matig droog, zwak gleyig",p,zonder profielontwikkeling,,,,,,,,,,,,,,,"bodemseries Lcb, Lcf, Lcm en Lcp en complexen LcB en LcP in de Zandleemstreek",De bouwvoor (Ap) van deze matig droge colluviale zandleemgronden is meestal (donker) grijsbruin en ongeveer 20-30 cm dik.  Hieronder komt een zwak humeuze overganghorizont voor van sterk wisselende dikte die veelal houtskool en baksteenrestjes bevat. In,Rest van Vlaanderen,Lcp-ZLS,6,85W
1309,1309,Eutric Stagnic Cambisols (Loamic),Cambisols,CM-st.eu,st.eu,Stagnic,Eutric,-,Stagnic,Loamic,-,Eutric,EDx,Schelde-Dender interfluvium,Zandleemstreek,Vochtige klei,EDx,EDx,Zwak tot matig gleyige kleibodem met onbepaald profiel,,,E,klei,c-d,"complex van droog, zwak gleyig tot matig droog, matig gleyig",x,met onbepaalde profielontwikkeling,,,,,,,,,,,,,,,bodemseries Edx en Udx en complexen EDx en UDx in de Zandleemstreek,Deze gronden vertonen enige gelijkenis met bruine bodems. De humeuze bovengrond met zwakke blokstructuur gaat geleidelijk over naar het (zwaar) kleiig moedermateriaal. De ontwikkelingsdiepte bedraagt 40-50 cm. Soms komt onder de humeuze bovengrond een pl,Rest van Vlaanderen,EDx-ZLS,5,85W
1310,1310,Eutric Stagnic Cambisols (Loamic),Cambisols,CM-st.eu,st.eu,Stagnic,Eutric,-,Stagnic,Loamic,-,Eutric,EDx,Schelde-Dender interfluvium,Zandleemstreek,Vochtige klei,EDx,EDx,Zwak tot matig gleyige kleibodem met onbepaald profiel,,,E,klei,c-d,"complex van droog, zwak gleyig tot matig droog, matig gleyig",x,met onbepaalde profielontwikkeling,,,,,,,,,,,,,,,bodemseries Edx en Udx en complexen EDx en UDx in de Zandleemstreek,Deze gronden vertonen enige gelijkenis met bruine bodems. De humeuze bovengrond met zwakke blokstructuur gaat geleidelijk over naar het (zwaar) kleiig moedermateriaal. De ontwikkelingsdiepte bedraagt 40-50 cm. Soms komt onder de humeuze bovengrond een pl,Rest van Vlaanderen,EDx-ZLS,5,85W
1311,1311,Eutric Stagnic Cambisols (Loamic),Cambisols,CM-st.eu,st.eu,Stagnic,Eutric,-,Stagnic,Loamic,-,Eutric,EDx,Schelde-Dender interfluvium,Zandleemstreek,Vochtige klei,EDx,EDx,Zwak tot matig gleyige kleibodem met onbepaald profiel,,,E,klei,c-d,"complex van droog, zwak gleyig tot matig droog, matig gleyig",x,met onbepaalde profielontwikkeling,,,,,,,,,,,,,,,bodemseries Edx en Udx en complexen EDx en UDx in de Zandleemstreek,Deze gronden vertonen enige gelijkenis met bruine bodems. De humeuze bovengrond met zwakke blokstructuur gaat geleidelijk over naar het (zwaar) kleiig moedermateriaal. De ontwikkelingsdiepte bedraagt 40-50 cm. Soms komt onder de humeuze bovengrond een pl,Rest van Vlaanderen,EDx-ZLS,5,85W
1312,1312,"Eutric Fluvic Oxygleyic Gleysols (Loamic, Fluvic)",Gleysols,GL-oy.fv.eu,oy.fv.eu,Oxygleyic,Fluvic,Eutric,Stagnic,Loamic,Fluvic,Eutric,Lhp,Schelde-Dender interfluvium,Zandleemstreek,Nat zandleem,Lhp,Lhp,Natte zandleembodem zonder profiel,,,L,zandleem,h,"nat met relatief hoge ligging, sterk gleyig",p,zonder profielontwikkeling,,,,,,,,,,,,,,,bodemserie Lhp en complex LhP in de Zandsleemstreek,"Colluviale natte stuwwatergronden voor Lhp, terwijl bij LhP een zwakke profielontwikkeling geassocieerd is met de colluviale bodems zonder profielontwikkeling. De humeuze bovengrond is grijsbruin en rust op een colluviaal dek met baksteen- en houtskoolre",Rest van Vlaanderen,Lhp-ZLS,4,85W
1313,1313,"Eutric Fluvic Oxygleyic Gleysols (Loamic, Fluvic)",Gleysols,GL-oy.fv.eu,oy.fv.eu,Oxygleyic,Fluvic,Eutric,Stagnic,Loamic,Fluvic,Eutric,Lhp,Schelde-Dender interfluvium,Zandleemstreek,Nat zandleem,Lhp,Lhp,Natte zandleembodem zonder profiel,,,L,zandleem,h,"nat met relatief hoge ligging, sterk gleyig",p,zonder profielontwikkeling,,,,,,,,,,,,,,,bodemserie Lhp en complex LhP in de Zandsleemstreek,"Colluviale natte stuwwatergronden voor Lhp, terwijl bij LhP een zwakke profielontwikkeling geassocieerd is met de colluviale bodems zonder profielontwikkeling. De humeuze bovengrond is grijsbruin en rust op een colluviaal dek met baksteen- en houtskoolre",Rest van Vlaanderen,Lhp-ZLS,4,85W
1314,1314,Eutric Stagnic Cambisols (Loamic),Cambisols,CM-st.eu,st.eu,Stagnic,Eutric,-,Stagnic,Loamic,-,Eutric,EDx,Schelde-Dender interfluvium,Zandleemstreek,Vochtige klei,EDx,EDx,Zwak tot matig gleyige kleibodem met onbepaald profiel,,,E,klei,c-d,"complex van droog, zwak gleyig tot matig droog, matig gleyig",x,met onbepaalde profielontwikkeling,,,,,,,,,,,,,,,bodemseries Edx en Udx en complexen EDx en UDx in de Zandleemstreek,Deze gronden vertonen enige gelijkenis met bruine bodems. De humeuze bovengrond met zwakke blokstructuur gaat geleidelijk over naar het (zwaar) kleiig moedermateriaal. De ontwikkelingsdiepte bedraagt 40-50 cm. Soms komt onder de humeuze bovengrond een pl,Rest van Vlaanderen,EDx-ZLS,5,85W
1315,1315,Eutric Stagnic Cambisols (Loamic),Cambisols,CM-st.eu,st.eu,Stagnic,Eutric,-,Stagnic,Loamic,-,Eutric,EDx,Schelde-Dender interfluvium,Zandleemstreek,Vochtige klei,EDx,EDx,Zwak tot matig gleyige kleibodem met onbepaald profiel,,,E,klei,c-d,"complex van droog, zwak gleyig tot matig droog, matig gleyig",x,met onbepaalde profielontwikkeling,,,,,,,,,,,,,,,bodemseries Edx en Udx en complexen EDx en UDx in de Zandleemstreek,Deze gronden vertonen enige gelijkenis met bruine bodems. De humeuze bovengrond met zwakke blokstructuur gaat geleidelijk over naar het (zwaar) kleiig moedermateriaal. De ontwikkelingsdiepte bedraagt 40-50 cm. Soms komt onder de humeuze bovengrond een pl,Rest van Vlaanderen,EDx-ZLS,5,85W
1316,1316,Eutric Stagnic Cambisols (Loamic),Cambisols,CM-st.eu,st.eu,Stagnic,Eutric,-,Stagnic,Loamic,-,Eutric,EDx,Schelde-Dender interfluvium,Zandleemstreek,Vochtige klei,EDx,EDx,Zwak tot matig gleyige kleibodem met onbepaald profiel,,,E,klei,c-d,"complex van droog, zwak gleyig tot matig droog, matig gleyig",x,met onbepaalde profielontwikkeling,,,,,,,,,,,,,,,bodemseries Edx en Udx en complexen EDx en UDx in de Zandleemstreek,Deze gronden vertonen enige gelijkenis met bruine bodems. De humeuze bovengrond met zwakke blokstructuur gaat geleidelijk over naar het (zwaar) kleiig moedermateriaal. De ontwikkelingsdiepte bedraagt 40-50 cm. Soms komt onder de humeuze bovengrond een pl,Rest van Vlaanderen,EDx-ZLS,5,85W
1317,1317,Eutric Stagnic Cambisols (Loamic),Cambisols,CM-st.eu,st.eu,Stagnic,Eutric,-,Stagnic,Loamic,-,Eutric,EDx,Schelde-Dender interfluvium,Zandleemstreek,Vochtige klei,EDx,EDx,Zwak tot matig gleyige kleibodem met onbepaald profiel,,,E,klei,c-d,"complex van droog, zwak gleyig tot matig droog, matig gleyig",x,met onbepaalde profielontwikkeling,,,,,,,,,,,,,,,bodemseries Edx en Udx en complexen EDx en UDx in de Zandleemstreek,Deze gronden vertonen enige gelijkenis met bruine bodems. De humeuze bovengrond met zwakke blokstructuur gaat geleidelijk over naar het (zwaar) kleiig moedermateriaal. De ontwikkelingsdiepte bedraagt 40-50 cm. Soms komt onder de humeuze bovengrond een pl,Rest van Vlaanderen,EDx-ZLS,5,85W
1318,1318,Eutric Retic Stagnosols (Loamic),Stagnosols,ST-rt.eu,rt.eu,Retic,Eutric,-,Stagnic,Loamic,-,Eutric,Lhc,Schelde-Dender interfluvium,Zandleemstreek,Nat zandleem,Lhc,Lhc,"Natte zandleembodem met sterk gevlekte, verbrokkelde textuur B horizont",,,L,zandleem,h,"nat met relatief hoge ligging, sterk gleyig",c,"met sterk gevlekte textuur (bij lemige sedimenten), verbrokkelde textuur B horizont ( bij zandige sedimenten)",,,,,,,,,,,,,,,bodemserie Lhc in de Zandleemstreek,"Bij de landbouwgronden is de humeuze bovengrond 25-30 cm dik, grijsbruin, en vertoont roestverschijnselen in het benedengedeelte. Onder bos heeft Lhc een ruwe humusbedekking. De onderliggende uitgeloogde horizont is duidelijk roestig en bleek tot grijsge",Rest van Vlaanderen,Lhc-ZLS,6,85W
1319,1319,Eutric Stagnic Cambisols (Loamic),Cambisols,CM-st.eu,st.eu,Stagnic,Eutric,-,Stagnic,Loamic,-,Eutric,EDx,Schelde-Dender interfluvium,Zandleemstreek,Vochtige klei,EDx,EDx,Zwak tot matig gleyige kleibodem met onbepaald profiel,,,E,klei,c-d,"complex van droog, zwak gleyig tot matig droog, matig gleyig",x,met onbepaalde profielontwikkeling,,,,,,,,,,,,,,,bodemseries Edx en Udx en complexen EDx en UDx in de Zandleemstreek,Deze gronden vertonen enige gelijkenis met bruine bodems. De humeuze bovengrond met zwakke blokstructuur gaat geleidelijk over naar het (zwaar) kleiig moedermateriaal. De ontwikkelingsdiepte bedraagt 40-50 cm. Soms komt onder de humeuze bovengrond een pl,Rest van Vlaanderen,EDx-ZLS,5,85W
1320,1320,"Eutric Stagnic Leptic Cambisols (Loamic, Ruptic)",Cambisols,CM-le.st.eu,le.st.eu,Leptic,Stagnic,Eutric,Stagnic,Loamic,Ruptic,Eutric,qwLDx,Schelde-Dender interfluvium,Zandleemstreek,Vochtig zandleem,qwLDx,LDx,Matig droge tot matig natte zandleembodem met onbepaald profiel,qw,Zandsteen + Klei-zand op geringe diepte (ondieper dan 75 cm),L,zandleem,c-d,"complex van droog, zwak gleyig tot matig droog, matig gleyig",x,met onbepaalde profielontwikkeling,,,,,,,,,,,,,,,bodemcomplex LDx in de Zandleemstreek,LDx verenigt in een kartografische eenheid Lcx en Ldx.  De Lcx-gronden zijn ontstaan op ontsluitingen van Tertiair substraat met dun zandleemdek. Roestverschijnselen beginnen tussen 80 en 120 cm. De gronden vertonen een wisselvallige waterhuishouding. Ze,Rest van Vlaanderen,qwLDx-ZLS,6,85W
1321,1321,Eutric Stagnic Cambisols (Loamic),Cambisols,CM-st.eu,st.eu,Stagnic,Eutric,-,Stagnic,Loamic,-,Eutric,EDx,Schelde-Dender interfluvium,Zandleemstreek,Vochtige klei,EDx,EDx,Zwak tot matig gleyige kleibodem met onbepaald profiel,,,E,klei,c-d,"complex van droog, zwak gleyig tot matig droog, matig gleyig",x,met onbepaalde profielontwikkeling,,,,,,,,,,,,,,,bodemseries Edx en Udx en complexen EDx en UDx in de Zandleemstreek,Deze gronden vertonen enige gelijkenis met bruine bodems. De humeuze bovengrond met zwakke blokstructuur gaat geleidelijk over naar het (zwaar) kleiig moedermateriaal. De ontwikkelingsdiepte bedraagt 40-50 cm. Soms komt onder de humeuze bovengrond een pl,Rest van Vlaanderen,EDx-ZLS,5,85W
1322,1322,Eutric Stagnic Cambisols (Loamic),Cambisols,CM-st.eu,st.eu,Stagnic,Eutric,-,Stagnic,Loamic,-,Eutric,EDx,Schelde-Dender interfluvium,Zandleemstreek,Vochtige klei,EDx,EDx,Zwak tot matig gleyige kleibodem met onbepaald profiel,,,E,klei,c-d,"complex van droog, zwak gleyig tot matig droog, matig gleyig",x,met onbepaalde profielontwikkeling,,,,,,,,,,,,,,,bodemseries Edx en Udx en complexen EDx en UDx in de Zandleemstreek,Deze gronden vertonen enige gelijkenis met bruine bodems. De humeuze bovengrond met zwakke blokstructuur gaat geleidelijk over naar het (zwaar) kleiig moedermateriaal. De ontwikkelingsdiepte bedraagt 40-50 cm. Soms komt onder de humeuze bovengrond een pl,Rest van Vlaanderen,EDx-ZLS,5,85W
1323,1323,"Eutric Stagnosols (Loamic, Ruptic)",Stagnosols,ST-eu,eu,Eutric,-,-,Stagnic,Loamic,Ruptic,Eutric,wLDx,Schelde-Dender interfluvium,Zandleemstreek,Vochtig zandleem,wLDx,LDx,Matig droge tot matig natte zandleembodem met onbepaald profiel,w,klei-zand op geringe diepte (ondieper dan 75 cm),L,zandleem,c-d,"complex van droog, zwak gleyig tot matig droog, matig gleyig",x,met onbepaalde profielontwikkeling,,,,,,,,,,,,,,,bodemcomplex LDx in de Zandleemstreek,LDx verenigt in een kartografische eenheid Lcx en Ldx.  De Lcx-gronden zijn ontstaan op ontsluitingen van Tertiair substraat met dun zandleemdek. Roestverschijnselen beginnen tussen 80 en 120 cm. De gronden vertonen een wisselvallige waterhuishouding. Ze,Rest van Vlaanderen,wLDx-ZLS,6,85W
1324,1324,"Eutric Stagnic Leptic Cambisols (Loamic, Ruptic)",Cambisols,CM-le.st.eu,le.st.eu,Leptic,Stagnic,Eutric,Stagnic,Loamic,Ruptic,Eutric,qwLDx,Schelde-Dender interfluvium,Zandleemstreek,Vochtig zandleem,qwLDx,LDx,Matig droge tot matig natte zandleembodem met onbepaald profiel,qw,Zandsteen + Klei-zand op geringe diepte (ondieper dan 75 cm),L,zandleem,c-d,"complex van droog, zwak gleyig tot matig droog, matig gleyig",x,met onbepaalde profielontwikkeling,,,,,,,,,,,,,,,bodemcomplex LDx in de Zandleemstreek,LDx verenigt in een kartografische eenheid Lcx en Ldx.  De Lcx-gronden zijn ontstaan op ontsluitingen van Tertiair substraat met dun zandleemdek. Roestverschijnselen beginnen tussen 80 en 120 cm. De gronden vertonen een wisselvallige waterhuishouding. Ze,Rest van Vlaanderen,qwLDx-ZLS,6,85W
1325,1325,"Gleyic Luvisols (Loamic, Bathyruptic)",Luvisols,LV-gl,gl,Gleyic,-,-,Endogleyic,Loamic,Bathyruptic,Eutric,(x)Lda,Schelde-Dender interfluvium,Zandleemstreek,Vochtig zandleem,(x)Lda,Lda,Matig natte zandleembodem met textuur B horizont,(x),onbepaald op matige diepte (tussen 75 en 125 cm),L,zandleem,d,"matig nat, matig gleyig",a,met textuur B horizont of met weinig duidelijke kleur B horizont,,,,,,,,,,,,,,,bodemseries Lda en Ldc in de Zandleemstreek,"De Lda en Ldc series zijn matig natte, matig gleyige zandleemgronden met donker grijsbruine bouwvoor. Onder de Ap komt een bleekbruin uitgeloogde horizont voor die aan de kontaktzone met de textuur B zwakke roestverschijnselen vertoont. De textuur B is g",Rest van Vlaanderen,(x)Lda-ZLS,6,85W
1326,1326,Eutric Gleyic Retisols (Loamic),Retisols,RT-gl.eu,gl.eu,Gleyic,Eutric,-,Endogleyic,Loamic,-,Eutric,Ldc,Zuidelijke Vlaamse laagvlakte,Zandleemstreek,Vochtig zandleem,Ldc,Ldc,"Matig natte zandleembodem met sterk gevlekte, verbrokkelde textuur B horizont",,,L,zandleem,d,"matig nat, matig gleyig",c,"met sterk gevlekte textuur (bij lemige sedimenten), verbrokkelde textuur B horizont ( bij zandige sedimenten)",,,,,,,,,,,,,,,bodemseries Lda en Ldc in de Zandleemstreek,"De Lda en Ldc series zijn matig natte, matig gleyige zandleemgronden met donker grijsbruine bouwvoor. Onder de Ap komt een bleekbruin uitgeloogde horizont voor die aan de kontaktzone met de textuur B zwakke roestverschijnselen vertoont. De textuur B is g",Rest van Vlaanderen,Ldc-ZLS,6,85W
1327,1327,Eutric Gleyic Retisols (Loamic),Retisols,RT-gl.eu,gl.eu,Gleyic,Eutric,-,Endogleyic,Loamic,-,Eutric,Ldc,Schelde-Dender interfluvium,Zandleemstreek,Vochtig zandleem,Ldc,Ldc,"Matig natte zandleembodem met sterk gevlekte, verbrokkelde textuur B horizont",,,L,zandleem,d,"matig nat, matig gleyig",c,"met sterk gevlekte textuur (bij lemige sedimenten), verbrokkelde textuur B horizont ( bij zandige sedimenten)",,,,,,,,,,,,,,,bodemseries Lda en Ldc in de Zandleemstreek,"De Lda en Ldc series zijn matig natte, matig gleyige zandleemgronden met donker grijsbruine bouwvoor. Onder de Ap komt een bleekbruin uitgeloogde horizont voor die aan de kontaktzone met de textuur B zwakke roestverschijnselen vertoont. De textuur B is g",Rest van Vlaanderen,Ldc-ZLS,6,85W
1328,1328,Eutric Gleyic Retisols (Loamic),Retisols,RT-gl.eu,gl.eu,Gleyic,Eutric,-,Endogleyic,Loamic,-,Eutric,Ldc,Schelde-Dender interfluvium,Zandleemstreek,Vochtig zandleem,Ldc,Ldc,"Matig natte zandleembodem met sterk gevlekte, verbrokkelde textuur B horizont",,,L,zandleem,d,"matig nat, matig gleyig",c,"met sterk gevlekte textuur (bij lemige sedimenten), verbrokkelde textuur B horizont ( bij zandige sedimenten)",,,,,,,,,,,,,,,bodemseries Lda en Ldc in de Zandleemstreek,"De Lda en Ldc series zijn matig natte, matig gleyige zandleemgronden met donker grijsbruine bouwvoor. Onder de Ap komt een bleekbruin uitgeloogde horizont voor die aan de kontaktzone met de textuur B zwakke roestverschijnselen vertoont. De textuur B is g",Rest van Vlaanderen,Ldc-ZLS,6,85W
1329,1329,"Eutric Stagnic Leptic Cambisols (Loamic, Ruptic)",Cambisols,CM-le.st.eu,le.st.eu,Leptic,Stagnic,Eutric,Stagnic,Loamic,Ruptic,Eutric,qwLDx,Schelde-Dender interfluvium,Zandleemstreek,Vochtig zandleem,qwLDx,LDx,Matig droge tot matig natte zandleembodem met onbepaald profiel,qw,Zandsteen + Klei-zand op geringe diepte (ondieper dan 75 cm),L,zandleem,c-d,"complex van droog, zwak gleyig tot matig droog, matig gleyig",x,met onbepaalde profielontwikkeling,,,,,,,,,,,,,,,bodemcomplex LDx in de Zandleemstreek,LDx verenigt in een kartografische eenheid Lcx en Ldx.  De Lcx-gronden zijn ontstaan op ontsluitingen van Tertiair substraat met dun zandleemdek. Roestverschijnselen beginnen tussen 80 en 120 cm. De gronden vertonen een wisselvallige waterhuishouding. Ze,Rest van Vlaanderen,qwLDx-ZLS,6,85W
1330,1330,Eutric Gleyic Retisols (Loamic),Retisols,RT-gl.eu,gl.eu,Gleyic,Eutric,-,Endogleyic,Loamic,-,Eutric,Ldc,Zuidelijke Vlaamse laagvlakte,Zandleemstreek,Vochtig zandleem,Ldc,Ldc,"Matig natte zandleembodem met sterk gevlekte, verbrokkelde textuur B horizont",,,L,zandleem,d,"matig nat, matig gleyig",c,"met sterk gevlekte textuur (bij lemige sedimenten), verbrokkelde textuur B horizont ( bij zandige sedimenten)",,,,,,,,,,,,,,,bodemseries Lda en Ldc in de Zandleemstreek,"De Lda en Ldc series zijn matig natte, matig gleyige zandleemgronden met donker grijsbruine bouwvoor. Onder de Ap komt een bleekbruin uitgeloogde horizont voor die aan de kontaktzone met de textuur B zwakke roestverschijnselen vertoont. De textuur B is g",Rest van Vlaanderen,Ldc-ZLS,6,85W
1331,1331,Eutric Gleyic Retisols (Loamic),Retisols,RT-gl.eu,gl.eu,Gleyic,Eutric,-,Endogleyic,Loamic,-,Eutric,Ldc,Schelde-Dender interfluvium,Zandleemstreek,Vochtig zandleem,Ldc,Ldc,"Matig natte zandleembodem met sterk gevlekte, verbrokkelde textuur B horizont",,,L,zandleem,d,"matig nat, matig gleyig",c,"met sterk gevlekte textuur (bij lemige sedimenten), verbrokkelde textuur B horizont ( bij zandige sedimenten)",,,,,,,,,,,,,,,bodemseries Lda en Ldc in de Zandleemstreek,"De Lda en Ldc series zijn matig natte, matig gleyige zandleemgronden met donker grijsbruine bouwvoor. Onder de Ap komt een bleekbruin uitgeloogde horizont voor die aan de kontaktzone met de textuur B zwakke roestverschijnselen vertoont. De textuur B is g",Rest van Vlaanderen,Ldc-ZLS,6,85W
1332,1332,Eutric Gleyic Retisols (Loamic),Retisols,RT-gl.eu,gl.eu,Gleyic,Eutric,-,Endogleyic,Loamic,-,Eutric,Ldc,Schelde-Dender interfluvium,Zandleemstreek,Vochtig zandleem,Ldc,Ldc,"Matig natte zandleembodem met sterk gevlekte, verbrokkelde textuur B horizont",,,L,zandleem,d,"matig nat, matig gleyig",c,"met sterk gevlekte textuur (bij lemige sedimenten), verbrokkelde textuur B horizont ( bij zandige sedimenten)",,,,,,,,,,,,,,,bodemseries Lda en Ldc in de Zandleemstreek,"De Lda en Ldc series zijn matig natte, matig gleyige zandleemgronden met donker grijsbruine bouwvoor. Onder de Ap komt een bleekbruin uitgeloogde horizont voor die aan de kontaktzone met de textuur B zwakke roestverschijnselen vertoont. De textuur B is g",Rest van Vlaanderen,Ldc-ZLS,6,85W
1333,1333,Eutric Gleyic Retisols (Loamic),Retisols,RT-gl.eu,gl.eu,Gleyic,Eutric,-,Endogleyic,Loamic,-,Eutric,Ldc,Schelde-Dender interfluvium,Zandleemstreek,Vochtig zandleem,Ldc,Ldc,"Matig natte zandleembodem met sterk gevlekte, verbrokkelde textuur B horizont",,,L,zandleem,d,"matig nat, matig gleyig",c,"met sterk gevlekte textuur (bij lemige sedimenten), verbrokkelde textuur B horizont ( bij zandige sedimenten)",,,,,,,,,,,,,,,bodemseries Lda en Ldc in de Zandleemstreek,"De Lda en Ldc series zijn matig natte, matig gleyige zandleemgronden met donker grijsbruine bouwvoor. Onder de Ap komt een bleekbruin uitgeloogde horizont voor die aan de kontaktzone met de textuur B zwakke roestverschijnselen vertoont. De textuur B is g",Rest van Vlaanderen,Ldc-ZLS,6,85W
1334,1334,Eutric Stagnic Cambisols (Loamic),Cambisols,CM-st.eu,st.eu,Stagnic,Eutric,-,Stagnic,Loamic,-,Eutric,EDx,Schelde-Dender interfluvium,Zandleemstreek,Vochtige klei,EDx,EDx,Zwak tot matig gleyige kleibodem met onbepaald profiel,,,E,klei,c-d,"complex van droog, zwak gleyig tot matig droog, matig gleyig",x,met onbepaalde profielontwikkeling,,,,,,,,,,,,,,,bodemseries Edx en Udx en complexen EDx en UDx in de Zandleemstreek,Deze gronden vertonen enige gelijkenis met bruine bodems. De humeuze bovengrond met zwakke blokstructuur gaat geleidelijk over naar het (zwaar) kleiig moedermateriaal. De ontwikkelingsdiepte bedraagt 40-50 cm. Soms komt onder de humeuze bovengrond een pl,Rest van Vlaanderen,EDx-ZLS,5,85W
1335,1335,Eutric Gleyic Retisols (Loamic),Retisols,RT-gl.eu,gl.eu,Gleyic,Eutric,-,Endogleyic,Loamic,-,Eutric,Ldc,Zuidelijke Vlaamse laagvlakte,Zandleemstreek,Vochtig zandleem,Ldc,Ldc,"Matig natte zandleembodem met sterk gevlekte, verbrokkelde textuur B horizont",,,L,zandleem,d,"matig nat, matig gleyig",c,"met sterk gevlekte textuur (bij lemige sedimenten), verbrokkelde textuur B horizont ( bij zandige sedimenten)",,,,,,,,,,,,,,,bodemseries Lda en Ldc in de Zandleemstreek,"De Lda en Ldc series zijn matig natte, matig gleyige zandleemgronden met donker grijsbruine bouwvoor. Onder de Ap komt een bleekbruin uitgeloogde horizont voor die aan de kontaktzone met de textuur B zwakke roestverschijnselen vertoont. De textuur B is g",Rest van Vlaanderen,Ldc-ZLS,6,85W
1336,1336,Eutric Gleyic Retisols (Loamic),Retisols,RT-gl.eu,gl.eu,Gleyic,Eutric,-,Endogleyic,Loamic,-,Eutric,Ldc,Zuidelijke Vlaamse laagvlakte,Zandleemstreek,Vochtig zandleem,Ldc,Ldc,"Matig natte zandleembodem met sterk gevlekte, verbrokkelde textuur B horizont",,,L,zandleem,d,"matig nat, matig gleyig",c,"met sterk gevlekte textuur (bij lemige sedimenten), verbrokkelde textuur B horizont ( bij zandige sedimenten)",,,,,,,,,,,,,,,bodemseries Lda en Ldc in de Zandleemstreek,"De Lda en Ldc series zijn matig natte, matig gleyige zandleemgronden met donker grijsbruine bouwvoor. Onder de Ap komt een bleekbruin uitgeloogde horizont voor die aan de kontaktzone met de textuur B zwakke roestverschijnselen vertoont. De textuur B is g",Rest van Vlaanderen,Ldc-ZLS,6,85W
1337,1337,Eutric Gleyic Retisols (Loamic),Retisols,RT-gl.eu,gl.eu,Gleyic,Eutric,-,Endogleyic,Loamic,-,Eutric,Ldc,Schelde-Dender interfluvium,Zandleemstreek,Vochtig zandleem,Ldc,Ldc,"Matig natte zandleembodem met sterk gevlekte, verbrokkelde textuur B horizont",,,L,zandleem,d,"matig nat, matig gleyig",c,"met sterk gevlekte textuur (bij lemige sedimenten), verbrokkelde textuur B horizont ( bij zandige sedimenten)",,,,,,,,,,,,,,,bodemseries Lda en Ldc in de Zandleemstreek,"De Lda en Ldc series zijn matig natte, matig gleyige zandleemgronden met donker grijsbruine bouwvoor. Onder de Ap komt een bleekbruin uitgeloogde horizont voor die aan de kontaktzone met de textuur B zwakke roestverschijnselen vertoont. De textuur B is g",Rest van Vlaanderen,Ldc-ZLS,6,85W
1338,1338,"Eutric Stagnic Leptic Cambisols (Loamic, Ruptic)",Cambisols,CM-le.st.eu,le.st.eu,Leptic,Stagnic,Eutric,Stagnic,Loamic,Ruptic,Eutric,qwLDx,Schelde-Dender interfluvium,Zandleemstreek,Vochtig zandleem,qwLDx,LDx,Matig droge tot matig natte zandleembodem met onbepaald profiel,qw,Zandsteen + Klei-zand op geringe diepte (ondieper dan 75 cm),L,zandleem,c-d,"complex van droog, zwak gleyig tot matig droog, matig gleyig",x,met onbepaalde profielontwikkeling,,,,,,,,,,,,,,,bodemcomplex LDx in de Zandleemstreek,LDx verenigt in een kartografische eenheid Lcx en Ldx.  De Lcx-gronden zijn ontstaan op ontsluitingen van Tertiair substraat met dun zandleemdek. Roestverschijnselen beginnen tussen 80 en 120 cm. De gronden vertonen een wisselvallige waterhuishouding. Ze,Rest van Vlaanderen,qwLDx-ZLS,6,85W
1339,1339,"Eutric Stagnic Leptic Cambisols (Loamic, Ruptic)",Cambisols,CM-le.st.eu,le.st.eu,Leptic,Stagnic,Eutric,Stagnic,Loamic,Ruptic,Eutric,qwLDx,Schelde-Dender interfluvium,Zandleemstreek,Vochtig zandleem,qwLDx,LDx,Matig droge tot matig natte zandleembodem met onbepaald profiel,qw,Zandsteen + Klei-zand op geringe diepte (ondieper dan 75 cm),L,zandleem,c-d,"complex van droog, zwak gleyig tot matig droog, matig gleyig",x,met onbepaalde profielontwikkeling,,,,,,,,,,,,,,,bodemcomplex LDx in de Zandleemstreek,LDx verenigt in een kartografische eenheid Lcx en Ldx.  De Lcx-gronden zijn ontstaan op ontsluitingen van Tertiair substraat met dun zandleemdek. Roestverschijnselen beginnen tussen 80 en 120 cm. De gronden vertonen een wisselvallige waterhuishouding. Ze,Rest van Vlaanderen,qwLDx-ZLS,6,85W
1340,1340,"Eutric Fluvic Oxygleyic Gleysols (Loamic, Fluvic)",Gleysols,GL-oy.fv.eu,oy.fv.eu,Oxygleyic,Fluvic,Eutric,Stagnic,Loamic,Fluvic,Eutric,Lhp,Zuidelijke Vlaamse laagvlakte,Zandleemstreek,Nat zandleem,Lhp,Lhp,Natte zandleembodem zonder profiel,,,L,zandleem,h,"nat met relatief hoge ligging, sterk gleyig",p,zonder profielontwikkeling,,,,,,,,,,,,,,,bodemserie Lhp en complex LhP in de Zandsleemstreek,"Colluviale natte stuwwatergronden voor Lhp, terwijl bij LhP een zwakke profielontwikkeling geassocieerd is met de colluviale bodems zonder profielontwikkeling. De humeuze bovengrond is grijsbruin en rust op een colluviaal dek met baksteen- en houtskoolre",Rest van Vlaanderen,Lhp-ZLS,4,85W
1341,1341,Eutric Gleyic Retisols (Loamic),Retisols,RT-gl.eu,gl.eu,Gleyic,Eutric,-,Endogleyic,Loamic,-,Eutric,Ldc,Zuidelijke Vlaamse laagvlakte,Zandleemstreek,Vochtig zandleem,Ldc,Ldc,"Matig natte zandleembodem met sterk gevlekte, verbrokkelde textuur B horizont",,,L,zandleem,d,"matig nat, matig gleyig",c,"met sterk gevlekte textuur (bij lemige sedimenten), verbrokkelde textuur B horizont ( bij zandige sedimenten)",,,,,,,,,,,,,,,bodemseries Lda en Ldc in de Zandleemstreek,"De Lda en Ldc series zijn matig natte, matig gleyige zandleemgronden met donker grijsbruine bouwvoor. Onder de Ap komt een bleekbruin uitgeloogde horizont voor die aan de kontaktzone met de textuur B zwakke roestverschijnselen vertoont. De textuur B is g",Rest van Vlaanderen,Ldc-ZLS,6,85W
1342,1342,Eutric Gleyic Retisols (Loamic),Retisols,RT-gl.eu,gl.eu,Gleyic,Eutric,-,Endogleyic,Loamic,-,Eutric,Ldc,Schelde-Dender interfluvium,Zandleemstreek,Vochtig zandleem,Ldc,Ldc,"Matig natte zandleembodem met sterk gevlekte, verbrokkelde textuur B horizont",,,L,zandleem,d,"matig nat, matig gleyig",c,"met sterk gevlekte textuur (bij lemige sedimenten), verbrokkelde textuur B horizont ( bij zandige sedimenten)",,,,,,,,,,,,,,,bodemseries Lda en Ldc in de Zandleemstreek,"De Lda en Ldc series zijn matig natte, matig gleyige zandleemgronden met donker grijsbruine bouwvoor. Onder de Ap komt een bleekbruin uitgeloogde horizont voor die aan de kontaktzone met de textuur B zwakke roestverschijnselen vertoont. De textuur B is g",Rest van Vlaanderen,Ldc-ZLS,6,85W
1343,1343,"Eutric Gleyic Cambisols (Loamic, Colluvic)",Cambisols,CM-gl.eu,gl.eu,Gleyic,Eutric,-,Endogleyic,Loamic,Colluvic,Eutric,Ldp,Schelde-Dender interfluvium,Zandleemstreek,Vochtig zandleem,Ldp,Ldp,Matig natte zandleembodem zonder profiel,,,L,zandleem,d,"matig nat, matig gleyig",p,zonder profielontwikkeling,,,,,,,,,,,,,,,bodemserie Ldp en complex LdP in de Zandleemstreek,"Ldp en LdP omvatten colluviale gronden, gekenmerkt door een laag recent ge4rodeerd sediment. Meestal wordt op geringe tot matige diepte een bedolven textuur B (p(c), p1, po) of een Tertiair substraat aangetroffen. Het colluviaal dek onderscheidt zich van",Rest van Vlaanderen,Ldp-ZLS,4,85W
1344,1344,"Eutric Stagnic Leptic Cambisols (Loamic, Ruptic)",Cambisols,CM-le.st.eu,le.st.eu,Leptic,Stagnic,Eutric,Stagnic,Loamic,Ruptic,Eutric,qwLDx,Schelde-Dender interfluvium,Zandleemstreek,Vochtig zandleem,qwLDx,LDx,Matig droge tot matig natte zandleembodem met onbepaald profiel,qw,Zandsteen + Klei-zand op geringe diepte (ondieper dan 75 cm),L,zandleem,c-d,"complex van droog, zwak gleyig tot matig droog, matig gleyig",x,met onbepaalde profielontwikkeling,,,,,,,,,,,,,,,bodemcomplex LDx in de Zandleemstreek,LDx verenigt in een kartografische eenheid Lcx en Ldx.  De Lcx-gronden zijn ontstaan op ontsluitingen van Tertiair substraat met dun zandleemdek. Roestverschijnselen beginnen tussen 80 en 120 cm. De gronden vertonen een wisselvallige waterhuishouding. Ze,Rest van Vlaanderen,qwLDx-ZLS,6,85W
1345,1345,Eutric Gleyic Retisols (Loamic),Retisols,RT-gl.eu,gl.eu,Gleyic,Eutric,-,Endogleyic,Loamic,-,Eutric,Ldc,Zuidelijke Vlaamse laagvlakte,Zandleemstreek,Vochtig zandleem,Ldc,Ldc,"Matig natte zandleembodem met sterk gevlekte, verbrokkelde textuur B horizont",,,L,zandleem,d,"matig nat, matig gleyig",c,"met sterk gevlekte textuur (bij lemige sedimenten), verbrokkelde textuur B horizont ( bij zandige sedimenten)",,,,,,,,,,,,,,,bodemseries Lda en Ldc in de Zandleemstreek,"De Lda en Ldc series zijn matig natte, matig gleyige zandleemgronden met donker grijsbruine bouwvoor. Onder de Ap komt een bleekbruin uitgeloogde horizont voor die aan de kontaktzone met de textuur B zwakke roestverschijnselen vertoont. De textuur B is g",Rest van Vlaanderen,Ldc-ZLS,6,85W
1346,1346,Eutric Gleyic Retisols (Loamic),Retisols,RT-gl.eu,gl.eu,Gleyic,Eutric,-,Endogleyic,Loamic,-,Eutric,Ldc,Schelde-Dender interfluvium,Zandleemstreek,Vochtig zandleem,Ldc,Ldc,"Matig natte zandleembodem met sterk gevlekte, verbrokkelde textuur B horizont",,,L,zandleem,d,"matig nat, matig gleyig",c,"met sterk gevlekte textuur (bij lemige sedimenten), verbrokkelde textuur B horizont ( bij zandige sedimenten)",,,,,,,,,,,,,,,bodemseries Lda en Ldc in de Zandleemstreek,"De Lda en Ldc series zijn matig natte, matig gleyige zandleemgronden met donker grijsbruine bouwvoor. Onder de Ap komt een bleekbruin uitgeloogde horizont voor die aan de kontaktzone met de textuur B zwakke roestverschijnselen vertoont. De textuur B is g",Rest van Vlaanderen,Ldc-ZLS,6,85W
1347,1347,"Eutric Stagnic Leptic Cambisols (Loamic, Ruptic)",Cambisols,CM-le.st.eu,le.st.eu,Leptic,Stagnic,Eutric,Stagnic,Loamic,Ruptic,Eutric,qwLDx,Schelde-Dender interfluvium,Zandleemstreek,Vochtig zandleem,qwLDx,LDx,Matig droge tot matig natte zandleembodem met onbepaald profiel,qw,Zandsteen + Klei-zand op geringe diepte (ondieper dan 75 cm),L,zandleem,c-d,"complex van droog, zwak gleyig tot matig droog, matig gleyig",x,met onbepaalde profielontwikkeling,,,,,,,,,,,,,,,bodemcomplex LDx in de Zandleemstreek,LDx verenigt in een kartografische eenheid Lcx en Ldx.  De Lcx-gronden zijn ontstaan op ontsluitingen van Tertiair substraat met dun zandleemdek. Roestverschijnselen beginnen tussen 80 en 120 cm. De gronden vertonen een wisselvallige waterhuishouding. Ze,Rest van Vlaanderen,qwLDx-ZLS,6,85W
1348,1348,"Eutric Fluvic Gleyic Cambisols (Loamic, Fluvic)",Cambisols,CM-gl.fv.eu,gl.fv.eu,Gleyic,Fluvic,Eutric,Endogleyic,Loamic,Fluvic,Eutric,Eep,Zuidelijke Vlaamse laagvlakte,Zandleemstreek,Natte klei,Eep,Eep,Sterk gleyige kleibodem zonder profiel,,,E,klei,e,"nat, sterk gleyig met reductiehorizont",p,zonder profielontwikkeling,,,,,,,,,,,,,,,bodemseries Eep en Uep in de Zandleemstreek,Bij Eep en Uep is de humeuze bovengrond donker grijsbruin en sterk humeus met veel roest. De blauwgrijze reductiehorizont begint vanaf de diepte van 100 cm. Deze gronden zijn veel te nat en soms tijdelijk overstroomd in de winter; goed vochthoudend in de,Rest van Vlaanderen,Eep-ZLS,4,85W
1349,1349,"Eutric Fluvic Oxygleyic Gleysols (Loamic, Fluvic)",Gleysols,GL-oy.fv.eu,oy.fv.eu,Oxygleyic,Fluvic,Eutric,Stagnic,Loamic,Fluvic,Eutric,Lhp,Zuidelijke Vlaamse laagvlakte,Zandleemstreek,Nat zandleem,Lhp,Lhp,Natte zandleembodem zonder profiel,,,L,zandleem,h,"nat met relatief hoge ligging, sterk gleyig",p,zonder profielontwikkeling,,,,,,,,,,,,,,,bodemserie Lhp en complex LhP in de Zandsleemstreek,"Colluviale natte stuwwatergronden voor Lhp, terwijl bij LhP een zwakke profielontwikkeling geassocieerd is met de colluviale bodems zonder profielontwikkeling. De humeuze bovengrond is grijsbruin en rust op een colluviaal dek met baksteen- en houtskoolre",Rest van Vlaanderen,Lhp-ZLS,4,85W
1350,1350,"Eutric Fluvic Oxygleyic Gleysols (Loamic, Fluvic)",Gleysols,GL-oy.fv.eu,oy.fv.eu,Oxygleyic,Fluvic,Eutric,Stagnic,Loamic,Fluvic,Eutric,Lhp,Zuidelijke Vlaamse laagvlakte,Zandleemstreek,Nat zandleem,Lhp,Lhp,Natte zandleembodem zonder profiel,,,L,zandleem,h,"nat met relatief hoge ligging, sterk gleyig",p,zonder profielontwikkeling,,,,,,,,,,,,,,,bodemserie Lhp en complex LhP in de Zandsleemstreek,"Colluviale natte stuwwatergronden voor Lhp, terwijl bij LhP een zwakke profielontwikkeling geassocieerd is met de colluviale bodems zonder profielontwikkeling. De humeuze bovengrond is grijsbruin en rust op een colluviaal dek met baksteen- en houtskoolre",Rest van Vlaanderen,Lhp-ZLS,4,85W
1351,1351,"Eutric Fluvic Oxygleyic Gleysols (Loamic, Fluvic)",Gleysols,GL-oy.fv.eu,oy.fv.eu,Oxygleyic,Fluvic,Eutric,Stagnic,Loamic,Fluvic,Eutric,Lhp,Zuidelijke Vlaamse laagvlakte,Zandleemstreek,Nat zandleem,Lhp,Lhp,Natte zandleembodem zonder profiel,,,L,zandleem,h,"nat met relatief hoge ligging, sterk gleyig",p,zonder profielontwikkeling,,,,,,,,,,,,,,,bodemserie Lhp en complex LhP in de Zandsleemstreek,"Colluviale natte stuwwatergronden voor Lhp, terwijl bij LhP een zwakke profielontwikkeling geassocieerd is met de colluviale bodems zonder profielontwikkeling. De humeuze bovengrond is grijsbruin en rust op een colluviaal dek met baksteen- en houtskoolre",Rest van Vlaanderen,Lhp-ZLS,4,85W
1352,1352,"Eutric Stagnic Leptic Cambisols (Loamic, Ruptic)",Cambisols,CM-le.st.eu,le.st.eu,Leptic,Stagnic,Eutric,Stagnic,Loamic,Ruptic,Eutric,qwLDx,Schelde-Dender interfluvium,Zandleemstreek,Vochtig zandleem,qwLDx,LDx,Matig droge tot matig natte zandleembodem met onbepaald profiel,qw,Zandsteen + Klei-zand op geringe diepte (ondieper dan 75 cm),L,zandleem,c-d,"complex van droog, zwak gleyig tot matig droog, matig gleyig",x,met onbepaalde profielontwikkeling,,,,,,,,,,,,,,,bodemcomplex LDx in de Zandleemstreek,LDx verenigt in een kartografische eenheid Lcx en Ldx.  De Lcx-gronden zijn ontstaan op ontsluitingen van Tertiair substraat met dun zandleemdek. Roestverschijnselen beginnen tussen 80 en 120 cm. De gronden vertonen een wisselvallige waterhuishouding. Ze,Rest van Vlaanderen,qwLDx-ZLS,6,85W
1353,1353,"Eutric Stagnic Leptic Cambisols (Loamic, Ruptic)",Cambisols,CM-le.st.eu,le.st.eu,Leptic,Stagnic,Eutric,Stagnic,Loamic,Ruptic,Eutric,qwLDx,Schelde-Dender interfluvium,Zandleemstreek,Vochtig zandleem,qwLDx,LDx,Matig droge tot matig natte zandleembodem met onbepaald profiel,qw,Zandsteen + Klei-zand op geringe diepte (ondieper dan 75 cm),L,zandleem,c-d,"complex van droog, zwak gleyig tot matig droog, matig gleyig",x,met onbepaalde profielontwikkeling,,,,,,,,,,,,,,,bodemcomplex LDx in de Zandleemstreek,LDx verenigt in een kartografische eenheid Lcx en Ldx.  De Lcx-gronden zijn ontstaan op ontsluitingen van Tertiair substraat met dun zandleemdek. Roestverschijnselen beginnen tussen 80 en 120 cm. De gronden vertonen een wisselvallige waterhuishouding. Ze,Rest van Vlaanderen,qwLDx-ZLS,6,85W
1354,1354,"Eutric Fluvic Oxygleyic Gleysols (Loamic, Fluvic)",Gleysols,GL-oy.fv.eu,oy.fv.eu,Oxygleyic,Fluvic,Eutric,Stagnic,Loamic,Fluvic,Eutric,Lhp,Zuidelijke Vlaamse laagvlakte,Zandleemstreek,Nat zandleem,Lhp,Lhp,Natte zandleembodem zonder profiel,,,L,zandleem,h,"nat met relatief hoge ligging, sterk gleyig",p,zonder profielontwikkeling,,,,,,,,,,,,,,,bodemserie Lhp en complex LhP in de Zandsleemstreek,"Colluviale natte stuwwatergronden voor Lhp, terwijl bij LhP een zwakke profielontwikkeling geassocieerd is met de colluviale bodems zonder profielontwikkeling. De humeuze bovengrond is grijsbruin en rust op een colluviaal dek met baksteen- en houtskoolre",Rest van Vlaanderen,Lhp-ZLS,4,85W
1355,1355,"Eutric Fluvic Oxygleyic Gleysols (Loamic, Fluvic)",Gleysols,GL-oy.fv.eu,oy.fv.eu,Oxygleyic,Fluvic,Eutric,Stagnic,Loamic,Fluvic,Eutric,Lhp,Zuidelijke Vlaamse laagvlakte,Zandleemstreek,Nat zandleem,Lhp,Lhp,Natte zandleembodem zonder profiel,,,L,zandleem,h,"nat met relatief hoge ligging, sterk gleyig",p,zonder profielontwikkeling,,,,,,,,,,,,,,,bodemserie Lhp en complex LhP in de Zandsleemstreek,"Colluviale natte stuwwatergronden voor Lhp, terwijl bij LhP een zwakke profielontwikkeling geassocieerd is met de colluviale bodems zonder profielontwikkeling. De humeuze bovengrond is grijsbruin en rust op een colluviaal dek met baksteen- en houtskoolre",Rest van Vlaanderen,Lhp-ZLS,4,85W
1356,1356,"Eutric Fluvic Gleyic Cambisols (Loamic, Fluvic)",Cambisols,CM-gl.fv.eu,gl.fv.eu,Gleyic,Fluvic,Eutric,Endogleyic,Loamic,Fluvic,Eutric,Lep,Zuidelijke Vlaamse laagvlakte,Zandleemstreek,Nat zandleem,Lep,Lep,Natte zandleembodem zonder profiel,,,L,zandleem,e,"nat, sterk gleyig met reductiehorizont",p,zonder profielontwikkeling,,,,,,,,,,,,,,,bodemserie Lep in de Zandleemstreek,Deze hydromorfe alluviale bodem is veel te nat en soms kortstondig gednundeerd in de winter; vochtig in de zomer. De kleur is overwegend grijs met talrijke roestvlekken; dieper dan 80 cm wordt blauwgrijs reductiemateriaal aangetroffen. De bodems zijn ges,Rest van Vlaanderen,Lep-ZLS,4,85W
1357,1357,"Eutric Fluvic Gleyic Cambisols (Loamic, Fluvic)",Cambisols,CM-gl.fv.eu,gl.fv.eu,Gleyic,Fluvic,Eutric,Endogleyic,Loamic,Fluvic,Eutric,Ldp,Zuidelijke Vlaamse laagvlakte,Zandleemstreek,Vochtig zandleem,Ldp,Ldp,Matig natte zandleembodem zonder profiel,,,L,zandleem,d,"matig nat, matig gleyig",p,zonder profielontwikkeling,,,,,,,,,,,,,,,bodemserie Ldp en complex LdP in de Zandleemstreek,"Ldp en LdP omvatten colluviale gronden, gekenmerkt door een laag recent ge4rodeerd sediment. Meestal wordt op geringe tot matige diepte een bedolven textuur B (p(c), p1, po) of een Tertiair substraat aangetroffen. Het colluviaal dek onderscheidt zich van",Rest van Vlaanderen,Ldp-ZLS,4,85W
1358,1358,"Eutric Stagnic Leptic Cambisols (Loamic, Ruptic)",Cambisols,CM-le.st.eu,le.st.eu,Leptic,Stagnic,Eutric,Stagnic,Loamic,Ruptic,Eutric,qwLDx,Schelde-Dender interfluvium,Zandleemstreek,Vochtig zandleem,qwLDx,LDx,Matig droge tot matig natte zandleembodem met onbepaald profiel,qw,Zandsteen + Klei-zand op geringe diepte (ondieper dan 75 cm),L,zandleem,c-d,"complex van droog, zwak gleyig tot matig droog, matig gleyig",x,met onbepaalde profielontwikkeling,,,,,,,,,,,,,,,bodemcomplex LDx in de Zandleemstreek,LDx verenigt in een kartografische eenheid Lcx en Ldx.  De Lcx-gronden zijn ontstaan op ontsluitingen van Tertiair substraat met dun zandleemdek. Roestverschijnselen beginnen tussen 80 en 120 cm. De gronden vertonen een wisselvallige waterhuishouding. Ze,Rest van Vlaanderen,qwLDx-ZLS,6,85W
1359,1359,"Eutric Fluvic Oxygleyic Gleysols (Loamic, Fluvic)",Gleysols,GL-oy.fv.eu,oy.fv.eu,Oxygleyic,Fluvic,Eutric,Stagnic,Loamic,Fluvic,Eutric,Lhp,Zuidelijke Vlaamse laagvlakte,Zandleemstreek,Nat zandleem,Lhp,Lhp,Natte zandleembodem zonder profiel,,,L,zandleem,h,"nat met relatief hoge ligging, sterk gleyig",p,zonder profielontwikkeling,,,,,,,,,,,,,,,bodemserie Lhp en complex LhP in de Zandsleemstreek,"Colluviale natte stuwwatergronden voor Lhp, terwijl bij LhP een zwakke profielontwikkeling geassocieerd is met de colluviale bodems zonder profielontwikkeling. De humeuze bovengrond is grijsbruin en rust op een colluviaal dek met baksteen- en houtskoolre",Rest van Vlaanderen,Lhp-ZLS,4,85W
1360,1360,"Eutric Fluvic Gleyic Cambisols (Loamic, Fluvic)",Cambisols,CM-gl.fv.eu,gl.fv.eu,Gleyic,Fluvic,Eutric,Endogleyic,Loamic,Fluvic,Eutric,Lep,Zuidelijke Vlaamse laagvlakte,Zandleemstreek,Nat zandleem,Lep,Lep,Natte zandleembodem zonder profiel,,,L,zandleem,e,"nat, sterk gleyig met reductiehorizont",p,zonder profielontwikkeling,,,,,,,,,,,,,,,bodemserie Lep in de Zandleemstreek,Deze hydromorfe alluviale bodem is veel te nat en soms kortstondig gednundeerd in de winter; vochtig in de zomer. De kleur is overwegend grijs met talrijke roestvlekken; dieper dan 80 cm wordt blauwgrijs reductiemateriaal aangetroffen. De bodems zijn ges,Rest van Vlaanderen,Lep-ZLS,4,85W
1361,1361,"Eutric Fluvic Gleyic Cambisols (Loamic, Fluvic)",Cambisols,CM-gl.fv.eu,gl.fv.eu,Gleyic,Fluvic,Eutric,Endogleyic,Loamic,Fluvic,Eutric,Ldp,Zuidelijke Vlaamse laagvlakte,Zandleemstreek,Vochtig zandleem,Ldp,Ldp,Matig natte zandleembodem zonder profiel,,,L,zandleem,d,"matig nat, matig gleyig",p,zonder profielontwikkeling,,,,,,,,,,,,,,,bodemserie Ldp en complex LdP in de Zandleemstreek,"Ldp en LdP omvatten colluviale gronden, gekenmerkt door een laag recent ge4rodeerd sediment. Meestal wordt op geringe tot matige diepte een bedolven textuur B (p(c), p1, po) of een Tertiair substraat aangetroffen. Het colluviaal dek onderscheidt zich van",Rest van Vlaanderen,Ldp-ZLS,4,85W
1362,1362,"Eutric Stagnic Leptic Cambisols (Loamic, Ruptic)",Cambisols,CM-le.st.eu,le.st.eu,Leptic,Stagnic,Eutric,Stagnic,Loamic,Ruptic,Eutric,qwLDx,Schelde-Dender interfluvium,Zandleemstreek,Vochtig zandleem,qwLDx,LDx,Matig droge tot matig natte zandleembodem met onbepaald profiel,qw,Zandsteen + Klei-zand op geringe diepte (ondieper dan 75 cm),L,zandleem,c-d,"complex van droog, zwak gleyig tot matig droog, matig gleyig",x,met onbepaalde profielontwikkeling,,,,,,,,,,,,,,,bodemcomplex LDx in de Zandleemstreek,LDx verenigt in een kartografische eenheid Lcx en Ldx.  De Lcx-gronden zijn ontstaan op ontsluitingen van Tertiair substraat met dun zandleemdek. Roestverschijnselen beginnen tussen 80 en 120 cm. De gronden vertonen een wisselvallige waterhuishouding. Ze,Rest van Vlaanderen,qwLDx-ZLS,6,85W
1363,1363,"Eutric Fluvic Oxygleyic Gleysols (Loamic, Fluvic)",Gleysols,GL-oy.fv.eu,oy.fv.eu,Oxygleyic,Fluvic,Eutric,Stagnic,Loamic,Fluvic,Eutric,Lhp,Zuidelijke Vlaamse laagvlakte,Zandleemstreek,Nat zandleem,Lhp,Lhp,Natte zandleembodem zonder profiel,,,L,zandleem,h,"nat met relatief hoge ligging, sterk gleyig",p,zonder profielontwikkeling,,,,,,,,,,,,,,,bodemserie Lhp en complex LhP in de Zandsleemstreek,"Colluviale natte stuwwatergronden voor Lhp, terwijl bij LhP een zwakke profielontwikkeling geassocieerd is met de colluviale bodems zonder profielontwikkeling. De humeuze bovengrond is grijsbruin en rust op een colluviaal dek met baksteen- en houtskoolre",Rest van Vlaanderen,Lhp-ZLS,4,85W
1364,1364,"Eutric Fluvic Gleyic Cambisols (Loamic, Fluvic)",Cambisols,CM-gl.fv.eu,gl.fv.eu,Gleyic,Fluvic,Eutric,Endogleyic,Loamic,Fluvic,Eutric,Lep,Zuidelijke Vlaamse laagvlakte,Zandleemstreek,Nat zandleem,Lep,Lep,Natte zandleembodem zonder profiel,,,L,zandleem,e,"nat, sterk gleyig met reductiehorizont",p,zonder profielontwikkeling,,,,,,,,,,,,,,,bodemserie Lep in de Zandleemstreek,Deze hydromorfe alluviale bodem is veel te nat en soms kortstondig gednundeerd in de winter; vochtig in de zomer. De kleur is overwegend grijs met talrijke roestvlekken; dieper dan 80 cm wordt blauwgrijs reductiemateriaal aangetroffen. De bodems zijn ges,Rest van Vlaanderen,Lep-ZLS,4,85W
1365,1365,Eutric Gleyic Retisols (Loamic),Retisols,RT-gl.eu,gl.eu,Gleyic,Eutric,-,Endogleyic,Loamic,-,Eutric,Ldc,Schelde-Dender interfluvium,Zandleemstreek,Vochtig zandleem,Ldc,Ldc,"Matig natte zandleembodem met sterk gevlekte, verbrokkelde textuur B horizont",,,L,zandleem,d,"matig nat, matig gleyig",c,"met sterk gevlekte textuur (bij lemige sedimenten), verbrokkelde textuur B horizont ( bij zandige sedimenten)",,,,,,,,,,,,,,,bodemseries Lda en Ldc in de Zandleemstreek,"De Lda en Ldc series zijn matig natte, matig gleyige zandleemgronden met donker grijsbruine bouwvoor. Onder de Ap komt een bleekbruin uitgeloogde horizont voor die aan de kontaktzone met de textuur B zwakke roestverschijnselen vertoont. De textuur B is g",Rest van Vlaanderen,Ldc-ZLS,6,85W
1366,1366,"Eutric Fluvic Gleyic Cambisols (Loamic, Fluvic)",Cambisols,CM-gl.fv.eu,gl.fv.eu,Gleyic,Fluvic,Eutric,Endogleyic,Loamic,Fluvic,Eutric,Lep,Zuidelijke Vlaamse laagvlakte,Zandleemstreek,Nat zandleem,Lep,Lep,Natte zandleembodem zonder profiel,,,L,zandleem,e,"nat, sterk gleyig met reductiehorizont",p,zonder profielontwikkeling,,,,,,,,,,,,,,,bodemserie Lep in de Zandleemstreek,Deze hydromorfe alluviale bodem is veel te nat en soms kortstondig gednundeerd in de winter; vochtig in de zomer. De kleur is overwegend grijs met talrijke roestvlekken; dieper dan 80 cm wordt blauwgrijs reductiemateriaal aangetroffen. De bodems zijn ges,Rest van Vlaanderen,Lep-ZLS,4,85W
1367,1367,"Eutric Fluvic Gleyic Cambisols (Loamic, Fluvic)",Cambisols,CM-gl.fv.eu,gl.fv.eu,Gleyic,Fluvic,Eutric,Endogleyic,Loamic,Fluvic,Eutric,Ldp,Zuidelijke Vlaamse laagvlakte,Zandleemstreek,Vochtig zandleem,Ldp,Ldp,Matig natte zandleembodem zonder profiel,,,L,zandleem,d,"matig nat, matig gleyig",p,zonder profielontwikkeling,,,,,,,,,,,,,,,bodemserie Ldp en complex LdP in de Zandleemstreek,"Ldp en LdP omvatten colluviale gronden, gekenmerkt door een laag recent ge4rodeerd sediment. Meestal wordt op geringe tot matige diepte een bedolven textuur B (p(c), p1, po) of een Tertiair substraat aangetroffen. Het colluviaal dek onderscheidt zich van",Rest van Vlaanderen,Ldp-ZLS,4,85W
1368,1368,"Eutric Gleyic Cambisols (Loamic, Colluvic)",Cambisols,CM-gl.eu,gl.eu,Gleyic,Eutric,-,Endogleyic,Loamic,Colluvic,Eutric,Ldp,Schelde-Dender interfluvium,Zandleemstreek,Vochtig zandleem,Ldp,Ldp,Matig natte zandleembodem zonder profiel,,,L,zandleem,d,"matig nat, matig gleyig",p,zonder profielontwikkeling,,,,,,,,,,,,,,,bodemserie Ldp en complex LdP in de Zandleemstreek,"Ldp en LdP omvatten colluviale gronden, gekenmerkt door een laag recent ge4rodeerd sediment. Meestal wordt op geringe tot matige diepte een bedolven textuur B (p(c), p1, po) of een Tertiair substraat aangetroffen. Het colluviaal dek onderscheidt zich van",Rest van Vlaanderen,Ldp-ZLS,4,85W
1369,1369,"Eutric Fluvic Oxygleyic Gleysols (Loamic, Fluvic)",Gleysols,GL-oy.fv.eu,oy.fv.eu,Oxygleyic,Fluvic,Eutric,Stagnic,Loamic,Fluvic,Eutric,Lhp,Zuidelijke Vlaamse laagvlakte,Zandleemstreek,Nat zandleem,Lhp,Lhp,Natte zandleembodem zonder profiel,,,L,zandleem,h,"nat met relatief hoge ligging, sterk gleyig",p,zonder profielontwikkeling,,,,,,,,,,,,,,,bodemserie Lhp en complex LhP in de Zandsleemstreek,"Colluviale natte stuwwatergronden voor Lhp, terwijl bij LhP een zwakke profielontwikkeling geassocieerd is met de colluviale bodems zonder profielontwikkeling. De humeuze bovengrond is grijsbruin en rust op een colluviaal dek met baksteen- en houtskoolre",Rest van Vlaanderen,Lhp-ZLS,4,85W
1370,1370,"Eutric Fluvic Gleyic Cambisols (Loamic, Fluvic)",Cambisols,CM-gl.fv.eu,gl.fv.eu,Gleyic,Fluvic,Eutric,Endogleyic,Loamic,Fluvic,Eutric,Ldp,Zuidelijke Vlaamse laagvlakte,Zandleemstreek,Vochtig zandleem,Ldp,Ldp,Matig natte zandleembodem zonder profiel,,,L,zandleem,d,"matig nat, matig gleyig",p,zonder profielontwikkeling,,,,,,,,,,,,,,,bodemserie Ldp en complex LdP in de Zandleemstreek,"Ldp en LdP omvatten colluviale gronden, gekenmerkt door een laag recent ge4rodeerd sediment. Meestal wordt op geringe tot matige diepte een bedolven textuur B (p(c), p1, po) of een Tertiair substraat aangetroffen. Het colluviaal dek onderscheidt zich van",Rest van Vlaanderen,Ldp-ZLS,4,85W
1371,1371,Eutric Gleyic Retisols (Loamic),Retisols,RT-gl.eu,gl.eu,Gleyic,Eutric,-,Endogleyic,Loamic,-,Eutric,Ldc,Schelde-Dender interfluvium,Zandleemstreek,Vochtig zandleem,Ldc,Ldc,"Matig natte zandleembodem met sterk gevlekte, verbrokkelde textuur B horizont",,,L,zandleem,d,"matig nat, matig gleyig",c,"met sterk gevlekte textuur (bij lemige sedimenten), verbrokkelde textuur B horizont ( bij zandige sedimenten)",,,,,,,,,,,,,,,bodemseries Lda en Ldc in de Zandleemstreek,"De Lda en Ldc series zijn matig natte, matig gleyige zandleemgronden met donker grijsbruine bouwvoor. Onder de Ap komt een bleekbruin uitgeloogde horizont voor die aan de kontaktzone met de textuur B zwakke roestverschijnselen vertoont. De textuur B is g",Rest van Vlaanderen,Ldc-ZLS,6,85W
1372,1372,"Eutric Fluvic Oxygleyic Gleysols (Loamic, Fluvic)",Gleysols,GL-oy.fv.eu,oy.fv.eu,Oxygleyic,Fluvic,Eutric,Stagnic,Loamic,Fluvic,Eutric,Lhp,Zuidelijke Vlaamse laagvlakte,Zandleemstreek,Nat zandleem,Lhp,Lhp,Natte zandleembodem zonder profiel,,,L,zandleem,h,"nat met relatief hoge ligging, sterk gleyig",p,zonder profielontwikkeling,,,,,,,,,,,,,,,bodemserie Lhp en complex LhP in de Zandsleemstreek,"Colluviale natte stuwwatergronden voor Lhp, terwijl bij LhP een zwakke profielontwikkeling geassocieerd is met de colluviale bodems zonder profielontwikkeling. De humeuze bovengrond is grijsbruin en rust op een colluviaal dek met baksteen- en houtskoolre",Rest van Vlaanderen,Lhp-ZLS,4,85W
1373,1373,"Eutric Stagnic Leptic Cambisols (Loamic, Ruptic)",Cambisols,CM-le.st.eu,le.st.eu,Leptic,Stagnic,Eutric,Stagnic,Loamic,Ruptic,Eutric,qwLDx,Schelde-Dender interfluvium,Zandleemstreek,Vochtig zandleem,qwLDx,LDx,Matig droge tot matig natte zandleembodem met onbepaald profiel,qw,Zandsteen + Klei-zand op geringe diepte (ondieper dan 75 cm),L,zandleem,c-d,"complex van droog, zwak gleyig tot matig droog, matig gleyig",x,met onbepaalde profielontwikkeling,,,,,,,,,,,,,,,bodemcomplex LDx in de Zandleemstreek,LDx verenigt in een kartografische eenheid Lcx en Ldx.  De Lcx-gronden zijn ontstaan op ontsluitingen van Tertiair substraat met dun zandleemdek. Roestverschijnselen beginnen tussen 80 en 120 cm. De gronden vertonen een wisselvallige waterhuishouding. Ze,Rest van Vlaanderen,qwLDx-ZLS,6,85W
1401,1401,Dystric Glossic Fragic Retisols (Siltic),Retisols,RT-fc.gs.dy,fc.gs.dy,Fragic,Glossic,Dystric,-,Siltic,-,Dystric,Abc0,Brabants plateau,Zandstreek,Droge leem,Abc0,Abc,"Droge leembodem met sterk gevlekte, verbrokkelde textuur B horizont",,,A,leem,b,"droog, niet gleyig",c,"met sterk gevlekte textuur (bij lemige sedimenten), verbrokkelde textuur B horizont ( bij zandige sedimenten)",0,Betekenis afhankelijk van het bodemtype (zie toelichtingsboekje),,,,,,,,,,,,,bodemserie Abc en complex AbB in de AbB in de Zandstreek,"Deze droge leemgronden met sterk gevlekte textuur B horizont komen voor nabij de overgangszone met de Leemstreek alsook in enkele alluviale valleien.eDeze bodems hebben een bruingrijze Ap (20-25 cm) die rust op een bruine C horizont, waarin weinig of gee",Rest van Vlaanderen,Abc0-ZS,5,103E
1402,1402,"Eutric Cambisols (Siltic, Colluvic)",Cambisols,CM-eu,eu,Eutric,-,-,-,Siltic,Colluvic,Eutric,Abp,Brabants plateau,Zandstreek,Droge leem,Abp,Abp,Droge leembodem zonder profiel,,,A,leem,b,"droog, niet gleyig",p,zonder profielontwikkeling,,,,,,,,,,,,,,,bodemserie Abp in de Zandstreek,De Abp bodems komen voor in colluviale droge leemdepressies. Deze gronden bestaan uit leemmateriaal geBrodeerd van de hoger liggende plateaugronden. De landbouwwaarde van de Abp gronden ligt uin klasse lager dan die van de Aba gronden wegens het meestal,Rest van Vlaanderen,Abp-ZS,5,103E
1403,1403,Dystric Glossic Fragic Retisols (Siltic),Retisols,RT-fc.gs.dy,fc.gs.dy,Fragic,Glossic,Dystric,-,Siltic,-,Dystric,Abc0,Brabants plateau,Zandstreek,Droge leem,Abc0,Abc,"Droge leembodem met sterk gevlekte, verbrokkelde textuur B horizont",,,A,leem,b,"droog, niet gleyig",c,"met sterk gevlekte textuur (bij lemige sedimenten), verbrokkelde textuur B horizont ( bij zandige sedimenten)",0,Betekenis afhankelijk van het bodemtype (zie toelichtingsboekje),,,,,,,,,,,,,bodemserie Abc en complex AbB in de AbB in de Zandstreek,"Deze droge leemgronden met sterk gevlekte textuur B horizont komen voor nabij de overgangszone met de Leemstreek alsook in enkele alluviale valleien.eDeze bodems hebben een bruingrijze Ap (20-25 cm) die rust op een bruine C horizont, waarin weinig of gee",Rest van Vlaanderen,Abc0-ZS,5,103E
1404,1404,Dystric Glossic Fragic Retisols (Siltic),Retisols,RT-fc.gs.dy,fc.gs.dy,Fragic,Glossic,Dystric,-,Siltic,-,Dystric,Abc0,Brabants plateau,Zandstreek,Droge leem,Abc0,Abc,"Droge leembodem met sterk gevlekte, verbrokkelde textuur B horizont",,,A,leem,b,"droog, niet gleyig",c,"met sterk gevlekte textuur (bij lemige sedimenten), verbrokkelde textuur B horizont ( bij zandige sedimenten)",0,Betekenis afhankelijk van het bodemtype (zie toelichtingsboekje),,,,,,,,,,,,,bodemserie Abc en complex AbB in de AbB in de Zandstreek,"Deze droge leemgronden met sterk gevlekte textuur B horizont komen voor nabij de overgangszone met de Leemstreek alsook in enkele alluviale valleien.eDeze bodems hebben een bruingrijze Ap (20-25 cm) die rust op een bruine C horizont, waarin weinig of gee",Rest van Vlaanderen,Abc0-ZS,5,103E
1405,1405,Dystric Glossic Fragic Retisols (Siltic),Retisols,RT-fc.gs.dy,fc.gs.dy,Fragic,Glossic,Dystric,-,Siltic,-,Dystric,Abc0,Brabants plateau,Zandstreek,Droge leem,Abc0,Abc,"Droge leembodem met sterk gevlekte, verbrokkelde textuur B horizont",,,A,leem,b,"droog, niet gleyig",c,"met sterk gevlekte textuur (bij lemige sedimenten), verbrokkelde textuur B horizont ( bij zandige sedimenten)",0,Betekenis afhankelijk van het bodemtype (zie toelichtingsboekje),,,,,,,,,,,,,bodemserie Abc en complex AbB in de AbB in de Zandstreek,"Deze droge leemgronden met sterk gevlekte textuur B horizont komen voor nabij de overgangszone met de Leemstreek alsook in enkele alluviale valleien.eDeze bodems hebben een bruingrijze Ap (20-25 cm) die rust op een bruine C horizont, waarin weinig of gee",Rest van Vlaanderen,Abc0-ZS,5,103E
1406,1406,"Eutric Cambisols (Siltic, Colluvic)",Cambisols,CM-eu,eu,Eutric,-,-,-,Siltic,Colluvic,Eutric,Abp,Brabants plateau,Zandstreek,Droge leem,Abp,Abp,Droge leembodem zonder profiel,,,A,leem,b,"droog, niet gleyig",p,zonder profielontwikkeling,,,,,,,,,,,,,,,bodemserie Abp in de Zandstreek,De Abp bodems komen voor in colluviale droge leemdepressies. Deze gronden bestaan uit leemmateriaal geBrodeerd van de hoger liggende plateaugronden. De landbouwwaarde van de Abp gronden ligt uin klasse lager dan die van de Aba gronden wegens het meestal,Rest van Vlaanderen,Abp-ZS,5,103E
1407,1407,Dystric Glossic Fragic Retisols (Siltic),Retisols,RT-fc.gs.dy,fc.gs.dy,Fragic,Glossic,Dystric,-,Siltic,-,Dystric,Abc0,Brabants plateau,Zandstreek,Droge leem,Abc0,Abc,"Droge leembodem met sterk gevlekte, verbrokkelde textuur B horizont",,,A,leem,b,"droog, niet gleyig",c,"met sterk gevlekte textuur (bij lemige sedimenten), verbrokkelde textuur B horizont ( bij zandige sedimenten)",0,Betekenis afhankelijk van het bodemtype (zie toelichtingsboekje),,,,,,,,,,,,,bodemserie Abc en complex AbB in de AbB in de Zandstreek,"Deze droge leemgronden met sterk gevlekte textuur B horizont komen voor nabij de overgangszone met de Leemstreek alsook in enkele alluviale valleien.eDeze bodems hebben een bruingrijze Ap (20-25 cm) die rust op een bruine C horizont, waarin weinig of gee",Rest van Vlaanderen,Abc0-ZS,5,103E
1408,1408,Dystric Glossic Fragic Retisols (Siltic),Retisols,RT-fc.gs.dy,fc.gs.dy,Fragic,Glossic,Dystric,-,Siltic,-,Dystric,Abc0,Brabants plateau,Zandstreek,Droge leem,Abc0,Abc,"Droge leembodem met sterk gevlekte, verbrokkelde textuur B horizont",,,A,leem,b,"droog, niet gleyig",c,"met sterk gevlekte textuur (bij lemige sedimenten), verbrokkelde textuur B horizont ( bij zandige sedimenten)",0,Betekenis afhankelijk van het bodemtype (zie toelichtingsboekje),,,,,,,,,,,,,bodemserie Abc en complex AbB in de AbB in de Zandstreek,"Deze droge leemgronden met sterk gevlekte textuur B horizont komen voor nabij de overgangszone met de Leemstreek alsook in enkele alluviale valleien.eDeze bodems hebben een bruingrijze Ap (20-25 cm) die rust op een bruine C horizont, waarin weinig of gee",Rest van Vlaanderen,Abc0-ZS,5,103E
1409,1409,Dystric Glossic Fragic Retisols (Siltic),Retisols,RT-fc.gs.dy,fc.gs.dy,Fragic,Glossic,Dystric,-,Siltic,-,Dystric,Abc0,Brabants plateau,Zandstreek,Droge leem,Abc0,Abc,"Droge leembodem met sterk gevlekte, verbrokkelde textuur B horizont",,,A,leem,b,"droog, niet gleyig",c,"met sterk gevlekte textuur (bij lemige sedimenten), verbrokkelde textuur B horizont ( bij zandige sedimenten)",0,Betekenis afhankelijk van het bodemtype (zie toelichtingsboekje),,,,,,,,,,,,,bodemserie Abc en complex AbB in de AbB in de Zandstreek,"Deze droge leemgronden met sterk gevlekte textuur B horizont komen voor nabij de overgangszone met de Leemstreek alsook in enkele alluviale valleien.eDeze bodems hebben een bruingrijze Ap (20-25 cm) die rust op een bruine C horizont, waarin weinig of gee",Rest van Vlaanderen,Abc0-ZS,5,103E
1410,1410,Dystric Glossic Fragic Retisols (Siltic),Retisols,RT-fc.gs.dy,fc.gs.dy,Fragic,Glossic,Dystric,-,Siltic,-,Dystric,Abc0,Brabants plateau,Zandstreek,Droge leem,Abc0,Abc,"Droge leembodem met sterk gevlekte, verbrokkelde textuur B horizont",,,A,leem,b,"droog, niet gleyig",c,"met sterk gevlekte textuur (bij lemige sedimenten), verbrokkelde textuur B horizont ( bij zandige sedimenten)",0,Betekenis afhankelijk van het bodemtype (zie toelichtingsboekje),,,,,,,,,,,,,bodemserie Abc en complex AbB in de AbB in de Zandstreek,"Deze droge leemgronden met sterk gevlekte textuur B horizont komen voor nabij de overgangszone met de Leemstreek alsook in enkele alluviale valleien.eDeze bodems hebben een bruingrijze Ap (20-25 cm) die rust op een bruine C horizont, waarin weinig of gee",Rest van Vlaanderen,Abc0-ZS,5,103E
1411,1411,Dystric Glossic Fragic Retisols (Siltic),Retisols,RT-fc.gs.dy,fc.gs.dy,Fragic,Glossic,Dystric,-,Siltic,-,Dystric,Abc0,Brabants plateau,Zandstreek,Droge leem,Abc0,Abc,"Droge leembodem met sterk gevlekte, verbrokkelde textuur B horizont",,,A,leem,b,"droog, niet gleyig",c,"met sterk gevlekte textuur (bij lemige sedimenten), verbrokkelde textuur B horizont ( bij zandige sedimenten)",0,Betekenis afhankelijk van het bodemtype (zie toelichtingsboekje),,,,,,,,,,,,,bodemserie Abc en complex AbB in de AbB in de Zandstreek,"Deze droge leemgronden met sterk gevlekte textuur B horizont komen voor nabij de overgangszone met de Leemstreek alsook in enkele alluviale valleien.eDeze bodems hebben een bruingrijze Ap (20-25 cm) die rust op een bruine C horizont, waarin weinig of gee",Rest van Vlaanderen,Abc0-ZS,5,103E
1412,1412,Dystric Glossic Fragic Retisols (Siltic),Retisols,RT-fc.gs.dy,fc.gs.dy,Fragic,Glossic,Dystric,-,Siltic,-,Dystric,Abc0,Brabants plateau,Zandstreek,Droge leem,Abc0,Abc,"Droge leembodem met sterk gevlekte, verbrokkelde textuur B horizont",,,A,leem,b,"droog, niet gleyig",c,"met sterk gevlekte textuur (bij lemige sedimenten), verbrokkelde textuur B horizont ( bij zandige sedimenten)",0,Betekenis afhankelijk van het bodemtype (zie toelichtingsboekje),,,,,,,,,,,,,bodemserie Abc en complex AbB in de AbB in de Zandstreek,"Deze droge leemgronden met sterk gevlekte textuur B horizont komen voor nabij de overgangszone met de Leemstreek alsook in enkele alluviale valleien.eDeze bodems hebben een bruingrijze Ap (20-25 cm) die rust op een bruine C horizont, waarin weinig of gee",Rest van Vlaanderen,Abc0-ZS,5,103E
1413,1413,Dystric Glossic Fragic Retisols (Siltic),Retisols,RT-fc.gs.dy,fc.gs.dy,Fragic,Glossic,Dystric,-,Siltic,-,Dystric,Abc0,Brabants plateau,Zandstreek,Droge leem,Abc0,Abc,"Droge leembodem met sterk gevlekte, verbrokkelde textuur B horizont",,,A,leem,b,"droog, niet gleyig",c,"met sterk gevlekte textuur (bij lemige sedimenten), verbrokkelde textuur B horizont ( bij zandige sedimenten)",0,Betekenis afhankelijk van het bodemtype (zie toelichtingsboekje),,,,,,,,,,,,,bodemserie Abc en complex AbB in de AbB in de Zandstreek,"Deze droge leemgronden met sterk gevlekte textuur B horizont komen voor nabij de overgangszone met de Leemstreek alsook in enkele alluviale valleien.eDeze bodems hebben een bruingrijze Ap (20-25 cm) die rust op een bruine C horizont, waarin weinig of gee",Rest van Vlaanderen,Abc0-ZS,5,103E
1414,1414,Dystric Glossic Fragic Retisols (Siltic),Retisols,RT-fc.gs.dy,fc.gs.dy,Fragic,Glossic,Dystric,-,Siltic,-,Dystric,Abc0,Brabants plateau,Zandstreek,Droge leem,Abc0,Abc,"Droge leembodem met sterk gevlekte, verbrokkelde textuur B horizont",,,A,leem,b,"droog, niet gleyig",c,"met sterk gevlekte textuur (bij lemige sedimenten), verbrokkelde textuur B horizont ( bij zandige sedimenten)",0,Betekenis afhankelijk van het bodemtype (zie toelichtingsboekje),,,,,,,,,,,,,bodemserie Abc en complex AbB in de AbB in de Zandstreek,"Deze droge leemgronden met sterk gevlekte textuur B horizont komen voor nabij de overgangszone met de Leemstreek alsook in enkele alluviale valleien.eDeze bodems hebben een bruingrijze Ap (20-25 cm) die rust op een bruine C horizont, waarin weinig of gee",Rest van Vlaanderen,Abc0-ZS,5,103E
1415,1415,Dystric Glossic Fragic Retisols (Siltic),Retisols,RT-fc.gs.dy,fc.gs.dy,Fragic,Glossic,Dystric,-,Siltic,-,Dystric,Abc0,Brabants plateau,Zandstreek,Droge leem,Abc0,Abc,"Droge leembodem met sterk gevlekte, verbrokkelde textuur B horizont",,,A,leem,b,"droog, niet gleyig",c,"met sterk gevlekte textuur (bij lemige sedimenten), verbrokkelde textuur B horizont ( bij zandige sedimenten)",0,Betekenis afhankelijk van het bodemtype (zie toelichtingsboekje),,,,,,,,,,,,,bodemserie Abc en complex AbB in de AbB in de Zandstreek,"Deze droge leemgronden met sterk gevlekte textuur B horizont komen voor nabij de overgangszone met de Leemstreek alsook in enkele alluviale valleien.eDeze bodems hebben een bruingrijze Ap (20-25 cm) die rust op een bruine C horizont, waarin weinig of gee",Rest van Vlaanderen,Abc0-ZS,5,103E
1416,1416,Dystric Glossic Fragic Retisols (Siltic),Retisols,RT-fc.gs.dy,fc.gs.dy,Fragic,Glossic,Dystric,-,Siltic,-,Dystric,Abc0,Brabants plateau,Zandstreek,Droge leem,Abc0,Abc,"Droge leembodem met sterk gevlekte, verbrokkelde textuur B horizont",,,A,leem,b,"droog, niet gleyig",c,"met sterk gevlekte textuur (bij lemige sedimenten), verbrokkelde textuur B horizont ( bij zandige sedimenten)",0,Betekenis afhankelijk van het bodemtype (zie toelichtingsboekje),,,,,,,,,,,,,bodemserie Abc en complex AbB in de AbB in de Zandstreek,"Deze droge leemgronden met sterk gevlekte textuur B horizont komen voor nabij de overgangszone met de Leemstreek alsook in enkele alluviale valleien.eDeze bodems hebben een bruingrijze Ap (20-25 cm) die rust op een bruine C horizont, waarin weinig of gee",Rest van Vlaanderen,Abc0-ZS,5,103E
1417,1417,Dystric Glossic Fragic Retisols (Siltic),Retisols,RT-fc.gs.dy,fc.gs.dy,Fragic,Glossic,Dystric,-,Siltic,-,Dystric,Abc0,Brabants plateau,Zandstreek,Droge leem,Abc0,Abc,"Droge leembodem met sterk gevlekte, verbrokkelde textuur B horizont",,,A,leem,b,"droog, niet gleyig",c,"met sterk gevlekte textuur (bij lemige sedimenten), verbrokkelde textuur B horizont ( bij zandige sedimenten)",0,Betekenis afhankelijk van het bodemtype (zie toelichtingsboekje),,,,,,,,,,,,,bodemserie Abc en complex AbB in de AbB in de Zandstreek,"Deze droge leemgronden met sterk gevlekte textuur B horizont komen voor nabij de overgangszone met de Leemstreek alsook in enkele alluviale valleien.eDeze bodems hebben een bruingrijze Ap (20-25 cm) die rust op een bruine C horizont, waarin weinig of gee",Rest van Vlaanderen,Abc0-ZS,5,103E
1418,1418,Dystric Glossic Fragic Retisols (Siltic),Retisols,RT-fc.gs.dy,fc.gs.dy,Fragic,Glossic,Dystric,-,Siltic,-,Dystric,Abc0,Brabants plateau,Zandstreek,Droge leem,Abc0,Abc,"Droge leembodem met sterk gevlekte, verbrokkelde textuur B horizont",,,A,leem,b,"droog, niet gleyig",c,"met sterk gevlekte textuur (bij lemige sedimenten), verbrokkelde textuur B horizont ( bij zandige sedimenten)",0,Betekenis afhankelijk van het bodemtype (zie toelichtingsboekje),,,,,,,,,,,,,bodemserie Abc en complex AbB in de AbB in de Zandstreek,"Deze droge leemgronden met sterk gevlekte textuur B horizont komen voor nabij de overgangszone met de Leemstreek alsook in enkele alluviale valleien.eDeze bodems hebben een bruingrijze Ap (20-25 cm) die rust op een bruine C horizont, waarin weinig of gee",Rest van Vlaanderen,Abc0-ZS,5,103E
1419,1419,Dystric Glossic Fragic Retisols (Siltic),Retisols,RT-fc.gs.dy,fc.gs.dy,Fragic,Glossic,Dystric,-,Siltic,-,Dystric,Abc0,Brabants plateau,Zandstreek,Droge leem,Abc0,Abc,"Droge leembodem met sterk gevlekte, verbrokkelde textuur B horizont",,,A,leem,b,"droog, niet gleyig",c,"met sterk gevlekte textuur (bij lemige sedimenten), verbrokkelde textuur B horizont ( bij zandige sedimenten)",0,Betekenis afhankelijk van het bodemtype (zie toelichtingsboekje),,,,,,,,,,,,,bodemserie Abc en complex AbB in de AbB in de Zandstreek,"Deze droge leemgronden met sterk gevlekte textuur B horizont komen voor nabij de overgangszone met de Leemstreek alsook in enkele alluviale valleien.eDeze bodems hebben een bruingrijze Ap (20-25 cm) die rust op een bruine C horizont, waarin weinig of gee",Rest van Vlaanderen,Abc0-ZS,5,103E
1420,1420,Dystric Glossic Fragic Retisols (Siltic),Retisols,RT-fc.gs.dy,fc.gs.dy,Fragic,Glossic,Dystric,-,Siltic,-,Dystric,Abc0,Brabants plateau,Zandstreek,Droge leem,Abc0,Abc,"Droge leembodem met sterk gevlekte, verbrokkelde textuur B horizont",,,A,leem,b,"droog, niet gleyig",c,"met sterk gevlekte textuur (bij lemige sedimenten), verbrokkelde textuur B horizont ( bij zandige sedimenten)",0,Betekenis afhankelijk van het bodemtype (zie toelichtingsboekje),,,,,,,,,,,,,bodemserie Abc en complex AbB in de AbB in de Zandstreek,"Deze droge leemgronden met sterk gevlekte textuur B horizont komen voor nabij de overgangszone met de Leemstreek alsook in enkele alluviale valleien.eDeze bodems hebben een bruingrijze Ap (20-25 cm) die rust op een bruine C horizont, waarin weinig of gee",Rest van Vlaanderen,Abc0-ZS,5,103E
1421,1421,Dystric Glossic Fragic Retisols (Siltic),Retisols,RT-fc.gs.dy,fc.gs.dy,Fragic,Glossic,Dystric,-,Siltic,-,Dystric,Abc0,Brabants plateau,Zandstreek,Droge leem,Abc0,Abc,"Droge leembodem met sterk gevlekte, verbrokkelde textuur B horizont",,,A,leem,b,"droog, niet gleyig",c,"met sterk gevlekte textuur (bij lemige sedimenten), verbrokkelde textuur B horizont ( bij zandige sedimenten)",0,Betekenis afhankelijk van het bodemtype (zie toelichtingsboekje),,,,,,,,,,,,,bodemserie Abc en complex AbB in de AbB in de Zandstreek,"Deze droge leemgronden met sterk gevlekte textuur B horizont komen voor nabij de overgangszone met de Leemstreek alsook in enkele alluviale valleien.eDeze bodems hebben een bruingrijze Ap (20-25 cm) die rust op een bruine C horizont, waarin weinig of gee",Rest van Vlaanderen,Abc0-ZS,5,103E
1422,1422,Dystric Glossic Fragic Retisols (Siltic),Retisols,RT-fc.gs.dy,fc.gs.dy,Fragic,Glossic,Dystric,-,Siltic,-,Dystric,Abc0,Brabants plateau,Zandstreek,Droge leem,Abc0,Abc,"Droge leembodem met sterk gevlekte, verbrokkelde textuur B horizont",,,A,leem,b,"droog, niet gleyig",c,"met sterk gevlekte textuur (bij lemige sedimenten), verbrokkelde textuur B horizont ( bij zandige sedimenten)",0,Betekenis afhankelijk van het bodemtype (zie toelichtingsboekje),,,,,,,,,,,,,bodemserie Abc en complex AbB in de AbB in de Zandstreek,"Deze droge leemgronden met sterk gevlekte textuur B horizont komen voor nabij de overgangszone met de Leemstreek alsook in enkele alluviale valleien.eDeze bodems hebben een bruingrijze Ap (20-25 cm) die rust op een bruine C horizont, waarin weinig of gee",Rest van Vlaanderen,Abc0-ZS,5,103E
1423,1423,Dystric Glossic Fragic Retisols (Siltic),Retisols,RT-fc.gs.dy,fc.gs.dy,Fragic,Glossic,Dystric,-,Siltic,-,Dystric,Abc0,Brabants plateau,Zandstreek,Droge leem,Abc0,Abc,"Droge leembodem met sterk gevlekte, verbrokkelde textuur B horizont",,,A,leem,b,"droog, niet gleyig",c,"met sterk gevlekte textuur (bij lemige sedimenten), verbrokkelde textuur B horizont ( bij zandige sedimenten)",0,Betekenis afhankelijk van het bodemtype (zie toelichtingsboekje),,,,,,,,,,,,,bodemserie Abc en complex AbB in de AbB in de Zandstreek,"Deze droge leemgronden met sterk gevlekte textuur B horizont komen voor nabij de overgangszone met de Leemstreek alsook in enkele alluviale valleien.eDeze bodems hebben een bruingrijze Ap (20-25 cm) die rust op een bruine C horizont, waarin weinig of gee",Rest van Vlaanderen,Abc0-ZS,5,103E
1424,1424,Dystric Glossic Fragic Retisols (Siltic),Retisols,RT-fc.gs.dy,fc.gs.dy,Fragic,Glossic,Dystric,-,Siltic,-,Dystric,Abc0,Brabants plateau,Zandstreek,Droge leem,Abc0,Abc,"Droge leembodem met sterk gevlekte, verbrokkelde textuur B horizont",,,A,leem,b,"droog, niet gleyig",c,"met sterk gevlekte textuur (bij lemige sedimenten), verbrokkelde textuur B horizont ( bij zandige sedimenten)",0,Betekenis afhankelijk van het bodemtype (zie toelichtingsboekje),,,,,,,,,,,,,bodemserie Abc en complex AbB in de AbB in de Zandstreek,"Deze droge leemgronden met sterk gevlekte textuur B horizont komen voor nabij de overgangszone met de Leemstreek alsook in enkele alluviale valleien.eDeze bodems hebben een bruingrijze Ap (20-25 cm) die rust op een bruine C horizont, waarin weinig of gee",Rest van Vlaanderen,Abc0-ZS,5,103E
1425,1425,Dystric Glossic Fragic Retisols (Siltic),Retisols,RT-fc.gs.dy,fc.gs.dy,Fragic,Glossic,Dystric,-,Siltic,-,Dystric,Abc0,Brabants plateau,Zandstreek,Droge leem,Abc0,Abc,"Droge leembodem met sterk gevlekte, verbrokkelde textuur B horizont",,,A,leem,b,"droog, niet gleyig",c,"met sterk gevlekte textuur (bij lemige sedimenten), verbrokkelde textuur B horizont ( bij zandige sedimenten)",0,Betekenis afhankelijk van het bodemtype (zie toelichtingsboekje),,,,,,,,,,,,,bodemserie Abc en complex AbB in de AbB in de Zandstreek,"Deze droge leemgronden met sterk gevlekte textuur B horizont komen voor nabij de overgangszone met de Leemstreek alsook in enkele alluviale valleien.eDeze bodems hebben een bruingrijze Ap (20-25 cm) die rust op een bruine C horizont, waarin weinig of gee",Rest van Vlaanderen,Abc0-ZS,5,103E
1426,1426,Dystric Glossic Fragic Retisols (Siltic),Retisols,RT-fc.gs.dy,fc.gs.dy,Fragic,Glossic,Dystric,-,Siltic,-,Dystric,Abc0,Brabants plateau,Zandstreek,Droge leem,Abc0,Abc,"Droge leembodem met sterk gevlekte, verbrokkelde textuur B horizont",,,A,leem,b,"droog, niet gleyig",c,"met sterk gevlekte textuur (bij lemige sedimenten), verbrokkelde textuur B horizont ( bij zandige sedimenten)",0,Betekenis afhankelijk van het bodemtype (zie toelichtingsboekje),,,,,,,,,,,,,bodemserie Abc en complex AbB in de AbB in de Zandstreek,"Deze droge leemgronden met sterk gevlekte textuur B horizont komen voor nabij de overgangszone met de Leemstreek alsook in enkele alluviale valleien.eDeze bodems hebben een bruingrijze Ap (20-25 cm) die rust op een bruine C horizont, waarin weinig of gee",Rest van Vlaanderen,Abc0-ZS,5,103E
1427,1427,Dystric Glossic Fragic Retisols (Siltic),Retisols,RT-fc.gs.dy,fc.gs.dy,Fragic,Glossic,Dystric,-,Siltic,-,Dystric,Abc0,Brabants plateau,Zandstreek,Droge leem,Abc0,Abc,"Droge leembodem met sterk gevlekte, verbrokkelde textuur B horizont",,,A,leem,b,"droog, niet gleyig",c,"met sterk gevlekte textuur (bij lemige sedimenten), verbrokkelde textuur B horizont ( bij zandige sedimenten)",0,Betekenis afhankelijk van het bodemtype (zie toelichtingsboekje),,,,,,,,,,,,,bodemserie Abc en complex AbB in de AbB in de Zandstreek,"Deze droge leemgronden met sterk gevlekte textuur B horizont komen voor nabij de overgangszone met de Leemstreek alsook in enkele alluviale valleien.eDeze bodems hebben een bruingrijze Ap (20-25 cm) die rust op een bruine C horizont, waarin weinig of gee",Rest van Vlaanderen,Abc0-ZS,5,103E
1428,1428,Dystric Glossic Fragic Retisols (Siltic),Retisols,RT-fc.gs.dy,fc.gs.dy,Fragic,Glossic,Dystric,-,Siltic,-,Dystric,Abc0,Brabants plateau,Zandstreek,Droge leem,Abc0,Abc,"Droge leembodem met sterk gevlekte, verbrokkelde textuur B horizont",,,A,leem,b,"droog, niet gleyig",c,"met sterk gevlekte textuur (bij lemige sedimenten), verbrokkelde textuur B horizont ( bij zandige sedimenten)",0,Betekenis afhankelijk van het bodemtype (zie toelichtingsboekje),,,,,,,,,,,,,bodemserie Abc en complex AbB in de AbB in de Zandstreek,"Deze droge leemgronden met sterk gevlekte textuur B horizont komen voor nabij de overgangszone met de Leemstreek alsook in enkele alluviale valleien.eDeze bodems hebben een bruingrijze Ap (20-25 cm) die rust op een bruine C horizont, waarin weinig of gee",Rest van Vlaanderen,Abc0-ZS,5,103E
1429,1429,Dystric Glossic Fragic Retisols (Siltic),Retisols,RT-fc.gs.dy,fc.gs.dy,Fragic,Glossic,Dystric,-,Siltic,-,Dystric,Abc0,Brabants plateau,Zandstreek,Droge leem,Abc0,Abc,"Droge leembodem met sterk gevlekte, verbrokkelde textuur B horizont",,,A,leem,b,"droog, niet gleyig",c,"met sterk gevlekte textuur (bij lemige sedimenten), verbrokkelde textuur B horizont ( bij zandige sedimenten)",0,Betekenis afhankelijk van het bodemtype (zie toelichtingsboekje),,,,,,,,,,,,,bodemserie Abc en complex AbB in de AbB in de Zandstreek,"Deze droge leemgronden met sterk gevlekte textuur B horizont komen voor nabij de overgangszone met de Leemstreek alsook in enkele alluviale valleien.eDeze bodems hebben een bruingrijze Ap (20-25 cm) die rust op een bruine C horizont, waarin weinig of gee",Rest van Vlaanderen,Abc0-ZS,5,103E
1430,1430,Dystric Glossic Fragic Retisols (Siltic),Retisols,RT-fc.gs.dy,fc.gs.dy,Fragic,Glossic,Dystric,-,Siltic,-,Dystric,Abc0,Brabants plateau,Zandstreek,Droge leem,Abc0,Abc,"Droge leembodem met sterk gevlekte, verbrokkelde textuur B horizont",,,A,leem,b,"droog, niet gleyig",c,"met sterk gevlekte textuur (bij lemige sedimenten), verbrokkelde textuur B horizont ( bij zandige sedimenten)",0,Betekenis afhankelijk van het bodemtype (zie toelichtingsboekje),,,,,,,,,,,,,bodemserie Abc en complex AbB in de AbB in de Zandstreek,"Deze droge leemgronden met sterk gevlekte textuur B horizont komen voor nabij de overgangszone met de Leemstreek alsook in enkele alluviale valleien.eDeze bodems hebben een bruingrijze Ap (20-25 cm) die rust op een bruine C horizont, waarin weinig of gee",Rest van Vlaanderen,Abc0-ZS,5,103E
1431,1431,Dystric Glossic Fragic Retisols (Siltic),Retisols,RT-fc.gs.dy,fc.gs.dy,Fragic,Glossic,Dystric,-,Siltic,-,Dystric,Abc0,Brabants plateau,Zandstreek,Droge leem,Abc0,Abc,"Droge leembodem met sterk gevlekte, verbrokkelde textuur B horizont",,,A,leem,b,"droog, niet gleyig",c,"met sterk gevlekte textuur (bij lemige sedimenten), verbrokkelde textuur B horizont ( bij zandige sedimenten)",0,Betekenis afhankelijk van het bodemtype (zie toelichtingsboekje),,,,,,,,,,,,,bodemserie Abc en complex AbB in de AbB in de Zandstreek,"Deze droge leemgronden met sterk gevlekte textuur B horizont komen voor nabij de overgangszone met de Leemstreek alsook in enkele alluviale valleien.eDeze bodems hebben een bruingrijze Ap (20-25 cm) die rust op een bruine C horizont, waarin weinig of gee",Rest van Vlaanderen,Abc0-ZS,5,103E
1432,1432,Dystric Glossic Fragic Retisols (Siltic),Retisols,RT-fc.gs.dy,fc.gs.dy,Fragic,Glossic,Dystric,-,Siltic,-,Dystric,Abc0,Brabants plateau,Zandstreek,Droge leem,Abc0,Abc,"Droge leembodem met sterk gevlekte, verbrokkelde textuur B horizont",,,A,leem,b,"droog, niet gleyig",c,"met sterk gevlekte textuur (bij lemige sedimenten), verbrokkelde textuur B horizont ( bij zandige sedimenten)",0,Betekenis afhankelijk van het bodemtype (zie toelichtingsboekje),,,,,,,,,,,,,bodemserie Abc en complex AbB in de AbB in de Zandstreek,"Deze droge leemgronden met sterk gevlekte textuur B horizont komen voor nabij de overgangszone met de Leemstreek alsook in enkele alluviale valleien.eDeze bodems hebben een bruingrijze Ap (20-25 cm) die rust op een bruine C horizont, waarin weinig of gee",Rest van Vlaanderen,Abc0-ZS,5,103E
1433,1433,Dystric Glossic Fragic Retisols (Siltic),Retisols,RT-fc.gs.dy,fc.gs.dy,Fragic,Glossic,Dystric,-,Siltic,-,Dystric,Abc0,Brabants plateau,Zandstreek,Droge leem,Abc0,Abc,"Droge leembodem met sterk gevlekte, verbrokkelde textuur B horizont",,,A,leem,b,"droog, niet gleyig",c,"met sterk gevlekte textuur (bij lemige sedimenten), verbrokkelde textuur B horizont ( bij zandige sedimenten)",0,Betekenis afhankelijk van het bodemtype (zie toelichtingsboekje),,,,,,,,,,,,,bodemserie Abc en complex AbB in de AbB in de Zandstreek,"Deze droge leemgronden met sterk gevlekte textuur B horizont komen voor nabij de overgangszone met de Leemstreek alsook in enkele alluviale valleien.eDeze bodems hebben een bruingrijze Ap (20-25 cm) die rust op een bruine C horizont, waarin weinig of gee",Rest van Vlaanderen,Abc0-ZS,5,103E
1434,1434,Dystric Glossic Fragic Retisols (Siltic),Retisols,RT-fc.gs.dy,fc.gs.dy,Fragic,Glossic,Dystric,-,Siltic,-,Dystric,Abc0,Brabants plateau,Zandstreek,Droge leem,Abc0,Abc,"Droge leembodem met sterk gevlekte, verbrokkelde textuur B horizont",,,A,leem,b,"droog, niet gleyig",c,"met sterk gevlekte textuur (bij lemige sedimenten), verbrokkelde textuur B horizont ( bij zandige sedimenten)",0,Betekenis afhankelijk van het bodemtype (zie toelichtingsboekje),,,,,,,,,,,,,bodemserie Abc en complex AbB in de AbB in de Zandstreek,"Deze droge leemgronden met sterk gevlekte textuur B horizont komen voor nabij de overgangszone met de Leemstreek alsook in enkele alluviale valleien.eDeze bodems hebben een bruingrijze Ap (20-25 cm) die rust op een bruine C horizont, waarin weinig of gee",Rest van Vlaanderen,Abc0-ZS,5,103E
1435,1435,Dystric Glossic Fragic Retisols (Siltic),Retisols,RT-fc.gs.dy,fc.gs.dy,Fragic,Glossic,Dystric,-,Siltic,-,Dystric,Abc0,Brabants plateau,Zandstreek,Droge leem,Abc0,Abc,"Droge leembodem met sterk gevlekte, verbrokkelde textuur B horizont",,,A,leem,b,"droog, niet gleyig",c,"met sterk gevlekte textuur (bij lemige sedimenten), verbrokkelde textuur B horizont ( bij zandige sedimenten)",0,Betekenis afhankelijk van het bodemtype (zie toelichtingsboekje),,,,,,,,,,,,,bodemserie Abc en complex AbB in de AbB in de Zandstreek,"Deze droge leemgronden met sterk gevlekte textuur B horizont komen voor nabij de overgangszone met de Leemstreek alsook in enkele alluviale valleien.eDeze bodems hebben een bruingrijze Ap (20-25 cm) die rust op een bruine C horizont, waarin weinig of gee",Rest van Vlaanderen,Abc0-ZS,5,103E
1436,1436,Dystric Glossic Fragic Retisols (Siltic),Retisols,RT-fc.gs.dy,fc.gs.dy,Fragic,Glossic,Dystric,-,Siltic,-,Dystric,Abc0,Brabants plateau,Zandstreek,Droge leem,Abc0,Abc,"Droge leembodem met sterk gevlekte, verbrokkelde textuur B horizont",,,A,leem,b,"droog, niet gleyig",c,"met sterk gevlekte textuur (bij lemige sedimenten), verbrokkelde textuur B horizont ( bij zandige sedimenten)",0,Betekenis afhankelijk van het bodemtype (zie toelichtingsboekje),,,,,,,,,,,,,bodemserie Abc en complex AbB in de AbB in de Zandstreek,"Deze droge leemgronden met sterk gevlekte textuur B horizont komen voor nabij de overgangszone met de Leemstreek alsook in enkele alluviale valleien.eDeze bodems hebben een bruingrijze Ap (20-25 cm) die rust op een bruine C horizont, waarin weinig of gee",Rest van Vlaanderen,Abc0-ZS,5,103E
1437,1437,Dystric Glossic Fragic Retisols (Siltic),Retisols,RT-fc.gs.dy,fc.gs.dy,Fragic,Glossic,Dystric,-,Siltic,-,Dystric,Abc0,Brabants plateau,Zandstreek,Droge leem,Abc0,Abc,"Droge leembodem met sterk gevlekte, verbrokkelde textuur B horizont",,,A,leem,b,"droog, niet gleyig",c,"met sterk gevlekte textuur (bij lemige sedimenten), verbrokkelde textuur B horizont ( bij zandige sedimenten)",0,Betekenis afhankelijk van het bodemtype (zie toelichtingsboekje),,,,,,,,,,,,,bodemserie Abc en complex AbB in de AbB in de Zandstreek,"Deze droge leemgronden met sterk gevlekte textuur B horizont komen voor nabij de overgangszone met de Leemstreek alsook in enkele alluviale valleien.eDeze bodems hebben een bruingrijze Ap (20-25 cm) die rust op een bruine C horizont, waarin weinig of gee",Rest van Vlaanderen,Abc0-ZS,5,103E
1438,1438,Dystric Glossic Fragic Retisols (Siltic),Retisols,RT-fc.gs.dy,fc.gs.dy,Fragic,Glossic,Dystric,-,Siltic,-,Dystric,Abc0,Brabants plateau,Zandstreek,Droge leem,Abc0,Abc,"Droge leembodem met sterk gevlekte, verbrokkelde textuur B horizont",,,A,leem,b,"droog, niet gleyig",c,"met sterk gevlekte textuur (bij lemige sedimenten), verbrokkelde textuur B horizont ( bij zandige sedimenten)",0,Betekenis afhankelijk van het bodemtype (zie toelichtingsboekje),,,,,,,,,,,,,bodemserie Abc en complex AbB in de AbB in de Zandstreek,"Deze droge leemgronden met sterk gevlekte textuur B horizont komen voor nabij de overgangszone met de Leemstreek alsook in enkele alluviale valleien.eDeze bodems hebben een bruingrijze Ap (20-25 cm) die rust op een bruine C horizont, waarin weinig of gee",Rest van Vlaanderen,Abc0-ZS,5,103E
1439,1439,Dystric Glossic Fragic Retisols (Siltic),Retisols,RT-fc.gs.dy,fc.gs.dy,Fragic,Glossic,Dystric,-,Siltic,-,Dystric,Abc0,Brabants plateau,Zandstreek,Droge leem,Abc0,Abc,"Droge leembodem met sterk gevlekte, verbrokkelde textuur B horizont",,,A,leem,b,"droog, niet gleyig",c,"met sterk gevlekte textuur (bij lemige sedimenten), verbrokkelde textuur B horizont ( bij zandige sedimenten)",0,Betekenis afhankelijk van het bodemtype (zie toelichtingsboekje),,,,,,,,,,,,,bodemserie Abc en complex AbB in de AbB in de Zandstreek,"Deze droge leemgronden met sterk gevlekte textuur B horizont komen voor nabij de overgangszone met de Leemstreek alsook in enkele alluviale valleien.eDeze bodems hebben een bruingrijze Ap (20-25 cm) die rust op een bruine C horizont, waarin weinig of gee",Rest van Vlaanderen,Abc0-ZS,5,103E
1440,1440,Dystric Glossic Fragic Retisols (Siltic),Retisols,RT-fc.gs.dy,fc.gs.dy,Fragic,Glossic,Dystric,-,Siltic,-,Dystric,Abc0,Brabants plateau,Zandstreek,Droge leem,Abc0,Abc,"Droge leembodem met sterk gevlekte, verbrokkelde textuur B horizont",,,A,leem,b,"droog, niet gleyig",c,"met sterk gevlekte textuur (bij lemige sedimenten), verbrokkelde textuur B horizont ( bij zandige sedimenten)",0,Betekenis afhankelijk van het bodemtype (zie toelichtingsboekje),,,,,,,,,,,,,bodemserie Abc en complex AbB in de AbB in de Zandstreek,"Deze droge leemgronden met sterk gevlekte textuur B horizont komen voor nabij de overgangszone met de Leemstreek alsook in enkele alluviale valleien.eDeze bodems hebben een bruingrijze Ap (20-25 cm) die rust op een bruine C horizont, waarin weinig of gee",Rest van Vlaanderen,Abc0-ZS,5,103E
1441,1441,Dystric Glossic Fragic Retisols (Siltic),Retisols,RT-fc.gs.dy,fc.gs.dy,Fragic,Glossic,Dystric,-,Siltic,-,Dystric,Abc0,Brabants plateau,Zandstreek,Droge leem,Abc0,Abc,"Droge leembodem met sterk gevlekte, verbrokkelde textuur B horizont",,,A,leem,b,"droog, niet gleyig",c,"met sterk gevlekte textuur (bij lemige sedimenten), verbrokkelde textuur B horizont ( bij zandige sedimenten)",0,Betekenis afhankelijk van het bodemtype (zie toelichtingsboekje),,,,,,,,,,,,,bodemserie Abc en complex AbB in de AbB in de Zandstreek,"Deze droge leemgronden met sterk gevlekte textuur B horizont komen voor nabij de overgangszone met de Leemstreek alsook in enkele alluviale valleien.eDeze bodems hebben een bruingrijze Ap (20-25 cm) die rust op een bruine C horizont, waarin weinig of gee",Rest van Vlaanderen,Abc0-ZS,5,103E
1442,1442,Dystric Glossic Fragic Retisols (Siltic),Retisols,RT-fc.gs.dy,fc.gs.dy,Fragic,Glossic,Dystric,-,Siltic,-,Dystric,Abc0,Brabants plateau,Zandstreek,Droge leem,Abc0,Abc,"Droge leembodem met sterk gevlekte, verbrokkelde textuur B horizont",,,A,leem,b,"droog, niet gleyig",c,"met sterk gevlekte textuur (bij lemige sedimenten), verbrokkelde textuur B horizont ( bij zandige sedimenten)",0,Betekenis afhankelijk van het bodemtype (zie toelichtingsboekje),,,,,,,,,,,,,bodemserie Abc en complex AbB in de AbB in de Zandstreek,"Deze droge leemgronden met sterk gevlekte textuur B horizont komen voor nabij de overgangszone met de Leemstreek alsook in enkele alluviale valleien.eDeze bodems hebben een bruingrijze Ap (20-25 cm) die rust op een bruine C horizont, waarin weinig of gee",Rest van Vlaanderen,Abc0-ZS,5,103E
1443,1443,Dystric Glossic Fragic Retisols (Siltic),Retisols,RT-fc.gs.dy,fc.gs.dy,Fragic,Glossic,Dystric,-,Siltic,-,Dystric,Abc0,Brabants plateau,Zandstreek,Droge leem,Abc0,Abc,"Droge leembodem met sterk gevlekte, verbrokkelde textuur B horizont",,,A,leem,b,"droog, niet gleyig",c,"met sterk gevlekte textuur (bij lemige sedimenten), verbrokkelde textuur B horizont ( bij zandige sedimenten)",0,Betekenis afhankelijk van het bodemtype (zie toelichtingsboekje),,,,,,,,,,,,,bodemserie Abc en complex AbB in de AbB in de Zandstreek,"Deze droge leemgronden met sterk gevlekte textuur B horizont komen voor nabij de overgangszone met de Leemstreek alsook in enkele alluviale valleien.eDeze bodems hebben een bruingrijze Ap (20-25 cm) die rust op een bruine C horizont, waarin weinig of gee",Rest van Vlaanderen,Abc0-ZS,5,103E
1444,1444,"Eutric Cambisols (Siltic, Colluvic)",Cambisols,CM-eu,eu,Eutric,-,-,-,Siltic,Colluvic,Eutric,Abp,Brabants plateau,Zandstreek,Droge leem,Abp,Abp,Droge leembodem zonder profiel,,,A,leem,b,"droog, niet gleyig",p,zonder profielontwikkeling,,,,,,,,,,,,,,,bodemserie Abp in de Zandstreek,De Abp bodems komen voor in colluviale droge leemdepressies. Deze gronden bestaan uit leemmateriaal geBrodeerd van de hoger liggende plateaugronden. De landbouwwaarde van de Abp gronden ligt uin klasse lager dan die van de Aba gronden wegens het meestal,Rest van Vlaanderen,Abp-ZS,5,103E
1445,1445,Dystric Glossic Fragic Retisols (Siltic),Retisols,RT-fc.gs.dy,fc.gs.dy,Fragic,Glossic,Dystric,-,Siltic,-,Dystric,Abc0,Brabants plateau,Zandstreek,Droge leem,Abc0,Abc,"Droge leembodem met sterk gevlekte, verbrokkelde textuur B horizont",,,A,leem,b,"droog, niet gleyig",c,"met sterk gevlekte textuur (bij lemige sedimenten), verbrokkelde textuur B horizont ( bij zandige sedimenten)",0,Betekenis afhankelijk van het bodemtype (zie toelichtingsboekje),,,,,,,,,,,,,bodemserie Abc en complex AbB in de AbB in de Zandstreek,"Deze droge leemgronden met sterk gevlekte textuur B horizont komen voor nabij de overgangszone met de Leemstreek alsook in enkele alluviale valleien.eDeze bodems hebben een bruingrijze Ap (20-25 cm) die rust op een bruine C horizont, waarin weinig of gee",Rest van Vlaanderen,Abc0-ZS,5,103E
1446,1446,Dystric Glossic Fragic Retisols (Siltic),Retisols,RT-fc.gs.dy,fc.gs.dy,Fragic,Glossic,Dystric,-,Siltic,-,Dystric,Abc0,Brabants plateau,Zandstreek,Droge leem,Abc0,Abc,"Droge leembodem met sterk gevlekte, verbrokkelde textuur B horizont",,,A,leem,b,"droog, niet gleyig",c,"met sterk gevlekte textuur (bij lemige sedimenten), verbrokkelde textuur B horizont ( bij zandige sedimenten)",0,Betekenis afhankelijk van het bodemtype (zie toelichtingsboekje),,,,,,,,,,,,,bodemserie Abc en complex AbB in de AbB in de Zandstreek,"Deze droge leemgronden met sterk gevlekte textuur B horizont komen voor nabij de overgangszone met de Leemstreek alsook in enkele alluviale valleien.eDeze bodems hebben een bruingrijze Ap (20-25 cm) die rust op een bruine C horizont, waarin weinig of gee",Rest van Vlaanderen,Abc0-ZS,5,103E
1447,1447,"Eutric Cambisols (Siltic, Colluvic)",Cambisols,CM-eu,eu,Eutric,-,-,-,Siltic,Colluvic,Eutric,Abp,Brabants plateau,Zandstreek,Droge leem,Abp,Abp,Droge leembodem zonder profiel,,,A,leem,b,"droog, niet gleyig",p,zonder profielontwikkeling,,,,,,,,,,,,,,,bodemserie Abp in de Zandstreek,De Abp bodems komen voor in colluviale droge leemdepressies. Deze gronden bestaan uit leemmateriaal geBrodeerd van de hoger liggende plateaugronden. De landbouwwaarde van de Abp gronden ligt uin klasse lager dan die van de Aba gronden wegens het meestal,Rest van Vlaanderen,Abp-ZS,5,103E
1448,1448,Dystric Glossic Fragic Retisols (Siltic),Retisols,RT-fc.gs.dy,fc.gs.dy,Fragic,Glossic,Dystric,-,Siltic,-,Dystric,Abc0,Brabants plateau,Zandstreek,Droge leem,Abc0,Abc,"Droge leembodem met sterk gevlekte, verbrokkelde textuur B horizont",,,A,leem,b,"droog, niet gleyig",c,"met sterk gevlekte textuur (bij lemige sedimenten), verbrokkelde textuur B horizont ( bij zandige sedimenten)",0,Betekenis afhankelijk van het bodemtype (zie toelichtingsboekje),,,,,,,,,,,,,bodemserie Abc en complex AbB in de AbB in de Zandstreek,"Deze droge leemgronden met sterk gevlekte textuur B horizont komen voor nabij de overgangszone met de Leemstreek alsook in enkele alluviale valleien.eDeze bodems hebben een bruingrijze Ap (20-25 cm) die rust op een bruine C horizont, waarin weinig of gee",Rest van Vlaanderen,Abc0-ZS,5,103E
1449,1449,Dystric Glossic Fragic Retisols (Siltic),Retisols,RT-fc.gs.dy,fc.gs.dy,Fragic,Glossic,Dystric,-,Siltic,-,Dystric,Abc0,Brabants plateau,Zandstreek,Droge leem,Abc0,Abc,"Droge leembodem met sterk gevlekte, verbrokkelde textuur B horizont",,,A,leem,b,"droog, niet gleyig",c,"met sterk gevlekte textuur (bij lemige sedimenten), verbrokkelde textuur B horizont ( bij zandige sedimenten)",0,Betekenis afhankelijk van het bodemtype (zie toelichtingsboekje),,,,,,,,,,,,,bodemserie Abc en complex AbB in de AbB in de Zandstreek,"Deze droge leemgronden met sterk gevlekte textuur B horizont komen voor nabij de overgangszone met de Leemstreek alsook in enkele alluviale valleien.eDeze bodems hebben een bruingrijze Ap (20-25 cm) die rust op een bruine C horizont, waarin weinig of gee",Rest van Vlaanderen,Abc0-ZS,5,103E
1450,1450,Dystric Glossic Fragic Retisols (Siltic),Retisols,RT-fc.gs.dy,fc.gs.dy,Fragic,Glossic,Dystric,-,Siltic,-,Dystric,Abc0,Brabants plateau,Zandstreek,Droge leem,Abc0,Abc,"Droge leembodem met sterk gevlekte, verbrokkelde textuur B horizont",,,A,leem,b,"droog, niet gleyig",c,"met sterk gevlekte textuur (bij lemige sedimenten), verbrokkelde textuur B horizont ( bij zandige sedimenten)",0,Betekenis afhankelijk van het bodemtype (zie toelichtingsboekje),,,,,,,,,,,,,bodemserie Abc en complex AbB in de AbB in de Zandstreek,"Deze droge leemgronden met sterk gevlekte textuur B horizont komen voor nabij de overgangszone met de Leemstreek alsook in enkele alluviale valleien.eDeze bodems hebben een bruingrijze Ap (20-25 cm) die rust op een bruine C horizont, waarin weinig of gee",Rest van Vlaanderen,Abc0-ZS,5,103E
1451,1451,Dystric Glossic Fragic Retisols (Siltic),Retisols,RT-fc.gs.dy,fc.gs.dy,Fragic,Glossic,Dystric,-,Siltic,-,Dystric,Abc0,Brabants plateau,Zandstreek,Droge leem,Abc0,Abc,"Droge leembodem met sterk gevlekte, verbrokkelde textuur B horizont",,,A,leem,b,"droog, niet gleyig",c,"met sterk gevlekte textuur (bij lemige sedimenten), verbrokkelde textuur B horizont ( bij zandige sedimenten)",0,Betekenis afhankelijk van het bodemtype (zie toelichtingsboekje),,,,,,,,,,,,,bodemserie Abc en complex AbB in de AbB in de Zandstreek,"Deze droge leemgronden met sterk gevlekte textuur B horizont komen voor nabij de overgangszone met de Leemstreek alsook in enkele alluviale valleien.eDeze bodems hebben een bruingrijze Ap (20-25 cm) die rust op een bruine C horizont, waarin weinig of gee",Rest van Vlaanderen,Abc0-ZS,5,103E
1452,1452,Dystric Glossic Fragic Retisols (Siltic),Retisols,RT-fc.gs.dy,fc.gs.dy,Fragic,Glossic,Dystric,-,Siltic,-,Dystric,Abc0,Brabants plateau,Zandstreek,Droge leem,Abc0,Abc,"Droge leembodem met sterk gevlekte, verbrokkelde textuur B horizont",,,A,leem,b,"droog, niet gleyig",c,"met sterk gevlekte textuur (bij lemige sedimenten), verbrokkelde textuur B horizont ( bij zandige sedimenten)",0,Betekenis afhankelijk van het bodemtype (zie toelichtingsboekje),,,,,,,,,,,,,bodemserie Abc en complex AbB in de AbB in de Zandstreek,"Deze droge leemgronden met sterk gevlekte textuur B horizont komen voor nabij de overgangszone met de Leemstreek alsook in enkele alluviale valleien.eDeze bodems hebben een bruingrijze Ap (20-25 cm) die rust op een bruine C horizont, waarin weinig of gee",Rest van Vlaanderen,Abc0-ZS,5,103E
1501,1501,"Eutric Gleyic Cambisols (Loamic, Colluvic)",Cambisols,CM-gl.eu,gl.eu,Gleyic,Eutric,-,Endogleyic,Loamic,Colluvic,Eutric,Ldp,Schelde-Dender interfluvium,Zandleemstreek,Vochtig zandleem,Ldp,Ldp,Matig natte zandleembodem zonder profiel,,,L,zandleem,d,"matig nat, matig gleyig",p,zonder profielontwikkeling,,,,,,,,,,,,,,,bodemserie Ldp en complex LdP in de Zandleemstreek,"Ldp en LdP omvatten colluviale gronden, gekenmerkt door een laag recent ge4rodeerd sediment. Meestal wordt op geringe tot matige diepte een bedolven textuur B (p(c), p1, po) of een Tertiair substraat aangetroffen. Het colluviaal dek onderscheidt zich van",Rest van Vlaanderen,Ldp-ZLS,4,98W
1502,1502,Eutric Retisols (Loamic),Retisols,RT-eu,eu,Eutric,-,-,-,Loamic,-,Eutric,Lcc,Schelde-Dender interfluvium,Zandleemstreek,Vochtig zandleem,Lcc,Lcc,"Matig droge zandleembodem met sterk gevlekte, verbrokkelde textuur B horizont",,,L,zandleem,c,"matig droog, zwak gleyig",c,"met sterk gevlekte textuur (bij lemige sedimenten), verbrokkelde textuur B horizont ( bij zandige sedimenten)",,,,,,,,,,,,,,,bodemseries Lca en Lcc in de Zandleemstreek,"Bij beide series, Lca en Lcc, rust de Ap op een E horizont (ongeveer 40 cm dik) of rechtstreeks op de textuur B bij Lca of de verbrokkelde textuur B bij Lcc. Bij Lca is de textuur B aangerijkt met klei en sesquioxiden, het is een bruin zwaar zandleem, bi",Rest van Vlaanderen,Lcc-ZLS,6,98W
1503,1503,Eutric Retisols (Loamic),Retisols,RT-eu,eu,Eutric,-,-,-,Loamic,-,Eutric,Lcc,Schelde-Dender interfluvium,Zandleemstreek,Vochtig zandleem,Lcc,Lcc,"Matig droge zandleembodem met sterk gevlekte, verbrokkelde textuur B horizont",,,L,zandleem,c,"matig droog, zwak gleyig",c,"met sterk gevlekte textuur (bij lemige sedimenten), verbrokkelde textuur B horizont ( bij zandige sedimenten)",,,,,,,,,,,,,,,bodemseries Lca en Lcc in de Zandleemstreek,"Bij beide series, Lca en Lcc, rust de Ap op een E horizont (ongeveer 40 cm dik) of rechtstreeks op de textuur B bij Lca of de verbrokkelde textuur B bij Lcc. Bij Lca is de textuur B aangerijkt met klei en sesquioxiden, het is een bruin zwaar zandleem, bi",Rest van Vlaanderen,Lcc-ZLS,6,98W
1504,1504,Eutric Retisols (Loamic),Retisols,RT-eu,eu,Eutric,-,-,-,Loamic,-,Eutric,Lcc,Schelde-Dender interfluvium,Zandleemstreek,Vochtig zandleem,Lcc,Lcc,"Matig droge zandleembodem met sterk gevlekte, verbrokkelde textuur B horizont",,,L,zandleem,c,"matig droog, zwak gleyig",c,"met sterk gevlekte textuur (bij lemige sedimenten), verbrokkelde textuur B horizont ( bij zandige sedimenten)",,,,,,,,,,,,,,,bodemseries Lca en Lcc in de Zandleemstreek,"Bij beide series, Lca en Lcc, rust de Ap op een E horizont (ongeveer 40 cm dik) of rechtstreeks op de textuur B bij Lca of de verbrokkelde textuur B bij Lcc. Bij Lca is de textuur B aangerijkt met klei en sesquioxiden, het is een bruin zwaar zandleem, bi",Rest van Vlaanderen,Lcc-ZLS,6,98W
1505,1505,Eutric Stagnic Cambisols (Loamic),Cambisols,CM-st.eu,st.eu,Stagnic,Eutric,-,Stagnic,Loamic,-,Eutric,EDx,Schelde-Dender interfluvium,Zandleemstreek,Vochtige klei,EDx,EDx,Zwak tot matig gleyige kleibodem met onbepaald profiel,,,E,klei,c-d,"complex van droog, zwak gleyig tot matig droog, matig gleyig",x,met onbepaalde profielontwikkeling,,,,,,,,,,,,,,,bodemseries Edx en Udx en complexen EDx en UDx in de Zandleemstreek,Deze gronden vertonen enige gelijkenis met bruine bodems. De humeuze bovengrond met zwakke blokstructuur gaat geleidelijk over naar het (zwaar) kleiig moedermateriaal. De ontwikkelingsdiepte bedraagt 40-50 cm. Soms komt onder de humeuze bovengrond een pl,Rest van Vlaanderen,EDx-ZLS,5,98W
1506,1506,Eutric Retisols (Loamic),Retisols,RT-eu,eu,Eutric,-,-,-,Loamic,-,Eutric,Lcc,Schelde-Dender interfluvium,Zandleemstreek,Vochtig zandleem,Lcc,Lcc,"Matig droge zandleembodem met sterk gevlekte, verbrokkelde textuur B horizont",,,L,zandleem,c,"matig droog, zwak gleyig",c,"met sterk gevlekte textuur (bij lemige sedimenten), verbrokkelde textuur B horizont ( bij zandige sedimenten)",,,,,,,,,,,,,,,bodemseries Lca en Lcc in de Zandleemstreek,"Bij beide series, Lca en Lcc, rust de Ap op een E horizont (ongeveer 40 cm dik) of rechtstreeks op de textuur B bij Lca of de verbrokkelde textuur B bij Lcc. Bij Lca is de textuur B aangerijkt met klei en sesquioxiden, het is een bruin zwaar zandleem, bi",Rest van Vlaanderen,Lcc-ZLS,6,98W
1507,1507,Eutric Cambisols (Loamic),Cambisols,CM-eu,eu,Eutric,-,-,-,Loamic,-,Eutric,PcB,Schelde-Dender interfluvium,Zandleemstreek,Vochtig zandleem,PcB,PcB,Matig droge licht zandleembodem met textuur B of structuur B horizont,,,P,licht zandleem,c,"matig droog, zwak gleyig",a+b,met profielontwikkelingsklassen a en b,,,,,,,,,,,,,,,bodemseries Pcp en Pcb en complexen PcP en PcB in de Zandleelstreek,"De matig droge licht zandleemgronden (Pcp, PcP, Pcb en PcB) in de Zandleemstreek hebben een grijsbruine tot donkerbruine bouwvoor normaal 25-30 cm dik en goed humeus. De Ap gaat onmiddellijk over in het niet gedifferentieerd moedermateriaal. Bij Pcb komt",Rest van Vlaanderen,PcB-ZLS,6,98W
1508,1508,Eutric Stagnic Cambisols (Loamic),Cambisols,CM-st.eu,st.eu,Stagnic,Eutric,-,Stagnic,Loamic,-,Eutric,EDx,Schelde-Dender interfluvium,Zandleemstreek,Vochtige klei,EDx,EDx,Zwak tot matig gleyige kleibodem met onbepaald profiel,,,E,klei,c-d,"complex van droog, zwak gleyig tot matig droog, matig gleyig",x,met onbepaalde profielontwikkeling,,,,,,,,,,,,,,,bodemseries Edx en Udx en complexen EDx en UDx in de Zandleemstreek,Deze gronden vertonen enige gelijkenis met bruine bodems. De humeuze bovengrond met zwakke blokstructuur gaat geleidelijk over naar het (zwaar) kleiig moedermateriaal. De ontwikkelingsdiepte bedraagt 40-50 cm. Soms komt onder de humeuze bovengrond een pl,Rest van Vlaanderen,EDx-ZLS,5,98W
1509,1509,Eutric Retisols (Loamic),Retisols,RT-eu,eu,Eutric,-,-,-,Loamic,-,Eutric,Lcc,Schelde-Dender interfluvium,Zandleemstreek,Vochtig zandleem,Lcc,Lcc,"Matig droge zandleembodem met sterk gevlekte, verbrokkelde textuur B horizont",,,L,zandleem,c,"matig droog, zwak gleyig",c,"met sterk gevlekte textuur (bij lemige sedimenten), verbrokkelde textuur B horizont ( bij zandige sedimenten)",,,,,,,,,,,,,,,bodemseries Lca en Lcc in de Zandleemstreek,"Bij beide series, Lca en Lcc, rust de Ap op een E horizont (ongeveer 40 cm dik) of rechtstreeks op de textuur B bij Lca of de verbrokkelde textuur B bij Lcc. Bij Lca is de textuur B aangerijkt met klei en sesquioxiden, het is een bruin zwaar zandleem, bi",Rest van Vlaanderen,Lcc-ZLS,6,98W
1510,1510,Eutric Stagnic Cambisols (Loamic),Cambisols,CM-st.eu,st.eu,Stagnic,Eutric,-,Stagnic,Loamic,-,Eutric,EDx,Schelde-Dender interfluvium,Zandleemstreek,Vochtige klei,EDx,EDx,Zwak tot matig gleyige kleibodem met onbepaald profiel,,,E,klei,c-d,"complex van droog, zwak gleyig tot matig droog, matig gleyig",x,met onbepaalde profielontwikkeling,,,,,,,,,,,,,,,bodemseries Edx en Udx en complexen EDx en UDx in de Zandleemstreek,Deze gronden vertonen enige gelijkenis met bruine bodems. De humeuze bovengrond met zwakke blokstructuur gaat geleidelijk over naar het (zwaar) kleiig moedermateriaal. De ontwikkelingsdiepte bedraagt 40-50 cm. Soms komt onder de humeuze bovengrond een pl,Rest van Vlaanderen,EDx-ZLS,5,98W
1511,1511,Eutric Retisols (Loamic),Retisols,RT-eu,eu,Eutric,-,-,-,Loamic,-,Eutric,Lcc,Schelde-Dender interfluvium,Zandleemstreek,Vochtig zandleem,Lcc,Lcc,"Matig droge zandleembodem met sterk gevlekte, verbrokkelde textuur B horizont",,,L,zandleem,c,"matig droog, zwak gleyig",c,"met sterk gevlekte textuur (bij lemige sedimenten), verbrokkelde textuur B horizont ( bij zandige sedimenten)",,,,,,,,,,,,,,,bodemseries Lca en Lcc in de Zandleemstreek,"Bij beide series, Lca en Lcc, rust de Ap op een E horizont (ongeveer 40 cm dik) of rechtstreeks op de textuur B bij Lca of de verbrokkelde textuur B bij Lcc. Bij Lca is de textuur B aangerijkt met klei en sesquioxiden, het is een bruin zwaar zandleem, bi",Rest van Vlaanderen,Lcc-ZLS,6,98W
1512,1512,Eutric Stagnic Cambisols (Loamic),Cambisols,CM-st.eu,st.eu,Stagnic,Eutric,-,Stagnic,Loamic,-,Eutric,EDx,Schelde-Dender interfluvium,Zandleemstreek,Vochtige klei,EDx,EDx,Zwak tot matig gleyige kleibodem met onbepaald profiel,,,E,klei,c-d,"complex van droog, zwak gleyig tot matig droog, matig gleyig",x,met onbepaalde profielontwikkeling,,,,,,,,,,,,,,,bodemseries Edx en Udx en complexen EDx en UDx in de Zandleemstreek,Deze gronden vertonen enige gelijkenis met bruine bodems. De humeuze bovengrond met zwakke blokstructuur gaat geleidelijk over naar het (zwaar) kleiig moedermateriaal. De ontwikkelingsdiepte bedraagt 40-50 cm. Soms komt onder de humeuze bovengrond een pl,Rest van Vlaanderen,EDx-ZLS,5,98W
1513,1513,Eutric Stagnic Cambisols (Loamic),Cambisols,CM-st.eu,st.eu,Stagnic,Eutric,-,Stagnic,Loamic,-,Eutric,EDx,Schelde-Dender interfluvium,Zandleemstreek,Vochtige klei,EDx,EDx,Zwak tot matig gleyige kleibodem met onbepaald profiel,,,E,klei,c-d,"complex van droog, zwak gleyig tot matig droog, matig gleyig",x,met onbepaalde profielontwikkeling,,,,,,,,,,,,,,,bodemseries Edx en Udx en complexen EDx en UDx in de Zandleemstreek,Deze gronden vertonen enige gelijkenis met bruine bodems. De humeuze bovengrond met zwakke blokstructuur gaat geleidelijk over naar het (zwaar) kleiig moedermateriaal. De ontwikkelingsdiepte bedraagt 40-50 cm. Soms komt onder de humeuze bovengrond een pl,Rest van Vlaanderen,EDx-ZLS,5,98W
1514,1514,Eutric Stagnic Cambisols (Loamic),Cambisols,CM-st.eu,st.eu,Stagnic,Eutric,-,Stagnic,Loamic,-,Eutric,EDx,Schelde-Dender interfluvium,Zandleemstreek,Vochtige klei,EDx,EDx,Zwak tot matig gleyige kleibodem met onbepaald profiel,,,E,klei,c-d,"complex van droog, zwak gleyig tot matig droog, matig gleyig",x,met onbepaalde profielontwikkeling,,,,,,,,,,,,,,,bodemseries Edx en Udx en complexen EDx en UDx in de Zandleemstreek,Deze gronden vertonen enige gelijkenis met bruine bodems. De humeuze bovengrond met zwakke blokstructuur gaat geleidelijk over naar het (zwaar) kleiig moedermateriaal. De ontwikkelingsdiepte bedraagt 40-50 cm. Soms komt onder de humeuze bovengrond een pl,Rest van Vlaanderen,EDx-ZLS,5,98W
1515,1515,Eutric Stagnic Cambisols (Loamic),Cambisols,CM-st.eu,st.eu,Stagnic,Eutric,-,Stagnic,Loamic,-,Eutric,EDx,Schelde-Dender interfluvium,Zandleemstreek,Vochtige klei,EDx,EDx,Zwak tot matig gleyige kleibodem met onbepaald profiel,,,E,klei,c-d,"complex van droog, zwak gleyig tot matig droog, matig gleyig",x,met onbepaalde profielontwikkeling,,,,,,,,,,,,,,,bodemseries Edx en Udx en complexen EDx en UDx in de Zandleemstreek,Deze gronden vertonen enige gelijkenis met bruine bodems. De humeuze bovengrond met zwakke blokstructuur gaat geleidelijk over naar het (zwaar) kleiig moedermateriaal. De ontwikkelingsdiepte bedraagt 40-50 cm. Soms komt onder de humeuze bovengrond een pl,Rest van Vlaanderen,EDx-ZLS,5,98W
1516,1516,Eutric Stagnic Cambisols (Loamic),Cambisols,CM-st.eu,st.eu,Stagnic,Eutric,-,Stagnic,Loamic,-,Eutric,EDx,Schelde-Dender interfluvium,Zandleemstreek,Vochtige klei,EDx,EDx,Zwak tot matig gleyige kleibodem met onbepaald profiel,,,E,klei,c-d,"complex van droog, zwak gleyig tot matig droog, matig gleyig",x,met onbepaalde profielontwikkeling,,,,,,,,,,,,,,,bodemseries Edx en Udx en complexen EDx en UDx in de Zandleemstreek,Deze gronden vertonen enige gelijkenis met bruine bodems. De humeuze bovengrond met zwakke blokstructuur gaat geleidelijk over naar het (zwaar) kleiig moedermateriaal. De ontwikkelingsdiepte bedraagt 40-50 cm. Soms komt onder de humeuze bovengrond een pl,Rest van Vlaanderen,EDx-ZLS,5,98W
1517,1517,Eutric Stagnic Cambisols (Loamic),Cambisols,CM-st.eu,st.eu,Stagnic,Eutric,-,Stagnic,Loamic,-,Eutric,EDx,Schelde-Dender interfluvium,Zandleemstreek,Vochtige klei,EDx,EDx,Zwak tot matig gleyige kleibodem met onbepaald profiel,,,E,klei,c-d,"complex van droog, zwak gleyig tot matig droog, matig gleyig",x,met onbepaalde profielontwikkeling,,,,,,,,,,,,,,,bodemseries Edx en Udx en complexen EDx en UDx in de Zandleemstreek,Deze gronden vertonen enige gelijkenis met bruine bodems. De humeuze bovengrond met zwakke blokstructuur gaat geleidelijk over naar het (zwaar) kleiig moedermateriaal. De ontwikkelingsdiepte bedraagt 40-50 cm. Soms komt onder de humeuze bovengrond een pl,Rest van Vlaanderen,EDx-ZLS,5,98W
1518,1518,"Eutric Cambisols (Loamic, Ruptic)",Cambisols,CM-eu,eu,Eutric,-,-,-,Loamic,Ruptic,Eutric,w-PcB,Schelde-Dender interfluvium,Zandleemstreek,Vochtig zandleem,w-PcB,PcB,Matig droge licht zandleembodem met textuur B of structuur B horizont,w-,klei-zand op geringe of matige diepte,P,licht zandleem,c,"matig droog, zwak gleyig",a+b,met profielontwikkelingsklassen a en b,,,,,,,,,,,,,,,bodemseries Pcp en Pcb en complexen PcP en PcB in de Zandleelstreek,"De matig droge licht zandleemgronden (Pcp, PcP, Pcb en PcB) in de Zandleemstreek hebben een grijsbruine tot donkerbruine bouwvoor normaal 25-30 cm dik en goed humeus. De Ap gaat onmiddellijk over in het niet gedifferentieerd moedermateriaal. Bij Pcb komt",Rest van Vlaanderen,w-PcB-ZLS,6,98W
1519,1519,Eutric Stagnic Cambisols (Loamic),Cambisols,CM-st.eu,st.eu,Stagnic,Eutric,-,Stagnic,Loamic,-,Eutric,EDx,Schelde-Dender interfluvium,Zandleemstreek,Vochtige klei,EDx,EDx,Zwak tot matig gleyige kleibodem met onbepaald profiel,,,E,klei,c-d,"complex van droog, zwak gleyig tot matig droog, matig gleyig",x,met onbepaalde profielontwikkeling,,,,,,,,,,,,,,,bodemseries Edx en Udx en complexen EDx en UDx in de Zandleemstreek,Deze gronden vertonen enige gelijkenis met bruine bodems. De humeuze bovengrond met zwakke blokstructuur gaat geleidelijk over naar het (zwaar) kleiig moedermateriaal. De ontwikkelingsdiepte bedraagt 40-50 cm. Soms komt onder de humeuze bovengrond een pl,Rest van Vlaanderen,EDx-ZLS,5,98W
1520,1520,Eutric Stagnic Cambisols (Loamic),Cambisols,CM-st.eu,st.eu,Stagnic,Eutric,-,Stagnic,Loamic,-,Eutric,EDx,Schelde-Dender interfluvium,Zandleemstreek,Vochtige klei,EDx,EDx,Zwak tot matig gleyige kleibodem met onbepaald profiel,,,E,klei,c-d,"complex van droog, zwak gleyig tot matig droog, matig gleyig",x,met onbepaalde profielontwikkeling,,,,,,,,,,,,,,,bodemseries Edx en Udx en complexen EDx en UDx in de Zandleemstreek,Deze gronden vertonen enige gelijkenis met bruine bodems. De humeuze bovengrond met zwakke blokstructuur gaat geleidelijk over naar het (zwaar) kleiig moedermateriaal. De ontwikkelingsdiepte bedraagt 40-50 cm. Soms komt onder de humeuze bovengrond een pl,Rest van Vlaanderen,EDx-ZLS,5,98W
1521,1521,"Eutric Cambisols (Loamic, Ruptic)",Cambisols,CM-eu,eu,Eutric,-,-,-,Loamic,Ruptic,Eutric,w-PcB,Schelde-Dender interfluvium,Zandleemstreek,Vochtig zandleem,w-PcB,PcB,Matig droge licht zandleembodem met textuur B of structuur B horizont,w-,klei-zand op geringe of matige diepte,P,licht zandleem,c,"matig droog, zwak gleyig",a+b,met profielontwikkelingsklassen a en b,,,,,,,,,,,,,,,bodemseries Pcp en Pcb en complexen PcP en PcB in de Zandleelstreek,"De matig droge licht zandleemgronden (Pcp, PcP, Pcb en PcB) in de Zandleemstreek hebben een grijsbruine tot donkerbruine bouwvoor normaal 25-30 cm dik en goed humeus. De Ap gaat onmiddellijk over in het niet gedifferentieerd moedermateriaal. Bij Pcb komt",Rest van Vlaanderen,w-PcB-ZLS,6,98W
1522,1522,Eutric Retisols (Loamic),Retisols,RT-eu,eu,Eutric,-,-,-,Loamic,-,Eutric,Lcc,Schelde-Dender interfluvium,Zandleemstreek,Vochtig zandleem,Lcc,Lcc,"Matig droge zandleembodem met sterk gevlekte, verbrokkelde textuur B horizont",,,L,zandleem,c,"matig droog, zwak gleyig",c,"met sterk gevlekte textuur (bij lemige sedimenten), verbrokkelde textuur B horizont ( bij zandige sedimenten)",,,,,,,,,,,,,,,bodemseries Lca en Lcc in de Zandleemstreek,"Bij beide series, Lca en Lcc, rust de Ap op een E horizont (ongeveer 40 cm dik) of rechtstreeks op de textuur B bij Lca of de verbrokkelde textuur B bij Lcc. Bij Lca is de textuur B aangerijkt met klei en sesquioxiden, het is een bruin zwaar zandleem, bi",Rest van Vlaanderen,Lcc-ZLS,6,98W
1523,1523,Eutric Stagnic Cambisols (Loamic),Cambisols,CM-st.eu,st.eu,Stagnic,Eutric,-,Stagnic,Loamic,-,Eutric,EDx,Schelde-Dender interfluvium,Zandleemstreek,Vochtige klei,EDx,EDx,Zwak tot matig gleyige kleibodem met onbepaald profiel,,,E,klei,c-d,"complex van droog, zwak gleyig tot matig droog, matig gleyig",x,met onbepaalde profielontwikkeling,,,,,,,,,,,,,,,bodemseries Edx en Udx en complexen EDx en UDx in de Zandleemstreek,Deze gronden vertonen enige gelijkenis met bruine bodems. De humeuze bovengrond met zwakke blokstructuur gaat geleidelijk over naar het (zwaar) kleiig moedermateriaal. De ontwikkelingsdiepte bedraagt 40-50 cm. Soms komt onder de humeuze bovengrond een pl,Rest van Vlaanderen,EDx-ZLS,5,98W
1524,1524,"Eutric Cambisols (Loamic, Ruptic)",Cambisols,CM-eu,eu,Eutric,-,-,-,Loamic,Ruptic,Eutric,w-PcB,Schelde-Dender interfluvium,Zandleemstreek,Vochtig zandleem,w-PcB,PcB,Matig droge licht zandleembodem met textuur B of structuur B horizont,w-,klei-zand op geringe of matige diepte,P,licht zandleem,c,"matig droog, zwak gleyig",a+b,met profielontwikkelingsklassen a en b,,,,,,,,,,,,,,,bodemseries Pcp en Pcb en complexen PcP en PcB in de Zandleelstreek,"De matig droge licht zandleemgronden (Pcp, PcP, Pcb en PcB) in de Zandleemstreek hebben een grijsbruine tot donkerbruine bouwvoor normaal 25-30 cm dik en goed humeus. De Ap gaat onmiddellijk over in het niet gedifferentieerd moedermateriaal. Bij Pcb komt",Rest van Vlaanderen,w-PcB-ZLS,6,98W
1525,1525,Eutric Retisols (Loamic),Retisols,RT-eu,eu,Eutric,-,-,-,Loamic,-,Eutric,Lcc,Schelde-Dender interfluvium,Zandleemstreek,Vochtig zandleem,Lcc,Lcc,"Matig droge zandleembodem met sterk gevlekte, verbrokkelde textuur B horizont",,,L,zandleem,c,"matig droog, zwak gleyig",c,"met sterk gevlekte textuur (bij lemige sedimenten), verbrokkelde textuur B horizont ( bij zandige sedimenten)",,,,,,,,,,,,,,,bodemseries Lca en Lcc in de Zandleemstreek,"Bij beide series, Lca en Lcc, rust de Ap op een E horizont (ongeveer 40 cm dik) of rechtstreeks op de textuur B bij Lca of de verbrokkelde textuur B bij Lcc. Bij Lca is de textuur B aangerijkt met klei en sesquioxiden, het is een bruin zwaar zandleem, bi",Rest van Vlaanderen,Lcc-ZLS,6,98W
1526,1526,Eutric Retisols (Loamic),Retisols,RT-eu,eu,Eutric,-,-,-,Loamic,-,Eutric,Lcc,Schelde-Dender interfluvium,Zandleemstreek,Vochtig zandleem,Lcc,Lcc,"Matig droge zandleembodem met sterk gevlekte, verbrokkelde textuur B horizont",,,L,zandleem,c,"matig droog, zwak gleyig",c,"met sterk gevlekte textuur (bij lemige sedimenten), verbrokkelde textuur B horizont ( bij zandige sedimenten)",,,,,,,,,,,,,,,bodemseries Lca en Lcc in de Zandleemstreek,"Bij beide series, Lca en Lcc, rust de Ap op een E horizont (ongeveer 40 cm dik) of rechtstreeks op de textuur B bij Lca of de verbrokkelde textuur B bij Lcc. Bij Lca is de textuur B aangerijkt met klei en sesquioxiden, het is een bruin zwaar zandleem, bi",Rest van Vlaanderen,Lcc-ZLS,6,98W
1527,1527,"Eutric Cambisols (Loamic, Ruptic)",Cambisols,CM-eu,eu,Eutric,-,-,-,Loamic,Ruptic,Eutric,w-PcB,Schelde-Dender interfluvium,Zandleemstreek,Vochtig zandleem,w-PcB,PcB,Matig droge licht zandleembodem met textuur B of structuur B horizont,w-,klei-zand op geringe of matige diepte,P,licht zandleem,c,"matig droog, zwak gleyig",a+b,met profielontwikkelingsklassen a en b,,,,,,,,,,,,,,,bodemseries Pcp en Pcb en complexen PcP en PcB in de Zandleelstreek,"De matig droge licht zandleemgronden (Pcp, PcP, Pcb en PcB) in de Zandleemstreek hebben een grijsbruine tot donkerbruine bouwvoor normaal 25-30 cm dik en goed humeus. De Ap gaat onmiddellijk over in het niet gedifferentieerd moedermateriaal. Bij Pcb komt",Rest van Vlaanderen,w-PcB-ZLS,6,98W
1528,1528,"Eutric Retic Stagnosols (Loamic, Ruptic)",Stagnosols,ST-rt.eu,rt.eu,Retic,Eutric,-,Stagnic,Loamic,Ruptic,Eutric,w-Lhc,Schelde-Dender interfluvium,Zandleemstreek,Nat zandleem,w-Lhc,Lhc,"Natte zandleembodem met sterk gevlekte, verbrokkelde textuur B horizont",w-,klei-zand op geringe of matige diepte,L,zandleem,h,"nat met relatief hoge ligging, sterk gleyig",c,"met sterk gevlekte textuur (bij lemige sedimenten), verbrokkelde textuur B horizont ( bij zandige sedimenten)",,,,,,,,,,,,,,,bodemserie Lhc in de Zandleemstreek,"Bij de landbouwgronden is de humeuze bovengrond 25-30 cm dik, grijsbruin, en vertoont roestverschijnselen in het benedengedeelte. Onder bos heeft Lhc een ruwe humusbedekking. De onderliggende uitgeloogde horizont is duidelijk roestig en bleek tot grijsge",Rest van Vlaanderen,w-Lhc-ZLS,6,98W
1529,1529,Eutric Retisols (Loamic),Retisols,RT-eu,eu,Eutric,-,-,-,Loamic,-,Eutric,Lcc,Schelde-Dender interfluvium,Zandleemstreek,Vochtig zandleem,Lcc,Lcc,"Matig droge zandleembodem met sterk gevlekte, verbrokkelde textuur B horizont",,,L,zandleem,c,"matig droog, zwak gleyig",c,"met sterk gevlekte textuur (bij lemige sedimenten), verbrokkelde textuur B horizont ( bij zandige sedimenten)",,,,,,,,,,,,,,,bodemseries Lca en Lcc in de Zandleemstreek,"Bij beide series, Lca en Lcc, rust de Ap op een E horizont (ongeveer 40 cm dik) of rechtstreeks op de textuur B bij Lca of de verbrokkelde textuur B bij Lcc. Bij Lca is de textuur B aangerijkt met klei en sesquioxiden, het is een bruin zwaar zandleem, bi",Rest van Vlaanderen,Lcc-ZLS,6,98W
1530,1530,Eutric Retisols (Loamic),Retisols,RT-eu,eu,Eutric,-,-,-,Loamic,-,Eutric,Lcc,Schelde-Dender interfluvium,Zandleemstreek,Vochtig zandleem,Lcc,Lcc,"Matig droge zandleembodem met sterk gevlekte, verbrokkelde textuur B horizont",,,L,zandleem,c,"matig droog, zwak gleyig",c,"met sterk gevlekte textuur (bij lemige sedimenten), verbrokkelde textuur B horizont ( bij zandige sedimenten)",,,,,,,,,,,,,,,bodemseries Lca en Lcc in de Zandleemstreek,"Bij beide series, Lca en Lcc, rust de Ap op een E horizont (ongeveer 40 cm dik) of rechtstreeks op de textuur B bij Lca of de verbrokkelde textuur B bij Lcc. Bij Lca is de textuur B aangerijkt met klei en sesquioxiden, het is een bruin zwaar zandleem, bi",Rest van Vlaanderen,Lcc-ZLS,6,98W
1531,1531,Eutric Retisols (Loamic),Retisols,RT-eu,eu,Eutric,-,-,-,Loamic,-,Eutric,Lcc,Schelde-Dender interfluvium,Zandleemstreek,Vochtig zandleem,Lcc,Lcc,"Matig droge zandleembodem met sterk gevlekte, verbrokkelde textuur B horizont",,,L,zandleem,c,"matig droog, zwak gleyig",c,"met sterk gevlekte textuur (bij lemige sedimenten), verbrokkelde textuur B horizont ( bij zandige sedimenten)",,,,,,,,,,,,,,,bodemseries Lca en Lcc in de Zandleemstreek,"Bij beide series, Lca en Lcc, rust de Ap op een E horizont (ongeveer 40 cm dik) of rechtstreeks op de textuur B bij Lca of de verbrokkelde textuur B bij Lcc. Bij Lca is de textuur B aangerijkt met klei en sesquioxiden, het is een bruin zwaar zandleem, bi",Rest van Vlaanderen,Lcc-ZLS,6,98W
1532,1532,Eutric Cambisols (Loamic),Cambisols,CM-eu,eu,Eutric,-,-,-,Loamic,-,Eutric,Lbb,Schelde-Dender interfluvium,Zandleemstreek,Droge zandleem,Lbb,Lbb,Droge zandleembodem met structuur B horizont,,,L,zandleem,b,"droog, niet gleyig",b,met structuur B horizont,,,,,,,,,,,,,,,"bodemseries Lbb, Lbf en Lbx en complexen LBx en LbB in de Zandleemstreek","Deze droge zandleemgronden hebben algemeen geen gebrek aan water, noch wordt wateroverlast vastgesteld. De gronden met zandsubstraat kunnen wel lijden aan droogte in de zomer. Deze bodems zijn geschikt voor veeleisende teelten (tarwe, suikerbieten); zeer",Rest van Vlaanderen,Lbb-ZLS,6,98W
1533,1533,"Eutric Retic Stagnosols (Loamic, Ruptic)",Stagnosols,ST-rt.eu,rt.eu,Retic,Eutric,-,Stagnic,Loamic,Ruptic,Eutric,w-Lhc,Schelde-Dender interfluvium,Zandleemstreek,Nat zandleem,w-Lhc,Lhc,"Natte zandleembodem met sterk gevlekte, verbrokkelde textuur B horizont",w-,klei-zand op geringe of matige diepte,L,zandleem,h,"nat met relatief hoge ligging, sterk gleyig",c,"met sterk gevlekte textuur (bij lemige sedimenten), verbrokkelde textuur B horizont ( bij zandige sedimenten)",,,,,,,,,,,,,,,bodemserie Lhc in de Zandleemstreek,"Bij de landbouwgronden is de humeuze bovengrond 25-30 cm dik, grijsbruin, en vertoont roestverschijnselen in het benedengedeelte. Onder bos heeft Lhc een ruwe humusbedekking. De onderliggende uitgeloogde horizont is duidelijk roestig en bleek tot grijsge",Rest van Vlaanderen,w-Lhc-ZLS,6,98W
1534,1534,"Eutric Stagnic Cambisols (Loamic, Ruptic)",Cambisols,CM-st.eu,st.eu,Stagnic,Eutric,-,Stagnic,Loamic,Ruptic,Eutric,w-Pbx,Schelde-Dender interfluvium,Zandleemstreek,Droge zandleem,w-Pbx,Pbx,Droge licht zandleembodem met onbepaald profiel,w-,klei-zand op geringe of matige diepte,P,licht zandleem,b,"droog, niet gleyig",x,met onbepaalde profielontwikkeling,,,,,,,,,,,,,,,bodemserie Pbx in de Zandleemstreek,Serie Pbx op ontsluitingen van Tertiair materiaal is aan zeer variabele bodemomstandigheden blootgesteld geweest zodat de profielontwikkeling niet echt te bepalen is. De bodems zijn zeer droogtegevoelig en aldus enkel geschikt voor weinig eisende gewasse,Rest van Vlaanderen,w-Pbx-ZLS,7,98W
1535,1535,Eutric Cambisols (Loamic),Cambisols,CM-eu,eu,Eutric,-,-,-,Loamic,-,Eutric,Lbb,Schelde-Dender interfluvium,Zandleemstreek,Droge zandleem,Lbb,Lbb,Droge zandleembodem met structuur B horizont,,,L,zandleem,b,"droog, niet gleyig",b,met structuur B horizont,,,,,,,,,,,,,,,"bodemseries Lbb, Lbf en Lbx en complexen LBx en LbB in de Zandleemstreek","Deze droge zandleemgronden hebben algemeen geen gebrek aan water, noch wordt wateroverlast vastgesteld. De gronden met zandsubstraat kunnen wel lijden aan droogte in de zomer. Deze bodems zijn geschikt voor veeleisende teelten (tarwe, suikerbieten); zeer",Rest van Vlaanderen,Lbb-ZLS,6,98W
1536,1536,Eutric Cambisols (Loamic),Cambisols,CM-eu,eu,Eutric,-,-,-,Loamic,-,Eutric,Lbb,Schelde-Dender interfluvium,Zandleemstreek,Droge zandleem,Lbb,Lbb,Droge zandleembodem met structuur B horizont,,,L,zandleem,b,"droog, niet gleyig",b,met structuur B horizont,,,,,,,,,,,,,,,"bodemseries Lbb, Lbf en Lbx en complexen LBx en LbB in de Zandleemstreek","Deze droge zandleemgronden hebben algemeen geen gebrek aan water, noch wordt wateroverlast vastgesteld. De gronden met zandsubstraat kunnen wel lijden aan droogte in de zomer. Deze bodems zijn geschikt voor veeleisende teelten (tarwe, suikerbieten); zeer",Rest van Vlaanderen,Lbb-ZLS,6,98W
1537,1537,Eutric Cambisols (Loamic),Cambisols,CM-eu,eu,Eutric,-,-,-,Loamic,-,Eutric,Lbb,Schelde-Dender interfluvium,Zandleemstreek,Droge zandleem,Lbb,Lbb,Droge zandleembodem met structuur B horizont,,,L,zandleem,b,"droog, niet gleyig",b,met structuur B horizont,,,,,,,,,,,,,,,"bodemseries Lbb, Lbf en Lbx en complexen LBx en LbB in de Zandleemstreek","Deze droge zandleemgronden hebben algemeen geen gebrek aan water, noch wordt wateroverlast vastgesteld. De gronden met zandsubstraat kunnen wel lijden aan droogte in de zomer. Deze bodems zijn geschikt voor veeleisende teelten (tarwe, suikerbieten); zeer",Rest van Vlaanderen,Lbb-ZLS,6,98W
1538,1538,Eutric Cambisols (Loamic),Cambisols,CM-eu,eu,Eutric,-,-,-,Loamic,-,Eutric,Lbb,Schelde-Dender interfluvium,Zandleemstreek,Droge zandleem,Lbb,Lbb,Droge zandleembodem met structuur B horizont,,,L,zandleem,b,"droog, niet gleyig",b,met structuur B horizont,,,,,,,,,,,,,,,"bodemseries Lbb, Lbf en Lbx en complexen LBx en LbB in de Zandleemstreek","Deze droge zandleemgronden hebben algemeen geen gebrek aan water, noch wordt wateroverlast vastgesteld. De gronden met zandsubstraat kunnen wel lijden aan droogte in de zomer. Deze bodems zijn geschikt voor veeleisende teelten (tarwe, suikerbieten); zeer",Rest van Vlaanderen,Lbb-ZLS,6,98W
1539,1539,Eutric Cambisols (Loamic),Cambisols,CM-eu,eu,Eutric,-,-,-,Loamic,-,Eutric,Lbb,Schelde-Dender interfluvium,Zandleemstreek,Droge zandleem,Lbb,Lbb,Droge zandleembodem met structuur B horizont,,,L,zandleem,b,"droog, niet gleyig",b,met structuur B horizont,,,,,,,,,,,,,,,"bodemseries Lbb, Lbf en Lbx en complexen LBx en LbB in de Zandleemstreek","Deze droge zandleemgronden hebben algemeen geen gebrek aan water, noch wordt wateroverlast vastgesteld. De gronden met zandsubstraat kunnen wel lijden aan droogte in de zomer. Deze bodems zijn geschikt voor veeleisende teelten (tarwe, suikerbieten); zeer",Rest van Vlaanderen,Lbb-ZLS,6,98W
1540,1540,Eutric Cambisols (Loamic),Cambisols,CM-eu,eu,Eutric,-,-,-,Loamic,-,Eutric,PcB,Schelde-Dender interfluvium,Zandleemstreek,Vochtig zandleem,PcB,PcB,Matig droge licht zandleembodem met textuur B of structuur B horizont,,,P,licht zandleem,c,"matig droog, zwak gleyig",a+b,met profielontwikkelingsklassen a en b,,,,,,,,,,,,,,,bodemseries Pcp en Pcb en complexen PcP en PcB in de Zandleelstreek,"De matig droge licht zandleemgronden (Pcp, PcP, Pcb en PcB) in de Zandleemstreek hebben een grijsbruine tot donkerbruine bouwvoor normaal 25-30 cm dik en goed humeus. De Ap gaat onmiddellijk over in het niet gedifferentieerd moedermateriaal. Bij Pcb komt",Rest van Vlaanderen,PcB-ZLS,6,98W
1541,1541,Eutric Cambisols (Loamic),Cambisols,CM-eu,eu,Eutric,-,-,-,Loamic,-,Eutric,Lbb,Schelde-Dender interfluvium,Zandleemstreek,Droge zandleem,Lbb,Lbb,Droge zandleembodem met structuur B horizont,,,L,zandleem,b,"droog, niet gleyig",b,met structuur B horizont,,,,,,,,,,,,,,,"bodemseries Lbb, Lbf en Lbx en complexen LBx en LbB in de Zandleemstreek","Deze droge zandleemgronden hebben algemeen geen gebrek aan water, noch wordt wateroverlast vastgesteld. De gronden met zandsubstraat kunnen wel lijden aan droogte in de zomer. Deze bodems zijn geschikt voor veeleisende teelten (tarwe, suikerbieten); zeer",Rest van Vlaanderen,Lbb-ZLS,6,98W
1542,1542,Eutric Cambisols (Loamic),Cambisols,CM-eu,eu,Eutric,-,-,-,Loamic,-,Eutric,Lbb,Schelde-Dender interfluvium,Zandleemstreek,Droge zandleem,Lbb,Lbb,Droge zandleembodem met structuur B horizont,,,L,zandleem,b,"droog, niet gleyig",b,met structuur B horizont,,,,,,,,,,,,,,,"bodemseries Lbb, Lbf en Lbx en complexen LBx en LbB in de Zandleemstreek","Deze droge zandleemgronden hebben algemeen geen gebrek aan water, noch wordt wateroverlast vastgesteld. De gronden met zandsubstraat kunnen wel lijden aan droogte in de zomer. Deze bodems zijn geschikt voor veeleisende teelten (tarwe, suikerbieten); zeer",Rest van Vlaanderen,Lbb-ZLS,6,98W
1543,1543,Eutric Cambisols (Loamic),Cambisols,CM-eu,eu,Eutric,-,-,-,Loamic,-,Eutric,Lbb,Schelde-Dender interfluvium,Zandleemstreek,Droge zandleem,Lbb,Lbb,Droge zandleembodem met structuur B horizont,,,L,zandleem,b,"droog, niet gleyig",b,met structuur B horizont,,,,,,,,,,,,,,,"bodemseries Lbb, Lbf en Lbx en complexen LBx en LbB in de Zandleemstreek","Deze droge zandleemgronden hebben algemeen geen gebrek aan water, noch wordt wateroverlast vastgesteld. De gronden met zandsubstraat kunnen wel lijden aan droogte in de zomer. Deze bodems zijn geschikt voor veeleisende teelten (tarwe, suikerbieten); zeer",Rest van Vlaanderen,Lbb-ZLS,6,98W
1544,1544,Eutric Cambisols (Loamic),Cambisols,CM-eu,eu,Eutric,-,-,-,Loamic,-,Eutric,Sbp,Schelde-Dender interfluvium,Zandleemstreek,Droog zand,Sbp,Sbp,Droge lemig zandbodem zonder profiel,,,S,lemig zand,b,"droog, niet gleyig",p,zonder profielontwikkeling,,,,,,,,,,,,,,,"bodemseries Sbp, Sba, Sbb, Sbc en Sbd en bodemcomplex SbP in de Zandleemstreek","Deze modale droge lemige zandgronden hebben een bouwvoor van 20-30 cm dik en deze bouwvoor heeft een grijsbruine kleur.  Roestverschijnselen beginnen tussen 90 en 120 cm. De bodems hebben een gunstige waterhuishouding in de winter, maar zijn zeer droogte",Rest van Vlaanderen,Sbp-ZLS,7,98W
1545,1545,Eutric Cambisols (Loamic),Cambisols,CM-eu,eu,Eutric,-,-,-,Loamic,-,Eutric,PcB,Schelde-Dender interfluvium,Zandleemstreek,Vochtig zandleem,PcB,PcB,Matig droge licht zandleembodem met textuur B of structuur B horizont,,,P,licht zandleem,c,"matig droog, zwak gleyig",a+b,met profielontwikkelingsklassen a en b,,,,,,,,,,,,,,,bodemseries Pcp en Pcb en complexen PcP en PcB in de Zandleelstreek,"De matig droge licht zandleemgronden (Pcp, PcP, Pcb en PcB) in de Zandleemstreek hebben een grijsbruine tot donkerbruine bouwvoor normaal 25-30 cm dik en goed humeus. De Ap gaat onmiddellijk over in het niet gedifferentieerd moedermateriaal. Bij Pcb komt",Rest van Vlaanderen,PcB-ZLS,6,98W
1546,1546,Eutric Cambisols (Loamic),Cambisols,CM-eu,eu,Eutric,-,-,-,Loamic,-,Eutric,PcB,Schelde-Dender interfluvium,Zandleemstreek,Vochtig zandleem,PcB,PcB,Matig droge licht zandleembodem met textuur B of structuur B horizont,,,P,licht zandleem,c,"matig droog, zwak gleyig",a+b,met profielontwikkelingsklassen a en b,,,,,,,,,,,,,,,bodemseries Pcp en Pcb en complexen PcP en PcB in de Zandleelstreek,"De matig droge licht zandleemgronden (Pcp, PcP, Pcb en PcB) in de Zandleemstreek hebben een grijsbruine tot donkerbruine bouwvoor normaal 25-30 cm dik en goed humeus. De Ap gaat onmiddellijk over in het niet gedifferentieerd moedermateriaal. Bij Pcb komt",Rest van Vlaanderen,PcB-ZLS,6,98W
1547,1547,Eutric Cambisols (Loamic),Cambisols,CM-eu,eu,Eutric,-,-,-,Loamic,-,Eutric,Lbb,Schelde-Dender interfluvium,Zandleemstreek,Droge zandleem,Lbb,Lbb,Droge zandleembodem met structuur B horizont,,,L,zandleem,b,"droog, niet gleyig",b,met structuur B horizont,,,,,,,,,,,,,,,"bodemseries Lbb, Lbf en Lbx en complexen LBx en LbB in de Zandleemstreek","Deze droge zandleemgronden hebben algemeen geen gebrek aan water, noch wordt wateroverlast vastgesteld. De gronden met zandsubstraat kunnen wel lijden aan droogte in de zomer. Deze bodems zijn geschikt voor veeleisende teelten (tarwe, suikerbieten); zeer",Rest van Vlaanderen,Lbb-ZLS,6,98W
1548,1548,Eutric Cambisols (Loamic),Cambisols,CM-eu,eu,Eutric,-,-,-,Loamic,-,Eutric,Lbb,Schelde-Dender interfluvium,Zandleemstreek,Droge zandleem,Lbb,Lbb,Droge zandleembodem met structuur B horizont,,,L,zandleem,b,"droog, niet gleyig",b,met structuur B horizont,,,,,,,,,,,,,,,"bodemseries Lbb, Lbf en Lbx en complexen LBx en LbB in de Zandleemstreek","Deze droge zandleemgronden hebben algemeen geen gebrek aan water, noch wordt wateroverlast vastgesteld. De gronden met zandsubstraat kunnen wel lijden aan droogte in de zomer. Deze bodems zijn geschikt voor veeleisende teelten (tarwe, suikerbieten); zeer",Rest van Vlaanderen,Lbb-ZLS,6,98W
1549,1549,Eutric Cambisols (Loamic),Cambisols,CM-eu,eu,Eutric,-,-,-,Loamic,-,Eutric,Sbp,Schelde-Dender interfluvium,Zandleemstreek,Droog zand,Sbp,Sbp,Droge lemig zandbodem zonder profiel,,,S,lemig zand,b,"droog, niet gleyig",p,zonder profielontwikkeling,,,,,,,,,,,,,,,"bodemseries Sbp, Sba, Sbb, Sbc en Sbd en bodemcomplex SbP in de Zandleemstreek","Deze modale droge lemige zandgronden hebben een bouwvoor van 20-30 cm dik en deze bouwvoor heeft een grijsbruine kleur.  Roestverschijnselen beginnen tussen 90 en 120 cm. De bodems hebben een gunstige waterhuishouding in de winter, maar zijn zeer droogte",Rest van Vlaanderen,Sbp-ZLS,7,98W
1550,1550,Eutric Cambisols (Loamic),Cambisols,CM-eu,eu,Eutric,-,-,-,Loamic,-,Eutric,PcB,Schelde-Dender interfluvium,Zandleemstreek,Vochtig zandleem,PcB,PcB,Matig droge licht zandleembodem met textuur B of structuur B horizont,,,P,licht zandleem,c,"matig droog, zwak gleyig",a+b,met profielontwikkelingsklassen a en b,,,,,,,,,,,,,,,bodemseries Pcp en Pcb en complexen PcP en PcB in de Zandleelstreek,"De matig droge licht zandleemgronden (Pcp, PcP, Pcb en PcB) in de Zandleemstreek hebben een grijsbruine tot donkerbruine bouwvoor normaal 25-30 cm dik en goed humeus. De Ap gaat onmiddellijk over in het niet gedifferentieerd moedermateriaal. Bij Pcb komt",Rest van Vlaanderen,PcB-ZLS,6,98W
1551,1551,Eutric Cambisols (Loamic),Cambisols,CM-eu,eu,Eutric,-,-,-,Loamic,-,Eutric,PcB,Schelde-Dender interfluvium,Zandleemstreek,Vochtig zandleem,PcB,PcB,Matig droge licht zandleembodem met textuur B of structuur B horizont,,,P,licht zandleem,c,"matig droog, zwak gleyig",a+b,met profielontwikkelingsklassen a en b,,,,,,,,,,,,,,,bodemseries Pcp en Pcb en complexen PcP en PcB in de Zandleelstreek,"De matig droge licht zandleemgronden (Pcp, PcP, Pcb en PcB) in de Zandleemstreek hebben een grijsbruine tot donkerbruine bouwvoor normaal 25-30 cm dik en goed humeus. De Ap gaat onmiddellijk over in het niet gedifferentieerd moedermateriaal. Bij Pcb komt",Rest van Vlaanderen,PcB-ZLS,6,98W
1552,1552,Eutric Leptic Cambisols (Loamic),Cambisols,CM-le.eu,le.eu,Leptic,Eutric,-,-,Loamic,-,Eutric,q-LbB,Schelde-Dender interfluvium,Zandleemstreek,Droge zandleem,q-LbB,LbB,Droge zandleembodem met textuur B of structuur B horizont,q-,Zandsteen op geringe of matige diepte,L,zandleem,b,"droog, niet gleyig",a+b,met profielontwikkelingsklassen a en b,,,,,,,,,,,,,,,bodemcomplex B in de Zandleemstreek,"De niet gedifferentieerde gronden B, n.l. bronzones, zijn vooral gekenmerkt door een moza6ek van natte drainageklassen. De eenheid is gekoloniseerd door biezen en andere moerasplanten. Omheen de drinkwaterputten voor het vee is het door vertrappeling uit",Rest van Vlaanderen,q-LbB-ZLS,6,98W
1553,1553,Eutric Cambisols (Loamic),Cambisols,CM-eu,eu,Eutric,-,-,-,Loamic,-,Eutric,Lbb,Schelde-Dender interfluvium,Zandleemstreek,Droge zandleem,Lbb,Lbb,Droge zandleembodem met structuur B horizont,,,L,zandleem,b,"droog, niet gleyig",b,met structuur B horizont,,,,,,,,,,,,,,,"bodemseries Lbb, Lbf en Lbx en complexen LBx en LbB in de Zandleemstreek","Deze droge zandleemgronden hebben algemeen geen gebrek aan water, noch wordt wateroverlast vastgesteld. De gronden met zandsubstraat kunnen wel lijden aan droogte in de zomer. Deze bodems zijn geschikt voor veeleisende teelten (tarwe, suikerbieten); zeer",Rest van Vlaanderen,Lbb-ZLS,6,98W
1554,1554,Eutric Cambisols (Loamic),Cambisols,CM-eu,eu,Eutric,-,-,-,Loamic,-,Eutric,Sbp,Schelde-Dender interfluvium,Zandleemstreek,Droog zand,Sbp,Sbp,Droge lemig zandbodem zonder profiel,,,S,lemig zand,b,"droog, niet gleyig",p,zonder profielontwikkeling,,,,,,,,,,,,,,,"bodemseries Sbp, Sba, Sbb, Sbc en Sbd en bodemcomplex SbP in de Zandleemstreek","Deze modale droge lemige zandgronden hebben een bouwvoor van 20-30 cm dik en deze bouwvoor heeft een grijsbruine kleur.  Roestverschijnselen beginnen tussen 90 en 120 cm. De bodems hebben een gunstige waterhuishouding in de winter, maar zijn zeer droogte",Rest van Vlaanderen,Sbp-ZLS,7,98W
1555,1555,Eutric Leptic Cambisols (Loamic),Cambisols,CM-le.eu,le.eu,Leptic,Eutric,-,-,Loamic,-,Eutric,q-LbB,Schelde-Dender interfluvium,Zandleemstreek,Droge zandleem,q-LbB,LbB,Droge zandleembodem met textuur B of structuur B horizont,q-,Zandsteen op geringe of matige diepte,L,zandleem,b,"droog, niet gleyig",a+b,met profielontwikkelingsklassen a en b,,,,,,,,,,,,,,,bodemcomplex B in de Zandleemstreek,"De niet gedifferentieerde gronden B, n.l. bronzones, zijn vooral gekenmerkt door een moza6ek van natte drainageklassen. De eenheid is gekoloniseerd door biezen en andere moerasplanten. Omheen de drinkwaterputten voor het vee is het door vertrappeling uit",Rest van Vlaanderen,q-LbB-ZLS,6,98W
1556,1556,Eutric Leptic Cambisols (Loamic),Cambisols,CM-le.eu,le.eu,Leptic,Eutric,-,-,Loamic,-,Eutric,q-LbB,Schelde-Dender interfluvium,Zandleemstreek,Droge zandleem,q-LbB,LbB,Droge zandleembodem met textuur B of structuur B horizont,q-,Zandsteen op geringe of matige diepte,L,zandleem,b,"droog, niet gleyig",a+b,met profielontwikkelingsklassen a en b,,,,,,,,,,,,,,,bodemcomplex B in de Zandleemstreek,"De niet gedifferentieerde gronden B, n.l. bronzones, zijn vooral gekenmerkt door een moza6ek van natte drainageklassen. De eenheid is gekoloniseerd door biezen en andere moerasplanten. Omheen de drinkwaterputten voor het vee is het door vertrappeling uit",Rest van Vlaanderen,q-LbB-ZLS,6,98W
1557,1557,Eutric Cambisols (Loamic),Cambisols,CM-eu,eu,Eutric,-,-,-,Loamic,-,Eutric,Sbp,Schelde-Dender interfluvium,Zandleemstreek,Droog zand,Sbp,Sbp,Droge lemig zandbodem zonder profiel,,,S,lemig zand,b,"droog, niet gleyig",p,zonder profielontwikkeling,,,,,,,,,,,,,,,"bodemseries Sbp, Sba, Sbb, Sbc en Sbd en bodemcomplex SbP in de Zandleemstreek","Deze modale droge lemige zandgronden hebben een bouwvoor van 20-30 cm dik en deze bouwvoor heeft een grijsbruine kleur.  Roestverschijnselen beginnen tussen 90 en 120 cm. De bodems hebben een gunstige waterhuishouding in de winter, maar zijn zeer droogte",Rest van Vlaanderen,Sbp-ZLS,7,98W
1558,1558,Eutric Leptic Cambisols (Loamic),Cambisols,CM-le.eu,le.eu,Leptic,Eutric,-,-,Loamic,-,Eutric,q-LbB,Schelde-Dender interfluvium,Zandleemstreek,Droge zandleem,q-LbB,LbB,Droge zandleembodem met textuur B of structuur B horizont,q-,Zandsteen op geringe of matige diepte,L,zandleem,b,"droog, niet gleyig",a+b,met profielontwikkelingsklassen a en b,,,,,,,,,,,,,,,bodemcomplex B in de Zandleemstreek,"De niet gedifferentieerde gronden B, n.l. bronzones, zijn vooral gekenmerkt door een moza6ek van natte drainageklassen. De eenheid is gekoloniseerd door biezen en andere moerasplanten. Omheen de drinkwaterputten voor het vee is het door vertrappeling uit",Rest van Vlaanderen,q-LbB-ZLS,6,98W
1559,1559,Eutric Leptic Cambisols (Loamic),Cambisols,CM-le.eu,le.eu,Leptic,Eutric,-,-,Loamic,-,Eutric,q-LbB,Schelde-Dender interfluvium,Zandleemstreek,Droge zandleem,q-LbB,LbB,Droge zandleembodem met textuur B of structuur B horizont,q-,Zandsteen op geringe of matige diepte,L,zandleem,b,"droog, niet gleyig",a+b,met profielontwikkelingsklassen a en b,,,,,,,,,,,,,,,bodemcomplex B in de Zandleemstreek,"De niet gedifferentieerde gronden B, n.l. bronzones, zijn vooral gekenmerkt door een moza6ek van natte drainageklassen. De eenheid is gekoloniseerd door biezen en andere moerasplanten. Omheen de drinkwaterputten voor het vee is het door vertrappeling uit",Rest van Vlaanderen,q-LbB-ZLS,6,98W
1560,1560,Eutric Cambisols (Loamic),Cambisols,CM-eu,eu,Eutric,-,-,-,Loamic,-,Eutric,Sbp,Schelde-Dender interfluvium,Zandleemstreek,Droog zand,Sbp,Sbp,Droge lemig zandbodem zonder profiel,,,S,lemig zand,b,"droog, niet gleyig",p,zonder profielontwikkeling,,,,,,,,,,,,,,,"bodemseries Sbp, Sba, Sbb, Sbc en Sbd en bodemcomplex SbP in de Zandleemstreek","Deze modale droge lemige zandgronden hebben een bouwvoor van 20-30 cm dik en deze bouwvoor heeft een grijsbruine kleur.  Roestverschijnselen beginnen tussen 90 en 120 cm. De bodems hebben een gunstige waterhuishouding in de winter, maar zijn zeer droogte",Rest van Vlaanderen,Sbp-ZLS,7,98W
1561,1561,Eutric Leptic Cambisols (Loamic),Cambisols,CM-le.eu,le.eu,Leptic,Eutric,-,-,Loamic,-,Eutric,q-LbB,Schelde-Dender interfluvium,Zandleemstreek,Droge zandleem,q-LbB,LbB,Droge zandleembodem met textuur B of structuur B horizont,q-,Zandsteen op geringe of matige diepte,L,zandleem,b,"droog, niet gleyig",a+b,met profielontwikkelingsklassen a en b,,,,,,,,,,,,,,,bodemcomplex B in de Zandleemstreek,"De niet gedifferentieerde gronden B, n.l. bronzones, zijn vooral gekenmerkt door een moza6ek van natte drainageklassen. De eenheid is gekoloniseerd door biezen en andere moerasplanten. Omheen de drinkwaterputten voor het vee is het door vertrappeling uit",Rest van Vlaanderen,q-LbB-ZLS,6,98W
1562,1562,Eutric Leptic Cambisols (Loamic),Cambisols,CM-le.eu,le.eu,Leptic,Eutric,-,-,Loamic,-,Eutric,q-LbB,Schelde-Dender interfluvium,Zandleemstreek,Droge zandleem,q-LbB,LbB,Droge zandleembodem met textuur B of structuur B horizont,q-,Zandsteen op geringe of matige diepte,L,zandleem,b,"droog, niet gleyig",a+b,met profielontwikkelingsklassen a en b,,,,,,,,,,,,,,,bodemcomplex B in de Zandleemstreek,"De niet gedifferentieerde gronden B, n.l. bronzones, zijn vooral gekenmerkt door een moza6ek van natte drainageklassen. De eenheid is gekoloniseerd door biezen en andere moerasplanten. Omheen de drinkwaterputten voor het vee is het door vertrappeling uit",Rest van Vlaanderen,q-LbB-ZLS,6,98W
1563,1563,Eutric Leptic Cambisols (Loamic),Cambisols,CM-le.eu,le.eu,Leptic,Eutric,-,-,Loamic,-,Eutric,q-LbB,Schelde-Dender interfluvium,Zandleemstreek,Droge zandleem,q-LbB,LbB,Droge zandleembodem met textuur B of structuur B horizont,q-,Zandsteen op geringe of matige diepte,L,zandleem,b,"droog, niet gleyig",a+b,met profielontwikkelingsklassen a en b,,,,,,,,,,,,,,,bodemcomplex B in de Zandleemstreek,"De niet gedifferentieerde gronden B, n.l. bronzones, zijn vooral gekenmerkt door een moza6ek van natte drainageklassen. De eenheid is gekoloniseerd door biezen en andere moerasplanten. Omheen de drinkwaterputten voor het vee is het door vertrappeling uit",Rest van Vlaanderen,q-LbB-ZLS,6,98W
1564,1564,Eutric Leptic Cambisols (Loamic),Cambisols,CM-le.eu,le.eu,Leptic,Eutric,-,-,Loamic,-,Eutric,q-LbB,Schelde-Dender interfluvium,Zandleemstreek,Droge zandleem,q-LbB,LbB,Droge zandleembodem met textuur B of structuur B horizont,q-,Zandsteen op geringe of matige diepte,L,zandleem,b,"droog, niet gleyig",a+b,met profielontwikkelingsklassen a en b,,,,,,,,,,,,,,,bodemcomplex B in de Zandleemstreek,"De niet gedifferentieerde gronden B, n.l. bronzones, zijn vooral gekenmerkt door een moza6ek van natte drainageklassen. De eenheid is gekoloniseerd door biezen en andere moerasplanten. Omheen de drinkwaterputten voor het vee is het door vertrappeling uit",Rest van Vlaanderen,q-LbB-ZLS,6,98W
1565,1565,Eutric Leptic Cambisols (Loamic),Cambisols,CM-le.eu,le.eu,Leptic,Eutric,-,-,Loamic,-,Eutric,q-LbB,Schelde-Dender interfluvium,Zandleemstreek,Droge zandleem,q-LbB,LbB,Droge zandleembodem met textuur B of structuur B horizont,q-,Zandsteen op geringe of matige diepte,L,zandleem,b,"droog, niet gleyig",a+b,met profielontwikkelingsklassen a en b,,,,,,,,,,,,,,,bodemcomplex B in de Zandleemstreek,"De niet gedifferentieerde gronden B, n.l. bronzones, zijn vooral gekenmerkt door een moza6ek van natte drainageklassen. De eenheid is gekoloniseerd door biezen en andere moerasplanten. Omheen de drinkwaterputten voor het vee is het door vertrappeling uit",Rest van Vlaanderen,q-LbB-ZLS,6,98W
1566,1566,Eutric Leptic Cambisols (Loamic),Cambisols,CM-le.eu,le.eu,Leptic,Eutric,-,-,Loamic,-,Eutric,q-LbB,Schelde-Dender interfluvium,Zandleemstreek,Droge zandleem,q-LbB,LbB,Droge zandleembodem met textuur B of structuur B horizont,q-,Zandsteen op geringe of matige diepte,L,zandleem,b,"droog, niet gleyig",a+b,met profielontwikkelingsklassen a en b,,,,,,,,,,,,,,,bodemcomplex B in de Zandleemstreek,"De niet gedifferentieerde gronden B, n.l. bronzones, zijn vooral gekenmerkt door een moza6ek van natte drainageklassen. De eenheid is gekoloniseerd door biezen en andere moerasplanten. Omheen de drinkwaterputten voor het vee is het door vertrappeling uit",Rest van Vlaanderen,q-LbB-ZLS,6,98W
1567,1567,Eutric Leptic Cambisols (Loamic),Cambisols,CM-le.eu,le.eu,Leptic,Eutric,-,-,Loamic,-,Eutric,q-LbB,Schelde-Dender interfluvium,Zandleemstreek,Droge zandleem,q-LbB,LbB,Droge zandleembodem met textuur B of structuur B horizont,q-,Zandsteen op geringe of matige diepte,L,zandleem,b,"droog, niet gleyig",a+b,met profielontwikkelingsklassen a en b,,,,,,,,,,,,,,,bodemcomplex B in de Zandleemstreek,"De niet gedifferentieerde gronden B, n.l. bronzones, zijn vooral gekenmerkt door een moza6ek van natte drainageklassen. De eenheid is gekoloniseerd door biezen en andere moerasplanten. Omheen de drinkwaterputten voor het vee is het door vertrappeling uit",Rest van Vlaanderen,q-LbB-ZLS,6,98W
1568,1568,Eutric Leptic Cambisols (Loamic),Cambisols,CM-le.eu,le.eu,Leptic,Eutric,-,-,Loamic,-,Eutric,q-LbB,Schelde-Dender interfluvium,Zandleemstreek,Droge zandleem,q-LbB,LbB,Droge zandleembodem met textuur B of structuur B horizont,q-,Zandsteen op geringe of matige diepte,L,zandleem,b,"droog, niet gleyig",a+b,met profielontwikkelingsklassen a en b,,,,,,,,,,,,,,,bodemcomplex B in de Zandleemstreek,"De niet gedifferentieerde gronden B, n.l. bronzones, zijn vooral gekenmerkt door een moza6ek van natte drainageklassen. De eenheid is gekoloniseerd door biezen en andere moerasplanten. Omheen de drinkwaterputten voor het vee is het door vertrappeling uit",Rest van Vlaanderen,q-LbB-ZLS,6,98W
1569,1569,Eutric Cambisols (Loamic),Cambisols,CM-eu,eu,Eutric,-,-,-,Loamic,-,Eutric,PbB,Schelde-Dender interfluvium,Zandleemstreek,Droge zandleem,PbB,PbB,Droge licht zandleembodem met textuur B of structuur B horizont,,,P,licht zandleem,b,"droog, niet gleyig",a+b,met profielontwikkelingsklassen a en b,,,,,,,,,,,,,,,bodemseries Pbp en Pbb en complexen PbP en PbB in de Zandleemstreek,"Deze vier kaarteenheden van droge licht zandleemgronden hebben een grijsbruin, homogene Ap horizont, die bij ..p onmiddellijk overgaat naar het moedermateriaal. Bij de eenheden gekenmerkt door de ..P ontwikkeling vindt men naast bodems zonder profielontw",Rest van Vlaanderen,PbB-ZLS,6,98W
1570,1570,Eutric Leptic Cambisols (Loamic),Cambisols,CM-le.eu,le.eu,Leptic,Eutric,-,-,Loamic,-,Eutric,q-LbB,Schelde-Dender interfluvium,Zandleemstreek,Droge zandleem,q-LbB,LbB,Droge zandleembodem met textuur B of structuur B horizont,q-,Zandsteen op geringe of matige diepte,L,zandleem,b,"droog, niet gleyig",a+b,met profielontwikkelingsklassen a en b,,,,,,,,,,,,,,,bodemcomplex B in de Zandleemstreek,"De niet gedifferentieerde gronden B, n.l. bronzones, zijn vooral gekenmerkt door een moza6ek van natte drainageklassen. De eenheid is gekoloniseerd door biezen en andere moerasplanten. Omheen de drinkwaterputten voor het vee is het door vertrappeling uit",Rest van Vlaanderen,q-LbB-ZLS,6,98W
1571,1571,Eutric Leptic Cambisols (Loamic),Cambisols,CM-le.eu,le.eu,Leptic,Eutric,-,-,Loamic,-,Eutric,q-Sbp,Schelde-Dender interfluvium,Zandleemstreek,Droog zand,q-Sbp,Sbp,Droge lemig zandbodem zonder profiel,q-,Zandsteen op geringe of matige diepte,S,lemig zand,b,"droog, niet gleyig",p,zonder profielontwikkeling,,,,,,,,,,,,,,,"bodemseries Sbp, Sba, Sbb, Sbc en Sbd en bodemcomplex SbP in de Zandleemstreek","Deze modale droge lemige zandgronden hebben een bouwvoor van 20-30 cm dik en deze bouwvoor heeft een grijsbruine kleur.  Roestverschijnselen beginnen tussen 90 en 120 cm. De bodems hebben een gunstige waterhuishouding in de winter, maar zijn zeer droogte",Rest van Vlaanderen,q-Sbp-ZLS,7,98W
1572,1572,Eutric Leptic Cambisols (Loamic),Cambisols,CM-le.eu,le.eu,Leptic,Eutric,-,-,Loamic,-,Eutric,q-Sbp,Schelde-Dender interfluvium,Zandleemstreek,Droog zand,q-Sbp,Sbp,Droge lemig zandbodem zonder profiel,q-,Zandsteen op geringe of matige diepte,S,lemig zand,b,"droog, niet gleyig",p,zonder profielontwikkeling,,,,,,,,,,,,,,,"bodemseries Sbp, Sba, Sbb, Sbc en Sbd en bodemcomplex SbP in de Zandleemstreek","Deze modale droge lemige zandgronden hebben een bouwvoor van 20-30 cm dik en deze bouwvoor heeft een grijsbruine kleur.  Roestverschijnselen beginnen tussen 90 en 120 cm. De bodems hebben een gunstige waterhuishouding in de winter, maar zijn zeer droogte",Rest van Vlaanderen,q-Sbp-ZLS,7,98W
1573,1573,Eutric Cambisols (Loamic),Cambisols,CM-eu,eu,Eutric,-,-,-,Loamic,-,Eutric,PbB,Schelde-Dender interfluvium,Zandleemstreek,Droge zandleem,PbB,PbB,Droge licht zandleembodem met textuur B of structuur B horizont,,,P,licht zandleem,b,"droog, niet gleyig",a+b,met profielontwikkelingsklassen a en b,,,,,,,,,,,,,,,bodemseries Pbp en Pbb en complexen PbP en PbB in de Zandleemstreek,"Deze vier kaarteenheden van droge licht zandleemgronden hebben een grijsbruin, homogene Ap horizont, die bij ..p onmiddellijk overgaat naar het moedermateriaal. Bij de eenheden gekenmerkt door de ..P ontwikkeling vindt men naast bodems zonder profielontw",Rest van Vlaanderen,PbB-ZLS,6,98W
1574,1574,Eutric Cambisols (Loamic),Cambisols,CM-eu,eu,Eutric,-,-,-,Loamic,-,Eutric,LbB,Schelde-Dender interfluvium,Zandleemstreek,Droge zandleem,LbB,LbB,Droge zandleembodem met textuur B of structuur B horizont,,,L,zandleem,b,"droog, niet gleyig",a+b,met profielontwikkelingsklassen a en b,,,,,,,,,,,,,,,bodemcomplex B in de Zandleemstreek,"De niet gedifferentieerde gronden B, n.l. bronzones, zijn vooral gekenmerkt door een mozafek van natte drainageklassen. De eenheid is gekoloniseerd door biezen en andere moerasplanten. Omheen de drinkwaterputten voor het vee is het door vertrappeling uit",Rest van Vlaanderen,LbB-ZLS,6,98W
1575,1575,Eutric Cambisols (Loamic),Cambisols,CM-eu,eu,Eutric,-,-,-,Loamic,-,Eutric,LbB,Schelde-Dender interfluvium,Zandleemstreek,Droge zandleem,LbB,LbB,Droge zandleembodem met textuur B of structuur B horizont,,,L,zandleem,b,"droog, niet gleyig",a+b,met profielontwikkelingsklassen a en b,,,,,,,,,,,,,,,bodemcomplex B in de Zandleemstreek,"De niet gedifferentieerde gronden B, n.l. bronzones, zijn vooral gekenmerkt door een mozafek van natte drainageklassen. De eenheid is gekoloniseerd door biezen en andere moerasplanten. Omheen de drinkwaterputten voor het vee is het door vertrappeling uit",Rest van Vlaanderen,LbB-ZLS,6,98W
1576,1576,Eutric Leptic Cambisols (Loamic),Cambisols,CM-le.eu,le.eu,Leptic,Eutric,-,-,Loamic,-,Eutric,q-LbB,Schelde-Dender interfluvium,Zandleemstreek,Droge zandleem,q-LbB,LbB,Droge zandleembodem met textuur B of structuur B horizont,q-,Zandsteen op geringe of matige diepte,L,zandleem,b,"droog, niet gleyig",a+b,met profielontwikkelingsklassen a en b,,,,,,,,,,,,,,,bodemcomplex B in de Zandleemstreek,"De niet gedifferentieerde gronden B, n.l. bronzones, zijn vooral gekenmerkt door een moza6ek van natte drainageklassen. De eenheid is gekoloniseerd door biezen en andere moerasplanten. Omheen de drinkwaterputten voor het vee is het door vertrappeling uit",Rest van Vlaanderen,q-LbB-ZLS,6,98W
1577,1577,Eutric Cambisols (Loamic),Cambisols,CM-eu,eu,Eutric,-,-,-,Loamic,-,Eutric,LbB,Schelde-Dender interfluvium,Zandleemstreek,Droge zandleem,LbB,LbB,Droge zandleembodem met textuur B of structuur B horizont,,,L,zandleem,b,"droog, niet gleyig",a+b,met profielontwikkelingsklassen a en b,,,,,,,,,,,,,,,bodemcomplex B in de Zandleemstreek,"De niet gedifferentieerde gronden B, n.l. bronzones, zijn vooral gekenmerkt door een mozafek van natte drainageklassen. De eenheid is gekoloniseerd door biezen en andere moerasplanten. Omheen de drinkwaterputten voor het vee is het door vertrappeling uit",Rest van Vlaanderen,LbB-ZLS,6,98W
1578,1578,Eutric Leptic Cambisols (Loamic),Cambisols,CM-le.eu,le.eu,Leptic,Eutric,-,-,Loamic,-,Eutric,q-LbB,Schelde-Dender interfluvium,Zandleemstreek,Droge zandleem,q-LbB,LbB,Droge zandleembodem met textuur B of structuur B horizont,q-,Zandsteen op geringe of matige diepte,L,zandleem,b,"droog, niet gleyig",a+b,met profielontwikkelingsklassen a en b,,,,,,,,,,,,,,,bodemcomplex B in de Zandleemstreek,"De niet gedifferentieerde gronden B, n.l. bronzones, zijn vooral gekenmerkt door een moza6ek van natte drainageklassen. De eenheid is gekoloniseerd door biezen en andere moerasplanten. Omheen de drinkwaterputten voor het vee is het door vertrappeling uit",Rest van Vlaanderen,q-LbB-ZLS,6,98W
1579,1579,Eutric Leptic Cambisols (Loamic),Cambisols,CM-le.eu,le.eu,Leptic,Eutric,-,-,Loamic,-,Eutric,q-LbB,Schelde-Dender interfluvium,Zandleemstreek,Droge zandleem,q-LbB,LbB,Droge zandleembodem met textuur B of structuur B horizont,q-,Zandsteen op geringe of matige diepte,L,zandleem,b,"droog, niet gleyig",a+b,met profielontwikkelingsklassen a en b,,,,,,,,,,,,,,,bodemcomplex B in de Zandleemstreek,"De niet gedifferentieerde gronden B, n.l. bronzones, zijn vooral gekenmerkt door een moza6ek van natte drainageklassen. De eenheid is gekoloniseerd door biezen en andere moerasplanten. Omheen de drinkwaterputten voor het vee is het door vertrappeling uit",Rest van Vlaanderen,q-LbB-ZLS,6,98W
1580,1580,Eutric Cambisols (Loamic),Cambisols,CM-eu,eu,Eutric,-,-,-,Loamic,-,Eutric,LbB,Schelde-Dender interfluvium,Zandleemstreek,Droge zandleem,LbB,LbB,Droge zandleembodem met textuur B of structuur B horizont,,,L,zandleem,b,"droog, niet gleyig",a+b,met profielontwikkelingsklassen a en b,,,,,,,,,,,,,,,bodemcomplex B in de Zandleemstreek,"De niet gedifferentieerde gronden B, n.l. bronzones, zijn vooral gekenmerkt door een mozafek van natte drainageklassen. De eenheid is gekoloniseerd door biezen en andere moerasplanten. Omheen de drinkwaterputten voor het vee is het door vertrappeling uit",Rest van Vlaanderen,LbB-ZLS,6,98W
1581,1581,Eutric Cambisols (Loamic),Cambisols,CM-eu,eu,Eutric,-,-,-,Loamic,-,Eutric,LbB,Schelde-Dender interfluvium,Zandleemstreek,Droge zandleem,LbB,LbB,Droge zandleembodem met textuur B of structuur B horizont,,,L,zandleem,b,"droog, niet gleyig",a+b,met profielontwikkelingsklassen a en b,,,,,,,,,,,,,,,bodemcomplex B in de Zandleemstreek,"De niet gedifferentieerde gronden B, n.l. bronzones, zijn vooral gekenmerkt door een mozafek van natte drainageklassen. De eenheid is gekoloniseerd door biezen en andere moerasplanten. Omheen de drinkwaterputten voor het vee is het door vertrappeling uit",Rest van Vlaanderen,LbB-ZLS,6,98W
1582,1582,Eutric Leptic Cambisols (Loamic),Cambisols,CM-le.eu,le.eu,Leptic,Eutric,-,-,Loamic,-,Eutric,q-LbB,Schelde-Dender interfluvium,Zandleemstreek,Droge zandleem,q-LbB,LbB,Droge zandleembodem met textuur B of structuur B horizont,q-,Zandsteen op geringe of matige diepte,L,zandleem,b,"droog, niet gleyig",a+b,met profielontwikkelingsklassen a en b,,,,,,,,,,,,,,,bodemcomplex B in de Zandleemstreek,"De niet gedifferentieerde gronden B, n.l. bronzones, zijn vooral gekenmerkt door een moza6ek van natte drainageklassen. De eenheid is gekoloniseerd door biezen en andere moerasplanten. Omheen de drinkwaterputten voor het vee is het door vertrappeling uit",Rest van Vlaanderen,q-LbB-ZLS,6,98W
1583,1583,Albic Podzols (Arenic),Podzols,PZ-ab,ab,Albic,-,-,-,Arenic,-,Dystric,ZBg,Schelde-Dender interfluvium,Zandleemstreek,Droog zand,ZBg,ZBg,Zeer droge tot droge zandbodem met duidelijke ijzer en/of humus B horizont,,,Z,zand,a-b,"complex van zeer droog, niet gleyig tot droog, niet gleyig",g,met duidelijke ijzer en/of humus B horizont,,,,,,,,,,,,,,,"bodemseries Zbp, Zbb en Zbc en de complexen ZBp, ZBg, ZbP en ZbB in de Zandleemstreek","Deze reeks droge zandgronden zonder profielontwikkeling, met weinig duidelijk kleur B-horizont of verbrokkelde textuur B-horizont hebben een humeuze bruine bouwlaag van 20-25 cm dik. Roestverschijnselen beginnen tussen 90 en 120 cm. Deze gronden zijn dro",Rest van Vlaanderen,ZBg-ZLS,7,98W
1584,1584,Eutric Cambisols (Loamic),Cambisols,CM-eu,eu,Eutric,-,-,-,Loamic,-,Eutric,LbB,Schelde-Dender interfluvium,Zandleemstreek,Droge zandleem,LbB,LbB,Droge zandleembodem met textuur B of structuur B horizont,,,L,zandleem,b,"droog, niet gleyig",a+b,met profielontwikkelingsklassen a en b,,,,,,,,,,,,,,,bodemcomplex B in de Zandleemstreek,"De niet gedifferentieerde gronden B, n.l. bronzones, zijn vooral gekenmerkt door een mozafek van natte drainageklassen. De eenheid is gekoloniseerd door biezen en andere moerasplanten. Omheen de drinkwaterputten voor het vee is het door vertrappeling uit",Rest van Vlaanderen,LbB-ZLS,6,98W
1585,1585,Eutric Leptic Cambisols (Loamic),Cambisols,CM-le.eu,le.eu,Leptic,Eutric,-,-,Loamic,-,Eutric,q-LbB,Schelde-Dender interfluvium,Zandleemstreek,Droge zandleem,q-LbB,LbB,Droge zandleembodem met textuur B of structuur B horizont,q-,Zandsteen op geringe of matige diepte,L,zandleem,b,"droog, niet gleyig",a+b,met profielontwikkelingsklassen a en b,,,,,,,,,,,,,,,bodemcomplex B in de Zandleemstreek,"De niet gedifferentieerde gronden B, n.l. bronzones, zijn vooral gekenmerkt door een moza6ek van natte drainageklassen. De eenheid is gekoloniseerd door biezen en andere moerasplanten. Omheen de drinkwaterputten voor het vee is het door vertrappeling uit",Rest van Vlaanderen,q-LbB-ZLS,6,98W
1586,1586,Eutric Leptic Cambisols (Loamic),Cambisols,CM-le.eu,le.eu,Leptic,Eutric,-,-,Loamic,-,Eutric,q-Sbp,Schelde-Dender interfluvium,Zandleemstreek,Droog zand,q-Sbp,Sbp,Droge lemig zandbodem zonder profiel,q-,Zandsteen op geringe of matige diepte,S,lemig zand,b,"droog, niet gleyig",p,zonder profielontwikkeling,,,,,,,,,,,,,,,"bodemseries Sbp, Sba, Sbb, Sbc en Sbd en bodemcomplex SbP in de Zandleemstreek","Deze modale droge lemige zandgronden hebben een bouwvoor van 20-30 cm dik en deze bouwvoor heeft een grijsbruine kleur.  Roestverschijnselen beginnen tussen 90 en 120 cm. De bodems hebben een gunstige waterhuishouding in de winter, maar zijn zeer droogte",Rest van Vlaanderen,q-Sbp-ZLS,7,98W
1587,1587,Eutric Cambisols (Loamic),Cambisols,CM-eu,eu,Eutric,-,-,-,Loamic,-,Eutric,LbB,Schelde-Dender interfluvium,Zandleemstreek,Droge zandleem,LbB,LbB,Droge zandleembodem met textuur B of structuur B horizont,,,L,zandleem,b,"droog, niet gleyig",a+b,met profielontwikkelingsklassen a en b,,,,,,,,,,,,,,,bodemcomplex B in de Zandleemstreek,"De niet gedifferentieerde gronden B, n.l. bronzones, zijn vooral gekenmerkt door een mozafek van natte drainageklassen. De eenheid is gekoloniseerd door biezen en andere moerasplanten. Omheen de drinkwaterputten voor het vee is het door vertrappeling uit",Rest van Vlaanderen,LbB-ZLS,6,98W
1588,1588,Eutric Cambisols (Loamic),Cambisols,CM-eu,eu,Eutric,-,-,-,Loamic,-,Eutric,LbB,Schelde-Dender interfluvium,Zandleemstreek,Droge zandleem,LbB,LbB,Droge zandleembodem met textuur B of structuur B horizont,,,L,zandleem,b,"droog, niet gleyig",a+b,met profielontwikkelingsklassen a en b,,,,,,,,,,,,,,,bodemcomplex B in de Zandleemstreek,"De niet gedifferentieerde gronden B, n.l. bronzones, zijn vooral gekenmerkt door een mozafek van natte drainageklassen. De eenheid is gekoloniseerd door biezen en andere moerasplanten. Omheen de drinkwaterputten voor het vee is het door vertrappeling uit",Rest van Vlaanderen,LbB-ZLS,6,98W
1589,1589,Eutric Leptic Cambisols (Arenic),Cambisols,CM-le.eu,le.eu,Leptic,Eutric,-,-,Arenic,-,Eutric,q-ZbB,Schelde-Dender interfluvium,Zandleemstreek,Droog zand,q-ZbB,ZbB,Droog zand met textuur en/of structuur B horizont,q-,Zandsteen op geringe of matige diepte,Z,zand,b,"droog, niet gleyig",a+b,met profielontwikkelingsklassen a en b,,,,,,,,,,,,,,,"bodemseries Zbp, Zbb en Zbc en de complexen ZBp, ZBg, ZbP en ZbB in de Zandleemstreek","Deze reeks droge zandgronden zonder profielontwikkeling, met weinig duidelijk kleur B-horizont of verbrokkelde textuur B-horizont hebben een humeuze bruine bouwlaag van 20-25 cm dik. Roestverschijnselen beginnen tussen 90 en 120 cm. Deze gronden zijn dro",Rest van Vlaanderen,q-ZbB-ZLS,7,98W
1590,1590,Eutric Leptic Cambisols (Loamic),Cambisols,CM-le.eu,le.eu,Leptic,Eutric,-,-,Loamic,-,Eutric,q-Sbp,Schelde-Dender interfluvium,Zandleemstreek,Droog zand,q-Sbp,Sbp,Droge lemig zandbodem zonder profiel,q-,Zandsteen op geringe of matige diepte,S,lemig zand,b,"droog, niet gleyig",p,zonder profielontwikkeling,,,,,,,,,,,,,,,"bodemseries Sbp, Sba, Sbb, Sbc en Sbd en bodemcomplex SbP in de Zandleemstreek","Deze modale droge lemige zandgronden hebben een bouwvoor van 20-30 cm dik en deze bouwvoor heeft een grijsbruine kleur.  Roestverschijnselen beginnen tussen 90 en 120 cm. De bodems hebben een gunstige waterhuishouding in de winter, maar zijn zeer droogte",Rest van Vlaanderen,q-Sbp-ZLS,7,98W
1591,1591,Eutric Cambisols (Loamic),Cambisols,CM-eu,eu,Eutric,-,-,-,Loamic,-,Eutric,LbB,Schelde-Dender interfluvium,Zandleemstreek,Droge zandleem,LbB,LbB,Droge zandleembodem met textuur B of structuur B horizont,,,L,zandleem,b,"droog, niet gleyig",a+b,met profielontwikkelingsklassen a en b,,,,,,,,,,,,,,,bodemcomplex B in de Zandleemstreek,"De niet gedifferentieerde gronden B, n.l. bronzones, zijn vooral gekenmerkt door een mozafek van natte drainageklassen. De eenheid is gekoloniseerd door biezen en andere moerasplanten. Omheen de drinkwaterputten voor het vee is het door vertrappeling uit",Rest van Vlaanderen,LbB-ZLS,6,98W
1592,1592,Eutric Leptic Cambisols (Loamic),Cambisols,CM-le.eu,le.eu,Leptic,Eutric,-,-,Loamic,-,Eutric,q-LbB,Schelde-Dender interfluvium,Zandleemstreek,Droge zandleem,q-LbB,LbB,Droge zandleembodem met textuur B of structuur B horizont,q-,Zandsteen op geringe of matige diepte,L,zandleem,b,"droog, niet gleyig",a+b,met profielontwikkelingsklassen a en b,,,,,,,,,,,,,,,bodemcomplex B in de Zandleemstreek,"De niet gedifferentieerde gronden B, n.l. bronzones, zijn vooral gekenmerkt door een moza6ek van natte drainageklassen. De eenheid is gekoloniseerd door biezen en andere moerasplanten. Omheen de drinkwaterputten voor het vee is het door vertrappeling uit",Rest van Vlaanderen,q-LbB-ZLS,6,98W
1593,1593,Eutric Cambisols (Loamic),Cambisols,CM-eu,eu,Eutric,-,-,-,Loamic,-,Eutric,LbB,Schelde-Dender interfluvium,Zandleemstreek,Droge zandleem,LbB,LbB,Droge zandleembodem met textuur B of structuur B horizont,,,L,zandleem,b,"droog, niet gleyig",a+b,met profielontwikkelingsklassen a en b,,,,,,,,,,,,,,,bodemcomplex B in de Zandleemstreek,"De niet gedifferentieerde gronden B, n.l. bronzones, zijn vooral gekenmerkt door een mozafek van natte drainageklassen. De eenheid is gekoloniseerd door biezen en andere moerasplanten. Omheen de drinkwaterputten voor het vee is het door vertrappeling uit",Rest van Vlaanderen,LbB-ZLS,6,98W
1594,1594,Eutric Leptic Cambisols (Loamic),Cambisols,CM-le.eu,le.eu,Leptic,Eutric,-,-,Loamic,-,Eutric,q-LbB,Schelde-Dender interfluvium,Zandleemstreek,Droge zandleem,q-LbB,LbB,Droge zandleembodem met textuur B of structuur B horizont,q-,Zandsteen op geringe of matige diepte,L,zandleem,b,"droog, niet gleyig",a+b,met profielontwikkelingsklassen a en b,,,,,,,,,,,,,,,bodemcomplex B in de Zandleemstreek,"De niet gedifferentieerde gronden B, n.l. bronzones, zijn vooral gekenmerkt door een moza6ek van natte drainageklassen. De eenheid is gekoloniseerd door biezen en andere moerasplanten. Omheen de drinkwaterputten voor het vee is het door vertrappeling uit",Rest van Vlaanderen,q-LbB-ZLS,6,98W
1595,1595,Eutric Cambisols (Loamic),Cambisols,CM-eu,eu,Eutric,-,-,-,Loamic,-,Eutric,LbB,Schelde-Dender interfluvium,Zandleemstreek,Droge zandleem,LbB,LbB,Droge zandleembodem met textuur B of structuur B horizont,,,L,zandleem,b,"droog, niet gleyig",a+b,met profielontwikkelingsklassen a en b,,,,,,,,,,,,,,,bodemcomplex B in de Zandleemstreek,"De niet gedifferentieerde gronden B, n.l. bronzones, zijn vooral gekenmerkt door een mozadek van natte drainageklassen. De eenheid is gekoloniseerd door biezen en andere moerasplanten. Omheen de drinkwaterputten voor het vee is het door vertrappeling uit",Rest van Vlaanderen,LbB-ZLS,6,98W
1596,1596,Eutric Cambisols (Loamic),Cambisols,CM-eu,eu,Eutric,-,-,-,Loamic,-,Eutric,LbB,Schelde-Dender interfluvium,Zandleemstreek,Droge zandleem,LbB,LbB,Droge zandleembodem met textuur B of structuur B horizont,,,L,zandleem,b,"droog, niet gleyig",a+b,met profielontwikkelingsklassen a en b,,,,,,,,,,,,,,,bodemcomplex B in de Zandleemstreek,"De niet gedifferentieerde gronden B, n.l. bronzones, zijn vooral gekenmerkt door een mozadek van natte drainageklassen. De eenheid is gekoloniseerd door biezen en andere moerasplanten. Omheen de drinkwaterputten voor het vee is het door vertrappeling uit",Rest van Vlaanderen,LbB-ZLS,6,98W
1597,1597,Eutric Cambisols (Loamic),Cambisols,CM-eu,eu,Eutric,-,-,-,Loamic,-,Eutric,LbB,Schelde-Dender interfluvium,Zandleemstreek,Droge zandleem,LbB,LbB,Droge zandleembodem met textuur B of structuur B horizont,,,L,zandleem,b,"droog, niet gleyig",a+b,met profielontwikkelingsklassen a en b,,,,,,,,,,,,,,,bodemcomplex B in de Zandleemstreek,"De niet gedifferentieerde gronden B, n.l. bronzones, zijn vooral gekenmerkt door een mozadek van natte drainageklassen. De eenheid is gekoloniseerd door biezen en andere moerasplanten. Omheen de drinkwaterputten voor het vee is het door vertrappeling uit",Rest van Vlaanderen,LbB-ZLS,6,98W
1598,1598,Eutric Cambisols (Loamic),Cambisols,CM-eu,eu,Eutric,-,-,-,Loamic,-,Eutric,LbB,Schelde-Dender interfluvium,Zandleemstreek,Droge zandleem,LbB,LbB,Droge zandleembodem met textuur B of structuur B horizont,,,L,zandleem,b,"droog, niet gleyig",a+b,met profielontwikkelingsklassen a en b,,,,,,,,,,,,,,,bodemcomplex B in de Zandleemstreek,"De niet gedifferentieerde gronden B, n.l. bronzones, zijn vooral gekenmerkt door een mozadek van natte drainageklassen. De eenheid is gekoloniseerd door biezen en andere moerasplanten. Omheen de drinkwaterputten voor het vee is het door vertrappeling uit",Rest van Vlaanderen,LbB-ZLS,6,98W
1599,1599,Eutric Cambisols (Loamic),Cambisols,CM-eu,eu,Eutric,-,-,-,Loamic,-,Eutric,LbB,Schelde-Dender interfluvium,Zandleemstreek,Droge zandleem,LbB,LbB,Droge zandleembodem met textuur B of structuur B horizont,,,L,zandleem,b,"droog, niet gleyig",a+b,met profielontwikkelingsklassen a en b,,,,,,,,,,,,,,,bodemcomplex B in de Zandleemstreek,"De niet gedifferentieerde gronden B, n.l. bronzones, zijn vooral gekenmerkt door een mozadek van natte drainageklassen. De eenheid is gekoloniseerd door biezen en andere moerasplanten. Omheen de drinkwaterputten voor het vee is het door vertrappeling uit",Rest van Vlaanderen,LbB-ZLS,6,98W
1600,1600,Eutric Cambisols (Loamic),Cambisols,CM-eu,eu,Eutric,-,-,-,Loamic,-,Eutric,LbB,Schelde-Dender interfluvium,Zandleemstreek,Droge zandleem,LbB,LbB,Droge zandleembodem met textuur B of structuur B horizont,,,L,zandleem,b,"droog, niet gleyig",a+b,met profielontwikkelingsklassen a en b,,,,,,,,,,,,,,,bodemcomplex B in de Zandleemstreek,"De niet gedifferentieerde gronden B, n.l. bronzones, zijn vooral gekenmerkt door een mozadek van natte drainageklassen. De eenheid is gekoloniseerd door biezen en andere moerasplanten. Omheen de drinkwaterputten voor het vee is het door vertrappeling uit",Rest van Vlaanderen,LbB-ZLS,6,98W
1601,1601,Eutric Cambisols (Loamic),Cambisols,CM-eu,eu,Eutric,-,-,-,Loamic,-,Eutric,LbB,Schelde-Dender interfluvium,Zandleemstreek,Droge zandleem,LbB,LbB,Droge zandleembodem met textuur B of structuur B horizont,,,L,zandleem,b,"droog, niet gleyig",a+b,met profielontwikkelingsklassen a en b,,,,,,,,,,,,,,,bodemcomplex B in de Zandleemstreek,"De niet gedifferentieerde gronden B, n.l. bronzones, zijn vooral gekenmerkt door een mozadek van natte drainageklassen. De eenheid is gekoloniseerd door biezen en andere moerasplanten. Omheen de drinkwaterputten voor het vee is het door vertrappeling uit",Rest van Vlaanderen,LbB-ZLS,6,98W
1602,1602,Eutric Cambisols (Loamic),Cambisols,CM-eu,eu,Eutric,-,-,-,Loamic,-,Eutric,LbB,Schelde-Dender interfluvium,Zandleemstreek,Droge zandleem,LbB,LbB,Droge zandleembodem met textuur B of structuur B horizont,,,L,zandleem,b,"droog, niet gleyig",a+b,met profielontwikkelingsklassen a en b,,,,,,,,,,,,,,,bodemcomplex B in de Zandleemstreek,"De niet gedifferentieerde gronden B, n.l. bronzones, zijn vooral gekenmerkt door een mozadek van natte drainageklassen. De eenheid is gekoloniseerd door biezen en andere moerasplanten. Omheen de drinkwaterputten voor het vee is het door vertrappeling uit",Rest van Vlaanderen,LbB-ZLS,6,98W
1603,1603,Eutric Cambisols (Loamic),Cambisols,CM-eu,eu,Eutric,-,-,-,Loamic,-,Eutric,LbB,Schelde-Dender interfluvium,Zandleemstreek,Droge zandleem,LbB,LbB,Droge zandleembodem met textuur B of structuur B horizont,,,L,zandleem,b,"droog, niet gleyig",a+b,met profielontwikkelingsklassen a en b,,,,,,,,,,,,,,,bodemcomplex B in de Zandleemstreek,"De niet gedifferentieerde gronden B, n.l. bronzones, zijn vooral gekenmerkt door een mozadek van natte drainageklassen. De eenheid is gekoloniseerd door biezen en andere moerasplanten. Omheen de drinkwaterputten voor het vee is het door vertrappeling uit",Rest van Vlaanderen,LbB-ZLS,6,98W
1604,1604,Eutric Cambisols (Loamic),Cambisols,CM-eu,eu,Eutric,-,-,-,Loamic,-,Eutric,LbB,Schelde-Dender interfluvium,Zandleemstreek,Droge zandleem,LbB,LbB,Droge zandleembodem met textuur B of structuur B horizont,,,L,zandleem,b,"droog, niet gleyig",a+b,met profielontwikkelingsklassen a en b,,,,,,,,,,,,,,,bodemcomplex B in de Zandleemstreek,"De niet gedifferentieerde gronden B, n.l. bronzones, zijn vooral gekenmerkt door een mozadek van natte drainageklassen. De eenheid is gekoloniseerd door biezen en andere moerasplanten. Omheen de drinkwaterputten voor het vee is het door vertrappeling uit",Rest van Vlaanderen,LbB-ZLS,6,98W
1605,1605,Eutric Cambisols (Loamic),Cambisols,CM-eu,eu,Eutric,-,-,-,Loamic,-,Eutric,LbB,Schelde-Dender interfluvium,Zandleemstreek,Droge zandleem,LbB,LbB,Droge zandleembodem met textuur B of structuur B horizont,,,L,zandleem,b,"droog, niet gleyig",a+b,met profielontwikkelingsklassen a en b,,,,,,,,,,,,,,,bodemcomplex B in de Zandleemstreek,"De niet gedifferentieerde gronden B, n.l. bronzones, zijn vooral gekenmerkt door een mozadek van natte drainageklassen. De eenheid is gekoloniseerd door biezen en andere moerasplanten. Omheen de drinkwaterputten voor het vee is het door vertrappeling uit",Rest van Vlaanderen,LbB-ZLS,6,98W
1606,1606,Eutric Cambisols (Loamic),Cambisols,CM-eu,eu,Eutric,-,-,-,Loamic,-,Eutric,LbB,Schelde-Dender interfluvium,Zandleemstreek,Droge zandleem,LbB,LbB,Droge zandleembodem met textuur B of structuur B horizont,,,L,zandleem,b,"droog, niet gleyig",a+b,met profielontwikkelingsklassen a en b,,,,,,,,,,,,,,,bodemcomplex B in de Zandleemstreek,"De niet gedifferentieerde gronden B, n.l. bronzones, zijn vooral gekenmerkt door een mozadek van natte drainageklassen. De eenheid is gekoloniseerd door biezen en andere moerasplanten. Omheen de drinkwaterputten voor het vee is het door vertrappeling uit",Rest van Vlaanderen,LbB-ZLS,6,98W
1607,1607,Eutric Cambisols (Loamic),Cambisols,CM-eu,eu,Eutric,-,-,-,Loamic,-,Eutric,LbB,Schelde-Dender interfluvium,Zandleemstreek,Droge zandleem,LbB,LbB,Droge zandleembodem met textuur B of structuur B horizont,,,L,zandleem,b,"droog, niet gleyig",a+b,met profielontwikkelingsklassen a en b,,,,,,,,,,,,,,,bodemcomplex B in de Zandleemstreek,"De niet gedifferentieerde gronden B, n.l. bronzones, zijn vooral gekenmerkt door een mozadek van natte drainageklassen. De eenheid is gekoloniseerd door biezen en andere moerasplanten. Omheen de drinkwaterputten voor het vee is het door vertrappeling uit",Rest van Vlaanderen,LbB-ZLS,6,98W
1608,1608,Leptic Podzols (Arenic),Podzols,PZ-le,le,Leptic,-,-,-,Arenic,-,Dystric,q-ZBg,Schelde-Dender interfluvium,Zandleemstreek,Droog zand,q-ZBg,ZBg,Zeer droge tot droge zandbodem met duidelijke ijzer en/of humus B horizont,q-,Zandsteen op geringe of matige diepte,Z,zand,a-b,"complex van zeer droog, niet gleyig tot droog, niet gleyig",g,met duidelijke ijzer en/of humus B horizont,,,,,,,,,,,,,,,"bodemseries Zbp, Zbb en Zbc en de complexen ZBp, ZBg, ZbP en ZbB in de Zandleemstreek","Deze reeks droge zandgronden zonder profielontwikkeling, met weinig duidelijk kleur B-horizont of verbrokkelde textuur B-horizont hebben een humeuze bruine bouwlaag van 20-25 cm dik. Roestverschijnselen beginnen tussen 90 en 120 cm. Deze gronden zijn dro",Rest van Vlaanderen,q-ZBg-ZLS,7,98W
1609,1609,Eutric Cambisols (Loamic),Cambisols,CM-eu,eu,Eutric,-,-,-,Loamic,-,Eutric,LbB,Schelde-Dender interfluvium,Zandleemstreek,Droge zandleem,LbB,LbB,Droge zandleembodem met textuur B of structuur B horizont,,,L,zandleem,b,"droog, niet gleyig",a+b,met profielontwikkelingsklassen a en b,,,,,,,,,,,,,,,bodemcomplex B in de Zandleemstreek,"De niet gedifferentieerde gronden B, n.l. bronzones, zijn vooral gekenmerkt door een mozadek van natte drainageklassen. De eenheid is gekoloniseerd door biezen en andere moerasplanten. Omheen de drinkwaterputten voor het vee is het door vertrappeling uit",Rest van Vlaanderen,LbB-ZLS,6,98W
1610,1610,Eutric Cambisols (Loamic),Cambisols,CM-eu,eu,Eutric,-,-,-,Loamic,-,Eutric,LbB,Schelde-Dender interfluvium,Zandleemstreek,Droge zandleem,LbB,LbB,Droge zandleembodem met textuur B of structuur B horizont,,,L,zandleem,b,"droog, niet gleyig",a+b,met profielontwikkelingsklassen a en b,,,,,,,,,,,,,,,bodemcomplex B in de Zandleemstreek,"De niet gedifferentieerde gronden B, n.l. bronzones, zijn vooral gekenmerkt door een mozadek van natte drainageklassen. De eenheid is gekoloniseerd door biezen en andere moerasplanten. Omheen de drinkwaterputten voor het vee is het door vertrappeling uit",Rest van Vlaanderen,LbB-ZLS,6,98W
1611,1611,Eutric Cambisols (Loamic),Cambisols,CM-eu,eu,Eutric,-,-,-,Loamic,-,Eutric,LbB,Schelde-Dender interfluvium,Zandleemstreek,Droge zandleem,LbB,LbB,Droge zandleembodem met textuur B of structuur B horizont,,,L,zandleem,b,"droog, niet gleyig",a+b,met profielontwikkelingsklassen a en b,,,,,,,,,,,,,,,bodemcomplex B in de Zandleemstreek,"De niet gedifferentieerde gronden B, n.l. bronzones, zijn vooral gekenmerkt door een mozadek van natte drainageklassen. De eenheid is gekoloniseerd door biezen en andere moerasplanten. Omheen de drinkwaterputten voor het vee is het door vertrappeling uit",Rest van Vlaanderen,LbB-ZLS,6,98W
1612,1612,Eutric Cambisols (Loamic),Cambisols,CM-eu,eu,Eutric,-,-,-,Loamic,-,Eutric,LbB,Schelde-Dender interfluvium,Zandleemstreek,Droge zandleem,LbB,LbB,Droge zandleembodem met textuur B of structuur B horizont,,,L,zandleem,b,"droog, niet gleyig",a+b,met profielontwikkelingsklassen a en b,,,,,,,,,,,,,,,bodemcomplex B in de Zandleemstreek,"De niet gedifferentieerde gronden B, n.l. bronzones, zijn vooral gekenmerkt door een mozadek van natte drainageklassen. De eenheid is gekoloniseerd door biezen en andere moerasplanten. Omheen de drinkwaterputten voor het vee is het door vertrappeling uit",Rest van Vlaanderen,LbB-ZLS,6,98W
1613,1613,Eutric Cambisols (Loamic),Cambisols,CM-eu,eu,Eutric,-,-,-,Loamic,-,Eutric,LbB,Schelde-Dender interfluvium,Zandleemstreek,Droge zandleem,LbB,LbB,Droge zandleembodem met textuur B of structuur B horizont,,,L,zandleem,b,"droog, niet gleyig",a+b,met profielontwikkelingsklassen a en b,,,,,,,,,,,,,,,bodemcomplex B in de Zandleemstreek,"De niet gedifferentieerde gronden B, n.l. bronzones, zijn vooral gekenmerkt door een mozadek van natte drainageklassen. De eenheid is gekoloniseerd door biezen en andere moerasplanten. Omheen de drinkwaterputten voor het vee is het door vertrappeling uit",Rest van Vlaanderen,LbB-ZLS,6,98W
1614,1614,Eutric Cambisols (Loamic),Cambisols,CM-eu,eu,Eutric,-,-,-,Loamic,-,Eutric,LbB,Schelde-Dender interfluvium,Zandleemstreek,Droge zandleem,LbB,LbB,Droge zandleembodem met textuur B of structuur B horizont,,,L,zandleem,b,"droog, niet gleyig",a+b,met profielontwikkelingsklassen a en b,,,,,,,,,,,,,,,bodemcomplex B in de Zandleemstreek,"De niet gedifferentieerde gronden B, n.l. bronzones, zijn vooral gekenmerkt door een mozadek van natte drainageklassen. De eenheid is gekoloniseerd door biezen en andere moerasplanten. Omheen de drinkwaterputten voor het vee is het door vertrappeling uit",Rest van Vlaanderen,LbB-ZLS,6,98W
1615,1615,Eutric Cambisols (Loamic),Cambisols,CM-eu,eu,Eutric,-,-,-,Loamic,-,Eutric,LbB,Schelde-Dender interfluvium,Zandleemstreek,Droge zandleem,LbB,LbB,Droge zandleembodem met textuur B of structuur B horizont,,,L,zandleem,b,"droog, niet gleyig",a+b,met profielontwikkelingsklassen a en b,,,,,,,,,,,,,,,bodemcomplex B in de Zandleemstreek,"De niet gedifferentieerde gronden B, n.l. bronzones, zijn vooral gekenmerkt door een mozadek van natte drainageklassen. De eenheid is gekoloniseerd door biezen en andere moerasplanten. Omheen de drinkwaterputten voor het vee is het door vertrappeling uit",Rest van Vlaanderen,LbB-ZLS,6,98W
1616,1616,Eutric Cambisols (Loamic),Cambisols,CM-eu,eu,Eutric,-,-,-,Loamic,-,Eutric,LbB,Schelde-Dender interfluvium,Zandleemstreek,Droge zandleem,LbB,LbB,Droge zandleembodem met textuur B of structuur B horizont,,,L,zandleem,b,"droog, niet gleyig",a+b,met profielontwikkelingsklassen a en b,,,,,,,,,,,,,,,bodemcomplex B in de Zandleemstreek,"De niet gedifferentieerde gronden B, n.l. bronzones, zijn vooral gekenmerkt door een mozadek van natte drainageklassen. De eenheid is gekoloniseerd door biezen en andere moerasplanten. Omheen de drinkwaterputten voor het vee is het door vertrappeling uit",Rest van Vlaanderen,LbB-ZLS,6,98W
1617,1617,Eutric Cambisols (Loamic),Cambisols,CM-eu,eu,Eutric,-,-,-,Loamic,-,Eutric,LbB,Schelde-Dender interfluvium,Zandleemstreek,Droge zandleem,LbB,LbB,Droge zandleembodem met textuur B of structuur B horizont,,,L,zandleem,b,"droog, niet gleyig",a+b,met profielontwikkelingsklassen a en b,,,,,,,,,,,,,,,bodemcomplex B in de Zandleemstreek,"De niet gedifferentieerde gronden B, n.l. bronzones, zijn vooral gekenmerkt door een mozadek van natte drainageklassen. De eenheid is gekoloniseerd door biezen en andere moerasplanten. Omheen de drinkwaterputten voor het vee is het door vertrappeling uit",Rest van Vlaanderen,LbB-ZLS,6,98W
1618,1618,Eutric Cambisols (Loamic),Cambisols,CM-eu,eu,Eutric,-,-,-,Loamic,-,Eutric,LbB,Schelde-Dender interfluvium,Zandleemstreek,Droge zandleem,LbB,LbB,Droge zandleembodem met textuur B of structuur B horizont,,,L,zandleem,b,"droog, niet gleyig",a+b,met profielontwikkelingsklassen a en b,,,,,,,,,,,,,,,bodemcomplex B in de Zandleemstreek,"De niet gedifferentieerde gronden B, n.l. bronzones, zijn vooral gekenmerkt door een mozadek van natte drainageklassen. De eenheid is gekoloniseerd door biezen en andere moerasplanten. Omheen de drinkwaterputten voor het vee is het door vertrappeling uit",Rest van Vlaanderen,LbB-ZLS,6,98W
1619,1619,Eutric Cambisols (Loamic),Cambisols,CM-eu,eu,Eutric,-,-,-,Loamic,-,Eutric,LbB,Schelde-Dender interfluvium,Zandleemstreek,Droge zandleem,LbB,LbB,Droge zandleembodem met textuur B of structuur B horizont,,,L,zandleem,b,"droog, niet gleyig",a+b,met profielontwikkelingsklassen a en b,,,,,,,,,,,,,,,bodemcomplex B in de Zandleemstreek,"De niet gedifferentieerde gronden B, n.l. bronzones, zijn vooral gekenmerkt door een mozadek van natte drainageklassen. De eenheid is gekoloniseerd door biezen en andere moerasplanten. Omheen de drinkwaterputten voor het vee is het door vertrappeling uit",Rest van Vlaanderen,LbB-ZLS,6,98W
1620,1620,Eutric Cambisols (Loamic),Cambisols,CM-eu,eu,Eutric,-,-,-,Loamic,-,Eutric,LbB,Schelde-Dender interfluvium,Zandleemstreek,Droge zandleem,LbB,LbB,Droge zandleembodem met textuur B of structuur B horizont,,,L,zandleem,b,"droog, niet gleyig",a+b,met profielontwikkelingsklassen a en b,,,,,,,,,,,,,,,bodemcomplex B in de Zandleemstreek,"De niet gedifferentieerde gronden B, n.l. bronzones, zijn vooral gekenmerkt door een mozadek van natte drainageklassen. De eenheid is gekoloniseerd door biezen en andere moerasplanten. Omheen de drinkwaterputten voor het vee is het door vertrappeling uit",Rest van Vlaanderen,LbB-ZLS,6,98W
1621,1621,Eutric Cambisols (Loamic),Cambisols,CM-eu,eu,Eutric,-,-,-,Loamic,-,Eutric,LbB,Schelde-Dender interfluvium,Zandleemstreek,Droge zandleem,LbB,LbB,Droge zandleembodem met textuur B of structuur B horizont,,,L,zandleem,b,"droog, niet gleyig",a+b,met profielontwikkelingsklassen a en b,,,,,,,,,,,,,,,bodemcomplex B in de Zandleemstreek,"De niet gedifferentieerde gronden B, n.l. bronzones, zijn vooral gekenmerkt door een mozadek van natte drainageklassen. De eenheid is gekoloniseerd door biezen en andere moerasplanten. Omheen de drinkwaterputten voor het vee is het door vertrappeling uit",Rest van Vlaanderen,LbB-ZLS,6,98W
1622,1622,Eutric Cambisols (Loamic),Cambisols,CM-eu,eu,Eutric,-,-,-,Loamic,-,Eutric,LbB,Schelde-Dender interfluvium,Zandleemstreek,Droge zandleem,LbB,LbB,Droge zandleembodem met textuur B of structuur B horizont,,,L,zandleem,b,"droog, niet gleyig",a+b,met profielontwikkelingsklassen a en b,,,,,,,,,,,,,,,bodemcomplex B in de Zandleemstreek,"De niet gedifferentieerde gronden B, n.l. bronzones, zijn vooral gekenmerkt door een mozadek van natte drainageklassen. De eenheid is gekoloniseerd door biezen en andere moerasplanten. Omheen de drinkwaterputten voor het vee is het door vertrappeling uit",Rest van Vlaanderen,LbB-ZLS,6,98W
1623,1623,Eutric Cambisols (Loamic),Cambisols,CM-eu,eu,Eutric,-,-,-,Loamic,-,Eutric,LbB,Schelde-Dender interfluvium,Zandleemstreek,Droge zandleem,LbB,LbB,Droge zandleembodem met textuur B of structuur B horizont,,,L,zandleem,b,"droog, niet gleyig",a+b,met profielontwikkelingsklassen a en b,,,,,,,,,,,,,,,bodemcomplex B in de Zandleemstreek,"De niet gedifferentieerde gronden B, n.l. bronzones, zijn vooral gekenmerkt door een mozadek van natte drainageklassen. De eenheid is gekoloniseerd door biezen en andere moerasplanten. Omheen de drinkwaterputten voor het vee is het door vertrappeling uit",Rest van Vlaanderen,LbB-ZLS,6,98W
1624,1624,Eutric Cambisols (Loamic),Cambisols,CM-eu,eu,Eutric,-,-,-,Loamic,-,Eutric,LbB,Schelde-Dender interfluvium,Zandleemstreek,Droge zandleem,LbB,LbB,Droge zandleembodem met textuur B of structuur B horizont,,,L,zandleem,b,"droog, niet gleyig",a+b,met profielontwikkelingsklassen a en b,,,,,,,,,,,,,,,bodemcomplex B in de Zandleemstreek,"De niet gedifferentieerde gronden B, n.l. bronzones, zijn vooral gekenmerkt door een mozadek van natte drainageklassen. De eenheid is gekoloniseerd door biezen en andere moerasplanten. Omheen de drinkwaterputten voor het vee is het door vertrappeling uit",Rest van Vlaanderen,LbB-ZLS,6,98W
1625,1625,Eutric Cambisols (Loamic),Cambisols,CM-eu,eu,Eutric,-,-,-,Loamic,-,Eutric,LbB,Schelde-Dender interfluvium,Zandleemstreek,Droge zandleem,LbB,LbB,Droge zandleembodem met textuur B of structuur B horizont,,,L,zandleem,b,"droog, niet gleyig",a+b,met profielontwikkelingsklassen a en b,,,,,,,,,,,,,,,bodemcomplex B in de Zandleemstreek,"De niet gedifferentieerde gronden B, n.l. bronzones, zijn vooral gekenmerkt door een mozadek van natte drainageklassen. De eenheid is gekoloniseerd door biezen en andere moerasplanten. Omheen de drinkwaterputten voor het vee is het door vertrappeling uit",Rest van Vlaanderen,LbB-ZLS,6,98W
1626,1626,Eutric Cambisols (Loamic),Cambisols,CM-eu,eu,Eutric,-,-,-,Loamic,-,Eutric,LbB,Schelde-Dender interfluvium,Zandleemstreek,Droge zandleem,LbB,LbB,Droge zandleembodem met textuur B of structuur B horizont,,,L,zandleem,b,"droog, niet gleyig",a+b,met profielontwikkelingsklassen a en b,,,,,,,,,,,,,,,bodemcomplex B in de Zandleemstreek,"De niet gedifferentieerde gronden B, n.l. bronzones, zijn vooral gekenmerkt door een mozadek van natte drainageklassen. De eenheid is gekoloniseerd door biezen en andere moerasplanten. Omheen de drinkwaterputten voor het vee is het door vertrappeling uit",Rest van Vlaanderen,LbB-ZLS,6,98W
1627,1627,Eutric Cambisols (Loamic),Cambisols,CM-eu,eu,Eutric,-,-,-,Loamic,-,Eutric,LbB,Schelde-Dender interfluvium,Zandleemstreek,Droge zandleem,LbB,LbB,Droge zandleembodem met textuur B of structuur B horizont,,,L,zandleem,b,"droog, niet gleyig",a+b,met profielontwikkelingsklassen a en b,,,,,,,,,,,,,,,bodemcomplex B in de Zandleemstreek,"De niet gedifferentieerde gronden B, n.l. bronzones, zijn vooral gekenmerkt door een mozadek van natte drainageklassen. De eenheid is gekoloniseerd door biezen en andere moerasplanten. Omheen de drinkwaterputten voor het vee is het door vertrappeling uit",Rest van Vlaanderen,LbB-ZLS,6,98W
1628,1628,Eutric Cambisols (Loamic),Cambisols,CM-eu,eu,Eutric,-,-,-,Loamic,-,Eutric,LbB,Schelde-Dender interfluvium,Zandleemstreek,Droge zandleem,LbB,LbB,Droge zandleembodem met textuur B of structuur B horizont,,,L,zandleem,b,"droog, niet gleyig",a+b,met profielontwikkelingsklassen a en b,,,,,,,,,,,,,,,bodemcomplex B in de Zandleemstreek,"De niet gedifferentieerde gronden B, n.l. bronzones, zijn vooral gekenmerkt door een mozadek van natte drainageklassen. De eenheid is gekoloniseerd door biezen en andere moerasplanten. Omheen de drinkwaterputten voor het vee is het door vertrappeling uit",Rest van Vlaanderen,LbB-ZLS,6,98W
1701,1701,Technosols/Not Surveyed,Technosols/Not Surveyed,TC,,-,-,-,-,-,-,-,OT,Plateau van Haspengouw,Kunstmatige gronden,Antropogeen,OT,OT,Sterk vergraven gronden,,,,,,,,,,,,,,,O,kunstmatige gronden,,,T,sterk vergraven gronden,,,bodemserie OT,Soms wordt het bodemprofiel door het ingrijpen van de mens gewijzigd of vernietigd (kunstmatige gronden). De bodems in vergraven terreinen (OT) zijn daar een voorbeeld van.,Zeepolders,OT-KUNST,,106E
1702,1702,Technosols/Not Surveyed,Technosols/Not Surveyed,TC,,-,-,-,-,-,-,-,OT,Plateau van Haspengouw,Kunstmatige gronden,Antropogeen,OT,OT,Sterk vergraven gronden,,,,,,,,,,,,,,,O,kunstmatige gronden,,,T,sterk vergraven gronden,,,bodemserie OT,Soms wordt het bodemprofiel door het ingrijpen van de mens gewijzigd of vernietigd (kunstmatige gronden). De bodems in vergraven terreinen (OT) zijn daar een voorbeeld van.,Zeepolders,OT-KUNST,,106E
1703,1703,Technosols/Not Surveyed,Technosols/Not Surveyed,TC,,-,-,-,-,-,-,-,OT,Plateau van Haspengouw,Kunstmatige gronden,Antropogeen,OT,OT,Sterk vergraven gronden,,,,,,,,,,,,,,,O,kunstmatige gronden,,,T,sterk vergraven gronden,,,bodemserie OT,Soms wordt het bodemprofiel door het ingrijpen van de mens gewijzigd of vernietigd (kunstmatige gronden). De bodems in vergraven terreinen (OT) zijn daar een voorbeeld van.,Zeepolders,OT-KUNST,,106E
1704,1704,Technosols/Not Surveyed,Technosols/Not Surveyed,TC,,-,-,-,-,-,-,-,OT,Plateau van Haspengouw,Kunstmatige gronden,Antropogeen,OT,OT,Sterk vergraven gronden,,,,,,,,,,,,,,,O,kunstmatige gronden,,,T,sterk vergraven gronden,,,bodemserie OT,Soms wordt het bodemprofiel door het ingrijpen van de mens gewijzigd of vernietigd (kunstmatige gronden). De bodems in vergraven terreinen (OT) zijn daar een voorbeeld van.,Zeepolders,OT-KUNST,,106E
1705,1705,Technosols/Not Surveyed,Technosols/Not Surveyed,TC,,-,-,-,-,-,-,-,OT,Plateau van Haspengouw,Kunstmatige gronden,Antropogeen,OT,OT,Sterk vergraven gronden,,,,,,,,,,,,,,,O,kunstmatige gronden,,,T,sterk vergraven gronden,,,bodemserie OT,Soms wordt het bodemprofiel door het ingrijpen van de mens gewijzigd of vernietigd (kunstmatige gronden). De bodems in vergraven terreinen (OT) zijn daar een voorbeeld van.,Zeepolders,OT-KUNST,,106E
1706,1706,Technosols/Not Surveyed,Technosols/Not Surveyed,TC,,-,-,-,-,-,-,-,OT,Plateau van Haspengouw,Kunstmatige gronden,Antropogeen,OT,OT,Sterk vergraven gronden,,,,,,,,,,,,,,,O,kunstmatige gronden,,,T,sterk vergraven gronden,,,bodemserie OT,Soms wordt het bodemprofiel door het ingrijpen van de mens gewijzigd of vernietigd (kunstmatige gronden). De bodems in vergraven terreinen (OT) zijn daar een voorbeeld van.,Zeepolders,OT-KUNST,,106E
1707,1707,Technosols/Not Surveyed,Technosols/Not Surveyed,TC,,-,-,-,-,-,-,-,OT,Plateau van Haspengouw,Kunstmatige gronden,Antropogeen,OT,OT,Sterk vergraven gronden,,,,,,,,,,,,,,,O,kunstmatige gronden,,,T,sterk vergraven gronden,,,bodemserie OT,Soms wordt het bodemprofiel door het ingrijpen van de mens gewijzigd of vernietigd (kunstmatige gronden). De bodems in vergraven terreinen (OT) zijn daar een voorbeeld van.,Zeepolders,OT-KUNST,,106E
1708,1708,Technosols/Not Surveyed,Technosols/Not Surveyed,TC,,-,-,-,-,-,-,-,OT,Plateau van Haspengouw,Kunstmatige gronden,Antropogeen,OT,OT,Sterk vergraven gronden,,,,,,,,,,,,,,,O,kunstmatige gronden,,,T,sterk vergraven gronden,,,bodemserie OT,Soms wordt het bodemprofiel door het ingrijpen van de mens gewijzigd of vernietigd (kunstmatige gronden). De bodems in vergraven terreinen (OT) zijn daar een voorbeeld van.,Zeepolders,OT-KUNST,,106E
1709,1709,Technosols/Not Surveyed,Technosols/Not Surveyed,TC,,-,-,-,-,-,-,-,OT,Plateau van Haspengouw,Kunstmatige gronden,Antropogeen,OT,OT,Sterk vergraven gronden,,,,,,,,,,,,,,,O,kunstmatige gronden,,,T,sterk vergraven gronden,,,bodemserie OT,Soms wordt het bodemprofiel door het ingrijpen van de mens gewijzigd of vernietigd (kunstmatige gronden). De bodems in vergraven terreinen (OT) zijn daar een voorbeeld van.,Zeepolders,OT-KUNST,,106E
1710,1710,Technosols/Not Surveyed,Technosols/Not Surveyed,TC,,-,-,-,-,-,-,-,OT,Plateau van Haspengouw,Kunstmatige gronden,Antropogeen,OT,OT,Sterk vergraven gronden,,,,,,,,,,,,,,,O,kunstmatige gronden,,,T,sterk vergraven gronden,,,bodemserie OT,Soms wordt het bodemprofiel door het ingrijpen van de mens gewijzigd of vernietigd (kunstmatige gronden). De bodems in vergraven terreinen (OT) zijn daar een voorbeeld van.,Zeepolders,OT-KUNST,,106E
1711,1711,Eutric Stagnic Cambisols (Clayic),Cambisols,CM-st.eu,st.eu,Stagnic,Eutric,-,Stagnic,Clayic,-,Eutric,UDx,Plateau van Haspengouw,Leemstreek,Vochtige ZwKlei,UDx,UDx,Zwak tot matig gleyige zware kleibodem met onbepaald profiel,,,U,zware klei,c-d,"complex van droog, zwak gleyig tot matig droog, matig gleyig",x,met onbepaalde profielontwikkeling,,,,,,,,,,,,,,,bodemserie Edx en complexen EDx en UDx in de Leemstreek,"Deze drie eenheden Edx, EDx en UDx kunnen samen besproken worden. UDx bevat meestal meer dan 35% klei (< 2l). EDx is zandiger (> 50% zand). De klei vertoont een granulometrische variatie zowel in horizontale als in verticale richting. Een bovengrond met",Rest van Vlaanderen,UDx-LS,5,106E
1712,1712,Technosols/Not Surveyed,Technosols/Not Surveyed,TC,,-,-,-,-,-,-,-,OT,Plateau van Haspengouw,Kunstmatige gronden,Antropogeen,OT,OT,Sterk vergraven gronden,,,,,,,,,,,,,,,O,kunstmatige gronden,,,T,sterk vergraven gronden,,,bodemserie OT,Soms wordt het bodemprofiel door het ingrijpen van de mens gewijzigd of vernietigd (kunstmatige gronden). De bodems in vergraven terreinen (OT) zijn daar een voorbeeld van.,Zeepolders,OT-KUNST,,106E
1713,1713,Technosols/Not Surveyed,Technosols/Not Surveyed,TC,,-,-,-,-,-,-,-,ON,Plateau van Haspengouw,Kunstmatige gronden,Antropogeen,ON,ON,Opgehoogde gronden,,,,,,,,,,,,,,,O,kunstmatige gronden,,,N,opgehoogde gronden,,,bodemserie ON,Soms wordt het bodemprofiel door het ingrijpen van de mens gewijzigd of vernietigd (kunstmatige gronden). Bodems op opgehoogde terreinen (ON) zijn daar een voorbeeld van.,Zeepolders,ON-KUNST,,106E
1714,1714,Dystric Cambisols (Loamic),Cambisols,CM-dy,dy,Dystric,-,-,-,Loamic,-,Dystric,SAx,Plateau van Haspengouw,Leemstreek,Droog zand,SAx,SAx,Zeer droge tot matig natte lemig zandbodem met onbepaald profiel,,,S,lemig zand,a-d,"complex van zeer droog, niet gleyig tot matig nat, matig gleyig",x,met onbepaalde profielontwikkeling,,,,,,,,,,,,,,,bodemcomplex SAx in de Leemstreek,"De oorspronkelijke profielontwikkeling is deze van de bruine Podzolachtige gronden. De genese voltrekt zich van de niet ontwikkelde vorm (Regosol) tot de eigenlijke Podzol. Door menselijke tussenkomst (ontginning, bewerking, bemesting) wordt het bruine P",Rest van Vlaanderen,SAx-LS,7,106E
1715,1715,Dystric Cambisols (Loamic),Cambisols,CM-dy,dy,Dystric,-,-,-,Loamic,-,Dystric,SAx,Plateau van Haspengouw,Leemstreek,Droog zand,SAx,SAx,Zeer droge tot matig natte lemig zandbodem met onbepaald profiel,,,S,lemig zand,a-d,"complex van zeer droog, niet gleyig tot matig nat, matig gleyig",x,met onbepaalde profielontwikkeling,,,,,,,,,,,,,,,bodemcomplex SAx in de Leemstreek,"De oorspronkelijke profielontwikkeling is deze van de bruine Podzolachtige gronden. De genese voltrekt zich van de niet ontwikkelde vorm (Regosol) tot de eigenlijke Podzol. Door menselijke tussenkomst (ontginning, bewerking, bemesting) wordt het bruine P",Rest van Vlaanderen,SAx-LS,7,106E
1716,1716,Dystric Cambisols (Loamic),Cambisols,CM-dy,dy,Dystric,-,-,-,Loamic,-,Dystric,SAx,Plateau van Haspengouw,Leemstreek,Droog zand,SAx,SAx,Zeer droge tot matig natte lemig zandbodem met onbepaald profiel,,,S,lemig zand,a-d,"complex van zeer droog, niet gleyig tot matig nat, matig gleyig",x,met onbepaalde profielontwikkeling,,,,,,,,,,,,,,,bodemcomplex SAx in de Leemstreek,"De oorspronkelijke profielontwikkeling is deze van de bruine Podzolachtige gronden. De genese voltrekt zich van de niet ontwikkelde vorm (Regosol) tot de eigenlijke Podzol. Door menselijke tussenkomst (ontginning, bewerking, bemesting) wordt het bruine P",Rest van Vlaanderen,SAx-LS,7,106E
1717,1717,Technosols/Not Surveyed,Technosols/Not Surveyed,TC,,-,-,-,-,-,-,-,ON,Plateau van Haspengouw,Kunstmatige gronden,Antropogeen,ON,ON,Opgehoogde gronden,,,,,,,,,,,,,,,O,kunstmatige gronden,,,N,opgehoogde gronden,,,bodemserie ON,Soms wordt het bodemprofiel door het ingrijpen van de mens gewijzigd of vernietigd (kunstmatige gronden). Bodems op opgehoogde terreinen (ON) zijn daar een voorbeeld van.,Zeepolders,ON-KUNST,,106E
1718,1718,"Eutric Cambisols (Loamic, Ruptic)",Cambisols,CM-eu,eu,Eutric,-,-,-,Loamic,Ruptic,Eutric,PAx,Plateau van Haspengouw,Leemstreek,Droge zandleem,PAx,PAx,Zeer droge tot matig natte licht zandleembodem met onbepaald profiel,,,P,licht zandleem,a-d,"complex van zeer droog, niet gleyig tot matig nat, matig gleyig",x,met onbepaalde profielontwikkeling,,,,,,,,,,,,,,,complex PAx in de Leemstreek,Oorspronkelijk is PAx gekenmerkt door een E en een Bt horizont. In het bovengedeelte van de E horizont ontwikkelde zich een Podzolachtige bodem. Tegelijkertijd of na deze differentiatie loste de Bt horizont gedeeltelijk op en verbrokkelde. Ten gevolge va,Rest van Vlaanderen,PAx-LS,7,106E
1719,1719,Dystric Cambisols (Loamic),Cambisols,CM-dy,dy,Dystric,-,-,-,Loamic,-,Dystric,SAx,Plateau van Haspengouw,Leemstreek,Droog zand,SAx,SAx,Zeer droge tot matig natte lemig zandbodem met onbepaald profiel,,,S,lemig zand,a-d,"complex van zeer droog, niet gleyig tot matig nat, matig gleyig",x,met onbepaalde profielontwikkeling,,,,,,,,,,,,,,,bodemcomplex SAx in de Leemstreek,"De oorspronkelijke profielontwikkeling is deze van de bruine Podzolachtige gronden. De genese voltrekt zich van de niet ontwikkelde vorm (Regosol) tot de eigenlijke Podzol. Door menselijke tussenkomst (ontginning, bewerking, bemesting) wordt het bruine P",Rest van Vlaanderen,SAx-LS,7,106E
1720,1720,Eutric Stagnic Cambisols (Clayic),Cambisols,CM-st.eu,st.eu,Stagnic,Eutric,-,Stagnic,Clayic,-,Eutric,UDx,Plateau van Haspengouw,Leemstreek,Vochtige ZwKlei,UDx,UDx,Zwak tot matig gleyige zware kleibodem met onbepaald profiel,,,U,zware klei,c-d,"complex van droog, zwak gleyig tot matig droog, matig gleyig",x,met onbepaalde profielontwikkeling,,,,,,,,,,,,,,,bodemserie Edx en complexen EDx en UDx in de Leemstreek,"Deze drie eenheden Edx, EDx en UDx kunnen samen besproken worden. UDx bevat meestal meer dan 35% klei (< 2-). EDx is zandiger (> 50% zand). De klei vertoont een granulometrische variatie zowel in horizontale als in verticale richting. Een bovengrond met",Rest van Vlaanderen,UDx-LS,5,106E
1721,1721,Eutric Stagnic Cambisols (Clayic),Cambisols,CM-st.eu,st.eu,Stagnic,Eutric,-,Stagnic,Clayic,-,Eutric,UDx,Plateau van Haspengouw,Leemstreek,Vochtige ZwKlei,UDx,UDx,Zwak tot matig gleyige zware kleibodem met onbepaald profiel,,,U,zware klei,c-d,"complex van droog, zwak gleyig tot matig droog, matig gleyig",x,met onbepaalde profielontwikkeling,,,,,,,,,,,,,,,bodemserie Edx en complexen EDx en UDx in de Leemstreek,"Deze drie eenheden Edx, EDx en UDx kunnen samen besproken worden. UDx bevat meestal meer dan 35% klei (< 2-). EDx is zandiger (> 50% zand). De klei vertoont een granulometrische variatie zowel in horizontale als in verticale richting. Een bovengrond met",Rest van Vlaanderen,UDx-LS,5,106E
1722,1722,"Eutric Cambisols (Loamic, Ruptic)",Cambisols,CM-eu,eu,Eutric,-,-,-,Loamic,Ruptic,Eutric,PAx,Plateau van Haspengouw,Leemstreek,Droge zandleem,PAx,PAx,Zeer droge tot matig natte licht zandleembodem met onbepaald profiel,,,P,licht zandleem,a-d,"complex van zeer droog, niet gleyig tot matig nat, matig gleyig",x,met onbepaalde profielontwikkeling,,,,,,,,,,,,,,,complex PAx in de Leemstreek,Oorspronkelijk is PAx gekenmerkt door een E en een Bt horizont. In het bovengedeelte van de E horizont ontwikkelde zich een Podzolachtige bodem. Tegelijkertijd of na deze differentiatie loste de Bt horizont gedeeltelijk op en verbrokkelde. Ten gevolge va,Rest van Vlaanderen,PAx-LS,7,106E
1723,1723,Technosols/Not Surveyed,Technosols/Not Surveyed,TC,,-,-,-,-,-,-,-,ON,Plateau van Haspengouw,Kunstmatige gronden,Antropogeen,ON,ON,Opgehoogde gronden,,,,,,,,,,,,,,,O,kunstmatige gronden,,,N,opgehoogde gronden,,,bodemserie ON,Soms wordt het bodemprofiel door het ingrijpen van de mens gewijzigd of vernietigd (kunstmatige gronden). Bodems op opgehoogde terreinen (ON) zijn daar een voorbeeld van.,Zeepolders,ON-KUNST,,106E
1724,1724,"Eutric Cambisols (Loamic, Ruptic)",Cambisols,CM-eu,eu,Eutric,-,-,-,Loamic,Ruptic,Eutric,PAx,Plateau van Haspengouw,Leemstreek,Droge zandleem,PAx,PAx,Zeer droge tot matig natte licht zandleembodem met onbepaald profiel,,,P,licht zandleem,a-d,"complex van zeer droog, niet gleyig tot matig nat, matig gleyig",x,met onbepaalde profielontwikkeling,,,,,,,,,,,,,,,complex PAx in de Leemstreek,Oorspronkelijk is PAx gekenmerkt door een E en een Bt horizont. In het bovengedeelte van de E horizont ontwikkelde zich een Podzolachtige bodem. Tegelijkertijd of na deze differentiatie loste de Bt horizont gedeeltelijk op en verbrokkelde. Ten gevolge va,Rest van Vlaanderen,PAx-LS,7,106E
1725,1725,"Eutric Cambisols (Loamic, Ruptic)",Cambisols,CM-eu,eu,Eutric,-,-,-,Loamic,Ruptic,Eutric,PAx,Plateau van Haspengouw,Leemstreek,Droge zandleem,PAx,PAx,Zeer droge tot matig natte licht zandleembodem met onbepaald profiel,,,P,licht zandleem,a-d,"complex van zeer droog, niet gleyig tot matig nat, matig gleyig",x,met onbepaalde profielontwikkeling,,,,,,,,,,,,,,,complex PAx in de Leemstreek,Oorspronkelijk is PAx gekenmerkt door een E en een Bt horizont. In het bovengedeelte van de E horizont ontwikkelde zich een Podzolachtige bodem. Tegelijkertijd of na deze differentiatie loste de Bt horizont gedeeltelijk op en verbrokkelde. Ten gevolge va,Rest van Vlaanderen,PAx-LS,7,106E
1726,1726,Eutric Stagnic Cambisols (Clayic),Cambisols,CM-st.eu,st.eu,Stagnic,Eutric,-,Stagnic,Clayic,-,Eutric,UDx,Plateau van Haspengouw,Leemstreek,Vochtige ZwKlei,UDx,UDx,Zwak tot matig gleyige zware kleibodem met onbepaald profiel,,,U,zware klei,c-d,"complex van droog, zwak gleyig tot matig droog, matig gleyig",x,met onbepaalde profielontwikkeling,,,,,,,,,,,,,,,bodemserie Edx en complexen EDx en UDx in de Leemstreek,"Deze drie eenheden Edx, EDx en UDx kunnen samen besproken worden. UDx bevat meestal meer dan 35% klei (< 2l). EDx is zandiger (> 50% zand). De klei vertoont een granulometrische variatie zowel in horizontale als in verticale richting. Een bovengrond met",Rest van Vlaanderen,UDx-LS,5,106E
1727,1727,Technosols/Not Surveyed,Technosols/Not Surveyed,TC,,-,-,-,-,-,-,-,ON,Plateau van Haspengouw,Kunstmatige gronden,Antropogeen,ON,ON,Opgehoogde gronden,,,,,,,,,,,,,,,O,kunstmatige gronden,,,N,opgehoogde gronden,,,bodemserie ON,Soms wordt het bodemprofiel door het ingrijpen van de mens gewijzigd of vernietigd (kunstmatige gronden). Bodems op opgehoogde terreinen (ON) zijn daar een voorbeeld van.,Zeepolders,ON-KUNST,,106E
1728,1728,"Eutric Cambisols (Loamic, Ruptic)",Cambisols,CM-eu,eu,Eutric,-,-,-,Loamic,Ruptic,Eutric,PAx,Plateau van Haspengouw,Leemstreek,Droge zandleem,PAx,PAx,Zeer droge tot matig natte licht zandleembodem met onbepaald profiel,,,P,licht zandleem,a-d,"complex van zeer droog, niet gleyig tot matig nat, matig gleyig",x,met onbepaalde profielontwikkeling,,,,,,,,,,,,,,,complex PAx in de Leemstreek,Oorspronkelijk is PAx gekenmerkt door een E en een Bt horizont. In het bovengedeelte van de E horizont ontwikkelde zich een Podzolachtige bodem. Tegelijkertijd of na deze differentiatie loste de Bt horizont gedeeltelijk op en verbrokkelde. Ten gevolge va,Rest van Vlaanderen,PAx-LS,7,106E
1729,1729,"Eutric Cambisols (Loamic, Ruptic)",Cambisols,CM-eu,eu,Eutric,-,-,-,Loamic,Ruptic,Eutric,PAx,Plateau van Haspengouw,Leemstreek,Droge zandleem,PAx,PAx,Zeer droge tot matig natte licht zandleembodem met onbepaald profiel,,,P,licht zandleem,a-d,"complex van zeer droog, niet gleyig tot matig nat, matig gleyig",x,met onbepaalde profielontwikkeling,,,,,,,,,,,,,,,complex PAx in de Leemstreek,Oorspronkelijk is PAx gekenmerkt door een E en een Bt horizont. In het bovengedeelte van de E horizont ontwikkelde zich een Podzolachtige bodem. Tegelijkertijd of na deze differentiatie loste de Bt horizont gedeeltelijk op en verbrokkelde. Ten gevolge va,Rest van Vlaanderen,PAx-LS,7,106E
1730,1730,Eutric Stagnic Cambisols (Clayic),Cambisols,CM-st.eu,st.eu,Stagnic,Eutric,-,Stagnic,Clayic,-,Eutric,UDx,Plateau van Haspengouw,Leemstreek,Vochtige ZwKlei,UDx,UDx,Zwak tot matig gleyige zware kleibodem met onbepaald profiel,,,U,zware klei,c-d,"complex van droog, zwak gleyig tot matig droog, matig gleyig",x,met onbepaalde profielontwikkeling,,,,,,,,,,,,,,,bodemserie Edx en complexen EDx en UDx in de Leemstreek,"Deze drie eenheden Edx, EDx en UDx kunnen samen besproken worden. UDx bevat meestal meer dan 35% klei (< 2l). EDx is zandiger (> 50% zand). De klei vertoont een granulometrische variatie zowel in horizontale als in verticale richting. Een bovengrond met",Rest van Vlaanderen,UDx-LS,5,106E
1731,1731,"Eutric Cambisols (Loamic, Ruptic)",Cambisols,CM-eu,eu,Eutric,-,-,-,Loamic,Ruptic,Eutric,PAx,Plateau van Haspengouw,Leemstreek,Droge zandleem,PAx,PAx,Zeer droge tot matig natte licht zandleembodem met onbepaald profiel,,,P,licht zandleem,a-d,"complex van zeer droog, niet gleyig tot matig nat, matig gleyig",x,met onbepaalde profielontwikkeling,,,,,,,,,,,,,,,complex PAx in de Leemstreek,Oorspronkelijk is PAx gekenmerkt door een E en een Bt horizont. In het bovengedeelte van de E horizont ontwikkelde zich een Podzolachtige bodem. Tegelijkertijd of na deze differentiatie loste de Bt horizont gedeeltelijk op en verbrokkelde. Ten gevolge va,Rest van Vlaanderen,PAx-LS,7,106E
1732,1732,"Eutric Cambisols (Loamic, Ruptic)",Cambisols,CM-eu,eu,Eutric,-,-,-,Loamic,Ruptic,Eutric,PAx,Plateau van Haspengouw,Leemstreek,Droge zandleem,PAx,PAx,Zeer droge tot matig natte licht zandleembodem met onbepaald profiel,,,P,licht zandleem,a-d,"complex van zeer droog, niet gleyig tot matig nat, matig gleyig",x,met onbepaalde profielontwikkeling,,,,,,,,,,,,,,,complex PAx in de Leemstreek,Oorspronkelijk is PAx gekenmerkt door een E en een Bt horizont. In het bovengedeelte van de E horizont ontwikkelde zich een Podzolachtige bodem. Tegelijkertijd of na deze differentiatie loste de Bt horizont gedeeltelijk op en verbrokkelde. Ten gevolge va,Rest van Vlaanderen,PAx-LS,7,106E
2001,2001,Dystric Glossic Fragic Retisols (Siltic),Retisols,RT-fc.gs.dy,fc.gs.dy,Fragic,Glossic,Dystric,-,Siltic,-,Dystric,Abc0,Brabants plateau,Zandleemstreek,Droge leem,Abc0,Abc,"Droge leembodem met sterk gevlekte, verbrokkelde textuur B horizont",,,A,leem,b,"droog, niet gleyig",c,"met sterk gevlekte textuur (bij lemige sedimenten), verbrokkelde textuur B horizont ( bij zandige sedimenten)",0,Betekenis afhankelijk van het bodemtype (zie toelichtingsboekje),,,,,,,,,,,,,bodemserie Abc in de Zandleemstreek,Deze droge leemgronden met sterk gevlekte textuur B horizont komen in de Zandleemstreek voor nabij de overgangszone met de Leemstreek alsook in enkele alluviale valleien.,Rest van Vlaanderen,Abc0-ZLS,5,102W
2002,2002,Dystric Glossic Fragic Retisols (Siltic),Retisols,RT-fc.gs.dy,fc.gs.dy,Fragic,Glossic,Dystric,-,Siltic,-,Dystric,Abc0,Brabants plateau,Zandleemstreek,Droge leem,Abc0,Abc,"Droge leembodem met sterk gevlekte, verbrokkelde textuur B horizont",,,A,leem,b,"droog, niet gleyig",c,"met sterk gevlekte textuur (bij lemige sedimenten), verbrokkelde textuur B horizont ( bij zandige sedimenten)",0,Betekenis afhankelijk van het bodemtype (zie toelichtingsboekje),,,,,,,,,,,,,bodemserie Abc in de Zandleemstreek,Deze droge leemgronden met sterk gevlekte textuur B horizont komen in de Zandleemstreek voor nabij de overgangszone met de Leemstreek alsook in enkele alluviale valleien.,Rest van Vlaanderen,Abc0-ZLS,5,102W
2003,2003,Dystric Glossic Fragic Retisols (Siltic),Retisols,RT-fc.gs.dy,fc.gs.dy,Fragic,Glossic,Dystric,-,Siltic,-,Dystric,Abc0,Brabants plateau,Zandleemstreek,Droge leem,Abc0,Abc,"Droge leembodem met sterk gevlekte, verbrokkelde textuur B horizont",,,A,leem,b,"droog, niet gleyig",c,"met sterk gevlekte textuur (bij lemige sedimenten), verbrokkelde textuur B horizont ( bij zandige sedimenten)",0,Betekenis afhankelijk van het bodemtype (zie toelichtingsboekje),,,,,,,,,,,,,bodemserie Abc in de Zandleemstreek,Deze droge leemgronden met sterk gevlekte textuur B horizont komen in de Zandleemstreek voor nabij de overgangszone met de Leemstreek alsook in enkele alluviale valleien.,Rest van Vlaanderen,Abc0-ZLS,5,102W
2004,2004,Dystric Glossic Fragic Retisols (Siltic),Retisols,RT-fc.gs.dy,fc.gs.dy,Fragic,Glossic,Dystric,-,Siltic,-,Dystric,Abc0,Brabants plateau,Zandleemstreek,Droge leem,Abc0,Abc,"Droge leembodem met sterk gevlekte, verbrokkelde textuur B horizont",,,A,leem,b,"droog, niet gleyig",c,"met sterk gevlekte textuur (bij lemige sedimenten), verbrokkelde textuur B horizont ( bij zandige sedimenten)",0,Betekenis afhankelijk van het bodemtype (zie toelichtingsboekje),,,,,,,,,,,,,bodemserie Abc in de Zandleemstreek,Deze droge leemgronden met sterk gevlekte textuur B horizont komen in de Zandleemstreek voor nabij de overgangszone met de Leemstreek alsook in enkele alluviale valleien.,Rest van Vlaanderen,Abc0-ZLS,5,102W
2005,2005,Dystric Glossic Fragic Retisols (Siltic),Retisols,RT-fc.gs.dy,fc.gs.dy,Fragic,Glossic,Dystric,-,Siltic,-,Dystric,Abc0,Brabants plateau,Zandleemstreek,Droge leem,Abc0,Abc,"Droge leembodem met sterk gevlekte, verbrokkelde textuur B horizont",,,A,leem,b,"droog, niet gleyig",c,"met sterk gevlekte textuur (bij lemige sedimenten), verbrokkelde textuur B horizont ( bij zandige sedimenten)",0,Betekenis afhankelijk van het bodemtype (zie toelichtingsboekje),,,,,,,,,,,,,bodemserie Abc in de Zandleemstreek,Deze droge leemgronden met sterk gevlekte textuur B horizont komen in de Zandleemstreek voor nabij de overgangszone met de Leemstreek alsook in enkele alluviale valleien.,Rest van Vlaanderen,Abc0-ZLS,5,102W
2006,2006,Dystric Glossic Fragic Retisols (Siltic),Retisols,RT-fc.gs.dy,fc.gs.dy,Fragic,Glossic,Dystric,-,Siltic,-,Dystric,Abc0,Brabants plateau,Zandleemstreek,Droge leem,Abc0,Abc,"Droge leembodem met sterk gevlekte, verbrokkelde textuur B horizont",,,A,leem,b,"droog, niet gleyig",c,"met sterk gevlekte textuur (bij lemige sedimenten), verbrokkelde textuur B horizont ( bij zandige sedimenten)",0,Betekenis afhankelijk van het bodemtype (zie toelichtingsboekje),,,,,,,,,,,,,bodemserie Abc in de Zandleemstreek,Deze droge leemgronden met sterk gevlekte textuur B horizont komen in de Zandleemstreek voor nabij de overgangszone met de Leemstreek alsook in enkele alluviale valleien.,Rest van Vlaanderen,Abc0-ZLS,5,102W
2007,2007,Dystric Glossic Fragic Retisols (Siltic),Retisols,RT-fc.gs.dy,fc.gs.dy,Fragic,Glossic,Dystric,-,Siltic,-,Dystric,Abc0,Brabants plateau,Zandleemstreek,Droge leem,Abc0,Abc,"Droge leembodem met sterk gevlekte, verbrokkelde textuur B horizont",,,A,leem,b,"droog, niet gleyig",c,"met sterk gevlekte textuur (bij lemige sedimenten), verbrokkelde textuur B horizont ( bij zandige sedimenten)",0,Betekenis afhankelijk van het bodemtype (zie toelichtingsboekje),,,,,,,,,,,,,bodemserie Abc in de Zandleemstreek,Deze droge leemgronden met sterk gevlekte textuur B horizont komen in de Zandleemstreek voor nabij de overgangszone met de Leemstreek alsook in enkele alluviale valleien.,Rest van Vlaanderen,Abc0-ZLS,5,102W
2008,2008,Dystric Glossic Fragic Retisols (Siltic),Retisols,RT-fc.gs.dy,fc.gs.dy,Fragic,Glossic,Dystric,-,Siltic,-,Dystric,Abc0,Brabants plateau,Zandleemstreek,Droge leem,Abc0,Abc,"Droge leembodem met sterk gevlekte, verbrokkelde textuur B horizont",,,A,leem,b,"droog, niet gleyig",c,"met sterk gevlekte textuur (bij lemige sedimenten), verbrokkelde textuur B horizont ( bij zandige sedimenten)",0,Betekenis afhankelijk van het bodemtype (zie toelichtingsboekje),,,,,,,,,,,,,bodemserie Abc in de Zandleemstreek,Deze droge leemgronden met sterk gevlekte textuur B horizont komen in de Zandleemstreek voor nabij de overgangszone met de Leemstreek alsook in enkele alluviale valleien.,Rest van Vlaanderen,Abc0-ZLS,5,102W
2009,2009,Dystric Glossic Fragic Retisols (Siltic),Retisols,RT-fc.gs.dy,fc.gs.dy,Fragic,Glossic,Dystric,-,Siltic,-,Dystric,Abc0,Brabants plateau,Zandleemstreek,Droge leem,Abc0,Abc,"Droge leembodem met sterk gevlekte, verbrokkelde textuur B horizont",,,A,leem,b,"droog, niet gleyig",c,"met sterk gevlekte textuur (bij lemige sedimenten), verbrokkelde textuur B horizont ( bij zandige sedimenten)",0,Betekenis afhankelijk van het bodemtype (zie toelichtingsboekje),,,,,,,,,,,,,bodemserie Abc in de Zandleemstreek,Deze droge leemgronden met sterk gevlekte textuur B horizont komen in de Zandleemstreek voor nabij de overgangszone met de Leemstreek alsook in enkele alluviale valleien.,Rest van Vlaanderen,Abc0-ZLS,5,102W
2010,2010,Dystric Glossic Fragic Retisols (Siltic),Retisols,RT-fc.gs.dy,fc.gs.dy,Fragic,Glossic,Dystric,-,Siltic,-,Dystric,Abc0,Brabants plateau,Zandleemstreek,Droge leem,Abc0,Abc,"Droge leembodem met sterk gevlekte, verbrokkelde textuur B horizont",,,A,leem,b,"droog, niet gleyig",c,"met sterk gevlekte textuur (bij lemige sedimenten), verbrokkelde textuur B horizont ( bij zandige sedimenten)",0,Betekenis afhankelijk van het bodemtype (zie toelichtingsboekje),,,,,,,,,,,,,bodemserie Abc in de Zandleemstreek,Deze droge leemgronden met sterk gevlekte textuur B horizont komen in de Zandleemstreek voor nabij de overgangszone met de Leemstreek alsook in enkele alluviale valleien.,Rest van Vlaanderen,Abc0-ZLS,5,102W
2011,2011,Dystric Glossic Fragic Retisols (Siltic),Retisols,RT-fc.gs.dy,fc.gs.dy,Fragic,Glossic,Dystric,-,Siltic,-,Dystric,Abc0,Brabants plateau,Zandleemstreek,Droge leem,Abc0,Abc,"Droge leembodem met sterk gevlekte, verbrokkelde textuur B horizont",,,A,leem,b,"droog, niet gleyig",c,"met sterk gevlekte textuur (bij lemige sedimenten), verbrokkelde textuur B horizont ( bij zandige sedimenten)",0,Betekenis afhankelijk van het bodemtype (zie toelichtingsboekje),,,,,,,,,,,,,bodemserie Abc in de Zandleemstreek,Deze droge leemgronden met sterk gevlekte textuur B horizont komen in de Zandleemstreek voor nabij de overgangszone met de Leemstreek alsook in enkele alluviale valleien.,Rest van Vlaanderen,Abc0-ZLS,5,102W
2012,2012,Dystric Glossic Fragic Retisols (Siltic),Retisols,RT-fc.gs.dy,fc.gs.dy,Fragic,Glossic,Dystric,-,Siltic,-,Dystric,Abc0,Brabants plateau,Zandleemstreek,Droge leem,Abc0,Abc,"Droge leembodem met sterk gevlekte, verbrokkelde textuur B horizont",,,A,leem,b,"droog, niet gleyig",c,"met sterk gevlekte textuur (bij lemige sedimenten), verbrokkelde textuur B horizont ( bij zandige sedimenten)",0,Betekenis afhankelijk van het bodemtype (zie toelichtingsboekje),,,,,,,,,,,,,bodemserie Abc in de Zandleemstreek,Deze droge leemgronden met sterk gevlekte textuur B horizont komen in de Zandleemstreek voor nabij de overgangszone met de Leemstreek alsook in enkele alluviale valleien.,Rest van Vlaanderen,Abc0-ZLS,5,102W
2013,2013,Dystric Glossic Fragic Retisols (Siltic),Retisols,RT-fc.gs.dy,fc.gs.dy,Fragic,Glossic,Dystric,-,Siltic,-,Dystric,Abc0,Brabants plateau,Zandleemstreek,Droge leem,Abc0,Abc,"Droge leembodem met sterk gevlekte, verbrokkelde textuur B horizont",,,A,leem,b,"droog, niet gleyig",c,"met sterk gevlekte textuur (bij lemige sedimenten), verbrokkelde textuur B horizont ( bij zandige sedimenten)",0,Betekenis afhankelijk van het bodemtype (zie toelichtingsboekje),,,,,,,,,,,,,bodemserie Abc in de Zandleemstreek,Deze droge leemgronden met sterk gevlekte textuur B horizont komen in de Zandleemstreek voor nabij de overgangszone met de Leemstreek alsook in enkele alluviale valleien.,Rest van Vlaanderen,Abc0-ZLS,5,102W
2014,2014,Dystric Glossic Fragic Retisols (Siltic),Retisols,RT-fc.gs.dy,fc.gs.dy,Fragic,Glossic,Dystric,-,Siltic,-,Dystric,Abc0,Brabants plateau,Zandleemstreek,Droge leem,Abc0,Abc,"Droge leembodem met sterk gevlekte, verbrokkelde textuur B horizont",,,A,leem,b,"droog, niet gleyig",c,"met sterk gevlekte textuur (bij lemige sedimenten), verbrokkelde textuur B horizont ( bij zandige sedimenten)",0,Betekenis afhankelijk van het bodemtype (zie toelichtingsboekje),,,,,,,,,,,,,bodemserie Abc in de Zandleemstreek,Deze droge leemgronden met sterk gevlekte textuur B horizont komen in de Zandleemstreek voor nabij de overgangszone met de Leemstreek alsook in enkele alluviale valleien.,Rest van Vlaanderen,Abc0-ZLS,5,102W
2015,2015,Dystric Glossic Fragic Retisols (Siltic),Retisols,RT-fc.gs.dy,fc.gs.dy,Fragic,Glossic,Dystric,-,Siltic,-,Dystric,Abc0,Brabants plateau,Zandleemstreek,Droge leem,Abc0,Abc,"Droge leembodem met sterk gevlekte, verbrokkelde textuur B horizont",,,A,leem,b,"droog, niet gleyig",c,"met sterk gevlekte textuur (bij lemige sedimenten), verbrokkelde textuur B horizont ( bij zandige sedimenten)",0,Betekenis afhankelijk van het bodemtype (zie toelichtingsboekje),,,,,,,,,,,,,bodemserie Abc in de Zandleemstreek,Deze droge leemgronden met sterk gevlekte textuur B horizont komen in de Zandleemstreek voor nabij de overgangszone met de Leemstreek alsook in enkele alluviale valleien.,Rest van Vlaanderen,Abc0-ZLS,5,102W
2016,2016,Eutric Neocambic Retisols (Siltic),Retisols,RT-nc.eu,nc.eu,Neocambic,Eutric,-,-,Siltic,-,Eutric,Aba0(b),Brabants plateau,Zandleemstreek,Droge leem,Aba0(b),Aba,Droge leembodem met textuur B horizont,,,A,leem,b,"droog, niet gleyig",a,met textuur B horizont of met weinig duidelijke kleur B horizont,0,Betekenis afhankelijk van het bodemtype (zie toelichtingsboekje),,,(b),Gevlekte textuur B horizont,,,,,,,,,bodemserie Aba in de Zandleemstreek,"De serie Aba ontwikkeld in het Pleistocene loessdek vertoont onder de A horizont een aan klei en sesquioxiden aangerijkte textuur B horizont. De bouwvoor is een donkerbruin, homogeen humushoudend leem; bij Abao rust de Ap op een geelbruine overgangshoriz",Rest van Vlaanderen,Aba0(b)-ZLS,5,102W
2017,2017,Dystric Glossic Fragic Retisols (Siltic),Retisols,RT-fc.gs.dy,fc.gs.dy,Fragic,Glossic,Dystric,-,Siltic,-,Dystric,Abc0,Brabants plateau,Zandleemstreek,Droge leem,Abc0,Abc,"Droge leembodem met sterk gevlekte, verbrokkelde textuur B horizont",,,A,leem,b,"droog, niet gleyig",c,"met sterk gevlekte textuur (bij lemige sedimenten), verbrokkelde textuur B horizont ( bij zandige sedimenten)",0,Betekenis afhankelijk van het bodemtype (zie toelichtingsboekje),,,,,,,,,,,,,bodemserie Abc in de Zandleemstreek,Deze droge leemgronden met sterk gevlekte textuur B horizont komen in de Zandleemstreek voor nabij de overgangszone met de Leemstreek alsook in enkele alluviale valleien.,Rest van Vlaanderen,Abc0-ZLS,5,102W
2018,2018,Dystric Glossic Fragic Retisols (Siltic),Retisols,RT-fc.gs.dy,fc.gs.dy,Fragic,Glossic,Dystric,-,Siltic,-,Dystric,Abc0,Brabants plateau,Zandleemstreek,Droge leem,Abc0,Abc,"Droge leembodem met sterk gevlekte, verbrokkelde textuur B horizont",,,A,leem,b,"droog, niet gleyig",c,"met sterk gevlekte textuur (bij lemige sedimenten), verbrokkelde textuur B horizont ( bij zandige sedimenten)",0,Betekenis afhankelijk van het bodemtype (zie toelichtingsboekje),,,,,,,,,,,,,bodemserie Abc in de Zandleemstreek,Deze droge leemgronden met sterk gevlekte textuur B horizont komen in de Zandleemstreek voor nabij de overgangszone met de Leemstreek alsook in enkele alluviale valleien.,Rest van Vlaanderen,Abc0-ZLS,5,102W
2019,2019,Dystric Glossic Fragic Retisols (Siltic),Retisols,RT-fc.gs.dy,fc.gs.dy,Fragic,Glossic,Dystric,-,Siltic,-,Dystric,Abc0,Brabants plateau,Zandleemstreek,Droge leem,Abc0,Abc,"Droge leembodem met sterk gevlekte, verbrokkelde textuur B horizont",,,A,leem,b,"droog, niet gleyig",c,"met sterk gevlekte textuur (bij lemige sedimenten), verbrokkelde textuur B horizont ( bij zandige sedimenten)",0,Betekenis afhankelijk van het bodemtype (zie toelichtingsboekje),,,,,,,,,,,,,bodemserie Abc in de Zandleemstreek,Deze droge leemgronden met sterk gevlekte textuur B horizont komen in de Zandleemstreek voor nabij de overgangszone met de Leemstreek alsook in enkele alluviale valleien.,Rest van Vlaanderen,Abc0-ZLS,5,102W
2020,2020,Dystric Glossic Fragic Retisols (Siltic),Retisols,RT-fc.gs.dy,fc.gs.dy,Fragic,Glossic,Dystric,-,Siltic,-,Dystric,Abc0,Brabants plateau,Zandleemstreek,Droge leem,Abc0,Abc,"Droge leembodem met sterk gevlekte, verbrokkelde textuur B horizont",,,A,leem,b,"droog, niet gleyig",c,"met sterk gevlekte textuur (bij lemige sedimenten), verbrokkelde textuur B horizont ( bij zandige sedimenten)",0,Betekenis afhankelijk van het bodemtype (zie toelichtingsboekje),,,,,,,,,,,,,bodemserie Abc in de Zandleemstreek,Deze droge leemgronden met sterk gevlekte textuur B horizont komen in de Zandleemstreek voor nabij de overgangszone met de Leemstreek alsook in enkele alluviale valleien.,Rest van Vlaanderen,Abc0-ZLS,5,102W
2021,2021,Dystric Glossic Fragic Retisols (Siltic),Retisols,RT-fc.gs.dy,fc.gs.dy,Fragic,Glossic,Dystric,-,Siltic,-,Dystric,Abc0,Brabants plateau,Zandleemstreek,Droge leem,Abc0,Abc,"Droge leembodem met sterk gevlekte, verbrokkelde textuur B horizont",,,A,leem,b,"droog, niet gleyig",c,"met sterk gevlekte textuur (bij lemige sedimenten), verbrokkelde textuur B horizont ( bij zandige sedimenten)",0,Betekenis afhankelijk van het bodemtype (zie toelichtingsboekje),,,,,,,,,,,,,bodemserie Abc in de Zandleemstreek,Deze droge leemgronden met sterk gevlekte textuur B horizont komen in de Zandleemstreek voor nabij de overgangszone met de Leemstreek alsook in enkele alluviale valleien.,Rest van Vlaanderen,Abc0-ZLS,5,102W
2022,2022,Dystric Glossic Fragic Retisols (Siltic),Retisols,RT-fc.gs.dy,fc.gs.dy,Fragic,Glossic,Dystric,-,Siltic,-,Dystric,Abc0,Brabants plateau,Zandleemstreek,Droge leem,Abc0,Abc,"Droge leembodem met sterk gevlekte, verbrokkelde textuur B horizont",,,A,leem,b,"droog, niet gleyig",c,"met sterk gevlekte textuur (bij lemige sedimenten), verbrokkelde textuur B horizont ( bij zandige sedimenten)",0,Betekenis afhankelijk van het bodemtype (zie toelichtingsboekje),,,,,,,,,,,,,bodemserie Abc in de Zandleemstreek,Deze droge leemgronden met sterk gevlekte textuur B horizont komen in de Zandleemstreek voor nabij de overgangszone met de Leemstreek alsook in enkele alluviale valleien.,Rest van Vlaanderen,Abc0-ZLS,5,102W
2023,2023,Dystric Glossic Fragic Retisols (Siltic),Retisols,RT-fc.gs.dy,fc.gs.dy,Fragic,Glossic,Dystric,-,Siltic,-,Dystric,Abc0,Brabants plateau,Zandleemstreek,Droge leem,Abc0,Abc,"Droge leembodem met sterk gevlekte, verbrokkelde textuur B horizont",,,A,leem,b,"droog, niet gleyig",c,"met sterk gevlekte textuur (bij lemige sedimenten), verbrokkelde textuur B horizont ( bij zandige sedimenten)",0,Betekenis afhankelijk van het bodemtype (zie toelichtingsboekje),,,,,,,,,,,,,bodemserie Abc in de Zandleemstreek,Deze droge leemgronden met sterk gevlekte textuur B horizont komen in de Zandleemstreek voor nabij de overgangszone met de Leemstreek alsook in enkele alluviale valleien.,Rest van Vlaanderen,Abc0-ZLS,5,102W
2024,2024,Dystric Glossic Fragic Retisols (Siltic),Retisols,RT-fc.gs.dy,fc.gs.dy,Fragic,Glossic,Dystric,-,Siltic,-,Dystric,Abc0,Brabants plateau,Zandleemstreek,Droge leem,Abc0,Abc,"Droge leembodem met sterk gevlekte, verbrokkelde textuur B horizont",,,A,leem,b,"droog, niet gleyig",c,"met sterk gevlekte textuur (bij lemige sedimenten), verbrokkelde textuur B horizont ( bij zandige sedimenten)",0,Betekenis afhankelijk van het bodemtype (zie toelichtingsboekje),,,,,,,,,,,,,bodemserie Abc in de Zandleemstreek,Deze droge leemgronden met sterk gevlekte textuur B horizont komen in de Zandleemstreek voor nabij de overgangszone met de Leemstreek alsook in enkele alluviale valleien.,Rest van Vlaanderen,Abc0-ZLS,5,102W
2025,2025,Dystric Glossic Fragic Retisols (Siltic),Retisols,RT-fc.gs.dy,fc.gs.dy,Fragic,Glossic,Dystric,-,Siltic,-,Dystric,Abc0,Brabants plateau,Zandleemstreek,Droge leem,Abc0,Abc,"Droge leembodem met sterk gevlekte, verbrokkelde textuur B horizont",,,A,leem,b,"droog, niet gleyig",c,"met sterk gevlekte textuur (bij lemige sedimenten), verbrokkelde textuur B horizont ( bij zandige sedimenten)",0,Betekenis afhankelijk van het bodemtype (zie toelichtingsboekje),,,,,,,,,,,,,bodemserie Abc in de Zandleemstreek,Deze droge leemgronden met sterk gevlekte textuur B horizont komen in de Zandleemstreek voor nabij de overgangszone met de Leemstreek alsook in enkele alluviale valleien.,Rest van Vlaanderen,Abc0-ZLS,5,102W
2026,2026,Dystric Glossic Fragic Retisols (Siltic),Retisols,RT-fc.gs.dy,fc.gs.dy,Fragic,Glossic,Dystric,-,Siltic,-,Dystric,Abc0,Brabants plateau,Zandleemstreek,Droge leem,Abc0,Abc,"Droge leembodem met sterk gevlekte, verbrokkelde textuur B horizont",,,A,leem,b,"droog, niet gleyig",c,"met sterk gevlekte textuur (bij lemige sedimenten), verbrokkelde textuur B horizont ( bij zandige sedimenten)",0,Betekenis afhankelijk van het bodemtype (zie toelichtingsboekje),,,,,,,,,,,,,bodemserie Abc in de Zandleemstreek,Deze droge leemgronden met sterk gevlekte textuur B horizont komen in de Zandleemstreek voor nabij de overgangszone met de Leemstreek alsook in enkele alluviale valleien.,Rest van Vlaanderen,Abc0-ZLS,5,102W
2027,2027,Dystric Glossic Fragic Retisols (Siltic),Retisols,RT-fc.gs.dy,fc.gs.dy,Fragic,Glossic,Dystric,-,Siltic,-,Dystric,Abc0,Brabants plateau,Zandleemstreek,Droge leem,Abc0,Abc,"Droge leembodem met sterk gevlekte, verbrokkelde textuur B horizont",,,A,leem,b,"droog, niet gleyig",c,"met sterk gevlekte textuur (bij lemige sedimenten), verbrokkelde textuur B horizont ( bij zandige sedimenten)",0,Betekenis afhankelijk van het bodemtype (zie toelichtingsboekje),,,,,,,,,,,,,bodemserie Abc in de Zandleemstreek,Deze droge leemgronden met sterk gevlekte textuur B horizont komen in de Zandleemstreek voor nabij de overgangszone met de Leemstreek alsook in enkele alluviale valleien.,Rest van Vlaanderen,Abc0-ZLS,5,102W
2028,2028,Dystric Glossic Fragic Retisols (Siltic),Retisols,RT-fc.gs.dy,fc.gs.dy,Fragic,Glossic,Dystric,-,Siltic,-,Dystric,Abc0,Brabants plateau,Zandleemstreek,Droge leem,Abc0,Abc,"Droge leembodem met sterk gevlekte, verbrokkelde textuur B horizont",,,A,leem,b,"droog, niet gleyig",c,"met sterk gevlekte textuur (bij lemige sedimenten), verbrokkelde textuur B horizont ( bij zandige sedimenten)",0,Betekenis afhankelijk van het bodemtype (zie toelichtingsboekje),,,,,,,,,,,,,bodemserie Abc in de Zandleemstreek,Deze droge leemgronden met sterk gevlekte textuur B horizont komen in de Zandleemstreek voor nabij de overgangszone met de Leemstreek alsook in enkele alluviale valleien.,Rest van Vlaanderen,Abc0-ZLS,5,102W
2029,2029,Dystric Glossic Fragic Retisols (Siltic),Retisols,RT-fc.gs.dy,fc.gs.dy,Fragic,Glossic,Dystric,-,Siltic,-,Dystric,Abc0,Brabants plateau,Zandleemstreek,Droge leem,Abc0,Abc,"Droge leembodem met sterk gevlekte, verbrokkelde textuur B horizont",,,A,leem,b,"droog, niet gleyig",c,"met sterk gevlekte textuur (bij lemige sedimenten), verbrokkelde textuur B horizont ( bij zandige sedimenten)",0,Betekenis afhankelijk van het bodemtype (zie toelichtingsboekje),,,,,,,,,,,,,bodemserie Abc in de Zandleemstreek,Deze droge leemgronden met sterk gevlekte textuur B horizont komen in de Zandleemstreek voor nabij de overgangszone met de Leemstreek alsook in enkele alluviale valleien.,Rest van Vlaanderen,Abc0-ZLS,5,102W
2030,2030,Dystric Glossic Fragic Retisols (Siltic),Retisols,RT-fc.gs.dy,fc.gs.dy,Fragic,Glossic,Dystric,-,Siltic,-,Dystric,Abc0,Brabants plateau,Zandleemstreek,Droge leem,Abc0,Abc,"Droge leembodem met sterk gevlekte, verbrokkelde textuur B horizont",,,A,leem,b,"droog, niet gleyig",c,"met sterk gevlekte textuur (bij lemige sedimenten), verbrokkelde textuur B horizont ( bij zandige sedimenten)",0,Betekenis afhankelijk van het bodemtype (zie toelichtingsboekje),,,,,,,,,,,,,bodemserie Abc in de Zandleemstreek,Deze droge leemgronden met sterk gevlekte textuur B horizont komen in de Zandleemstreek voor nabij de overgangszone met de Leemstreek alsook in enkele alluviale valleien.,Rest van Vlaanderen,Abc0-ZLS,5,102W
2031,2031,Dystric Glossic Fragic Retisols (Siltic),Retisols,RT-fc.gs.dy,fc.gs.dy,Fragic,Glossic,Dystric,-,Siltic,-,Dystric,Abc0,Brabants plateau,Zandleemstreek,Droge leem,Abc0,Abc,"Droge leembodem met sterk gevlekte, verbrokkelde textuur B horizont",,,A,leem,b,"droog, niet gleyig",c,"met sterk gevlekte textuur (bij lemige sedimenten), verbrokkelde textuur B horizont ( bij zandige sedimenten)",0,Betekenis afhankelijk van het bodemtype (zie toelichtingsboekje),,,,,,,,,,,,,bodemserie Abc in de Zandleemstreek,Deze droge leemgronden met sterk gevlekte textuur B horizont komen in de Zandleemstreek voor nabij de overgangszone met de Leemstreek alsook in enkele alluviale valleien.,Rest van Vlaanderen,Abc0-ZLS,5,102W
2032,2032,Eutric Cambisols (Siltic),Cambisols,CM-eu,eu,Eutric,-,-,-,Siltic,-,Eutric,Acp,Brabants plateau,Zandleemstreek,Vochtige leem,Acp,Acp,Matig droge leembodem zonder profiel,,,A,leem,c,"matig droog, zwak gleyig",p,zonder profielontwikkeling,,,,,,,,,,,,,,,bodemserie Acp in de Zandleemstreek,De Acp depressie- of lage hellingsgronden omvatten colluviale bodems welke tussen 80 en 120 cm gleyverschijnselen vertonen. Het colluviaal dek rust veelal op een genrodeerd profiel waarvan de textuur B op wisselende diepte in het profiel voorkomt. Deze g,Rest van Vlaanderen,Acp-ZLS,5,102W
2033,2033,Dystric Glossic Fragic Retisols (Siltic),Retisols,RT-fc.gs.dy,fc.gs.dy,Fragic,Glossic,Dystric,-,Siltic,-,Dystric,Abc0,Brabants plateau,Zandleemstreek,Droge leem,Abc0,Abc,"Droge leembodem met sterk gevlekte, verbrokkelde textuur B horizont",,,A,leem,b,"droog, niet gleyig",c,"met sterk gevlekte textuur (bij lemige sedimenten), verbrokkelde textuur B horizont ( bij zandige sedimenten)",0,Betekenis afhankelijk van het bodemtype (zie toelichtingsboekje),,,,,,,,,,,,,bodemserie Abc in de Zandleemstreek,Deze droge leemgronden met sterk gevlekte textuur B horizont komen in de Zandleemstreek voor nabij de overgangszone met de Leemstreek alsook in enkele alluviale valleien.,Rest van Vlaanderen,Abc0-ZLS,5,102W
2034,2034,Dystric Glossic Fragic Retisols (Siltic),Retisols,RT-fc.gs.dy,fc.gs.dy,Fragic,Glossic,Dystric,-,Siltic,-,Dystric,Abc0,Brabants plateau,Zandleemstreek,Droge leem,Abc0,Abc,"Droge leembodem met sterk gevlekte, verbrokkelde textuur B horizont",,,A,leem,b,"droog, niet gleyig",c,"met sterk gevlekte textuur (bij lemige sedimenten), verbrokkelde textuur B horizont ( bij zandige sedimenten)",0,Betekenis afhankelijk van het bodemtype (zie toelichtingsboekje),,,,,,,,,,,,,bodemserie Abc in de Zandleemstreek,Deze droge leemgronden met sterk gevlekte textuur B horizont komen in de Zandleemstreek voor nabij de overgangszone met de Leemstreek alsook in enkele alluviale valleien.,Rest van Vlaanderen,Abc0-ZLS,5,102W
2035,2035,Dystric Glossic Fragic Retisols (Siltic),Retisols,RT-fc.gs.dy,fc.gs.dy,Fragic,Glossic,Dystric,-,Siltic,-,Dystric,Abc0,Brabants plateau,Zandleemstreek,Droge leem,Abc0,Abc,"Droge leembodem met sterk gevlekte, verbrokkelde textuur B horizont",,,A,leem,b,"droog, niet gleyig",c,"met sterk gevlekte textuur (bij lemige sedimenten), verbrokkelde textuur B horizont ( bij zandige sedimenten)",0,Betekenis afhankelijk van het bodemtype (zie toelichtingsboekje),,,,,,,,,,,,,bodemserie Abc in de Zandleemstreek,Deze droge leemgronden met sterk gevlekte textuur B horizont komen in de Zandleemstreek voor nabij de overgangszone met de Leemstreek alsook in enkele alluviale valleien.,Rest van Vlaanderen,Abc0-ZLS,5,102W
2036,2036,Dystric Glossic Fragic Retisols (Siltic),Retisols,RT-fc.gs.dy,fc.gs.dy,Fragic,Glossic,Dystric,-,Siltic,-,Dystric,Abc0,Brabants plateau,Zandleemstreek,Droge leem,Abc0,Abc,"Droge leembodem met sterk gevlekte, verbrokkelde textuur B horizont",,,A,leem,b,"droog, niet gleyig",c,"met sterk gevlekte textuur (bij lemige sedimenten), verbrokkelde textuur B horizont ( bij zandige sedimenten)",0,Betekenis afhankelijk van het bodemtype (zie toelichtingsboekje),,,,,,,,,,,,,bodemserie Abc in de Zandleemstreek,Deze droge leemgronden met sterk gevlekte textuur B horizont komen in de Zandleemstreek voor nabij de overgangszone met de Leemstreek alsook in enkele alluviale valleien.,Rest van Vlaanderen,Abc0-ZLS,5,102W
2037,2037,Dystric Glossic Fragic Retisols (Siltic),Retisols,RT-fc.gs.dy,fc.gs.dy,Fragic,Glossic,Dystric,-,Siltic,-,Dystric,Abc0,Brabants plateau,Zandleemstreek,Droge leem,Abc0,Abc,"Droge leembodem met sterk gevlekte, verbrokkelde textuur B horizont",,,A,leem,b,"droog, niet gleyig",c,"met sterk gevlekte textuur (bij lemige sedimenten), verbrokkelde textuur B horizont ( bij zandige sedimenten)",0,Betekenis afhankelijk van het bodemtype (zie toelichtingsboekje),,,,,,,,,,,,,bodemserie Abc in de Zandleemstreek,Deze droge leemgronden met sterk gevlekte textuur B horizont komen in de Zandleemstreek voor nabij de overgangszone met de Leemstreek alsook in enkele alluviale valleien.,Rest van Vlaanderen,Abc0-ZLS,5,102W
2038,2038,Dystric Glossic Fragic Retisols (Siltic),Retisols,RT-fc.gs.dy,fc.gs.dy,Fragic,Glossic,Dystric,-,Siltic,-,Dystric,Abc0,Brabants plateau,Zandleemstreek,Droge leem,Abc0,Abc,"Droge leembodem met sterk gevlekte, verbrokkelde textuur B horizont",,,A,leem,b,"droog, niet gleyig",c,"met sterk gevlekte textuur (bij lemige sedimenten), verbrokkelde textuur B horizont ( bij zandige sedimenten)",0,Betekenis afhankelijk van het bodemtype (zie toelichtingsboekje),,,,,,,,,,,,,bodemserie Abc in de Zandleemstreek,Deze droge leemgronden met sterk gevlekte textuur B horizont komen in de Zandleemstreek voor nabij de overgangszone met de Leemstreek alsook in enkele alluviale valleien.,Rest van Vlaanderen,Abc0-ZLS,5,102W
2039,2039,Dystric Glossic Fragic Retisols (Siltic),Retisols,RT-fc.gs.dy,fc.gs.dy,Fragic,Glossic,Dystric,-,Siltic,-,Dystric,Abc0,Brabants plateau,Zandleemstreek,Droge leem,Abc0,Abc,"Droge leembodem met sterk gevlekte, verbrokkelde textuur B horizont",,,A,leem,b,"droog, niet gleyig",c,"met sterk gevlekte textuur (bij lemige sedimenten), verbrokkelde textuur B horizont ( bij zandige sedimenten)",0,Betekenis afhankelijk van het bodemtype (zie toelichtingsboekje),,,,,,,,,,,,,bodemserie Abc in de Zandleemstreek,Deze droge leemgronden met sterk gevlekte textuur B horizont komen in de Zandleemstreek voor nabij de overgangszone met de Leemstreek alsook in enkele alluviale valleien.,Rest van Vlaanderen,Abc0-ZLS,5,102W
2040,2040,Dystric Glossic Fragic Retisols (Siltic),Retisols,RT-fc.gs.dy,fc.gs.dy,Fragic,Glossic,Dystric,-,Siltic,-,Dystric,Abc0,Brabants plateau,Zandleemstreek,Droge leem,Abc0,Abc,"Droge leembodem met sterk gevlekte, verbrokkelde textuur B horizont",,,A,leem,b,"droog, niet gleyig",c,"met sterk gevlekte textuur (bij lemige sedimenten), verbrokkelde textuur B horizont ( bij zandige sedimenten)",0,Betekenis afhankelijk van het bodemtype (zie toelichtingsboekje),,,,,,,,,,,,,bodemserie Abc in de Zandleemstreek,Deze droge leemgronden met sterk gevlekte textuur B horizont komen in de Zandleemstreek voor nabij de overgangszone met de Leemstreek alsook in enkele alluviale valleien.,Rest van Vlaanderen,Abc0-ZLS,5,102W
2041,2041,Dystric Glossic Fragic Retisols (Siltic),Retisols,RT-fc.gs.dy,fc.gs.dy,Fragic,Glossic,Dystric,-,Siltic,-,Dystric,Abc0,Brabants plateau,Zandleemstreek,Droge leem,Abc0,Abc,"Droge leembodem met sterk gevlekte, verbrokkelde textuur B horizont",,,A,leem,b,"droog, niet gleyig",c,"met sterk gevlekte textuur (bij lemige sedimenten), verbrokkelde textuur B horizont ( bij zandige sedimenten)",0,Betekenis afhankelijk van het bodemtype (zie toelichtingsboekje),,,,,,,,,,,,,bodemserie Abc in de Zandleemstreek,Deze droge leemgronden met sterk gevlekte textuur B horizont komen in de Zandleemstreek voor nabij de overgangszone met de Leemstreek alsook in enkele alluviale valleien.,Rest van Vlaanderen,Abc0-ZLS,5,102W
2042,2042,Dystric Glossic Fragic Retisols (Siltic),Retisols,RT-fc.gs.dy,fc.gs.dy,Fragic,Glossic,Dystric,-,Siltic,-,Dystric,Abc0,Brabants plateau,Zandleemstreek,Droge leem,Abc0,Abc,"Droge leembodem met sterk gevlekte, verbrokkelde textuur B horizont",,,A,leem,b,"droog, niet gleyig",c,"met sterk gevlekte textuur (bij lemige sedimenten), verbrokkelde textuur B horizont ( bij zandige sedimenten)",0,Betekenis afhankelijk van het bodemtype (zie toelichtingsboekje),,,,,,,,,,,,,bodemserie Abc in de Zandleemstreek,Deze droge leemgronden met sterk gevlekte textuur B horizont komen in de Zandleemstreek voor nabij de overgangszone met de Leemstreek alsook in enkele alluviale valleien.,Rest van Vlaanderen,Abc0-ZLS,5,102W
2043,2043,Dystric Glossic Fragic Retisols (Siltic),Retisols,RT-fc.gs.dy,fc.gs.dy,Fragic,Glossic,Dystric,-,Siltic,-,Dystric,Abc0,Brabants plateau,Zandleemstreek,Droge leem,Abc0,Abc,"Droge leembodem met sterk gevlekte, verbrokkelde textuur B horizont",,,A,leem,b,"droog, niet gleyig",c,"met sterk gevlekte textuur (bij lemige sedimenten), verbrokkelde textuur B horizont ( bij zandige sedimenten)",0,Betekenis afhankelijk van het bodemtype (zie toelichtingsboekje),,,,,,,,,,,,,bodemserie Abc in de Zandleemstreek,Deze droge leemgronden met sterk gevlekte textuur B horizont komen in de Zandleemstreek voor nabij de overgangszone met de Leemstreek alsook in enkele alluviale valleien.,Rest van Vlaanderen,Abc0-ZLS,5,102W
2044,2044,Dystric Glossic Fragic Retisols (Siltic),Retisols,RT-fc.gs.dy,fc.gs.dy,Fragic,Glossic,Dystric,-,Siltic,-,Dystric,Abc0,Brabants plateau,Zandleemstreek,Droge leem,Abc0,Abc,"Droge leembodem met sterk gevlekte, verbrokkelde textuur B horizont",,,A,leem,b,"droog, niet gleyig",c,"met sterk gevlekte textuur (bij lemige sedimenten), verbrokkelde textuur B horizont ( bij zandige sedimenten)",0,Betekenis afhankelijk van het bodemtype (zie toelichtingsboekje),,,,,,,,,,,,,bodemserie Abc in de Zandleemstreek,Deze droge leemgronden met sterk gevlekte textuur B horizont komen in de Zandleemstreek voor nabij de overgangszone met de Leemstreek alsook in enkele alluviale valleien.,Rest van Vlaanderen,Abc0-ZLS,5,102W
2045,2045,Dystric Glossic Fragic Retisols (Siltic),Retisols,RT-fc.gs.dy,fc.gs.dy,Fragic,Glossic,Dystric,-,Siltic,-,Dystric,Abc0,Brabants plateau,Zandleemstreek,Droge leem,Abc0,Abc,"Droge leembodem met sterk gevlekte, verbrokkelde textuur B horizont",,,A,leem,b,"droog, niet gleyig",c,"met sterk gevlekte textuur (bij lemige sedimenten), verbrokkelde textuur B horizont ( bij zandige sedimenten)",0,Betekenis afhankelijk van het bodemtype (zie toelichtingsboekje),,,,,,,,,,,,,bodemserie Abc in de Zandleemstreek,Deze droge leemgronden met sterk gevlekte textuur B horizont komen in de Zandleemstreek voor nabij de overgangszone met de Leemstreek alsook in enkele alluviale valleien.,Rest van Vlaanderen,Abc0-ZLS,5,102W
2046,2046,Dystric Glossic Fragic Retisols (Siltic),Retisols,RT-fc.gs.dy,fc.gs.dy,Fragic,Glossic,Dystric,-,Siltic,-,Dystric,Abc0,Brabants plateau,Zandleemstreek,Droge leem,Abc0,Abc,"Droge leembodem met sterk gevlekte, verbrokkelde textuur B horizont",,,A,leem,b,"droog, niet gleyig",c,"met sterk gevlekte textuur (bij lemige sedimenten), verbrokkelde textuur B horizont ( bij zandige sedimenten)",0,Betekenis afhankelijk van het bodemtype (zie toelichtingsboekje),,,,,,,,,,,,,bodemserie Abc in de Zandleemstreek,Deze droge leemgronden met sterk gevlekte textuur B horizont komen in de Zandleemstreek voor nabij de overgangszone met de Leemstreek alsook in enkele alluviale valleien.,Rest van Vlaanderen,Abc0-ZLS,5,102W
2047,2047,Technosols/Not Surveyed,Technosols/Not Surveyed,TC,,-,-,-,-,-,-,-,OT,Brabants plateau,Kunstmatige gronden,Antropogeen,OT,OT,Sterk vergraven gronden,,,,,,,,,,,,,,,O,kunstmatige gronden,,,T,sterk vergraven gronden,,,bodemserie OT,Soms wordt het bodemprofiel door het ingrijpen van de mens gewijzigd of vernietigd (kunstmatige gronden). De bodems in vergraven terreinen (OT) zijn daar een voorbeeld van.,Zeepolders,OT-KUNST,,102W
2048,2048,Dystric Glossic Fragic Retisols (Siltic),Retisols,RT-fc.gs.dy,fc.gs.dy,Fragic,Glossic,Dystric,-,Siltic,-,Dystric,Abc0,Brabants plateau,Zandleemstreek,Droge leem,Abc0,Abc,"Droge leembodem met sterk gevlekte, verbrokkelde textuur B horizont",,,A,leem,b,"droog, niet gleyig",c,"met sterk gevlekte textuur (bij lemige sedimenten), verbrokkelde textuur B horizont ( bij zandige sedimenten)",0,Betekenis afhankelijk van het bodemtype (zie toelichtingsboekje),,,,,,,,,,,,,bodemserie Abc in de Zandleemstreek,Deze droge leemgronden met sterk gevlekte textuur B horizont komen in de Zandleemstreek voor nabij de overgangszone met de Leemstreek alsook in enkele alluviale valleien.,Rest van Vlaanderen,Abc0-ZLS,5,102W
2049,2049,Dystric Glossic Fragic Retisols (Siltic),Retisols,RT-fc.gs.dy,fc.gs.dy,Fragic,Glossic,Dystric,-,Siltic,-,Dystric,Abc0,Brabants plateau,Zandleemstreek,Droge leem,Abc0,Abc,"Droge leembodem met sterk gevlekte, verbrokkelde textuur B horizont",,,A,leem,b,"droog, niet gleyig",c,"met sterk gevlekte textuur (bij lemige sedimenten), verbrokkelde textuur B horizont ( bij zandige sedimenten)",0,Betekenis afhankelijk van het bodemtype (zie toelichtingsboekje),,,,,,,,,,,,,bodemserie Abc in de Zandleemstreek,Deze droge leemgronden met sterk gevlekte textuur B horizont komen in de Zandleemstreek voor nabij de overgangszone met de Leemstreek alsook in enkele alluviale valleien.,Rest van Vlaanderen,Abc0-ZLS,5,102W
2050,2050,Dystric Glossic Fragic Retisols (Siltic),Retisols,RT-fc.gs.dy,fc.gs.dy,Fragic,Glossic,Dystric,-,Siltic,-,Dystric,Abc0,Brabants plateau,Zandleemstreek,Droge leem,Abc0,Abc,"Droge leembodem met sterk gevlekte, verbrokkelde textuur B horizont",,,A,leem,b,"droog, niet gleyig",c,"met sterk gevlekte textuur (bij lemige sedimenten), verbrokkelde textuur B horizont ( bij zandige sedimenten)",0,Betekenis afhankelijk van het bodemtype (zie toelichtingsboekje),,,,,,,,,,,,,bodemserie Abc in de Zandleemstreek,Deze droge leemgronden met sterk gevlekte textuur B horizont komen in de Zandleemstreek voor nabij de overgangszone met de Leemstreek alsook in enkele alluviale valleien.,Rest van Vlaanderen,Abc0-ZLS,5,102W
2051,2051,Dystric Glossic Fragic Retisols (Siltic),Retisols,RT-fc.gs.dy,fc.gs.dy,Fragic,Glossic,Dystric,-,Siltic,-,Dystric,Abc0,Brabants plateau,Zandleemstreek,Droge leem,Abc0,Abc,"Droge leembodem met sterk gevlekte, verbrokkelde textuur B horizont",,,A,leem,b,"droog, niet gleyig",c,"met sterk gevlekte textuur (bij lemige sedimenten), verbrokkelde textuur B horizont ( bij zandige sedimenten)",0,Betekenis afhankelijk van het bodemtype (zie toelichtingsboekje),,,,,,,,,,,,,bodemserie Abc in de Zandleemstreek,Deze droge leemgronden met sterk gevlekte textuur B horizont komen in de Zandleemstreek voor nabij de overgangszone met de Leemstreek alsook in enkele alluviale valleien.,Rest van Vlaanderen,Abc0-ZLS,5,102W
2053,2053,Dystric Glossic Fragic Retisols (Siltic),Retisols,RT-fc.gs.dy,fc.gs.dy,Fragic,Glossic,Dystric,-,Siltic,-,Dystric,Abc0,Brabants plateau,Zandleemstreek,Droge leem,Abc0,Abc,"Droge leembodem met sterk gevlekte, verbrokkelde textuur B horizont",,,A,leem,b,"droog, niet gleyig",c,"met sterk gevlekte textuur (bij lemige sedimenten), verbrokkelde textuur B horizont ( bij zandige sedimenten)",0,Betekenis afhankelijk van het bodemtype (zie toelichtingsboekje),,,,,,,,,,,,,bodemserie Abc in de Zandleemstreek,Deze droge leemgronden met sterk gevlekte textuur B horizont komen in de Zandleemstreek voor nabij de overgangszone met de Leemstreek alsook in enkele alluviale valleien.,Rest van Vlaanderen,Abc0-ZLS,5,102W
2054,2054,Dystric Glossic Fragic Retisols (Siltic),Retisols,RT-fc.gs.dy,fc.gs.dy,Fragic,Glossic,Dystric,-,Siltic,-,Dystric,Abc0,Brabants plateau,Zandleemstreek,Droge leem,Abc0,Abc,"Droge leembodem met sterk gevlekte, verbrokkelde textuur B horizont",,,A,leem,b,"droog, niet gleyig",c,"met sterk gevlekte textuur (bij lemige sedimenten), verbrokkelde textuur B horizont ( bij zandige sedimenten)",0,Betekenis afhankelijk van het bodemtype (zie toelichtingsboekje),,,,,,,,,,,,,bodemserie Abc in de Zandleemstreek,Deze droge leemgronden met sterk gevlekte textuur B horizont komen in de Zandleemstreek voor nabij de overgangszone met de Leemstreek alsook in enkele alluviale valleien.,Rest van Vlaanderen,Abc0-ZLS,5,102W
2055,2055,Technosols/Not Surveyed,Technosols/Not Surveyed,TC,,-,-,-,-,-,-,-,OT,Brabants plateau,Kunstmatige gronden,Antropogeen,OT,OT,Sterk vergraven gronden,,,,,,,,,,,,,,,O,kunstmatige gronden,,,T,sterk vergraven gronden,,,bodemserie OT,Soms wordt het bodemprofiel door het ingrijpen van de mens gewijzigd of vernietigd (kunstmatige gronden). De bodems in vergraven terreinen (OT) zijn daar een voorbeeld van.,Zeepolders,OT-KUNST,,102W
2056,2056,Dystric Glossic Fragic Retisols (Siltic),Retisols,RT-fc.gs.dy,fc.gs.dy,Fragic,Glossic,Dystric,-,Siltic,-,Dystric,Abc0,Brabants plateau,Zandleemstreek,Droge leem,Abc0,Abc,"Droge leembodem met sterk gevlekte, verbrokkelde textuur B horizont",,,A,leem,b,"droog, niet gleyig",c,"met sterk gevlekte textuur (bij lemige sedimenten), verbrokkelde textuur B horizont ( bij zandige sedimenten)",0,Betekenis afhankelijk van het bodemtype (zie toelichtingsboekje),,,,,,,,,,,,,bodemserie Abc in de Zandleemstreek,Deze droge leemgronden met sterk gevlekte textuur B horizont komen in de Zandleemstreek voor nabij de overgangszone met de Leemstreek alsook in enkele alluviale valleien.,Rest van Vlaanderen,Abc0-ZLS,5,102W
2057,2057,Dystric Glossic Fragic Retisols (Siltic),Retisols,RT-fc.gs.dy,fc.gs.dy,Fragic,Glossic,Dystric,-,Siltic,-,Dystric,Abc0,Brabants plateau,Zandleemstreek,Droge leem,Abc0,Abc,"Droge leembodem met sterk gevlekte, verbrokkelde textuur B horizont",,,A,leem,b,"droog, niet gleyig",c,"met sterk gevlekte textuur (bij lemige sedimenten), verbrokkelde textuur B horizont ( bij zandige sedimenten)",0,Betekenis afhankelijk van het bodemtype (zie toelichtingsboekje),,,,,,,,,,,,,bodemserie Abc in de Zandleemstreek,Deze droge leemgronden met sterk gevlekte textuur B horizont komen in de Zandleemstreek voor nabij de overgangszone met de Leemstreek alsook in enkele alluviale valleien.,Rest van Vlaanderen,Abc0-ZLS,5,102W
2058,2058,Dystric Glossic Fragic Retisols (Siltic),Retisols,RT-fc.gs.dy,fc.gs.dy,Fragic,Glossic,Dystric,-,Siltic,-,Dystric,Abc0,Brabants plateau,Zandleemstreek,Droge leem,Abc0,Abc,"Droge leembodem met sterk gevlekte, verbrokkelde textuur B horizont",,,A,leem,b,"droog, niet gleyig",c,"met sterk gevlekte textuur (bij lemige sedimenten), verbrokkelde textuur B horizont ( bij zandige sedimenten)",0,Betekenis afhankelijk van het bodemtype (zie toelichtingsboekje),,,,,,,,,,,,,bodemserie Abc in de Zandleemstreek,Deze droge leemgronden met sterk gevlekte textuur B horizont komen in de Zandleemstreek voor nabij de overgangszone met de Leemstreek alsook in enkele alluviale valleien.,Rest van Vlaanderen,Abc0-ZLS,5,102W
2059,2059,Dystric Glossic Fragic Retisols (Siltic),Retisols,RT-fc.gs.dy,fc.gs.dy,Fragic,Glossic,Dystric,-,Siltic,-,Dystric,Abc0,Brabants plateau,Zandleemstreek,Droge leem,Abc0,Abc,"Droge leembodem met sterk gevlekte, verbrokkelde textuur B horizont",,,A,leem,b,"droog, niet gleyig",c,"met sterk gevlekte textuur (bij lemige sedimenten), verbrokkelde textuur B horizont ( bij zandige sedimenten)",0,Betekenis afhankelijk van het bodemtype (zie toelichtingsboekje),,,,,,,,,,,,,bodemserie Abc in de Zandleemstreek,Deze droge leemgronden met sterk gevlekte textuur B horizont komen in de Zandleemstreek voor nabij de overgangszone met de Leemstreek alsook in enkele alluviale valleien.,Rest van Vlaanderen,Abc0-ZLS,5,102W
2060,2060,Dystric Glossic Fragic Retisols (Siltic),Retisols,RT-fc.gs.dy,fc.gs.dy,Fragic,Glossic,Dystric,-,Siltic,-,Dystric,Abc0,Brabants plateau,Zandleemstreek,Droge leem,Abc0,Abc,"Droge leembodem met sterk gevlekte, verbrokkelde textuur B horizont",,,A,leem,b,"droog, niet gleyig",c,"met sterk gevlekte textuur (bij lemige sedimenten), verbrokkelde textuur B horizont ( bij zandige sedimenten)",0,Betekenis afhankelijk van het bodemtype (zie toelichtingsboekje),,,,,,,,,,,,,bodemserie Abc in de Zandleemstreek,Deze droge leemgronden met sterk gevlekte textuur B horizont komen in de Zandleemstreek voor nabij de overgangszone met de Leemstreek alsook in enkele alluviale valleien.,Rest van Vlaanderen,Abc0-ZLS,5,102W
2061,2061,Dystric Glossic Fragic Retisols (Siltic),Retisols,RT-fc.gs.dy,fc.gs.dy,Fragic,Glossic,Dystric,-,Siltic,-,Dystric,Abc0,Brabants plateau,Zandleemstreek,Droge leem,Abc0,Abc,"Droge leembodem met sterk gevlekte, verbrokkelde textuur B horizont",,,A,leem,b,"droog, niet gleyig",c,"met sterk gevlekte textuur (bij lemige sedimenten), verbrokkelde textuur B horizont ( bij zandige sedimenten)",0,Betekenis afhankelijk van het bodemtype (zie toelichtingsboekje),,,,,,,,,,,,,bodemserie Abc in de Zandleemstreek,Deze droge leemgronden met sterk gevlekte textuur B horizont komen in de Zandleemstreek voor nabij de overgangszone met de Leemstreek alsook in enkele alluviale valleien.,Rest van Vlaanderen,Abc0-ZLS,5,102W
2062,2062,Dystric Glossic Fragic Retisols (Siltic),Retisols,RT-fc.gs.dy,fc.gs.dy,Fragic,Glossic,Dystric,-,Siltic,-,Dystric,Abc0,Brabants plateau,Zandleemstreek,Droge leem,Abc0,Abc,"Droge leembodem met sterk gevlekte, verbrokkelde textuur B horizont",,,A,leem,b,"droog, niet gleyig",c,"met sterk gevlekte textuur (bij lemige sedimenten), verbrokkelde textuur B horizont ( bij zandige sedimenten)",0,Betekenis afhankelijk van het bodemtype (zie toelichtingsboekje),,,,,,,,,,,,,bodemserie Abc in de Zandleemstreek,Deze droge leemgronden met sterk gevlekte textuur B horizont komen in de Zandleemstreek voor nabij de overgangszone met de Leemstreek alsook in enkele alluviale valleien.,Rest van Vlaanderen,Abc0-ZLS,5,102W
2063,2063,Dystric Glossic Fragic Retisols (Siltic),Retisols,RT-fc.gs.dy,fc.gs.dy,Fragic,Glossic,Dystric,-,Siltic,-,Dystric,Abc0,Brabants plateau,Zandleemstreek,Droge leem,Abc0,Abc,"Droge leembodem met sterk gevlekte, verbrokkelde textuur B horizont",,,A,leem,b,"droog, niet gleyig",c,"met sterk gevlekte textuur (bij lemige sedimenten), verbrokkelde textuur B horizont ( bij zandige sedimenten)",0,Betekenis afhankelijk van het bodemtype (zie toelichtingsboekje),,,,,,,,,,,,,bodemserie Abc in de Zandleemstreek,Deze droge leemgronden met sterk gevlekte textuur B horizont komen in de Zandleemstreek voor nabij de overgangszone met de Leemstreek alsook in enkele alluviale valleien.,Rest van Vlaanderen,Abc0-ZLS,5,102W
2064,2064,Dystric Glossic Fragic Retisols (Siltic),Retisols,RT-fc.gs.dy,fc.gs.dy,Fragic,Glossic,Dystric,-,Siltic,-,Dystric,Abc0,Brabants plateau,Zandleemstreek,Droge leem,Abc0,Abc,"Droge leembodem met sterk gevlekte, verbrokkelde textuur B horizont",,,A,leem,b,"droog, niet gleyig",c,"met sterk gevlekte textuur (bij lemige sedimenten), verbrokkelde textuur B horizont ( bij zandige sedimenten)",0,Betekenis afhankelijk van het bodemtype (zie toelichtingsboekje),,,,,,,,,,,,,bodemserie Abc in de Zandleemstreek,Deze droge leemgronden met sterk gevlekte textuur B horizont komen in de Zandleemstreek voor nabij de overgangszone met de Leemstreek alsook in enkele alluviale valleien.,Rest van Vlaanderen,Abc0-ZLS,5,102W
2065,2065,Dystric Glossic Fragic Retisols (Siltic),Retisols,RT-fc.gs.dy,fc.gs.dy,Fragic,Glossic,Dystric,-,Siltic,-,Dystric,Abc0,Brabants plateau,Zandleemstreek,Droge leem,Abc0,Abc,"Droge leembodem met sterk gevlekte, verbrokkelde textuur B horizont",,,A,leem,b,"droog, niet gleyig",c,"met sterk gevlekte textuur (bij lemige sedimenten), verbrokkelde textuur B horizont ( bij zandige sedimenten)",0,Betekenis afhankelijk van het bodemtype (zie toelichtingsboekje),,,,,,,,,,,,,bodemserie Abc in de Zandleemstreek,Deze droge leemgronden met sterk gevlekte textuur B horizont komen in de Zandleemstreek voor nabij de overgangszone met de Leemstreek alsook in enkele alluviale valleien.,Rest van Vlaanderen,Abc0-ZLS,5,102W
2101,2101,Dystric Glossic Fragic Retisols (Siltic),Retisols,RT-fc.gs.dy,fc.gs.dy,Fragic,Glossic,Dystric,-,Siltic,-,Dystric,Abc0,Brabants plateau,Zandleemstreek,Droge leem,Abc0,Abc,"Droge leembodem met sterk gevlekte, verbrokkelde textuur B horizont",,,A,leem,b,"droog, niet gleyig",c,"met sterk gevlekte textuur (bij lemige sedimenten), verbrokkelde textuur B horizont ( bij zandige sedimenten)",0,Betekenis afhankelijk van het bodemtype (zie toelichtingsboekje),,,,,,,,,,,,,bodemserie Abc in de Zandleemstreek,Deze droge leemgronden met sterk gevlekte textuur B horizont komen in de Zandleemstreek voor nabij de overgangszone met de Leemstreek alsook in enkele alluviale valleien.,Rest van Vlaanderen,Abc0-ZLS,5,102W
2102,2102,Dystric Glossic Fragic Retisols (Siltic),Retisols,RT-fc.gs.dy,fc.gs.dy,Fragic,Glossic,Dystric,-,Siltic,-,Dystric,Abc0,Brabants plateau,Zandleemstreek,Droge leem,Abc0,Abc,"Droge leembodem met sterk gevlekte, verbrokkelde textuur B horizont",,,A,leem,b,"droog, niet gleyig",c,"met sterk gevlekte textuur (bij lemige sedimenten), verbrokkelde textuur B horizont ( bij zandige sedimenten)",0,Betekenis afhankelijk van het bodemtype (zie toelichtingsboekje),,,,,,,,,,,,,bodemserie Abc in de Zandleemstreek,Deze droge leemgronden met sterk gevlekte textuur B horizont komen in de Zandleemstreek voor nabij de overgangszone met de Leemstreek alsook in enkele alluviale valleien.,Rest van Vlaanderen,Abc0-ZLS,5,102W
2103,2103,Dystric Glossic Fragic Retisols (Siltic),Retisols,RT-fc.gs.dy,fc.gs.dy,Fragic,Glossic,Dystric,-,Siltic,-,Dystric,Abc0,Brabants plateau,Zandleemstreek,Droge leem,Abc0,Abc,"Droge leembodem met sterk gevlekte, verbrokkelde textuur B horizont",,,A,leem,b,"droog, niet gleyig",c,"met sterk gevlekte textuur (bij lemige sedimenten), verbrokkelde textuur B horizont ( bij zandige sedimenten)",0,Betekenis afhankelijk van het bodemtype (zie toelichtingsboekje),,,,,,,,,,,,,bodemserie Abc in de Zandleemstreek,Deze droge leemgronden met sterk gevlekte textuur B horizont komen in de Zandleemstreek voor nabij de overgangszone met de Leemstreek alsook in enkele alluviale valleien.,Rest van Vlaanderen,Abc0-ZLS,5,102W
2104,2104,Dystric Glossic Fragic Retisols (Siltic),Retisols,RT-fc.gs.dy,fc.gs.dy,Fragic,Glossic,Dystric,-,Siltic,-,Dystric,Abc0,Brabants plateau,Zandleemstreek,Droge leem,Abc0,Abc,"Droge leembodem met sterk gevlekte, verbrokkelde textuur B horizont",,,A,leem,b,"droog, niet gleyig",c,"met sterk gevlekte textuur (bij lemige sedimenten), verbrokkelde textuur B horizont ( bij zandige sedimenten)",0,Betekenis afhankelijk van het bodemtype (zie toelichtingsboekje),,,,,,,,,,,,,bodemserie Abc in de Zandleemstreek,Deze droge leemgronden met sterk gevlekte textuur B horizont komen in de Zandleemstreek voor nabij de overgangszone met de Leemstreek alsook in enkele alluviale valleien.,Rest van Vlaanderen,Abc0-ZLS,5,102W
2105,2105,Dystric Glossic Fragic Retisols (Siltic),Retisols,RT-fc.gs.dy,fc.gs.dy,Fragic,Glossic,Dystric,-,Siltic,-,Dystric,Abc0,Brabants plateau,Zandleemstreek,Droge leem,Abc0,Abc,"Droge leembodem met sterk gevlekte, verbrokkelde textuur B horizont",,,A,leem,b,"droog, niet gleyig",c,"met sterk gevlekte textuur (bij lemige sedimenten), verbrokkelde textuur B horizont ( bij zandige sedimenten)",0,Betekenis afhankelijk van het bodemtype (zie toelichtingsboekje),,,,,,,,,,,,,bodemserie Abc in de Zandleemstreek,Deze droge leemgronden met sterk gevlekte textuur B horizont komen in de Zandleemstreek voor nabij de overgangszone met de Leemstreek alsook in enkele alluviale valleien.,Rest van Vlaanderen,Abc0-ZLS,5,102W
2106,2106,Dystric Glossic Fragic Retisols (Siltic),Retisols,RT-fc.gs.dy,fc.gs.dy,Fragic,Glossic,Dystric,-,Siltic,-,Dystric,Abc0,Brabants plateau,Zandleemstreek,Droge leem,Abc0,Abc,"Droge leembodem met sterk gevlekte, verbrokkelde textuur B horizont",,,A,leem,b,"droog, niet gleyig",c,"met sterk gevlekte textuur (bij lemige sedimenten), verbrokkelde textuur B horizont ( bij zandige sedimenten)",0,Betekenis afhankelijk van het bodemtype (zie toelichtingsboekje),,,,,,,,,,,,,bodemserie Abc in de Zandleemstreek,Deze droge leemgronden met sterk gevlekte textuur B horizont komen in de Zandleemstreek voor nabij de overgangszone met de Leemstreek alsook in enkele alluviale valleien.,Rest van Vlaanderen,Abc0-ZLS,5,102W
2107,2107,Dystric Glossic Fragic Retisols (Siltic),Retisols,RT-fc.gs.dy,fc.gs.dy,Fragic,Glossic,Dystric,-,Siltic,-,Dystric,Abc0,Brabants plateau,Zandleemstreek,Droge leem,Abc0,Abc,"Droge leembodem met sterk gevlekte, verbrokkelde textuur B horizont",,,A,leem,b,"droog, niet gleyig",c,"met sterk gevlekte textuur (bij lemige sedimenten), verbrokkelde textuur B horizont ( bij zandige sedimenten)",0,Betekenis afhankelijk van het bodemtype (zie toelichtingsboekje),,,,,,,,,,,,,bodemserie Abc in de Zandleemstreek,Deze droge leemgronden met sterk gevlekte textuur B horizont komen in de Zandleemstreek voor nabij de overgangszone met de Leemstreek alsook in enkele alluviale valleien.,Rest van Vlaanderen,Abc0-ZLS,5,102W
2108,2108,Dystric Glossic Fragic Retisols (Siltic),Retisols,RT-fc.gs.dy,fc.gs.dy,Fragic,Glossic,Dystric,-,Siltic,-,Dystric,Abc0,Brabants plateau,Zandleemstreek,Droge leem,Abc0,Abc,"Droge leembodem met sterk gevlekte, verbrokkelde textuur B horizont",,,A,leem,b,"droog, niet gleyig",c,"met sterk gevlekte textuur (bij lemige sedimenten), verbrokkelde textuur B horizont ( bij zandige sedimenten)",0,Betekenis afhankelijk van het bodemtype (zie toelichtingsboekje),,,,,,,,,,,,,bodemserie Abc in de Zandleemstreek,Deze droge leemgronden met sterk gevlekte textuur B horizont komen in de Zandleemstreek voor nabij de overgangszone met de Leemstreek alsook in enkele alluviale valleien.,Rest van Vlaanderen,Abc0-ZLS,5,102W
2109,2109,Dystric Glossic Fragic Retisols (Siltic),Retisols,RT-fc.gs.dy,fc.gs.dy,Fragic,Glossic,Dystric,-,Siltic,-,Dystric,Abc0,Brabants plateau,Zandleemstreek,Droge leem,Abc0,Abc,"Droge leembodem met sterk gevlekte, verbrokkelde textuur B horizont",,,A,leem,b,"droog, niet gleyig",c,"met sterk gevlekte textuur (bij lemige sedimenten), verbrokkelde textuur B horizont ( bij zandige sedimenten)",0,Betekenis afhankelijk van het bodemtype (zie toelichtingsboekje),,,,,,,,,,,,,bodemserie Abc in de Zandleemstreek,Deze droge leemgronden met sterk gevlekte textuur B horizont komen in de Zandleemstreek voor nabij de overgangszone met de Leemstreek alsook in enkele alluviale valleien.,Rest van Vlaanderen,Abc0-ZLS,5,102W
2110,2110,Dystric Glossic Fragic Retisols (Siltic),Retisols,RT-fc.gs.dy,fc.gs.dy,Fragic,Glossic,Dystric,-,Siltic,-,Dystric,Abc0,Brabants plateau,Zandleemstreek,Droge leem,Abc0,Abc,"Droge leembodem met sterk gevlekte, verbrokkelde textuur B horizont",,,A,leem,b,"droog, niet gleyig",c,"met sterk gevlekte textuur (bij lemige sedimenten), verbrokkelde textuur B horizont ( bij zandige sedimenten)",0,Betekenis afhankelijk van het bodemtype (zie toelichtingsboekje),,,,,,,,,,,,,bodemserie Abc in de Zandleemstreek,Deze droge leemgronden met sterk gevlekte textuur B horizont komen in de Zandleemstreek voor nabij de overgangszone met de Leemstreek alsook in enkele alluviale valleien.,Rest van Vlaanderen,Abc0-ZLS,5,102W
2111,2111,Dystric Glossic Fragic Retisols (Siltic),Retisols,RT-fc.gs.dy,fc.gs.dy,Fragic,Glossic,Dystric,-,Siltic,-,Dystric,Abc0,Brabants plateau,Zandleemstreek,Droge leem,Abc0,Abc,"Droge leembodem met sterk gevlekte, verbrokkelde textuur B horizont",,,A,leem,b,"droog, niet gleyig",c,"met sterk gevlekte textuur (bij lemige sedimenten), verbrokkelde textuur B horizont ( bij zandige sedimenten)",0,Betekenis afhankelijk van het bodemtype (zie toelichtingsboekje),,,,,,,,,,,,,bodemserie Abc in de Zandleemstreek,Deze droge leemgronden met sterk gevlekte textuur B horizont komen in de Zandleemstreek voor nabij de overgangszone met de Leemstreek alsook in enkele alluviale valleien.,Rest van Vlaanderen,Abc0-ZLS,5,102W
2112,2112,"Dystric Retisols (Loamic, Ruptic)",Retisols,RT-dy,dy,Dystric,-,-,-,Loamic,Ruptic,Dystric,sLbc,Brabants plateau,Zandleemstreek,Droge zandleem,sLbc,Lbc,"Droge zandleembodem met sterk gevlekte, verbrokkelde textuur B horizont",s,Zand op geringe diepte (ondieper dan 75 cm),L,zandleem,b,"droog, niet gleyig",c,"met sterk gevlekte textuur (bij lemige sedimenten), verbrokkelde textuur B horizont ( bij zandige sedimenten)",,,,,,,,,,,,,,,bodemserie Lbc in de Zandleemstreek,"Deze gronden hebben een Ap die ongeveer 25 cm dik is, donkerbruin matig humeus en die rust op een zwak humeuze, bruinachtige overgangshorizont. De ondergrond is soms gestratifieerd met afwisselend lemige en zandige laagjes ( . . . z ). Roestverschijnsele",Rest van Vlaanderen,sLbc-ZLS,6,102W
2113,2113,"Fluvic Gleyic Phaeozems (Siltic, Fluvic)",Phaeozems,PH-gl.fv,gl.fv,Gleyic,Fluvic,-,Amphigleyic,Siltic,Fluvic,Eutric,Afp,Brabants plateau,Zandleemstreek,Natte leem,Afp,Afp,Zeer natte leembodem zonder profiel,,,A,leem,f,"zeer nat, zeer sterk gleyig met reductiehorizont",p,zonder profielontwikkeling,,,,,,,,,,,,,,,bodemserie Afp in de Zandleemstreek,De gronden van deze serie hebben gedurende het ganse jaar een ondiepe grondwatertafel. Een volledig gereduceerde horizont komt doorgaans voor op minder dan 80 cm diepte. Duidelijke roestvlekken worden reeds in de bovengrond aangetroffen. De Afp gronden v,Rest van Vlaanderen,Afp-ZLS,4,102W
2114,2114,Dystric Glossic Fragic Retisols (Siltic),Retisols,RT-fc.gs.dy,fc.gs.dy,Fragic,Glossic,Dystric,-,Siltic,-,Dystric,Abc0,Brabants plateau,Zandleemstreek,Droge leem,Abc0,Abc,"Droge leembodem met sterk gevlekte, verbrokkelde textuur B horizont",,,A,leem,b,"droog, niet gleyig",c,"met sterk gevlekte textuur (bij lemige sedimenten), verbrokkelde textuur B horizont ( bij zandige sedimenten)",0,Betekenis afhankelijk van het bodemtype (zie toelichtingsboekje),,,,,,,,,,,,,bodemserie Abc in de Zandleemstreek,Deze droge leemgronden met sterk gevlekte textuur B horizont komen in de Zandleemstreek voor nabij de overgangszone met de Leemstreek alsook in enkele alluviale valleien.,Rest van Vlaanderen,Abc0-ZLS,5,102W
2115,2115,Dystric Glossic Fragic Retisols (Siltic),Retisols,RT-fc.gs.dy,fc.gs.dy,Fragic,Glossic,Dystric,-,Siltic,-,Dystric,Abc0,Brabants plateau,Zandleemstreek,Droge leem,Abc0,Abc,"Droge leembodem met sterk gevlekte, verbrokkelde textuur B horizont",,,A,leem,b,"droog, niet gleyig",c,"met sterk gevlekte textuur (bij lemige sedimenten), verbrokkelde textuur B horizont ( bij zandige sedimenten)",0,Betekenis afhankelijk van het bodemtype (zie toelichtingsboekje),,,,,,,,,,,,,bodemserie Abc in de Zandleemstreek,Deze droge leemgronden met sterk gevlekte textuur B horizont komen in de Zandleemstreek voor nabij de overgangszone met de Leemstreek alsook in enkele alluviale valleien.,Rest van Vlaanderen,Abc0-ZLS,5,102W
2116,2116,Dystric Glossic Fragic Retisols (Siltic),Retisols,RT-fc.gs.dy,fc.gs.dy,Fragic,Glossic,Dystric,-,Siltic,-,Dystric,Abc0,Brabants plateau,Zandleemstreek,Droge leem,Abc0,Abc,"Droge leembodem met sterk gevlekte, verbrokkelde textuur B horizont",,,A,leem,b,"droog, niet gleyig",c,"met sterk gevlekte textuur (bij lemige sedimenten), verbrokkelde textuur B horizont ( bij zandige sedimenten)",0,Betekenis afhankelijk van het bodemtype (zie toelichtingsboekje),,,,,,,,,,,,,bodemserie Abc in de Zandleemstreek,Deze droge leemgronden met sterk gevlekte textuur B horizont komen in de Zandleemstreek voor nabij de overgangszone met de Leemstreek alsook in enkele alluviale valleien.,Rest van Vlaanderen,Abc0-ZLS,5,102W
2117,2117,Dystric Glossic Fragic Retisols (Siltic),Retisols,RT-fc.gs.dy,fc.gs.dy,Fragic,Glossic,Dystric,-,Siltic,-,Dystric,Abc0,Brabants plateau,Zandleemstreek,Droge leem,Abc0,Abc,"Droge leembodem met sterk gevlekte, verbrokkelde textuur B horizont",,,A,leem,b,"droog, niet gleyig",c,"met sterk gevlekte textuur (bij lemige sedimenten), verbrokkelde textuur B horizont ( bij zandige sedimenten)",0,Betekenis afhankelijk van het bodemtype (zie toelichtingsboekje),,,,,,,,,,,,,bodemserie Abc in de Zandleemstreek,Deze droge leemgronden met sterk gevlekte textuur B horizont komen in de Zandleemstreek voor nabij de overgangszone met de Leemstreek alsook in enkele alluviale valleien.,Rest van Vlaanderen,Abc0-ZLS,5,102W
2118,2118,Dystric Glossic Fragic Retisols (Siltic),Retisols,RT-fc.gs.dy,fc.gs.dy,Fragic,Glossic,Dystric,-,Siltic,-,Dystric,Abc0,Brabants plateau,Zandleemstreek,Droge leem,Abc0,Abc,"Droge leembodem met sterk gevlekte, verbrokkelde textuur B horizont",,,A,leem,b,"droog, niet gleyig",c,"met sterk gevlekte textuur (bij lemige sedimenten), verbrokkelde textuur B horizont ( bij zandige sedimenten)",0,Betekenis afhankelijk van het bodemtype (zie toelichtingsboekje),,,,,,,,,,,,,bodemserie Abc in de Zandleemstreek,Deze droge leemgronden met sterk gevlekte textuur B horizont komen in de Zandleemstreek voor nabij de overgangszone met de Leemstreek alsook in enkele alluviale valleien.,Rest van Vlaanderen,Abc0-ZLS,5,102W
2119,2119,Dystric Glossic Fragic Retisols (Siltic),Retisols,RT-fc.gs.dy,fc.gs.dy,Fragic,Glossic,Dystric,-,Siltic,-,Dystric,Abc0,Brabants plateau,Zandleemstreek,Droge leem,Abc0,Abc,"Droge leembodem met sterk gevlekte, verbrokkelde textuur B horizont",,,A,leem,b,"droog, niet gleyig",c,"met sterk gevlekte textuur (bij lemige sedimenten), verbrokkelde textuur B horizont ( bij zandige sedimenten)",0,Betekenis afhankelijk van het bodemtype (zie toelichtingsboekje),,,,,,,,,,,,,bodemserie Abc in de Zandleemstreek,Deze droge leemgronden met sterk gevlekte textuur B horizont komen in de Zandleemstreek voor nabij de overgangszone met de Leemstreek alsook in enkele alluviale valleien.,Rest van Vlaanderen,Abc0-ZLS,5,102W
2120,2120,"Fluvic Gleyic Phaeozems (Siltic, Fluvic)",Phaeozems,PH-gl.fv,gl.fv,Gleyic,Fluvic,-,Amphigleyic,Siltic,Fluvic,Eutric,Afp,Brabants plateau,Zandleemstreek,Natte leem,Afp,Afp,Zeer natte leembodem zonder profiel,,,A,leem,f,"zeer nat, zeer sterk gleyig met reductiehorizont",p,zonder profielontwikkeling,,,,,,,,,,,,,,,bodemserie Afp in de Zandleemstreek,De gronden van deze serie hebben gedurende het ganse jaar een ondiepe grondwatertafel. Een volledig gereduceerde horizont komt doorgaans voor op minder dan 80 cm diepte. Duidelijke roestvlekken worden reeds in de bovengrond aangetroffen. De Afp gronden v,Rest van Vlaanderen,Afp-ZLS,4,102W
2121,2121,Dystric Glossic Fragic Retisols (Siltic),Retisols,RT-fc.gs.dy,fc.gs.dy,Fragic,Glossic,Dystric,-,Siltic,-,Dystric,Abc0,Brabants plateau,Zandleemstreek,Droge leem,Abc0,Abc,"Droge leembodem met sterk gevlekte, verbrokkelde textuur B horizont",,,A,leem,b,"droog, niet gleyig",c,"met sterk gevlekte textuur (bij lemige sedimenten), verbrokkelde textuur B horizont ( bij zandige sedimenten)",0,Betekenis afhankelijk van het bodemtype (zie toelichtingsboekje),,,,,,,,,,,,,bodemserie Abc in de Zandleemstreek,Deze droge leemgronden met sterk gevlekte textuur B horizont komen in de Zandleemstreek voor nabij de overgangszone met de Leemstreek alsook in enkele alluviale valleien.,Rest van Vlaanderen,Abc0-ZLS,5,102W
2122,2122,Dystric Glossic Fragic Retisols (Siltic),Retisols,RT-fc.gs.dy,fc.gs.dy,Fragic,Glossic,Dystric,-,Siltic,-,Dystric,Abc0,Brabants plateau,Zandleemstreek,Droge leem,Abc0,Abc,"Droge leembodem met sterk gevlekte, verbrokkelde textuur B horizont",,,A,leem,b,"droog, niet gleyig",c,"met sterk gevlekte textuur (bij lemige sedimenten), verbrokkelde textuur B horizont ( bij zandige sedimenten)",0,Betekenis afhankelijk van het bodemtype (zie toelichtingsboekje),,,,,,,,,,,,,bodemserie Abc in de Zandleemstreek,Deze droge leemgronden met sterk gevlekte textuur B horizont komen in de Zandleemstreek voor nabij de overgangszone met de Leemstreek alsook in enkele alluviale valleien.,Rest van Vlaanderen,Abc0-ZLS,5,102W
2123,2123,Dystric Glossic Fragic Retisols (Siltic),Retisols,RT-fc.gs.dy,fc.gs.dy,Fragic,Glossic,Dystric,-,Siltic,-,Dystric,Abc0,Brabants plateau,Zandleemstreek,Droge leem,Abc0,Abc,"Droge leembodem met sterk gevlekte, verbrokkelde textuur B horizont",,,A,leem,b,"droog, niet gleyig",c,"met sterk gevlekte textuur (bij lemige sedimenten), verbrokkelde textuur B horizont ( bij zandige sedimenten)",0,Betekenis afhankelijk van het bodemtype (zie toelichtingsboekje),,,,,,,,,,,,,bodemserie Abc in de Zandleemstreek,Deze droge leemgronden met sterk gevlekte textuur B horizont komen in de Zandleemstreek voor nabij de overgangszone met de Leemstreek alsook in enkele alluviale valleien.,Rest van Vlaanderen,Abc0-ZLS,5,102W
2124,2124,Dystric Glossic Fragic Retisols (Siltic),Retisols,RT-fc.gs.dy,fc.gs.dy,Fragic,Glossic,Dystric,-,Siltic,-,Dystric,Abc0,Brabants plateau,Zandleemstreek,Droge leem,Abc0,Abc,"Droge leembodem met sterk gevlekte, verbrokkelde textuur B horizont",,,A,leem,b,"droog, niet gleyig",c,"met sterk gevlekte textuur (bij lemige sedimenten), verbrokkelde textuur B horizont ( bij zandige sedimenten)",0,Betekenis afhankelijk van het bodemtype (zie toelichtingsboekje),,,,,,,,,,,,,bodemserie Abc in de Zandleemstreek,Deze droge leemgronden met sterk gevlekte textuur B horizont komen in de Zandleemstreek voor nabij de overgangszone met de Leemstreek alsook in enkele alluviale valleien.,Rest van Vlaanderen,Abc0-ZLS,5,102W
2125,2125,Dystric Glossic Fragic Retisols (Siltic),Retisols,RT-fc.gs.dy,fc.gs.dy,Fragic,Glossic,Dystric,-,Siltic,-,Dystric,Abc0,Brabants plateau,Zandleemstreek,Droge leem,Abc0,Abc,"Droge leembodem met sterk gevlekte, verbrokkelde textuur B horizont",,,A,leem,b,"droog, niet gleyig",c,"met sterk gevlekte textuur (bij lemige sedimenten), verbrokkelde textuur B horizont ( bij zandige sedimenten)",0,Betekenis afhankelijk van het bodemtype (zie toelichtingsboekje),,,,,,,,,,,,,bodemserie Abc in de Zandleemstreek,Deze droge leemgronden met sterk gevlekte textuur B horizont komen in de Zandleemstreek voor nabij de overgangszone met de Leemstreek alsook in enkele alluviale valleien.,Rest van Vlaanderen,Abc0-ZLS,5,102W
2126,2126,Dystric Glossic Fragic Retisols (Siltic),Retisols,RT-fc.gs.dy,fc.gs.dy,Fragic,Glossic,Dystric,-,Siltic,-,Dystric,Abc0,Brabants plateau,Zandleemstreek,Droge leem,Abc0,Abc,"Droge leembodem met sterk gevlekte, verbrokkelde textuur B horizont",,,A,leem,b,"droog, niet gleyig",c,"met sterk gevlekte textuur (bij lemige sedimenten), verbrokkelde textuur B horizont ( bij zandige sedimenten)",0,Betekenis afhankelijk van het bodemtype (zie toelichtingsboekje),,,,,,,,,,,,,bodemserie Abc in de Zandleemstreek,Deze droge leemgronden met sterk gevlekte textuur B horizont komen in de Zandleemstreek voor nabij de overgangszone met de Leemstreek alsook in enkele alluviale valleien.,Rest van Vlaanderen,Abc0-ZLS,5,102W
2127,2127,Dystric Glossic Fragic Retisols (Siltic),Retisols,RT-fc.gs.dy,fc.gs.dy,Fragic,Glossic,Dystric,-,Siltic,-,Dystric,Abc0,Brabants plateau,Zandleemstreek,Droge leem,Abc0,Abc,"Droge leembodem met sterk gevlekte, verbrokkelde textuur B horizont",,,A,leem,b,"droog, niet gleyig",c,"met sterk gevlekte textuur (bij lemige sedimenten), verbrokkelde textuur B horizont ( bij zandige sedimenten)",0,Betekenis afhankelijk van het bodemtype (zie toelichtingsboekje),,,,,,,,,,,,,bodemserie Abc in de Zandleemstreek,Deze droge leemgronden met sterk gevlekte textuur B horizont komen in de Zandleemstreek voor nabij de overgangszone met de Leemstreek alsook in enkele alluviale valleien.,Rest van Vlaanderen,Abc0-ZLS,5,102W
2128,2128,"Fluvic Gleyic Phaeozems (Siltic, Fluvic)",Phaeozems,PH-gl.fv,gl.fv,Gleyic,Fluvic,-,Amphigleyic,Siltic,Fluvic,Eutric,Afp,Brabants plateau,Zandleemstreek,Natte leem,Afp,Afp,Zeer natte leembodem zonder profiel,,,A,leem,f,"zeer nat, zeer sterk gleyig met reductiehorizont",p,zonder profielontwikkeling,,,,,,,,,,,,,,,bodemserie Afp in de Zandleemstreek,De gronden van deze serie hebben gedurende het ganse jaar een ondiepe grondwatertafel. Een volledig gereduceerde horizont komt doorgaans voor op minder dan 80 cm diepte. Duidelijke roestvlekken worden reeds in de bovengrond aangetroffen. De Afp gronden v,Rest van Vlaanderen,Afp-ZLS,4,102W
2129,2129,Dystric Glossic Fragic Retisols (Siltic),Retisols,RT-fc.gs.dy,fc.gs.dy,Fragic,Glossic,Dystric,-,Siltic,-,Dystric,Abc0,Brabants plateau,Zandleemstreek,Droge leem,Abc0,Abc,"Droge leembodem met sterk gevlekte, verbrokkelde textuur B horizont",,,A,leem,b,"droog, niet gleyig",c,"met sterk gevlekte textuur (bij lemige sedimenten), verbrokkelde textuur B horizont ( bij zandige sedimenten)",0,Betekenis afhankelijk van het bodemtype (zie toelichtingsboekje),,,,,,,,,,,,,bodemserie Abc in de Zandleemstreek,Deze droge leemgronden met sterk gevlekte textuur B horizont komen in de Zandleemstreek voor nabij de overgangszone met de Leemstreek alsook in enkele alluviale valleien.,Rest van Vlaanderen,Abc0-ZLS,5,102W
2130,2130,Dystric Glossic Fragic Retisols (Siltic),Retisols,RT-fc.gs.dy,fc.gs.dy,Fragic,Glossic,Dystric,-,Siltic,-,Dystric,Abc0,Brabants plateau,Zandleemstreek,Droge leem,Abc0,Abc,"Droge leembodem met sterk gevlekte, verbrokkelde textuur B horizont",,,A,leem,b,"droog, niet gleyig",c,"met sterk gevlekte textuur (bij lemige sedimenten), verbrokkelde textuur B horizont ( bij zandige sedimenten)",0,Betekenis afhankelijk van het bodemtype (zie toelichtingsboekje),,,,,,,,,,,,,bodemserie Abc in de Zandleemstreek,Deze droge leemgronden met sterk gevlekte textuur B horizont komen in de Zandleemstreek voor nabij de overgangszone met de Leemstreek alsook in enkele alluviale valleien.,Rest van Vlaanderen,Abc0-ZLS,5,102W
2131,2131,Dystric Glossic Fragic Retisols (Siltic),Retisols,RT-fc.gs.dy,fc.gs.dy,Fragic,Glossic,Dystric,-,Siltic,-,Dystric,Abc0,Brabants plateau,Zandleemstreek,Droge leem,Abc0,Abc,"Droge leembodem met sterk gevlekte, verbrokkelde textuur B horizont",,,A,leem,b,"droog, niet gleyig",c,"met sterk gevlekte textuur (bij lemige sedimenten), verbrokkelde textuur B horizont ( bij zandige sedimenten)",0,Betekenis afhankelijk van het bodemtype (zie toelichtingsboekje),,,,,,,,,,,,,bodemserie Abc in de Zandleemstreek,Deze droge leemgronden met sterk gevlekte textuur B horizont komen in de Zandleemstreek voor nabij de overgangszone met de Leemstreek alsook in enkele alluviale valleien.,Rest van Vlaanderen,Abc0-ZLS,5,102W
2132,2132,Dystric Glossic Fragic Retisols (Siltic),Retisols,RT-fc.gs.dy,fc.gs.dy,Fragic,Glossic,Dystric,-,Siltic,-,Dystric,Abc0,Brabants plateau,Zandleemstreek,Droge leem,Abc0,Abc,"Droge leembodem met sterk gevlekte, verbrokkelde textuur B horizont",,,A,leem,b,"droog, niet gleyig",c,"met sterk gevlekte textuur (bij lemige sedimenten), verbrokkelde textuur B horizont ( bij zandige sedimenten)",0,Betekenis afhankelijk van het bodemtype (zie toelichtingsboekje),,,,,,,,,,,,,bodemserie Abc in de Zandleemstreek,Deze droge leemgronden met sterk gevlekte textuur B horizont komen in de Zandleemstreek voor nabij de overgangszone met de Leemstreek alsook in enkele alluviale valleien.,Rest van Vlaanderen,Abc0-ZLS,5,102W
2133,2133,Dystric Glossic Fragic Retisols (Siltic),Retisols,RT-fc.gs.dy,fc.gs.dy,Fragic,Glossic,Dystric,-,Siltic,-,Dystric,Abc0,Brabants plateau,Zandleemstreek,Droge leem,Abc0,Abc,"Droge leembodem met sterk gevlekte, verbrokkelde textuur B horizont",,,A,leem,b,"droog, niet gleyig",c,"met sterk gevlekte textuur (bij lemige sedimenten), verbrokkelde textuur B horizont ( bij zandige sedimenten)",0,Betekenis afhankelijk van het bodemtype (zie toelichtingsboekje),,,,,,,,,,,,,bodemserie Abc in de Zandleemstreek,Deze droge leemgronden met sterk gevlekte textuur B horizont komen in de Zandleemstreek voor nabij de overgangszone met de Leemstreek alsook in enkele alluviale valleien.,Rest van Vlaanderen,Abc0-ZLS,5,102W
2134,2134,Dystric Glossic Fragic Retisols (Siltic),Retisols,RT-fc.gs.dy,fc.gs.dy,Fragic,Glossic,Dystric,-,Siltic,-,Dystric,Abc0,Brabants plateau,Zandleemstreek,Droge leem,Abc0,Abc,"Droge leembodem met sterk gevlekte, verbrokkelde textuur B horizont",,,A,leem,b,"droog, niet gleyig",c,"met sterk gevlekte textuur (bij lemige sedimenten), verbrokkelde textuur B horizont ( bij zandige sedimenten)",0,Betekenis afhankelijk van het bodemtype (zie toelichtingsboekje),,,,,,,,,,,,,bodemserie Abc in de Zandleemstreek,Deze droge leemgronden met sterk gevlekte textuur B horizont komen in de Zandleemstreek voor nabij de overgangszone met de Leemstreek alsook in enkele alluviale valleien.,Rest van Vlaanderen,Abc0-ZLS,5,102W
2135,2135,Dystric Glossic Fragic Retisols (Siltic),Retisols,RT-fc.gs.dy,fc.gs.dy,Fragic,Glossic,Dystric,-,Siltic,-,Dystric,Abc0,Brabants plateau,Zandleemstreek,Droge leem,Abc0,Abc,"Droge leembodem met sterk gevlekte, verbrokkelde textuur B horizont",,,A,leem,b,"droog, niet gleyig",c,"met sterk gevlekte textuur (bij lemige sedimenten), verbrokkelde textuur B horizont ( bij zandige sedimenten)",0,Betekenis afhankelijk van het bodemtype (zie toelichtingsboekje),,,,,,,,,,,,,bodemserie Abc in de Zandleemstreek,Deze droge leemgronden met sterk gevlekte textuur B horizont komen in de Zandleemstreek voor nabij de overgangszone met de Leemstreek alsook in enkele alluviale valleien.,Rest van Vlaanderen,Abc0-ZLS,5,102W
2136,2136,Dystric Glossic Fragic Retisols (Siltic),Retisols,RT-fc.gs.dy,fc.gs.dy,Fragic,Glossic,Dystric,-,Siltic,-,Dystric,Abc0,Brabants plateau,Zandleemstreek,Droge leem,Abc0,Abc,"Droge leembodem met sterk gevlekte, verbrokkelde textuur B horizont",,,A,leem,b,"droog, niet gleyig",c,"met sterk gevlekte textuur (bij lemige sedimenten), verbrokkelde textuur B horizont ( bij zandige sedimenten)",0,Betekenis afhankelijk van het bodemtype (zie toelichtingsboekje),,,,,,,,,,,,,bodemserie Abc in de Zandleemstreek,Deze droge leemgronden met sterk gevlekte textuur B horizont komen in de Zandleemstreek voor nabij de overgangszone met de Leemstreek alsook in enkele alluviale valleien.,Rest van Vlaanderen,Abc0-ZLS,5,102W
2137,2137,Dystric Glossic Fragic Retisols (Siltic),Retisols,RT-fc.gs.dy,fc.gs.dy,Fragic,Glossic,Dystric,-,Siltic,-,Dystric,Abc0,Brabants plateau,Zandleemstreek,Droge leem,Abc0,Abc,"Droge leembodem met sterk gevlekte, verbrokkelde textuur B horizont",,,A,leem,b,"droog, niet gleyig",c,"met sterk gevlekte textuur (bij lemige sedimenten), verbrokkelde textuur B horizont ( bij zandige sedimenten)",0,Betekenis afhankelijk van het bodemtype (zie toelichtingsboekje),,,,,,,,,,,,,bodemserie Abc in de Zandleemstreek,Deze droge leemgronden met sterk gevlekte textuur B horizont komen in de Zandleemstreek voor nabij de overgangszone met de Leemstreek alsook in enkele alluviale valleien.,Rest van Vlaanderen,Abc0-ZLS,5,102W
2138,2138,Eutric Cambisols (Siltic),Cambisols,CM-eu,eu,Eutric,-,-,-,Siltic,-,Eutric,Acp,Brabants plateau,Zandleemstreek,Vochtige leem,Acp,Acp,Matig droge leembodem zonder profiel,,,A,leem,c,"matig droog, zwak gleyig",p,zonder profielontwikkeling,,,,,,,,,,,,,,,bodemserie Acp in de Zandleemstreek,De Acp depressie- of lage hellingsgronden omvatten colluviale bodems welke tussen 80 en 120 cm gleyverschijnselen vertonen. Het colluviaal dek rust veelal op een genrodeerd profiel waarvan de textuur B op wisselende diepte in het profiel voorkomt. Deze g,Rest van Vlaanderen,Acp-ZLS,5,102W
2139,2139,Dystric Glossic Fragic Retisols (Siltic),Retisols,RT-fc.gs.dy,fc.gs.dy,Fragic,Glossic,Dystric,-,Siltic,-,Dystric,Abc0,Brabants plateau,Zandleemstreek,Droge leem,Abc0,Abc,"Droge leembodem met sterk gevlekte, verbrokkelde textuur B horizont",,,A,leem,b,"droog, niet gleyig",c,"met sterk gevlekte textuur (bij lemige sedimenten), verbrokkelde textuur B horizont ( bij zandige sedimenten)",0,Betekenis afhankelijk van het bodemtype (zie toelichtingsboekje),,,,,,,,,,,,,bodemserie Abc in de Zandleemstreek,Deze droge leemgronden met sterk gevlekte textuur B horizont komen in de Zandleemstreek voor nabij de overgangszone met de Leemstreek alsook in enkele alluviale valleien.,Rest van Vlaanderen,Abc0-ZLS,5,102W
2140,2140,Dystric Glossic Fragic Retisols (Siltic),Retisols,RT-fc.gs.dy,fc.gs.dy,Fragic,Glossic,Dystric,-,Siltic,-,Dystric,Abc0,Brabants plateau,Zandleemstreek,Droge leem,Abc0,Abc,"Droge leembodem met sterk gevlekte, verbrokkelde textuur B horizont",,,A,leem,b,"droog, niet gleyig",c,"met sterk gevlekte textuur (bij lemige sedimenten), verbrokkelde textuur B horizont ( bij zandige sedimenten)",0,Betekenis afhankelijk van het bodemtype (zie toelichtingsboekje),,,,,,,,,,,,,bodemserie Abc in de Zandleemstreek,Deze droge leemgronden met sterk gevlekte textuur B horizont komen in de Zandleemstreek voor nabij de overgangszone met de Leemstreek alsook in enkele alluviale valleien.,Rest van Vlaanderen,Abc0-ZLS,5,102W
2141,2141,Eutric Neocambic Retisols (Siltic),Retisols,RT-nc.eu,nc.eu,Neocambic,Eutric,-,-,Siltic,-,Eutric,Aba0(b),Brabants plateau,Zandleemstreek,Droge leem,Aba0(b),Aba,Droge leembodem met textuur B horizont,,,A,leem,b,"droog, niet gleyig",a,met textuur B horizont of met weinig duidelijke kleur B horizont,0,Betekenis afhankelijk van het bodemtype (zie toelichtingsboekje),,,(b),Gevlekte textuur B horizont,,,,,,,,,bodemserie Aba in de Zandleemstreek,"De serie Aba ontwikkeld in het Pleistocene loessdek vertoont onder de A horizont een aan klei en sesquioxiden aangerijkte textuur B horizont. De bouwvoor is een donkerbruin, homogeen humushoudend leem; bij Abao rust de Ap op een geelbruine overgangshoriz",Rest van Vlaanderen,Aba0(b)-ZLS,5,102W
2142,2142,Eutric Neocambic Retisols (Siltic),Retisols,RT-nc.eu,nc.eu,Neocambic,Eutric,-,-,Siltic,-,Eutric,Aba0(b),Brabants plateau,Zandleemstreek,Droge leem,Aba0(b),Aba,Droge leembodem met textuur B horizont,,,A,leem,b,"droog, niet gleyig",a,met textuur B horizont of met weinig duidelijke kleur B horizont,0,Betekenis afhankelijk van het bodemtype (zie toelichtingsboekje),,,(b),Gevlekte textuur B horizont,,,,,,,,,bodemserie Aba in de Zandleemstreek,"De serie Aba ontwikkeld in het Pleistocene loessdek vertoont onder de A horizont een aan klei en sesquioxiden aangerijkte textuur B horizont. De bouwvoor is een donkerbruin, homogeen humushoudend leem; bij Abao rust de Ap op een geelbruine overgangshoriz",Rest van Vlaanderen,Aba0(b)-ZLS,5,102W
2143,2143,Dystric Glossic Fragic Retisols (Siltic),Retisols,RT-fc.gs.dy,fc.gs.dy,Fragic,Glossic,Dystric,-,Siltic,-,Dystric,Abc0,Brabants plateau,Zandleemstreek,Droge leem,Abc0,Abc,"Droge leembodem met sterk gevlekte, verbrokkelde textuur B horizont",,,A,leem,b,"droog, niet gleyig",c,"met sterk gevlekte textuur (bij lemige sedimenten), verbrokkelde textuur B horizont ( bij zandige sedimenten)",0,Betekenis afhankelijk van het bodemtype (zie toelichtingsboekje),,,,,,,,,,,,,bodemserie Abc in de Zandleemstreek,Deze droge leemgronden met sterk gevlekte textuur B horizont komen in de Zandleemstreek voor nabij de overgangszone met de Leemstreek alsook in enkele alluviale valleien.,Rest van Vlaanderen,Abc0-ZLS,5,102W
2144,2144,"Eutric Cambisols (Siltic, Colluvic)",Cambisols,CM-eu,eu,Eutric,-,-,-,Siltic,Colluvic,Eutric,Abp,Brabants plateau,Zandleemstreek,Droge leem,Abp,Abp,Droge leembodem zonder profiel,,,A,leem,b,"droog, niet gleyig",p,zonder profielontwikkeling,,,,,,,,,,,,,,,bodemserie Abp in de Zandleemstreek,De Abp bodems komen voor in colluviale droge leemdepressies. Deze gronden bestaan uit leemmateriaal geArodeerd van de hoger liggende plateaugronden. De landbouwwaarde van de Abp gronden ligt den klasse lager dan die van de Aba gronden wegens het meestal,Rest van Vlaanderen,Abp-ZLS,5,102W
2145,2145,Dystric Glossic Fragic Retisols (Siltic),Retisols,RT-fc.gs.dy,fc.gs.dy,Fragic,Glossic,Dystric,-,Siltic,-,Dystric,Abc0,Brabants plateau,Zandleemstreek,Droge leem,Abc0,Abc,"Droge leembodem met sterk gevlekte, verbrokkelde textuur B horizont",,,A,leem,b,"droog, niet gleyig",c,"met sterk gevlekte textuur (bij lemige sedimenten), verbrokkelde textuur B horizont ( bij zandige sedimenten)",0,Betekenis afhankelijk van het bodemtype (zie toelichtingsboekje),,,,,,,,,,,,,bodemserie Abc in de Zandleemstreek,Deze droge leemgronden met sterk gevlekte textuur B horizont komen in de Zandleemstreek voor nabij de overgangszone met de Leemstreek alsook in enkele alluviale valleien.,Rest van Vlaanderen,Abc0-ZLS,5,102W
2146,2146,Dystric Glossic Fragic Retisols (Siltic),Retisols,RT-fc.gs.dy,fc.gs.dy,Fragic,Glossic,Dystric,-,Siltic,-,Dystric,Abc0,Brabants plateau,Zandleemstreek,Droge leem,Abc0,Abc,"Droge leembodem met sterk gevlekte, verbrokkelde textuur B horizont",,,A,leem,b,"droog, niet gleyig",c,"met sterk gevlekte textuur (bij lemige sedimenten), verbrokkelde textuur B horizont ( bij zandige sedimenten)",0,Betekenis afhankelijk van het bodemtype (zie toelichtingsboekje),,,,,,,,,,,,,bodemserie Abc in de Zandleemstreek,Deze droge leemgronden met sterk gevlekte textuur B horizont komen in de Zandleemstreek voor nabij de overgangszone met de Leemstreek alsook in enkele alluviale valleien.,Rest van Vlaanderen,Abc0-ZLS,5,102W
2147,2147,Eutric Cambisols (Siltic),Cambisols,CM-eu,eu,Eutric,-,-,-,Siltic,-,Eutric,Acp,Brabants plateau,Zandleemstreek,Vochtige leem,Acp,Acp,Matig droge leembodem zonder profiel,,,A,leem,c,"matig droog, zwak gleyig",p,zonder profielontwikkeling,,,,,,,,,,,,,,,bodemserie Acp in de Zandleemstreek,De Acp depressie- of lage hellingsgronden omvatten colluviale bodems welke tussen 80 en 120 cm gleyverschijnselen vertonen. Het colluviaal dek rust veelal op een genrodeerd profiel waarvan de textuur B op wisselende diepte in het profiel voorkomt. Deze g,Rest van Vlaanderen,Acp-ZLS,5,102W
2148,2148,"Eutric Cambisols (Loamic, Ruptic)",Cambisols,CM-eu,eu,Eutric,-,-,-,Loamic,Ruptic,Eutric,sLbx,Brabants plateau,Zandleemstreek,Droge zandleem,sLbx,Lbx,Droge zandleembodem met onbepaald profiel,s,Zand op geringe diepte (ondieper dan 75 cm),L,zandleem,b,"droog, niet gleyig",x,met onbepaalde profielontwikkeling,,,,,,,,,,,,,,,"bodemseries Lbb, Lbf en Lbx en complexen LBx en LbB in de Zandleemstreek","Deze droge zandleemgronden hebben algemeen geen gebrek aan water, noch wordt wateroverlast vastgesteld. De gronden met zandsubstraat kunnen wel lijden aan droogte in de zomer. Deze bodems zijn geschikt voor veeleisende teelten (tarwe, suikerbieten); zeer",Rest van Vlaanderen,sLbx-ZLS,6,102W
2149,2149,Dystric Glossic Fragic Retisols (Siltic),Retisols,RT-fc.gs.dy,fc.gs.dy,Fragic,Glossic,Dystric,-,Siltic,-,Dystric,Abc0,Brabants plateau,Zandleemstreek,Droge leem,Abc0,Abc,"Droge leembodem met sterk gevlekte, verbrokkelde textuur B horizont",,,A,leem,b,"droog, niet gleyig",c,"met sterk gevlekte textuur (bij lemige sedimenten), verbrokkelde textuur B horizont ( bij zandige sedimenten)",0,Betekenis afhankelijk van het bodemtype (zie toelichtingsboekje),,,,,,,,,,,,,bodemserie Abc in de Zandleemstreek,Deze droge leemgronden met sterk gevlekte textuur B horizont komen in de Zandleemstreek voor nabij de overgangszone met de Leemstreek alsook in enkele alluviale valleien.,Rest van Vlaanderen,Abc0-ZLS,5,102W
2150,2150,Dystric Glossic Fragic Retisols (Siltic),Retisols,RT-fc.gs.dy,fc.gs.dy,Fragic,Glossic,Dystric,-,Siltic,-,Dystric,Abc0,Brabants plateau,Zandleemstreek,Droge leem,Abc0,Abc,"Droge leembodem met sterk gevlekte, verbrokkelde textuur B horizont",,,A,leem,b,"droog, niet gleyig",c,"met sterk gevlekte textuur (bij lemige sedimenten), verbrokkelde textuur B horizont ( bij zandige sedimenten)",0,Betekenis afhankelijk van het bodemtype (zie toelichtingsboekje),,,,,,,,,,,,,bodemserie Abc in de Zandleemstreek,Deze droge leemgronden met sterk gevlekte textuur B horizont komen in de Zandleemstreek voor nabij de overgangszone met de Leemstreek alsook in enkele alluviale valleien.,Rest van Vlaanderen,Abc0-ZLS,5,102W
2151,2151,Dystric Glossic Fragic Retisols (Siltic),Retisols,RT-fc.gs.dy,fc.gs.dy,Fragic,Glossic,Dystric,-,Siltic,-,Dystric,Abc0,Brabants plateau,Zandleemstreek,Droge leem,Abc0,Abc,"Droge leembodem met sterk gevlekte, verbrokkelde textuur B horizont",,,A,leem,b,"droog, niet gleyig",c,"met sterk gevlekte textuur (bij lemige sedimenten), verbrokkelde textuur B horizont ( bij zandige sedimenten)",0,Betekenis afhankelijk van het bodemtype (zie toelichtingsboekje),,,,,,,,,,,,,bodemserie Abc in de Zandleemstreek,Deze droge leemgronden met sterk gevlekte textuur B horizont komen in de Zandleemstreek voor nabij de overgangszone met de Leemstreek alsook in enkele alluviale valleien.,Rest van Vlaanderen,Abc0-ZLS,5,102W
2152,2152,Dystric Glossic Fragic Retisols (Siltic),Retisols,RT-fc.gs.dy,fc.gs.dy,Fragic,Glossic,Dystric,-,Siltic,-,Dystric,Abc0,Brabants plateau,Zandleemstreek,Droge leem,Abc0,Abc,"Droge leembodem met sterk gevlekte, verbrokkelde textuur B horizont",,,A,leem,b,"droog, niet gleyig",c,"met sterk gevlekte textuur (bij lemige sedimenten), verbrokkelde textuur B horizont ( bij zandige sedimenten)",0,Betekenis afhankelijk van het bodemtype (zie toelichtingsboekje),,,,,,,,,,,,,bodemserie Abc in de Zandleemstreek,Deze droge leemgronden met sterk gevlekte textuur B horizont komen in de Zandleemstreek voor nabij de overgangszone met de Leemstreek alsook in enkele alluviale valleien.,Rest van Vlaanderen,Abc0-ZLS,5,102W
2153,2153,Dystric Glossic Fragic Retisols (Siltic),Retisols,RT-fc.gs.dy,fc.gs.dy,Fragic,Glossic,Dystric,-,Siltic,-,Dystric,Abc0,Brabants plateau,Zandleemstreek,Droge leem,Abc0,Abc,"Droge leembodem met sterk gevlekte, verbrokkelde textuur B horizont",,,A,leem,b,"droog, niet gleyig",c,"met sterk gevlekte textuur (bij lemige sedimenten), verbrokkelde textuur B horizont ( bij zandige sedimenten)",0,Betekenis afhankelijk van het bodemtype (zie toelichtingsboekje),,,,,,,,,,,,,bodemserie Abc in de Zandleemstreek,Deze droge leemgronden met sterk gevlekte textuur B horizont komen in de Zandleemstreek voor nabij de overgangszone met de Leemstreek alsook in enkele alluviale valleien.,Rest van Vlaanderen,Abc0-ZLS,5,102W
2154,2154,Eutric Cambisols (Siltic),Cambisols,CM-eu,eu,Eutric,-,-,-,Siltic,-,Eutric,Acp,Brabants plateau,Zandleemstreek,Vochtige leem,Acp,Acp,Matig droge leembodem zonder profiel,,,A,leem,c,"matig droog, zwak gleyig",p,zonder profielontwikkeling,,,,,,,,,,,,,,,bodemserie Acp in de Zandleemstreek,De Acp depressie- of lage hellingsgronden omvatten colluviale bodems welke tussen 80 en 120 cm gleyverschijnselen vertonen. Het colluviaal dek rust veelal op een genrodeerd profiel waarvan de textuur B op wisselende diepte in het profiel voorkomt. Deze g,Rest van Vlaanderen,Acp-ZLS,5,102W
2155,2155,Dystric Glossic Fragic Retisols (Siltic),Retisols,RT-fc.gs.dy,fc.gs.dy,Fragic,Glossic,Dystric,-,Siltic,-,Dystric,Abc0,Brabants plateau,Zandleemstreek,Droge leem,Abc0,Abc,"Droge leembodem met sterk gevlekte, verbrokkelde textuur B horizont",,,A,leem,b,"droog, niet gleyig",c,"met sterk gevlekte textuur (bij lemige sedimenten), verbrokkelde textuur B horizont ( bij zandige sedimenten)",0,Betekenis afhankelijk van het bodemtype (zie toelichtingsboekje),,,,,,,,,,,,,bodemserie Abc in de Zandleemstreek,Deze droge leemgronden met sterk gevlekte textuur B horizont komen in de Zandleemstreek voor nabij de overgangszone met de Leemstreek alsook in enkele alluviale valleien.,Rest van Vlaanderen,Abc0-ZLS,5,102W
2156,2156,Dystric Glossic Fragic Retisols (Siltic),Retisols,RT-fc.gs.dy,fc.gs.dy,Fragic,Glossic,Dystric,-,Siltic,-,Dystric,Abc0,Brabants plateau,Zandleemstreek,Droge leem,Abc0,Abc,"Droge leembodem met sterk gevlekte, verbrokkelde textuur B horizont",,,A,leem,b,"droog, niet gleyig",c,"met sterk gevlekte textuur (bij lemige sedimenten), verbrokkelde textuur B horizont ( bij zandige sedimenten)",0,Betekenis afhankelijk van het bodemtype (zie toelichtingsboekje),,,,,,,,,,,,,bodemserie Abc in de Zandleemstreek,Deze droge leemgronden met sterk gevlekte textuur B horizont komen in de Zandleemstreek voor nabij de overgangszone met de Leemstreek alsook in enkele alluviale valleien.,Rest van Vlaanderen,Abc0-ZLS,5,102W
2157,2157,Dystric Glossic Fragic Retisols (Siltic),Retisols,RT-fc.gs.dy,fc.gs.dy,Fragic,Glossic,Dystric,-,Siltic,-,Dystric,Abc0,Brabants plateau,Zandleemstreek,Droge leem,Abc0,Abc,"Droge leembodem met sterk gevlekte, verbrokkelde textuur B horizont",,,A,leem,b,"droog, niet gleyig",c,"met sterk gevlekte textuur (bij lemige sedimenten), verbrokkelde textuur B horizont ( bij zandige sedimenten)",0,Betekenis afhankelijk van het bodemtype (zie toelichtingsboekje),,,,,,,,,,,,,bodemserie Abc in de Zandleemstreek,Deze droge leemgronden met sterk gevlekte textuur B horizont komen in de Zandleemstreek voor nabij de overgangszone met de Leemstreek alsook in enkele alluviale valleien.,Rest van Vlaanderen,Abc0-ZLS,5,102W
2158,2158,Dystric Glossic Fragic Retisols (Siltic),Retisols,RT-fc.gs.dy,fc.gs.dy,Fragic,Glossic,Dystric,-,Siltic,-,Dystric,Abc0,Brabants plateau,Zandleemstreek,Droge leem,Abc0,Abc,"Droge leembodem met sterk gevlekte, verbrokkelde textuur B horizont",,,A,leem,b,"droog, niet gleyig",c,"met sterk gevlekte textuur (bij lemige sedimenten), verbrokkelde textuur B horizont ( bij zandige sedimenten)",0,Betekenis afhankelijk van het bodemtype (zie toelichtingsboekje),,,,,,,,,,,,,bodemserie Abc in de Zandleemstreek,Deze droge leemgronden met sterk gevlekte textuur B horizont komen in de Zandleemstreek voor nabij de overgangszone met de Leemstreek alsook in enkele alluviale valleien.,Rest van Vlaanderen,Abc0-ZLS,5,102W
2159,2159,Dystric Glossic Fragic Retisols (Siltic),Retisols,RT-fc.gs.dy,fc.gs.dy,Fragic,Glossic,Dystric,-,Siltic,-,Dystric,Abc0,Brabants plateau,Zandleemstreek,Droge leem,Abc0,Abc,"Droge leembodem met sterk gevlekte, verbrokkelde textuur B horizont",,,A,leem,b,"droog, niet gleyig",c,"met sterk gevlekte textuur (bij lemige sedimenten), verbrokkelde textuur B horizont ( bij zandige sedimenten)",0,Betekenis afhankelijk van het bodemtype (zie toelichtingsboekje),,,,,,,,,,,,,bodemserie Abc in de Zandleemstreek,Deze droge leemgronden met sterk gevlekte textuur B horizont komen in de Zandleemstreek voor nabij de overgangszone met de Leemstreek alsook in enkele alluviale valleien.,Rest van Vlaanderen,Abc0-ZLS,5,102W
2160,2160,Eutric Cambisols (Siltic),Cambisols,CM-eu,eu,Eutric,-,-,-,Siltic,-,Eutric,Acp,Brabants plateau,Zandleemstreek,Vochtige leem,Acp,Acp,Matig droge leembodem zonder profiel,,,A,leem,c,"matig droog, zwak gleyig",p,zonder profielontwikkeling,,,,,,,,,,,,,,,bodemserie Acp in de Zandleemstreek,De Acp depressie- of lage hellingsgronden omvatten colluviale bodems welke tussen 80 en 120 cm gleyverschijnselen vertonen. Het colluviaal dek rust veelal op een genrodeerd profiel waarvan de textuur B op wisselende diepte in het profiel voorkomt. Deze g,Rest van Vlaanderen,Acp-ZLS,5,102W
2161,2161,Dystric Glossic Fragic Retisols (Siltic),Retisols,RT-fc.gs.dy,fc.gs.dy,Fragic,Glossic,Dystric,-,Siltic,-,Dystric,Abc0,Brabants plateau,Zandleemstreek,Droge leem,Abc0,Abc,"Droge leembodem met sterk gevlekte, verbrokkelde textuur B horizont",,,A,leem,b,"droog, niet gleyig",c,"met sterk gevlekte textuur (bij lemige sedimenten), verbrokkelde textuur B horizont ( bij zandige sedimenten)",0,Betekenis afhankelijk van het bodemtype (zie toelichtingsboekje),,,,,,,,,,,,,bodemserie Abc in de Zandleemstreek,Deze droge leemgronden met sterk gevlekte textuur B horizont komen in de Zandleemstreek voor nabij de overgangszone met de Leemstreek alsook in enkele alluviale valleien.,Rest van Vlaanderen,Abc0-ZLS,5,102W
2162,2162,Dystric Glossic Fragic Retisols (Siltic),Retisols,RT-fc.gs.dy,fc.gs.dy,Fragic,Glossic,Dystric,-,Siltic,-,Dystric,Abc0,Brabants plateau,Zandleemstreek,Droge leem,Abc0,Abc,"Droge leembodem met sterk gevlekte, verbrokkelde textuur B horizont",,,A,leem,b,"droog, niet gleyig",c,"met sterk gevlekte textuur (bij lemige sedimenten), verbrokkelde textuur B horizont ( bij zandige sedimenten)",0,Betekenis afhankelijk van het bodemtype (zie toelichtingsboekje),,,,,,,,,,,,,bodemserie Abc in de Zandleemstreek,Deze droge leemgronden met sterk gevlekte textuur B horizont komen in de Zandleemstreek voor nabij de overgangszone met de Leemstreek alsook in enkele alluviale valleien.,Rest van Vlaanderen,Abc0-ZLS,5,102W
2163,2163,Dystric Glossic Fragic Retisols (Siltic),Retisols,RT-fc.gs.dy,fc.gs.dy,Fragic,Glossic,Dystric,-,Siltic,-,Dystric,Abc0,Brabants plateau,Zandleemstreek,Droge leem,Abc0,Abc,"Droge leembodem met sterk gevlekte, verbrokkelde textuur B horizont",,,A,leem,b,"droog, niet gleyig",c,"met sterk gevlekte textuur (bij lemige sedimenten), verbrokkelde textuur B horizont ( bij zandige sedimenten)",0,Betekenis afhankelijk van het bodemtype (zie toelichtingsboekje),,,,,,,,,,,,,bodemserie Abc in de Zandleemstreek,Deze droge leemgronden met sterk gevlekte textuur B horizont komen in de Zandleemstreek voor nabij de overgangszone met de Leemstreek alsook in enkele alluviale valleien.,Rest van Vlaanderen,Abc0-ZLS,5,102W
2164,2164,Dystric Glossic Fragic Retisols (Siltic),Retisols,RT-fc.gs.dy,fc.gs.dy,Fragic,Glossic,Dystric,-,Siltic,-,Dystric,Abc0,Brabants plateau,Zandleemstreek,Droge leem,Abc0,Abc,"Droge leembodem met sterk gevlekte, verbrokkelde textuur B horizont",,,A,leem,b,"droog, niet gleyig",c,"met sterk gevlekte textuur (bij lemige sedimenten), verbrokkelde textuur B horizont ( bij zandige sedimenten)",0,Betekenis afhankelijk van het bodemtype (zie toelichtingsboekje),,,,,,,,,,,,,bodemserie Abc in de Zandleemstreek,Deze droge leemgronden met sterk gevlekte textuur B horizont komen in de Zandleemstreek voor nabij de overgangszone met de Leemstreek alsook in enkele alluviale valleien.,Rest van Vlaanderen,Abc0-ZLS,5,102W
2165,2165,"Eutric Cambisols (Siltic, Colluvic)",Cambisols,CM-eu,eu,Eutric,-,-,-,Siltic,Colluvic,Eutric,Abp,Brabants plateau,Zandleemstreek,Droge leem,Abp,Abp,Droge leembodem zonder profiel,,,A,leem,b,"droog, niet gleyig",p,zonder profielontwikkeling,,,,,,,,,,,,,,,bodemserie Abp in de Zandleemstreek,De Abp bodems komen voor in colluviale droge leemdepressies. Deze gronden bestaan uit leemmateriaal geGrodeerd van de hoger liggende plateaugronden. De landbouwwaarde van de Abp gronden ligt den klasse lager dan die van de Aba gronden wegens het meestal,Rest van Vlaanderen,Abp-ZLS,5,102W
2166,2166,Dystric Glossic Fragic Retisols (Siltic),Retisols,RT-fc.gs.dy,fc.gs.dy,Fragic,Glossic,Dystric,-,Siltic,-,Dystric,Abc0,Brabants plateau,Zandleemstreek,Droge leem,Abc0,Abc,"Droge leembodem met sterk gevlekte, verbrokkelde textuur B horizont",,,A,leem,b,"droog, niet gleyig",c,"met sterk gevlekte textuur (bij lemige sedimenten), verbrokkelde textuur B horizont ( bij zandige sedimenten)",0,Betekenis afhankelijk van het bodemtype (zie toelichtingsboekje),,,,,,,,,,,,,bodemserie Abc in de Zandleemstreek,Deze droge leemgronden met sterk gevlekte textuur B horizont komen in de Zandleemstreek voor nabij de overgangszone met de Leemstreek alsook in enkele alluviale valleien.,Rest van Vlaanderen,Abc0-ZLS,5,102W
2167,2167,Dystric Glossic Fragic Retisols (Siltic),Retisols,RT-fc.gs.dy,fc.gs.dy,Fragic,Glossic,Dystric,-,Siltic,-,Dystric,Abc0,Brabants plateau,Zandleemstreek,Droge leem,Abc0,Abc,"Droge leembodem met sterk gevlekte, verbrokkelde textuur B horizont",,,A,leem,b,"droog, niet gleyig",c,"met sterk gevlekte textuur (bij lemige sedimenten), verbrokkelde textuur B horizont ( bij zandige sedimenten)",0,Betekenis afhankelijk van het bodemtype (zie toelichtingsboekje),,,,,,,,,,,,,bodemserie Abc in de Zandleemstreek,Deze droge leemgronden met sterk gevlekte textuur B horizont komen in de Zandleemstreek voor nabij de overgangszone met de Leemstreek alsook in enkele alluviale valleien.,Rest van Vlaanderen,Abc0-ZLS,5,102W
2168,2168,Dystric Glossic Fragic Retisols (Siltic),Retisols,RT-fc.gs.dy,fc.gs.dy,Fragic,Glossic,Dystric,-,Siltic,-,Dystric,Abc0,Brabants plateau,Zandleemstreek,Droge leem,Abc0,Abc,"Droge leembodem met sterk gevlekte, verbrokkelde textuur B horizont",,,A,leem,b,"droog, niet gleyig",c,"met sterk gevlekte textuur (bij lemige sedimenten), verbrokkelde textuur B horizont ( bij zandige sedimenten)",0,Betekenis afhankelijk van het bodemtype (zie toelichtingsboekje),,,,,,,,,,,,,bodemserie Abc in de Zandleemstreek,Deze droge leemgronden met sterk gevlekte textuur B horizont komen in de Zandleemstreek voor nabij de overgangszone met de Leemstreek alsook in enkele alluviale valleien.,Rest van Vlaanderen,Abc0-ZLS,5,102W
2169,2169,Dystric Glossic Fragic Retisols (Siltic),Retisols,RT-fc.gs.dy,fc.gs.dy,Fragic,Glossic,Dystric,-,Siltic,-,Dystric,Abc0,Brabants plateau,Zandleemstreek,Droge leem,Abc0,Abc,"Droge leembodem met sterk gevlekte, verbrokkelde textuur B horizont",,,A,leem,b,"droog, niet gleyig",c,"met sterk gevlekte textuur (bij lemige sedimenten), verbrokkelde textuur B horizont ( bij zandige sedimenten)",0,Betekenis afhankelijk van het bodemtype (zie toelichtingsboekje),,,,,,,,,,,,,bodemserie Abc in de Zandleemstreek,Deze droge leemgronden met sterk gevlekte textuur B horizont komen in de Zandleemstreek voor nabij de overgangszone met de Leemstreek alsook in enkele alluviale valleien.,Rest van Vlaanderen,Abc0-ZLS,5,102W
2170,2170,Dystric Glossic Fragic Retisols (Siltic),Retisols,RT-fc.gs.dy,fc.gs.dy,Fragic,Glossic,Dystric,-,Siltic,-,Dystric,Abc0,Brabants plateau,Zandleemstreek,Droge leem,Abc0,Abc,"Droge leembodem met sterk gevlekte, verbrokkelde textuur B horizont",,,A,leem,b,"droog, niet gleyig",c,"met sterk gevlekte textuur (bij lemige sedimenten), verbrokkelde textuur B horizont ( bij zandige sedimenten)",0,Betekenis afhankelijk van het bodemtype (zie toelichtingsboekje),,,,,,,,,,,,,bodemserie Abc in de Zandleemstreek,Deze droge leemgronden met sterk gevlekte textuur B horizont komen in de Zandleemstreek voor nabij de overgangszone met de Leemstreek alsook in enkele alluviale valleien.,Rest van Vlaanderen,Abc0-ZLS,5,102W
2171,2171,Dystric Glossic Fragic Retisols (Siltic),Retisols,RT-fc.gs.dy,fc.gs.dy,Fragic,Glossic,Dystric,-,Siltic,-,Dystric,Abc0,Brabants plateau,Zandleemstreek,Droge leem,Abc0,Abc,"Droge leembodem met sterk gevlekte, verbrokkelde textuur B horizont",,,A,leem,b,"droog, niet gleyig",c,"met sterk gevlekte textuur (bij lemige sedimenten), verbrokkelde textuur B horizont ( bij zandige sedimenten)",0,Betekenis afhankelijk van het bodemtype (zie toelichtingsboekje),,,,,,,,,,,,,bodemserie Abc in de Zandleemstreek,Deze droge leemgronden met sterk gevlekte textuur B horizont komen in de Zandleemstreek voor nabij de overgangszone met de Leemstreek alsook in enkele alluviale valleien.,Rest van Vlaanderen,Abc0-ZLS,5,102W
2172,2172,Eutric Cambisols (Siltic),Cambisols,CM-eu,eu,Eutric,-,-,-,Siltic,-,Eutric,Acp,Brabants plateau,Zandleemstreek,Vochtige leem,Acp,Acp,Matig droge leembodem zonder profiel,,,A,leem,c,"matig droog, zwak gleyig",p,zonder profielontwikkeling,,,,,,,,,,,,,,,bodemserie Acp in de Zandleemstreek,De Acp depressie- of lage hellingsgronden omvatten colluviale bodems welke tussen 80 en 120 cm gleyverschijnselen vertonen. Het colluviaal dek rust veelal op een geurodeerd profiel waarvan de textuur B op wisselende diepte in het profiel voorkomt. Deze g,Rest van Vlaanderen,Acp-ZLS,5,102W
2173,2173,Dystric Glossic Fragic Retisols (Siltic),Retisols,RT-fc.gs.dy,fc.gs.dy,Fragic,Glossic,Dystric,-,Siltic,-,Dystric,Abc0,Brabants plateau,Zandleemstreek,Droge leem,Abc0,Abc,"Droge leembodem met sterk gevlekte, verbrokkelde textuur B horizont",,,A,leem,b,"droog, niet gleyig",c,"met sterk gevlekte textuur (bij lemige sedimenten), verbrokkelde textuur B horizont ( bij zandige sedimenten)",0,Betekenis afhankelijk van het bodemtype (zie toelichtingsboekje),,,,,,,,,,,,,bodemserie Abc in de Zandleemstreek,Deze droge leemgronden met sterk gevlekte textuur B horizont komen in de Zandleemstreek voor nabij de overgangszone met de Leemstreek alsook in enkele alluviale valleien.,Rest van Vlaanderen,Abc0-ZLS,5,102W
2174,2174,Dystric Glossic Fragic Retisols (Siltic),Retisols,RT-fc.gs.dy,fc.gs.dy,Fragic,Glossic,Dystric,-,Siltic,-,Dystric,Abc0,Brabants plateau,Zandleemstreek,Droge leem,Abc0,Abc,"Droge leembodem met sterk gevlekte, verbrokkelde textuur B horizont",,,A,leem,b,"droog, niet gleyig",c,"met sterk gevlekte textuur (bij lemige sedimenten), verbrokkelde textuur B horizont ( bij zandige sedimenten)",0,Betekenis afhankelijk van het bodemtype (zie toelichtingsboekje),,,,,,,,,,,,,bodemserie Abc in de Zandleemstreek,Deze droge leemgronden met sterk gevlekte textuur B horizont komen in de Zandleemstreek voor nabij de overgangszone met de Leemstreek alsook in enkele alluviale valleien.,Rest van Vlaanderen,Abc0-ZLS,5,102W
2175,2175,Dystric Glossic Fragic Retisols (Siltic),Retisols,RT-fc.gs.dy,fc.gs.dy,Fragic,Glossic,Dystric,-,Siltic,-,Dystric,Abc0,Brabants plateau,Zandleemstreek,Droge leem,Abc0,Abc,"Droge leembodem met sterk gevlekte, verbrokkelde textuur B horizont",,,A,leem,b,"droog, niet gleyig",c,"met sterk gevlekte textuur (bij lemige sedimenten), verbrokkelde textuur B horizont ( bij zandige sedimenten)",0,Betekenis afhankelijk van het bodemtype (zie toelichtingsboekje),,,,,,,,,,,,,bodemserie Abc in de Zandleemstreek,Deze droge leemgronden met sterk gevlekte textuur B horizont komen in de Zandleemstreek voor nabij de overgangszone met de Leemstreek alsook in enkele alluviale valleien.,Rest van Vlaanderen,Abc0-ZLS,5,102W
2176,2176,Dystric Glossic Fragic Retisols (Siltic),Retisols,RT-fc.gs.dy,fc.gs.dy,Fragic,Glossic,Dystric,-,Siltic,-,Dystric,Abc0,Brabants plateau,Zandleemstreek,Droge leem,Abc0,Abc,"Droge leembodem met sterk gevlekte, verbrokkelde textuur B horizont",,,A,leem,b,"droog, niet gleyig",c,"met sterk gevlekte textuur (bij lemige sedimenten), verbrokkelde textuur B horizont ( bij zandige sedimenten)",0,Betekenis afhankelijk van het bodemtype (zie toelichtingsboekje),,,,,,,,,,,,,bodemserie Abc in de Zandleemstreek,Deze droge leemgronden met sterk gevlekte textuur B horizont komen in de Zandleemstreek voor nabij de overgangszone met de Leemstreek alsook in enkele alluviale valleien.,Rest van Vlaanderen,Abc0-ZLS,5,102W
2177,2177,Dystric Glossic Fragic Retisols (Siltic),Retisols,RT-fc.gs.dy,fc.gs.dy,Fragic,Glossic,Dystric,-,Siltic,-,Dystric,Abc0,Brabants plateau,Zandleemstreek,Droge leem,Abc0,Abc,"Droge leembodem met sterk gevlekte, verbrokkelde textuur B horizont",,,A,leem,b,"droog, niet gleyig",c,"met sterk gevlekte textuur (bij lemige sedimenten), verbrokkelde textuur B horizont ( bij zandige sedimenten)",0,Betekenis afhankelijk van het bodemtype (zie toelichtingsboekje),,,,,,,,,,,,,bodemserie Abc in de Zandleemstreek,Deze droge leemgronden met sterk gevlekte textuur B horizont komen in de Zandleemstreek voor nabij de overgangszone met de Leemstreek alsook in enkele alluviale valleien.,Rest van Vlaanderen,Abc0-ZLS,5,102W
2178,2178,Eutric Cambisols (Siltic),Cambisols,CM-eu,eu,Eutric,-,-,-,Siltic,-,Eutric,Acp,Brabants plateau,Zandleemstreek,Vochtige leem,Acp,Acp,Matig droge leembodem zonder profiel,,,A,leem,c,"matig droog, zwak gleyig",p,zonder profielontwikkeling,,,,,,,,,,,,,,,bodemserie Acp in de Zandleemstreek,De Acp depressie- of lage hellingsgronden omvatten colluviale bodems welke tussen 80 en 120 cm gleyverschijnselen vertonen. Het colluviaal dek rust veelal op een geurodeerd profiel waarvan de textuur B op wisselende diepte in het profiel voorkomt. Deze g,Rest van Vlaanderen,Acp-ZLS,5,102W
2179,2179,Dystric Glossic Fragic Retisols (Siltic),Retisols,RT-fc.gs.dy,fc.gs.dy,Fragic,Glossic,Dystric,-,Siltic,-,Dystric,Abc0,Brabants plateau,Zandleemstreek,Droge leem,Abc0,Abc,"Droge leembodem met sterk gevlekte, verbrokkelde textuur B horizont",,,A,leem,b,"droog, niet gleyig",c,"met sterk gevlekte textuur (bij lemige sedimenten), verbrokkelde textuur B horizont ( bij zandige sedimenten)",0,Betekenis afhankelijk van het bodemtype (zie toelichtingsboekje),,,,,,,,,,,,,bodemserie Abc in de Zandleemstreek,Deze droge leemgronden met sterk gevlekte textuur B horizont komen in de Zandleemstreek voor nabij de overgangszone met de Leemstreek alsook in enkele alluviale valleien.,Rest van Vlaanderen,Abc0-ZLS,5,102W
2180,2180,Dystric Glossic Fragic Retisols (Siltic),Retisols,RT-fc.gs.dy,fc.gs.dy,Fragic,Glossic,Dystric,-,Siltic,-,Dystric,Abc0,Brabants plateau,Zandleemstreek,Droge leem,Abc0,Abc,"Droge leembodem met sterk gevlekte, verbrokkelde textuur B horizont",,,A,leem,b,"droog, niet gleyig",c,"met sterk gevlekte textuur (bij lemige sedimenten), verbrokkelde textuur B horizont ( bij zandige sedimenten)",0,Betekenis afhankelijk van het bodemtype (zie toelichtingsboekje),,,,,,,,,,,,,bodemserie Abc in de Zandleemstreek,Deze droge leemgronden met sterk gevlekte textuur B horizont komen in de Zandleemstreek voor nabij de overgangszone met de Leemstreek alsook in enkele alluviale valleien.,Rest van Vlaanderen,Abc0-ZLS,5,102W
2181,2181,Dystric Glossic Fragic Retisols (Siltic),Retisols,RT-fc.gs.dy,fc.gs.dy,Fragic,Glossic,Dystric,-,Siltic,-,Dystric,Abc0,Brabants plateau,Zandleemstreek,Droge leem,Abc0,Abc,"Droge leembodem met sterk gevlekte, verbrokkelde textuur B horizont",,,A,leem,b,"droog, niet gleyig",c,"met sterk gevlekte textuur (bij lemige sedimenten), verbrokkelde textuur B horizont ( bij zandige sedimenten)",0,Betekenis afhankelijk van het bodemtype (zie toelichtingsboekje),,,,,,,,,,,,,bodemserie Abc in de Zandleemstreek,Deze droge leemgronden met sterk gevlekte textuur B horizont komen in de Zandleemstreek voor nabij de overgangszone met de Leemstreek alsook in enkele alluviale valleien.,Rest van Vlaanderen,Abc0-ZLS,5,102W
2182,2182,Dystric Glossic Fragic Retisols (Siltic),Retisols,RT-fc.gs.dy,fc.gs.dy,Fragic,Glossic,Dystric,-,Siltic,-,Dystric,Abc0,Brabants plateau,Zandleemstreek,Droge leem,Abc0,Abc,"Droge leembodem met sterk gevlekte, verbrokkelde textuur B horizont",,,A,leem,b,"droog, niet gleyig",c,"met sterk gevlekte textuur (bij lemige sedimenten), verbrokkelde textuur B horizont ( bij zandige sedimenten)",0,Betekenis afhankelijk van het bodemtype (zie toelichtingsboekje),,,,,,,,,,,,,bodemserie Abc in de Zandleemstreek,Deze droge leemgronden met sterk gevlekte textuur B horizont komen in de Zandleemstreek voor nabij de overgangszone met de Leemstreek alsook in enkele alluviale valleien.,Rest van Vlaanderen,Abc0-ZLS,5,102W
2183,2183,Dystric Glossic Fragic Retisols (Siltic),Retisols,RT-fc.gs.dy,fc.gs.dy,Fragic,Glossic,Dystric,-,Siltic,-,Dystric,Abc0,Brabants plateau,Zandleemstreek,Droge leem,Abc0,Abc,"Droge leembodem met sterk gevlekte, verbrokkelde textuur B horizont",,,A,leem,b,"droog, niet gleyig",c,"met sterk gevlekte textuur (bij lemige sedimenten), verbrokkelde textuur B horizont ( bij zandige sedimenten)",0,Betekenis afhankelijk van het bodemtype (zie toelichtingsboekje),,,,,,,,,,,,,bodemserie Abc in de Zandleemstreek,Deze droge leemgronden met sterk gevlekte textuur B horizont komen in de Zandleemstreek voor nabij de overgangszone met de Leemstreek alsook in enkele alluviale valleien.,Rest van Vlaanderen,Abc0-ZLS,5,102W
2184,2184,Dystric Glossic Fragic Retisols (Siltic),Retisols,RT-fc.gs.dy,fc.gs.dy,Fragic,Glossic,Dystric,-,Siltic,-,Dystric,Abc0,Brabants plateau,Zandleemstreek,Droge leem,Abc0,Abc,"Droge leembodem met sterk gevlekte, verbrokkelde textuur B horizont",,,A,leem,b,"droog, niet gleyig",c,"met sterk gevlekte textuur (bij lemige sedimenten), verbrokkelde textuur B horizont ( bij zandige sedimenten)",0,Betekenis afhankelijk van het bodemtype (zie toelichtingsboekje),,,,,,,,,,,,,bodemserie Abc in de Zandleemstreek,Deze droge leemgronden met sterk gevlekte textuur B horizont komen in de Zandleemstreek voor nabij de overgangszone met de Leemstreek alsook in enkele alluviale valleien.,Rest van Vlaanderen,Abc0-ZLS,5,102W
2185,2185,Eutric Cambisols (Siltic),Cambisols,CM-eu,eu,Eutric,-,-,-,Siltic,-,Eutric,Acp,Brabants plateau,Zandleemstreek,Vochtige leem,Acp,Acp,Matig droge leembodem zonder profiel,,,A,leem,c,"matig droog, zwak gleyig",p,zonder profielontwikkeling,,,,,,,,,,,,,,,bodemserie Acp in de Zandleemstreek,De Acp depressie- of lage hellingsgronden omvatten colluviale bodems welke tussen 80 en 120 cm gleyverschijnselen vertonen. Het colluviaal dek rust veelal op een genrodeerd profiel waarvan de textuur B op wisselende diepte in het profiel voorkomt. Deze g,Rest van Vlaanderen,Acp-ZLS,5,102W
2186,2186,Dystric Glossic Fragic Retisols (Siltic),Retisols,RT-fc.gs.dy,fc.gs.dy,Fragic,Glossic,Dystric,-,Siltic,-,Dystric,Abc0,Brabants plateau,Zandleemstreek,Droge leem,Abc0,Abc,"Droge leembodem met sterk gevlekte, verbrokkelde textuur B horizont",,,A,leem,b,"droog, niet gleyig",c,"met sterk gevlekte textuur (bij lemige sedimenten), verbrokkelde textuur B horizont ( bij zandige sedimenten)",0,Betekenis afhankelijk van het bodemtype (zie toelichtingsboekje),,,,,,,,,,,,,bodemserie Abc in de Zandleemstreek,Deze droge leemgronden met sterk gevlekte textuur B horizont komen in de Zandleemstreek voor nabij de overgangszone met de Leemstreek alsook in enkele alluviale valleien.,Rest van Vlaanderen,Abc0-ZLS,5,102W
11000,11000,Technosols/Not Surveyed,Technosols/Not Surveyed,TC,,-,-,-,-,-,-,-,OT,Brabants plateau,Kunstmatige gronden,Antropogeen,OT,OT,Sterk vergraven gronden,,,,,,,,,,,,,,,O,kunstmatige gronden,,,T,sterk vergraven gronden,,,bodemserie OT,Soms wordt het bodemprofiel door het ingrijpen van de mens gewijzigd of vernietigd (kunstmatige gronden). De bodems in vergraven terreinen (OT) zijn daar een voorbeeld van.,Zeepolders,OT-KUNST,,102W
11001,11000,"Haplic Luvisols (Loamic, Ruptic)",Luvisols,LV-ha,ha,Haplic,-,-,-,Loamic,Ruptic,Eutric,sLba,Brabants plateau,Zandleemstreek,Droge zandleem,sLba,Lba,Droge zandleembodem met textuur B horizont,s,Zand op geringe diepte (ondieper dan 75 cm),L,zandleem,b,"droog, niet gleyig",a,met textuur B horizont of met weinig duidelijke kleur B horizont,,,,,,,,,,,,,,,bodemserie Lba in de Zandleemstreek,"Deze gronden met textuur B horizont hebben een Ap die ongeveer 25 cm dik is, donkerbruin matig humeus en die rust op een zwak humeuze, bruinachtige overgangshorizont, 30 tot 40 cm dik, hieronder komt een meer kleiige textuur B horizont voor. De ondergron",Rest van Vlaanderen,sLba-ZLS,6,102W
11002,11000,Technosols/Not Surveyed,Technosols/Not Surveyed,TC,,-,-,-,-,-,-,-,OT,Brabants plateau,Kunstmatige gronden,Antropogeen,OT,OT,Sterk vergraven gronden,,,,,,,,,,,,,,,O,kunstmatige gronden,,,T,sterk vergraven gronden,,,bodemserie OT,Soms wordt het bodemprofiel door het ingrijpen van de mens gewijzigd of vernietigd (kunstmatige gronden). De bodems in vergraven terreinen (OT) zijn daar een voorbeeld van.,Zeepolders,OT-KUNST,,102W
11003,11000,Technosols/Not Surveyed,Technosols/Not Surveyed,TC,,-,-,-,-,-,-,-,OT,Brabants plateau,Kunstmatige gronden,Antropogeen,OT,OT,Sterk vergraven gronden,,,,,,,,,,,,,,,O,kunstmatige gronden,,,T,sterk vergraven gronden,,,bodemserie OT,Soms wordt het bodemprofiel door het ingrijpen van de mens gewijzigd of vernietigd (kunstmatige gronden). De bodems in vergraven terreinen (OT) zijn daar een voorbeeld van.,Zeepolders,OT-KUNST,,102W
11004,11000,Dystric Glossic Fragic Retisols (Siltic),Retisols,RT-fc.gs.dy,fc.gs.dy,Fragic,Glossic,Dystric,-,Siltic,-,Dystric,Abc0,Brabants plateau,Zandleemstreek,Droge leem,Abc0,Abc,"Droge leembodem met sterk gevlekte, verbrokkelde textuur B horizont",,,A,leem,b,"droog, niet gleyig",c,"met sterk gevlekte textuur (bij lemige sedimenten), verbrokkelde textuur B horizont ( bij zandige sedimenten)",0,Betekenis afhankelijk van het bodemtype (zie toelichtingsboekje),,,,,,,,,,,,,bodemserie Abc in de Zandleemstreek,Deze droge leemgronden met sterk gevlekte textuur B horizont komen in de Zandleemstreek voor nabij de overgangszone met de Leemstreek alsook in enkele alluviale valleien.,Rest van Vlaanderen,Abc0-ZLS,5,102W
11005,11000,Dystric Glossic Fragic Retisols (Siltic),Retisols,RT-fc.gs.dy,fc.gs.dy,Fragic,Glossic,Dystric,-,Siltic,-,Dystric,Abc0,Brabants plateau,Zandleemstreek,Droge leem,Abc0,Abc,"Droge leembodem met sterk gevlekte, verbrokkelde textuur B horizont",,,A,leem,b,"droog, niet gleyig",c,"met sterk gevlekte textuur (bij lemige sedimenten), verbrokkelde textuur B horizont ( bij zandige sedimenten)",0,Betekenis afhankelijk van het bodemtype (zie toelichtingsboekje),,,,,,,,,,,,,bodemserie Abc in de Zandleemstreek,Deze droge leemgronden met sterk gevlekte textuur B horizont komen in de Zandleemstreek voor nabij de overgangszone met de Leemstreek alsook in enkele alluviale valleien.,Rest van Vlaanderen,Abc0-ZLS,5,102W
11006,11000,Dystric Glossic Fragic Retisols (Siltic),Retisols,RT-fc.gs.dy,fc.gs.dy,Fragic,Glossic,Dystric,-,Siltic,-,Dystric,Abc0,Brabants plateau,Zandleemstreek,Droge leem,Abc0,Abc,"Droge leembodem met sterk gevlekte, verbrokkelde textuur B horizont",,,A,leem,b,"droog, niet gleyig",c,"met sterk gevlekte textuur (bij lemige sedimenten), verbrokkelde textuur B horizont ( bij zandige sedimenten)",0,Betekenis afhankelijk van het bodemtype (zie toelichtingsboekje),,,,,,,,,,,,,bodemserie Abc in de Zandleemstreek,Deze droge leemgronden met sterk gevlekte textuur B horizont komen in de Zandleemstreek voor nabij de overgangszone met de Leemstreek alsook in enkele alluviale valleien.,Rest van Vlaanderen,Abc0-ZLS,5,102W
21000,21000,Dystric Glossic Fragic Retisols (Siltic),Retisols,RT-fc.gs.dy,fc.gs.dy,Fragic,Glossic,Dystric,-,Siltic,-,Dystric,Abc0,Brabants plateau,Zandleemstreek,Droge leem,Abc0,Abc,"Droge leembodem met sterk gevlekte, verbrokkelde textuur B horizont",,,A,leem,b,"droog, niet gleyig",c,"met sterk gevlekte textuur (bij lemige sedimenten), verbrokkelde textuur B horizont ( bij zandige sedimenten)",0,Betekenis afhankelijk van het bodemtype (zie toelichtingsboekje),,,,,,,,,,,,,bodemserie Abc in de Zandleemstreek,Deze droge leemgronden met sterk gevlekte textuur B horizont komen in de Zandleemstreek voor nabij de overgangszone met de Leemstreek alsook in enkele alluviale valleien.,Rest van Vlaanderen,Abc0-ZLS,5,102W
31000,31000,"Calcaric Planosols (Arenic, Ruptic)",Planosols,PL-ca,ca,Calcaric,-,-,Stagnic,Arenic,Ruptic,Calcaric,uSdp,"Kustvlakte, Duinstreek",Duinen,Kustduingrond,d.Db,d.Db,Slibhoudende duinzandgronden die doorgaans rusten op polderafzettingen,,,,,,,,,,,,,,,D,"overgangsgronden - tot deze serie behoren de al of niet slibhoudende duinzandgronden, die doorgaans rusten op polderafzettingen. Deze gronden vormen de overgang tussen de Duinstreek en de Polderstreek.",b,"slibhoudend zand, op varizrende diepte doorgaans rustend op polderafzettingen",,,,,Serie D (overgangsgronden) in de Duinen,"De profielopbouw van deze gronden is zeer verscheiden. Het al of niet slibhoudend duinzand kan rusten op klei, lichte klei, slibhoudend zand of zand (deze laatste twee zijn strandafzettingen). Nabij de Polderstreek bestaat het dieper gedeelte van deze bo",Zeepolders,d.Db-DUIN,4,35E
41000,41000,Gleyic Luvisols (Siltic),Luvisols,LV-gl,gl,Gleyic,-,-,Endogleyic,Siltic,-,Eutric,ADa,Brabants plateau,Zandleemstreek,Vochtige leem,ADa,ADa,Matig droge tot matig natte leembodem met textuur B horizont,,,A,leem,c-d,"complex van droog, zwak gleyig tot matig droog, matig gleyig",a,met textuur B horizont of met weinig duidelijke kleur B horizont,,,,,,,,,,,,,,,bodemcomplex in de Zandleemstreek,Bij deze matig droge en matig natte substraatleemgronden werden de draineringsklassen . c. en . d . gecombineerd tot . D . . Deze gronden vertonen een bruingrijze bovengrond. Op de contactzone met de textuur B worden duidelijke roestvlekken waargenomen.,Rest van Vlaanderen,ADa-ZLS,5,103W
42000,42000,"Eutric Gleyic Cambisols (Loamic, Colluvic)",Cambisols,CM-gl.eu,gl.eu,Gleyic,Eutric,-,Endogleyic,Loamic,Colluvic,Eutric,LDp,Brabants plateau,Zandleemstreek,Vochtig zandleem,LDp,LDp,Matig droge tot matig natte zandleembodem zonder profiel,,,L,zandleem,c-d,"complex van droog, zwak gleyig tot matig droog, matig gleyig",p,zonder profielontwikkeling,,,,,,,,,,,,,,,"bodemseries ""Ld."" en complexen ""LD."" in de Zandleemstreek",De waterhuishouding van deze groep matig gleyige zandleemgronden heeft enige beperkingen. Ze zijn te nat in de winter en blijven lang fris in de lente. Een onderliggend zandig substraat oefent een zekere drainerende werking uit. Het omgekeerde doet zich,Rest van Vlaanderen,LDp-ZLS,4,103W
43000,43000,"Eutric Gleyic Cambisols (Loamic, Colluvic)",Cambisols,CM-gl.eu,gl.eu,Gleyic,Eutric,-,Endogleyic,Loamic,Colluvic,Eutric,LDp,Brabants plateau,Zandleemstreek,Vochtig zandleem,LDp,LDp,Matig droge tot matig natte zandleembodem zonder profiel,,,L,zandleem,c-d,"complex van droog, zwak gleyig tot matig droog, matig gleyig",p,zonder profielontwikkeling,,,,,,,,,,,,,,,"bodemseries ""Ld."" en complexen ""LD."" in de Zandleemstreek",De waterhuishouding van deze groep matig gleyige zandleemgronden heeft enige beperkingen. Ze zijn te nat in de winter en blijven lang fris in de lente. Een onderliggend zandig substraat oefent een zekere drainerende werking uit. Het omgekeerde doet zich,Rest van Vlaanderen,LDp-ZLS,4,103W
51000,51000,Dystric Rheic Sapric Histosols,Histosols,HS-sa.rh.dy,sa.rh.dy,Sapric,Rheic,Dystric,Reductigleyic,$,-,Dystric,V,Hagelands heuvelland,Zandleemstreek,Veen,V,V,Veenbodem,,,V,veen,,,,,,,,,,,,,,,,,,,complex V in de Zandleemstreek,"Het symbool V wordt gebruikt om de venige zones in het algemeen aan te duiden, die dan als niet gedifferentieerde eenheden op de kaarten voorgesteld zijn. Het complex V als gniet gedifferentieerde gronden op veene, groepeert uiteenlopende textuurklassen",Rest van Vlaanderen,V-ZLS,2,75W
53000,53000,Gleyic Umbrisols (Loamic),Umbrisols,UM-gl,gl,Gleyic,-,-,Endogleyic,Loamic,-,Dystric,Edb,Hagelands heuvelland,Zandleemstreek,Vochtige klei,Edb,Edb,Matig gleyige kleibodem met structuur B horizont,,,E,klei,d,"matig nat, matig gleyig",b,met structuur B horizont,,,,,,,,,,,,,,,bodemserie Edb in de Zandleemstreek,Edb kenmerkt matig natte gronden. Onder de grijsbruine humeuze bovengrond komt een goed gestructureerde horizont voor van 20-30 cm dik. Roestverschijnselen beginnen vanaf de diepte van 50-80 cm. De bodems zijn te nat in de winter en vertonen een gunstige,Rest van Vlaanderen,Edb-ZLS,5,75W
71000,71000,"Eutric Stagnic Cambisols (Loamic, Abruptic)",Cambisols,CM-st.eu,st.eu,Stagnic,Eutric,-,Stagnic,Loamic,Abruptic,Eutric,wSdp,West-Vlaams cuestaland,Zandstreek,Vochtig zand,wSdp,Sdp,Matig natte lemig zandbodem zonder profiel,w,klei-zand op geringe diepte (ondieper dan 75 cm),S,lemig zand,d,"matig nat, matig gleyig",p,zonder profielontwikkeling,,,,,,,,,,,,,,,bodemserie Sdp in de Zandstreek,"Behalve onder bos waar de Ap afwezig is (Sdpo), is onder landbouwgrond de bouwvoor 30-40 cm dik en donker grijsbruin. De roestverschijnselen beginnen op 40-60 cm. De waterhuishouding is goed in de zomer, plaatselijk te nat in de winter, vooral op de subs",Rest van Vlaanderen,wSdp-ZS,6,52W
81000,81000,Eutric Neocambic Retisols (Siltic),Retisols,RT-nc.eu,nc.eu,Neocambic,Eutric,-,-,Siltic,-,Eutric,Aba(b),Brabants plateau,Zandstreek,Droge leem,Aba(b),Aba,Droge leembodem met textuur B horizont,,,A,leem,b,"droog, niet gleyig",a,met textuur B horizont of met weinig duidelijke kleur B horizont,,,,,(b),Gevlekte textuur B horizont,,,,,,,,,bodemserie Aba in de Zandstreek,"De serie Aba ontwikkeld in het Pleistocene loessdek vertoont onder de A horizont een aan klei en sesquioxiden aangerijkte textuur B horizont. De bouwvoor is een donkerbruin, homogeen humushoudend leem; bij Abao rust de Ap op een geelbruine overgangshoriz",Rest van Vlaanderen,Aba(b)-ZS,5,103E
91000,91000,Eutric Gleyic Cambisols (Loamic),Cambisols,CM-gl.eu,gl.eu,Gleyic,Eutric,-,Endogleyic,Loamic,-,Eutric,Sep,Centrale Vlaamse laagvlakte,Zandstreek,Nat zand,Sep,Sep,Natte lemig zandbodem zonder profiel,,,S,lemig zand,e,"nat, sterk gleyig met reductiehorizont",p,zonder profielontwikkeling,,,,,,,,,,,,,,,bodemserie Sep in de Zandstreek,"Sep is een veel voorkomende serie met talrijke variaties in substraat, moedermateriaalvarianten en profielontwikkelingsvarianten. Het vertegenwoordigt een natte Regosol met algemeen een dikke humeuze laag, soms verveend, waarin de roestverschijnselen beg",Rest van Vlaanderen,Sep-ZS,7,41E
101000,101000,Eutric Neocambic Retisols (Siltic),Retisols,RT-nc.eu,nc.eu,Neocambic,Eutric,-,-,Siltic,-,Eutric,Aba0(b),Brabants plateau,Zandleemstreek,Droge leem,Aba0(b),Aba,Droge leembodem met textuur B horizont,,,A,leem,b,"droog, niet gleyig",a,met textuur B horizont of met weinig duidelijke kleur B horizont,0,Betekenis afhankelijk van het bodemtype (zie toelichtingsboekje),,,(b),Gevlekte textuur B horizont,,,,,,,,,bodemserie Aba in de Zandleemstreek,"De serie Aba ontwikkeld in het Pleistocene loessdek vertoont onder de A horizont een aan klei en sesquioxiden aangerijkte textuur B horizont. De bouwvoor is een donkerbruin, homogeen humushoudend leem; bij Abao rust de Ap op een geelbruine overgangshoriz",Rest van Vlaanderen,Aba0(b)-ZLS,5,115E
111000,111000,Haplic Luvisols (Siltic),Luvisols,LV-ha,ha,Haplic,-,-,-,Siltic,-,Eutric,Aca0,Dender-Zenne interfluvium,Leemstreek,Vochtige leem,Aca0,Aca,Matig droge leembodem met textuur B horizont,,,A,leem,c,"matig droog, zwak gleyig",a,met textuur B horizont of met weinig duidelijke kleur B horizont,0,Betekenis afhankelijk van het bodemtype (zie toelichtingsboekje),,,,,,,,,,,,,bodemserie Aca in de Leemstreek,Deze matig droge leemgronden vertonen een gleyhorizont op matige diepte. De Acao gronden zijn niet ge_rodeerd en komen voor op de brede plateaus of zwakke hellingen. De meer gezrodeerde Aca1 gronden komen voor op hellingen of in de nabijheid van Tertiair,Rest van Vlaanderen,Aca0-LS,5,115W
121000,121000,Eutric Neocambic Retisols (Siltic),Retisols,RT-nc.eu,nc.eu,Neocambic,Eutric,-,-,Siltic,-,Eutric,Aba0(b),Brabants plateau,Zandleemstreek,Droge leem,Aba0(b),Aba,Droge leembodem met textuur B horizont,,,A,leem,b,"droog, niet gleyig",a,met textuur B horizont of met weinig duidelijke kleur B horizont,0,Betekenis afhankelijk van het bodemtype (zie toelichtingsboekje),,,(b),Gevlekte textuur B horizont,,,,,,,,,bodemserie Aba in de Zandleemstreek,"De serie Aba ontwikkeld in het Pleistocene loessdek vertoont onder de A horizont een aan klei en sesquioxiden aangerijkte textuur B horizont. De bouwvoor is een donkerbruin, homogeen humushoudend leem; bij Abao rust de Ap op een geelbruine overgangshoriz",Rest van Vlaanderen,Aba0(b)-ZLS,5,103E
131000,131000,Gleyic Luvisols (Loamic),Luvisols,LV-gl,gl,Gleyic,-,-,Endogleyic,Loamic,-,Eutric,Lda0,Dender-Zenne interfluvium,Zandleemstreek,Vochtig zandleem,Lda0,Lda,Matig natte zandleembodem met textuur B horizont,,,L,zandleem,d,"matig nat, matig gleyig",a,met textuur B horizont of met weinig duidelijke kleur B horizont,0,Betekenis afhankelijk van het bodemtype (zie toelichtingsboekje),,,,,,,,,,,,,bodemseries Lda en Ldc in de Zandleemstreek,"De Lda en Ldc series zijn matig natte, matig gleyige zandleemgronden met donker grijsbruine bouwvoor. Onder de Ap komt een bleekbruin uitgeloogde horizont voor die aan de kontaktzone met de textuur B zwakke roestverschijnselen vertoont. De textuur B is g",Rest van Vlaanderen,Lda0-ZLS,6,87W
141100,141100,Technosols/Not Surveyed,Technosols/Not Surveyed,TC,,-,-,-,-,-,-,-,OB,Depressie van de Netes,Kunstmatige gronden,Antropogeen,OB,OB,Bebouwde zones,,,,,,,,,,,,,,,O,kunstmatige gronden,,,B,bebouwde zones,,,bodemserie OB,Soms wordt het bodemprofiel door het ingrijpen van de mens gewijzigd of vernietigd (kunstmatige gronden). De bodems in de bebouwde zone (OB) zijn daar een voorbeeld van.,Zeepolders,OB-KUNST,7,17E
141200,141200,Technosols/Not Surveyed,Technosols/Not Surveyed,TC,,-,-,-,-,-,-,-,OB,Depressie van de Netes,Kunstmatige gronden,Antropogeen,OB,OB,Bebouwde zones,,,,,,,,,,,,,,,O,kunstmatige gronden,,,B,bebouwde zones,,,bodemserie OB,Soms wordt het bodemprofiel door het ingrijpen van de mens gewijzigd of vernietigd (kunstmatige gronden). De bodems in de bebouwde zone (OB) zijn daar een voorbeeld van.,Zeepolders,OB-KUNST,2,17E
151000,151000,"Fluvic Gleyic Phaeozems (Loamic, Fluvic, Ruptic)",Phaeozems,PH-gl.fv,gl.fv,Gleyic,Fluvic,-,Endogleyic,Loamic,"Fluvic, Ruptic",Eutric,w-Lep3,Centrale Boomse cuesta,Zandstreek,Nat zandleem,w-Lep3,Lep,Natte zandleembodem zonder profiel,w-,klei-zand op geringe of matige diepte,L,zandleem,e,"nat, sterk gleyig met reductiehorizont",p,zonder profielontwikkeling,3,Betekenis afhankelijk van het bodemtype (zie toelichtingsboekje),,,,,,,,,,,,,"bodemseries Lep, Leb, Lec, Lef, Leg, Leh en Lem en complex LeP in de Zandstreek","Deze hydromorfe sterk gleyige grondwatergronden op zandleem hebben roestverschijnselen vanaf 20 cm en vertonen een reductiehorizont tussen 100 en 120 cm. Het zijn permanent natte gronden welke vooral in lage depressies, beekvalleien (en riviervalleien) v",Rest van Vlaanderen,w-Lep3-ZS,4,29W
155001,155000,"Fluvic Gleyic Phaeozems (Loamic, Fluvic, Ruptic)",Phaeozems,PH-gl.fv,gl.fv,Gleyic,Fluvic,-,Endogleyic,Loamic,"Fluvic, Ruptic",Eutric,w-Lep3,Centrale Boomse cuesta,Zandstreek,Nat zandleem,w-Lep3,Lep,Natte zandleembodem zonder profiel,w-,klei-zand op geringe of matige diepte,L,zandleem,e,"nat, sterk gleyig met reductiehorizont",p,zonder profielontwikkeling,3,Betekenis afhankelijk van het bodemtype (zie toelichtingsboekje),,,,,,,,,,,,,"bodemseries Lep, Leb, Lec, Lef, Leg, Leh en Lem en complex LeP in de Zandstreek","Deze hydromorfe sterk gleyige grondwatergronden op zandleem hebben roestverschijnselen vanaf 20 cm en vertonen een reductiehorizont tussen 100 en 120 cm. Het zijn permanent natte gronden welke vooral in lage depressies, beekvalleien (en riviervalleien) v",Rest van Vlaanderen,w-Lep3-ZS,4,29W
155002,155000,"Fluvic Gleyic Phaeozems (Loamic, Fluvic, Ruptic)",Phaeozems,PH-gl.fv,gl.fv,Gleyic,Fluvic,-,Endogleyic,Loamic,"Fluvic, Ruptic",Eutric,w-Lep3,Centrale Boomse cuesta,Zandstreek,Nat zandleem,w-Lep3,Lep,Natte zandleembodem zonder profiel,w-,klei-zand op geringe of matige diepte,L,zandleem,e,"nat, sterk gleyig met reductiehorizont",p,zonder profielontwikkeling,3,Betekenis afhankelijk van het bodemtype (zie toelichtingsboekje),,,,,,,,,,,,,"bodemseries Lep, Leb, Lec, Lef, Leg, Leh en Lem en complex LeP in de Zandstreek","Deze hydromorfe sterk gleyige grondwatergronden op zandleem hebben roestverschijnselen vanaf 20 cm en vertonen een reductiehorizont tussen 100 en 120 cm. Het zijn permanent natte gronden welke vooral in lage depressies, beekvalleien (en riviervalleien) v",Rest van Vlaanderen,w-Lep3-ZS,4,29W
155003,155000,"Fluvic Gleyic Phaeozems (Loamic, Fluvic, Ruptic)",Phaeozems,PH-gl.fv,gl.fv,Gleyic,Fluvic,-,Endogleyic,Loamic,"Fluvic, Ruptic",Eutric,w-Lep3,Centrale Boomse cuesta,Zandstreek,Nat zandleem,w-Lep3,Lep,Natte zandleembodem zonder profiel,w-,klei-zand op geringe of matige diepte,L,zandleem,e,"nat, sterk gleyig met reductiehorizont",p,zonder profielontwikkeling,3,Betekenis afhankelijk van het bodemtype (zie toelichtingsboekje),,,,,,,,,,,,,"bodemseries Lep, Leb, Lec, Lef, Leg, Leh en Lem en complex LeP in de Zandstreek","Deze hydromorfe sterk gleyige grondwatergronden op zandleem hebben roestverschijnselen vanaf 20 cm en vertonen een reductiehorizont tussen 100 en 120 cm. Het zijn permanent natte gronden welke vooral in lage depressies, beekvalleien (en riviervalleien) v",Rest van Vlaanderen,w-Lep3-ZS,4,29W
156000,156000,"Fluvic Gleyic Phaeozems (Loamic, Fluvic, Ruptic)",Phaeozems,PH-gl.fv,gl.fv,Gleyic,Fluvic,-,Endogleyic,Loamic,"Fluvic, Ruptic",Eutric,w-Lep3,Centrale Boomse cuesta,Zandstreek,Nat zandleem,w-Lep3,Lep,Natte zandleembodem zonder profiel,w-,klei-zand op geringe of matige diepte,L,zandleem,e,"nat, sterk gleyig met reductiehorizont",p,zonder profielontwikkeling,3,Betekenis afhankelijk van het bodemtype (zie toelichtingsboekje),,,,,,,,,,,,,"bodemseries Lep, Leb, Lec, Lef, Leg, Leh en Lem en complex LeP in de Zandstreek","Deze hydromorfe sterk gleyige grondwatergronden op zandleem hebben roestverschijnselen vanaf 20 cm en vertonen een reductiehorizont tussen 100 en 120 cm. Het zijn permanent natte gronden welke vooral in lage depressies, beekvalleien (en riviervalleien) v",Rest van Vlaanderen,w-Lep3-ZS,4,29W
171100,171100,"Fluvic Reductigleyic Mollic Gleysols (Loamic, Thaptohistic)",Gleysols,GL-mo.ry.fv,mo.ry.fv,Mollic,Reductigleyic,Fluvic,Reductigleyic,Loamic,Thaptohistic,Eutric,vLgp,Oostelijke Vlaamse laagvlakte,Zandstreek,Nat zandleem,vLgp,Lgp,Uiterst natte zandleembodem zonder profiel,v,Veen op geringe diepte (ondieper dan 75 cm),L,zandleem,g,"uiterst nat, gereduceerd",p,zonder profielontwikkeling,,,,,,,,,,,,,,,bodemserie Lgp in de Zandstreek,"Deze hydromorfe gereduceerde alluviale grondwatergronden hebben een permanent hoge waterstand op minder dan 40-50 cm. De bodem is ongeschikt voor akker- en weidebouw, hij geeft matige resultaten voor hooiweiden en bepaalde houtsoorten (els, wilg, populie",Rest van Vlaanderen,vLgp-ZS,2,58W
171200,171200,"Fluvic Reductigleyic Mollic Gleysols (Loamic, Thaptohistic)",Gleysols,GL-mo.ry.fv,mo.ry.fv,Mollic,Reductigleyic,Fluvic,Reductigleyic,Loamic,Thaptohistic,Eutric,vLgp,Oostelijke Vlaamse laagvlakte,Zandstreek,Nat zandleem,vLgp,Lgp,Uiterst natte zandleembodem zonder profiel,v,Veen op geringe diepte (ondieper dan 75 cm),L,zandleem,g,"uiterst nat, gereduceerd",p,zonder profielontwikkeling,,,,,,,,,,,,,,,bodemserie Lgp in de Zandstreek,"Deze hydromorfe gereduceerde alluviale grondwatergronden hebben een permanent hoge waterstand op minder dan 40-50 cm. De bodem is ongeschikt voor akker- en weidebouw, hij geeft matige resultaten voor hooiweiden en bepaalde houtsoorten (els, wilg, populie",Rest van Vlaanderen,vLgp-ZS,2,58W
300001,300001,"Eutric Fluvic Gleyic Cambisols (Siltic, Fluvic)",Cambisols,CM-gl.fv.eu,gl.fv.eu,Gleyic,Fluvic,Eutric,Endogleyic,Siltic,Fluvic,Eutric,Aep,Brabants plateau,Zandstreek,Natte leem,Aep,Aep,Natte leembodem zonder profiel,,,A,leem,e,"nat, sterk gleyig met reductiehorizont",p,zonder profielontwikkeling,,,,,,,,,,,,,,,bodemseries Aep en Aeb in de Zandstreek,"De gronden van deze series zijn opgebouwd uit lemig materiaal (licht tot zwaar leem) en worden be0nvloed door een permanente grondwatertafel. Op minder dan 125 cm diepte komt een volledig gereduceerde horizont (horizont G) voor, meestal licht olijfgrijs",Rest van Vlaanderen,Aep-ZS,4,103E
300002,300002,Eutric Neocambic Retisols (Siltic),Retisols,RT-nc.eu,nc.eu,Neocambic,Eutric,-,-,Siltic,-,Eutric,Aba(b),Brabants plateau,Zandstreek,Droge leem,Aba(b),Aba,Droge leembodem met textuur B horizont,,,A,leem,b,"droog, niet gleyig",a,met textuur B horizont of met weinig duidelijke kleur B horizont,,,,,(b),Gevlekte textuur B horizont,,,,,,,,,bodemserie Aba in de Zandstreek,"De serie Aba ontwikkeld in het Pleistocene loessdek vertoont onder de A horizont een aan klei en sesquioxiden aangerijkte textuur B horizont. De bouwvoor is een donkerbruin, homogeen humushoudend leem; bij Abao rust de Ap op een geelbruine overgangshoriz",Rest van Vlaanderen,Aba(b)-ZS,5,103E
300003,300003,Dystric Glossic Fragic Retisols (Siltic),Retisols,RT-fc.gs.dy,fc.gs.dy,Fragic,Glossic,Dystric,-,Siltic,-,Dystric,Abc0,Brabants plateau,Zandstreek,Droge leem,Abc0,Abc,"Droge leembodem met sterk gevlekte, verbrokkelde textuur B horizont",,,A,leem,b,"droog, niet gleyig",c,"met sterk gevlekte textuur (bij lemige sedimenten), verbrokkelde textuur B horizont ( bij zandige sedimenten)",0,Betekenis afhankelijk van het bodemtype (zie toelichtingsboekje),,,,,,,,,,,,,bodemserie Abc en complex AbB in de AbB in de Zandstreek,"Deze droge leemgronden met sterk gevlekte textuur B horizont komen voor nabij de overgangszone met de Leemstreek alsook in enkele alluviale valleien.eDeze bodems hebben een bruingrijze Ap (20-25 cm) die rust op een bruine C horizont, waarin weinig of gee",Rest van Vlaanderen,Abc0-ZS,5,103E
300004,300004,Eutric Neocambic Retisols (Siltic),Retisols,RT-nc.eu,nc.eu,Neocambic,Eutric,-,-,Siltic,-,Eutric,Aba(b),Brabants plateau,Zandstreek,Droge leem,Aba(b),Aba,Droge leembodem met textuur B horizont,,,A,leem,b,"droog, niet gleyig",a,met textuur B horizont of met weinig duidelijke kleur B horizont,,,,,(b),Gevlekte textuur B horizont,,,,,,,,,bodemserie Aba in de Zandstreek,"De serie Aba ontwikkeld in het Pleistocene loessdek vertoont onder de A horizont een aan klei en sesquioxiden aangerijkte textuur B horizont. De bouwvoor is een donkerbruin, homogeen humushoudend leem; bij Abao rust de Ap op een geelbruine overgangshoriz",Rest van Vlaanderen,Aba(b)-ZS,5,103E
300005,300005,Dystric Glossic Fragic Retisols (Siltic),Retisols,RT-fc.gs.dy,fc.gs.dy,Fragic,Glossic,Dystric,-,Siltic,-,Dystric,Abc0,Brabants plateau,Zandstreek,Droge leem,Abc0,Abc,"Droge leembodem met sterk gevlekte, verbrokkelde textuur B horizont",,,A,leem,b,"droog, niet gleyig",c,"met sterk gevlekte textuur (bij lemige sedimenten), verbrokkelde textuur B horizont ( bij zandige sedimenten)",0,Betekenis afhankelijk van het bodemtype (zie toelichtingsboekje),,,,,,,,,,,,,bodemserie Abc en complex AbB in de AbB in de Zandstreek,"Deze droge leemgronden met sterk gevlekte textuur B horizont komen voor nabij de overgangszone met de Leemstreek alsook in enkele alluviale valleien.eDeze bodems hebben een bruingrijze Ap (20-25 cm) die rust op een bruine C horizont, waarin weinig of gee",Rest van Vlaanderen,Abc0-ZS,5,103E
300006,300006,Dystric Glossic Fragic Retisols (Siltic),Retisols,RT-fc.gs.dy,fc.gs.dy,Fragic,Glossic,Dystric,-,Siltic,-,Dystric,Abc0,Brabants plateau,Zandstreek,Droge leem,Abc0,Abc,"Droge leembodem met sterk gevlekte, verbrokkelde textuur B horizont",,,A,leem,b,"droog, niet gleyig",c,"met sterk gevlekte textuur (bij lemige sedimenten), verbrokkelde textuur B horizont ( bij zandige sedimenten)",0,Betekenis afhankelijk van het bodemtype (zie toelichtingsboekje),,,,,,,,,,,,,bodemserie Abc en complex AbB in de AbB in de Zandstreek,"Deze droge leemgronden met sterk gevlekte textuur B horizont komen voor nabij de overgangszone met de Leemstreek alsook in enkele alluviale valleien.eDeze bodems hebben een bruingrijze Ap (20-25 cm) die rust op een bruine C horizont, waarin weinig of gee",Rest van Vlaanderen,Abc0-ZS,5,103E
300007,300007,"Eutric Gleyic Cambisols (Siltic, Colluvic)",Cambisols,CM-gl.eu,gl.eu,Gleyic,Eutric,-,Endogleyic,Siltic,Colluvic,Eutric,Adp,Brabants plateau,Zandstreek,Vochtige leem,Adp,Adp,Matig natte leembodem zonder profiel,,,A,leem,d,"matig nat, matig gleyig",p,zonder profielontwikkeling,,,,,,,,,,,,,,,bodemserie Adp in de Zandstreek,De bouwlaag vertoont een bruingrijze kleur die geleidelijk overgaat in niet gedifferentieerd colluviaal materiaal die baksteenrestjes en houtskoolfragmenten bevat. Het colluvium rust op een afgeknotte textuur B of op een Tertiair substraat. Roestverschij,Rest van Vlaanderen,Adp-ZS,4,103E
300008,300008,"Eutric Gleyic Cambisols (Siltic, Colluvic)",Cambisols,CM-gl.eu,gl.eu,Gleyic,Eutric,-,Endogleyic,Siltic,Colluvic,Eutric,Adp,Brabants plateau,Zandstreek,Vochtige leem,Adp,Adp,Matig natte leembodem zonder profiel,,,A,leem,d,"matig nat, matig gleyig",p,zonder profielontwikkeling,,,,,,,,,,,,,,,bodemserie Adp in de Zandstreek,De bouwlaag vertoont een bruingrijze kleur die geleidelijk overgaat in niet gedifferentieerd colluviaal materiaal die baksteenrestjes en houtskoolfragmenten bevat. Het colluvium rust op een afgeknotte textuur B of op een Tertiair substraat. Roestverschij,Rest van Vlaanderen,Adp-ZS,4,103E
300009,300009,Eutric Cambisols (Siltic),Cambisols,CM-eu,eu,Eutric,-,-,-,Siltic,-,Eutric,Acp,Brabants plateau,Zandstreek,Vochtige leem,Acp,Acp,Matig droge leembodem zonder profiel,,,A,leem,c,"matig droog, zwak gleyig",p,zonder profielontwikkeling,,,,,,,,,,,,,,,bodemserie Acp in de Zandstreek,De Acp depressie- of lage hellingsgronden omvatten colluviale bodems welke tussen 80 en 120 cm gleyverschijnselen vertonen. Het colluviaal dek rust veelal op een gearodeerd profiel waarvan de textuur B op wisselende diepte in het profiel voorkomt. Deze g,Rest van Vlaanderen,Acp-ZS,5,103E
300010,300010,Dystric Glossic Fragic Retisols (Siltic),Retisols,RT-fc.gs.dy,fc.gs.dy,Fragic,Glossic,Dystric,-,Siltic,-,Dystric,Abc0,Brabants plateau,Zandstreek,Droge leem,Abc0,Abc,"Droge leembodem met sterk gevlekte, verbrokkelde textuur B horizont",,,A,leem,b,"droog, niet gleyig",c,"met sterk gevlekte textuur (bij lemige sedimenten), verbrokkelde textuur B horizont ( bij zandige sedimenten)",0,Betekenis afhankelijk van het bodemtype (zie toelichtingsboekje),,,,,,,,,,,,,bodemserie Abc en complex AbB in de AbB in de Zandstreek,"Deze droge leemgronden met sterk gevlekte textuur B horizont komen voor nabij de overgangszone met de Leemstreek alsook in enkele alluviale valleien.eDeze bodems hebben een bruingrijze Ap (20-25 cm) die rust op een bruine C horizont, waarin weinig of gee",Rest van Vlaanderen,Abc0-ZS,5,103E
300011,300011,"Eutric Gleyic Cambisols (Siltic, Colluvic)",Cambisols,CM-gl.eu,gl.eu,Gleyic,Eutric,-,Endogleyic,Siltic,Colluvic,Eutric,Adp,Brabants plateau,Zandleemstreek,Vochtige leem,Adp,Adp,Matig natte leembodem zonder profiel,,,A,leem,d,"matig nat, matig gleyig",p,zonder profielontwikkeling,,,,,,,,,,,,,,,bodemserie Adp in de Zandleemstreek,De bouwlaag vertoont een bruingrijze kleur die geleidelijk overgaat in niet gedifferentieerd colluviaal materiaal die baksteenrestjes en houtskoolfragmenten bevat. Het colluvium rust op een afgeknotte textuur B of op een Tertiair substraat. Roestverschij,Rest van Vlaanderen,Adp-ZLS,4,103E
300012,300012,Eutric Neocambic Retisols (Siltic),Retisols,RT-nc.eu,nc.eu,Neocambic,Eutric,-,-,Siltic,-,Eutric,Aba0(b),Brabants plateau,Zandleemstreek,Droge leem,Aba0(b),Aba,Droge leembodem met textuur B horizont,,,A,leem,b,"droog, niet gleyig",a,met textuur B horizont of met weinig duidelijke kleur B horizont,0,Betekenis afhankelijk van het bodemtype (zie toelichtingsboekje),,,(b),Gevlekte textuur B horizont,,,,,,,,,bodemserie Aba in de Zandleemstreek,"De serie Aba ontwikkeld in het Pleistocene loessdek vertoont onder de A horizont een aan klei en sesquioxiden aangerijkte textuur B horizont. De bouwvoor is een donkerbruin, homogeen humushoudend leem; bij Abao rust de Ap op een geelbruine overgangshoriz",Rest van Vlaanderen,Aba0(b)-ZLS,5,103E
300013,300013,Eutric Neocambic Retisols (Siltic),Retisols,RT-nc.eu,nc.eu,Neocambic,Eutric,-,-,Siltic,-,Eutric,Aba0(b),Brabants plateau,Zandleemstreek,Droge leem,Aba0(b),Aba,Droge leembodem met textuur B horizont,,,A,leem,b,"droog, niet gleyig",a,met textuur B horizont of met weinig duidelijke kleur B horizont,0,Betekenis afhankelijk van het bodemtype (zie toelichtingsboekje),,,(b),Gevlekte textuur B horizont,,,,,,,,,bodemserie Aba in de Zandleemstreek,"De serie Aba ontwikkeld in het Pleistocene loessdek vertoont onder de A horizont een aan klei en sesquioxiden aangerijkte textuur B horizont. De bouwvoor is een donkerbruin, homogeen humushoudend leem; bij Abao rust de Ap op een geelbruine overgangshoriz",Rest van Vlaanderen,Aba0(b)-ZLS,5,103E
300014,300014,Eutric Neocambic Retisols (Siltic),Retisols,RT-nc.eu,nc.eu,Neocambic,Eutric,-,-,Siltic,-,Eutric,Aba0(b),Brabants plateau,Zandleemstreek,Droge leem,Aba0(b),Aba,Droge leembodem met textuur B horizont,,,A,leem,b,"droog, niet gleyig",a,met textuur B horizont of met weinig duidelijke kleur B horizont,0,Betekenis afhankelijk van het bodemtype (zie toelichtingsboekje),,,(b),Gevlekte textuur B horizont,,,,,,,,,bodemserie Aba in de Zandleemstreek,"De serie Aba ontwikkeld in het Pleistocene loessdek vertoont onder de A horizont een aan klei en sesquioxiden aangerijkte textuur B horizont. De bouwvoor is een donkerbruin, homogeen humushoudend leem; bij Abao rust de Ap op een geelbruine overgangshoriz",Rest van Vlaanderen,Aba0(b)-ZLS,5,103E
300015,300015,Dystric Glossic Fragic Retisols (Siltic),Retisols,RT-fc.gs.dy,fc.gs.dy,Fragic,Glossic,Dystric,-,Siltic,-,Dystric,Abc0,Brabants plateau,Zandstreek,Droge leem,Abc0,Abc,"Droge leembodem met sterk gevlekte, verbrokkelde textuur B horizont",,,A,leem,b,"droog, niet gleyig",c,"met sterk gevlekte textuur (bij lemige sedimenten), verbrokkelde textuur B horizont ( bij zandige sedimenten)",0,Betekenis afhankelijk van het bodemtype (zie toelichtingsboekje),,,,,,,,,,,,,bodemserie Abc en complex AbB in de AbB in de Zandstreek,"Deze droge leemgronden met sterk gevlekte textuur B horizont komen voor nabij de overgangszone met de Leemstreek alsook in enkele alluviale valleien.eDeze bodems hebben een bruingrijze Ap (20-25 cm) die rust op een bruine C horizont, waarin weinig of gee",Rest van Vlaanderen,Abc0-ZS,5,103E
300016,300016,"Eutric Gleyic Cambisols (Siltic, Colluvic)",Cambisols,CM-gl.eu,gl.eu,Gleyic,Eutric,-,Endogleyic,Siltic,Colluvic,Eutric,Adp,Brabants plateau,Zandleemstreek,Vochtige leem,Adp,Adp,Matig natte leembodem zonder profiel,,,A,leem,d,"matig nat, matig gleyig",p,zonder profielontwikkeling,,,,,,,,,,,,,,,bodemserie Adp in de Zandleemstreek,De bouwlaag vertoont een bruingrijze kleur die geleidelijk overgaat in niet gedifferentieerd colluviaal materiaal die baksteenrestjes en houtskoolfragmenten bevat. Het colluvium rust op een afgeknotte textuur B of op een Tertiair substraat. Roestverschij,Rest van Vlaanderen,Adp-ZLS,4,103E
300017,300017,"Haplic Luvisols (Siltic, Colluvic)",Luvisols,LV-ha,ha,Haplic,-,-,-,Siltic,Colluvic,Eutric,Abp(c),Brabants plateau,Zandleemstreek,Droge leem,Abp(c),Abp,Droge leembodem zonder profiel,,,A,leem,b,"droog, niet gleyig",p,zonder profielontwikkeling,,,,,(c),Bedolven textuur B horizont op minder dan 80 cm diepte,,,,,,,,,bodemserie Abp in de Zandleemstreek,De Abp bodems komen voor in colluviale droge leemdepressies. Deze gronden bestaan uit leemmateriaal geIrodeerd van de hoger liggende plateaugronden. De landbouwwaarde van de Abp gronden ligt den klasse lager dan die van de Aba gronden wegens het meestal,Rest van Vlaanderen,Abp(c)-ZLS,5,103E
300018,300018,"Eutric Cambisols (Siltic, Colluvic)",Cambisols,CM-eu,eu,Eutric,-,-,-,Siltic,Colluvic,Eutric,Abp,Brabants plateau,Zandleemstreek,Droge leem,Abp,Abp,Droge leembodem zonder profiel,,,A,leem,b,"droog, niet gleyig",p,zonder profielontwikkeling,,,,,,,,,,,,,,,bodemserie Abp in de Zandleemstreek,De Abp bodems komen voor in colluviale droge leemdepressies. Deze gronden bestaan uit leemmateriaal geTrodeerd van de hoger liggende plateaugronden. De landbouwwaarde van de Abp gronden ligt  dn klasse lager dan die van de Aba gronden wegens het meestal,Rest van Vlaanderen,Abp-ZLS,5,103E
300019,300019,"Eutric Cambisols (Siltic, Colluvic)",Cambisols,CM-eu,eu,Eutric,-,-,-,Siltic,Colluvic,Eutric,Abp,Brabants plateau,Zandleemstreek,Droge leem,Abp,Abp,Droge leembodem zonder profiel,,,A,leem,b,"droog, niet gleyig",p,zonder profielontwikkeling,,,,,,,,,,,,,,,bodemserie Abp in de Zandleemstreek,De Abp bodems komen voor in colluviale droge leemdepressies. Deze gronden bestaan uit leemmateriaal geTrodeerd van de hoger liggende plateaugronden. De landbouwwaarde van de Abp gronden ligt  dn klasse lager dan die van de Aba gronden wegens het meestal,Rest van Vlaanderen,Abp-ZLS,5,103E
300022,300022,Dystric Glossic Fragic Retisols (Siltic),Retisols,RT-fc.gs.dy,fc.gs.dy,Fragic,Glossic,Dystric,-,Siltic,-,Dystric,Abc0,Brabants plateau,Zandstreek,Droge leem,Abc0,Abc,"Droge leembodem met sterk gevlekte, verbrokkelde textuur B horizont",,,A,leem,b,"droog, niet gleyig",c,"met sterk gevlekte textuur (bij lemige sedimenten), verbrokkelde textuur B horizont ( bij zandige sedimenten)",0,Betekenis afhankelijk van het bodemtype (zie toelichtingsboekje),,,,,,,,,,,,,bodemserie Abc en complex AbB in de AbB in de Zandstreek,"Deze droge leemgronden met sterk gevlekte textuur B horizont komen voor nabij de overgangszone met de Leemstreek alsook in enkele alluviale valleien.eDeze bodems hebben een bruingrijze Ap (20-25 cm) die rust op een bruine C horizont, waarin weinig of gee",Rest van Vlaanderen,Abc0-ZS,5,103E
300023,300023,Eutric Neocambic Retisols (Siltic),Retisols,RT-nc.eu,nc.eu,Neocambic,Eutric,-,-,Siltic,-,Eutric,Aba0(b),Brabants plateau,Zandleemstreek,Droge leem,Aba0(b),Aba,Droge leembodem met textuur B horizont,,,A,leem,b,"droog, niet gleyig",a,met textuur B horizont of met weinig duidelijke kleur B horizont,0,Betekenis afhankelijk van het bodemtype (zie toelichtingsboekje),,,(b),Gevlekte textuur B horizont,,,,,,,,,bodemserie Aba in de Zandleemstreek,"De serie Aba ontwikkeld in het Pleistocene loessdek vertoont onder de A horizont een aan klei en sesquioxiden aangerijkte textuur B horizont. De bouwvoor is een donkerbruin, homogeen humushoudend leem; bij Abao rust de Ap op een geelbruine overgangshoriz",Rest van Vlaanderen,Aba0(b)-ZLS,5,103E
300024,300024,Dystric Glossic Fragic Retisols (Siltic),Retisols,RT-fc.gs.dy,fc.gs.dy,Fragic,Glossic,Dystric,-,Siltic,-,Dystric,Abc0,Brabants plateau,Zandleemstreek,Droge leem,Abc0,Abc,"Droge leembodem met sterk gevlekte, verbrokkelde textuur B horizont",,,A,leem,b,"droog, niet gleyig",c,"met sterk gevlekte textuur (bij lemige sedimenten), verbrokkelde textuur B horizont ( bij zandige sedimenten)",0,Betekenis afhankelijk van het bodemtype (zie toelichtingsboekje),,,,,,,,,,,,,bodemserie Abc in de Zandleemstreek,Deze droge leemgronden met sterk gevlekte textuur B horizont komen in de Zandleemstreek voor nabij de overgangszone met de Leemstreek alsook in enkele alluviale valleien.,Rest van Vlaanderen,Abc0-ZLS,5,103E
300025,300025,"Dystric Gleyic Retisols (Loamic, Ruptic)",Retisols,RT-gl.dy,gl.dy,Gleyic,Dystric,-,Endogleyic,Loamic,Ruptic,Dystric,sPDC,Brabants plateau,Zandleemstreek,Vochtig zandleem,sPDC,PDC,"Matig droge tot matig natte licht zandleembodem met structuur B horizont of sterk gevlekte, verbrokkelde textuur B horizont",s,Zand op geringe diepte (ondieper dan 75 cm),P,licht zandleem,c-d,"complex van droog, zwak gleyig tot matig droog, matig gleyig",c+f,met profielontwikkelingsklassen c en f,,,,,,,,,,,,,,,"bodemserie Pdc en complexen PDc, PDC en PdC in de Zandleemstreek",Bij deze matig natte (soms matig droge) bodems op licht zandleem is de humeuze bovengrond homogeen en goed ontwikkeld grijsbruin en gemiddeld 30 cm dik. De verbrokkelde textuur B is zwak ontwikkeld en begint op 40-60 cm. Bij het complex PDC en PdC is de,Rest van Vlaanderen,sPDC-ZLS,6,103E
400000,400000,"Dystric Fluvic Gleyic Cambisols (Loamic, Fluvic)",Cambisols,CM-gl.fv.dy,gl.fv.dy,Gleyic,Fluvic,Dystric,Endogleyic,Loamic,Fluvic,Dystric,Sepm,Depressie van de Netes,Kempen,Nat zand,Sepm,Sep,Natte lemig zandbodem zonder profiel,,,S,lemig zand,e,"nat, sterk gleyig met reductiehorizont",p,zonder profielontwikkeling,,,m,Mergelbijmenging,,,,,,,,,,,"bodemseries ""Se."" in de Kempen",Deze natte grondwatergronden met reductiehorizont hebben allen gemeenschappelijke draineringskenmerken met roestverschijnselen welke zich aftekenen in het benedengedeelte van de humeuze bovengrond en een blauwgrijs reductie horizont welke begint tussen 1,Rest van Vlaanderen,Sepm-K,7,28E
