plot_id,Ferrariska,Vander_Mae,Gkadkaart,Ferr_t,Ferr,C1,VDM_t,VDM,C2,Gkad_t,Gkad,C3,DG1_t,DG1,C4,DG2_t,DG2,C5,DG3_t,DG3,C6,MGI_t,MGI,C7,NGI1_t,NGI1,C8,BSKT_t,BSKT,C9,NGI2_t,NGI2,C10,hist_uitgebreid,hist_beknopt,boslftd_cde,boslftd
101,ferraris112-3.jpg,8_16_Hamme_Mille.tif,Bierbeek (2e Partie) et Haesrode - nr. 25,1775,B,1,1850,B/l,1,1855,B,1,1865,B/l,1,1881,B/l,1,1893,B/l,1,1960,B/l,1,1993,B/l,1,2001,B,1,2009,B/l,1,1111111111,'1111,1,Bos ontstaan voor 1775
102,ferraris112-3.jpg,8_16_Hamme_Mille.tif,Bierbeek (2e Partie) et Haesrode - nr. 25,1775,B,1,1850,B/l,1,1855,B,1,1865,B/l,1,1881,B/l,1,1893,B/l,1,1960,B/l,1,1993,B/l,1,2001,B,1,2009,B/l,1,1111111111,'1111,1,Bos ontstaan voor 1775
103,ferraris112-3.jpg,8_16_Hamme_Mille.tif,Bierbeek (2e Partie) et Haesrode - nr. 25,1775,B,1,1850,B/l,1,1855,B,1,1865,B/l,1,1881,B/l,1,1893,B/l,1,1960,B/l,1,1993,B/l,1,2001,B,1,2009,B/l,1,1111111111,'1111,1,Bos ontstaan voor 1775
104,ferraris112-3.jpg,8_16_Hamme_Mille.tif,Bierbeek (2e Partie) et Haesrode - nr. 25,1775,B,1,1850,B/l,1,1855,B,1,1865,B/l,1,1881,B/l,1,1893,B/l,1,1960,B/l,1,1993,B/l,1,2001,B,1,2009,B/l,1,1111111111,'1111,1,Bos ontstaan voor 1775
105,ferraris112-3.jpg,8_16_Hamme_Mille.tif,Bierbeek (2e Partie) et Haesrode - nr. 25,1775,B,1,1850,B/l,1,1855,B,1,1865,B/l,1,1881,B/l,1,1893,B/l,1,1960,B/l,1,1993,B/l,1,2001,B,1,2009,B/l,1,1111111111,'1111,1,Bos ontstaan voor 1775
106,ferraris112-3.jpg,8_16_Hamme_Mille.tif,Bierbeek (2e Partie) et Haesrode - nr. 25,1775,B,1,1850,B/l,1,1855,B,1,1865,B/l,1,1881,B/l,1,1893,B/l,1,1960,B/l,1,1993,B/l,1,2001,B,1,2009,B/l,1,1111111111,'1111,1,Bos ontstaan voor 1775
107,ferraris112-3.jpg,8_16_Hamme_Mille.tif,Bierbeek (2e Partie) et Haesrode - nr. 25,1775,B,1,1850,B/l,1,1855,B,1,1865,B/l,1,1881,B/l,1,1893,B/l,1,1960,B/l,1,1993,B/l,1,2001,B,1,2009,B/l,1,1111111111,'1111,1,Bos ontstaan voor 1775
108,ferraris112-3.jpg,8_16_Hamme_Mille.tif,Bierbeek (2e Partie) et Haesrode - nr. 25,1775,B,1,1850,B/l,1,1855,B,1,1865,B/l,1,1881,B/l,1,1893,B/l,1,1960,B/l,1,1993,B/l,1,2001,B,1,2009,B/l,1,1111111111,'1111,1,Bos ontstaan voor 1775
109,ferraris112-3.jpg,8_16_Hamme_Mille.tif,Bierbeek (2e Partie) et Haesrode - nr. 25,1775,B,1,1850,B/l,1,1855,B,1,1865,B/l,1,1881,B/l,1,1893,B/l,1,1960,B/l,1,1993,B/l,1,2001,B,1,2009,B/l,1,1111111111,'1111,1,Bos ontstaan voor 1775
110,ferraris112-3.jpg,8_16_Hamme_Mille.tif,Bierbeek (2e Partie) et Haesrode - nr. 25,1775,B,1,1850,B/l,1,1855,B,1,1865,B/l,1,1881,B/l,1,1893,B/l,1,1960,B/l,1,1993,B/l,1,2001,B,1,2009,B/l,1,1111111111,'1111,1,Bos ontstaan voor 1775
111,ferraris112-3.jpg,8_16_Hamme_Mille.tif,Bierbeek (2e Partie) et Haesrode - nr. 25,1775,B,1,1850,B/l,1,1855,B,1,1865,B/l,1,1881,B/l,1,1893,B/l,1,1960,B/l,1,1993,B/l,1,2001,B,1,2009,B/l,1,1111111111,'1111,1,Bos ontstaan voor 1775
112,ferraris112-3.jpg,8_16_Hamme_Mille.tif,Bierbeek (2e Partie) et Haesrode - nr. 25,1775,B,1,1850,B/l,1,1855,B,1,1865,B/l,1,1881,B/l,1,1893,B/l,1,1960,B/l,1,1993,B/l,1,2001,B,1,2009,B/l,1,1111111111,'1111,1,Bos ontstaan voor 1775
113,ferraris112-3.jpg,8_16_Hamme_Mille.tif,Bierbeek (2e Partie) et Haesrode - nr. 25,1775,B,1,1850,B/l,1,1855,B,1,1865,B/l,1,1881,B/l,1,1893,B/l,1,1960,B/l,1,1993,B/l,1,2001,B,1,2009,B/l,1,1111111111,'1111,1,Bos ontstaan voor 1775
114,ferraris112-3.jpg,8_16_Hamme_Mille.tif,Bierbeek (2e Partie) et Haesrode - nr. 25,1775,B,1,1850,B/l,1,1855,B,1,1865,B/l,1,1881,B/l,1,1893,B/l,1,1960,B/l,1,1993,B/l,1,2001,B,1,2009,B/l,1,1111111111,'1111,1,Bos ontstaan voor 1775
115,ferraris112-3.jpg,8_16_Hamme_Mille.tif,Bierbeek (2e Partie) et Haesrode - nr. 25,1775,B,1,1850,B/l,1,1855,B,1,1865,B/l,1,1881,B/l,1,1893,B/l,1,1960,B/l,1,1993,B/l,1,2001,B,1,2009,B/l,1,1111111111,'1111,1,Bos ontstaan voor 1775
116,ferraris112-3.jpg,8_16_Hamme_Mille.tif,Bierbeek (2e Partie) et Haesrode - nr. 25,1775,B,1,1850,B/l,1,1855,B,1,1865,B/l,1,1881,B/l,1,1893,B/l,1,1960,B/l,1,1993,B/l,1,2001,B,1,2009,B/l,1,1111111111,'1111,1,Bos ontstaan voor 1775
117,ferraris112-3.jpg,8_16_Hamme_Mille.tif,Bierbeek (2e Partie) et Haesrode - nr. 25,1775,B,1,1850,B/l,1,1855,B,1,1865,B/l,1,1881,B/l,1,1893,B/l,1,1960,B/l,1,1993,B/l,1,2001,B,1,2009,B/l,1,1111111111,'1111,1,Bos ontstaan voor 1775
118,ferraris112-3.jpg,8_16_Hamme_Mille.tif,Bierbeek (2e Partie) et Haesrode - nr. 25,1775,B,1,1850,B/l,1,1855,B,1,1865,B/l,1,1881,B/l,1,1893,B/l,1,1960,B/l,1,1993,B/l,1,2001,B,1,2009,B/l,1,1111111111,'1111,1,Bos ontstaan voor 1775
119,ferraris112-3.jpg,8_16_Hamme_Mille.tif,Bierbeek (2e Partie) et Haesrode - nr. 25,1775,B,1,1850,B/l,1,1855,B,1,1865,B/l,1,1881,B/l,1,1893,B/l,1,1960,B/l,1,1993,B/l,1,2001,B,1,2009,B/l,1,1111111111,'1111,1,Bos ontstaan voor 1775
120,ferraris112-3.jpg,8_16_Hamme_Mille.tif,Bierbeek (2e Partie) et Haesrode - nr. 25,1775,B,1,1850,B/l,1,1855,B,1,1865,B/l,1,1881,B/l,1,1893,B/l,1,1960,B/l,1,1993,B/l,1,2001,B,1,2009,B/l,1,1111111111,'1111,1,Bos ontstaan voor 1775
121,ferraris112-3.jpg,8_16_Hamme_Mille.tif,Bierbeek (2e Partie) et Haesrode - nr. 25,1775,B,1,1850,B/l,1,1855,B,1,1865,B/l,1,1881,B/l,1,1893,B/l,1,1960,B/l,1,1993,B/l,1,2001,B,1,2009,B/l,1,1111111111,'1111,1,Bos ontstaan voor 1775
122,ferraris112-3.jpg,8_16_Hamme_Mille.tif,Bierbeek (2e Partie) et Haesrode - nr. 25,1775,B,1,1850,B/l,1,1855,B,1,1865,B/l,1,1881,B/l,1,1893,B/l,1,1960,B/l,1,1993,B/l,1,2001,B,1,2009,B/l,1,1111111111,'1111,1,Bos ontstaan voor 1775
123,ferraris112-3.jpg,8_16_Hamme_Mille.tif,Bierbeek (2e Partie) et Haesrode - nr. 25,1775,B,1,1850,B/l,1,1855,B,1,1865,B/l,1,1881,B/l,1,1893,B/l,1,1960,B/l,1,1993,B/l,1,2001,B,1,2009,B/l,1,1111111111,'1111,1,Bos ontstaan voor 1775
124,ferraris112-3.jpg,8_16_Hamme_Mille.tif,Bierbeek (2e Partie) et Haesrode - nr. 25,1775,B,1,1850,B/l,1,1855,B,1,1865,B/l,1,1881,B/l,1,1893,B/l,1,1960,B/l,1,1993,B/l,1,2001,B,1,2009,B/l,1,1111111111,'1111,1,Bos ontstaan voor 1775
125,ferraris112-3.jpg,8_16_Hamme_Mille.tif,Bierbeek (2e Partie) et Haesrode - nr. 25,1775,B,1,1850,B/l,1,1855,B,1,1865,B/l,1,1881,B/l,1,1893,B/l,1,1960,B/l,1,1993,B/l,1,2001,B,1,2009,B/l,1,1111111111,'1111,1,Bos ontstaan voor 1775
126,ferraris112-3.jpg,8_16_Hamme_Mille.tif,Bierbeek (2e Partie) et Haesrode - nr. 25,1775,B,1,1850,B/l,1,1855,B,1,1865,B/l,1,1881,B/l,1,1893,B/l,1,1960,B/l,1,1993,B/l,1,2001,B,1,2009,B/l,1,1111111111,'1111,1,Bos ontstaan voor 1775
127,ferraris112-3.jpg,8_16_Hamme_Mille.tif,Bierbeek (2e Partie) et Haesrode - nr. 25,1775,B,1,1850,B/l,1,1855,B,1,1865,B/l,1,1881,B/l,1,1893,B/l,1,1960,B/l,1,1993,B/l,1,2001,B,1,2009,B/l,1,1111111111,'1111,1,Bos ontstaan voor 1775
128,ferraris112-3.jpg,8_16_Hamme_Mille.tif,Bierbeek (2e Partie) et Haesrode - nr. 25,1775,B,1,1850,B/l,1,1855,B,1,1865,B/l,1,1881,B/l,1,1893,B/l,1,1960,B/l,1,1993,B/l,1,2001,B,1,2009,B/l,1,1111111111,'1111,1,Bos ontstaan voor 1775
129,ferraris112-3.jpg,8_16_Hamme_Mille.tif,Bierbeek (2e Partie) et Haesrode - nr. 25,1775,B,1,1850,B/l,1,1855,B,1,1865,B/l,1,1881,B/l,1,1893,B/l,1,1960,B/l,1,1993,B/l,1,2001,B,1,2009,B/l,1,1111111111,'1111,1,Bos ontstaan voor 1775
130,ferraris112-3.jpg,8_16_Hamme_Mille.tif,Bierbeek (2e Partie) et Haesrode - nr. 25,1775,B,1,1850,B/l,1,1855,B,1,1865,B/l,1,1881,B/l,1,1893,B/l,1,1960,B/l,1,1993,B/l,1,2001,B,1,2009,B/l,1,1111111111,'1111,1,Bos ontstaan voor 1775
131,ferraris112-3.jpg,8_16_Hamme_Mille.tif,Bierbeek (2e Partie) et Haesrode - nr. 25,1775,B,1,1850,B/l,1,1855,B,1,1865,B/l,1,1881,B/l,1,1893,B/l,1,1960,B/l,1,1993,B/l,1,2001,B,1,2009,B/l,1,1111111111,'1111,1,Bos ontstaan voor 1775
132,ferraris112-3.jpg,8_16_Hamme_Mille.tif,Bierbeek (2e Partie) et Haesrode - nr. 25,1775,B,1,1850,B/l,1,1855,B,1,1865,B/l,1,1881,B/l,1,1893,B/l,1,1960,B/l,1,1993,B/l,1,2001,B,1,2009,B/l,1,1111111111,'1111,1,Bos ontstaan voor 1775
133,ferraris112-3.jpg,8_16_Hamme_Mille.tif,Bierbeek (2e Partie) et Haesrode - nr. 25,1775,B,1,1850,B/l,1,1855,B,1,1865,B/l,1,1881,B/l,1,1893,B/l,1,1960,B/l,1,1993,B/l,1,2001,B,1,2009,B/l,1,1111111111,'1111,1,Bos ontstaan voor 1775
134,ferraris112-3.jpg,8_16_Hamme_Mille.tif,Bierbeek (2e Partie) et Haesrode - nr. 25,1775,B,1,1850,B/l,1,1855,B,1,1865,B/l,1,1881,B/l,1,1893,B/l,1,1960,B/l,1,1993,B/l,1,2001,B,1,2009,B/l,1,1111111111,'1111,1,Bos ontstaan voor 1775
135,ferraris112-3.jpg,8_16_Hamme_Mille.tif,Bierbeek (2e Partie) et Haesrode - nr. 25,1775,B,1,1850,B/l,1,1855,B,1,1865,B/l,1,1881,B/l,1,1893,B/l,1,1960,B/l,1,1993,B/l,1,2001,B,1,2009,B/l,1,1111111111,'1111,1,Bos ontstaan voor 1775
136,ferraris112-3.jpg,8_16_Hamme_Mille.tif,Bierbeek (2e Partie) et Haesrode - nr. 25,1775,B,1,1850,B/l,1,1855,B,1,1865,B/l,1,1881,B/l,1,1893,B/l,1,1960,B/l,1,1993,B/l,1,2001,B,1,2009,B/l,1,1111111111,'1111,1,Bos ontstaan voor 1775
137,ferraris112-3.jpg,8_16_Hamme_Mille.tif,Bierbeek (2e Partie) et Haesrode - nr. 25,1775,B,1,1850,B/l,1,1855,B,1,1865,B/l,1,1881,B/l,1,1893,B/l,1,1960,B/l,1,1993,B/l,1,2001,B,1,2009,B/l,1,1111111111,'1111,1,Bos ontstaan voor 1775
138,ferraris112-3.jpg,8_16_Hamme_Mille.tif,Bierbeek (2e Partie) et Haesrode - nr. 25,1775,B,1,1850,B/l,1,1855,B,1,1865,B/l,1,1881,B/l,1,1893,B/l,1,1960,B/l,1,1993,B/l,1,2001,B,1,2009,B/l,1,1111111111,'1111,1,Bos ontstaan voor 1775
139,ferraris112-3.jpg,8_16_Hamme_Mille.tif,Bierbeek (2e Partie) et Haesrode - nr. 25,1775,B,1,1850,B/l,1,1855,B,1,1865,B/l,1,1881,B/l,1,1893,B/l,1,1960,B/l,1,1993,B/l,1,2001,B,1,2009,B/l,1,1111111111,'1111,1,Bos ontstaan voor 1775
140,ferraris112-3.jpg,8_16_Hamme_Mille.tif,Bierbeek (2e Partie) et Haesrode - nr. 25,1775,B,1,1850,B/l,1,1855,B,1,1865,B/l,1,1881,B/l,1,1893,B/l,1,1960,B/l,1,1993,B/l,1,2001,B,1,2009,B/l,1,1111111111,'1111,1,Bos ontstaan voor 1775
141,ferraris112-3.jpg,8_16_Hamme_Mille.tif,Bierbeek (2e Partie) et Haesrode - nr. 25,1775,B,1,1850,B/l,1,1855,B,1,1865,B/l,1,1881,B/l,1,1893,B/l,1,1960,B/l,1,1993,B/l,1,2001,B,1,2009,B/l,1,1111111111,'1111,1,Bos ontstaan voor 1775
142,ferraris112-3.jpg,8_16_Hamme_Mille.tif,Bierbeek (2e Partie) et Haesrode - nr. 25,1775,B,1,1850,B/l,1,1855,B,1,1865,B/l,1,1881,B/l,1,1893,B/l,1,1960,B/l,1,1993,B/l,1,2001,B,1,2009,B/l,1,1111111111,'1111,1,Bos ontstaan voor 1775
143,ferraris112-3.jpg,8_16_Hamme_Mille.tif,Bierbeek (2e Partie) et Haesrode - nr. 25,1775,B,1,1850,B/l,1,1855,B,1,1865,B/l,1,1881,B/l,1,1893,B/l,1,1960,B/l,1,1993,B/l,1,2001,B,1,2009,B/l,1,1111111111,'1111,1,Bos ontstaan voor 1775
144,ferraris112-3.jpg,8_16_Hamme_Mille.tif,Bierbeek (2e Partie) et Haesrode - nr. 25,1775,B,1,1850,B/l,1,1855,B,1,1865,B/l,1,1881,B/l,1,1893,B/l,1,1960,B/l,1,1993,B/l,1,2001,B,1,2009,B/l,1,1111111111,'1111,1,Bos ontstaan voor 1775
145,ferraris112-3.jpg,8_16_Hamme_Mille.tif,Bierbeek (2e Partie) et Haesrode - nr. 25,1775,B,1,1850,B/l,1,1855,B,1,1865,B/l,1,1881,B/l,1,1893,B/l,1,1960,B/l,1,1993,B/l,1,2001,B,1,2009,B/l,1,1111111111,'1111,1,Bos ontstaan voor 1775
146,ferraris112-3.jpg,8_16_Hamme_Mille.tif,Bierbeek (2e Partie) et Haesrode - nr. 25,1775,B,1,1850,B/l,1,1855,B,1,1865,B/l,1,1881,B/l,1,1893,B/l,1,1960,B/l,1,1993,B/l,1,2001,B,1,2009,B/l,1,1111111111,'1111,1,Bos ontstaan voor 1775
147,ferraris112-3.jpg,8_16_Hamme_Mille.tif,Bierbeek (2e Partie) et Haesrode - nr. 25,1775,B,1,1850,B/l,1,1855,B,1,1865,B/l,1,1881,B/l,1,1893,B/l,1,1960,B/l,1,1993,B/l,1,2001,B,1,2009,B/l,1,1111111111,'1111,1,Bos ontstaan voor 1775
148,ferraris112-3.jpg,8_16_Hamme_Mille.tif,Bierbeek (2e Partie) et Haesrode - nr. 25,1775,B,1,1850,B/l,1,1855,B,1,1865,B/l,1,1881,B/l,1,1893,B/l,1,1960,B/l,1,1993,B/l,1,2001,B,1,2009,B/l,1,1111111111,'1111,1,Bos ontstaan voor 1775
200,ferraris087-3/088-1.jpg,3_7_Cappellen.tif,Calmpthout (2ePartie) - nr.,1775,H,0,1850,A,0,1852,H,0,1863,H,0,1881,H,0,1928,B/n,1,1960,B/n,1,1993,B/g,1,2001,B,1,2009,B/g,1,0000011111,'0011,3,Bos ontstaan tussen 1850 en +/- 1930
201,ferraris087-3/088-1.jpg,3_7_Cappellen.tif,Calmpthout (2ePartie) - nr.,1775,H,0,1850,A,0,1852,H,0,1863,H,0,1881,B/n,1,1928,B/n,1,1960,B/n,1,1993,B/g,1,2001,B,1,2009,B/g,1,0000111111,'0011,3,Bos ontstaan tussen 1850 en +/- 1930
202,ferraris087-3/088-1.jpg,3_7_Cappellen.tif,Calmpthout (2ePartie) - nr.,1775,H,0,1850,A,0,1852,H,0,1863,H,0,1881,H,0,1928,B/n + H,1,1960,B/n,1,1993,B/n,1,2001,B,1,2009,B/g,1,0000011111,'0011,3,Bos ontstaan tussen 1850 en +/- 1930
203,ferraris087-3/088-1.jpg,3_7_Cappellen.tif,Calmpthout (2ePartie) - nr.,1775,H,0,1850,A,0,1852,H,0,1863,H,0,1881,B/n,1,1928,B/n,1,1960,B/n,1,1993,B/g,1,2001,B,1,2009,B/g,1,0000111111,'0011,3,Bos ontstaan tussen 1850 en +/- 1930
204,ferraris087-3/088-1.jpg,3_7_Cappellen.tif,Calmpthout (2ePartie) - nr.,1775,H,0,1850,A,0,1852,H,0,1863,H,0,1881,H,0,1928,H,0,1960,B/n,1,1993,B/n,1,2001,B,1,2009,B/g,1,0000001111,'0001,4,Bos ontstaan na +/- 1930
205,ferraris087-3/088-1.jpg,3_7_Cappellen.tif,Calmpthout (2ePartie) - nr.,1775,H,0,1850,A,0,1852,H,0,1863,H,0,1881,H,0,1928,H,0,1960,B/n,1,1993,B/n,1,2001,B,1,2009,B/g,1,0000001111,'0001,4,Bos ontstaan na +/- 1930
206,ferraris087-3/088-1.jpg,3_7_Cappellen.tif,Calmpthout (2ePartie) - nr.,1775,H,0,1850,A,0,1852,H,0,1863,H,0,1881,H,0,1928,H,0,1960,B/n,1,1993,B/n,1,2001,B,1,2009,B/g,1,0000001111,'0001,4,Bos ontstaan na +/- 1930
207,ferraris087-3/088-1.jpg,3_7_Cappellen.tif,Calmpthout (2ePartie) - nr.,1775,H,0,1850,A,0,1852,H,0,1863,H,0,1881,H,0,1928,H,0,1960,B/n,1,1993,B/n,1,2001,B,1,2009,B/g,1,0000001111,'0001,4,Bos ontstaan na +/- 1930
208,ferraris087-3/088-1.jpg,3_7_Cappellen.tif,Calmpthout (2ePartie) - nr.,1775,H,0,1850,A,0,1852,H,0,1863,H,0,1881,H,0,1928,H,0,1960,B/n,1,1993,B/n,1,2001,B,1,2009,B/g,1,0000001111,'0001,4,Bos ontstaan na +/- 1930
209,ferraris087-3/088-1.jpg,3_7_Cappellen.tif,Calmpthout (2ePartie) - nr.,1775,H,0,1850,A,0,1852,H,0,1863,H,0,1881,H,0,1928,H,0,1960,H,0,1993,H,0,2001,B,1,2009,B/g,1,0000000011,'0001,4,Bos ontstaan na +/- 1930
210,ferraris087-3/088-1.jpg,3_7_Cappellen.tif,Calmpthout (2ePartie) - nr.,1775,H,0,1850,A,0,1852,H,0,1863,H,0,1881,H,0,1928,H,0,1960,H,0,1993,H,0,2001,B,1,2009,B/g,1,0000000011,'0001,4,Bos ontstaan na +/- 1930
211,ferraris087-3/088-1.jpg,3_7_Cappellen.tif,Calmpthout (2ePartie) - nr.,1775,H,0,1850,A,0,1852,H,0,1863,H,0,1881,H,0,1928,H,0,1960,H,0,1993,H,0,2001,B,1,2009,B/g,1,0000000011,'0001,4,Bos ontstaan na +/- 1930
212,ferraris087-3/088-1.jpg,3_7_Cappellen.tif,Calmpthout (2ePartie) - nr.,1775,H,0,1850,A,0,1852,H,0,1863,H,0,1881,H,0,1928,H,0,1960,H,0,1993,H,0,2001,B,1,2009,B/g,1,0000000011,'0001,4,Bos ontstaan na +/- 1930
213,ferraris087-3/088-1.jpg,3_7_Cappellen.tif,Calmpthout (2ePartie) - nr.,1775,H,0,1850,A,0,1852,H,0,1863,H,0,1881,H,0,1928,H,0,1960,H,0,1993,H,0,2001,B,1,2009,B/g,1,0000000011,'0001,4,Bos ontstaan na +/- 1930
214,ferraris087-3/088-1.jpg,3_7_Cappellen.tif,Calmpthout (2ePartie) - nr.,1775,H,0,1850,A,0,1852,H,0,1863,H,0,1881,H,0,1928,H,0,1960,H,0,1993,B/n,1,2001,B,1,2009,B/g,1,0000000111,'0001,4,Bos ontstaan na +/- 1930
215,ferraris087-3/088-1.jpg,3_7_Cappellen.tif,Calmpthout (2ePartie) - nr.,1775,H,0,1850,A,0,1852,H,0,1863,H,0,1881,H,0,1928,H,0,1960,H,0,1993,B/n,1,2001,B,1,2009,B/g,1,0000000111,'0001,4,Bos ontstaan na +/- 1930
216,ferraris087-3/088-1.jpg,3_7_Cappellen.tif,Calmpthout (2ePartie) - nr.,1775,H,0,1850,A,0,1852,H,0,1863,H,0,1881,H,0,1928,H,0,1960,B/n,1,1993,B/n,1,2001,B,1,2009,B/g,1,0000001111,'0001,4,Bos ontstaan na +/- 1930
217,ferraris087-3/088-1.jpg,3_7_Cappellen.tif,Calmpthout (2ePartie) - nr.,1775,H,0,1850,A,0,1852,H,0,1863,H,0,1881,H,0,1928,H,0,1960,B/n,1,1993,H,0,2001,B,1,2009,B/g,1,0000001011,'0001,4,Bos ontstaan na +/- 1930
218,ferraris087-3/088-1.jpg,3_7_Cappellen.tif,Calmpthout (2ePartie) - nr.,1775,H,0,1850,A,0,1852,H,0,1863,H,0,1881,H,0,1928,H,0,1960,B/n,1,1993,B/n,1,2001,B,1,2009,B/g,1,0000001111,'0001,4,Bos ontstaan na +/- 1930
219,ferraris087-3/088-1.jpg,3_7_Cappellen.tif,Calmpthout (2ePartie) - nr.,1775,H,0,1850,A,0,1852,H,0,1863,H,0,1881,H,0,1928,H,0,1960,B/n,1,1993,H,0,2001,B,1,2009,B/g,1,0000001011,'0001,4,Bos ontstaan na +/- 1930
220,ferraris087-3/088-1.jpg,3_7_Cappellen.tif,Calmpthout (2ePartie) - nr.,1775,H,0,1850,A,0,1852,H,0,1863,H,0,1881,H,0,1928,H,0,1960,B/n,1,1993,B/n,1,2001,B,1,2009,B/g,1,0000001111,'0001,4,Bos ontstaan na +/- 1930
221,ferraris087-3/088-1.jpg,3_7_Cappellen.tif,Calmpthout (2ePartie) - nr.,1775,H,0,1850,A,0,1852,H,0,1863,H,0,1881,H,0,1928,H,0,1960,B/n,1,1993,H,0,2001,B,1,2009,B/g,1,0000001011,'0001,4,Bos ontstaan na +/- 1930
222,ferraris087-3/088-1.jpg,3_7_Cappellen.tif,Calmpthout (2ePartie) - nr.,1775,H,0,1850,A,0,1852,H,0,1863,H,0,1881,H,0,1928,H,0,1960,B/n,1,1993,B/n,1,2001,B,1,2009,B/g,1,0000001111,'0001,4,Bos ontstaan na +/- 1930
223,ferraris087-3/088-1.jpg,3_7_Cappellen.tif,Calmpthout (2ePartie) - nr.,1775,H,0,1850,A,0,1852,H,0,1863,H,0,1881,H,0,1928,B/n,1,1960,B/n,1,1993,B/n,1,2001,B,1,2009,B/g,1,0000011111,'0011,3,Bos ontstaan tussen 1850 en +/- 1930
224,ferraris087-3/088-1.jpg,3_7_Cappellen.tif,Calmpthout (2ePartie) - nr.,1775,H,0,1850,A,0,1852,H,0,1863,H,0,1881,H,0,1928,B/n,1,1960,B/n,1,1993,B/n,1,2001,B,1,2009,B/g,1,0000011111,'0011,3,Bos ontstaan tussen 1850 en +/- 1930
225,ferraris087-3/088-1.jpg,3_7_Cappellen.tif,Calmpthout (2ePartie) - nr.,1775,H,0,1850,A,0,1852,H,0,1863,H,0,1881,H,0,1928,B/n,1,1960,B/n,1,1993,B/g,1,2001,B,1,2009,B/g,1,0000011111,'0011,3,Bos ontstaan tussen 1850 en +/- 1930
226,ferraris087-3/088-1.jpg,3_7_Cappellen.tif,Calmpthout (2ePartie) - nr.,1775,H,0,1850,A,0,1852,H,0,1863,H,0,1881,H,0,1928,B/n,1,1960,B/n,1,1993,B/g,1,2001,B,1,2009,B/g,1,0000011111,'0011,3,Bos ontstaan tussen 1850 en +/- 1930
227,ferraris087-3/088-1.jpg,3_7_Cappellen.tif,Calmpthout (2ePartie) - nr.,1775,H,0,1850,A,0,1852,H,0,1863,H,0,1881,H,0,1928,B/n,1,1960,B/n,1,1993,B/n,1,2001,B,1,2009,B/g,1,0000011111,'0011,3,Bos ontstaan tussen 1850 en +/- 1930
228,ferraris087-3/088-1.jpg,3_7_Cappellen.tif,Calmpthout (2ePartie) - nr.,1775,H,0,1850,A,0,1852,H,0,1863,H,0,1881,H,0,1928,B/n,1,1960,B/n,1,1993,B/n,1,2001,B,1,2009,B/g,1,0000011111,'0011,3,Bos ontstaan tussen 1850 en +/- 1930
229,ferraris087-3/088-1.jpg,3_7_Cappellen.tif,Calmpthout (2ePartie) - nr.,1775,H,0,1850,A,0,1852,H,0,1863,H,0,1881,H,0,1928,H,0,1960,B/n,1,1993,H,0,2001,B,1,2009,B/g,1,0000001011,'0001,4,Bos ontstaan na +/- 1930
400,ferraris009-2.jpg,6_4_Thourout.tif,Ichteghem - nr. 91,1775,B,1,1850,B/l,1,1853,B,1,1861,B/n,1,1883,B/n,1,1911,B/l,1,1960,B/l,1,1993,B/l,1,2001,B,1,2009,B/l,1,1111111111,'1111,1,Bos ontstaan voor 1775
401,ferraris009-2.jpg,6_4_Thourout.tif,Ichteghem - nr. 91,1775,B,1,1850,B/l,1,1853,B,1,1861,B/l,1,1883,B/l,1,1911,B/l,1,1960,B/l,1,1993,B/l,1,2001,B,1,2009,B/l,1,1111111111,'1111,1,Bos ontstaan voor 1775
402,ferraris009-2.jpg,6_4_Thourout.tif,Ichteghem - nr. 91,1775,B,1,1850,B/l,1,1853,B,1,1861,B/l,1,1883,B/l,1,1911,B/l,1,1960,B/l,1,1993,B/l,1,2001,B,1,2009,B/l,1,1111111111,'1111,1,Bos ontstaan voor 1775
403,ferraris009-2.jpg,6_4_Thourout.tif,Ichteghem - nr. 91,1775,B,1,1850,B/l,1,1853,B,1,1861,B/n,1,1883,B/n,1,1911,B/l,1,1960,B/l,1,1993,B/l,1,2001,B,1,2009,B/l,1,1111111111,'1111,1,Bos ontstaan voor 1775
404,ferraris009-2.jpg,6_4_Thourout.tif,Ichteghem - nr. 91,1775,B,1,1850,B/l,1,1853,B,1,1861,B/n,1,1883,B/n,1,1911,B/l,1,1960,B/l,1,1993,B/l,1,2001,B,1,2009,B/l,1,1111111111,'1111,1,Bos ontstaan voor 1775
405,ferraris009-2.jpg,6_4_Thourout.tif,Ichteghem - nr. 91,1775,B,1,1850,B/l,1,1853,B,1,1861,B/n,1,1883,B/n,1,1911,B/l,1,1960,B/l,1,1993,B/l,1,2001,B,1,2009,B/l,1,1111111111,'1111,1,Bos ontstaan voor 1775
406,ferraris009-2.jpg,6_4_Thourout.tif,Ichteghem - nr. 91,1775,B,1,1850,B/l,1,1853,B,1,1861,B/n,1,1883,B/n,1,1911,B/l,1,1960,B/l,1,1993,B/l,1,2001,B,1,2009,B/l,1,1111111111,'1111,1,Bos ontstaan voor 1775
407,ferraris009-2.jpg,6_4_Thourout.tif,Ichteghem - nr. 91,1775,B,1,1850,B/l,1,1853,B,1,1861,B/l,1,1883,B/l,1,1911,B/l,1,1960,B/l,1,1993,B/l,1,2001,B,1,2009,B/l,1,1111111111,'1111,1,Bos ontstaan voor 1775
408,ferraris009-2.jpg,6_4_Thourout.tif,Ichteghem - nr. 91,1775,B,1,1850,B/l,1,1853,B,1,1861,B/l,1,1883,B/l,1,1911,B/l,1,1960,B/l,1,1993,B/l,1,2001,B,1,2009,B/l,1,1111111111,'1111,1,Bos ontstaan voor 1775
409,ferraris009-2.jpg,6_4_Thourout.tif,Ichteghem - nr. 91,1775,B,1,1850,B/l,1,1853,B,1,1861,B/n,1,1883,B/n,1,1911,B/l,1,1960,B/l,1,1993,B/l,1,2001,B,1,2009,B/l,1,1111111111,'1111,1,Bos ontstaan voor 1775
410,ferraris009-2.jpg,6_4_Thourout.tif,Ichteghem - nr. 91,1775,B,1,1850,B/l,1,1853,B,1,1861,B/l,1,1883,B/l,1,1911,B/l,1,1960,B/l,1,1993,B/l,1,2001,B,1,2009,B/l,1,1111111111,'1111,1,Bos ontstaan voor 1775
411,ferraris009-2.jpg,6_4_Thourout.tif,Ichteghem - nr. 91,1775,B,1,1850,B/l,1,1853,B,1,1861,B/n,1,1883,B/n,1,1911,B/l,1,1960,B/l,1,1993,B/l,1,2001,B,1,2009,B/l,1,1111111111,'1111,1,Bos ontstaan voor 1775
412,ferraris009-2.jpg,6_4_Thourout.tif,Ichteghem - nr. 91,1775,B,1,1850,B/l,1,1853,B,1,1861,B/n,1,1883,B/n,1,1911,B/l,1,1960,B/l,1,1993,B/l,1,2001,B,1,2009,B/l,1,1111111111,'1111,1,Bos ontstaan voor 1775
413,ferraris009-2.jpg,6_4_Thourout.tif,Ichteghem - nr. 91,1775,B,1,1850,B/l,1,1853,B,1,1861,B/l,1,1883,B/l,1,1911,B/l,1,1960,B/l,1,1993,B/l,1,2001,B,1,2009,B/l,1,1111111111,'1111,1,Bos ontstaan voor 1775
414,ferraris009-2.jpg,6_4_Thourout.tif,Ichteghem - nr. 91,1775,B,1,1850,B/l,1,1853,B,1,1861,B/n,1,1883,B/n,1,1911,B/l,1,1960,B/l,1,1993,B/l,1,2001,B,1,2009,B/l,1,1111111111,'1111,1,Bos ontstaan voor 1775
415,ferraris009-2.jpg,6_4_Thourout.tif,Ichteghem - nr. 91,1775,B,1,1850,B/l,1,1853,B,1,1861,B/n,1,1883,B/n,1,1911,B/l,1,1960,B/l,1,1993,B/l,1,2001,B,1,2009,B/l,1,1111111111,'1111,1,Bos ontstaan voor 1775
416,ferraris009-2.jpg,6_4_Thourout.tif,Ichteghem - nr. 91,1775,B,1,1850,B/l,1,1853,B,1,1861,B/n,1,1883,B/n,1,1911,B/l,1,1960,B/l,1,1993,B/l,1,2001,B,1,2009,B/l,1,1111111111,'1111,1,Bos ontstaan voor 1775
417,ferraris009-2.jpg,6_4_Thourout.tif,Ichteghem - nr. 91,1775,B,1,1850,B/l,1,1853,B,1,1861,B/n,1,1883,B/n,1,1911,B/l,1,1960,B/l,1,1993,B/l,1,2001,B,1,2009,B/l,1,1111111111,'1111,1,Bos ontstaan voor 1775
418,ferraris009-2.jpg,6_4_Thourout.tif,Ichteghem - nr. 91,1775,B,1,1850,B/l,1,1853,B,1,1861,B/n,1,1883,B/n,1,1911,B/l,1,1960,B/l,1,1993,B/l,1,2001,B,1,2009,B/l,1,1111111111,'1111,1,Bos ontstaan voor 1775
419,ferraris009-2.jpg,6_4_Thourout.tif,Ichteghem - nr. 91,1775,B,1,1850,B/l,1,1853,B,1,1861,B/l,1,1883,B/l,1,1911,B/l,1,1960,B/l,1,1993,B/l,1,2001,B,1,2009,B/l,1,1111111111,'1111,1,Bos ontstaan voor 1775
420,ferraris009-2.jpg,6_4_Thourout.tif,Ichteghem - nr. 91,1775,B,1,1850,B/l,1,1853,B,1,1861,B/n,1,1883,B/n,1,1911,B/l,1,1960,B/l,1,1993,B/l,1,2001,B,1,2009,B/l,1,1111111111,'1111,1,Bos ontstaan voor 1775
421,ferraris009-2.jpg,6_4_Thourout.tif,Ichteghem - nr. 91,1775,B,1,1850,B/l,1,1853,B,1,1861,B/n,1,1883,B/n,1,1911,B/l,1,1960,B/l,1,1993,B/l,1,2001,B,1,2009,B/l,1,1111111111,'1111,1,Bos ontstaan voor 1775
422,ferraris009-2.jpg,6_4_Thourout.tif,Ichteghem - nr. 91,1775,B,1,1850,B/l,1,1853,B,1,1861,B/n,1,1883,B/n,1,1911,B/l,1,1960,B/l,1,1993,B/l,1,2001,B,1,2009,B/l,1,1111111111,'1111,1,Bos ontstaan voor 1775
423,ferraris009-2.jpg,6_4_Thourout.tif,Ichteghem - nr. 91,1775,B,1,1850,B/l,1,1853,B,1,1861,B/n,1,1883,B/n,1,1911,B/l,1,1960,B/l,1,1993,B/l,1,2001,B,1,2009,B/l,1,1111111111,'1111,1,Bos ontstaan voor 1775
424,ferraris009-2.jpg,6_4_Thourout.tif,Ichteghem - nr. 91,1775,B,1,1850,B/l,1,1853,B,1,1861,A,0,1883,A,0,1911,B/l,1,1960,B/l,1,1993,B/l,1,2001,B,1,2009,B/l,1,1110011111,'1111,1,Bos ontstaan voor 1775
425,ferraris009-2.jpg,6_4_Thourout.tif,Ichteghem - nr. 91,1775,B,1,1850,B/l,1,1853,B,1,1861,A,0,1883,A,0,1911,B/l,1,1960,B/l,1,1993,B/l,1,2001,B,1,2009,B/l,1,1110011111,'1111,1,Bos ontstaan voor 1775
426,ferraris009-2.jpg,6_4_Thourout.tif,Ichteghem - nr. 91,1775,B,1,1850,B/l,1,1853,B,1,1861,B/l,1,1883,B/l,1,1911,B/l,1,1960,B/l,1,1993,B/l,1,2001,B,1,2009,B/l,1,1111111111,'1111,1,Bos ontstaan voor 1775
427,ferraris009-2.jpg,6_4_Thourout.tif,Ichteghem - nr. 91,1775,B,1,1850,B/l,1,1853,B,1,1861,B/l,1,1883,B/l,1,1911,B/l,1,1960,B/l,1,1993,B/l,1,2001,B,1,2009,B/l,1,1111111111,'1111,1,Bos ontstaan voor 1775
428,ferraris009-2.jpg,6_4_Thourout.tif,Ichteghem - nr. 91,1775,B,1,1850,B/l,1,1853,B,1,1861,B/l,1,1883,B/l,1,1911,B/l,1,1960,B/l,1,1993,B/l,1,2001,B,1,2009,B/l,1,1111111111,'1111,1,Bos ontstaan voor 1775
429,ferraris009-2.jpg,6_4_Thourout.tif,Ichteghem - nr. 91,1775,B,1,1850,B/l,1,1853,B,1,1861,B/l,1,1883,B/l,1,1911,B/l,1,1960,B/l,1,1993,B/l,1,2001,B,1,2009,B/l,1,1111111111,'1111,1,Bos ontstaan voor 1775
430,ferraris009-2.jpg,6_4_Thourout.tif,Ichteghem - nr. 91,1775,B,1,1850,B/l,1,1853,B,1,1861,B/l,1,1883,B/l,1,1911,B/l,1,1960,B/l,1,1993,B/l,1,2001,B,1,2009,B/l,1,1111111111,'1111,1,Bos ontstaan voor 1775
431,ferraris009-2.jpg,6_4_Thourout.tif,Ichteghem - nr. 91,1775,B,1,1850,B/l,1,1853,B,1,1861,B/n,1,1883,B/n,1,1911,B/l,1,1960,B/l,1,1993,B/l,1,2001,B,1,2009,B/l,1,1111111111,'1111,1,Bos ontstaan voor 1775
432,ferraris009-2.jpg,6_4_Thourout.tif,Ichteghem - nr. 91,1775,B,1,1850,B/l,1,1853,B,1,1861,B/l,1,1883,B/l,1,1911,B/l,1,1960,B/l,1,1993,B/l,1,2001,B,1,2009,B/l,1,1111111111,'1111,1,Bos ontstaan voor 1775
433,ferraris009-2.jpg,6_4_Thourout.tif,Ichteghem - nr. 91,1775,B,1,1850,B/l,1,1853,B,1,1861,B/l,1,1883,B/l,1,1911,B/l,1,1960,B/l,1,1993,B/l,1,2001,B,1,2009,B/l,1,1111111111,'1111,1,Bos ontstaan voor 1775
434,ferraris009-2.jpg,6_4_Thourout.tif,Ichteghem - nr. 91,1775,B,1,1850,B/l,1,1853,B,1,1861,B/l,1,1883,B/l,1,1911,B/l,1,1960,B/l,1,1993,B/l,1,2001,B,1,2009,B/l,1,1111111111,'1111,1,Bos ontstaan voor 1775
435,ferraris009-2.jpg,6_4_Thourout.tif,Ichteghem - nr. 91,1775,B,1,1850,B/l,1,1853,B,1,1861,B/l,1,1883,B/l,1,1911,B/l,1,1960,B/l,1,1993,B/l,1,2001,B,1,2009,B/l,1,1111111111,'1111,1,Bos ontstaan voor 1775
436,ferraris009-2.jpg,6_4_Thourout.tif,Ichteghem - nr. 91,1775,B,1,1850,B/l,1,1853,B,1,1861,B/l,1,1883,B/l,1,1911,B/l,1,1960,B/l,1,1993,B/l,1,2001,B,1,2009,B/l,1,1111111111,'1111,1,Bos ontstaan voor 1775
437,ferraris009-2.jpg,6_4_Thourout.tif,Ichteghem - nr. 91,1775,B,1,1850,A,0,1853,B,1,1861,B/l,1,1883,B/l,1,1911,B/n,1,1960,B/l,1,1993,B/l,1,2001,B,1,2009,B/l,1,1011111111,'1011,3,Bos ontstaan tussen 1850 en +/- 1930
438,ferraris009-2.jpg,6_4_Thourout.tif,Ichteghem - nr. 91,1775,B,1,1850,B/l,1,1853,B,1,1861,B/n,1,1883,B/n,1,1911,B/n,1,1960,B/l,1,1993,B/l,1,2001,B,1,2009,B/l,1,1111111111,'1111,1,Bos ontstaan voor 1775
439,ferraris009-2.jpg,6_4_Thourout.tif,Ichteghem - nr. 91,1775,B,1,1850,B/l,1,1853,B,1,1861,B/n,1,1883,B/n,1,1911,B/n,1,1960,B/l,1,1993,B/l,1,2001,B,1,2009,B/l,1,1111111111,'1111,1,Bos ontstaan voor 1775
440,ferraris009-2.jpg,6_4_Thourout.tif,Ichteghem - nr. 91,1775,B,1,1850,B/l,1,1853,B,1,1861,B/n,1,1883,B/n,1,1911,B/n,1,1960,B/l,1,1993,B/l,1,2001,B,1,2009,B/l,1,1111111111,'1111,1,Bos ontstaan voor 1775
441,ferraris009-2.jpg,6_4_Thourout.tif,Ichteghem - nr. 91,1775,B,1,1850,B/l,1,1853,B,1,1861,B/l,1,1883,B/l,1,1911,B/l,1,1960,B/l,1,1993,B/l,1,2001,B,1,2009,B/l,1,1111111111,'1111,1,Bos ontstaan voor 1775
442,ferraris009-2.jpg,6_4_Thourout.tif,Ichteghem - nr. 91,1775,B,1,1850,B/l,1,1853,B,1,1861,B/l,1,1883,B/l,1,1911,B/l,1,1960,B/l,1,1993,B/l,1,2001,B,1,2009,B/l,1,1111111111,'1111,1,Bos ontstaan voor 1775
443,ferraris009-2.jpg,6_4_Thourout.tif,Ichteghem - nr. 91,1775,B,1,1850,B/l,1,1853,B,1,1861,B/l,1,1883,B/l,1,1911,B/l,1,1960,B/l,1,1993,B/l,1,2001,B,1,2009,B/l,1,1111111111,'1111,1,Bos ontstaan voor 1775
444,ferraris009-2.jpg,6_4_Thourout.tif,Ichteghem - nr. 91,1775,B,1,1850,B/l,1,1853,B,1,1861,B/l,1,1883,B/l,1,1911,B/l,1,1960,B/l,1,1993,B/l,1,2001,B,1,2009,B/l,1,1111111111,'1111,1,Bos ontstaan voor 1775
445,ferraris009-2.jpg,6_4_Thourout.tif,Ichteghem - nr. 91,1775,B,1,1850,B/l,1,1853,B,1,1861,B/n,1,1883,B/n,1,1911,B/l,1,1960,B/l,1,1993,B/l,1,2001,B,1,2009,B/l,1,1111111111,'1111,1,Bos ontstaan voor 1775
446,ferraris009-2.jpg,6_4_Thourout.tif,Ichteghem - nr. 91,1775,B,1,1850,B/l,1,1853,B,1,1861,B/n,1,1883,B/n,1,1911,B/n,1,1960,B/l,1,1993,B/l,1,2001,B,1,2009,B/l,1,1111111111,'1111,1,Bos ontstaan voor 1775
447,ferraris009-2.jpg,6_4_Thourout.tif,Ichteghem - nr. 91,1775,B,1,1850,B/l,1,1853,B,1,1861,B/n,1,1883,B/n,1,1911,B/n,1,1960,B/l,1,1993,B/l,1,2001,B,1,2009,B/l,1,1111111111,'1111,1,Bos ontstaan voor 1775
448,ferraris009-2.jpg,6_4_Thourout.tif,Ichteghem - nr. 91,1775,B,1,1850,B/l,1,1853,B,1,1861,B/n,1,1883,B/n,1,1911,B/l,1,1960,B/l,1,1993,B/l,1,2001,B,1,2009,B/l,1,1111111111,'1111,1,Bos ontstaan voor 1775
449,ferraris009-2.jpg,6_4_Thourout.tif,Ichteghem - nr. 91,1775,B,1,1850,B/l,1,1853,B,1,1861,B/n,1,1883,B/n,1,1911,B/l,1,1960,B/l,1,1993,B/l,1,2001,B,1,2009,B/l,1,1111111111,'1111,1,Bos ontstaan voor 1775
450,ferraris009-2.jpg,6_4_Thourout.tif,Ichteghem - nr. 91,1775,B,1,1850,B/l,1,1853,B,1,1861,B/n,1,1883,B/n,1,1911,B/n,1,1960,B/l,1,1993,B/l,1,2001,B,1,2009,B/l,1,1111111111,'1111,1,Bos ontstaan voor 1775
451,ferraris009-2.jpg,6_4_Thourout.tif,Ichteghem - nr. 91,1775,B,1,1850,B/l,1,1853,B,1,1861,B/l,1,1883,B/l,1,1911,B/l,1,1960,B/l,1,1993,B/l,1,2001,B,1,2009,B/l,1,1111111111,'1111,1,Bos ontstaan voor 1775
452,ferraris009-2.jpg,6_4_Thourout.tif,Ichteghem - nr. 91,1775,B,1,1850,B/l,1,1853,B,1,1861,B/l,1,1883,B/l,1,1911,B/l,1,1960,B/l,1,1993,B/l,1,2001,B,1,2009,B/l,1,1111111111,'1111,1,Bos ontstaan voor 1775
453,ferraris009-2.jpg,6_4_Thourout.tif,Ichteghem - nr. 91,1775,B,1,1850,B/l,1,1853,B,1,1861,B/l,1,1883,B/l,1,1911,B/l,1,1960,B/l,1,1993,B/l,1,2001,B,1,2009,B/l,1,1111111111,'1111,1,Bos ontstaan voor 1775
454,ferraris009-2.jpg,6_4_Thourout.tif,Ichteghem - nr. 91,1775,B,1,1850,B/l,1,1853,B,1,1861,B/l,1,1883,B/l,1,1911,B/l,1,1960,B/l,1,1993,B/l,1,2001,B,1,2009,B/l,1,1111111111,'1111,1,Bos ontstaan voor 1775
455,ferraris009-2.jpg,6_4_Thourout.tif,Ichteghem - nr. 91,1775,B,1,1850,A,0,1853,A,0,1861,A,0,1883,B/n,1,1911,B/n,1,1960,B/l,1,1993,B/l,1,2001,B,1,2009,B/l,1,1000111111,'1011,3,Bos ontstaan tussen 1850 en +/- 1930
456,ferraris009-2.jpg,6_4_Thourout.tif,Ichteghem - nr. 91,1775,B,1,1850,B/l,1,1853,B,1,1861,B/l,1,1883,B/l,1,1911,B/l,1,1960,B/l,1,1993,B/l,1,2001,B,1,2009,B/l,1,1111111111,'1111,1,Bos ontstaan voor 1775
457,ferraris009-2.jpg,6_4_Thourout.tif,Ichteghem - nr. 91,1775,B,1,1850,A,0,1853,B,1,1861,B/l,1,1883,B/l,1,1911,B/l,1,1960,B/l,1,1993,B/l,1,2001,B,1,2009,B/l,1,1011111111,'1011,3,Bos ontstaan tussen 1850 en +/- 1930
458,ferraris009-2.jpg,6_4_Thourout.tif,Ichteghem - nr. 91,1775,B,1,1850,A,0,1853,A,0,1861,A,0,1883,B/n,1,1911,B/n,1,1960,B/l,1,1993,B/l,1,2001,B,1,2009,B/l,1,1000111111,'1011,3,Bos ontstaan tussen 1850 en +/- 1930
459,ferraris009-2.jpg,6_4_Thourout.tif,Ichteghem - nr. 91,1775,B,1,1850,B/l,1,1853,B,1,1861,B/l,1,1883,B/l,1,1911,B/l,1,1960,B/l,1,1993,B/l,1,2001,B,1,2009,B/l,1,1111111111,'1111,1,Bos ontstaan voor 1775
460,ferraris009-2.jpg,6_4_Thourout.tif,Ichteghem - nr. 91,1775,B,1,1850,A,0,1853,B,1,1861,B/l,1,1883,B/l,1,1911,B/l,1,1960,B/l,1,1993,B/l,1,2001,B,1,2009,B/l,1,1011111111,'1011,3,Bos ontstaan tussen 1850 en +/- 1930
461,ferraris009-2.jpg,6_4_Thourout.tif,Ichteghem - nr. 91,1775,B,1,1850,A,0,1853,A,0,1861,A,0,1883,B/n,1,1911,B/n,1,1960,B/l,1,1993,B/l,1,2001,B,1,2009,B/l,1,1000111111,'1011,3,Bos ontstaan tussen 1850 en +/- 1930
462,ferraris009-2.jpg,6_4_Thourout.tif,Ichteghem - nr. 91,1775,B,1,1850,B/l,1,1853,B,1,1861,B/l,1,1883,B/l,1,1911,B/l,1,1960,B/l,1,1993,B/l,1,2001,B,1,2009,B/l,1,1111111111,'1111,1,Bos ontstaan voor 1775
463,ferraris009-2.jpg,6_4_Thourout.tif,Ichteghem - nr. 91,1775,B,1,1850,B/l,1,1853,B,1,1861,B/l,1,1883,B/l,1,1911,B/l,1,1960,B/l,1,1993,B/l,1,2001,B,1,2009,B/l,1,1111111111,'1111,1,Bos ontstaan voor 1775
464,ferraris009-2.jpg,6_4_Thourout.tif,Ichteghem - nr. 91,1775,B,1,1850,A,0,1853,A,0,1861,A,0,1883,B/n,1,1911,B/n,1,1960,B/l,1,1993,B/l,1,2001,B,1,2009,B/l,1,1000111111,'1011,3,Bos ontstaan tussen 1850 en +/- 1930
465,ferraris009-2.jpg,6_4_Thourout.tif,Ichteghem - nr. 91,1775,B,1,1850,B/l,1,1853,B,1,1861,B/l,1,1883,B/l,1,1911,B/l,1,1960,B/l,1,1993,B/l,1,2001,B,1,2009,B/l,1,1111111111,'1111,1,Bos ontstaan voor 1775
466,ferraris009-2.jpg,6_4_Thourout.tif,Ichteghem - nr. 91,1775,B,1,1850,A,0,1853,A,0,1861,A,0,1883,B/n,1,1911,B/n,1,1960,B/l,1,1993,B/l,1,2001,B,1,2009,B/l,1,1000111111,'1011,3,Bos ontstaan tussen 1850 en +/- 1930
467,ferraris009-2.jpg,6_4_Thourout.tif,Ichteghem - nr. 91,1775,B,1,1850,B/l,1,1853,B,1,1861,B/l,1,1883,B/l,1,1911,B/l,1,1960,B/l,1,1993,B/l,1,2001,B,1,2009,B/l,1,1111111111,'1111,1,Bos ontstaan voor 1775
468,ferraris009-2.jpg,6_4_Thourout.tif,Ichteghem - nr. 91,1775,B,1,1850,A,0,1853,B,1,1861,B/l,1,1883,B/l,1,1911,B/l,1,1960,B/l,1,1993,B/l,1,2001,B,1,2009,B/l,1,1011111111,'1011,3,Bos ontstaan tussen 1850 en +/- 1930
469,ferraris009-2.jpg,6_4_Thourout.tif,Ichteghem - nr. 91,1775,B,1,1850,A,0,1853,A,0,1861,A,0,1883,B/n,1,1911,B/n,1,1960,B/l,1,1993,B/l,1,2001,B,1,2009,B/l,1,1000111111,'1011,3,Bos ontstaan tussen 1850 en +/- 1930
470,ferraris009-2.jpg,6_4_Thourout.tif,Ichteghem - nr. 91,1775,B,1,1850,B/l,1,1853,B,1,1861,B/l,1,1883,B/l,1,1911,B/l,1,1960,B/l,1,1993,B/l,1,2001,B,1,2009,B/l,1,1111111111,'1111,1,Bos ontstaan voor 1775
471,ferraris009-2.jpg,6_4_Thourout.tif,Ichteghem - nr. 91,1775,B,1,1850,B/l,1,1853,B,1,1861,B/l,1,1883,B/l,1,1911,B/l,1,1960,B/l,1,1993,B/l,1,2001,B,1,2009,B/l,1,1111111111,'1111,1,Bos ontstaan voor 1775
472,ferraris009-2.jpg,6_4_Thourout.tif,Ichteghem - nr. 91,1775,B,1,1850,B/l,1,1853,B,1,1861,B/n,1,1883,B/n,1,1911,B/l,1,1960,B/l,1,1993,B/l,1,2001,B,1,2009,B/l,1,1111111111,'1111,1,Bos ontstaan voor 1775
473,ferraris009-2.jpg,6_4_Thourout.tif,Ichteghem - nr. 91,1775,B,1,1850,B/l,1,1853,B,1,1861,B/n,1,1883,B/n,1,1911,B/l,1,1960,B/l,1,1993,B/l,1,2001,B,1,2009,B/l,1,1111111111,'1111,1,Bos ontstaan voor 1775
474,ferraris009-2.jpg,6_4_Thourout.tif,Ichteghem - nr. 91,1775,B,1,1850,B/l,1,1853,B,1,1861,B/l,1,1883,B/l,1,1911,B/l,1,1960,B/l,1,1993,B/l,1,2001,B,1,2009,B/l,1,1111111111,'1111,1,Bos ontstaan voor 1775
475,ferraris009-2.jpg,6_4_Thourout.tif,Ichteghem - nr. 91,1775,B,1,1850,A,0,1853,B,1,1861,B/l,1,1883,B/l,1,1911,B/n,1,1960,B/n,1,1993,B/n,1,2001,B,1,2009,B/l,1,1011111111,'1011,3,Bos ontstaan tussen 1850 en +/- 1930
476,ferraris009-2.jpg,6_4_Thourout.tif,Ichteghem - nr. 91,1775,B,1,1850,B/l,1,1853,B,1,1861,B/n,1,1883,B/n,1,1911,B/l,1,1960,B/l,1,1993,B/l,1,2001,B,1,2009,B/l,1,1111111111,'1111,1,Bos ontstaan voor 1775
477,ferraris009-2.jpg,6_4_Thourout.tif,Ichteghem - nr. 91,1775,B,1,1850,B/l,1,1853,B,1,1861,B/l,1,1883,B/l,1,1911,B/l,1,1960,B/l,1,1993,B/l,1,2001,B,1,2009,B/l,1,1111111111,'1111,1,Bos ontstaan voor 1775
478,ferraris009-2.jpg,6_4_Thourout.tif,Ichteghem - nr. 91,1775,B,1,1850,B/l,1,1853,B,1,1861,B/l,1,1883,B/l,1,1911,B/l,1,1960,B/l,1,1993,B/l,1,2001,B,1,2009,B/l,1,1111111111,'1111,1,Bos ontstaan voor 1775
479,ferraris009-2.jpg,6_4_Thourout.tif,Ichteghem - nr. 91,1775,B,1,1850,B/l,1,1853,B,1,1861,B/n,1,1883,B/n,1,1911,B/l,1,1960,B/l,1,1993,B/l,1,2001,B,1,2009,B/l,1,1111111111,'1111,1,Bos ontstaan voor 1775
480,ferraris009-2.jpg,6_4_Thourout.tif,Ichteghem - nr. 91,1775,B,1,1850,B/l,1,1853,B,1,1861,B/n,1,1883,B/n,1,1911,B/l,1,1960,B/l,1,1993,B/l,1,2001,B,1,2009,B/l,1,1111111111,'1111,1,Bos ontstaan voor 1775
481,ferraris009-2.jpg,6_4_Thourout.tif,Ichteghem - nr. 91,1775,B,1,1850,B/l,1,1853,B,1,1861,B/l,1,1883,B/l,1,1911,B/l,1,1960,B/l,1,1993,B/l,1,2001,B,1,2009,B/l,1,1111111111,'1111,1,Bos ontstaan voor 1775
482,ferraris009-2.jpg,6_4_Thourout.tif,Ichteghem - nr. 91,1775,B,1,1850,A,0,1853,B,1,1861,B/l,1,1883,B/l,1,1911,B/n,1,1960,B/n,1,1993,B/n,1,2001,B,1,2009,B/l,1,1011111111,'1011,3,Bos ontstaan tussen 1850 en +/- 1930
483,ferraris009-2.jpg,6_4_Thourout.tif,Ichteghem - nr. 91,1775,B,1,1850,B/l,1,1853,B,1,1861,B/n,1,1883,B/n,1,1911,B/l,1,1960,B/l,1,1993,B/l,1,2001,B,1,2009,B/l,1,1111111111,'1111,1,Bos ontstaan voor 1775
484,ferraris009-2.jpg,6_4_Thourout.tif,Ichteghem - nr. 91,1775,B,1,1850,B/l,1,1853,B,1,1861,B/l,1,1883,B/l,1,1911,B/l,1,1960,B/l,1,1993,B/l,1,2001,B,1,2009,B/l,1,1111111111,'1111,1,Bos ontstaan voor 1775
485,ferraris009-2.jpg,6_4_Thourout.tif,Ichteghem - nr. 91,1775,B,1,1850,B/l,1,1853,B,1,1861,B/l,1,1883,B/l,1,1911,B/l,1,1960,B/l,1,1993,B/l,1,2001,B,1,2009,B/l,1,1111111111,'1111,1,Bos ontstaan voor 1775
486,ferraris009-2.jpg,6_4_Thourout.tif,Ichteghem - nr. 91,1775,B,1,1850,B/l,1,1853,B,1,1861,B/l,1,1883,B/l,1,1911,B/l,1,1960,B/l,1,1993,B/l,1,2001,B,1,2009,B/l,1,1111111111,'1111,1,Bos ontstaan voor 1775
487,ferraris009-2.jpg,6_4_Thourout.tif,Ichteghem - nr. 91,1775,B,1,1850,B/l,1,1853,B,1,1861,B/n,1,1883,B/n,1,1911,B/n,1,1960,B/l,1,1993,B/l,1,2001,B,1,2009,B/l,1,1111111111,'1111,1,Bos ontstaan voor 1775
488,ferraris009-2.jpg,6_4_Thourout.tif,Ichteghem - nr. 91,1775,B,1,1850,B/l,1,1853,B,1,1861,B/l,1,1883,B/l,1,1911,B/l,1,1960,B/l,1,1993,B/l,1,2001,B,1,2009,B/l,1,1111111111,'1111,1,Bos ontstaan voor 1775
489,ferraris009-2.jpg,6_4_Thourout.tif,Ichteghem - nr. 91,1775,B,1,1850,B/l,1,1853,B,1,1861,B/n,1,1883,B/n,1,1911,B/l,1,1960,B/l,1,1993,B/l,1,2001,B,1,2009,B/l,1,1111111111,'1111,1,Bos ontstaan voor 1775
490,ferraris009-2.jpg,6_4_Thourout.tif,Ichteghem - nr. 91,1775,B,1,1850,B/l,1,1853,B,1,1861,B/n,1,1883,B/n,1,1911,B/l,1,1960,B/l,1,1993,B/l,1,2001,B,1,2009,B/l,1,1111111111,'1111,1,Bos ontstaan voor 1775
491,ferraris009-2.jpg,6_4_Thourout.tif,Ichteghem - nr. 91,1775,B,1,1850,B/l,1,1853,B,1,1861,B/n,1,1883,B/n,1,1911,B/n,1,1960,B/l,1,1993,B/l,1,2001,B,1,2009,B/l,1,1111111111,'1111,1,Bos ontstaan voor 1775
492,ferraris009-2.jpg,6_4_Thourout.tif,Ichteghem - nr. 91,1775,B,1,1850,B/l,1,1853,B,1,1861,B/l,1,1883,B/l,1,1911,B/l,1,1960,B/l,1,1993,B/l,1,2001,B,1,2009,B/l,1,1111111111,'1111,1,Bos ontstaan voor 1775
493,ferraris009-2.jpg,6_4_Thourout.tif,Ichteghem - nr. 91,1775,B,1,1850,B/l,1,1853,B,1,1861,B/l,1,1883,B/l,1,1911,B/l,1,1960,B/l,1,1993,B/l,1,2001,B,1,2009,B/l,1,1111111111,'1111,1,Bos ontstaan voor 1775
494,ferraris009-2.jpg,6_4_Thourout.tif,Ichteghem - nr. 91,1775,B,1,1850,B/l,1,1853,B,1,1861,B/l,1,1883,B/l,1,1911,B/l,1,1960,B/l,1,1993,B/l,1,2001,B,1,2009,B/l,1,1111111111,'1111,1,Bos ontstaan voor 1775
495,ferraris009-2.jpg,6_4_Thourout.tif,Ichteghem - nr. 91,1775,B,1,1850,B/l,1,1853,B,1,1861,B/l,1,1883,B/l,1,1911,B/l,1,1960,B/l,1,1993,B/l,1,2001,B,1,2009,B/l,1,1111111111,'1111,1,Bos ontstaan voor 1775
496,ferraris009-2.jpg,6_4_Thourout.tif,Ichteghem - nr. 91,1775,B,1,1850,B/l,1,1853,B,1,1861,B/l,1,1883,B/l,1,1911,B/l,1,1960,B/l,1,1993,B/l,1,2001,B,1,2009,B/l,1,1111111111,'1111,1,Bos ontstaan voor 1775
497,ferraris009-2.jpg,6_4_Thourout.tif,Ichteghem - nr. 91,1775,B,1,1850,B/l,1,1853,B,1,1861,B/l,1,1883,B/l,1,1911,B/l,1,1960,B/l,1,1993,B/l,1,2001,B,1,2009,B/l,1,1111111111,'1111,1,Bos ontstaan voor 1775
498,ferraris009-2.jpg,6_4_Thourout.tif,Ichteghem - nr. 91,1775,B,1,1850,B/l,1,1853,B,1,1861,B/l,1,1883,B/l,1,1911,B/l,1,1960,B/l,1,1993,B/l,1,2001,B,1,2009,B/l,1,1111111111,'1111,1,Bos ontstaan voor 1775
499,ferraris009-2.jpg,6_4_Thourout.tif,Ichteghem - nr. 91,1775,B,1,1850,B/l,1,1853,B,1,1861,B/l,1,1883,B/l,1,1911,B/l,1,1960,B/l,1,1993,B/l,1,2001,B,1,2009,B/l,1,1111111111,'1111,1,Bos ontstaan voor 1775
500,ferraris009-2.jpg,6_4_Thourout.tif,Ichteghem - nr. 91,1775,B,1,1850,B/l,1,1853,B,1,1861,B/l,1,1883,B/l,1,1911,B/l,1,1960,B/l,1,1993,B/l,1,2001,B,1,2009,B/l,1,1111111111,'1111,1,Bos ontstaan voor 1775
501,ferraris009-2.jpg,6_4_Thourout.tif,Ichteghem - nr. 91,1775,B,1,1850,B/l,1,1853,B,1,1861,B/l,1,1883,B/l,1,1911,B/l,1,1960,B/l,1,1993,B/l,1,2001,B,1,2009,B/l,1,1111111111,'1111,1,Bos ontstaan voor 1775
502,ferraris009-2.jpg,6_4_Thourout.tif,Ichteghem - nr. 91,1775,B,1,1850,B/l,1,1853,B,1,1861,B/n,1,1883,B/n,1,1911,B/n,1,1960,B/l,1,1993,B/l,1,2001,B,1,2009,B/l,1,1111111111,'1111,1,Bos ontstaan voor 1775
503,ferraris009-2.jpg,6_4_Thourout.tif,Ichteghem - nr. 91,1775,B,1,1850,B/l,1,1853,B,1,1861,B/l,1,1883,B/l,1,1911,B/l,1,1960,B/l,1,1993,B/l,1,2001,B,1,2009,B/l,1,1111111111,'1111,1,Bos ontstaan voor 1775
504,ferraris009-2.jpg,6_4_Thourout.tif,Ichteghem - nr. 91,1775,B,1,1850,B/l,1,1853,B,1,1861,B/n,1,1883,B/n,1,1911,B/n,1,1960,B/l,1,1993,B/l,1,2001,B,1,2009,B/l,1,1111111111,'1111,1,Bos ontstaan voor 1775
505,ferraris009-2.jpg,6_4_Thourout.tif,Ichteghem - nr. 91,1775,B,1,1850,B/l,1,1853,B,1,1861,B/l,1,1883,B/l,1,1911,B/l,1,1960,B/l,1,1993,B/l,1,2001,B,1,2009,B/l,1,1111111111,'1111,1,Bos ontstaan voor 1775
506,ferraris009-2.jpg,6_4_Thourout.tif,Ichteghem - nr. 91,1775,B,1,1850,B/l,1,1853,B,1,1861,B/n,1,1883,B/n,1,1911,B/l,1,1960,B/l,1,1993,B/l,1,2001,B,1,2009,B/l,1,1111111111,'1111,1,Bos ontstaan voor 1775
507,ferraris009-2.jpg,6_4_Thourout.tif,Ichteghem - nr. 91,1775,B,1,1850,B/l,1,1853,B,1,1861,B/l,1,1883,B/l,1,1911,B/l,1,1960,B/l,1,1993,B/l,1,2001,B,1,2009,B/l,1,1111111111,'1111,1,Bos ontstaan voor 1775
508,ferraris009-2.jpg,6_4_Thourout.tif,Ichteghem - nr. 91,1775,B,1,1850,B/l,1,1853,B,1,1861,B/l,1,1883,B/l,1,1911,B/l,1,1960,B/l,1,1993,B/l,1,2001,B,1,2009,B/l,1,1111111111,'1111,1,Bos ontstaan voor 1775
509,ferraris009-2.jpg,6_4_Thourout.tif,Ichteghem - nr. 91,1775,B,1,1850,B/l,1,1853,B,1,1861,B/l,1,1883,B/l,1,1911,B/l,1,1960,B/l,1,1993,B/l,1,2001,B,1,2009,B/l,1,1111111111,'1111,1,Bos ontstaan voor 1775
510,ferraris009-2.jpg,6_4_Thourout.tif,Ichteghem - nr. 91,1775,B,1,1850,B/l,1,1853,B,1,1861,B/l,1,1883,B/l,1,1911,B/l,1,1960,B/l,1,1993,B/l,1,2001,B,1,2009,B/l,1,1111111111,'1111,1,Bos ontstaan voor 1775
511,ferraris009-2.jpg,6_4_Thourout.tif,Ichteghem - nr. 91,1775,B,1,1850,B/l,1,1853,B,1,1861,B/l,1,1883,B/l,1,1911,B/l,1,1960,B/l,1,1993,B/l,1,2001,B,1,2009,B/l,1,1111111111,'1111,1,Bos ontstaan voor 1775
512,ferraris009-2.jpg,6_4_Thourout.tif,Ichteghem - nr. 91,1775,B,1,1850,B/l,1,1853,B,1,1861,B/l,1,1883,B/l,1,1911,B/l,1,1960,B/l,1,1993,B/l,1,2001,B,1,2009,B/l,1,1111111111,'1111,1,Bos ontstaan voor 1775
513,ferraris009-2.jpg,6_4_Thourout.tif,Ichteghem - nr. 91,1775,B,1,1850,B/l,1,1853,B,1,1861,B/l,1,1883,B/l,1,1911,B/l,1,1960,B/l,1,1993,B/l,1,2001,B,1,2009,B/l,1,1111111111,'1111,1,Bos ontstaan voor 1775
514,ferraris009-2.jpg,6_4_Thourout.tif,Ichteghem - nr. 91,1775,B,1,1850,B/l,1,1853,B,1,1861,B/n,1,1883,B/n,1,1911,B/n,1,1960,B/l,1,1993,B/l,1,2001,B,1,2009,B/l,1,1111111111,'1111,1,Bos ontstaan voor 1775
515,ferraris009-2.jpg,6_4_Thourout.tif,Ichteghem - nr. 91,1775,B,1,1850,B/l,1,1853,B,1,1861,B/l,1,1883,B/l,1,1911,B/l,1,1960,B/l,1,1993,B/l,1,2001,B,1,2009,B/l,1,1111111111,'1111,1,Bos ontstaan voor 1775
516,ferraris009-2.jpg,6_4_Thourout.tif,Ichteghem - nr. 91,1775,B,1,1850,B/l,1,1853,B,1,1861,B/l,1,1883,B/l,1,1911,B/l,1,1960,B/l,1,1993,B/l,1,2001,B,1,2009,B/l,1,1111111111,'1111,1,Bos ontstaan voor 1775
517,ferraris009-2.jpg,6_4_Thourout.tif,Ichteghem - nr. 91,1775,B,1,1850,B/l,1,1853,B,1,1861,B/n,1,1883,B/n,1,1911,B/l,1,1960,B/l,1,1993,B/l,1,2001,B,1,2009,B/l,1,1111111111,'1111,1,Bos ontstaan voor 1775
518,ferraris009-2.jpg,6_4_Thourout.tif,Ichteghem - nr. 91,1775,B,1,1850,B/l,1,1853,B,1,1861,B/n,1,1883,B/n,1,1911,B/n,1,1960,B/l,1,1993,B/l,1,2001,B,1,2009,B/l,1,1111111111,'1111,1,Bos ontstaan voor 1775
519,ferraris009-2.jpg,6_4_Thourout.tif,Ichteghem - nr. 91,1775,B,1,1850,B/l,1,1853,B,1,1861,B/l,1,1883,B/l,1,1911,B/l,1,1960,B/l,1,1993,B/l,1,2001,B,1,2009,B/l,1,1111111111,'1111,1,Bos ontstaan voor 1775
520,ferraris009-2.jpg,6_4_Thourout.tif,Ichteghem - nr. 91,1775,B,1,1850,B/l,1,1853,B,1,1861,B/n,1,1883,B/n,1,1911,B/l,1,1960,B/l,1,1993,B/l,1,2001,B,1,2009,B/l,1,1111111111,'1111,1,Bos ontstaan voor 1775
521,ferraris009-2.jpg,6_4_Thourout.tif,Ichteghem - nr. 91,1775,B,1,1850,B/l,1,1853,B,1,1861,B/n,1,1883,B/n,1,1911,B/n,1,1960,B/l,1,1993,B/l,1,2001,B,1,2009,B/l,1,1111111111,'1111,1,Bos ontstaan voor 1775
522,ferraris009-2.jpg,6_4_Thourout.tif,Ichteghem - nr. 91,1775,B,1,1850,B/l,1,1853,B,1,1861,B/n,1,1883,B/n,1,1911,B/l,1,1960,B/l,1,1993,B/l,1,2001,B,1,2009,B/l,1,1111111111,'1111,1,Bos ontstaan voor 1775
523,ferraris009-2.jpg,6_4_Thourout.tif,Ichteghem - nr. 91,1775,B,1,1850,B/l,1,1853,B,1,1861,B/n,1,1883,B/n,1,1911,B/n,1,1960,B/l,1,1993,B/l,1,2001,B,1,2009,B/l,1,1111111111,'1111,1,Bos ontstaan voor 1775
701,ferraris056-3.jpg,3_13_st_nicolas.tif,Sinay - nr. 242,1775,B,1,1850,B/l,1,1852,B,1,1869,A,0,1881,A,0,1948,B/l,1,1960,B/l,1,1993,B/l,1,2001,B,1,2009,B/l,1,1110011111,'1111,1,Bos ontstaan voor 1775
702,ferraris056-3.jpg,3_13_st_nicolas.tif,Sinay - nr. 242,1775,B,1,1850,B/l,1,1852,B,1,1869,A,0,1881,A,0,1948,B/l,1,1960,B/l,1,1993,B/l,1,2001,B,1,2009,B/l,1,1110011111,'1111,1,Bos ontstaan voor 1775
703,ferraris056-3.jpg,3_13_st_nicolas.tif,Sinay - nr. 242,1775,B,1,1850,B/l,1,1852,B,1,1869,A,0,1881,A,0,1948,B/l,1,1960,B/l,1,1993,B/l,1,2001,B,1,2009,B/l,1,1110011111,'1111,1,Bos ontstaan voor 1775
704,ferraris056-3.jpg,3_13_st_nicolas.tif,Sinay - nr. 242,1775,B,1,1850,B/l,1,1852,B,1,1869,A,0,1881,A,0,1948,B/l,1,1960,B/l,1,1993,B/l,1,2001,B,1,2009,B/l,1,1110011111,'1111,1,Bos ontstaan voor 1775
705,ferraris056-3.jpg,3_13_st_nicolas.tif,Sinay - nr. 242,1775,B,1,1850,B/l,1,1852,B,1,1869,A,0,1881,A,0,1948,B/l,1,1960,B/l,1,1993,B/l,1,2001,B,1,2009,B/l,1,1110011111,'1111,1,Bos ontstaan voor 1775
706,ferraris056-3.jpg,3_13_st_nicolas.tif,Sinay - nr. 242,1775,B,1,1850,B/l,1,1852,B,1,1869,A,0,1881,A,0,1948,B/l,1,1960,B/n,1,1993,B/n,1,2001,B,1,2009,B/n,1,1110011111,'1111,1,Bos ontstaan voor 1775
707,ferraris056-3.jpg,3_13_st_nicolas.tif,Sinay - nr. 242,1775,B,1,1850,B/l,1,1852,B,1,1869,A,0,1881,A,0,1948,B/l,1,1960,B/l,1,1993,B/l,1,2001,B,1,2009,B/l,1,1110011111,'1111,1,Bos ontstaan voor 1775
708,ferraris056-3.jpg,3_13_st_nicolas.tif,Sinay - nr. 242,1775,B,1,1850,B/l,1,1852,B,1,1869,A,0,1881,A,0,1948,B/l,1,1960,B/l,1,1993,B/l,1,2001,B,1,2009,B/l,1,1110011111,'1111,1,Bos ontstaan voor 1775
709,ferraris056-3.jpg,3_13_st_nicolas.tif,Sinay - nr. 242,1775,B,1,1850,B/l,1,1852,B,1,1869,A,0,1881,A,0,1948,B/l,1,1960,B/l,1,1993,B/l,1,2001,B,1,2009,B/l,1,1110011111,'1111,1,Bos ontstaan voor 1775
710,ferraris056-3.jpg,3_13_st_nicolas.tif,Sinay - nr. 242,1775,B,1,1850,B/l,1,1852,B,1,1869,A,0,1881,A,0,1948,B/l,1,1960,B/l,1,1993,B/l,1,2001,B,1,2009,B/l,1,1110011111,'1111,1,Bos ontstaan voor 1775
711,ferraris056-3.jpg,3_13_st_nicolas.tif,Sinay - nr. 242,1775,G,0,1850,B/l,1,1852,B,1,1869,A,0,1881,A,0,1948,B/l,1,1960,B/l,1,1993,B/l,1,2001,B,1,2009,B/l,1,0110011111,'0111,2,Bos ontstaan tussen 1775 en 1850
712,ferraris056-3.jpg,3_13_st_nicolas.tif,Sinay - nr. 242,1775,B,1,1850,B/l,1,1852,B,1,1869,A,0,1881,A,0,1948,B/l,1,1960,B/l,1,1993,B/l,1,2001,B,1,2009,B/l,1,1110011111,'1111,1,Bos ontstaan voor 1775
713,ferraris056-3.jpg,3_13_st_nicolas.tif,Sinay - nr. 242,1775,G,0,1850,B/l,1,1852,B,1,1869,B/l,1,1881,B/l,1,1948,B/l,1,1960,B/l,1,1993,B/l,1,2001,B,1,2009,B/l,1,0111111111,'0111,2,Bos ontstaan tussen 1775 en 1850
714,ferraris056-3.jpg,3_13_st_nicolas.tif,Sinay - nr. 242,1775,G,0,1850,B/l,1,1852,B,1,1869,B/l,1,1881,B/l,1,1948,B/l,1,1960,B/l,1,1993,B/l,1,2001,B,1,2009,B/l,1,0111111111,'0111,2,Bos ontstaan tussen 1775 en 1850
715,ferraris056-3.jpg,3_13_st_nicolas.tif,Sinay - nr. 242,1775,B,1,1850,B/l,1,1852,B,1,1869,B/l,1,1881,B/l,1,1948,B/l,1,1960,B/l,1,1993,B/l,1,2001,B,1,2009,B/l,1,1111111111,'1111,1,Bos ontstaan voor 1775
716,ferraris056-3.jpg,3_13_st_nicolas.tif,Sinay - nr. 242,1775,G,0,1850,B/l,1,1852,B,1,1869,B/l,1,1881,B/l,1,1948,B/l,1,1960,B/l,1,1993,B/l,1,2001,B,1,2009,B/l,1,0111111111,'0111,2,Bos ontstaan tussen 1775 en 1850
717,ferraris056-3.jpg,3_13_st_nicolas.tif,Sinay - nr. 242,1775,G,0,1850,B/l,1,1852,B,1,1869,B/l,1,1881,B/l,1,1948,B/l,1,1960,B/l,1,1993,B/l,1,2001,B,1,2009,B/l,1,0111111111,'0111,2,Bos ontstaan tussen 1775 en 1850
718,ferraris056-3.jpg,3_13_st_nicolas.tif,Sinay - nr. 242,1775,G,0,1850,B/l,1,1852,B,1,1869,B/l,1,1881,B/l,1,1948,B/l,1,1960,B/l,1,1993,B/l,1,2001,B,1,2009,B/l,1,0111111111,'0111,2,Bos ontstaan tussen 1775 en 1850
719,ferraris056-3.jpg,3_13_st_nicolas.tif,Sinay - nr. 242,1775,B,1,1850,B/l,1,1852,B,1,1869,A,0,1881,A,0,1948,B/l,1,1960,B/l,1,1993,B/l,1,2001,B,1,2009,B/l,1,1110011111,'1111,1,Bos ontstaan voor 1775
720,ferraris056-3.jpg,3_13_st_nicolas.tif,Sinay - nr. 242,1775,B + W,1,1850,B/l,1,1852,B,1,1869,A,0,1881,A,0,1948,B/l,1,1960,B/l,1,1993,B/l,1,2001,B,1,2009,B/l,1,1110011111,'1111,1,Bos ontstaan voor 1775
721,ferraris056-3.jpg,3_13_st_nicolas.tif,Sinay - nr. 242,1775,B,1,1850,B/l,1,1852,B,1,1869,A,0,1881,A,0,1948,B/l,1,1960,B/l,1,1993,B/l,1,2001,B,1,2009,B/l,1,1110011111,'1111,1,Bos ontstaan voor 1775
722,ferraris056-3.jpg,3_13_st_nicolas.tif,Sinay - nr. 242,1775,B,1,1850,B/l,1,1852,B,1,1869,A,0,1881,A,0,1948,B/l,1,1960,B/l,1,1993,B/l,1,2001,B,1,2009,B/l,1,1110011111,'1111,1,Bos ontstaan voor 1775
723,ferraris056-3.jpg,3_13_st_nicolas.tif,Sinay - nr. 242,1775,B,1,1850,B/l,1,1852,B,1,1869,A,0,1881,A,0,1948,B/l,1,1960,B/l,1,1993,B/l,1,2001,B,1,2009,B/l,1,1110011111,'1111,1,Bos ontstaan voor 1775
724,ferraris056-3.jpg,3_13_st_nicolas.tif,Sinay - nr. 242,1775,G,0,1850,B/l,1,1852,B,1,1869,A,0,1881,B/l,1,1948,B/l,1,1960,B/l,1,1993,B/l,1,2001,B,1,2009,B/l,1,0110111111,'0111,2,Bos ontstaan tussen 1775 en 1850
725,ferraris056-3.jpg,3_13_st_nicolas.tif,Sinay - nr. 242,1775,G,0,1850,B/l,1,1852,B,1,1869,A,0,1881,A,0,1948,B/l,1,1960,B/l,1,1993,B/l,1,2001,B,1,2009,B/l,1,0110011111,'0111,2,Bos ontstaan tussen 1775 en 1850
726,ferraris056-3.jpg,3_13_st_nicolas.tif,Sinay - nr. 242,1775,W,0,1850,B/l,1,1852,B,1,1869,A,0,1881,A,0,1948,B/l,1,1960,B/l,1,1993,B/l,1,2001,B,1,2009,B/l,1,0110011111,'0111,2,Bos ontstaan tussen 1775 en 1850
727,ferraris056-3.jpg,3_13_st_nicolas.tif,Sinay - nr. 242,1775,B,1,1850,B/l,1,1852,B,1,1869,A,0,1881,A,0,1948,B/l,1,1960,B/l,1,1993,B/l,1,2001,B,1,2009,B/l,1,1110011111,'1111,1,Bos ontstaan voor 1775
728,ferraris056-3.jpg,3_13_st_nicolas.tif,Sinay - nr. 242,1775,B + G,1,1850,B/l,1,1852,B,1,1869,A,0,1881,A,0,1948,B/l,1,1960,B/l,1,1993,B/l,1,2001,B,1,2009,B/l,1,1110011111,'1111,1,Bos ontstaan voor 1775
729,ferraris056-3.jpg,3_13_st_nicolas.tif,Sinay - nr. 242,1775,G,0,1850,B/l,1,1852,B,1,1869,A,0,1881,A,0,1948,B/l,1,1960,B/l,1,1993,B/l,1,2001,B,1,2009,B/l,1,0110011111,'0111,2,Bos ontstaan tussen 1775 en 1850
730,ferraris056-3.jpg,3_13_st_nicolas.tif,Sinay - nr. 242,1775,G,0,1850,B/l,1,1852,B,1,1869,A,0,1881,A,0,1948,B/l,1,1960,B/l,1,1993,B/l,1,2001,B,1,2009,B/l,1,0110011111,'0111,2,Bos ontstaan tussen 1775 en 1850
731,ferraris056-3.jpg,3_13_st_nicolas.tif,Sinay - nr. 242,1775,G,0,1850,B/l,1,1852,B,1,1869,B/l,1,1881,A,0,1948,B/l,1,1960,B/l,1,1993,B/l,1,2001,B,1,2009,B/l,1,0111011111,'0111,2,Bos ontstaan tussen 1775 en 1850
732,ferraris056-3.jpg,3_13_st_nicolas.tif,Sinay - nr. 242,1775,G,0,1850,B/l,1,1852,B,1,1869,B/l,1,1881,A,0,1948,B/l,1,1960,B/l,1,1993,B/l,1,2001,B,1,2009,B/l,1,0111011111,'0111,2,Bos ontstaan tussen 1775 en 1850
733,ferraris056-3.jpg,3_13_st_nicolas.tif,Sinay - nr. 242,1775,G,0,1850,B/l,1,1852,B,1,1869,B/l,1,1881,B/l,1,1948,B/l,1,1960,B/l,1,1993,B/l,1,2001,B,1,2009,B/l,1,0111111111,'0111,2,Bos ontstaan tussen 1775 en 1850
734,ferraris056-3.jpg,3_13_st_nicolas.tif,Sinay - nr. 242,1775,G,0,1850,B/l,1,1852,B,1,1869,B/l,1,1881,A,0,1948,B/l,1,1960,B/l,1,1993,B/l,1,2001,B,1,2009,B/l,1,0111011111,'0111,2,Bos ontstaan tussen 1775 en 1850
735,ferraris056-3.jpg,3_13_st_nicolas.tif,Sinay - nr. 242,1775,G,0,1850,B/l,1,1852,B,1,1869,B/l,1,1881,B/l,1,1948,B/l,1,1960,B/l,1,1993,B/l,1,2001,B,1,2009,B/l,1,0111111111,'0111,2,Bos ontstaan tussen 1775 en 1850
736,ferraris056-3.jpg,3_13_st_nicolas.tif,Sinay - nr. 242,1775,G,0,1850,B/l,1,1852,B,1,1869,B/l,1,1881,A,0,1948,B/l,1,1960,B/l,1,1993,B/l,1,2001,B,1,2009,B/l,1,0111011111,'0111,2,Bos ontstaan tussen 1775 en 1850
737,ferraris056-3.jpg,3_13_st_nicolas.tif,Sinay - nr. 242,1775,G,0,1850,B/l,1,1852,B,1,1869,B/l,1,1881,B/l,1,1948,B/l,1,1960,B/l,1,1993,B/l,1,2001,B,1,2009,B/l,1,0111111111,'0111,2,Bos ontstaan tussen 1775 en 1850
738,ferraris056-3.jpg,3_13_st_nicolas.tif,Sinay - nr. 242,1775,B,1,1850,B/l,1,1852,B,1,1869,A,0,1881,A,0,1948,B/l,1,1960,B/l,1,1993,B/l,1,2001,B,1,2009,B/l,1,1110011111,'1111,1,Bos ontstaan voor 1775
739,ferraris056-3.jpg,3_13_st_nicolas.tif,Sinay - nr. 242,1775,B,1,1850,B/l,1,1852,B,1,1869,A,0,1881,A,0,1948,B/l,1,1960,B/l,1,1993,B/l,1,2001,B,1,2009,B/l,1,1110011111,'1111,1,Bos ontstaan voor 1775
740,ferraris056-3.jpg,3_13_st_nicolas.tif,Sinay - nr. 242,1775,B,1,1850,B/l,1,1852,B,1,1869,A,0,1881,A,0,1948,B/l,1,1960,B/l,1,1993,B/l,1,2001,B,1,2009,B/l,1,1110011111,'1111,1,Bos ontstaan voor 1775
741,ferraris056-3.jpg,3_13_st_nicolas.tif,Sinay - nr. 242,1775,G,0,1850,G,0,1852,G,0,1869,G,0,1881,G,0,1948,G,0,1960,B/l,1,1993,B/l,1,2001,B,1,2009,B/l,1,0000001111,'0001,4,Bos ontstaan na +/- 1930
742,ferraris056-3.jpg,3_13_st_nicolas.tif,Sinay - nr. 242,1775,G,0,1850,G,0,1852,G,0,1869,G,0,1881,A,0,1948,B/l,1,1960,B/l,1,1993,B/l,1,2001,B,1,2009,B/l,1,0000011111,'0011,3,Bos ontstaan tussen 1850 en +/- 1930
743,ferraris056-3.jpg,3_13_st_nicolas.tif,Sinay - nr. 242,1775,G,0,1850,B/l,1,1852,B,1,1869,G,0,1881,G,0,1948,B + G,1,1960,B/l,1,1993,B/l,1,2001,B,1,2009,B/l,1,0110011111,'0111,2,Bos ontstaan tussen 1775 en 1850
744,ferraris056-3.jpg,3_13_st_nicolas.tif,Sinay - nr. 242,1775,G,0,1850,G,0,1852,G,0,1869,A,0,1881,B/l,1,1948,B/l,1,1960,B/l,1,1993,B/l,1,2001,B,1,2009,B/l,1,0000111111,'0011,3,Bos ontstaan tussen 1850 en +/- 1930
745,ferraris056-3.jpg,3_13_st_nicolas.tif,Sinay - nr. 242,1775,B,1,1850,B/l,1,1852,B,1,1869,A,0,1881,A,0,1948,B/l,1,1960,B/l,1,1993,B/l,1,2001,B,1,2009,B/l,1,1110011111,'1111,1,Bos ontstaan voor 1775
746,ferraris056-3.jpg,3_13_st_nicolas.tif,Sinay - nr. 242,1775,B,1,1850,B/l,1,1852,B,1,1869,B/l,1,1881,B/l,1,1948,B/l,1,1960,B/l,1,1993,B/l,1,2001,B,1,2009,B/l,1,1111111111,'1111,1,Bos ontstaan voor 1775
747,ferraris056-3.jpg,3_13_st_nicolas.tif,Sinay - nr. 242,1775,B,1,1850,B/l,1,1852,B,1,1869,B/l,1,1881,B/l,1,1948,B/l,1,1960,B/l,1,1993,B/l,1,2001,B,1,2009,B/l,1,1111111111,'1111,1,Bos ontstaan voor 1775
748,ferraris056-3.jpg,3_13_st_nicolas.tif,Sinay - nr. 242,1775,B + G,1,1850,B/l,1,1852,B,1,1869,B/l,1,1881,B/l,1,1948,B/l,1,1960,B/l,1,1993,B/l,1,2001,B,1,2009,B/l,1,1111111111,'1111,1,Bos ontstaan voor 1775
749,ferraris056-3.jpg,3_13_st_nicolas.tif,Sinay - nr. 242,1775,B,1,1850,B/l,1,1852,B,1,1869,B/l,1,1881,B/l,1,1948,B/l,1,1960,B/l,1,1993,B/l,1,2001,B,1,2009,B/l,1,1111111111,'1111,1,Bos ontstaan voor 1775
750,ferraris056-3.jpg,3_13_st_nicolas.tif,Sinay - nr. 242,1775,B,1,1850,B/l,1,1852,B,1,1869,B/l,1,1881,B/l,1,1948,B/l,1,1960,B/l,1,1993,B/l,1,2001,B,1,2009,B/l,1,1111111111,'1111,1,Bos ontstaan voor 1775
751,ferraris056-3.jpg,3_13_st_nicolas.tif,Sinay - nr. 242,1775,G,0,1850,B/l,1,1852,B,1,1869,B/l,1,1881,A,0,1948,B/l,1,1960,B/l,1,1993,B/l,1,2001,B,1,2009,B/l,1,0111011111,'0111,2,Bos ontstaan tussen 1775 en 1850
752,ferraris056-3.jpg,3_13_st_nicolas.tif,Sinay - nr. 242,1775,B,1,1850,B/l,1,1852,B,1,1869,B/l,1,1881,B/l,1,1948,B/l,1,1960,B/l,1,1993,B/l,1,2001,B,1,2009,B/l,1,1111111111,'1111,1,Bos ontstaan voor 1775
753,ferraris056-3.jpg,3_13_st_nicolas.tif,Sinay - nr. 242,1775,B,1,1850,B/l,1,1852,B,1,1869,B/l,1,1881,B/l,1,1948,B/l,1,1960,B/l,1,1993,B/l,1,2001,B,1,2009,B/l,1,1111111111,'1111,1,Bos ontstaan voor 1775
754,ferraris056-3.jpg,3_13_st_nicolas.tif,Sinay - nr. 242,1775,G,0,1850,B/l,1,1852,B,1,1869,B/l,1,1881,A,0,1948,B/l,1,1960,B/l,1,1993,B/l,1,2001,B,1,2009,B/l,1,0111011111,'0111,2,Bos ontstaan tussen 1775 en 1850
755,ferraris056-3.jpg,3_13_st_nicolas.tif,Sinay - nr. 242,1775,G,0,1850,B/l,1,1852,B,1,1869,A,0,1881,A,0,1948,B + G,1,1960,B/l,1,1993,B/l,1,2001,B,1,2009,B/l,1,0110011111,'0111,2,Bos ontstaan tussen 1775 en 1850
756,ferraris056-3.jpg,3_13_st_nicolas.tif,Sinay - nr. 242,1775,G,0,1850,B/l,1,1852,B,1,1869,A,0,1881,A,0,1948,B/l,1,1960,B/l,1,1993,B/l,1,2001,B,1,2009,B/l,1,0110011111,'0111,2,Bos ontstaan tussen 1775 en 1850
757,ferraris056-3.jpg,3_13_st_nicolas.tif,Sinay - nr. 242,1775,G,0,1850,B/l,1,1852,B,1,1869,A,0,1881,A,0,1948,B/l,1,1960,B/l,1,1993,B/l,1,2001,B,1,2009,A,0,0110011110,'0111,2,Bos ontstaan tussen 1775 en 1850
758,ferraris056-3.jpg,3_13_st_nicolas.tif,Sinay - nr. 242,1775,G,0,1850,G,0,1852,G,0,1869,A,0,1881,G,0,1948,G,0,1960,B/l,1,1993,B/l,1,2001,B,1,2009,B/l,1,0000001111,'0001,4,Bos ontstaan na +/- 1930
759,ferraris056-3.jpg,3_13_st_nicolas.tif,Sinay - nr. 242,1775,B,1,1850,B/l,1,1852,B,1,1869,A,0,1881,A,0,1948,B/l,1,1960,B/l,1,1993,B/l,1,2001,B,1,2009,B/l,1,1110011111,'1111,1,Bos ontstaan voor 1775
760,ferraris056-3.jpg,3_13_st_nicolas.tif,Sinay - nr. 242,1775,B,1,1850,B/l,1,1852,B,1,1869,A,0,1881,A,0,1948,B/l,1,1960,B/l,1,1993,B/l,1,2001,B,1,2009,B/l,1,1110011111,'1111,1,Bos ontstaan voor 1775
761,ferraris056-3.jpg,3_13_st_nicolas.tif,Sinay - nr. 242,1775,B,1,1850,B/l,1,1852,B,1,1869,A,0,1881,A,0,1948,B/l,1,1960,B/l,1,1993,B/l,1,2001,B,1,2009,B/l,1,1110011111,'1111,1,Bos ontstaan voor 1775
762,ferraris056-3.jpg,3_13_st_nicolas.tif,Sinay - nr. 242,1775,G,0,1850,B/l,1,1852,B,1,1869,A,0,1881,A,0,1948,B/l,1,1960,B/l,1,1993,B/l,1,2001,B,1,2009,B/l,1,0110011111,'0111,2,Bos ontstaan tussen 1775 en 1850
763,ferraris056-3.jpg,3_13_st_nicolas.tif,Sinay - nr. 242,1775,G,0,1850,B/l,1,1852,B,1,1869,B/l,1,1881,B/l,1,1948,B/l,1,1960,B/l,1,1993,B/l,1,2001,B,1,2009,B/l,1,0111111111,'0111,2,Bos ontstaan tussen 1775 en 1850
764,ferraris056-3.jpg,3_13_st_nicolas.tif,Sinay - nr. 242,1775,G,0,1850,B/l,1,1852,B,1,1869,A,0,1881,B/l,1,1948,B/l,1,1960,B/l,1,1993,B/l,1,2001,B,1,2009,B/l,1,0110111111,'0111,2,Bos ontstaan tussen 1775 en 1850
765,ferraris056-3.jpg,3_13_st_nicolas.tif,Sinay - nr. 242,1775,G,0,1850,B/l,1,1852,B,1,1869,B/l,1,1881,B/l,1,1948,B/l,1,1960,B/l,1,1993,B/l,1,2001,B,1,2009,B/l,1,0111111111,'0111,2,Bos ontstaan tussen 1775 en 1850
766,ferraris056-3.jpg,3_13_st_nicolas.tif,Sinay - nr. 242,1775,G,0,1850,G,0,1852,G,0,1869,A,0,1881,B/l,1,1948,B/l,1,1960,B/l,1,1993,B/l,1,2001,B,1,2009,B/l,1,0000111111,'0011,3,Bos ontstaan tussen 1850 en +/- 1930
767,ferraris056-3.jpg,3_13_st_nicolas.tif,Sinay - nr. 242,1775,G,0,1850,B/l,1,1852,B,1,1869,B/l,1,1881,B/l,1,1948,B/l,1,1960,B/l,1,1993,B/l,1,2001,B,1,2009,B/l,1,0111111111,'0111,2,Bos ontstaan tussen 1775 en 1850
768,ferraris056-3.jpg,3_13_st_nicolas.tif,Sinay - nr. 242,1775,G,0,1850,B/l,1,1852,B,1,1869,B/l,1,1881,B/l,1,1948,B/l,1,1960,B/l,1,1993,B/l,1,2001,B,1,2009,B/l,1,0111111111,'0111,2,Bos ontstaan tussen 1775 en 1850
801,ferraris078-1.jpg,13_2_Hal.tif,Hal 2e Partie - nr. 116,1775,B,1,1850,B/l,1,1855,B,1,1872,B/l,1,1879,B/l,1,1937,B/l,1,1960,B/g,1,1993,B/g,1,2001,B,1,2009,B/l,1,1111111111,'1111,1,Bos ontstaan voor 1775
802,ferraris078-1.jpg,13_2_Hal.tif,Hal 2e Partie - nr. 116,1775,B,1,1850,B/l,1,1855,B,1,1872,B/l,1,1879,B/l,1,1937,B/l,1,1960,B/g,1,1993,B/g,1,2001,B,1,2009,B/l,1,1111111111,'1111,1,Bos ontstaan voor 1775
803,ferraris078-1.jpg,13_2_Hal.tif,Hal 2e Partie - nr. 116,1775,B,1,1850,B/l,1,1855,B,1,1872,B/l,1,1879,B/l,1,1937,B/l,1,1960,B/g,1,1993,B/g,1,2001,B,1,2009,B/l,1,1111111111,'1111,1,Bos ontstaan voor 1775
804,ferraris078-1.jpg,13_2_Hal.tif,Hal 2e Partie - nr. 116,1775,B,1,1850,B/l,1,1855,B,1,1872,B/l,1,1879,B/l,1,1937,B/l,1,1960,B/g,1,1993,B/g,1,2001,B,1,2009,B/l,1,1111111111,'1111,1,Bos ontstaan voor 1775
805,ferraris078-1.jpg,13_2_Hal.tif,Hal 2e Partie - nr. 116,1775,B,1,1850,B/l,1,1855,B,1,1872,B/l,1,1879,B/l,1,1937,B/l,1,1960,B/l,1,1993,B/l,1,2001,B,1,2009,B/l,1,1111111111,'1111,1,Bos ontstaan voor 1775
806,ferraris078-1.jpg,13_2_Hal.tif,Hal 2e Partie - nr. 116,1775,B,1,1850,B/l,1,1855,B,1,1872,B/n,1,1879,B/l,1,1937,B/l,1,1960,B/g,1,1993,B/g,1,2001,B,1,2009,B/l,1,1111111111,'1111,1,Bos ontstaan voor 1775
807,ferraris078-1.jpg,13_2_Hal.tif,Hal 2e Partie - nr. 116,1775,B,1,1850,B/l,1,1855,B,1,1872,B/l,1,1879,B/l,1,1937,B/l,1,1960,B/l,1,1993,B/l,1,2001,B,1,2009,B/l,1,1111111111,'1111,1,Bos ontstaan voor 1775
808,ferraris078-1.jpg,13_2_Hal.tif,Hal 2e Partie - nr. 116,1775,B,1,1850,B/l,1,1855,B,1,1872,B/l,1,1879,B/l,1,1937,B/l,1,1960,B/l,1,1993,B/l,1,2001,B,1,2009,B/l,1,1111111111,'1111,1,Bos ontstaan voor 1775
809,ferraris078-1.jpg,13_2_Hal.tif,Hal 2e Partie - nr. 116,1775,B,1,1850,B/l,1,1855,B,1,1872,B/l,1,1879,B/l,1,1937,B/l,1,1960,B/l,1,1993,B/l,1,2001,B,1,2009,B/l,1,1111111111,'1111,1,Bos ontstaan voor 1775
810,ferraris078-1.jpg,13_2_Hal.tif,Hal 2e Partie - nr. 116,1775,B,1,1850,B/l,1,1855,B,1,1872,B/n,1,1879,B/l,1,1937,B/l,1,1960,B/g,1,1993,B/g,1,2001,B,1,2009,B/l,1,1111111111,'1111,1,Bos ontstaan voor 1775
811,ferraris078-1.jpg,13_2_Hal.tif,Hal 2e Partie - nr. 116,1775,B,1,1850,B/l,1,1855,B,1,1872,B/l,1,1879,B/l,1,1937,B/l,1,1960,B/l,1,1993,B/l,1,2001,B,1,2009,B/l,1,1111111111,'1111,1,Bos ontstaan voor 1775
812,ferraris078-1.jpg,13_2_Hal.tif,Hal 2e Partie - nr. 116,1775,B,1,1850,B/l,1,1855,B,1,1872,B/n,1,1879,B/l,1,1937,B/l,1,1960,B/l,1,1993,B/l,1,2001,B,1,2009,B/l,1,1111111111,'1111,1,Bos ontstaan voor 1775
813,ferraris078-1.jpg,13_2_Hal.tif,Hal 2e Partie - nr. 116,1775,B,1,1850,B/l,1,1855,B,1,1872,B/l,1,1879,B/l,1,1937,B/l,1,1960,B/l,1,1993,B/l,1,2001,B,1,2009,B/l,1,1111111111,'1111,1,Bos ontstaan voor 1775
814,ferraris078-1.jpg,13_2_Hal.tif,Hal 2e Partie - nr. 116,1775,B,1,1850,B/l,1,1855,B,1,1872,B/l,1,1879,B/l,1,1937,B/l,1,1960,B/g,1,1993,B/g,1,2001,B,1,2009,B/l,1,1111111111,'1111,1,Bos ontstaan voor 1775
815,ferraris078-1.jpg,13_2_Hal.tif,Hal 2e Partie - nr. 116,1775,B,1,1850,B/l,1,1855,B,1,1872,B/n,1,1879,B/l,1,1937,B/l,1,1960,B/l,1,1993,B/l,1,2001,B,1,2009,B/l,1,1111111111,'1111,1,Bos ontstaan voor 1775
816,ferraris078-1.jpg,13_2_Hal.tif,Hal 2e Partie - nr. 116,1775,B,1,1850,B/l,1,1855,B,1,1872,B/l,1,1879,B/n,1,1937,B/n,1,1960,B/g,1,1993,B/g,1,2001,B,1,2009,B/l,1,1111111111,'1111,1,Bos ontstaan voor 1775
817,ferraris078-1.jpg,13_2_Hal.tif,Hal 2e Partie - nr. 116,1775,B,1,1850,B/l,1,1855,B,1,1872,B/n,1,1879,B/l,1,1937,B/l,1,1960,B/l,1,1993,B/l,1,2001,B,1,2009,B/l,1,1111111111,'1111,1,Bos ontstaan voor 1775
818,ferraris078-1.jpg,13_2_Hal.tif,Hal 2e Partie - nr. 116,1775,B,1,1850,B/l,1,1855,B,1,1872,B/l,1,1879,B/l,1,1937,B/l,1,1960,B/g,1,1993,B/g,1,2001,B,1,2009,B/l,1,1111111111,'1111,1,Bos ontstaan voor 1775
819,ferraris078-1.jpg,13_2_Hal.tif,Hal 2e Partie - nr. 116,1775,B,1,1850,B/l,1,1855,B,1,1872,B/n,1,1879,B/l,1,1937,B/l,1,1960,B/l,1,1993,B/l,1,2001,B,1,2009,B/l,1,1111111111,'1111,1,Bos ontstaan voor 1775
820,ferraris078-1.jpg,13_2_Hal.tif,Hal 2e Partie - nr. 116,1775,B,1,1850,B/l,1,1855,B,1,1872,B/n,1,1879,B/l,1,1937,B/l,1,1960,B/g,1,1993,B/g,1,2001,B,1,2009,B/l,1,1111111111,'1111,1,Bos ontstaan voor 1775
821,ferraris078-1.jpg,13_2_Hal.tif,Hal 2e Partie - nr. 116,1775,B,1,1850,B/l,1,1855,B,1,1872,B/l,1,1879,B/n,1,1937,B/n,1,1960,B/n,1,1993,B/n,1,2001,B,1,2009,B/g,1,1111111111,'1111,1,Bos ontstaan voor 1775
822,ferraris078-1.jpg,13_2_Hal.tif,Hal 2e Partie - nr. 116,1775,B,1,1850,B/l,1,1855,B,1,1872,B/n,1,1879,B/l,1,1937,B/l,1,1960,B/g,1,1993,B/g,1,2001,B,1,2009,B/l,1,1111111111,'1111,1,Bos ontstaan voor 1775
823,ferraris078-1.jpg,13_2_Hal.tif,Hal 2e Partie - nr. 116,1775,B,1,1850,B/l,1,1855,B,1,1872,B/l,1,1879,B/n,1,1937,B/n,1,1960,B/g,1,1993,B/g,1,2001,B,1,2009,B/l,1,1111111111,'1111,1,Bos ontstaan voor 1775
824,ferraris078-1.jpg,13_2_Hal.tif,Hal 2e Partie - nr. 116,1775,B,1,1850,B/l,1,1855,B,1,1872,B/n,1,1879,B/l,1,1937,B/l,1,1960,B/g,1,1993,B/g,1,2001,B,1,2009,B/l,1,1111111111,'1111,1,Bos ontstaan voor 1775
825,ferraris078-1.jpg,13_2_Hal.tif,Hal 2e Partie - nr. 116,1775,B,1,1850,B/l,1,1855,B,1,1872,B/l,1,1879,B/l,1,1937,B/l,1,1960,B/g,1,1993,B/g,1,2001,B,1,2009,B/l,1,1111111111,'1111,1,Bos ontstaan voor 1775
826,ferraris078-1.jpg,13_2_Hal.tif,Hal 2e Partie - nr. 116,1775,B,1,1850,B/l,1,1855,B,1,1872,B/l,1,1879,B/l,1,1937,B/l,1,1960,B/g,1,1993,B/g,1,2001,B,1,2009,B/l,1,1111111111,'1111,1,Bos ontstaan voor 1775
827,ferraris078-1.jpg,13_2_Hal.tif,Hal 2e Partie - nr. 116,1775,B,1,1850,B/l,1,1855,B,1,1872,B/n,1,1879,B/n,1,1937,B/n,1,1960,B/l,1,1993,B/l,1,2001,B,1,2009,B/l,1,1111111111,'1111,1,Bos ontstaan voor 1775
828,ferraris078-1.jpg,13_2_Hal.tif,Hal 2e Partie - nr. 116,1775,B,1,1850,B/l,1,1855,B,1,1872,B/l,1,1879,B/l,1,1937,B/l,1,1960,B/g,1,1993,B/g,1,2001,B,1,2009,B/l,1,1111111111,'1111,1,Bos ontstaan voor 1775
829,ferraris078-1.jpg,13_2_Hal.tif,Hal 2e Partie - nr. 116,1775,B,1,1850,B/l,1,1855,B,1,1872,B/l,1,1879,B/l,1,1937,B/l,1,1960,B/g,1,1993,B/g,1,2001,B,1,2009,B/l,1,1111111111,'1111,1,Bos ontstaan voor 1775
830,ferraris078-1.jpg,13_2_Hal.tif,Hal 2e Partie - nr. 116,1775,B,1,1850,B/l,1,1855,B,1,1872,B/n,1,1879,B/n,1,1937,B/n,1,1960,B/g,1,1993,B/g,1,2001,B,1,2009,B/l,1,1111111111,'1111,1,Bos ontstaan voor 1775
831,ferraris078-1.jpg,13_2_Hal.tif,Hal 2e Partie - nr. 116,1775,B,1,1850,B/l,1,1855,B,1,1872,B/l,1,1879,B/l,1,1937,B/l,1,1960,B/g,1,1993,B/g,1,2001,B,1,2009,B/l,1,1111111111,'1111,1,Bos ontstaan voor 1775
832,ferraris078-1.jpg,13_2_Hal.tif,Hal 2e Partie - nr. 116,1775,B,1,1850,B/l,1,1855,B,1,1872,B/n,1,1879,B/l,1,1937,B/l,1,1960,B/g,1,1993,B/g,1,2001,B,1,2009,B/l,1,1111111111,'1111,1,Bos ontstaan voor 1775
833,ferraris078-1.jpg,13_2_Hal.tif,Hal 2e Partie - nr. 116,1775,B,1,1850,B/l,1,1855,B,1,1872,B/l,1,1879,B/l,1,1937,B/l,1,1960,B/g,1,1993,B/g,1,2001,B,1,2009,B/l,1,1111111111,'1111,1,Bos ontstaan voor 1775
841,ferraris062-1.jpg,13_1_Enghien.tif,Haute-Croix/Heikruis - nr. 120,1775,B,1,1850,B/l,1,1855,B,1,1865,B/l,1,1881,B/l,1,1907,B,1,1960,B/l,1,1993,B/l,1,2001,B,1,2009,B/l,1,1111111111,'1111,1,Bos ontstaan voor 1775
842,ferraris062-1.jpg,13_1_Enghien.tif,Haute-Croix/Heikruis - nr. 120,1775,B,1,1850,B/l,1,1855,B,1,1865,B/l,1,1881,B/l,1,1907,B,1,1960,B/l,1,1993,B/l,1,2001,B,1,2009,B/l,1,1111111111,'1111,1,Bos ontstaan voor 1775
843,ferraris062-1.jpg,13_1_Enghien.tif,Haute-Croix/Heikruis - nr. 120,1775,B,1,1850,B/l,1,1855,B,1,1865,B/l,1,1881,B/l,1,1907,B,1,1960,B/l,1,1993,B/l,1,2001,B,1,2009,B/l,1,1111111111,'1111,1,Bos ontstaan voor 1775
844,ferraris062-1.jpg,13_1_Enghien.tif,Haute-Croix/Heikruis - nr. 120,1775,B,1,1850,B/l,1,1855,B,1,1865,B/l,1,1881,B/l,1,1907,B,1,1960,B/l,1,1993,B/l,1,2001,B,1,2009,B/l,1,1111111111,'1111,1,Bos ontstaan voor 1775
845,ferraris062-1.jpg,13_1_Enghien.tif,Haute-Croix/Heikruis - nr. 120,1775,B,1,1850,B/l,1,1855,B,1,1865,B/l,1,1881,B/l,1,1907,B,1,1960,B/l,1,1993,B/l,1,2001,B,1,2009,B/l,1,1111111111,'1111,1,Bos ontstaan voor 1775
846,ferraris062-1.jpg,13_1_Enghien.tif,Haute-Croix/Heikruis - nr. 120,1775,B,1,1850,B/l,1,1855,B,1,1865,B/l,1,1881,B/l,1,1907,B,1,1960,B/l,1,1993,B/l,1,2001,B,1,2009,B/l,1,1111111111,'1111,1,Bos ontstaan voor 1775
847,ferraris062-1.jpg,13_1_Enghien.tif,Haute-Croix/Heikruis - nr. 120,1775,B,1,1850,B/l,1,1855,A,0,1865,B/l,1,1881,B/l,1,1907,B,1,1960,B/l,1,1993,B/l,1,2001,B,1,2009,B/l,1,1101111111,'1111,1,Bos ontstaan voor 1775
848,ferraris062-1.jpg,13_1_Enghien.tif,Haute-Croix/Heikruis - nr. 120,1775,B,1,1850,B/l,1,1855,B,1,1865,B/l,1,1881,B/l,1,1907,B,1,1960,B/l,1,1993,B/l,1,2001,B,1,2009,B/l,1,1111111111,'1111,1,Bos ontstaan voor 1775
849,ferraris062-1.jpg,13_1_Enghien.tif,Haute-Croix/Heikruis - nr. 120,1775,B,1,1850,B/l,1,1855,A,0,1865,B/l,1,1881,B/l,1,1907,B,1,1960,B/l,1,1993,B/l,1,2001,B,1,2009,B/l,1,1101111111,'1111,1,Bos ontstaan voor 1775
850,ferraris062-1.jpg,13_1_Enghien.tif,Haute-Croix/Heikruis - nr. 120,1775,B,1,1850,B/l,1,1855,A,0,1865,B/l,1,1881,B/l,1,1907,B,1,1960,B/l,1,1993,B/l,1,2001,B,1,2009,B/l,1,1101111111,'1111,1,Bos ontstaan voor 1775
851,ferraris062-1.jpg,13_1_Enghien.tif,Haute-Croix/Heikruis - nr. 120,1775,B,1,1850,B/l,1,1855,B,1,1865,B/l,1,1881,B/l,1,1907,B,1,1960,B/l,1,1993,B/l,1,2001,B,1,2009,B/l,1,1111111111,'1111,1,Bos ontstaan voor 1775
852,ferraris062-1.jpg,13_1_Enghien.tif,Haute-Croix/Heikruis - nr. 120,1775,B,1,1850,B/l,1,1855,B,1,1865,B/l,1,1881,B/l,1,1907,B,1,1960,B/l,1,1993,B/l,1,2001,B,1,2009,B/l,1,1111111111,'1111,1,Bos ontstaan voor 1775
853,ferraris062-1.jpg,13_1_Enghien.tif,Haute-Croix/Heikruis - nr. 120,1775,B,1,1850,B/l,1,1855,B,1,1865,B/l,1,1881,B/l,1,1907,B,1,1960,B/l,1,1993,B/l,1,2001,B,1,2009,B/l,1,1111111111,'1111,1,Bos ontstaan voor 1775
854,ferraris062-1.jpg,13_1_Enghien.tif,Haute-Croix/Heikruis - nr. 120,1775,B,1,1850,B/l,1,1855,A,0,1865,B/l,1,1881,B/l,1,1907,B,1,1960,B/l,1,1993,B/l,1,2001,B,1,2009,B/l,1,1101111111,'1111,1,Bos ontstaan voor 1775
855,ferraris062-1.jpg,13_1_Enghien.tif,Haute-Croix/Heikruis - nr. 120,1775,B,1,1850,B/l,1,1855,B,1,1865,B/l,1,1881,B/l,1,1907,B,1,1960,B/l,1,1993,B/l,1,2001,B,1,2009,B/l,1,1111111111,'1111,1,Bos ontstaan voor 1775
856,ferraris062-1.jpg,13_1_Enghien.tif,Haute-Croix/Heikruis - nr. 120,1775,B,1,1850,B/l,1,1855,B,1,1865,B/l,1,1881,B/l,1,1907,B,1,1960,B/l,1,1993,B/l,1,2001,B,1,2009,B/l,1,1111111111,'1111,1,Bos ontstaan voor 1775
857,ferraris062-1.jpg,13_1_Enghien.tif,Haute-Croix/Heikruis - nr. 120,1775,B,1,1850,B/l,1,1855,B,1,1865,B/l,1,1881,B/l,1,1906,B/l,1,1960,B/l,1,1993,B/l,1,2001,B,1,2009,B/l,1,1111111111,'1111,1,Bos ontstaan voor 1775
858,ferraris062-1.jpg,13_1_Enghien.tif,Haute-Croix/Heikruis - nr. 120,1775,B,1,1850,B/l,1,1855,B,1,1865,B/l,1,1881,B/l,1,1907,B,1,1960,B/l,1,1993,B/l,1,2001,B,1,2009,B/l,1,1111111111,'1111,1,Bos ontstaan voor 1775
859,ferraris062-1.jpg,13_1_Enghien.tif,Haute-Croix/Heikruis - nr. 120,1775,B,1,1850,B/l,1,1855,B,1,1865,B/l,1,1881,B/l,1,1907,B,1,1960,B/l,1,1993,B/l,1,2001,B,1,2009,B/l,1,1111111111,'1111,1,Bos ontstaan voor 1775
860,ferraris062-1.jpg,13_1_Enghien.tif,Haute-Croix/Heikruis - nr. 120,1775,B,1,1850,B/l,1,1855,B,1,1865,B/l,1,1881,B/l,1,1907,B,1,1960,B/l,1,1993,B/l,1,2001,B,1,2009,B/l,1,1111111111,'1111,1,Bos ontstaan voor 1775
861,ferraris062-1.jpg,13_1_Enghien.tif,Haute-Croix/Heikruis - nr. 120,1775,B,1,1850,B/l,1,1855,B,1,1865,B/l,1,1881,B/l,1,1907,B,1,1960,B/l,1,1993,B/l,1,2001,B,1,2009,B/l,1,1111111111,'1111,1,Bos ontstaan voor 1775
862,ferraris062-1.jpg,13_1_Enghien.tif,Haute-Croix/Heikruis - nr. 120,1775,B,1,1850,B/l,1,1855,B,1,1865,B/l,1,1879,B/l,1,1906,B/l,1,1960,B/l,1,1993,B/l,1,2001,B,1,2009,B/l,1,1111111111,'1111,1,Bos ontstaan voor 1775
863,ferraris062-1.jpg,13_1_Enghien.tif,Haute-Croix/Heikruis - nr. 120,1775,B,1,1850,B/l,1,1855,B,1,1865,B/l,1,1881,B/l,1,1907,B,1,1960,B/l,1,1993,B/l,1,2001,B,1,2009,B/l,1,1111111111,'1111,1,Bos ontstaan voor 1775
864,ferraris062-1.jpg,13_1_Enghien.tif,Haute-Croix/Heikruis - nr. 120,1775,B,1,1850,B/l,1,1855,B,1,1865,B/l,1,1881,B/l,1,1907,B,1,1960,B/l,1,1993,B/l,1,2001,B,1,2009,B/l,1,1111111111,'1111,1,Bos ontstaan voor 1775
865,ferraris062-1.jpg,13_1_Enghien.tif,Haute-Croix/Heikruis - nr. 120,1775,B,1,1850,B/l,1,1855,B,1,1865,B/l,1,1881,B/l,1,1907,B,1,1960,B/l,1,1993,B/l,1,2001,B,1,2009,B/l,1,1111111111,'1111,1,Bos ontstaan voor 1775
866,ferraris062-1.jpg,13_1_Enghien.tif,Haute-Croix/Heikruis - nr. 120,1775,B,1,1850,B/l,1,1855,B,1,1865,B/l,1,1881,B/l,1,1907,B,1,1960,B/l,1,1993,B/l,1,2001,B,1,2009,B/l,1,1111111111,'1111,1,Bos ontstaan voor 1775
867,ferraris062-1.jpg,13_1_Enghien.tif,Haute-Croix/Heikruis - nr. 120,1775,B,1,1850,B/l,1,1855,B,1,1865,B/l,1,1879,B/l,1,1906,B/l,1,1960,B/l,1,1993,B/l,1,2001,B,1,2009,B/l,1,1111111111,'1111,1,Bos ontstaan voor 1775
868,ferraris062-1.jpg,13_1_Enghien.tif,Haute-Croix/Heikruis - nr. 120,1775,B,1,1850,B/l,1,1855,B,1,1865,B/l,1,1881,B/l,1,1907,B,1,1960,B/l,1,1993,B/l,1,2001,B,1,2009,B/l,1,1111111111,'1111,1,Bos ontstaan voor 1775
869,ferraris062-1.jpg,13_1_Enghien.tif,Haute-Croix/Heikruis - nr. 120,1775,B,1,1850,B/l,1,1855,B,1,1865,B/l,1,1881,B/l,1,1907,B,1,1960,B/l,1,1993,B/l,1,2001,B,1,2009,B/l,1,1111111111,'1111,1,Bos ontstaan voor 1775
870,ferraris062-1.jpg,13_1_Enghien.tif,Haute-Croix/Heikruis - nr. 120,1775,B,1,1850,B/l,1,1855,B,1,1865,B/l,1,1881,B/l,1,1907,B,1,1960,B/l,1,1993,B/l,1,2001,B,1,2009,B/l,1,1111111111,'1111,1,Bos ontstaan voor 1775
871,ferraris062-1.jpg,13_1_Enghien.tif,Haute-Croix/Heikruis - nr. 120,1775,B,1,1850,B/l,1,1855,B,1,1865,B/l,1,1879,B/l,1,1906,B/l,1,1960,B/l,1,1993,B/l,1,2001,B,1,2009,B/l,1,1111111111,'1111,1,Bos ontstaan voor 1775
872,ferraris062-1.jpg,13_1_Enghien.tif,Haute-Croix/Heikruis - nr. 120,1775,B,1,1850,B/l,1,1855,B,1,1865,B/l,1,1879,B/l,1,1906,B/l,1,1960,B/l,1,1993,B/l,1,2001,B,1,2009,B/l,1,1111111111,'1111,1,Bos ontstaan voor 1775
873,ferraris062-1.jpg,13_1_Enghien.tif,Haute-Croix/Heikruis - nr. 120,1775,B,1,1850,B/l,1,1855,B,1,1865,B/l,1,1881,B/l,1,1907,B,1,1960,B/l,1,1993,B/l,1,2001,B,1,2009,B/l,1,1111111111,'1111,1,Bos ontstaan voor 1775
874,ferraris062-1.jpg,13_1_Enghien.tif,Haute-Croix/Heikruis - nr. 120,1775,B,1,1850,B/l,1,1855,B,1,1865,B/l,1,1879,B/l,1,1906,B/l,1,1960,B/l,1,1993,B/l,1,2001,B,1,2009,B/l,1,1111111111,'1111,1,Bos ontstaan voor 1775
875,ferraris062-1.jpg,13_1_Enghien.tif,Haute-Croix/Heikruis - nr. 120,1775,B,1,1850,B/l,1,1855,B,1,1865,B/l,1,1879,B/l,1,1906,B/l,1,1960,B/l,1,1993,B/l,1,2001,B,1,2009,B/l,1,1111111111,'1111,1,Bos ontstaan voor 1775
876,ferraris062-1.jpg,13_1_Enghien.tif,Haute-Croix/Heikruis - nr. 120,1775,B,1,1850,B/l,1,1855,B,1,1865,B/l,1,1879,B/l,1,1906,B/l,1,1960,B/l,1,1993,B/l,1,2001,B,1,2009,B/l,1,1111111111,'1111,1,Bos ontstaan voor 1775
877,ferraris062-1.jpg,13_1_Enghien.tif,Haute-Croix/Heikruis - nr. 120,1775,B,1,1850,B/l,1,1855,B,1,1865,B/l,1,1879,B/l,1,1906,B/l,1,1960,B/l,1,1993,B/l,1,2001,B,1,2009,B/l,1,1111111111,'1111,1,Bos ontstaan voor 1775
878,ferraris062-1.jpg,13_1_Enghien.tif,Haute-Croix/Heikruis - nr. 120,1775,P,0,1850,B/l,1,1855,B,1,1865,B/l,1,1879,B/l,1,1906,B/l,1,1960,B/l,1,1993,B/l,1,2001,B,1,2009,B/l,1,0111111111,'0111,2,Bos ontstaan tussen 1775 en 1850
879,ferraris062-1.jpg,13_1_Enghien.tif,Haute-Croix/Heikruis - nr. 120,1775,B,1,1850,B/l,1,1855,B,1,1865,B/l,1,1879,B/l,1,1906,B/l,1,1960,B/l,1,1993,B/l,1,2001,B,1,2009,B/l,1,1111111111,'1111,1,Bos ontstaan voor 1775
880,ferraris062-1.jpg,13_1_Enghien.tif,Haute-Croix/Heikruis - nr. 120,1775,P,0,1850,B/l,1,1855,B,1,1865,B/l,1,1879,B/l,1,1906,B/l,1,1960,B/l,1,1993,B/l,1,2001,B,1,2009,B/l,1,0111111111,'0111,2,Bos ontstaan tussen 1775 en 1850
881,ferraris062-1.jpg,13_1_Enghien.tif,Haute-Croix/Heikruis - nr. 120,1775,B,1,1850,B/l,1,1855,B,1,1865,B/l,1,1879,B/l,1,1906,A,0,1960,B/l,1,1993,B/l,1,2001,B,1,2009,B/l,1,1111101111,'1101,4,Bos ontstaan na +/- 1930
882,ferraris062-1.jpg,13_1_Enghien.tif,Haute-Croix/Heikruis - nr. 120,1775,B,1,1850,B/l,1,1855,B,1,1865,B/l,1,1879,B/l,1,1906,B/l,1,1960,B/l,1,1993,B/l,1,2001,B,1,2009,B/l,1,1111111111,'1111,1,Bos ontstaan voor 1775
883,ferraris062-1.jpg,13_1_Enghien.tif,Haute-Croix/Heikruis - nr. 120,1775,B,1,1850,B/l,1,1855,B,1,1865,B/l,1,1879,B/l,1,1906,B/l,1,1960,B/l,1,1993,B/l,1,2001,B,1,2009,B/l,1,1111111111,'1111,1,Bos ontstaan voor 1775
884,ferraris062-1.jpg,13_1_Enghien.tif,Haute-Croix/Heikruis - nr. 120,1775,P,0,1850,B/l,1,1855,B,1,1865,B/l,1,1879,B/l,1,1906,B/l,1,1960,B/l,1,1993,B/l,1,2001,B,1,2009,B/l,1,0111111111,'0111,2,Bos ontstaan tussen 1775 en 1850
885,ferraris062-1.jpg,13_1_Enghien.tif,Haute-Croix/Heikruis - nr. 120,1775,B,1,1850,B/l,1,1855,B,1,1865,B/l,1,1879,B/l,1,1906,B/l,1,1960,B/l,1,1993,B/l,1,2001,B,1,2009,B/l,1,1111111111,'1111,1,Bos ontstaan voor 1775
886,ferraris062-1.jpg,13_1_Enghien.tif,Haute-Croix/Heikruis - nr. 120,1775,B,1,1850,G,0,1855,G,0,1865,B/l,1,1879,B/l,1,1906,B/l,1,1960,B/l,1,1993,B/l,1,2001,B,1,2009,B/l,1,1001111111,'1011,3,Bos ontstaan tussen 1850 en +/- 1930
887,ferraris062-1.jpg,13_1_Enghien.tif,Haute-Croix/Heikruis - nr. 120,1775,B,1,1850,B/l,1,1855,B,1,1865,B/l,1,1879,B/l,1,1906,B/l,1,1960,B/l,1,1993,B/l,1,2001,B,1,2009,B/l,1,1111111111,'1111,1,Bos ontstaan voor 1775
888,ferraris062-1.jpg,13_1_Enghien.tif,Haute-Croix/Heikruis - nr. 120,1775,P,0,1850,G,0,1855,G,0,1865,G,0,1879,G,0,1906,G,0,1960,B/l,1,1993,B/l,1,2001,B,1,2009,B/l,1,0000001111,'0001,4,Bos ontstaan na +/- 1930
889,ferraris062-1.jpg,13_1_Enghien.tif,Haute-Croix/Heikruis - nr. 120,1775,B,1,1850,B/l,1,1855,B,1,1865,B/l,1,1879,B/l,1,1906,B/l,1,1960,B/l,1,1993,B/l,1,2001,B,1,2009,B/l,1,1111111111,'1111,1,Bos ontstaan voor 1775
890,ferraris062-1.jpg,13_1_Enghien.tif,Haute-Croix/Heikruis - nr. 120,1775,B,1,1850,B/l,1,1855,B,1,1865,B/l,1,1879,B/l,1,1906,B/l,1,1960,B/l,1,1993,B/l,1,2001,B,1,2009,B/l,1,1111111111,'1111,1,Bos ontstaan voor 1775
901,ferraris112-3.jpg,8_16_Hamme_Mille.tif,Bierbeek (2e Partie) et Haesrode - nr. 25,1775,B,1,1850,B/l,1,1855,B,1,1865,B/l,1,1881,B/l,1,1893,B/l,1,1960,B/l,1,1993,B/l,1,2001,B,1,2009,B/l,1,1111111111,'1111,1,Bos ontstaan voor 1775
902,ferraris112-3.jpg,8_16_Hamme_Mille.tif,Bierbeek (2e Partie) et Haesrode - nr. 25,1775,B,1,1850,B/l,1,1855,B,1,1865,B/l,1,1881,B/l,1,1893,B/l,1,1960,B/l,1,1993,B/l,1,2001,B,1,2009,B/l,1,1111111111,'1111,1,Bos ontstaan voor 1775
903,ferraris112-3.jpg,8_16_Hamme_Mille.tif,Bierbeek (2e Partie) et Haesrode - nr. 25,1775,B,1,1850,B/l,1,1855,B,1,1865,B/l,1,1881,B/l,1,1893,B/l,1,1960,B/l,1,1993,B/l,1,2001,B,1,2009,B/l,1,1111111111,'1111,1,Bos ontstaan voor 1775
904,ferraris112-3.jpg,8_16_Hamme_Mille.tif,Bierbeek (2e Partie) et Haesrode - nr. 25,1775,B,1,1850,B/l,1,1855,B,1,1865,B/l,1,1881,B/l,1,1893,B/l,1,1960,B/l,1,1993,B/l,1,2001,B,1,2009,B/l,1,1111111111,'1111,1,Bos ontstaan voor 1775
905,ferraris112-3.jpg,8_16_Hamme_Mille.tif,Bierbeek (2e Partie) et Haesrode - nr. 25,1775,B,1,1850,B/l,1,1855,B,1,1865,B/l,1,1881,B/l,1,1893,B/l,1,1960,B/l,1,1993,B/l,1,2001,B,1,2009,B/l,1,1111111111,'1111,1,Bos ontstaan voor 1775
906,ferraris112-3.jpg,8_16_Hamme_Mille.tif,Bierbeek (2e Partie) et Haesrode - nr. 25,1775,B,1,1850,B/l,1,1855,B,1,1865,B/l,1,1881,B/l,1,1893,B/l,1,1960,B/l,1,1993,B/l,1,2001,B,1,2009,B/l,1,1111111111,'1111,1,Bos ontstaan voor 1775
907,ferraris112-3.jpg,8_16_Hamme_Mille.tif,Bierbeek (2e Partie) et Haesrode - nr. 25,1775,B,1,1850,B/l,1,1855,B,1,1865,B/l,1,1881,B/l,1,1893,B/l,1,1960,B/l,1,1993,B/l,1,2001,B,1,2009,B/l,1,1111111111,'1111,1,Bos ontstaan voor 1775
908,ferraris112-3.jpg,8_16_Hamme_Mille.tif,Bierbeek (2e Partie) et Haesrode - nr. 25,1775,B,1,1850,B/l,1,1855,B,1,1865,B/l,1,1881,B/l,1,1893,B/l,1,1960,B/l,1,1993,B/l,1,2001,B,1,2009,B/l,1,1111111111,'1111,1,Bos ontstaan voor 1775
909,ferraris112-3.jpg,8_16_Hamme_Mille.tif,Bierbeek (2e Partie) et Haesrode - nr. 25,1775,B,1,1850,B/n,1,1855,B,1,1865,B/n,1,1881,B/n,1,1893,B/n,1,1960,H,0,1993,B/n,1,2001,B,1,2009,B/n,1,1111110111,'1111,1,Bos ontstaan voor 1775
910,ferraris112-3.jpg,8_16_Hamme_Mille.tif,Bierbeek (2e Partie) et Haesrode - nr. 25,1775,B,1,1850,B/l,1,1855,B,1,1865,B/l,1,1881,B/l,1,1893,B/l,1,1960,B/l,1,1993,B/l,1,2001,B,1,2009,B/l,1,1111111111,'1111,1,Bos ontstaan voor 1775
911,ferraris112-3.jpg,8_16_Hamme_Mille.tif,Bierbeek (2e Partie) et Haesrode - nr. 25,1775,B,1,1850,B/l,1,1855,B,1,1865,B/l,1,1881,B/l,1,1893,B/l,1,1960,B/l,1,1993,B/l,1,2001,B,1,2009,B/l,1,1111111111,'1111,1,Bos ontstaan voor 1775
912,ferraris112-3.jpg,8_16_Hamme_Mille.tif,Bierbeek (2e Partie) et Haesrode - nr. 25,1775,B,1,1850,B/l,1,1855,B,1,1865,B/l,1,1881,B/l,1,1893,B/l,1,1960,B/l,1,1993,B/l,1,2001,B,1,2009,B/l,1,1111111111,'1111,1,Bos ontstaan voor 1775
913,ferraris112-3.jpg,8_16_Hamme_Mille.tif,Bierbeek (2e Partie) et Haesrode - nr. 25,1775,B,1,1850,B/l,1,1855,B,1,1865,B/l,1,1881,B/l,1,1893,B/l,1,1960,B/l,1,1993,B/l,1,2001,B,1,2009,B/l,1,1111111111,'1111,1,Bos ontstaan voor 1775
914,ferraris112-3.jpg,8_16_Hamme_Mille.tif,Bierbeek (2e Partie) et Haesrode - nr. 25,1775,B,1,1850,B/n,1,1855,B,1,1865,B/n,1,1881,B/n,1,1893,B/n,1,1960,H,0,1993,B/n,1,2001,B,1,2009,B/l,1,1111110111,'1111,1,Bos ontstaan voor 1775
915,ferraris112-3.jpg,8_16_Hamme_Mille.tif,Bierbeek (2e Partie) et Haesrode - nr. 25,1775,B,1,1850,B/l,1,1855,B,1,1865,B/l,1,1881,B/l,1,1893,B/l,1,1960,B/l,1,1993,B/l,1,2001,B,1,2009,B/l,1,1111111111,'1111,1,Bos ontstaan voor 1775
916,ferraris112-3.jpg,8_16_Hamme_Mille.tif,Bierbeek (2e Partie) et Haesrode - nr. 25,1775,B,1,1850,B/n,1,1855,B,1,1865,B/n,1,1881,B/n,1,1893,B/n,1,1960,B/n,1,1993,B/n,1,2001,B,1,2009,B/n,1,1111111111,'1111,1,Bos ontstaan voor 1775
917,ferraris112-3.jpg,8_16_Hamme_Mille.tif,Bierbeek (2e Partie) et Haesrode - nr. 25,1775,B,1,1850,B/n,1,1855,B,1,1865,B/n,1,1881,B/n,1,1893,B/n,1,1960,B/n,1,1993,B/n,1,2001,B,1,2009,B/n,1,1111111111,'1111,1,Bos ontstaan voor 1775
918,ferraris112-3.jpg,8_16_Hamme_Mille.tif,Bierbeek (2e Partie) et Haesrode - nr. 25,1775,B,1,1850,B/l,1,1855,B,1,1865,B/l,1,1881,B/l,1,1893,B/l,1,1960,B/l,1,1993,B/l,1,2001,B,1,2009,B/l,1,1111111111,'1111,1,Bos ontstaan voor 1775
919,ferraris112-3.jpg,8_16_Hamme_Mille.tif,Bierbeek (2e Partie) et Haesrode - nr. 25,1775,B,1,1850,B/l,1,1855,B,1,1865,B/l,1,1881,B/l,1,1893,B/l,1,1960,B/l,1,1993,B/l,1,2001,B,1,2009,B/l,1,1111111111,'1111,1,Bos ontstaan voor 1775
920,ferraris112-3.jpg,8_16_Hamme_Mille.tif,Bierbeek (2e Partie) et Haesrode - nr. 25,1775,B,1,1850,B/l,1,1855,B,1,1865,B/l,1,1881,B/l,1,1893,B/l,1,1960,B/l,1,1993,B/l,1,2001,B,1,2009,B/l,1,1111111111,'1111,1,Bos ontstaan voor 1775
921,ferraris112-3.jpg,8_16_Hamme_Mille.tif,Bierbeek (2e Partie) et Haesrode - nr. 25,1775,B,1,1850,B/l,1,1855,B,1,1865,B/l,1,1881,B/l,1,1893,B/l,1,1960,B/l,1,1993,B/l,1,2001,B,1,2009,B/l,1,1111111111,'1111,1,Bos ontstaan voor 1775
922,ferraris112-3.jpg,8_16_Hamme_Mille.tif,Bierbeek (2e Partie) et Haesrode - nr. 25,1775,B,1,1850,B/l,1,1855,B,1,1865,B/l,1,1881,B/l,1,1893,B/l,1,1960,B/l,1,1993,B/l,1,2001,B,1,2009,B/l,1,1111111111,'1111,1,Bos ontstaan voor 1775
923,ferraris112-3.jpg,8_16_Hamme_Mille.tif,Bierbeek (2e Partie) et Haesrode - nr. 25,1775,B,1,1850,B/n,1,1855,B,1,1865,B/n,1,1881,B/n,1,1893,B/n,1,1960,B/n,1,1993,B/n,1,2001,B,1,2009,B/n,1,1111111111,'1111,1,Bos ontstaan voor 1775
924,ferraris112-3.jpg,8_16_Hamme_Mille.tif,Bierbeek (2e Partie) et Haesrode - nr. 25,1775,B,1,1850,B/n,1,1855,B,1,1865,B/n,1,1881,B/n,1,1893,B/n,1,1960,B/n,1,1993,B/n,1,2001,B,1,2009,B/n,1,1111111111,'1111,1,Bos ontstaan voor 1775
925,ferraris112-3.jpg,8_16_Hamme_Mille.tif,Bierbeek (2e Partie) et Haesrode - nr. 25,1775,B,1,1850,B/l,1,1855,B,1,1865,B/l,1,1881,B/l,1,1893,B/l,1,1960,B/l,1,1993,B/l,1,2001,B,1,2009,B/l,1,1111111111,'1111,1,Bos ontstaan voor 1775
926,ferraris112-3.jpg,8_16_Hamme_Mille.tif,Bierbeek (2e Partie) et Haesrode - nr. 25,1775,B,1,1850,B/l,1,1855,B,1,1865,B/l,1,1881,B/l,1,1893,B/l,1,1960,B/l,1,1993,B/l,1,2001,B,1,2009,B/l,1,1111111111,'1111,1,Bos ontstaan voor 1775
927,ferraris112-3.jpg,8_16_Hamme_Mille.tif,Bierbeek (2e Partie) et Haesrode - nr. 25,1775,B,1,1850,B/l,1,1855,B,1,1865,B/l,1,1881,B/l,1,1893,B/l,1,1960,B/l,1,1993,B/l,1,2001,B,1,2009,B/l,1,1111111111,'1111,1,Bos ontstaan voor 1775
928,ferraris112-3.jpg,8_16_Hamme_Mille.tif,Bierbeek (2e Partie) et Haesrode - nr. 25,1775,B,1,1850,B/l,1,1855,B,1,1865,B/l,1,1881,B/l,1,1893,B/l,1,1960,B/l,1,1993,B/l,1,2001,B,1,2009,B/l,1,1111111111,'1111,1,Bos ontstaan voor 1775
929,ferraris112-3.jpg,8_16_Hamme_Mille.tif,Bierbeek (2e Partie) et Haesrode - nr. 25,1775,B,1,1850,B/l,1,1855,B,1,1865,B/l,1,1881,B/l,1,1893,B/l,1,1960,B/l,1,1993,B/l,1,2001,B,1,2009,B/l,1,1111111111,'1111,1,Bos ontstaan voor 1775
930,ferraris112-3.jpg,8_16_Hamme_Mille.tif,Bierbeek (2e Partie) et Haesrode - nr. 25,1775,B,1,1850,B/l,1,1855,B,1,1865,B/l,1,1881,B/l,1,1893,B/l,1,1960,B/l,1,1993,B/l,1,2001,B,1,2009,B/l,1,1111111111,'1111,1,Bos ontstaan voor 1775
931,ferraris112-3.jpg,8_16_Hamme_Mille.tif,Bierbeek (2e Partie) et Haesrode - nr. 25,1775,B,1,1850,B/l,1,1855,B,1,1865,B/l,1,1881,B/l,1,1893,B/l,1,1960,B/l,1,1993,B/l,1,2001,B,1,2009,B/l,1,1111111111,'1111,1,Bos ontstaan voor 1775
932,ferraris112-3.jpg,8_16_Hamme_Mille.tif,Bierbeek (2e Partie) et Haesrode - nr. 25,1775,B,1,1850,B/n,1,1855,B,1,1865,B/n,1,1881,B/n,1,1893,B/n,1,1960,B/l,1,1993,B/l,1,2001,B,1,2009,B/l,1,1111111111,'1111,1,Bos ontstaan voor 1775
933,ferraris112-3.jpg,8_16_Hamme_Mille.tif,Bierbeek (2e Partie) et Haesrode - nr. 25,1775,B,1,1850,B/l,1,1855,B,1,1865,B/l,1,1881,B/l,1,1893,B/l,1,1960,B/l,1,1993,B/l,1,2001,B,1,2009,B/l,1,1111111111,'1111,1,Bos ontstaan voor 1775
934,ferraris112-3.jpg,8_16_Hamme_Mille.tif,Bierbeek (2e Partie) et Haesrode - nr. 25,1775,B,1,1850,B/l,1,1855,B,1,1865,B/l,1,1881,B/l,1,1893,B/l,1,1960,B/l,1,1993,B/l,1,2001,B,1,2009,B/l,1,1111111111,'1111,1,Bos ontstaan voor 1775
935,ferraris112-3.jpg,8_16_Hamme_Mille.tif,Bierbeek (2e Partie) et Haesrode - nr. 25,1775,B,1,1850,B/l,1,1855,B,1,1865,B/l,1,1881,B/l,1,1893,B/l,1,1960,B/l,1,1993,B/l,1,2001,B,1,2009,B/l,1,1111111111,'1111,1,Bos ontstaan voor 1775
936,ferraris112-3.jpg,8_16_Hamme_Mille.tif,Bierbeek (2e Partie) et Haesrode - nr. 25,1775,B,1,1850,B/l,1,1855,B,1,1865,B/l,1,1881,B/l,1,1893,B/l,1,1960,B/l,1,1993,B/l,1,2001,B,1,2009,B/l,1,1111111111,'1111,1,Bos ontstaan voor 1775
937,ferraris112-3.jpg,8_16_Hamme_Mille.tif,Bierbeek (2e Partie) et Haesrode - nr. 25,1775,B,1,1850,B/l,1,1855,B,1,1865,B/l,1,1881,B/l,1,1893,B/l,1,1960,B/l,1,1993,B/l,1,2001,B,1,2009,B/l,1,1111111111,'1111,1,Bos ontstaan voor 1775
938,ferraris112-3.jpg,8_16_Hamme_Mille.tif,Bierbeek (2e Partie) et Haesrode - nr. 25,1775,B,1,1850,B/l,1,1855,B,1,1865,B/l,1,1881,B/l,1,1893,B/l,1,1960,B/l,1,1993,B/l,1,2001,B,1,2009,B/l,1,1111111111,'1111,1,Bos ontstaan voor 1775
939,ferraris112-3.jpg,8_16_Hamme_Mille.tif,Bierbeek (2e Partie) et Haesrode - nr. 25,1775,B,1,1850,B/l,1,1855,B,1,1865,B/l,1,1881,B/l,1,1893,B/l,1,1960,B/l,1,1993,B/l,1,2001,B,1,2009,B/l,1,1111111111,'1111,1,Bos ontstaan voor 1775
940,ferraris112-3.jpg,8_16_Hamme_Mille.tif,Bierbeek (2e Partie) et Haesrode - nr. 25,1775,B,1,1850,B/l,1,1855,B,1,1865,B/l,1,1881,B/l,1,1893,B/l,1,1960,B/l,1,1993,B/l,1,2001,B,1,2009,B/l,1,1111111111,'1111,1,Bos ontstaan voor 1775
941,ferraris112-3.jpg,8_16_Hamme_Mille.tif,Bierbeek (2e Partie) et Haesrode - nr. 25,1775,B,1,1850,B/l,1,1855,B,1,1865,B/l,1,1881,B/l,1,1893,B/l,1,1960,B/l,1,1993,B/l,1,2001,B,1,2009,B/l,1,1111111111,'1111,1,Bos ontstaan voor 1775
942,ferraris112-3.jpg,8_16_Hamme_Mille.tif,Bierbeek (2e Partie) et Haesrode - nr. 25,1775,B,1,1850,B/l,1,1855,B,1,1865,B/l,1,1881,B/l,1,1893,B/l,1,1960,B/l,1,1993,B/l,1,2001,B,1,2009,B/l,1,1111111111,'1111,1,Bos ontstaan voor 1775
943,ferraris112-3.jpg,8_16_Hamme_Mille.tif,Bierbeek (2e Partie) et Haesrode - nr. 25,1775,B,1,1850,B/l,1,1855,B,1,1865,B/l,1,1881,B/l,1,1893,B/l,1,1960,B/l,1,1993,B/l,1,2001,B,1,2009,B/l,1,1111111111,'1111,1,Bos ontstaan voor 1775
944,ferraris112-3.jpg,8_16_Hamme_Mille.tif,Bierbeek (2e Partie) et Haesrode - nr. 25,1775,B,1,1850,B/l,1,1855,B,1,1865,B/l,1,1881,B/l,1,1893,B/l,1,1960,B/l,1,1993,B/l,1,2001,B,1,2009,B/l,1,1111111111,'1111,1,Bos ontstaan voor 1775
945,ferraris112-3.jpg,8_16_Hamme_Mille.tif,Bierbeek (2e Partie) et Haesrode - nr. 25,1775,B,1,1850,B/l,1,1855,B,1,1865,B/l,1,1881,B/l,1,1893,B/l,1,1960,B/l,1,1993,B/l,1,2001,B,1,2009,B/l,1,1111111111,'1111,1,Bos ontstaan voor 1775
946,ferraris112-3.jpg,8_16_Hamme_Mille.tif,Bierbeek (2e Partie) et Haesrode - nr. 25,1775,B,1,1850,B/l,1,1855,B,1,1865,B/l,1,1881,B/l,1,1893,B/l,1,1960,B/l,1,1993,B/l,1,2001,B,1,2009,B/l,1,1111111111,'1111,1,Bos ontstaan voor 1775
947,ferraris112-3.jpg,8_16_Hamme_Mille.tif,Bierbeek (2e Partie) et Haesrode - nr. 25,1775,B,1,1850,B/l,1,1855,B,1,1865,B/l,1,1881,B/l,1,1893,B/l,1,1960,B/l,1,1993,B/l,1,2001,B,1,2009,B/l,1,1111111111,'1111,1,Bos ontstaan voor 1775
948,ferraris112-3.jpg,8_16_Hamme_Mille.tif,Bierbeek (2e Partie) et Haesrode - nr. 25,1775,B,1,1850,B/l,1,1855,B,1,1865,B/l,1,1881,B/l,1,1893,B/l,1,1960,B/l,1,1993,B/l,1,2001,B,1,2009,B/l,1,1111111111,'1111,1,Bos ontstaan voor 1775
949,ferraris112-3.jpg,8_16_Hamme_Mille.tif,Bierbeek (2e Partie) et Haesrode - nr. 25,1775,B,1,1850,B/l,1,1855,B,1,1865,B/l,1,1881,B/l,1,1893,B/l,1,1960,B/l,1,1993,B/l,1,2001,B,1,2009,B/l,1,1111111111,'1111,1,Bos ontstaan voor 1775
950,ferraris112-3.jpg,8_16_Hamme_Mille.tif,Bierbeek (2e Partie) et Haesrode - nr. 25,1775,B,1,1850,B/l,1,1855,B,1,1865,B/l,1,1881,B/l,1,1893,B/l,1,1960,B/l,1,1993,B/l,1,2001,B,1,2009,B/l,1,1111111111,'1111,1,Bos ontstaan voor 1775
951,ferraris112-3.jpg,8_16_Hamme_Mille.tif,Bierbeek (2e Partie) et Haesrode - nr. 25,1775,B,1,1850,B/l,1,1855,B,1,1865,B/l,1,1881,B/l,1,1893,B/l,1,1960,B/l,1,1993,B/l,1,2001,B,1,2009,B/l,1,1111111111,'1111,1,Bos ontstaan voor 1775
952,ferraris112-3.jpg,8_16_Hamme_Mille.tif,Bierbeek (2e Partie) et Haesrode - nr. 25,1775,B,1,1850,B/l,1,1855,B,1,1865,B/l,1,1881,B/l,1,1893,B/l,1,1960,B/l,1,1993,B/l,1,2001,B,1,2009,B/l,1,1111111111,'1111,1,Bos ontstaan voor 1775
953,ferraris112-3.jpg,8_16_Hamme_Mille.tif,Bierbeek (2e Partie) et Haesrode - nr. 25,1775,B,1,1850,B/l,1,1855,B,1,1865,B/l,1,1881,B/l,1,1893,B/l,1,1960,B/l,1,1993,B/l,1,2001,B,1,2009,B/l,1,1111111111,'1111,1,Bos ontstaan voor 1775
954,ferraris112-3.jpg,8_16_Hamme_Mille.tif,Bierbeek (2e Partie) et Haesrode - nr. 25,1775,B,1,1850,B/l,1,1855,B,1,1865,B/l,1,1881,B/l,1,1893,B/l,1,1960,B/l,1,1993,B/l,1,2001,B,1,2009,B/l,1,1111111111,'1111,1,Bos ontstaan voor 1775
955,ferraris112-3.jpg,8_16_Hamme_Mille.tif,Bierbeek (2e Partie) et Haesrode - nr. 25,1775,B,1,1850,B/l,1,1855,B,1,1865,B/l,1,1881,B/l,1,1893,B/l,1,1960,B/l,1,1993,B/l,1,2001,B,1,2009,B/l,1,1111111111,'1111,1,Bos ontstaan voor 1775
956,ferraris112-3.jpg,8_16_Hamme_Mille.tif,Bierbeek (2e Partie) et Haesrode - nr. 25,1775,B,1,1850,B/l,1,1855,B,1,1865,B/l,1,1881,B/l,1,1893,B/l,1,1960,B/l,1,1993,B/l,1,2001,B,1,2009,B/l,1,1111111111,'1111,1,Bos ontstaan voor 1775
957,ferraris112-3.jpg,8_16_Hamme_Mille.tif,Bierbeek (2e Partie) et Haesrode - nr. 25,1775,B,1,1850,B/l,1,1855,B,1,1865,B/l,1,1881,B/l,1,1893,B/l,1,1960,B/l,1,1993,B/l,1,2001,B,1,2009,B/l,1,1111111111,'1111,1,Bos ontstaan voor 1775
958,ferraris112-3.jpg,8_16_Hamme_Mille.tif,Bierbeek (2e Partie) et Haesrode - nr. 25,1775,B,1,1850,B/l,1,1855,B,1,1865,B/l,1,1881,B/l,1,1893,B/l,1,1960,B/l,1,1993,B/l,1,2001,B,1,2009,B/l,1,1111111111,'1111,1,Bos ontstaan voor 1775
959,ferraris112-3.jpg,8_16_Hamme_Mille.tif,Bierbeek (2e Partie) et Haesrode - nr. 25,1775,B,1,1850,B/l,1,1855,B,1,1865,B/l,1,1881,B/l,1,1893,B/l,1,1960,B/l,1,1993,B/l,1,2001,B,1,2009,B/l,1,1111111111,'1111,1,Bos ontstaan voor 1775
960,ferraris112-3.jpg,8_16_Hamme_Mille.tif,Bierbeek (2e Partie) et Haesrode - nr. 25,1775,B,1,1850,B/l,1,1855,B,1,1865,B/l,1,1881,B/l,1,1893,B/l,1,1960,B/l,1,1993,B/l,1,2001,B,1,2009,B/l,1,1111111111,'1111,1,Bos ontstaan voor 1775
961,ferraris112-3.jpg,8_16_Hamme_Mille.tif,Bierbeek (2e Partie) et Haesrode - nr. 25,1775,B,1,1850,B/l,1,1855,B,1,1865,B/l,1,1881,B/l,1,1893,B/l,1,1960,B/l,1,1993,B/l,1,2001,B,1,2009,B/l,1,1111111111,'1111,1,Bos ontstaan voor 1775
962,ferraris112-3.jpg,8_16_Hamme_Mille.tif,Bierbeek (2e Partie) et Haesrode - nr. 25,1775,B,1,1850,B/l,1,1855,B,1,1865,B/l,1,1881,B/l,1,1893,B/l,1,1960,B/l,1,1993,B/l,1,2001,B,1,2009,B/l,1,1111111111,'1111,1,Bos ontstaan voor 1775
963,ferraris112-3.jpg,8_16_Hamme_Mille.tif,Bierbeek (2e Partie) et Haesrode - nr. 25,1775,B,1,1850,B/l,1,1855,B,1,1865,B/l,1,1881,B/l,1,1893,B/l,1,1960,B/l,1,1993,B/l,1,2001,B,1,2009,B/l,1,1111111111,'1111,1,Bos ontstaan voor 1775
964,ferraris112-3.jpg,8_16_Hamme_Mille.tif,Bierbeek (2e Partie) et Haesrode - nr. 25,1775,B,1,1850,B/l,1,1855,B,1,1865,B/l,1,1881,B/l,1,1893,B/l,1,1960,B/l,1,1993,B/l,1,2001,B,1,2009,B/l,1,1111111111,'1111,1,Bos ontstaan voor 1775
965,ferraris112-3.jpg,8_16_Hamme_Mille.tif,Bierbeek (2e Partie) et Haesrode - nr. 25,1775,B,1,1850,B/l,1,1855,B,1,1865,B/l,1,1881,B/l,1,1893,B/l,1,1960,B/l,1,1993,B/l,1,2001,B,1,2009,B/l,1,1111111111,'1111,1,Bos ontstaan voor 1775
966,ferraris112-3.jpg,8_16_Hamme_Mille.tif,Bierbeek (2e Partie) et Haesrode - nr. 25,1775,B,1,1850,B/l,1,1855,B,1,1865,B/l,1,1881,B/l,1,1893,B/l,1,1960,B/l,1,1993,B/l,1,2001,B,1,2009,B/l,1,1111111111,'1111,1,Bos ontstaan voor 1775
1003,ferraris060-1.jpg/ferraris060-2.jpg,8_9_Alost.tif,Liedekerke - nr. 169,1775,B,1,1850,B/l,1,1847,B,1,1868,B/l,1,1879,A,0,1930,B/n,1,1960,B/l,1,1993,B/l,1,2001,B,1,2009,B/l,1,1111011111,'1111,1,Bos ontstaan voor 1775
1004,ferraris060-1.jpg/ferraris060-2.jpg,8_9_Alost.tif,Liedekerke - nr. 169,1775,B,1,1850,B/l,1,1847,B,1,1868,B/l,1,1879,B/n,1,1930,B/l,1,1960,H,0,1993,B/l,1,2001,B,1,2009,B/l,1,1111110111,'1111,1,Bos ontstaan voor 1775
1005,ferraris060-1.jpg/ferraris060-2.jpg,8_9_Alost.tif,Liedekerke - nr. 169,1775,B,1,1850,B/l,1,1847,B,1,1868,B/l,1,1879,B/n,1,1930,B/l,1,1960,H,0,1993,B/l,1,2001,B,1,2009,B/l,1,1111110111,'1111,1,Bos ontstaan voor 1775
1008,ferraris060-1.jpg/ferraris060-2.jpg,8_9_Alost.tif,Liedekerke - nr. 169,1775,B,1,1850,B/l,1,1847,B,1,1868,B/l,1,1879,B/n,1,1930,B/n,1,1960,B/l,1,1993,B/l,1,2001,B,1,2009,B/l,1,1111111111,'1111,1,Bos ontstaan voor 1775
1009,ferraris060-1.jpg/ferraris060-2.jpg,8_9_Alost.tif,Liedekerke - nr. 169,1775,B,1,1850,B/l,1,1847,B,1,1868,B/l,1,1879,B/n,1,1930,B/l,1,1960,H,0,1993,B/l,1,2001,B,1,2009,B/l,1,1111110111,'1111,1,Bos ontstaan voor 1775
1011,ferraris060-1.jpg/ferraris060-2.jpg,8_9_Alost.tif,Liedekerke - nr. 169,1775,B,1,1850,B/l,1,1847,B,1,1868,B/l,1,1879,A,0,1930,H,0,1960,B/l,1,1993,B/l,1,2001,B,1,2009,B/l,1,1111001111,'1101,4,Bos ontstaan na +/- 1930
1018,ferraris060-1.jpg/ferraris060-2.jpg,8_9_Alost.tif,Liedekerke - nr. 169,1775,B,1,1850,B/l,1,1847,B,1,1868,B/l,1,1879,B/n,1,1930,B/n,1,1960,H,0,1993,B/l,1,2001,B,1,2009,B/l,1,1111110111,'1111,1,Bos ontstaan voor 1775
1019,ferraris060-1.jpg/ferraris060-2.jpg,8_9_Alost.tif,Liedekerke - nr. 169,1775,B,1,1850,B/l,1,1847,B,1,1868,B/l,1,1879,B/n,1,1930,B/l,1,1960,H,0,1993,B/l,1,2001,B,1,2009,B/l,1,1111110111,'1111,1,Bos ontstaan voor 1775
1022,ferraris060-1.jpg/ferraris060-2.jpg,8_9_Alost.tif,Liedekerke - nr. 169,1775,B,1,1850,B/l,1,1847,B,1,1868,B/l,1,1879,B/n,1,1930,B/n,1,1960,H,0,1993,B/l,1,2001,B,1,2009,B/l,1,1111110111,'1111,1,Bos ontstaan voor 1775
1023,ferraris060-1.jpg/ferraris060-2.jpg,8_9_Alost.tif,Liedekerke - nr. 169,1775,B,1,1850,B/l,1,1847,B,1,1868,B/l,1,1879,B/n,1,1930,B/l,1,1960,H,0,1993,B/l,1,2001,B,1,2009,B/l,1,1111110111,'1111,1,Bos ontstaan voor 1775
1024,ferraris060-1.jpg/ferraris060-2.jpg,8_9_Alost.tif,Liedekerke - nr. 169,1775,B,1,1850,B/l,1,1847,B,1,1868,B/l,1,1879,B/n,1,1930,B/n,1,1960,H,0,1993,B/l,1,2001,B,1,2009,B/l,1,1111110111,'1111,1,Bos ontstaan voor 1775
1026,ferraris060-1.jpg/ferraris060-2.jpg,8_9_Alost.tif,Liedekerke - nr. 169,1775,B,1,1850,B/l,1,1847,B,1,1868,B/l,1,1879,B/n,1,1930,B/n,1,1960,H,0,1993,B/l,1,2001,B,1,2009,B/l,1,1111110111,'1111,1,Bos ontstaan voor 1775
1027,ferraris060-1.jpg/ferraris060-2.jpg,8_9_Alost.tif,Liedekerke - nr. 169,1775,B,1,1850,B/l,1,1847,B,1,1868,B/l,1,1879,B/n,1,1930,B/l,1,1960,H,0,1993,B/l,1,2001,B,1,2009,B/l,1,1111110111,'1111,1,Bos ontstaan voor 1775
1028,ferraris060-1.jpg/ferraris060-2.jpg,8_9_Alost.tif,Liedekerke - nr. 169,1775,B,1,1850,B/l,1,1847,B,1,1868,B/l,1,1879,B/n,1,1930,B/l,1,1960,H,0,1993,B/l,1,2001,B,1,2009,B/l,1,1111110111,'1111,1,Bos ontstaan voor 1775
1029,ferraris060-1.jpg/ferraris060-2.jpg,8_9_Alost.tif,Liedekerke - nr. 169,1775,B,1,1850,B/l,1,1847,B,1,1868,B/l,1,1879,A,0,1930,B/l,1,1960,H,0,1993,B/l,1,2001,B,1,2009,B/l,1,1111010111,'1111,1,Bos ontstaan voor 1775
1032,ferraris060-1.jpg/ferraris060-2.jpg,8_9_Alost.tif,Liedekerke - nr. 169,1775,B,1,1850,B/l,1,1847,B,1,1868,B/l,1,1879,B/n,1,1930,B/l,1,1960,H,0,1993,B/l,1,2001,B,1,2009,B/l,1,1111110111,'1111,1,Bos ontstaan voor 1775
1035,ferraris060-1.jpg/ferraris060-2.jpg,8_9_Alost.tif,Liedekerke - nr. 169,1775,B,1,1850,B/l,1,1847,B,1,1868,B/l,1,1879,A,0,1930,B/l,1,1960,H,0,1993,B/l,1,2001,B,1,2009,B/l,1,1111010111,'1111,1,Bos ontstaan voor 1775
1037,ferraris060-1.jpg/ferraris060-2.jpg,8_9_Alost.tif,Liedekerke - nr. 169,1775,B,1,1850,B/l,1,1847,B,1,1868,B/l,1,1879,A,0,1930,B/l,1,1960,H,0,1993,B/l,1,2001,B,1,2009,B/l,1,1111010111,'1111,1,Bos ontstaan voor 1775
1041,ferraris060-1.jpg/ferraris060-2.jpg,8_9_Alost.tif,Liedekerke - nr. 169,1775,B,1,1850,B/l,1,1847,B,1,1868,B/l,1,1879,B/n,1,1930,H,0,1960,H,0,1993,B/l,1,2001,B,1,2009,B/l,1,1111100111,'1101,4,Bos ontstaan na +/- 1930
1044,ferraris060-1.jpg/ferraris060-2.jpg,8_9_Alost.tif,Liedekerke - nr. 169,1775,B,1,1850,B/l,1,1847,B,1,1868,B/l,1,1879,B/n,1,1930,H,0,1960,B/l,1,1993,B/l,1,2001,B,1,2009,B/l,1,1111101111,'1101,4,Bos ontstaan na +/- 1930
1046,ferraris060-1.jpg/ferraris060-2.jpg,8_9_Alost.tif,Liedekerke - nr. 169,1775,B,1,1850,B/l,1,1847,B,1,1868,B/l,1,1879,B/n,1,1930,H,0,1960,H,0,1993,B/l,1,2001,B,1,2009,B/l,1,1111100111,'1101,4,Bos ontstaan na +/- 1930
1051,ferraris060-1.jpg/ferraris060-2.jpg,8_9_Alost.tif,Liedekerke - nr. 169,1775,B,1,1850,B/l,1,1847,B,1,1868,B/l,1,1879,B/n,1,1930,H,0,1960,H,0,1993,B/l,1,2001,B,1,2009,B/l,1,1111100111,'1101,4,Bos ontstaan na +/- 1930
1052,ferraris060-1.jpg/ferraris060-2.jpg,8_9_Alost.tif,Liedekerke - nr. 169,1775,B,1,1850,B/l,1,1847,B,1,1868,B/l,1,1879,B/n,1,1930,H,0,1960,H,0,1993,B/l,1,2001,B,1,2009,B/l,1,1111100111,'1101,4,Bos ontstaan na +/- 1930
1053,ferraris060-1.jpg/ferraris060-2.jpg,8_9_Alost.tif,Liedekerke - nr. 169,1775,B,1,1850,B/l,1,1847,B,1,1868,B/l,1,1879,B/n,1,1930,H,0,1960,H,0,1993,B/l,1,2001,B,1,2009,B/l,1,1111100111,'1101,4,Bos ontstaan na +/- 1930
1058,ferraris060-1.jpg/ferraris060-2.jpg,8_9_Alost.tif,Liedekerke - nr. 169,1775,B,1,1850,B/l,1,1847,B,1,1868,B/l,1,1879,A,0,1930,B/l,1,1960,B/l,1,1993,B/l,1,2001,B,1,2009,B/l,1,1111011111,'1111,1,Bos ontstaan voor 1775
1059,ferraris060-1.jpg/ferraris060-2.jpg,8_9_Alost.tif,Liedekerke - nr. 169,1775,B,1,1850,B/l,1,1847,B,1,1868,B/l,1,1879,B/n,1,1930,B/l,1,1960,B/l,1,1993,B/l,1,2001,B,1,2009,B/l,1,1111111111,'1111,1,Bos ontstaan voor 1775
1060,ferraris060-1.jpg/ferraris060-2.jpg,8_9_Alost.tif,Liedekerke - nr. 169,1775,B,1,1850,B/l,1,1847,B,1,1868,B/l,1,1879,B/n,1,1930,B/l,1,1960,B/l,1,1993,B/l,1,2001,B,1,2009,B/l,1,1111111111,'1111,1,Bos ontstaan voor 1775
1062,ferraris060-1.jpg/ferraris060-2.jpg,8_9_Alost.tif,Liedekerke - nr. 169,1775,B,1,1850,B/l,1,1847,B,1,1868,B/l,1,1879,B/n,1,1930,B/l,1,1960,B/l,1,1993,B/l,1,2001,B,1,2009,B/l,1,1111111111,'1111,1,Bos ontstaan voor 1775
1063,ferraris060-1.jpg/ferraris060-2.jpg,8_9_Alost.tif,Liedekerke - nr. 169,1775,B,1,1850,B/l,1,1847,B,1,1868,B/l,1,1879,B/n,1,1930,B/l,1,1960,B/l,1,1993,B/l,1,2001,B,1,2009,B/l,1,1111111111,'1111,1,Bos ontstaan voor 1775
1065,ferraris060-1.jpg/ferraris060-2.jpg,8_9_Alost.tif,Liedekerke - nr. 169,1775,B,1,1850,B/l,1,1847,B,1,1868,B/l,1,1879,B/n,1,1930,B/l,1,1960,B/l,1,1993,B/l,1,2001,B,1,2009,B/l,1,1111111111,'1111,1,Bos ontstaan voor 1775
1101,ferraris127-1.tif,4_9_Casterle.tif,Turnhout (5e partie) - nr.,1775,H/B,0,1850,A,0,1852,G,0,1869,B/n,1,1893,B/n,1,1929,B/l,1,1960,B/l,1,1993,B/l,1,2001,B,1,2009,B/l,1,0001111111,'0011,3,Bos ontstaan tussen 1850 en +/- 1930
1102,ferraris127-1.tif,4_9_Casterle.tif,Turnhout (5e partie) - nr.,1775,H/B,0,1850,A,0,1852,G,0,1869,B/n,1,1893,B/n,1,1929,B/l,1,1960,B/l,1,1993,W,0,2001,B,1,2009,B/l,1,0001111011,'0011,3,Bos ontstaan tussen 1850 en +/- 1930
1103,ferraris127-1.tif,4_9_Casterle.tif,Turnhout (5e partie) - nr.,1775,H,0,1850,A,0,1852,H,0,1872,B/n,1,1885,B/n,1,1928,H,0,1960,H,0,1993,H,0,2001,B,1,2009,B/l,1,0001100011,'0001,4,Bos ontstaan na +/- 1930
1104,ferraris127-1.tif,4_9_Casterle.tif,Turnhout (5e partie) - nr.,1775,H,0,1850,H,0,1852,H,0,1872,B/n,1,1885,B/n,1,1928,H,0,1960,B/n,1,1993,B/g,1,2001,B,1,2009,B/g,1,0001101111,'0001,4,Bos ontstaan na +/- 1930
1105,ferraris127-1.tif,4_9_Casterle.tif,Turnhout (5e partie) - nr.,1775,G,0,1850,G,0,1852,G,0,1872,B/n,1,1885,B/n,1,1928,B/l,1,1960,B/l,1,1993,B/l,1,2001,B,1,2009,B/l,1,0001111111,'0011,3,Bos ontstaan tussen 1850 en +/- 1930
1106,ferraris127-1.tif,4_9_Casterle.tif,Turnhout (5e partie) - nr.,1775,H,0,1850,H,0,1852,H,0,1872,B/n,1,1885,B/n,1,1928,B/l,1,1960,B/n,1,1993,B/n,1,2001,B,1,2009,B/g,1,0001111111,'0011,3,Bos ontstaan tussen 1850 en +/- 1930
1107,ferraris127-1.tif,4_9_Casterle.tif,Turnhout (5e partie) - nr.,1775,H,0,1850,H,0,1852,H,0,1872,B/n,1,1885,B/n,1,1928,B/n,1,1960,B/n,1,1993,B/n,1,2001,B,1,2009,B/g,1,0001111111,'0011,3,Bos ontstaan tussen 1850 en +/- 1930
1108,ferraris127-1.tif,4_9_Casterle.tif,Turnhout (5e partie) - nr.,1775,H/B,0,1850,H,0,1852,B,1,1872,B/n,1,1885,B/n,1,1928,B/l,1,1960,B/l,1,1993,B/l,1,2001,B,1,2009,B/g,1,0011111111,'0011,3,Bos ontstaan tussen 1850 en +/- 1930
1109,ferraris127-1.tif,4_9_Casterle.tif,Turnhout (5e partie) - nr.,1775,B,1,1850,H,0,1852,H,0,1872,B/n,1,1885,B/n,1,1928,B/n,1,1960,B/n,1,1993,B/n,1,2001,B,1,2009,B/g,1,1001111111,'1011,3,Bos ontstaan tussen 1850 en +/- 1930
1110,ferraris127-1.tif,4_9_Casterle.tif,Turnhout (5e partie) - nr.,1775,H/B,0,1850,A,0,1852,W,0,1869,W,0,1893,W,0,1929,B/l,1,1960,B/l,1,1993,B/l,1,2001,B,1,2009,B/l,1,0000011111,'0011,3,Bos ontstaan tussen 1850 en +/- 1930
1111,ferraris127-1.tif,4_9_Casterle.tif,Turnhout (5e partie) - nr.,1775,H/B,0,1850,H,0,1852,G,0,1872,G,0,1885,G,0,1928,G,0,1960,B/l,1,1993,B/l,1,2001,B,1,2009,B/l,1,0000001111,'0001,4,Bos ontstaan na +/- 1930
1112,ferraris127-1.tif,4_9_Casterle.tif,Turnhout (5e partie) - nr.,1775,H/B,0,1850,H,0,1852,B + G,1,1869,B/n,1,1893,G,0,1929,H,0,1960,H,0,1993,H,0,2001,B,1,2009,B/l,1,0011000011,'0001,4,Bos ontstaan na +/- 1930
1113,ferraris127-1.tif,4_9_Casterle.tif,Turnhout (5e partie) - nr.,1775,H/B,0,1850,G,0,1852,G + W,0,1869,W,0,1893,B/n,1,1929,B/l,1,1960,B/l,1,1993,B/l,1,2001,B,1,2009,B/l,1,0000111111,'0011,3,Bos ontstaan tussen 1850 en +/- 1930
1114,ferraris127-1.tif,4_9_Casterle.tif,Turnhout (5e partie) - nr.,1775,H/B,0,1850,G,0,1852,W,0,1869,W,0,1893,W,0,1929,B/l,1,1960,B/l,1,1993,B/l,1,2001,B,1,2009,B/l,1,0000011111,'0011,3,Bos ontstaan tussen 1850 en +/- 1930
1115,ferraris127-1.tif,4_9_Casterle.tif,Turnhout (5e partie) - nr.,1775,H/B,0,1850,H,0,1852,B,1,1869,B/n,1,1893,B/n,1,1929,B/l,1,1960,B/l,1,1993,B/l,1,2001,B,1,2009,B/l,1,0011111111,'0011,3,Bos ontstaan tussen 1850 en +/- 1930
1116,ferraris127-1.tif,4_9_Casterle.tif,Turnhout (5e partie) - nr.,1775,H/B,0,1850,G,0,1852,W,0,1869,W,0,1893,W,0,1929,B/l,1,1960,B/l,1,1993,W,0,2001,B,1,2009,B/l,1,0000011011,'0011,3,Bos ontstaan tussen 1850 en +/- 1930
1117,ferraris127-1.tif,4_9_Casterle.tif,Turnhout (5e partie) - nr.,1775,H/B,0,1850,G,0,1852,B,1,1869,B/n,1,1893,B/n,1,1929,B/l,1,1960,B/l,1,1993,B/g,1,2001,B,1,2009,B/l,1,0011111111,'0011,3,Bos ontstaan tussen 1850 en +/- 1930
1118,ferraris127-1.tif,4_9_Casterle.tif,Turnhout (5e partie) - nr.,1775,H/B,0,1850,G,0,1852,G,0,1869,B/n,1,1893,B/n,1,1929,B/l,1,1960,B/l,1,1993,B/g,1,2001,NA,0,2009,B/l,1,0001111101,'0010,,
1119,ferraris127-1.tif,4_9_Casterle.tif,Turnhout (5e partie) - nr.,1775,H/B,0,1850,G,0,1852,G + B,0,1869,B/n,1,1893,B/n,1,1929,B/l,1,1960,B/l,1,1993,B/g,1,2001,B,1,2009,B/g,1,0001111111,'0011,3,Bos ontstaan tussen 1850 en +/- 1930
1120,ferraris127-1.tif,4_9_Casterle.tif,Turnhout (5e partie) - nr.,1775,H/B,0,1850,G,0,1852,G,0,1869,B/n,1,1893,B/n,1,1929,B/l,1,1960,B/l,1,1993,B/g,1,2001,B,1,2009,B/g,1,0001111111,'0011,3,Bos ontstaan tussen 1850 en +/- 1930
1121,ferraris127-1.tif,4_9_Casterle.tif,Turnhout (5e partie) - nr.,1775,H/B,0,1850,H,0,1852,G,0,1869,G,0,1893,G,0,1929,B/l,1,1960,B/l,1,1993,B/g,1,2001,B,1,2009,B/g,1,0000011111,'0011,3,Bos ontstaan tussen 1850 en +/- 1930
1122,ferraris127-1.tif,4_9_Casterle.tif,Turnhout (5e partie) - nr.,1775,H/B,0,1850,H,0,1852,G,0,1869,B/n,1,1893,B/n,1,1929,B/l,1,1960,B/l,1,1993,B/g,1,2001,B,1,2009,B/g,1,0001111111,'0011,3,Bos ontstaan tussen 1850 en +/- 1930
1123,ferraris127-1.tif,4_9_Casterle.tif,Turnhout (5e partie) - nr.,1775,G,0,1850,H,0,1852,G,0,1869,B/n,1,1893,B/n,1,1929,B/l,1,1960,W,0,1993,W,0,2001,B,1,2009,B/l,1,0001110011,'0011,3,Bos ontstaan tussen 1850 en +/- 1930
1124,ferraris127-1.tif,4_9_Casterle.tif,Turnhout (5e partie) - nr.,1775,G,0,1850,H,0,1852,G,0,1869,B/n,1,1893,B/n,1,1929,B/l,1,1960,W,0,1993,W,0,2001,B,1,2009,B/l,1,0001110011,'0011,3,Bos ontstaan tussen 1850 en +/- 1930
1125,ferraris127-1.tif,4_9_Casterle.tif,Turnhout (5e partie) - nr.,1775,G,0,1850,H,0,1852,G,0,1872,B/n,1,1885,B/n,1,1928,B/l,1,1960,B/l,1,1993,B/l,1,2001,B,1,2009,B/g,1,0001111111,'0011,3,Bos ontstaan tussen 1850 en +/- 1930
1126,ferraris127-1.tif,4_9_Casterle.tif,Turnhout (5e partie) - nr.,1775,B/n,1,1850,H,0,1852,B,1,1872,B/n,1,1885,B/n,1,1928,B/n,1,1960,H,0,1993,B/g,1,2001,B,1,2009,B/g,1,1011110111,'1011,3,Bos ontstaan tussen 1850 en +/- 1930
1127,ferraris127-1.tif,4_9_Casterle.tif,Turnhout (5e partie) - nr.,1775,H/B,0,1850,G,0,1852,W,0,1872,W,0,1885,W,0,1928,B/l,1,1960,B/l,1,1993,B/l,1,2001,B,1,2009,B/g,1,0000011111,'0011,3,Bos ontstaan tussen 1850 en +/- 1930
1128,ferraris127-1.tif,4_9_Casterle.tif,Turnhout (5e partie) - nr.,1775,H/B,0,1850,H,0,1852,B,1,1872,B/n,1,1885,B/n,1,1928,B/l,1,1960,B/l,1,1993,B/l,1,2001,B,1,2009,B/g,1,0011111111,'0011,3,Bos ontstaan tussen 1850 en +/- 1930
1129,ferraris127-1.tif,4_9_Casterle.tif,Turnhout (5e partie) - nr.,1775,G,0,1850,H,0,1852,G,0,1872,G,0,1885,G,0,1928,B/l,1,1960,B/l,1,1993,B/l,1,2001,B,1,2009,B/l,1,0000011111,'0011,3,Bos ontstaan tussen 1850 en +/- 1930
1130,ferraris127-1.tif,4_9_Casterle.tif,Turnhout (5e partie) - nr.,1775,G,0,1850,H,0,1852,G,0,1872,H,0,1885,H,0,1928,H,0,1960,H,0,1993,H,0,2001,B,1,2009,B/l,1,0000000011,'0001,4,Bos ontstaan na +/- 1930
1131,ferraris127-1.tif,4_9_Casterle.tif,Turnhout (5e partie) - nr.,1775,H/B,0,1850,A,0,1852,W,0,1872,W,0,1885,W,0,1928,B/l,1,1960,B/l,1,1993,B/l,1,2001,B,1,2009,B/l,1,0000011111,'0011,3,Bos ontstaan tussen 1850 en +/- 1930
1132,ferraris127-1.tif,4_9_Casterle.tif,Turnhout (5e partie) - nr.,1775,G,0,1850,B/l,1,1852,B,1,1872,B/n,1,1885,B/n,1,1928,B/n,1,1960,B/n,1,1993,B/n,1,2001,B,1,2009,B/g,1,0111111111,'0111,2,Bos ontstaan tussen 1775 en 1850
1133,ferraris127-1.tif,4_9_Casterle.tif,Turnhout (5e partie) - nr.,1775,G,0,1850,B/l,1,1852,B,1,1872,G,0,1885,G,0,1928,B/l,1,1960,B/l,1,1993,B/l,1,2001,B,1,2009,B/l,1,0110011111,'0111,2,Bos ontstaan tussen 1775 en 1850
1134,ferraris127-1.tif,4_9_Casterle.tif,Turnhout (5e partie) - nr.,1775,G,0,1850,B/l,1,1852,B,1,1872,H,0,1885,G,0,1928,B/n,1,1960,B/n,1,1993,B/n,1,2001,B,1,2009,B/g,1,0110011111,'0111,2,Bos ontstaan tussen 1775 en 1850
1135,ferraris127-1.tif,4_9_Casterle.tif,Turnhout (5e partie) - nr.,1775,G,0,1850,A,0,1852,B,1,1872,G,0,1885,B/n,1,1928,G,0,1960,H,0,1993,H,0,2001,B,1,2009,B/l,1,0010100011,'0001,4,Bos ontstaan na +/- 1930
1136,ferraris127-1.tif,4_9_Casterle.tif,Turnhout (5e partie) - nr.,1775,G,0,1850,G,0,1852,B,1,1872,B/n,1,1885,B/n,1,1928,B/l,1,1960,H,0,1993,H,0,2001,B,1,2009,B/g,1,0011110011,'0011,3,Bos ontstaan tussen 1850 en +/- 1930
1137,ferraris127-1.tif,4_9_Casterle.tif,Turnhout (5e partie) - nr.,1775,H,0,1850,A,0,1852,B,1,1872,B/n,1,1885,B/n,1,1928,B/n,1,1960,B/n,1,1993,B/n,1,2001,B,1,2009,B/g,1,0011111111,'0011,3,Bos ontstaan tussen 1850 en +/- 1930
1138,ferraris127-1.tif,4_9_Casterle.tif,Turnhout (5e partie) - nr.,1775,H,0,1850,A,0,1852,A,0,1872,H,0,1885,H,0,1928,A,0,1960,H,0,1993,H,0,2001,B,1,2009,B/l,1,0000000011,'0001,4,Bos ontstaan na +/- 1930
1139,ferraris127-1.tif,4_9_Casterle.tif,Turnhout (5e partie) - nr.,1775,H,0,1850,A,0,1852,A,0,1872,B/n,1,1885,H,0,1928,A,0,1960,H,0,1993,H,0,2001,B,1,2009,B/l,1,0001000011,'0001,4,Bos ontstaan na +/- 1930
1140,ferraris127-1.tif,4_9_Casterle.tif,Turnhout (5e partie) - nr.,1775,G,0,1850,G,0,1852,B,1,1872,B/n,1,1885,B/n,1,1928,B/n,1,1960,B/n,1,1993,B/n,1,2001,B,1,2009,B/g,1,0011111111,'0011,3,Bos ontstaan tussen 1850 en +/- 1930
1141,ferraris127-1.tif,4_9_Casterle.tif,Turnhout (5e partie) - nr.,1775,B/n,1,1850,A,0,1852,A,0,1872,B/n,1,1885,H,0,1928,A,0,1960,B/n,1,1993,B/n,1,2001,B,1,2009,B/l,1,1001001111,'1001,4,Bos ontstaan na +/- 1930
1142,ferraris127-1.tif,4_9_Casterle.tif,Turnhout (5e partie) - nr.,1775,H,0,1850,A,0,1852,B,1,1872,A,0,1885,A,0,1928,A,0,1960,H,0,1993,H,0,2001,B,1,2009,B/l,1,0010000011,'0001,4,Bos ontstaan na +/- 1930
1143,ferraris127-1.tif,4_9_Casterle.tif,Turnhout (5e partie) - nr.,1775,H,0,1850,A,0,1852,B,1,1872,B/n,1,1885,B/n,1,1928,B/l,1,1960,B/n,1,1993,B/n,1,2001,B,1,2009,B/g,1,0011111111,'0011,3,Bos ontstaan tussen 1850 en +/- 1930
1144,ferraris127-1.tif,4_9_Casterle.tif,Turnhout (5e partie) - nr.,1775,G,0,1850,G,0,1852,B,1,1872,B/n,1,1885,B/n,1,1928,B/n,1,1960,B/n,1,1993,B/n,1,2001,B,1,2009,B/g,1,0011111111,'0011,3,Bos ontstaan tussen 1850 en +/- 1930
1145,ferraris127-1.tif,4_9_Casterle.tif,Turnhout (5e partie) - nr.,1775,H,0,1850,H,0,1852,H,0,1872,B/n,1,1885,B/n,1,1928,B/n,1,1960,B/n,1,1993,B/n,1,2001,B,1,2009,B/g,1,0001111111,'0011,3,Bos ontstaan tussen 1850 en +/- 1930
1146,ferraris127-1.tif,4_9_Casterle.tif,Turnhout (5e partie) - nr.,1775,B/n,1,1850,A + B/l,0,1852,B,1,1872,B/n,1,1885,B/n,1,1928,A,0,1960,B/n,1,1993,B/n,1,2001,B,1,2009,B/l,1,1011101111,'1001,4,Bos ontstaan na +/- 1930
1147,ferraris127-1.tif,4_9_Casterle.tif,Turnhout (5e partie) - nr.,1775,H,0,1850,B/l,1,1852,B,1,1872,B/n,1,1885,B/n,1,1928,A,0,1960,H,0,1993,H,0,2001,B,1,2009,B/l,1,0111100011,'0101,4,Bos ontstaan na +/- 1930
1148,ferraris127-1.tif,4_9_Casterle.tif,Turnhout (5e partie) - nr.,1775,H,0,1850,A,0,1852,A,0,1872,B/n,1,1885,B/n,1,1928,A,0,1960,H,0,1993,H,0,2001,B,1,2009,B/l,1,0001100011,'0001,4,Bos ontstaan na +/- 1930
1149,ferraris127-1.tif,4_9_Casterle.tif,Turnhout (5e partie) - nr.,1775,G,0,1850,H,0,1852,H,0,1872,B/n,1,1885,B/n,1,1928,B/n,1,1960,B/n,1,1993,B/n,1,2001,B,1,2009,B/g,1,0001111111,'0011,3,Bos ontstaan tussen 1850 en +/- 1930
1150,ferraris127-1.tif,4_9_Casterle.tif,Turnhout (5e partie) - nr.,1775,H,0,1850,H,0,1852,H,0,1872,B/n,1,1885,B/n,1,1928,B/n,1,1960,B/n,1,1993,B/n,1,2001,B,1,2009,B/g,1,0001111111,'0011,3,Bos ontstaan tussen 1850 en +/- 1930
1151,ferraris127-1.tif,4_9_Casterle.tif,Turnhout (5e partie) - nr.,1775,H,0,1850,H,0,1852,H,0,1872,B/n,1,1885,B/n,1,1928,B/l,1,1960,B/n,1,1993,B/n,1,2001,B,1,2009,B/n,1,0001111111,'0011,3,Bos ontstaan tussen 1850 en +/- 1930
1152,ferraris127-1.tif,4_9_Casterle.tif,Turnhout (5e partie) - nr.,1775,B/n + H,1,1850,B/l,1,1852,B,1,1872,B/n,1,1885,B/n,1,1928,H,0,1960,H,0,1993,H,0,2001,B,1,2009,B/l,1,1111100011,'1101,4,Bos ontstaan na +/- 1930
1153,ferraris127-1.tif,4_9_Casterle.tif,Turnhout (5e partie) - nr.,1775,H,0,1850,B/l + A,1,1852,A + B,0,1872,B/n,1,1885,B/n,1,1928,A,0,1960,H,0,1993,H,0,2001,B,1,2009,B/l,1,0101100011,'0101,4,Bos ontstaan na +/- 1930
1154,ferraris127-1.tif,4_9_Casterle.tif,Turnhout (5e partie) - nr.,1775,H,0,1850,A,0,1852,B,1,1872,B/n,1,1885,B/n,1,1928,B/l,1,1960,H,0,1993,B/g,1,2001,B,1,2009,B/l,1,0011110111,'0011,3,Bos ontstaan tussen 1850 en +/- 1930
1155,ferraris127-1.tif,4_9_Casterle.tif,Turnhout (5e partie) - nr.,1775,B/n,1,1850,B/l + H,1,1852,B,1,1872,B/n,1,1885,B/n,1,1928,B/n,1,1960,B/n,1,1993,B/g,1,2001,B,1,2009,B/l,1,1111111111,'1111,1,Bos ontstaan voor 1775
1156,ferraris127-1.tif,4_9_Casterle.tif,Turnhout (5e partie) - nr.,1775,G,0,1850,H,0,1852,H,0,1872,B/n,1,1885,B/n,1,1928,B/l,1,1960,B/n,1,1993,B/n,1,2001,B,1,2009,B/n,1,0001111111,'0011,3,Bos ontstaan tussen 1850 en +/- 1930
1157,ferraris127-1.tif,4_9_Casterle.tif,Turnhout (5e partie) - nr.,1775,G,0,1850,H,0,1852,H,0,1872,B/n,1,1885,B/n,1,1928,B/l,1,1960,B/l,1,1993,B/l,1,2001,B,1,2009,B/n,1,0001111111,'0011,3,Bos ontstaan tussen 1850 en +/- 1930
1158,ferraris127-1.tif,4_9_Casterle.tif,Turnhout (5e partie) - nr.,1775,H,0,1850,B/l,1,1852,H,0,1872,B/n,1,1885,B/n,1,1928,B/l,1,1960,B/l,1,1993,B/l,1,2001,B,1,2009,B/g,1,0101111111,'0111,2,Bos ontstaan tussen 1775 en 1850
1159,ferraris127-1.tif,4_9_Casterle.tif,Turnhout (5e partie) - nr.,1775,H,0,1850,A,0,1852,A,0,1872,B/n,1,1885,B/n,1,1928,H,0,1960,H,0,1993,H,0,2001,B,1,2009,B/l,1,0001100011,'0001,4,Bos ontstaan na +/- 1930
1160,ferraris127-1.tif,4_9_Casterle.tif,Turnhout (5e partie) - nr.,1775,B/n,1,1850,A + B/l,0,1852,B,1,1872,B/n,1,1885,B/n,1,1928,A,0,1960,H,0,1993,H,0,2001,B,1,2009,B/l,1,1011100011,'1001,4,Bos ontstaan na +/- 1930
1161,ferraris127-1.tif,4_9_Casterle.tif,Turnhout (5e partie) - nr.,1775,B/n,1,1850,H + B/l,0,1852,B,1,1872,B/n,1,1885,B/n,1,1928,B/n,1,1960,B/n,1,1993,B/n,1,2001,B,1,2009,B/l,1,1011111111,'1011,3,Bos ontstaan tussen 1850 en +/- 1930
1162,ferraris127-1.tif,4_9_Casterle.tif,Turnhout (5e partie) - nr.,1775,G,0,1850,H,0,1852,G,0,1872,B/n,1,1885,B/n,1,1928,B/l,1,1960,B/l,1,1993,B/l,1,2001,B,1,2009,B/g,1,0001111111,'0011,3,Bos ontstaan tussen 1850 en +/- 1930
1163,ferraris127-1.tif,4_9_Casterle.tif,Turnhout (5e partie) - nr.,1775,H,0,1850,A,0,1852,B,1,1872,B/n,1,1885,B/n,1,1928,B/l,1,1960,B/l,1,1993,B/l,1,2001,B,1,2009,B/g,1,0011111111,'0011,3,Bos ontstaan tussen 1850 en +/- 1930
1164,ferraris127-1.tif,4_9_Casterle.tif,Turnhout (5e partie) - nr.,1775,H,0,1850,A,0,1852,B,1,1872,B/n,1,1885,B/n,1,1928,B/l,1,1960,B/l,1,1993,B/l,1,2001,B,1,2009,B/g,1,0011111111,'0011,3,Bos ontstaan tussen 1850 en +/- 1930
1165,ferraris127-1.tif,4_9_Casterle.tif,Turnhout (5e partie) - nr.,1775,B + G,1,1850,G,0,1852,G,0,1872,B/n,1,1885,B/n,1,1928,B/n,1,1960,H,0,1993,H,0,2001,B,1,2009,B/g,1,1001110011,'1011,3,Bos ontstaan tussen 1850 en +/- 1930
1166,ferraris127-1.tif,4_9_Casterle.tif,Turnhout (5e partie) - nr.,1775,B,1,1850,G,0,1852,G,0,1872,B/n,1,1885,B/n,1,1928,B/l,1,1960,B/n,1,1993,B/l,1,2001,B,1,2009,B/g,1,1001111111,'1011,3,Bos ontstaan tussen 1850 en +/- 1930
1167,ferraris127-1.tif,4_9_Casterle.tif,Turnhout (5e partie) - nr.,1775,G,0,1850,G,0,1852,A,0,1872,B/n,1,1885,B/n,1,1928,B/l,1,1960,B/n,1,1993,B/n,1,2001,B,1,2009,B/g,1,0001111111,'0011,3,Bos ontstaan tussen 1850 en +/- 1930
1168,ferraris127-1.tif,4_9_Casterle.tif,Turnhout (5e partie) - nr.,1775,G,0,1850,G,0,1852,G,0,1872,B/n,1,1885,B/n,1,1928,B/l,1,1960,B/l,1,1993,B/l,1,2001,B,1,2009,B/g,1,0001111111,'0011,3,Bos ontstaan tussen 1850 en +/- 1930
1169,ferraris127-1.tif,4_9_Casterle.tif,Turnhout (5e partie) - nr.,1775,G,0,1850,B/l + H,1,1852,B,1,1872,B/n,1,1885,B/n,1,1928,B/l,1,1960,B/l,1,1993,B/n,1,2001,B,1,2009,B/g,1,0111111111,'0111,2,Bos ontstaan tussen 1775 en 1850
1170,ferraris127-1.tif,4_9_Casterle.tif,Turnhout (5e partie) - nr.,1775,G,0,1850,H,0,1852,G,0,1872,B/n,1,1885,B/n,1,1928,B/l,1,1960,B/l,1,1993,B/l,1,2001,B,1,2009,B/g,1,0001111111,'0011,3,Bos ontstaan tussen 1850 en +/- 1930
1171,ferraris127-1.tif,4_9_Casterle.tif,Turnhout (5e partie) - nr.,1775,G,0,1850,H,0,1852,G,0,1872,B/n,1,1885,B/n,1,1928,B/n,1,1960,B/n,1,1993,B/n,1,2001,B,1,2009,B/g,1,0001111111,'0011,3,Bos ontstaan tussen 1850 en +/- 1930
1172,ferraris127-1.tif,4_9_Casterle.tif,Turnhout (5e partie) - nr.,1775,G,0,1850,H,0,1852,H,0,1872,B/n,1,1885,B/n,1,1928,B/l,1,1960,B/l,1,1993,B/l,1,2001,B,1,2009,B/g,1,0001111111,'0011,3,Bos ontstaan tussen 1850 en +/- 1930
1173,ferraris127-1.tif,4_9_Casterle.tif,Turnhout (5e partie) - nr.,1775,H/B,0,1850,H,0,1852,G,0,1872,B/n,1,1885,B/n,1,1928,B/n,1,1960,B/n,1,1993,B/n,1,2001,B,1,2009,B/g,1,0001111111,'0011,3,Bos ontstaan tussen 1850 en +/- 1930
1174,ferraris127-1.tif,4_9_Casterle.tif,Turnhout (5e partie) - nr.,1775,G,0,1850,G,0,1852,W + B,0,1872,G,0,1885,B/n,1,1928,B/n,1,1960,B/l,1,1993,B/l,1,2001,B,1,2009,B/g,1,0000111111,'0011,3,Bos ontstaan tussen 1850 en +/- 1930
1175,ferraris127-1.tif,4_9_Casterle.tif,Turnhout (5e partie) - nr.,1775,G,0,1850,G,0,1852,W + B,0,1872,G,0,1885,G,0,1928,B/l,1,1960,B/l,1,1993,B/l,1,2001,B,1,2009,B/g,1,0000011111,'0011,3,Bos ontstaan tussen 1850 en +/- 1930
1176,ferraris127-1.tif,4_9_Casterle.tif,Turnhout (5e partie) - nr.,1775,H/B,0,1850,H,0,1852,H,0,1872,H,0,1885,H,0,1928,B/n,1,1960,H,0,1993,B/g,1,2001,B,1,2009,B/g,1,0000010111,'0011,3,Bos ontstaan tussen 1850 en +/- 1930
1177,ferraris127-1.tif,4_9_Casterle.tif,Turnhout (5e partie) - nr.,1775,H/B,0,1850,H,0,1852,B,1,1872,B/n,1,1885,B/n,1,1928,B/n,1,1960,B/n,1,1993,B/n,1,2001,B,1,2009,B/g,1,0011111111,'0011,3,Bos ontstaan tussen 1850 en +/- 1930
1178,ferraris127-1.tif,4_9_Casterle.tif,Turnhout (5e partie) - nr.,1775,B,1,1850,G,0,1852,G,0,1872,B/n,1,1885,B/n,1,1928,B/l,1,1960,B/l,1,1993,B/l,1,2001,B,1,2009,B/g,1,1001111111,'1011,3,Bos ontstaan tussen 1850 en +/- 1930
1201,089_4 / 090_2,3_15_Contich / 3_16_Lierre,Ranst - nr.,1775,A,0,1850,A,0,1851,A,0,1868,A,0,1892,A,0,1929,G,0,1960,B/l,1,1993,B/l,1,2001,B,1,2009,B/l,1,0000001111,'0001,4,Bos ontstaan na +/- 1930
1202,089_4 / 090_2,3_15_Contich / 3_16_Lierre,Ranst - nr.,1775,A,0,1850,A,0,1851,A,0,1868,A,0,1892,A,0,1929,B/l,1,1960,B/l,1,1993,B/l,1,2001,B,1,2009,B/l,1,0000011111,'0011,3,Bos ontstaan tussen 1850 en +/- 1930
1203,089_4 / 090_2,3_15_Contich / 3_16_Lierre,Ranst - nr.,1775,A,0,1850,A,0,1851,A,0,1868,A,0,1892,A,0,1929,B/l,1,1960,B/l,1,1993,B/l,1,2001,B,1,2009,B/l,1,0000011111,'0011,3,Bos ontstaan tussen 1850 en +/- 1930
1204,089_4 / 090_2,3_15_Contich / 3_16_Lierre,Ranst - nr.,1775,A,0,1850,A,0,1851,A,0,1868,A,0,1892,A,0,1929,B/l,1,1960,B/l,1,1993,B/l,1,2001,B,1,2009,B/l,1,0000011111,'0011,3,Bos ontstaan tussen 1850 en +/- 1930
1205,089_4 / 090_2,3_15_Contich / 3_16_Lierre,Ranst - nr.,1775,A,0,1850,A,0,1851,A,0,1868,A,0,1892,A,0,1929,B/l,1,1960,B/l,1,1993,B/l,1,2001,B,1,2009,B/l,1,0000011111,'0011,3,Bos ontstaan tussen 1850 en +/- 1930
1206,089_4 / 090_2,3_15_Contich / 3_16_Lierre,Ranst - nr.,1775,A,0,1850,A,0,1851,A,0,1868,A,0,1892,A,0,1929,B/l,1,1960,B/l,1,1993,B/l,1,2001,B,1,2009,B/l,1,0000011111,'0011,3,Bos ontstaan tussen 1850 en +/- 1930
1207,089_4 / 090_2,3_15_Contich / 3_16_Lierre,Ranst - nr.,1775,A,0,1850,A,0,1851,A,0,1868,A,0,1892,B/l,1,1929,B/l,1,1960,B/l,1,1993,B/l,1,2001,B,1,2009,B/l,1,0000111111,'0011,3,Bos ontstaan tussen 1850 en +/- 1930
1208,089_4 / 090_2,3_15_Contich / 3_16_Lierre,Ranst - nr.,1775,A,0,1850,A,0,1851,A,0,1868,B/l,1,1892,B/l,1,1929,B/l,1,1960,B/g,1,1993,B/g,1,2001,B,1,2009,B/g,1,0001111111,'0011,3,Bos ontstaan tussen 1850 en +/- 1930
1209,089_4 / 090_2,3_15_Contich / 3_16_Lierre,Ranst - nr.,1775,A,0,1850,A,0,1851,A,0,1868,B/l,1,1892,B/l,1,1929,B/l,1,1960,B/l,1,1993,B/l,1,2001,B,1,2009,B/l,1,0001111111,'0011,3,Bos ontstaan tussen 1850 en +/- 1930
1210,089_4 / 090_2,3_15_Contich / 3_16_Lierre,Ranst - nr.,1775,A,0,1850,A,0,1851,B,1,1868,G,0,1892,G,0,1929,A,0,1960,B/l,1,1993,B/l,1,2001,B,1,2009,B/l,1,0010001111,'0001,4,Bos ontstaan na +/- 1930
1211,089_4 / 090_2,3_15_Contich / 3_16_Lierre,Ranst - nr.,1775,A,0,1850,A,0,1851,A,0,1868,A,0,1892,A,0,1929,A,0,1960,G,0,1993,G,0,2001,NA,0,2009,B/l,1,0000000001,'0000,,
1212,089_4 / 090_2,3_15_Contich / 3_16_Lierre,Ranst - nr.,1775,A,0,1850,A,0,1851,A,0,1868,A,0,1892,A,0,1929,A,0,1960,G,0,1993,G,0,2001,NA,0,2009,B/l,1,0000000001,'0000,,
1213,089_4 / 090_2,3_15_Contich / 3_16_Lierre,Ranst - nr.,1775,G,0,1850,A,0,1851,A,0,1868,G,0,1892,G,0,1929,G,0,1960,G,0,1993,G,0,2001,B,1,2009,B/l,1,0000000011,'0001,4,Bos ontstaan na +/- 1930
1214,089_4 / 090_2,3_15_Contich / 3_16_Lierre,Ranst - nr.,1775,B,1,1850,A,0,1851,A,0,1868,B/l,1,1892,B/l,1,1929,B/l,1,1960,B/l,1,1993,B/l,1,2001,B,1,2009,B/l,1,1001111111,'1011,3,Bos ontstaan tussen 1850 en +/- 1930
1215,089_4 / 090_2,3_15_Contich / 3_16_Lierre,Ranst - nr.,1775,B,1,1850,A,0,1851,A,0,1868,B/l,1,1892,B/l,1,1929,B/l,1,1960,B/l,1,1993,B/l,1,2001,B,1,2009,B/l,1,1001111111,'1011,3,Bos ontstaan tussen 1850 en +/- 1930
1216,089_4 / 090_2,3_15_Contich / 3_16_Lierre,Ranst - nr.,1775,A,0,1850,A,0,1851,A,0,1868,A,0,1892,A,0,1929,A,0,1960,B/l,1,1993,B/l,1,2001,B,1,2009,B/l,1,0000001111,'0001,4,Bos ontstaan na +/- 1930
1217,089_4 / 090_2,3_15_Contich / 3_16_Lierre,Ranst - nr.,1775,B,1,1850,A,0,1851,A,0,1868,B/l,1,1892,B/l,1,1929,B/l,1,1960,B/l,1,1993,B/l,1,2001,B,1,2009,B/l,1,1001111111,'1011,3,Bos ontstaan tussen 1850 en +/- 1930
1218,089_4 / 090_2,3_15_Contich / 3_16_Lierre,Ranst - nr.,1775,B,1,1850,A,0,1851,A,0,1868,G,0,1892,G,0,1929,B + G,1,1960,B/l,1,1993,B/l,1,2001,B,1,2009,B/l,1,1000011111,'1011,3,Bos ontstaan tussen 1850 en +/- 1930
1219,089_4 / 090_2,3_15_Contich / 3_16_Lierre,Ranst - nr.,1775,B,1,1850,A,0,1851,A,0,1868,B/l,1,1892,B/l,1,1929,B/l,1,1960,B/l,1,1993,B/l,1,2001,B,1,2009,B/l,1,1001111111,'1011,3,Bos ontstaan tussen 1850 en +/- 1930
1220,089_4 / 090_2,3_15_Contich / 3_16_Lierre,Ranst - nr.,1775,B,1,1850,A,0,1851,A,0,1868,B/l,1,1892,B/l,1,1929,B/l,1,1960,B/g,1,1993,B/g,1,2001,B,1,2009,B/g,1,1001111111,'1011,3,Bos ontstaan tussen 1850 en +/- 1930
1221,089_4 / 090_2,3_15_Contich / 3_16_Lierre,Ranst - nr.,1775,A,0,1850,A,0,1851,A,0,1868,B/l,1,1892,B/l,1,1929,B/l,1,1960,B/l,1,1993,B/l,1,2001,B,1,2009,B/l,1,0001111111,'0011,3,Bos ontstaan tussen 1850 en +/- 1930
1222,089_4 / 090_2,3_15_Contich / 3_16_Lierre,Ranst - nr.,1775,A,0,1850,A,0,1851,A,0,1868,A,0,1892,A,0,1929,A,0,1960,A,0,1993,B/l,1,2001,B,1,2009,B/l,1,0000000111,'0001,4,Bos ontstaan na +/- 1930
1223,089_4 / 090_2,3_15_Contich / 3_16_Lierre,Ranst - nr.,1775,A,0,1850,B/l + A,1,1851,B + A,1,1868,B/l,1,1892,B/l,1,1929,B/l,1,1960,G,0,1993,G,0,2001,B,1,2009,B/l,1,0111110011,'0111,2,Bos ontstaan tussen 1775 en 1850
1224,089_4 / 090_2,3_15_Contich / 3_16_Lierre,Ranst - nr.,1775,B + A,1,1850,B/l,1,1851,B,1,1868,B/l,1,1892,B/l,1,1929,B/l,1,1960,B/l,1,1993,B/l,1,2001,B,1,2009,B/l,1,1111111111,'1111,1,Bos ontstaan voor 1775
1225,089_4 / 090_2,3_15_Contich / 3_16_Lierre,Ranst - nr.,1775,B,1,1850,B/l,1,1851,B,1,1868,B/l,1,1892,B/l,1,1929,B/l,1,1960,B/l,1,1993,B/l,1,2001,B,1,2009,B/l,1,1111111111,'1111,1,Bos ontstaan voor 1775
1226,089_4 / 090_2,3_15_Contich / 3_16_Lierre,Ranst - nr.,1775,B,1,1850,B/l,1,1851,B,1,1868,A,0,1892,G,0,1929,G,0,1960,G,0,1993,B/l,1,2001,B,1,2009,B/l,1,1110000111,'1101,4,Bos ontstaan na +/- 1930
1227,089_4 / 090_2,3_15_Contich / 3_16_Lierre,Ranst - nr.,1775,B,1,1850,B/l,1,1851,B,1,1868,B/l,1,1892,B/l,1,1929,B/l,1,1960,B/l,1,1993,B/l,1,2001,B,1,2009,B/l,1,1111111111,'1111,1,Bos ontstaan voor 1775
1228,089_4 / 090_2,3_15_Contich / 3_16_Lierre,Ranst - nr.,1775,B,1,1850,B/l,1,1851,B,1,1868,B/l,1,1892,B/l,1,1929,B/l,1,1960,B/l,1,1993,B/l,1,2001,B,1,2009,B/l,1,1111111111,'1111,1,Bos ontstaan voor 1775
1229,089_4 / 090_2,3_15_Contich / 3_16_Lierre,Ranst - nr.,1775,B,1,1850,B/l,1,1851,B,1,1868,B/l,1,1892,B/l,1,1929,B/l,1,1960,B/l,1,1993,B/l,1,2001,B,1,2009,B/l,1,1111111111,'1111,1,Bos ontstaan voor 1775
1230,089_4 / 090_2,3_15_Contich / 3_16_Lierre,Ranst - nr.,1775,B,1,1850,B/l,1,1851,B,1,1868,B/l,1,1892,B/l,1,1929,B/l,1,1960,B/l,1,1993,B/l,1,2001,B,1,2009,B/l,1,1111111111,'1111,1,Bos ontstaan voor 1775
1231,089_4 / 090_2,3_15_Contich / 3_16_Lierre,Ranst - nr.,1775,B,1,1850,B/l,1,1851,B,1,1868,A,0,1892,G,0,1929,G,0,1960,G,0,1993,B/l,1,2001,B,1,2009,B/l,1,1110000111,'1101,4,Bos ontstaan na +/- 1930
1232,089_4 / 090_2,3_15_Contich / 3_16_Lierre,Ranst - nr.,1775,B,1,1850,A,0,1851,B,1,1868,G,0,1892,B/l,1,1929,B/l,1,1960,B/l,1,1993,B/l,1,2001,B,1,2009,B/l,1,1010111111,'1011,3,Bos ontstaan tussen 1850 en +/- 1930
1233,089_4 / 090_2,3_15_Contich / 3_16_Lierre,Ranst - nr.,1775,G,0,1850,A,0,1851,B,1,1868,G,0,1892,G,0,1929,G,0,1960,G,0,1993,B/l,1,2001,B,1,2009,B/l,1,0010000111,'0001,4,Bos ontstaan na +/- 1930
1234,089_4 / 090_2,3_15_Contich / 3_16_Lierre,Ranst - nr.,1775,B,1,1850,B/l,1,1851,B,1,1868,A,0,1892,G,0,1929,G,0,1960,G,0,1993,B/l,1,2001,B,1,2009,B/l,1,1110000111,'1101,4,Bos ontstaan na +/- 1930
1235,089_4 / 090_2,3_15_Contich / 3_16_Lierre,Ranst - nr.,1775,B,1,1850,B/l,1,1851,B,1,1868,B/l,1,1892,B/l,1,1929,G,0,1960,B/l,1,1993,B/l,1,2001,B,1,2009,B/l,1,1111101111,'1101,4,Bos ontstaan na +/- 1930
1236,089_4 / 090_2,3_15_Contich / 3_16_Lierre,Ranst - nr.,1775,B,1,1850,G,0,1851,B,1,1868,B/l,1,1892,B/l,1,1929,B/l,1,1960,G,0,1993,G,0,2001,B,1,2009,B/l,1,1011110011,'1011,3,Bos ontstaan tussen 1850 en +/- 1930
1237,089_4 / 090_2,3_15_Contich / 3_16_Lierre,Ranst - nr.,1775,B,1,1850,B/l,1,1851,B,1,1868,B/l,1,1892,B/l,1,1929,B/l,1,1960,G,0,1993,G,0,2001,B,1,2009,B/l,1,1111110011,'1111,1,Bos ontstaan voor 1775
1238,089_4 / 090_2,3_15_Contich / 3_16_Lierre,Ranst - nr.,1775,B,1,1850,B + A,1,1851,A,0,1868,A,0,1892,B/l,1,1929,B/l,1,1960,B/l,1,1993,B/l,1,2001,B,1,2009,B/l,1,1100111111,'1111,1,Bos ontstaan voor 1775
1239,089_4 / 090_2,3_15_Contich / 3_16_Lierre,Ranst - nr.,1775,B,1,1850,A,0,1851,A,0,1868,A,0,1892,B/l,1,1929,B/l,1,1960,B/l,1,1993,B/l,1,2001,B,1,2009,B/l,1,1000111111,'1011,3,Bos ontstaan tussen 1850 en +/- 1930
1240,089_4 / 090_2,3_15_Contich / 3_16_Lierre,Ranst - nr.,1775,B,1,1850,A,0,1851,A,0,1868,B/l,1,1892,B/l,1,1929,B/l,1,1960,B/g,1,1993,B/g,1,2001,B,1,2009,B/g,1,1001111111,'1011,3,Bos ontstaan tussen 1850 en +/- 1930
1241,089_4 / 090_2,3_15_Contich / 3_16_Lierre,Ranst - nr.,1775,A,0,1850,A,0,1851,A,0,1868,B/l,1,1892,B/l,1,1929,B/l,1,1960,B/g,1,1993,B/g,1,2001,B,1,2009,B/g,1,0001111111,'0011,3,Bos ontstaan tussen 1850 en +/- 1930
1242,089_4 / 090_2,3_15_Contich / 3_16_Lierre,Ranst - nr.,1775,A,0,1850,A,0,1851,A,0,1868,A,0,1892,A,0,1929,A,0,1960,G,0,1993,G,0,2001,NA,0,2009,B/l,1,0000000001,'0000,,
1243,089_4 / 090_2,3_15_Contich / 3_16_Lierre,Ranst - nr.,1775,G,0,1850,A,0,1851,A + B,0,1868,A,0,1892,A,0,1929,G,0,1960,G,0,1993,G,0,2001,B,1,2009,B/l,1,0000000011,'0001,4,Bos ontstaan na +/- 1930
1244,089_4 / 090_2,3_15_Contich / 3_16_Lierre,Ranst - nr.,1775,B,1,1850,B/l + A,1,1851,A,0,1868,A,0,1892,B/l,1,1929,B/l,1,1960,B/l,1,1993,B/l,1,2001,B,1,2009,B/l,1,1100111111,'1111,1,Bos ontstaan voor 1775
1245,089_4 / 090_2,3_15_Contich / 3_16_Lierre,Ranst - nr.,1775,B,1,1850,A,0,1851,A,0,1868,B/l,1,1892,A,0,1929,B/l,1,1960,B/l,1,1993,B/l,1,2001,B,1,2009,B/l,1,1001011111,'1011,3,Bos ontstaan tussen 1850 en +/- 1930
1246,089_4 / 090_2,3_15_Contich / 3_16_Lierre,Ranst - nr.,1775,B,1,1850,B/l,1,1851,B,1,1868,B/l,1,1892,B/l,1,1929,B/l,1,1960,G,0,1993,G,0,2001,B,1,2009,B/l,1,1111110011,'1111,1,Bos ontstaan voor 1775
1301,ferraris038-1.tif,7_15_Audenarde.tif,Maeter - nr. 143,1775,B,1,1850,G,0,1852,B,1,1869,G,0,1884,A,0,1937,B/l,1,1960,B/l,1,1993,B/l,1,2001,B,1,2009,B/l,1,1010011111,'1011,3,Bos ontstaan tussen 1850 en +/- 1930
1302,ferraris038-1.tif,7_15_Audenarde.tif,Maeter - nr. 143,1775,G,0,1850,B/l,1,1852,B,1,1869,A,0,1884,A,0,1937,B/l,1,1960,B/l,1,1993,B/l,1,2001,B,1,2009,B/l,1,0110011111,'0111,2,Bos ontstaan tussen 1775 en 1850
1303,ferraris038-1.tif,7_15_Audenarde.tif,Maeter - nr. 143,1775,B,1,1850,B/l,1,1852,B,1,1869,A,0,1884,A,0,1937,B/l,1,1960,B/l,1,1993,B/l,1,2001,B,1,2009,B/l,1,1110011111,'1111,1,Bos ontstaan voor 1775
1304,ferraris038-1.tif,7_15_Audenarde.tif,Maeter - nr. 143,1775,B,1,1850,B/l,1,1852,B,1,1869,A,0,1884,A,0,1937,B/l,1,1960,B/l,1,1993,B/l,1,2001,B,1,2009,B/l,1,1110011111,'1111,1,Bos ontstaan voor 1775
1305,ferraris038-1.tif,7_15_Audenarde.tif,Maeter - nr. 143,1775,B,1,1850,B/l,1,1852,B,1,1869,A,0,1884,A,0,1937,B/l,1,1960,B/l,1,1993,B/l,1,2001,B,1,2009,B/l,1,1110011111,'1111,1,Bos ontstaan voor 1775
1306,ferraris038-1.tif,7_15_Audenarde.tif,Maeter - nr. 143,1775,B,1,1850,B/l,1,1852,B,1,1869,A,0,1884,A,0,1937,B/l,1,1960,B/l,1,1993,B/l,1,2001,B,1,2009,B/l,1,1110011111,'1111,1,Bos ontstaan voor 1775
1307,ferraris038-1.tif,7_15_Audenarde.tif,Maeter - nr. 143,1775,B,1,1850,B/l,1,1852,B,1,1869,B/l,1,1884,B/l,1,1937,B/l,1,1960,B/l,1,1993,B/l,1,2001,B,1,2009,B/l,1,1111111111,'1111,1,Bos ontstaan voor 1775
1308,ferraris038-1.tif,7_11_Munckzwalm.tif,Maeter - nr. 143,1775,B,1,1850,B/l,1,1852,B,1,1869,A,0,1884,A,0,1937,B/l,1,1960,B/l,1,1993,B/l,1,2001,B,1,2009,B/l,1,1110011111,'1111,1,Bos ontstaan voor 1775
1309,ferraris038-1.tif,7_11_Munckzwalm.tif,Maeter - nr. 143,1775,B,1,1850,B/l,1,1852,B,1,1869,A,0,1884,A,0,1937,B/l,1,1960,B/l,1,1993,B/l,1,2001,B,1,2009,B/l,1,1110011111,'1111,1,Bos ontstaan voor 1775
1310,ferraris038-1.tif,7_11_Munckzwalm.tif,Maeter - nr. 143,1775,B,1,1850,B/l,1,1852,B,1,1869,A,0,1884,A,0,1937,B/l,1,1960,B/l,1,1993,B/l,1,2001,B,1,2009,B/l,1,1110011111,'1111,1,Bos ontstaan voor 1775
1311,ferraris038-1.tif,7_11_Munckzwalm.tif,Eenaeme - nr. 65,1775,B,1,1850,B/l,1,1852,B,1,1869,A,0,1884,A,0,1937,G,0,1960,G,0,1993,G,0,2001,NA,0,2009,G,0,1110000000,'1100,,
1312,ferraris038-1.tif,7_11_Munckzwalm.tif,Eenaeme - nr. 65,1775,B,1,1850,B/l,1,1852,B,1,1869,A,0,1884,A,0,1937,A,0,1960,G,0,1993,G,0,2001,NA,0,2009,G,0,1110000000,'1100,,
1313,ferraris038-1.tif,7_11_Munckzwalm.tif,Eenaeme - nr. 65,1775,B,1,1850,B/l,1,1852,B,1,1869,A,0,1884,A,0,1937,G,0,1960,G,0,1993,G,0,2001,NA,0,2009,G,0,1110000000,'1100,,
1314,ferraris038-1.tif,7_11_Munckzwalm.tif,Eenaeme - nr. 65,1775,B,1,1850,B/l,1,1852,B,1,1869,A,0,1884,A,0,1937,G,0,1960,G,0,1993,G,0,2001,NA,0,2009,G,0,1110000000,'1100,,
1315,ferraris038-1.tif,7_11_Munckzwalm.tif,Maeter - nr. 143,1775,B,1,1850,B/l,1,1852,B,1,1869,A,0,1884,A,0,1937,G,0,1960,G,0,1993,G,0,2001,NA,0,2009,G,0,1110000000,'1100,,
1316,ferraris038-1.tif,7_11_Munckzwalm.tif,Eenaeme - nr. 65,1775,B,1,1850,B/l,1,1852,B,1,1869,A,0,1884,A,0,1937,G,0,1960,B/l,1,1993,B/l,1,2001,B,1,2009,B/l,1,1110001111,'1101,4,Bos ontstaan na +/- 1930
1317,ferraris038-1.tif,7_11_Munckzwalm.tif,Maeter - nr. 143,1775,B,1,1850,B/l,1,1852,B,1,1869,A,0,1884,A,0,1937,G,0,1960,G,0,1993,G,0,2001,NA,0,2009,G,0,1110000000,'1100,,
1318,ferraris038-1.tif,7_11_Munckzwalm.tif,Eenaeme - nr. 65,1775,B,1,1850,B/l,1,1852,B,1,1869,A,0,1884,A,0,1937,A,0,1960,B/l,1,1993,B/l,1,2001,B,1,2009,B/l,1,1110001111,'1101,4,Bos ontstaan na +/- 1930
1319,ferraris038-1.tif,7_11_Munckzwalm.tif,Eenaeme - nr. 65,1775,B,1,1850,B/l,1,1852,B,1,1869,A,0,1884,A,0,1937,B/l,1,1960,B/l,1,1993,B/l,1,2001,B,1,2009,B/l,1,1110011111,'1111,1,Bos ontstaan voor 1775
1320,ferraris038-1.tif,7_11_Munckzwalm.tif,Maeter - nr. 143,1775,B,1,1850,A,0,1852,B,1,1869,B/l,1,1884,A,0,1937,A,0,1960,A,0,1993,A,0,2001,NA,0,2009,A,0,1011000000,'1000,,
1321,ferraris038-1.tif,7_11_Munckzwalm.tif,Eenaeme - nr. 65,1775,B,1,1850,B/l,1,1852,B,1,1869,A,0,1884,A,0,1937,B/l,1,1960,B/l,1,1993,B/l,1,2001,B,1,2009,B/l,1,1110011111,'1111,1,Bos ontstaan voor 1775
1322,ferraris038-1.tif,7_11_Munckzwalm.tif,Eenaeme - nr. 65,1775,B,1,1850,B/l,1,1852,B,1,1869,A,0,1884,A,0,1937,B/l,1,1960,B/l,1,1993,B/l,1,2001,B,1,2009,B/l,1,1110011111,'1111,1,Bos ontstaan voor 1775
1323,ferraris038-1.tif,7_11_Munckzwalm.tif,Maeter - nr. 143,1775,B,1,1850,A,0,1852,B,1,1869,B/l,1,1884,A,0,1937,A,0,1960,A,0,1993,G,0,2001,NA,0,2009,A,0,1011000000,'1000,,
1324,ferraris038-1.tif,7_11_Munckzwalm.tif,Maeter - nr. 143,1775,B,1,1850,B/l,1,1852,B,1,1869,A,0,1884,A,0,1937,G,0,1960,B/l,1,1993,B/l,1,2001,B,1,2009,B/l,1,1110001111,'1101,4,Bos ontstaan na +/- 1930
1325,ferraris038-1.tif,7_11_Munckzwalm.tif,Maeter - nr. 143,1775,B,1,1850,B/l,1,1852,B,1,1869,A,0,1884,A,0,1937,G,0,1960,G,0,1993,G,0,2001,NA,0,2009,A,0,1110000000,'1100,,
1326,ferraris038-1.tif,7_11_Munckzwalm.tif,Eenaeme - nr. 65,1775,B,1,1850,B/l,1,1852,B,1,1869,A,0,1884,A,0,1937,A,0,1960,G,0,1993,A,0,2001,NA,0,2009,A,0,1110000000,'1100,,
1327,ferraris038-1.tif,7_11_Munckzwalm.tif,Maeter - nr. 143,1775,B,1,1850,B/l,1,1852,B,1,1869,A,0,1884,A,0,1937,B/l,1,1960,B/l,1,1993,B/l,1,2001,B,1,2009,B/l,1,1110011111,'1111,1,Bos ontstaan voor 1775
1328,ferraris038-1.tif,7_11_Munckzwalm.tif,Maeter - nr. 143,1775,B,1,1850,B/l,1,1852,B,1,1869,A,0,1884,A,0,1937,B/l,1,1960,B/l,1,1993,B/l,1,2001,B,1,2009,B/l,1,1110011111,'1111,1,Bos ontstaan voor 1775
1329,ferraris038-1.tif,7_11_Munckzwalm.tif,Maeter - nr. 143,1775,B,1,1850,B/l,1,1852,B,1,1869,B/l,1,1884,A,0,1937,B/l,1,1960,B/l,1,1993,B/l,1,2001,B,1,2009,B/l,1,1111011111,'1111,1,Bos ontstaan voor 1775
1330,ferraris037-3.tif,7_11_Munckzwalm.tif,Maeter - nr. 143,1775,B,1,1850,B/l,1,1852,A,0,1869,A,0,1884,A,0,1937,A,0,1960,A,0,1993,A,0,2001,NA,0,2009,A,0,1100000000,'1100,,
1331,ferraris037-3.tif,7_11_Munckzwalm.tif,Maeter - nr. 143,1775,B,1,1850,B/l,1,1852,A,0,1869,A,0,1884,A,0,1937,G,0,1960,G,0,1993,G,0,2001,B,1,2009,B/l,1,1100000011,'1101,4,Bos ontstaan na +/- 1930
1332,ferraris038-1.tif,7_11_Munckzwalm.tif,Maeter - nr. 143,1775,B,1,1850,B/l,1,1852,B,1,1869,A,0,1884,A,0,1937,B/l,1,1960,B/l,1,1993,B/l,1,2001,B,1,2009,B/l,1,1110011111,'1111,1,Bos ontstaan voor 1775
1333,ferraris038-1.tif,7_11_Munckzwalm.tif,Maeter - nr. 143,1775,B,1,1850,B/l,1,1852,B,1,1869,A,0,1884,A,0,1937,B/l,1,1960,B/l,1,1993,B/l,1,2001,B,1,2009,B/l,1,1110011111,'1111,1,Bos ontstaan voor 1775
1334,ferraris038-1.tif,7_11_Munckzwalm.tif,Maeter - nr. 143,1775,B,1,1850,B/l,1,1852,B,1,1869,B/l,1,1884,A,0,1937,G,0,1960,G,0,1993,G,0,2001,NA,0,2009,G,0,1111000000,'1100,,
1335,ferraris037-3.tif,7_11_Munckzwalm.tif,Maeter - nr. 143,1775,A,0,1850,B/l,1,1852,A,0,1869,A,0,1884,A,0,1937,A,0,1960,A,0,1993,A,0,2001,NA,0,2009,A,0,0100000000,'0100,,
1336,ferraris037-3.tif,7_11_Munckzwalm.tif,Maeter - nr. 143,1775,B,1,1850,B/l,1,1852,A,0,1869,A,0,1884,A,0,1937,A,0,1960,A,0,1993,A,0,2001,NA,0,2009,A,0,1100000000,'1100,,
1337,ferraris037-3.tif,7_11_Munckzwalm.tif,Maeter - nr. 143,1775,B,1,1850,B/l,1,1852,A,0,1869,A,0,1884,A,0,1937,A,0,1960,G,0,1993,G,0,2001,B,1,2009,B/l,1,1100000011,'1101,4,Bos ontstaan na +/- 1930
1338,ferraris038-1.tif,7_11_Munckzwalm.tif,Maeter - nr. 143,1775,B,1,1850,B/l,1,1852,B,1,1869,B/l,1,1884,A,0,1937,B/l,1,1960,B/l,1,1993,B/l,1,2001,B,1,2009,B/l,1,1111011111,'1111,1,Bos ontstaan voor 1775
1339,ferraris038-1.tif,7_11_Munckzwalm.tif,Maeter - nr. 143,1775,B,1,1850,B/l,1,1852,B,1,1869,B/l,1,1884,A,0,1937,G,0,1960,G,0,1993,G,0,2001,NA,0,2009,G,0,1111000000,'1100,,
1340,ferraris037-3.tif,7_11_Munckzwalm.tif,Maeter - nr. 143,1775,A,0,1850,B/l,1,1852,A,0,1869,A,0,1884,G,0,1937,G,0,1960,G,0,1993,A,0,2001,NA,0,2009,A,0,0100000000,'0100,,
1341,ferraris037-3.tif,7_11_Munckzwalm.tif,Maeter - nr. 143,1775,A,0,1850,B/l,1,1852,A,0,1869,A,0,1884,A,0,1937,G,0,1960,G,0,1993,A,0,2001,NA,0,2009,A,0,0100000000,'0100,,
1342,ferraris037-3.tif,7_11_Munckzwalm.tif,Maeter - nr. 143,1775,B,1,1850,B/l,1,1852,B,1,1869,B/l,1,1884,A,0,1937,B/l,1,1960,B/l,1,1993,B/l,1,2001,B,1,2009,B/l,1,1111011111,'1111,1,Bos ontstaan voor 1775
1343,ferraris037-3.tif,7_11_Munckzwalm.tif,Maeter - nr. 143,1775,B,1,1850,B/l,1,1852,B,1,1869,B/l,1,1884,A,0,1937,B/l,1,1960,B/l,1,1993,B/l,1,2001,B,1,2009,B/l,1,1111011111,'1111,1,Bos ontstaan voor 1775
1344,ferraris037-3.tif,7_11_Munckzwalm.tif,Maeter - nr. 143,1775,A,0,1850,B/l,1,1852,B,1,1869,B/l,1,1884,A,0,1937,B/l,1,1960,B/l,1,1993,B/l,1,2001,B,1,2009,B/l,1,0111011111,'0111,2,Bos ontstaan tussen 1775 en 1850
1345,ferraris037-3.tif,7_11_Munckzwalm.tif,Maeter - nr. 143,1775,B,1,1850,B/l,1,1852,B,1,1869,A,0,1884,A,0,1937,B/l,1,1960,B/l,1,1993,B/l,1,2001,B,1,2009,B/l,1,1110011111,'1111,1,Bos ontstaan voor 1775
1346,ferraris037-3.tif,7_11_Munckzwalm.tif,Maeter - nr. 143,1775,B,1,1850,B/l,1,1852,B,1,1869,B/l,1,1884,A,0,1937,B/l,1,1960,B/l,1,1993,B/l,1,2001,B,1,2009,B/l,1,1111011111,'1111,1,Bos ontstaan voor 1775
1347,ferraris037-3.tif,7_11_Munckzwalm.tif,Maeter - nr. 143,1775,B,1,1850,B/l,1,1852,B,1,1869,B/l,1,1884,A,0,1937,B/l,1,1960,B/l,1,1993,B/l,1,2001,B,1,2009,B/l,1,1111011111,'1111,1,Bos ontstaan voor 1775
1348,ferraris037-3.tif,7_11_Munckzwalm.tif,Neder-Eenaeme - nr. 175,1775,B,1,1850,B/l,1,1852,B,1,1869,A,0,1884,A,0,1937,G,0,1960,G,0,1993,G,0,2001,NA,0,2009,G,0,1110000000,'1100,,
1349,ferraris037-3.tif,7_11_Munckzwalm.tif,Maeter - nr. 143,1775,B,1,1850,B/l,1,1852,B,1,1869,A,0,1884,A,0,1937,G,0,1960,G,0,1993,G,0,2001,NA,0,2009,G,0,1110000000,'1100,,
1350,ferraris037-3.tif,7_11_Munckzwalm.tif,Maeter - nr. 143,1775,B,1,1850,B/l,1,1852,B,1,1869,A,0,1884,A,0,1937,G,0,1960,G,0,1993,G,0,2001,NA,0,2009,G,0,1110000000,'1100,,
1351,ferraris037-3.tif,7_11_Munckzwalm.tif,Maeter - nr. 143,1775,B,1,1850,B/l,1,1852,B,1,1869,A,0,1884,A,0,1937,B/l,1,1960,B/l,1,1993,B/l,1,2001,B,1,2009,B/l,1,1110011111,'1111,1,Bos ontstaan voor 1775
1352,ferraris037-3.tif,7_11_Munckzwalm.tif,Maeter - nr. 143,1775,B,1,1850,B/l,1,1852,B,1,1869,B/l,1,1884,A,0,1937,B/l,1,1960,B/l,1,1993,B/l,1,2001,B,1,2009,B/l,1,1111011111,'1111,1,Bos ontstaan voor 1775
1353,ferraris037-3.tif,7_11_Munckzwalm.tif,Maeter - nr. 143,1775,B,1,1850,B/l,1,1852,B,1,1869,B/l,1,1884,A,0,1937,B/l,1,1960,B/l,1,1993,B/l,1,2001,B,1,2009,B/l,1,1111011111,'1111,1,Bos ontstaan voor 1775
1354,ferraris037-3.tif,7_11_Munckzwalm.tif,Neder-Eenaeme - nr. 175,1775,B,1,1850,B/l,1,1852,B,1,1869,A,0,1884,A,0,1937,A,0,1960,G,0,1993,G,0,2001,NA,0,2009,G,0,1110000000,'1100,,
1355,ferraris037-3.tif,7_11_Munckzwalm.tif,Maeter - nr. 143,1775,B,1,1850,B/l,1,1852,B,1,1869,A,0,1884,A,0,1937,A,0,1960,G,0,1993,G,0,2001,NA,0,2009,G,0,1110000000,'1100,,
1356,ferraris037-3.tif,7_11_Munckzwalm.tif,Maeter - nr. 143,1775,B,1,1850,B/l,1,1852,B,1,1869,A,0,1884,A,0,1937,B/l,1,1960,B/l,1,1993,B/l,1,2001,B,1,2009,B/l,1,1110011111,'1111,1,Bos ontstaan voor 1775
1357,ferraris037-3.tif,7_11_Munckzwalm.tif,Maeter - nr. 143,1775,B,1,1850,B/l,1,1852,B,1,1869,B/l,1,1884,A,0,1937,B/l,1,1960,B/l,1,1993,B/l,1,2001,B,1,2009,B/l,1,1111011111,'1111,1,Bos ontstaan voor 1775
1358,ferraris037-3.tif,7_11_Munckzwalm.tif,Maeter - nr. 143,1775,B,1,1850,B/l,1,1852,B,1,1869,B/l,1,1884,A,0,1937,B/l,1,1960,B/l,1,1993,B/l,1,2001,B,1,2009,B/l,1,1111011111,'1111,1,Bos ontstaan voor 1775
1359,ferraris037-3.tif,7_11_Munckzwalm.tif,Maeter - nr. 143,1775,B,1,1850,B/l,1,1852,B,1,1869,A,0,1884,A,0,1937,G,0,1960,G,0,1993,G,0,2001,NA,0,2009,G,0,1110000000,'1100,,
1360,ferraris037-3.tif,7_11_Munckzwalm.tif,Maeter - nr. 143,1775,B,1,1850,B/l,1,1852,B,1,1869,A,0,1884,G,0,1937,B/l,1,1960,B/l,1,1993,B/l,1,2001,B,1,2009,B/l,1,1110011111,'1111,1,Bos ontstaan voor 1775
1361,ferraris037-3.tif,7_11_Munckzwalm.tif,Maeter - nr. 143,1775,B,1,1850,B/l,1,1852,B,1,1869,B/l,1,1884,A,0,1937,B/l,1,1960,B/l,1,1993,B/l,1,2001,B,1,2009,B/l,1,1111011111,'1111,1,Bos ontstaan voor 1775
1362,ferraris037-3.tif,7_11_Munckzwalm.tif,Maeter - nr. 143,1775,B,1,1850,B/l,1,1852,B,1,1869,B/l,1,1884,A,0,1937,B/l,1,1960,B/l,1,1993,B/l,1,2001,B,1,2009,B/l,1,1111011111,'1111,1,Bos ontstaan voor 1775
1363,ferraris037-3.tif,7_11_Munckzwalm.tif,Maeter - nr. 143,1775,B,1,1850,B/l,1,1852,B,1,1869,A,0,1884,A,0,1937,G,0,1960,G,0,1993,G,0,2001,NA,0,2009,G,0,1110000000,'1100,,
1364,ferraris037-3.tif,7_11_Munckzwalm.tif,Maeter - nr. 143,1775,B,1,1850,B/l,1,1852,B,1,1869,A,0,1884,G,0,1937,B/l,1,1960,B/l,1,1993,B/l,1,2001,B,1,2009,B/l,1,1110011111,'1111,1,Bos ontstaan voor 1775
1365,ferraris037-3.tif,7_11_Munckzwalm.tif,Maeter - nr. 143,1775,B,1,1850,B/l,1,1852,B,1,1869,B/l,1,1884,A,0,1937,B/l,1,1960,B/l,1,1993,B/l,1,2001,B,1,2009,B/l,1,1111011111,'1111,1,Bos ontstaan voor 1775
1366,ferraris037-3.tif,7_11_Munckzwalm.tif,Maeter - nr. 143,1775,B,1,1850,B/l,1,1852,B,1,1869,A,0,1884,A,0,1937,B/l,1,1960,B/l,1,1993,B/l,1,2001,B,1,2009,B/l,1,1110011111,'1111,1,Bos ontstaan voor 1775
1367,ferraris037-3.tif,7_11_Munckzwalm.tif,Maeter - nr. 143,1775,B,1,1850,B/l,1,1852,B,1,1869,B/l,1,1884,A,0,1937,B/l,1,1960,B/l,1,1993,B/l,1,2001,B,1,2009,B/l,1,1111011111,'1111,1,Bos ontstaan voor 1775
1368,ferraris037-3.tif,7_11_Munckzwalm.tif,Maeter - nr. 143,1775,B,1,1850,B/l,1,1852,B,1,1869,B/l,1,1884,A,0,1937,G,0,1960,G,0,1993,G,0,2001,NA,0,2009,G,0,1111000000,'1100,,
1369,ferraris037-3.tif,7_11_Munckzwalm.tif,Maeter - nr. 143,1775,B,1,1850,B/l,1,1852,B,1,1869,B/l,1,1884,A,0,1937,B/l,1,1960,B/l,1,1993,B/l,1,2001,B,1,2009,B/l,1,1111011111,'1111,1,Bos ontstaan voor 1775
1370,ferraris037-3.tif,7_11_Munckzwalm.tif,Maeter - nr. 143,1775,B,1,1850,B/l,1,1852,B,1,1869,B/l,1,1884,A,0,1937,A,0,1960,G,0,1993,G,0,2001,NA,0,2009,G,0,1111000000,'1100,,
1371,ferraris037-3.tif,7_11_Munckzwalm.tif,Maeter - nr. 143,1775,B,1,1850,B/l,1,1852,B,1,1869,B/l,1,1884,A,0,1937,A,0,1960,G,0,1993,G,0,2001,NA,0,2009,G,0,1111000000,'1100,,
1372,ferraris037-3.tif,7_11_Munckzwalm.tif,Maeter - nr. 143,1775,B,1,1850,B/l,1,1852,B,1,1869,B/l,1,1884,A,0,1937,B/l,1,1960,B/l,1,1993,B/l,1,2001,B,1,2009,B/l,1,1111011111,'1111,1,Bos ontstaan voor 1775
1373,ferraris038-1.tif,7_11_Munckzwalm.tif,Maeter - nr. 143,1775,B,1,1850,A,0,1852,B,1,1869,B/l,1,1884,A,0,1937,A,0,1960,A,0,1993,G,0,2001,NA,0,2009,A,0,1011000000,'1000,,
1401,ferraris112-3.jpg,8_16_meerdaal.tif,Bierbeek (2e Partie) et Haesrode - nr. 25,1775,B,1,1850,B/l,1,1855,B,1,1865,B/l,1,1893,B/l,1,1926,B/l,1,1960,B/l,1,1993,B/l,1,2001,B,1,2009,B/l,1,1111111111,'1111,1,Bos ontstaan voor 1775
1402,ferraris112-3.jpg,8_16_meerdaal.tif,Bierbeek (2e Partie) et Haesrode - nr. 25,1775,B,1,1850,B/l,1,1855,B,1,1865,B/l,1,1893,B/l,1,1926,B/l,1,1960,B/l,1,1993,B/l,1,2001,B,1,2009,B/l,1,1111111111,'1111,1,Bos ontstaan voor 1775
1403,ferraris112-3.jpg,8_16_meerdaal.tif,Bierbeek (2e Partie) et Haesrode - nr. 25,1775,B,1,1850,B/l,1,1855,B,1,1865,B/l,1,1893,B/l,1,1926,B/l,1,1960,B/l,1,1993,B/l,1,2001,B,1,2009,B/l,1,1111111111,'1111,1,Bos ontstaan voor 1775
1404,ferraris112-3.jpg,8_16_meerdaal.tif,Bierbeek (2e Partie) et Haesrode - nr. 25,1775,B,1,1850,B/l,1,1855,B,1,1865,B/l,1,1893,B/l,1,1926,B/l,1,1960,B/l,1,1993,B/l,1,2001,B,1,2009,B/l,1,1111111111,'1111,1,Bos ontstaan voor 1775
1405,ferraris112-3.jpg,8_16_meerdaal.tif,Bierbeek (2e Partie) et Haesrode - nr. 25,1775,B,1,1850,B/l,1,1855,B,1,1865,B/l,1,1893,B/l,1,1926,B/l,1,1960,B/l,1,1993,B/l,1,2001,B,1,2009,B/l,1,1111111111,'1111,1,Bos ontstaan voor 1775
1406,ferraris112-3.jpg,8_16_meerdaal.tif,Bierbeek (2e Partie) et Haesrode - nr. 25,1775,B,1,1850,B/l,1,1855,B,1,1865,B/l,1,1893,B/l,1,1926,B/l,1,1960,B/l,1,1993,B/l,1,2001,B,1,2009,B/l,1,1111111111,'1111,1,Bos ontstaan voor 1775
1407,ferraris112-3.jpg,8_16_meerdaal.tif,Bierbeek (2e Partie) et Haesrode - nr. 25,1775,B,1,1850,B/l,1,1855,B,1,1865,B/l,1,1893,B/l,1,1926,B/l,1,1960,B/l,1,1993,B/l,1,2001,B,1,2009,B/l,1,1111111111,'1111,1,Bos ontstaan voor 1775
1408,ferraris112-3.jpg,8_16_meerdaal.tif,Bierbeek (2e Partie) et Haesrode - nr. 25,1775,B,1,1850,B/l,1,1855,B,1,1865,B/l,1,1893,B/l,1,1926,B/l,1,1960,B/l,1,1993,B/l,1,2001,B,1,2009,B/l,1,1111111111,'1111,1,Bos ontstaan voor 1775
1409,ferraris112-3.jpg,8_16_meerdaal.tif,Bierbeek (2e Partie) et Haesrode - nr. 25,1775,B,1,1850,B/l,1,1855,B,1,1865,B/l,1,1893,B/l,1,1926,B/l,1,1960,B/l,1,1993,B/l,1,2001,B,1,2009,B/l,1,1111111111,'1111,1,Bos ontstaan voor 1775
1410,ferraris112-3.jpg,8_16_meerdaal.tif,Bierbeek (2e Partie) et Haesrode - nr. 25,1775,B,1,1850,B/l,1,1855,B,1,1865,B/l,1,1893,B/l,1,1926,B/l,1,1960,B/l,1,1993,B/l,1,2001,B,1,2009,B/l,1,1111111111,'1111,1,Bos ontstaan voor 1775
1411,ferraris112-3.jpg,8_16_meerdaal.tif,Bierbeek (2e Partie) et Haesrode - nr. 25,1775,B,1,1850,B/l,1,1855,B,1,1865,B/l,1,1893,B/l,1,1926,B/l,1,1960,B/l,1,1993,B/l,1,2001,B,1,2009,B/l,1,1111111111,'1111,1,Bos ontstaan voor 1775
1412,ferraris112-3.jpg,8_16_meerdaal.tif,Bierbeek (2e Partie) et Haesrode - nr. 25,1775,B,1,1850,B/l,1,1855,B,1,1865,B/l,1,1893,B/l,1,1926,B/l,1,1960,B/l,1,1993,B/l,1,2001,B,1,2009,B/l,1,1111111111,'1111,1,Bos ontstaan voor 1775
1413,ferraris112-3.jpg,8_16_meerdaal.tif,Bierbeek (2e Partie) et Haesrode - nr. 25,1775,B,1,1850,B/l,1,1855,B,1,1865,B/l,1,1893,B/l,1,1926,B/l,1,1960,B/l,1,1993,B/l,1,2001,B,1,2009,B/l,1,1111111111,'1111,1,Bos ontstaan voor 1775
1414,ferraris112-3.jpg,8_16_meerdaal.tif,Bierbeek (2e Partie) et Haesrode - nr. 25,1775,B,1,1850,B/l,1,1855,B,1,1865,B/l,1,1893,B/l,1,1926,B/l,1,1960,B/l,1,1993,B/l,1,2001,B,1,2009,B/l,1,1111111111,'1111,1,Bos ontstaan voor 1775
1415,ferraris112-3.jpg,8_16_meerdaal.tif,Bierbeek (2e Partie) et Haesrode - nr. 25,1775,B,1,1850,B/l,1,1855,B,1,1865,B/l,1,1893,B/l,1,1926,B/l,1,1960,B/l,1,1993,B/l,1,2001,B,1,2009,B/l,1,1111111111,'1111,1,Bos ontstaan voor 1775
1416,ferraris112-3.jpg,8_16_meerdaal.tif,Bierbeek (2e Partie) et Haesrode - nr. 25,1775,B,1,1850,B/l,1,1855,B,1,1865,B/l,1,1893,B/l,1,1926,B/l,1,1960,B/l,1,1993,B/l,1,2001,B,1,2009,B/l,1,1111111111,'1111,1,Bos ontstaan voor 1775
1417,ferraris112-3.jpg,8_16_meerdaal.tif,Bierbeek (2e Partie) et Haesrode - nr. 25,1775,B,1,1850,B/l,1,1855,B,1,1865,B/l,1,1893,B/l,1,1926,B/l,1,1960,B/l,1,1993,B/l,1,2001,B,1,2009,B/l,1,1111111111,'1111,1,Bos ontstaan voor 1775
1418,ferraris112-3.jpg,8_16_meerdaal.tif,Bierbeek (2e Partie) et Haesrode - nr. 25,1775,B,1,1850,B/l,1,1855,B,1,1865,B/l,1,1893,B/l,1,1926,B/l,1,1960,B/l,1,1993,B/l,1,2001,B,1,2009,B/l,1,1111111111,'1111,1,Bos ontstaan voor 1775
1419,ferraris112-3.jpg,8_16_meerdaal.tif,Bierbeek (2e Partie) et Haesrode - nr. 25,1775,B,1,1850,B/l,1,1855,B,1,1865,B/l,1,1893,B/l,1,1926,B/l,1,1960,B/l,1,1993,B/l,1,2001,B,1,2009,B/l,1,1111111111,'1111,1,Bos ontstaan voor 1775
1420,ferraris112-3.jpg,8_16_meerdaal.tif,Bierbeek (2e Partie) et Haesrode - nr. 25,1775,B,1,1850,B/l,1,1855,B,1,1865,B/l,1,1893,B/l,1,1926,B/l,1,1960,B/l,1,1993,B/l,1,2001,B,1,2009,B/l,1,1111111111,'1111,1,Bos ontstaan voor 1775
1421,ferraris112-3.jpg,8_16_meerdaal.tif,Bierbeek (2e Partie) et Haesrode - nr. 25,1775,B,1,1850,B/l,1,1855,B,1,1865,B/l,1,1893,B/l,1,1926,B/l,1,1960,B/l,1,1993,B/l,1,2001,B,1,2009,B/l,1,1111111111,'1111,1,Bos ontstaan voor 1775
1422,ferraris112-3.jpg,8_16_meerdaal.tif,Bierbeek (2e Partie) et Haesrode - nr. 25,1775,B,1,1850,B/l,1,1855,B,1,1865,B/l,1,1893,B/l,1,1926,B/l,1,1960,B/l,1,1993,B/l,1,2001,B,1,2009,B/l,1,1111111111,'1111,1,Bos ontstaan voor 1775
1423,ferraris112-3.jpg,8_16_meerdaal.tif,Bierbeek (2e Partie) et Haesrode - nr. 25,1775,B,1,1850,B/l,1,1855,B,1,1865,B/l,1,1893,B/l,1,1926,B/l,1,1960,B/l,1,1993,B/l,1,2001,B,1,2009,B/l,1,1111111111,'1111,1,Bos ontstaan voor 1775
1424,ferraris112-3.jpg,8_16_meerdaal.tif,Bierbeek (2e Partie) et Haesrode - nr. 25,1775,B,1,1850,B/l,1,1855,B,1,1865,B/l,1,1893,B/l,1,1926,B/l,1,1960,B/l,1,1993,B/l,1,2001,B,1,2009,B/l,1,1111111111,'1111,1,Bos ontstaan voor 1775
1425,ferraris112-3.jpg,8_16_meerdaal.tif,Bierbeek (2e Partie) et Haesrode - nr. 25,1775,B,1,1850,B/l,1,1855,B,1,1865,B/l,1,1893,B/l,1,1926,B/l,1,1960,B/l,1,1993,B/l,1,2001,B,1,2009,B/l,1,1111111111,'1111,1,Bos ontstaan voor 1775
1426,ferraris112-3.jpg,8_16_meerdaal.tif,Bierbeek (2e Partie) et Haesrode - nr. 25,1775,B,1,1850,B/l,1,1855,B,1,1865,B/l,1,1893,B/l,1,1926,B/l,1,1960,B/l,1,1993,B/l,1,2001,B,1,2009,B/l,1,1111111111,'1111,1,Bos ontstaan voor 1775
1427,ferraris112-3.jpg,8_16_meerdaal.tif,Bierbeek (2e Partie) et Haesrode - nr. 25,1775,B,1,1850,B/l,1,1855,B,1,1865,B/l,1,1893,B/l,1,1926,B/l,1,1960,B/l,1,1993,B/l,1,2001,B,1,2009,B/l,1,1111111111,'1111,1,Bos ontstaan voor 1775
1428,ferraris112-3.jpg,8_16_meerdaal.tif,Bierbeek (2e Partie) et Haesrode - nr. 25,1775,B,1,1850,B/l,1,1855,B,1,1865,B/l,1,1893,B/l,1,1926,B/l,1,1960,B/l,1,1993,B/l,1,2001,B,1,2009,B/l,1,1111111111,'1111,1,Bos ontstaan voor 1775
1429,ferraris112-3.jpg,8_16_meerdaal.tif,Bierbeek (2e Partie) et Haesrode - nr. 25,1775,B,1,1850,B/l,1,1855,B,1,1865,B/l,1,1893,B/l,1,1926,B/l,1,1960,B/l,1,1993,B/l,1,2001,B,1,2009,B/l,1,1111111111,'1111,1,Bos ontstaan voor 1775
1430,ferraris112-3.jpg,8_16_meerdaal.tif,Bierbeek (2e Partie) et Haesrode - nr. 25,1775,B,1,1850,B/l,1,1855,B,1,1865,B/l,1,1893,B/l,1,1926,B/l,1,1960,B/l,1,1993,B/l,1,2001,B,1,2009,B/l,1,1111111111,'1111,1,Bos ontstaan voor 1775
1431,ferraris112-3.jpg,8_16_meerdaal.tif,Bierbeek (2e Partie) et Haesrode - nr. 25,1775,B,1,1850,B/l,1,1855,B,1,1865,B/l,1,1893,B/l,1,1926,B/l,1,1960,B/l,1,1993,B/l,1,2001,B,1,2009,B/l,1,1111111111,'1111,1,Bos ontstaan voor 1775
1432,ferraris112-3.jpg,8_16_meerdaal.tif,Bierbeek (2e Partie) et Haesrode - nr. 25,1775,B,1,1850,B/l,1,1855,B,1,1865,B/l,1,1893,B/l,1,1926,B/l,1,1960,B/l,1,1993,B/l,1,2001,B,1,2009,B/l,1,1111111111,'1111,1,Bos ontstaan voor 1775
1433,ferraris112-3.jpg,8_16_meerdaal.tif,Bierbeek (2e Partie) et Haesrode - nr. 25,1775,B,1,1850,B/l,1,1855,B,1,1865,B/l,1,1893,B/l,1,1926,B/l,1,1960,B/l,1,1993,B/l,1,2001,B,1,2009,B/l,1,1111111111,'1111,1,Bos ontstaan voor 1775
1434,ferraris112-3.jpg,8_16_meerdaal.tif,Bierbeek (2e Partie) et Haesrode - nr. 25,1775,B,1,1850,B/l,1,1855,B,1,1865,B/l,1,1893,B/l,1,1926,B/l,1,1960,B/l,1,1993,B/l,1,2001,B,1,2009,B/l,1,1111111111,'1111,1,Bos ontstaan voor 1775
1435,ferraris112-3.jpg,8_16_meerdaal.tif,Bierbeek (2e Partie) et Haesrode - nr. 25,1775,B,1,1850,B/l,1,1855,B,1,1865,B/l,1,1893,B/l,1,1926,B/l,1,1960,B/l,1,1993,B/l,1,2001,B,1,2009,B/l,1,1111111111,'1111,1,Bos ontstaan voor 1775
1436,ferraris112-3.jpg,8_16_meerdaal.tif,Bierbeek (2e Partie) et Haesrode - nr. 25,1775,B,1,1850,B/l,1,1855,B,1,1865,B/l,1,1893,B/l,1,1926,B/l,1,1960,B/l,1,1993,B/l,1,2001,B,1,2009,B/l,1,1111111111,'1111,1,Bos ontstaan voor 1775
1437,ferraris112-3.jpg,8_16_meerdaal.tif,Bierbeek (2e Partie) et Haesrode - nr. 25,1775,B,1,1850,B/l,1,1855,B,1,1865,B/l,1,1893,B/l,1,1926,B/l,1,1960,B/l,1,1993,B/l,1,2001,B,1,2009,B/l,1,1111111111,'1111,1,Bos ontstaan voor 1775
1438,ferraris112-3.jpg,8_16_meerdaal.tif,Bierbeek (2e Partie) et Haesrode - nr. 25,1775,B,1,1850,B/l,1,1855,B,1,1865,B/l,1,1893,B/l,1,1926,B/l,1,1960,B/l,1,1993,B/l,1,2001,B,1,2009,B/l,1,1111111111,'1111,1,Bos ontstaan voor 1775
1439,ferraris112-3.jpg,8_16_meerdaal.tif,Bierbeek (2e Partie) et Haesrode - nr. 25,1775,B,1,1850,B/l,1,1855,B,1,1865,B/l,1,1893,B/l,1,1926,B/l,1,1960,B/l,1,1993,B/l,1,2001,B,1,2009,B/l,1,1111111111,'1111,1,Bos ontstaan voor 1775
1440,ferraris112-3.jpg,8_16_meerdaal.tif,Bierbeek (2e Partie) et Haesrode - nr. 25,1775,B,1,1850,B/l,1,1855,B,1,1865,B/l,1,1893,B/l,1,1926,B/l,1,1960,B/l,1,1993,B/l,1,2001,B,1,2009,B/l,1,1111111111,'1111,1,Bos ontstaan voor 1775
1441,ferraris112-3.jpg,8_16_meerdaal.tif,Bierbeek (2e Partie) et Haesrode - nr. 25,1775,B,1,1850,B/l,1,1855,B,1,1865,B/l,1,1893,B/l,1,1926,B/l,1,1960,B/l,1,1993,B/l,1,2001,B,1,2009,B/l,1,1111111111,'1111,1,Bos ontstaan voor 1775
1442,ferraris112-3.jpg,8_16_meerdaal.tif,Bierbeek (2e Partie) et Haesrode - nr. 25,1775,B,1,1850,B/l,1,1855,B,1,1865,B/l,1,1893,B/l,1,1926,B/l,1,1960,B/l,1,1993,B/l,1,2001,B,1,2009,B/l,1,1111111111,'1111,1,Bos ontstaan voor 1775
1443,ferraris112-3.jpg,8_16_meerdaal.tif,Bierbeek (2e Partie) et Haesrode - nr. 25,1775,B,1,1850,B/l,1,1855,B,1,1865,B/l,1,1893,B/l,1,1926,B/l,1,1960,B/l,1,1993,B/l,1,2001,B,1,2009,B/l,1,1111111111,'1111,1,Bos ontstaan voor 1775
1444,ferraris112-3.jpg,8_16_meerdaal.tif,Bierbeek (2e Partie) et Haesrode - nr. 25,1775,B,1,1850,B/l,1,1855,B,1,1865,B/l,1,1893,B/l,1,1926,B/l,1,1960,B/l,1,1993,B/l,1,2001,B,1,2009,B/l,1,1111111111,'1111,1,Bos ontstaan voor 1775
1445,ferraris112-3.jpg,8_16_meerdaal.tif,Bierbeek (2e Partie) et Haesrode - nr. 25,1775,B,1,1850,B/l,1,1855,B,1,1865,B/l,1,1893,B/l,1,1926,B/l,1,1960,B/l,1,1993,B/l,1,2001,B,1,2009,B/l,1,1111111111,'1111,1,Bos ontstaan voor 1775
1446,ferraris112-3.jpg,8_16_meerdaal.tif,Bierbeek (2e Partie) et Haesrode - nr. 25,1775,B,1,1850,B/l,1,1855,B,1,1865,B/l,1,1893,B/l,1,1926,B/l,1,1960,B/l,1,1993,B/l,1,2001,B,1,2009,B/l,1,1111111111,'1111,1,Bos ontstaan voor 1775
1447,ferraris112-3.jpg,8_16_meerdaal.tif,Bierbeek (2e Partie) et Haesrode - nr. 25,1775,B,1,1850,B/l,1,1855,B,1,1865,B/l,1,1893,B/l,1,1926,B/l,1,1960,B/l,1,1993,B/l,1,2001,B,1,2009,B/l,1,1111111111,'1111,1,Bos ontstaan voor 1775
1448,ferraris112-3.jpg,8_16_meerdaal.tif,Bierbeek (2e Partie) et Haesrode - nr. 25,1775,B,1,1850,B/l,1,1855,B,1,1865,B/l,1,1893,B/l,1,1926,B/l,1,1960,B/l,1,1993,B/l,1,2001,B,1,2009,B/l,1,1111111111,'1111,1,Bos ontstaan voor 1775
1449,ferraris112-3.jpg,8_16_meerdaal.tif,Bierbeek (2e Partie) et Haesrode - nr. 25,1775,B,1,1850,B/l,1,1855,B,1,1865,B/l,1,1893,B/l,1,1926,B/l,1,1960,B/l,1,1993,B/l,1,2001,B,1,2009,B/l,1,1111111111,'1111,1,Bos ontstaan voor 1775
1450,ferraris112-3.jpg,8_16_meerdaal.tif,Bierbeek (2e Partie) et Haesrode - nr. 25,1775,B,1,1850,B/l,1,1855,B,1,1865,B/l,1,1893,B/l,1,1926,B/l,1,1960,B/l,1,1993,B/l,1,2001,B,1,2009,B/l,1,1111111111,'1111,1,Bos ontstaan voor 1775
1451,ferraris112-3.jpg,8_16_meerdaal.tif,Bierbeek (2e Partie) et Haesrode - nr. 25,1775,B,1,1850,B/l,1,1855,B,1,1865,B/l,1,1893,B/l,1,1926,B/l,1,1960,B/l,1,1993,B/l,1,2001,B,1,2009,B/l,1,1111111111,'1111,1,Bos ontstaan voor 1775
1452,ferraris112-3.jpg,8_16_meerdaal.tif,Bierbeek (2e Partie) et Haesrode - nr. 25,1775,B,1,1850,B/l,1,1855,B,1,1865,B/l,1,1893,B/l,1,1926,B/l,1,1960,B/l,1,1993,B/l,1,2001,B,1,2009,B/l,1,1111111111,'1111,1,Bos ontstaan voor 1775
1501,ferraris029-4.jpg,7_14_Avelghem.tif,Ruyen - nr.,1775,B,1,1850,B,1,1852,A,0,1862,B/l,1,1884,A,0,1910,A,0,1960,B/l,1,1993,B/l,1,2001,B,1,2009,B/l,1,1101001111,'1101,4,Bos ontstaan na +/- 1930
1502,ferraris029-4.jpg,7_14_Avelghem.tif,Ruyen - nr.,1775,B,1,1850,A,0,1852,A,0,1862,A,0,1884,A,0,1910,A,0,1960,B/l,1,1993,B/l,1,2001,B,1,2009,B/l,1,1000001111,'1001,4,Bos ontstaan na +/- 1930
1503,ferraris029-4.jpg,7_14_Avelghem.tif,Ruyen - nr.,1775,B,1,1850,B,1,1852,B,1,1862,B/l,1,1884,B/l,1,1910,A,0,1960,B/l,1,1993,B/l,1,2001,B,1,2009,B/l,1,1111101111,'1101,4,Bos ontstaan na +/- 1930
1504,ferraris029-4.jpg,7_14_Avelghem.tif,Ruyen - nr.,1775,B,1,1850,B,1,1852,A,0,1862,A,0,1884,B/l,1,1910,A,0,1960,B/l,1,1993,B/l,1,2001,B,1,2009,B/l,1,1100101111,'1101,4,Bos ontstaan na +/- 1930
1505,ferraris029-4.jpg,7_14_Avelghem.tif,Ruyen - nr.,1775,B,1,1850,A,0,1852,A,0,1862,A,0,1884,A,0,1910,A,0,1960,B/l,1,1993,B/l,1,2001,B,1,2009,B/l,1,1000001111,'1001,4,Bos ontstaan na +/- 1930
1506,ferraris029-4.jpg,7_14_Avelghem.tif,Ruyen - nr.,1775,B,1,1850,B,1,1852,B,1,1862,B/l,1,1884,A,0,1910,A,0,1960,B/l,1,1993,B/l,1,2001,B,1,2009,B/l,1,1111001111,'1101,4,Bos ontstaan na +/- 1930
1507,ferraris029-4.jpg,7_14_Avelghem.tif,Ruyen - nr.,1775,B,1,1850,A,0,1852,B,1,1862,B/l,1,1884,B/l,1,1910,B/l,1,1960,B/l,1,1993,B/l,1,2001,B,1,2009,B/l,1,1011111111,'1011,3,Bos ontstaan tussen 1850 en +/- 1930
1508,ferraris029-4.jpg,7_14_Avelghem.tif,Ruyen - nr.,1775,B,1,1850,B,1,1852,B,1,1862,B/l,1,1884,A,0,1910,A,0,1960,B/l,1,1993,B/l,1,2001,B,1,2009,B/l,1,1111001111,'1101,4,Bos ontstaan na +/- 1930
1509,ferraris029-4.jpg,7_14_Avelghem.tif,Ruyen - nr.,1775,B,1,1850,B,1,1852,B,1,1862,B/l,1,1884,B/l,1,1910,B/l,1,1960,B/l,1,1993,B/l,1,2001,B,1,2009,B/l,1,1111111111,'1111,1,Bos ontstaan voor 1775
1510,ferraris029-4.jpg,7_14_Avelghem.tif,Ruyen - nr.,1775,B,1,1850,B,1,1852,B,1,1862,B/l,1,1884,B/l,1,1910,B/l,1,1960,B/l,1,1993,B/l,1,2001,B,1,2009,B/l,1,1111111111,'1111,1,Bos ontstaan voor 1775
1511,ferraris029-4.jpg,7_14_Avelghem.tif,Ruyen - nr.,1775,B,1,1850,B,1,1852,B,1,1862,B/l,1,1884,B/l,1,1910,B/l,1,1960,B/l,1,1993,B/l,1,2001,B,1,2009,B/l,1,1111111111,'1111,1,Bos ontstaan voor 1775
1512,ferraris029-4.jpg,7_14_Avelghem.tif,Ruyen - nr.,1775,B,1,1850,B,1,1852,B,1,1862,B/l,1,1884,B/l,1,1910,B/l,1,1960,B/l,1,1993,B/l,1,2001,B,1,2009,B/l,1,1111111111,'1111,1,Bos ontstaan voor 1775
1513,ferraris029-4.jpg,7_14_Avelghem.tif,Ruyen - nr.,1775,B,1,1850,B,1,1852,B,1,1862,B/l,1,1884,B/l,1,1910,B/l,1,1960,B/l,1,1993,B/l,1,2001,B,1,2009,B/l,1,1111111111,'1111,1,Bos ontstaan voor 1775
1514,ferraris029-4.jpg,7_14_Avelghem.tif,Ruyen - nr.,1775,B,1,1850,B,1,1852,B,1,1862,B/l,1,1884,B/l,1,1910,B/l,1,1960,B/l,1,1993,B/l,1,2001,B,1,2009,B/l,1,1111111111,'1111,1,Bos ontstaan voor 1775
1515,ferraris029-4.jpg,7_14_Avelghem.tif,Ruyen - nr.,1775,B,1,1850,B,1,1852,B,1,1862,B/l,1,1884,B/l,1,1910,B/l,1,1960,B/l,1,1993,B/l,1,2001,B,1,2009,B/l,1,1111111111,'1111,1,Bos ontstaan voor 1775
1516,ferraris029-4.jpg,7_14_Avelghem.tif,Ruyen - nr.,1775,B,1,1850,B,1,1852,B,1,1862,B/l,1,1884,B/l,1,1910,B/l,1,1960,B/l,1,1993,B/l,1,2001,B,1,2009,B/l,1,1111111111,'1111,1,Bos ontstaan voor 1775
1517,ferraris029-4.jpg,7_14_Avelghem.tif,Ruyen - nr.,1775,B,1,1850,B,1,1852,B,1,1862,B/l,1,1884,B/l,1,1910,B/l,1,1960,B/l,1,1993,B/l,1,2001,B,1,2009,B/l,1,1111111111,'1111,1,Bos ontstaan voor 1775
1518,ferraris029-4.jpg,7_14_Avelghem.tif,Ruyen - nr.,1775,B,1,1850,B,1,1852,B,1,1862,B/l,1,1884,B/l,1,1910,B/l,1,1960,B/l,1,1993,B/l,1,2001,B,1,2009,B/l,1,1111111111,'1111,1,Bos ontstaan voor 1775
1519,ferraris029-4.jpg,7_14_Avelghem.tif,Ruyen - nr.,1775,B,1,1850,B,1,1852,B,1,1862,B/l,1,1884,B/l,1,1910,B/l,1,1960,B/l,1,1993,B/l,1,2001,B,1,2009,B/l,1,1111111111,'1111,1,Bos ontstaan voor 1775
1520,ferraris029-4.jpg,7_14_Avelghem.tif,Ruyen - nr.,1775,B,1,1850,B,1,1852,B,1,1862,B/l,1,1884,B/l,1,1910,B/l,1,1960,B/l,1,1993,B/l,1,2001,B,1,2009,B/l,1,1111111111,'1111,1,Bos ontstaan voor 1775
1521,ferraris029-4.jpg,7_14_Avelghem.tif,Ruyen - nr.,1775,B,1,1850,B,1,1852,B,1,1862,B/l,1,1884,B/l,1,1910,B/l,1,1960,B/l,1,1993,B/l,1,2001,B,1,2009,B/l,1,1111111111,'1111,1,Bos ontstaan voor 1775
1522,ferraris029-4.jpg,7_14_Avelghem.tif,Ruyen - nr.,1775,B,1,1850,B,1,1852,B,1,1862,B/l,1,1884,B/l,1,1910,B/l,1,1960,B/l,1,1993,B/l,1,2001,B,1,2009,B/l,1,1111111111,'1111,1,Bos ontstaan voor 1775
1523,ferraris029-4.jpg,7_14_Avelghem.tif,Ruyen - nr.,1775,B,1,1850,B,1,1852,B,1,1862,B/l,1,1884,B/l,1,1910,B/l,1,1960,B/l,1,1993,B/l,1,2001,B,1,2009,B/l,1,1111111111,'1111,1,Bos ontstaan voor 1775
1524,ferraris029-4.jpg,7_14_Avelghem.tif,Ruyen - nr.,1775,B,1,1850,B,1,1852,B,1,1862,B/l,1,1884,B/l,1,1910,B/l,1,1960,B/l,1,1993,B/l,1,2001,B,1,2009,B/l,1,1111111111,'1111,1,Bos ontstaan voor 1775
1525,ferraris029-4.jpg,7_14_Avelghem.tif,Ruyen - nr.,1775,B,1,1850,B,1,1852,B,1,1862,B/l,1,1884,B/l,1,1910,B/l,1,1960,B/l,1,1993,B/l,1,2001,B,1,2009,B/l,1,1111111111,'1111,1,Bos ontstaan voor 1775
1526,ferraris029-4.jpg,7_14_Avelghem.tif,Ruyen - nr.,1775,B,1,1850,B,1,1852,B,1,1862,B/l,1,1884,B/l,1,1910,B/l,1,1960,B/l,1,1993,B/l,1,2001,B,1,2009,B/l,1,1111111111,'1111,1,Bos ontstaan voor 1775
1527,ferraris029-4.jpg,7_14_Avelghem.tif,Ruyen - nr.,1775,B,1,1850,B,1,1852,B,1,1862,B/l,1,1884,B/l,1,1910,B/l,1,1960,B/l,1,1993,B/l,1,2001,B,1,2009,B/l,1,1111111111,'1111,1,Bos ontstaan voor 1775
1528,ferraris029-4.jpg,7_14_Avelghem.tif,Ruyen - nr.,1775,B,1,1850,B,1,1852,B,1,1862,B/l,1,1884,B/l,1,1910,B/l,1,1960,B/l,1,1993,B/l,1,2001,B,1,2009,B/l,1,1111111111,'1111,1,Bos ontstaan voor 1775
1529,ferraris029-4.jpg,7_14_Avelghem.tif,Ruyen - nr.,1775,B,1,1850,B,1,1852,B,1,1862,B/l,1,1884,B/l,1,1910,B/l,1,1960,B/l,1,1993,B/l,1,2001,B,1,2009,B/l,1,1111111111,'1111,1,Bos ontstaan voor 1775
1530,ferraris029-4.jpg,7_14_Avelghem.tif,Ruyen - nr.,1775,B,1,1850,B,1,1852,B,1,1862,B/l,1,1884,B/l,1,1910,B/l,1,1960,B/l,1,1993,B/l,1,2001,B,1,2009,B/l,1,1111111111,'1111,1,Bos ontstaan voor 1775
1531,ferraris029-4.jpg,7_14_Avelghem.tif,Ruyen - nr.,1775,B,1,1850,B,1,1852,B,1,1862,B/l,1,1884,B/l,1,1910,B/l,1,1960,B/l,1,1993,B/l,1,2001,B,1,2009,B/l,1,1111111111,'1111,1,Bos ontstaan voor 1775
1532,ferraris029-4.jpg,7_14_Avelghem.tif,Ruyen - nr.,1775,B,1,1850,B,1,1852,B,1,1862,B/l,1,1884,B/l,1,1910,B/l,1,1960,B/l,1,1993,B/l,1,2001,B,1,2009,B/l,1,1111111111,'1111,1,Bos ontstaan voor 1775
1533,ferraris029-4.jpg,7_14_Avelghem.tif,Ruyen - nr.,1775,B,1,1850,B,1,1852,B,1,1862,B/l,1,1884,B/l,1,1910,B/l,1,1960,B/l,1,1993,B/l,1,2001,B,1,2009,B/l,1,1111111111,'1111,1,Bos ontstaan voor 1775
1534,ferraris029-4.jpg,7_14_Avelghem.tif,Ruyen - nr.,1775,B,1,1850,B,1,1852,B,1,1862,B/l,1,1884,B/l,1,1910,B/l,1,1960,B/l,1,1993,B/l,1,2001,B,1,2009,B/l,1,1111111111,'1111,1,Bos ontstaan voor 1775
1535,ferraris029-4.jpg,7_14_Avelghem.tif,Ruyen - nr.,1775,B,1,1850,B,1,1852,B,1,1862,B/l,1,1884,B/l,1,1910,B/l,1,1960,B/l,1,1993,B/l,1,2001,B,1,2009,B/l,1,1111111111,'1111,1,Bos ontstaan voor 1775
1536,ferraris029-4.jpg,7_14_Avelghem.tif,Ruyen - nr.,1775,B,1,1850,B,1,1852,B,1,1862,B/l,1,1884,B/l,1,1910,B/l,1,1960,B/l,1,1993,B/l,1,2001,B,1,2009,B/l,1,1111111111,'1111,1,Bos ontstaan voor 1775
1537,ferraris029-4.jpg,7_14_Avelghem.tif,Ruyen - nr.,1775,B,1,1850,B,1,1852,B,1,1862,B/l,1,1884,B/l,1,1910,B/l,1,1960,B/l,1,1993,B/l,1,2001,B,1,2009,B/l,1,1111111111,'1111,1,Bos ontstaan voor 1775
1538,ferraris029-4.jpg,7_14_Avelghem.tif,Ruyen - nr.,1775,B,1,1850,B,1,1852,B,1,1862,B/l,1,1884,B/l,1,1910,B/l,1,1960,B/l,1,1993,B/l,1,2001,B,1,2009,B/l,1,1111111111,'1111,1,Bos ontstaan voor 1775
1539,ferraris029-4.jpg,7_14_Avelghem.tif,Ruyen - nr.,1775,B,1,1850,B,1,1852,B,1,1862,B/l,1,1884,B/l,1,1910,B/l,1,1960,B/l,1,1993,B/l,1,2001,B,1,2009,B/l,1,1111111111,'1111,1,Bos ontstaan voor 1775
1540,ferraris029-4.jpg,7_14_Avelghem.tif,Ruyen - nr.,1775,B,1,1850,B,1,1852,B,1,1862,A,0,1884,A,0,1910,B/l,1,1960,B/l,1,1993,B/l,1,2001,B,1,2009,B/l,1,1110011111,'1111,1,Bos ontstaan voor 1775
1541,ferraris029-4.jpg,7_14_Avelghem.tif,Ruyen - nr.,1775,B,1,1850,B,1,1852,B,1,1862,A,0,1884,A,0,1910,B/l,1,1960,B/l,1,1993,B/l,1,2001,B,1,2009,B/l,1,1110011111,'1111,1,Bos ontstaan voor 1775
1542,ferraris029-4.jpg,7_14_Avelghem.tif,Ruyen - nr.,1775,B,1,1850,B,1,1852,B,1,1862,B/l,1,1884,B/l,1,1910,B/l,1,1960,B/l,1,1993,B/l,1,2001,B,1,2009,B/l,1,1111111111,'1111,1,Bos ontstaan voor 1775
1543,ferraris029-4.jpg,7_14_Avelghem.tif,Ruyen - nr.,1775,B,1,1850,B,1,1852,B,1,1862,B/l,1,1884,B/l,1,1910,B/l,1,1960,B/l,1,1993,B/l,1,2001,B,1,2009,B/l,1,1111111111,'1111,1,Bos ontstaan voor 1775
1544,ferraris029-4.jpg,7_14_Avelghem.tif,Ruyen - nr.,1775,B,1,1850,B,1,1852,G,0,1862,B/l,1,1884,B/l,1,1910,B/l,1,1960,B/l,1,1993,B/l,1,2001,B,1,2009,B/l,1,1101111111,'1111,1,Bos ontstaan voor 1775
1545,ferraris029-4.jpg,7_14_Avelghem.tif,Ruyen - nr.,1775,B,1,1850,B,1,1852,B,1,1862,A,0,1884,A,0,1910,B/l,1,1960,B/l,1,1993,B/l,1,2001,B,1,2009,B/l,1,1110011111,'1111,1,Bos ontstaan voor 1775
1546,ferraris029-4.jpg,7_14_Avelghem.tif,Ruyen - nr.,1775,B,1,1850,B,1,1852,B,1,1862,A,0,1884,A,0,1910,B/l,1,1960,B/l,1,1993,B/l,1,2001,B,1,2009,B/l,1,1110011111,'1111,1,Bos ontstaan voor 1775
1547,ferraris029-4.jpg,7_14_Avelghem.tif,Ruyen - nr.,1775,B,1,1850,B,1,1852,B,1,1862,B/l,1,1884,A,0,1910,B/l,1,1960,B/l,1,1993,B/l,1,2001,B,1,2009,B/l,1,1111011111,'1111,1,Bos ontstaan voor 1775
1548,ferraris029-4.jpg,7_14_Avelghem.tif,Ruyen - nr.,1775,B,1,1850,B,1,1852,B,1,1862,B/l,1,1884,B/l,1,1910,B/l,1,1960,B/l,1,1993,B/l,1,2001,B,1,2009,B/l,1,1111111111,'1111,1,Bos ontstaan voor 1775
1549,ferraris029-4.jpg,7_14_Avelghem.tif,Ruyen - nr.,1775,B,1,1850,B,1,1852,B,1,1862,B/l,1,1884,B/l,1,1910,B/l,1,1960,B/l,1,1993,B/l,1,2001,B,1,2009,B/l,1,1111111111,'1111,1,Bos ontstaan voor 1775
1550,ferraris029-4.jpg,7_14_Avelghem.tif,Ruyen - nr.,1775,B,1,1850,B,1,1852,B,1,1862,A,0,1884,A,0,1910,B/l,1,1960,B/l,1,1993,B/l,1,2001,B,1,2009,B/l,1,1110011111,'1111,1,Bos ontstaan voor 1775
1551,ferraris029-4.jpg,7_14_Avelghem.tif,Ruyen - nr.,1775,B,1,1850,B,1,1852,B,1,1862,B/l,1,1884,A,0,1910,B/l,1,1960,B/l,1,1993,B/l,1,2001,B,1,2009,B/l,1,1111011111,'1111,1,Bos ontstaan voor 1775
1552,ferraris029-4.jpg,7_14_Avelghem.tif,Ruyen - nr.,1775,B,1,1850,B,1,1852,B,1,1862,B/l,1,1884,B/l,1,1910,B/l,1,1960,B/g,1,1993,B/l,1,2001,B,1,2009,B/l,1,1111111111,'1111,1,Bos ontstaan voor 1775
1553,ferraris029-4.jpg,7_14_Avelghem.tif,Ruyen - nr.,1775,B,1,1850,B,1,1852,B,1,1862,B/l,1,1884,B/l,1,1910,B/l,1,1960,B/l,1,1993,B/l,1,2001,B,1,2009,B/l,1,1111111111,'1111,1,Bos ontstaan voor 1775
1554,ferraris029-4.jpg,7_14_Avelghem.tif,Ruyen - nr.,1775,B,1,1850,B,1,1852,B,1,1862,B/l,1,1884,B/l,1,1910,B/l,1,1960,B/l,1,1993,B/l,1,2001,B,1,2009,B/l,1,1111111111,'1111,1,Bos ontstaan voor 1775
1555,ferraris029-4.jpg,7_14_Avelghem.tif,Ruyen - nr.,1775,B,1,1850,B,1,1852,B,1,1862,B/l,1,1884,B/l,1,1910,B/l,1,1960,B/g,1,1993,B/l,1,2001,B,1,2009,B/l,1,1111111111,'1111,1,Bos ontstaan voor 1775
1556,ferraris029-4.jpg,7_14_Avelghem.tif,Ruyen - nr.,1775,B,1,1850,B,1,1852,B,1,1862,B/l,1,1884,B/l,1,1910,B/l,1,1960,B/l,1,1993,B/l,1,2001,B,1,2009,B/l,1,1111111111,'1111,1,Bos ontstaan voor 1775
1557,ferraris029-4.jpg,7_14_Avelghem.tif,Ruyen - nr.,1775,B,1,1850,B,1,1852,B,1,1862,B/l,1,1884,B/l,1,1910,B/l,1,1960,B/l,1,1993,B/l,1,2001,B,1,2009,B/l,1,1111111111,'1111,1,Bos ontstaan voor 1775
1558,ferraris029-4.jpg,7_14_Avelghem.tif,Ruyen - nr.,1775,B,1,1850,B,1,1852,B,1,1862,B/l,1,1884,B/l,1,1910,B/l,1,1960,B/l,1,1993,B/l,1,2001,B,1,2009,B/l,1,1111111111,'1111,1,Bos ontstaan voor 1775
1559,ferraris029-4.jpg,7_14_Avelghem.tif,Ruyen - nr.,1775,B,1,1850,B,1,1852,B,1,1862,B/l,1,1884,B/l,1,1910,B/l,1,1960,B/l,1,1993,B/l,1,2001,B,1,2009,B/l,1,1111111111,'1111,1,Bos ontstaan voor 1775
1560,ferraris029-4.jpg,7_14_Avelghem.tif,Ruyen - nr.,1775,B,1,1850,B,1,1852,B,1,1862,B/l,1,1884,B/l,1,1910,B/l,1,1960,B/l,1,1993,B/l,1,2001,B,1,2009,B/l,1,1111111111,'1111,1,Bos ontstaan voor 1775
1561,ferraris029-4.jpg,7_14_Avelghem.tif,Ruyen - nr.,1775,B,1,1850,B,1,1852,B,1,1862,B/l,1,1884,B/l,1,1910,B/l,1,1960,B/l,1,1993,B/l,1,2001,B,1,2009,B/l,1,1111111111,'1111,1,Bos ontstaan voor 1775
1562,ferraris029-4.jpg,7_14_Avelghem.tif,Ruyen - nr.,1775,B,1,1850,B,1,1852,B,1,1862,B/l,1,1884,B/l,1,1910,B/l,1,1960,B/l,1,1993,B/l,1,2001,B,1,2009,B/l,1,1111111111,'1111,1,Bos ontstaan voor 1775
1563,ferraris029-4.jpg,7_14_Avelghem.tif,Ruyen - nr.,1775,B,1,1850,B,1,1852,B,1,1862,B/l,1,1884,B/l,1,1910,B/l,1,1960,B/l,1,1993,B/l,1,2001,B,1,2009,B/l,1,1111111111,'1111,1,Bos ontstaan voor 1775
1564,ferraris029-4.jpg,7_14_Avelghem.tif,Ruyen - nr.,1775,B,1,1850,B,1,1852,B,1,1862,B/l,1,1884,B/l,1,1910,B/l,1,1960,B/l,1,1993,B/l,1,2001,B,1,2009,B/l,1,1111111111,'1111,1,Bos ontstaan voor 1775
1565,ferraris029-4.jpg,7_14_Avelghem.tif,Ruyen - nr.,1775,B,1,1850,B,1,1852,B,1,1862,B/l,1,1884,B/l,1,1910,B/l,1,1960,B/l,1,1993,B/l,1,2001,B,1,2009,B/l,1,1111111111,'1111,1,Bos ontstaan voor 1775
1566,ferraris029-4.jpg,7_14_Avelghem.tif,Ruyen - nr.,1775,B,1,1850,B,1,1852,B,1,1862,B/l,1,1884,B/l,1,1910,B/l,1,1960,B/l,1,1993,B/l,1,2001,B,1,2009,B/l,1,1111111111,'1111,1,Bos ontstaan voor 1775
1567,ferraris029-4.jpg,7_14_Avelghem.tif,Ruyen - nr.,1775,B,1,1850,B,1,1852,B,1,1862,B/l,1,1884,B/l,1,1910,B/l,1,1960,B/l,1,1993,B/l,1,2001,B,1,2009,B/l,1,1111111111,'1111,1,Bos ontstaan voor 1775
1568,ferraris029-4.jpg,7_14_Avelghem.tif,Ruyen - nr.,1775,B,1,1850,B,1,1852,B,1,1862,B/l,1,1884,B/l,1,1910,B/l,1,1960,B/l,1,1993,B/l,1,2001,B,1,2009,B/l,1,1111111111,'1111,1,Bos ontstaan voor 1775
1569,ferraris029-4.jpg,7_14_Avelghem.tif,Ruyen - nr.,1775,B,1,1850,B,1,1852,B,1,1862,B/l,1,1884,B/l,1,1910,B/l,1,1960,B/l,1,1993,B/l,1,2001,B,1,2009,B/l,1,1111111111,'1111,1,Bos ontstaan voor 1775
1570,ferraris029-4.jpg,7_14_Avelghem.tif,Ruyen - nr.,1775,B,1,1850,B,1,1852,B,1,1862,B/l,1,1884,B/l,1,1910,B/l,1,1960,B/l,1,1993,B/l,1,2001,B,1,2009,B/l,1,1111111111,'1111,1,Bos ontstaan voor 1775
1571,ferraris029-4.jpg,7_14_Avelghem.tif,Ruyen - nr.,1775,B,1,1850,B,1,1852,B,1,1862,B/l,1,1884,B/l,1,1910,B/l,1,1960,B/l,1,1993,B/l,1,2001,B,1,2009,B/l,1,1111111111,'1111,1,Bos ontstaan voor 1775
1572,ferraris029-4.jpg,7_14_Avelghem.tif,Ruyen - nr.,1775,B,1,1850,B,1,1852,B,1,1862,B/l,1,1884,B/l,1,1910,B/l,1,1960,B/l,1,1993,B/l,1,2001,B,1,2009,B/l,1,1111111111,'1111,1,Bos ontstaan voor 1775
1573,ferraris029-4.jpg,7_14_Avelghem.tif,Ruyen - nr.,1775,B,1,1850,B,1,1852,B,1,1862,B/l,1,1884,B/l,1,1910,B/l,1,1960,B/l,1,1993,B/l,1,2001,B,1,2009,B/l,1,1111111111,'1111,1,Bos ontstaan voor 1775
1574,ferraris029-4.jpg,7_14_Avelghem.tif,Ruyen - nr.,1775,B,1,1850,B,1,1852,B,1,1862,B/l,1,1884,B/g,1,1910,B/l,1,1960,B/l,1,1993,B/l,1,2001,B,1,2009,B/l,1,1111111111,'1111,1,Bos ontstaan voor 1775
1575,ferraris029-4.jpg,7_14_Avelghem.tif,Ruyen - nr.,1775,B,1,1850,B,1,1852,B,1,1862,B/l,1,1884,B/g,1,1910,B/l,1,1960,B/l,1,1993,B/l,1,2001,B,1,2009,B/l,1,1111111111,'1111,1,Bos ontstaan voor 1775
1576,ferraris029-4.jpg,7_14_Avelghem.tif,Ruyen - nr.,1775,B,1,1850,B,1,1852,B,1,1862,B/l,1,1884,B/g,1,1910,B/l,1,1960,B/l,1,1993,B/l,1,2001,B,1,2009,B/l,1,1111111111,'1111,1,Bos ontstaan voor 1775
1577,ferraris029-4.jpg,7_14_Avelghem.tif,Ruyen - nr.,1775,B,1,1850,B,1,1852,B,1,1862,B/l,1,1884,B/g,1,1910,B/l,1,1960,B/l,1,1993,B/l,1,2001,B,1,2009,B/l,1,1111111111,'1111,1,Bos ontstaan voor 1775
1578,ferraris029-4.jpg,7_14_Avelghem.tif,Ruyen - nr.,1775,B,1,1850,B,1,1852,B,1,1862,B/l,1,1884,B/g,1,1910,B/l,1,1960,B/l,1,1993,B/l,1,2001,B,1,2009,B/l,1,1111111111,'1111,1,Bos ontstaan voor 1775
1579,ferraris029-4.jpg,7_14_Avelghem.tif,Ruyen - nr.,1775,B,1,1850,B,1,1852,B,1,1862,B/l,1,1884,B/g,1,1910,B/l,1,1960,B/l,1,1993,B/l,1,2001,B,1,2009,B/l,1,1111111111,'1111,1,Bos ontstaan voor 1775
1580,ferraris029-4.jpg,7_14_Avelghem.tif,Ruyen - nr.,1775,B,1,1850,B,1,1852,B,1,1862,B/l,1,1884,B/g,1,1910,B/l,1,1960,B/l,1,1993,B/l,1,2001,B,1,2009,B/l,1,1111111111,'1111,1,Bos ontstaan voor 1775
1581,ferraris029-4.jpg,7_14_Avelghem.tif,Ruyen - nr.,1775,B,1,1850,B,1,1852,B,1,1862,B/l,1,1884,B/g,1,1910,B/l,1,1960,B/l,1,1993,B/l,1,2001,B,1,2009,B/l,1,1111111111,'1111,1,Bos ontstaan voor 1775
1582,ferraris029-4.jpg,7_14_Avelghem.tif,Ruyen - nr.,1775,B,1,1850,B,1,1852,B,1,1862,B/l,1,1884,B/g,1,1910,B/l,1,1960,B/l,1,1993,B/l,1,2001,B,1,2009,B/l,1,1111111111,'1111,1,Bos ontstaan voor 1775
1583,ferraris029-4.jpg,7_14_Avelghem.tif,Ruyen - nr.,1775,B,1,1850,B,1,1852,B,1,1862,B/l,1,1884,B/g,1,1910,B/l,1,1960,B/l,1,1993,B/l,1,2001,B,1,2009,B/l,1,1111111111,'1111,1,Bos ontstaan voor 1775
1584,ferraris029-4.jpg,7_14_Avelghem.tif,Ruyen - nr.,1775,B,1,1850,B,1,1852,B,1,1862,B/l,1,1884,B/g,1,1910,B/l,1,1960,B/l,1,1993,B/l,1,2001,B,1,2009,B/l,1,1111111111,'1111,1,Bos ontstaan voor 1775
1585,ferraris029-4.jpg,7_14_Avelghem.tif,Ruyen - nr.,1775,B,1,1850,B,1,1852,B,1,1862,B/l,1,1884,B/g,1,1910,B/l,1,1960,B/l,1,1993,B/l,1,2001,B,1,2009,B/l,1,1111111111,'1111,1,Bos ontstaan voor 1775
1586,ferraris029-4.jpg,7_14_Avelghem.tif,Ruyen - nr.,1775,B,1,1850,B,1,1852,B,1,1862,B/l,1,1884,B/g,1,1910,B/l,1,1960,B/l,1,1993,B/l,1,2001,B,1,2009,B/l,1,1111111111,'1111,1,Bos ontstaan voor 1775
1587,ferraris029-4.jpg,7_14_Avelghem.tif,Ruyen - nr.,1775,B,1,1850,B,1,1852,B,1,1862,B/l,1,1884,B/g,1,1910,B/l,1,1960,B/l,1,1993,B/l,1,2001,B,1,2009,B/l,1,1111111111,'1111,1,Bos ontstaan voor 1775
1588,ferraris029-4.jpg,7_14_Avelghem.tif,Ruyen - nr.,1775,B,1,1850,B,1,1852,B,1,1862,B/l,1,1884,B/g,1,1910,B/l,1,1960,B/l,1,1993,B/l,1,2001,B,1,2009,B/l,1,1111111111,'1111,1,Bos ontstaan voor 1775
1589,ferraris029-4.jpg,7_14_Avelghem.tif,Ruyen - nr.,1775,B,1,1850,B,1,1852,B,1,1862,B/l,1,1884,B/g,1,1910,B/l,1,1960,B/l,1,1993,B/l,1,2001,B,1,2009,B/l,1,1111111111,'1111,1,Bos ontstaan voor 1775
1590,ferraris029-4.jpg,7_14_Avelghem.tif,Ruyen - nr.,1775,B,1,1850,B,1,1852,B,1,1862,B/l,1,1884,B/g,1,1910,B/l,1,1960,B/l,1,1993,B/l,1,2001,B,1,2009,B/l,1,1111111111,'1111,1,Bos ontstaan voor 1775
1591,ferraris029-4.jpg,7_14_Avelghem.tif,Ruyen - nr.,1775,B,1,1850,B,1,1852,B,1,1862,B/l,1,1884,B/g,1,1910,B/l,1,1960,B/l,1,1993,B/l,1,2001,B,1,2009,B/l,1,1111111111,'1111,1,Bos ontstaan voor 1775
1592,ferraris029-4.jpg,7_14_Avelghem.tif,Ruyen - nr.,1775,B,1,1850,B,1,1852,B,1,1862,B/l,1,1884,B/g,1,1910,B/l,1,1960,B/l,1,1993,B/l,1,2001,B,1,2009,B/l,1,1111111111,'1111,1,Bos ontstaan voor 1775
1593,ferraris029-4.jpg,7_14_Avelghem.tif,Ruyen - nr.,1775,B,1,1850,B,1,1852,B,1,1862,B/l,1,1884,B/g,1,1910,B/l,1,1960,B/l,1,1993,B/l,1,2001,B,1,2009,B/l,1,1111111111,'1111,1,Bos ontstaan voor 1775
1594,ferraris029-4.jpg,7_14_Avelghem.tif,Ruyen - nr.,1775,B,1,1850,B,1,1852,B,1,1862,B/l,1,1884,B/g,1,1910,B/l,1,1960,B/l,1,1993,B/l,1,2001,B,1,2009,B/l,1,1111111111,'1111,1,Bos ontstaan voor 1775
1595,ferraris029-4.jpg,7_14_Avelghem.tif,Ruyen - nr.,1775,A,0,1850,B,1,1852,B,1,1862,B/l,1,1884,B/l,1,1910,B/l,1,1960,B/l,1,1993,B/l,1,2001,B,1,2009,B/l,1,0111111111,'0111,2,Bos ontstaan tussen 1775 en 1850
1596,ferraris029-4.jpg,7_14_Avelghem.tif,Ruyen - nr.,1775,B,1,1850,B,1,1852,B,1,1862,B/l,1,1884,B/l,1,1910,B/l,1,1960,B/l,1,1993,B/l,1,2001,B,1,2009,B/l,1,1111111111,'1111,1,Bos ontstaan voor 1775
1597,ferraris029-4.jpg,7_14_Avelghem.tif,Ruyen - nr.,1775,A,0,1850,B,1,1852,A,0,1862,B/l,1,1884,B/l,1,1910,B/l,1,1960,B/l,1,1993,B/l,1,2001,B,1,2009,B/l,1,0101111111,'0111,2,Bos ontstaan tussen 1775 en 1850
1598,ferraris029-4.jpg,7_14_Avelghem.tif,Ruyen - nr.,1775,B,1,1850,B,1,1852,B,1,1862,B/l,1,1884,B/l,1,1910,B/l,1,1960,B/l,1,1993,B/l,1,2001,B,1,2009,B/l,1,1111111111,'1111,1,Bos ontstaan voor 1775
1599,ferraris029-4.jpg,7_14_Avelghem.tif,Ruyen - nr.,1775,A,0,1850,B,1,1852,A,0,1862,B/l,1,1884,B/l,1,1910,B/l,1,1960,B/l,1,1993,B/l,1,2001,B,1,2009,B/l,1,0101111111,'0111,2,Bos ontstaan tussen 1775 en 1850
1600,ferraris029-4.jpg,7_14_Avelghem.tif,Ruyen - nr.,1775,A,0,1850,B,1,1852,B,1,1862,B/l,1,1884,B/l,1,1910,B/l,1,1960,B/l,1,1993,B/l,1,2001,B,1,2009,B/l,1,0111111111,'0111,2,Bos ontstaan tussen 1775 en 1850
1601,ferraris029-4.jpg,7_14_Avelghem.tif,Ruyen - nr.,1775,A,0,1850,B,1,1852,B,1,1862,B/l,1,1884,B/l,1,1910,B/l,1,1960,B/l,1,1993,B/l,1,2001,B,1,2009,B/l,1,0111111111,'0111,2,Bos ontstaan tussen 1775 en 1850
1602,ferraris029-4.jpg,7_14_Avelghem.tif,Ruyen - nr.,1775,A,0,1850,B,1,1852,B,1,1862,B/l,1,1884,B/l,1,1910,B/l,1,1960,B/l,1,1993,B/l,1,2001,B,1,2009,B/l,1,0111111111,'0111,2,Bos ontstaan tussen 1775 en 1850
1603,ferraris029-4.jpg,7_14_Avelghem.tif,Ruyen - nr.,1775,B,1,1850,B,1,1852,B,1,1862,B/l,1,1884,B/l,1,1910,B/l,1,1960,B/l,1,1993,B/l,1,2001,B,1,2009,B/l,1,1111111111,'1111,1,Bos ontstaan voor 1775
1604,ferraris029-4.jpg,7_14_Avelghem.tif,Ruyen - nr.,1775,B,1,1850,B,1,1852,B,1,1862,B/l,1,1884,B/l,1,1910,B/l,1,1960,B/l,1,1993,B/l,1,2001,B,1,2009,B/l,1,1111111111,'1111,1,Bos ontstaan voor 1775
1605,ferraris029-4.jpg,7_14_Avelghem.tif,Ruyen - nr.,1775,B,1,1850,B,1,1852,B,1,1862,B/l,1,1884,B/l,1,1910,B/l,1,1960,B/l,1,1993,B/l,1,2001,B,1,2009,B/l,1,1111111111,'1111,1,Bos ontstaan voor 1775
1606,ferraris029-4.jpg,7_14_Avelghem.tif,Ruyen - nr.,1775,B,1,1850,B,1,1852,B,1,1862,B/l,1,1884,B/l,1,1910,B/l,1,1960,B/l,1,1993,B/l,1,2001,B,1,2009,B/l,1,1111111111,'1111,1,Bos ontstaan voor 1775
1607,ferraris029-4.jpg,7_14_Avelghem.tif,Ruyen - nr.,1775,B,1,1850,B,1,1852,B,1,1862,B/l,1,1884,B/l,1,1910,B/l,1,1960,B/l,1,1993,B/l,1,2001,B,1,2009,B/l,1,1111111111,'1111,1,Bos ontstaan voor 1775
1608,ferraris029-4.jpg,7_14_Avelghem.tif,Ruyen - nr.,1775,B,1,1850,B,1,1852,B,1,1862,B/l,1,1884,B/l,1,1910,B/l,1,1960,B/l,1,1993,B/l,1,2001,B,1,2009,B/l,1,1111111111,'1111,1,Bos ontstaan voor 1775
1609,ferraris029-4.jpg,7_14_Avelghem.tif,Ruyen - nr.,1775,B,1,1850,B,1,1852,B,1,1862,B/l,1,1884,B/l,1,1910,B/l,1,1960,B/l,1,1993,B/l,1,2001,B,1,2009,B/l,1,1111111111,'1111,1,Bos ontstaan voor 1775
1610,ferraris029-4.jpg,7_14_Avelghem.tif,Ruyen - nr.,1775,B,1,1850,B,1,1852,B,1,1862,B/l,1,1884,B/l,1,1910,B/l,1,1960,B/l,1,1993,B/l,1,2001,B,1,2009,B/l,1,1111111111,'1111,1,Bos ontstaan voor 1775
1611,ferraris029-4.jpg,7_14_Avelghem.tif,Ruyen - nr.,1775,B,1,1850,B,1,1852,B,1,1862,B/l,1,1884,B/l,1,1910,B/l,1,1960,B/l,1,1993,B/l,1,2001,B,1,2009,B/l,1,1111111111,'1111,1,Bos ontstaan voor 1775
1612,ferraris029-4.jpg,7_14_Avelghem.tif,Ruyen - nr.,1775,B,1,1850,B,1,1852,B,1,1862,B/l,1,1884,B/l,1,1910,B/l,1,1960,B/l,1,1993,B/l,1,2001,B,1,2009,B/l,1,1111111111,'1111,1,Bos ontstaan voor 1775
1613,ferraris029-4.jpg,7_14_Avelghem.tif,Ruyen - nr.,1775,B,1,1850,B,1,1852,B,1,1862,B/l,1,1884,B/g,1,1910,B/g,1,1960,B/l,1,1993,B/l,1,2001,B,1,2009,B/l,1,1111111111,'1111,1,Bos ontstaan voor 1775
1614,ferraris029-4.jpg,7_14_Avelghem.tif,Ruyen - nr.,1775,B,1,1850,B,1,1852,B,1,1862,B/l,1,1884,B/l,1,1910,B/l,1,1960,B/l,1,1993,B/l,1,2001,B,1,2009,B/l,1,1111111111,'1111,1,Bos ontstaan voor 1775
1615,ferraris029-4.jpg,7_14_Avelghem.tif,Ruyen - nr.,1775,B,1,1850,B,1,1852,B,1,1862,B/l,1,1884,B/g,1,1910,B/g,1,1960,B/l,1,1993,B/l,1,2001,B,1,2009,B/l,1,1111111111,'1111,1,Bos ontstaan voor 1775
1616,ferraris029-4.jpg,7_14_Avelghem.tif,Ruyen - nr.,1775,B,1,1850,B,1,1852,B,1,1862,B/l,1,1884,B/g,1,1910,B/g,1,1960,B/g,1,1993,B/g,1,2001,B,1,2009,B/g,1,1111111111,'1111,1,Bos ontstaan voor 1775
1617,ferraris029-4.jpg,7_14_Avelghem.tif,Ruyen - nr.,1775,B,1,1850,B,1,1852,B,1,1862,B/l,1,1884,B/g,1,1910,B/g,1,1960,B/g,1,1993,B/g,1,2001,B,1,2009,B/g,1,1111111111,'1111,1,Bos ontstaan voor 1775
1618,ferraris029-4.jpg,7_14_Avelghem.tif,Ruyen - nr.,1775,B,1,1850,B,1,1852,B,1,1862,B/l,1,1884,B/g,1,1910,B/g,1,1960,B/l,1,1993,B/l,1,2001,B,1,2009,B/l,1,1111111111,'1111,1,Bos ontstaan voor 1775
1619,ferraris029-4.jpg,7_14_Avelghem.tif,Ruyen - nr.,1775,B,1,1850,B,1,1852,B,1,1862,B/l,1,1884,B/l,1,1910,B/l,1,1960,B/l,1,1993,B/l,1,2001,B,1,2009,B/l,1,1111111111,'1111,1,Bos ontstaan voor 1775
1620,ferraris029-4.jpg,7_14_Avelghem.tif,Ruyen - nr.,1775,B,1,1850,B,1,1852,B,1,1862,B/l,1,1884,B/g,1,1910,B/g,1,1960,B/l,1,1993,B/l,1,2001,B,1,2009,B/l,1,1111111111,'1111,1,Bos ontstaan voor 1775
1621,ferraris029-4.jpg,7_14_Avelghem.tif,Ruyen - nr.,1775,B,1,1850,B,1,1852,B,1,1862,B/l,1,1884,B/l,1,1910,B/l,1,1960,B/l,1,1993,B/l,1,2001,B,1,2009,B/l,1,1111111111,'1111,1,Bos ontstaan voor 1775
1622,ferraris029-4.jpg,7_14_Avelghem.tif,Ruyen - nr.,1775,B,1,1850,B,1,1852,B,1,1862,B/l,1,1884,B/l,1,1910,B/l,1,1960,B/l,1,1993,B/l,1,2001,B,1,2009,B/l,1,1111111111,'1111,1,Bos ontstaan voor 1775
1623,ferraris029-4.jpg,7_14_Avelghem.tif,Ruyen - nr.,1775,B,1,1850,B,1,1852,B,1,1862,B/l,1,1884,B/g,1,1910,B/g,1,1960,B/l,1,1993,B/l,1,2001,B,1,2009,B/l,1,1111111111,'1111,1,Bos ontstaan voor 1775
1624,ferraris029-4.jpg,7_14_Avelghem.tif,Ruyen - nr.,1775,B,1,1850,B,1,1852,B,1,1862,B/l,1,1884,B/l,1,1910,B/l,1,1960,B/l,1,1993,B/l,1,2001,B,1,2009,B/l,1,1111111111,'1111,1,Bos ontstaan voor 1775
1625,ferraris029-4.jpg,7_14_Avelghem.tif,Ruyen - nr.,1775,B,1,1850,B,1,1852,B,1,1862,B/l,1,1884,B/g,1,1910,B/g,1,1960,B/l,1,1993,B/l,1,2001,B,1,2009,B/l,1,1111111111,'1111,1,Bos ontstaan voor 1775
1626,ferraris029-4.jpg,7_14_Avelghem.tif,Ruyen - nr.,1775,B,1,1850,B,1,1852,B,1,1862,B/l,1,1884,B/g,1,1910,B/g,1,1960,B/l,1,1993,B/l,1,2001,B,1,2009,B/l,1,1111111111,'1111,1,Bos ontstaan voor 1775
1627,ferraris029-4.jpg,7_14_Avelghem.tif,Ruyen - nr.,1775,B,1,1850,B,1,1852,A,0,1862,A,0,1884,A,0,1910,A,0,1960,B/l,1,1993,B/l,1,2001,B,1,2009,B/l,1,1100001111,'1101,4,Bos ontstaan na +/- 1930
1628,ferraris029-4.jpg,7_14_Avelghem.tif,Ruyen - nr.,1775,B,1,1850,B,1,1852,B,1,1862,B/l,1,1884,B/g,1,1910,B/g,1,1960,B/l,1,1993,B/l,1,2001,B,1,2009,B/l,1,1111111111,'1111,1,Bos ontstaan voor 1775
1701,ferraris168-3.jpg,9_16_Tongres.tif,Overrepen - nr. 142,1775,B + A,1,1850,B/l,1,1849,B,1,1871,B/l,1,1886,B/l,1,1933,H,0,1960,B/l,1,1993,B/l,1,2001,B,1,2009,B/l,1,1111101111,'1101,4,Bos ontstaan na +/- 1930
1702,ferraris168-3.jpg,9_16_Tongres.tif,Overrepen - nr. 142,1775,B,1,1850,B/l,1,1849,B,1,1871,B/l,1,1886,B/l,1,1933,B/l,1,1960,B/l,1,1993,B/l,1,2001,B,1,2009,B/l,1,1111111111,'1111,1,Bos ontstaan voor 1775
1703,ferraris168-3.jpg,9_16_Tongres.tif,Overrepen - nr. 142,1775,B,1,1850,B/l,1,1849,B,1,1871,B/l,1,1886,B/l,1,1933,B/l,1,1960,B/l,1,1993,B/l,1,2001,B,1,2009,B/l,1,1111111111,'1111,1,Bos ontstaan voor 1775
1704,ferraris168-3.jpg,9_16_Tongres.tif,Overrepen - nr. 142,1775,BG,0,1850,B/l,1,1849,B,1,1871,B/l,1,1886,B/l,1,1933,B/l,1,1960,B/l,1,1993,B/l,1,2001,B,1,2009,B/l,1,0111111111,'0111,2,Bos ontstaan tussen 1775 en 1850
1705,ferraris168-3.jpg,9_16_Tongres.tif,Overrepen - nr. 142,1775,B,1,1850,B/l,1,1849,B,1,1871,B/l,1,1886,B/l,1,1933,B/l,1,1960,B/l,1,1993,B/l,1,2001,B,1,2009,B/l,1,1111111111,'1111,1,Bos ontstaan voor 1775
1706,ferraris168-3.jpg,9_16_Tongres.tif,Overrepen - nr. 142,1775,B,1,1850,B/l,1,1849,B,1,1871,B/l,1,1886,B/l,1,1933,B/l,1,1960,B/l,1,1993,B/l,1,2001,B,1,2009,B/l,1,1111111111,'1111,1,Bos ontstaan voor 1775
1707,ferraris168-3.jpg,9_16_Tongres.tif,Overrepen - nr. 142,1775,B,1,1850,B/l,1,1849,B,1,1871,B/l,1,1886,B/l,1,1933,B/l,1,1960,B/l,1,1993,B/l,1,2001,B,1,2009,B/l,1,1111111111,'1111,1,Bos ontstaan voor 1775
1708,ferraris168-3.jpg,9_16_Tongres.tif,Overrepen - nr. 142,1775,B,1,1850,B/l,1,1849,B,1,1871,B/l,1,1886,B/l,1,1933,B/l + A,1,1960,B/l,1,1993,G,0,2001,B,1,2009,B/l,1,1111111011,'1111,1,Bos ontstaan voor 1775
1709,ferraris168-3.jpg,9_16_Tongres.tif,Overrepen - nr. 142,1775,B,1,1850,B/l,1,1849,B,1,1871,B/l,1,1886,B/l,1,1933,B/l,1,1960,B/l,1,1993,B/l,1,2001,B,1,2009,B/l,1,1111111111,'1111,1,Bos ontstaan voor 1775
1710,ferraris168-3.jpg,9_16_Tongres.tif,Overrepen - nr. 142,1775,B,1,1850,B/l,1,1849,B,1,1871,B/l,1,1886,B/l,1,1933,B/l,1,1960,B/l,1,1993,B/l,1,2001,B,1,2009,B/l,1,1111111111,'1111,1,Bos ontstaan voor 1775
1711,ferraris168-3.jpg,9_16_Tongres.tif,Overrepen - nr. 142,1775,B,1,1850,B/l,1,1849,B,1,1871,B/l,1,1886,B/l,1,1933,B/l,1,1960,B/l,1,1993,B/l,1,2001,B,1,2009,B/l,1,1111111111,'1111,1,Bos ontstaan voor 1775
1712,ferraris168-3.jpg,9_16_Tongres.tif,Overrepen - nr. 142,1775,B,1,1850,B/l,1,1849,B,1,1871,B/l,1,1886,B/l,1,1933,B/l + A,1,1960,G,0,1993,G,0,2001,B,1,2009,B/l,1,1111110011,'1111,1,Bos ontstaan voor 1775
1713,ferraris168-3.jpg,9_16_Tongres.tif,Overrepen - nr. 142,1775,B,1,1850,B/l,1,1849,B,1,1871,B/l,1,1886,B/l,1,1933,B/l,1,1960,B/l,1,1993,B/l,1,2001,B,1,2009,B/l,1,1111111111,'1111,1,Bos ontstaan voor 1775
1714,ferraris168-3.jpg,9_16_Tongres.tif,Overrepen - nr. 142,1775,B,1,1850,B/l,1,1849,B,1,1871,B/l,1,1886,B/l,1,1933,B/l,1,1960,B/l,1,1993,B/l,1,2001,B,1,2009,B/l,1,1111111111,'1111,1,Bos ontstaan voor 1775
1715,ferraris168-3.jpg,9_16_Tongres.tif,Overrepen - nr. 142,1775,B,1,1850,B/l,1,1849,B,1,1871,B/l,1,1886,B/l,1,1933,B/l,1,1960,B/l,1,1993,B/l,1,2001,B,1,2009,B/l,1,1111111111,'1111,1,Bos ontstaan voor 1775
1716,ferraris168-3.jpg,9_16_Tongres.tif,Overrepen - nr. 142,1775,BG,0,1850,B/l + A,1,1849,B,1,1871,A,0,1886,A,0,1933,B/l,1,1960,B/l,1,1993,B/l,1,2001,B,1,2009,B/l,1,0110011111,'0111,2,Bos ontstaan tussen 1775 en 1850
1717,ferraris168-3.jpg,9_16_Tongres.tif,Overrepen - nr. 142,1775,B,1,1850,B/l,1,1849,B,1,1871,B/l,1,1886,B/l,1,1933,B/l,1,1960,B/l,1,1993,B/l,1,2001,B,1,2009,B/l,1,1111111111,'1111,1,Bos ontstaan voor 1775
1718,ferraris168-3.jpg,9_16_Tongres.tif,Overrepen - nr. 142,1775,B,1,1850,B/l,1,1849,B,1,1871,B/l,1,1886,B/l,1,1933,B/l,1,1960,B/l,1,1993,B/l,1,2001,B,1,2009,B/l,1,1111111111,'1111,1,Bos ontstaan voor 1775
1719,ferraris168-3.jpg,9_16_Tongres.tif,Overrepen - nr. 142,1775,B,1,1850,B/l,1,1849,B,1,1871,B/l,1,1886,B/l,1,1933,B/l,1,1960,B/l,1,1993,B/l,1,2001,B,1,2009,B/l,1,1111111111,'1111,1,Bos ontstaan voor 1775
1720,ferraris168-3.jpg,9_16_Tongres.tif,Overrepen - nr. 142,1775,G,0,1850,A,0,1849,A,0,1871,B/l,1,1886,B/l,1,1933,B/l,1,1960,B/l,1,1993,B/l,1,2001,B,1,2009,B/l,1,0001111111,'0011,3,Bos ontstaan tussen 1850 en +/- 1930
1721,ferraris168-3.jpg,9_16_Tongres.tif,Overrepen - nr. 142,1775,BG,0,1850,A,0,1849,A,0,1871,A,0,1886,A,0,1933,B/l,1,1960,B/l,1,1993,B/l,1,2001,B,1,2009,B/l,1,0000011111,'0011,3,Bos ontstaan tussen 1850 en +/- 1930
1722,ferraris168-3.jpg,9_16_Tongres.tif,Overrepen - nr. 142,1775,B,1,1850,B/l + A,1,1849,B,1,1871,B/l,1,1886,B/l,1,1933,B/l,1,1960,B/l,1,1993,B/l,1,2001,B,1,2009,B/l,1,1111111111,'1111,1,Bos ontstaan voor 1775
1723,ferraris168-3.jpg,9_16_Tongres.tif,Overrepen - nr. 142,1775,G,0,1850,A,0,1849,A,0,1871,G,0,1886,A,0,1933,B/l,1,1960,B/l,1,1993,B/l,1,2001,B,1,2009,B/l,1,0000011111,'0011,3,Bos ontstaan tussen 1850 en +/- 1930
1724,ferraris168-3.jpg,9_16_Tongres.tif,Overrepen - nr. 142,1775,G,0,1850,A,0,1849,B,1,1871,B/l,1,1886,B/l,1,1933,B/l,1,1960,B/l,1,1993,B/l,1,2001,B,1,2009,B/l,1,0011111111,'0011,3,Bos ontstaan tussen 1850 en +/- 1930
1725,ferraris168-3.jpg,9_16_Tongres.tif,Overrepen - nr. 142,1775,G,0,1850,A,0,1849,A + B,0,1871,B/l,1,1886,B/l,1,1933,B/l,1,1960,B/l,1,1993,B/l,1,2001,B,1,2009,B/l,1,0001111111,'0011,3,Bos ontstaan tussen 1850 en +/- 1930
1726,ferraris168-3.jpg,9_16_Tongres.tif,Overrepen - nr. 142,1775,G,0,1850,A,0,1849,A,0,1871,A,0,1886,G,0,1933,B/l,1,1960,B/l,1,1993,B/l,1,2001,B,1,2009,B/l,1,0000011111,'0011,3,Bos ontstaan tussen 1850 en +/- 1930
1727,ferraris168-3.jpg,9_16_Tongres.tif,Overrepen - nr. 142,1775,BG,0,1850,A + B,0,1849,B + A,1,1871,B/l,1,1886,B/l,1,1933,B/l,1,1960,B/l,1,1993,B/l,1,2001,B,1,2009,B/l,1,0011111111,'0011,3,Bos ontstaan tussen 1850 en +/- 1930
1728,ferraris168-3.jpg,9_16_Tongres.tif,Overrepen - nr. 142,1775,G,0,1850,B/l + A,1,1849,B,1,1871,B/l,1,1886,B/l,1,1933,B/l,1,1960,B/l,1,1993,B/l,1,2001,B,1,2009,B/l,1,0111111111,'0111,2,Bos ontstaan tussen 1775 en 1850
1729,ferraris168-3.jpg,9_16_Tongres.tif,Overrepen - nr. 142,1775,G,0,1850,B/l + A,1,1849,A + B,0,1871,B/l,1,1886,B/l,1,1933,B/l,1,1960,B/l,1,1993,B/l,1,2001,B,1,2009,B/l,1,0101111111,'0111,2,Bos ontstaan tussen 1775 en 1850
1730,ferraris168-3.jpg,9_16_Tongres.tif,Overrepen - nr. 142,1775,G,0,1850,A + B,0,1849,A,0,1871,G,0,1886,G,0,1933,B/l,1,1960,B/l,1,1993,B/l,1,2001,B,1,2009,B/l,1,0000011111,'0011,3,Bos ontstaan tussen 1850 en +/- 1930
1731,ferraris168-3.jpg,9_16_Tongres.tif,Overrepen - nr. 142,1775,A,0,1850,A + B,0,1849,A,0,1871,B/l,1,1886,B/l,1,1933,B/l,1,1960,B/l,1,1993,B/l,1,2001,B,1,2009,B/l,1,0001111111,'0011,3,Bos ontstaan tussen 1850 en +/- 1930
1732,ferraris168-3.jpg,9_16_Tongres.tif,Overrepen - nr. 142,1775,A,0,1850,A,0,1849,A,0,1871,B/l,1,1886,B/l,1,1933,B/l,1,1960,B/l,1,1993,B/l,1,2001,B,1,2009,B/l,1,0001111111,'0011,3,Bos ontstaan tussen 1850 en +/- 1930
2001,ferraris077-4.jpg,13_3_Waterloo.tif,Hoeijlaert - nr. 132,1775,B,1,1850,B/l,1,1847,B,1,1867,B/l,1,1891,B/l,1,1933,B/l,1,1960,B/l,1,1993,B/l,1,2001,B,1,2009,B/l,1,1111111111,'1111,1,Bos ontstaan voor 1775
2002,ferraris077-4.jpg,13_3_Waterloo.tif,Hoeijlaert - nr. 132,1775,B,1,1850,B/l,1,1847,B,1,1867,B/l,1,1891,B/l,1,1933,B/l,1,1960,B/l,1,1993,B/l,1,2001,B,1,2009,B/l,1,1111111111,'1111,1,Bos ontstaan voor 1775
2003,ferraris078-2.jpg,13_3_Waterloo.tif,Hoeijlaert - nr. 132,1775,B,1,1850,B/l,1,1847,B,1,1867,B/l,1,1891,B/l,1,1933,B/l,1,1960,B/g,1,1993,B/l,1,2001,B,1,2009,B/l,1,1111111111,'1111,1,Bos ontstaan voor 1775
2004,ferraris077-4.jpg,13_3_Waterloo.tif,Hoeijlaert - nr. 132,1775,B,1,1850,B/l,1,1847,B,1,1867,B/l,1,1891,B/l,1,1933,B/l,1,1960,B/l,1,1993,B/l,1,2001,B,1,2009,B/l,1,1111111111,'1111,1,Bos ontstaan voor 1775
2005,ferraris077-4.jpg,13_3_Waterloo.tif,Hoeijlaert - nr. 132,1775,B,1,1850,B/l,1,1847,B,1,1867,B/l,1,1891,B/l,1,1933,B/l,1,1960,B/l,1,1993,B/l,1,2001,B,1,2009,B/l,1,1111111111,'1111,1,Bos ontstaan voor 1775
2006,ferraris077-4.jpg,13_3_Waterloo.tif,Hoeijlaert - nr. 132,1775,B,1,1850,B/l,1,1847,B,1,1867,B/l,1,1891,B/l,1,1933,B/l,1,1960,B/l,1,1993,B/l,1,2001,B,1,2009,B/l,1,1111111111,'1111,1,Bos ontstaan voor 1775
2007,ferraris077-4.jpg,13_3_Waterloo.tif,Hoeijlaert - nr. 132,1775,B,1,1850,B/l,1,1847,B,1,1867,B/l,1,1891,B/l,1,1933,B/l,1,1960,B/l,1,1993,B/l,1,2001,B,1,2009,B/l,1,1111111111,'1111,1,Bos ontstaan voor 1775
2008,ferraris077-4.jpg,13_3_Waterloo.tif,Hoeijlaert - nr. 132,1775,B,1,1850,B/l,1,1847,B,1,1867,B/l,1,1891,B/l,1,1933,B/l,1,1960,B/l,1,1993,B/l,1,2001,B,1,2009,B/l,1,1111111111,'1111,1,Bos ontstaan voor 1775
2009,ferraris077-4.jpg,13_3_Waterloo.tif,Hoeijlaert - nr. 132,1775,B,1,1850,B/l,1,1847,B,1,1867,B/l,1,1891,B/l,1,1933,B/l,1,1960,B/l,1,1993,B/l,1,2001,B,1,2009,B/l,1,1111111111,'1111,1,Bos ontstaan voor 1775
2010,ferraris077-4.jpg,13_3_Waterloo.tif,Hoeijlaert - nr. 132,1775,B,1,1850,B/l,1,1847,B,1,1867,B/l,1,1891,B/l,1,1933,B/l,1,1960,B/l,1,1993,B/l,1,2001,B,1,2009,B/l,1,1111111111,'1111,1,Bos ontstaan voor 1775
2011,ferraris077-4.jpg,13_3_Waterloo.tif,Hoeijlaert - nr. 132,1775,B,1,1850,B/l,1,1847,B,1,1867,B/l,1,1891,B/l,1,1933,B/l,1,1960,B/l,1,1993,B/l,1,2001,B,1,2009,B/l,1,1111111111,'1111,1,Bos ontstaan voor 1775
2012,ferraris078-2.jpg,13_3_Waterloo.tif,Hoeijlaert - nr. 132,1775,B,1,1850,B/l,1,1847,B,1,1867,B/l,1,1891,B/l,1,1933,B/l,1,1960,B/l,1,1993,B/l,1,2001,B,1,2009,B/l,1,1111111111,'1111,1,Bos ontstaan voor 1775
2013,ferraris078-2.jpg,13_3_Waterloo.tif,Hoeijlaert - nr. 132,1775,B,1,1850,B/l,1,1847,B,1,1867,B/l,1,1891,B/l,1,1933,B/l,1,1960,B/g,1,1993,B/l,1,2001,B,1,2009,B/l,1,1111111111,'1111,1,Bos ontstaan voor 1775
2014,ferraris077-4.jpg,13_3_Waterloo.tif,Hoeijlaert - nr. 132,1775,B,1,1850,B/l,1,1847,B,1,1867,B/l,1,1891,B/l,1,1933,B/l,1,1960,B/l,1,1993,B/l,1,2001,B,1,2009,B/l,1,1111111111,'1111,1,Bos ontstaan voor 1775
2015,ferraris077-4.jpg,13_3_Waterloo.tif,Hoeijlaert - nr. 132,1775,B,1,1850,B/l,1,1847,B,1,1867,B/l,1,1891,B/l,1,1933,B/l,1,1960,B/l,1,1993,B/l,1,2001,B,1,2009,B/l,1,1111111111,'1111,1,Bos ontstaan voor 1775
2016,ferraris077-4.jpg,13_3_Waterloo.tif,Hoeijlaert - nr. 132,1775,B,1,1850,B/l,1,1847,B,1,1867,B/l,1,1891,B/l,1,1933,B/l,1,1960,B/l,1,1993,B/l,1,2001,B,1,2009,B/l,1,1111111111,'1111,1,Bos ontstaan voor 1775
2017,ferraris078-2.jpg,13_3_Waterloo.tif,Hoeijlaert - nr. 132,1775,B,1,1850,B/l,1,1847,B,1,1867,B/l,1,1891,B/l,1,1933,B/l,1,1960,B/l,1,1993,B/l,1,2001,B,1,2009,B/l,1,1111111111,'1111,1,Bos ontstaan voor 1775
2018,ferraris077-4.jpg,13_3_Waterloo.tif,Hoeijlaert - nr. 132,1775,B,1,1850,B/l,1,1847,B,1,1867,B/l,1,1891,B/l,1,1933,B/l,1,1960,B/l,1,1993,B/l,1,2001,B,1,2009,B/l,1,1111111111,'1111,1,Bos ontstaan voor 1775
2019,ferraris078-2.jpg,13_3_Waterloo.tif,Hoeijlaert - nr. 132,1775,B,1,1850,B/l,1,1847,B,1,1867,B/l,1,1891,B/l,1,1933,B/l,1,1960,B/l,1,1993,B/l,1,2001,B,1,2009,B/l,1,1111111111,'1111,1,Bos ontstaan voor 1775
2020,ferraris078-2.jpg,13_3_Waterloo.tif,Hoeijlaert - nr. 132,1775,B,1,1850,B/l,1,1847,B,1,1867,B/l,1,1891,B/l,1,1933,B/l,1,1960,B/l,1,1993,B/l,1,2001,B,1,2009,B/l,1,1111111111,'1111,1,Bos ontstaan voor 1775
2021,ferraris078-2.jpg,13_3_Waterloo.tif,Hoeijlaert - nr. 132,1775,B,1,1850,B/l,1,1847,B,1,1867,B/l,1,1891,B/l,1,1933,B/l,1,1960,B/l,1,1993,B/l,1,2001,B,1,2009,B/l,1,1111111111,'1111,1,Bos ontstaan voor 1775
2022,ferraris078-2.jpg,13_3_Waterloo.tif,Hoeijlaert - nr. 132,1775,B,1,1850,B/l,1,1847,B,1,1867,B/l,1,1891,B/l,1,1933,B/l,1,1960,B/l,1,1993,B/l,1,2001,B,1,2009,B/l,1,1111111111,'1111,1,Bos ontstaan voor 1775
2023,ferraris078-2.jpg,13_3_Waterloo.tif,Hoeijlaert - nr. 132,1775,B,1,1850,B/l,1,1847,B,1,1867,B/l,1,1891,B/l,1,1933,B/l,1,1960,B/l,1,1993,B/l,1,2001,B,1,2009,B/l,1,1111111111,'1111,1,Bos ontstaan voor 1775
2024,ferraris078-2.jpg,13_3_Waterloo.tif,Hoeijlaert - nr. 132,1775,B,1,1850,B/l,1,1847,B,1,1867,B/l,1,1891,B/l,1,1933,B/l,1,1960,B/l,1,1993,B/l,1,2001,B,1,2009,B/l,1,1111111111,'1111,1,Bos ontstaan voor 1775
2025,ferraris078-2.jpg,13_3_Waterloo.tif,Hoeijlaert - nr. 132,1775,B,1,1850,B/l,1,1847,B,1,1867,B/l,1,1891,B/l,1,1933,B/l,1,1960,B/l,1,1993,B/l,1,2001,B,1,2009,B/l,1,1111111111,'1111,1,Bos ontstaan voor 1775
2026,ferraris077-4.jpg,13_3_Waterloo.tif,Hoeijlaert - nr. 132,1775,B,1,1850,B/l,1,1847,B,1,1867,B/l,1,1891,B/l,1,1933,B/l,1,1960,B/l,1,1993,B/l,1,2001,B,1,2009,B/l,1,1111111111,'1111,1,Bos ontstaan voor 1775
2027,ferraris077-4.jpg,13_3_Waterloo.tif,Hoeijlaert - nr. 132,1775,B,1,1850,B/l,1,1847,B,1,1867,B/l,1,1891,B/l,1,1933,B/l,1,1960,B/l,1,1993,B/l,1,2001,B,1,2009,B/l,1,1111111111,'1111,1,Bos ontstaan voor 1775
2028,ferraris077-4.jpg,13_3_Waterloo.tif,Hoeijlaert - nr. 132,1775,B,1,1850,B/l,1,1847,B,1,1867,B/l,1,1891,B/l,1,1933,B/l,1,1960,B/l,1,1993,B/l,1,2001,B,1,2009,B/l,1,1111111111,'1111,1,Bos ontstaan voor 1775
2029,ferraris077-4.jpg,13_3_Waterloo.tif,Hoeijlaert - nr. 132,1775,B,1,1850,B/l,1,1847,B,1,1867,B/l,1,1891,B/l,1,1933,B/l,1,1960,B/l,1,1993,B/l,1,2001,B,1,2009,B/l,1,1111111111,'1111,1,Bos ontstaan voor 1775
2030,ferraris077-4.jpg,13_3_Waterloo.tif,Hoeijlaert - nr. 132,1775,B,1,1850,B/l,1,1847,B,1,1867,B/l,1,1891,B/l,1,1933,B/l,1,1960,B/l,1,1993,B/l,1,2001,B,1,2009,B/l,1,1111111111,'1111,1,Bos ontstaan voor 1775
2031,ferraris078-2.jpg,13_3_Waterloo.tif,Hoeijlaert - nr. 132,1775,B,1,1850,B/l,1,1847,B,1,1867,B/l,1,1891,B/l,1,1933,B/l,1,1960,B/l,1,1993,B/l,1,2001,B,1,2009,B/l,1,1111111111,'1111,1,Bos ontstaan voor 1775
2032,ferraris078-2.jpg,13_3_Waterloo.tif,Hoeijlaert - nr. 132,1775,B,1,1850,B/l,1,1847,B,1,1867,B/l,1,1891,B/l,1,1933,B/l,1,1960,B/l,1,1993,B/l,1,2001,B,1,2009,B/l,1,1111111111,'1111,1,Bos ontstaan voor 1775
2033,ferraris078-2.jpg,13_3_Waterloo.tif,Hoeijlaert - nr. 132,1775,B,1,1850,B/l,1,1847,B,1,1867,B/l,1,1891,B/l,1,1933,B/l,1,1960,B/l,1,1993,B/l,1,2001,B,1,2009,B/l,1,1111111111,'1111,1,Bos ontstaan voor 1775
2034,ferraris077-4.jpg,13_3_Waterloo.tif,Hoeijlaert - nr. 132,1775,B,1,1850,B/l,1,1847,B,1,1867,B/l,1,1891,B/l,1,1933,B/l,1,1960,B/l,1,1993,B/l,1,2001,B,1,2009,B/l,1,1111111111,'1111,1,Bos ontstaan voor 1775
2035,ferraris077-4.jpg,13_3_Waterloo.tif,Hoeijlaert - nr. 132,1775,B,1,1850,B/l,1,1847,B,1,1867,B/l,1,1891,B/l,1,1933,B/l,1,1960,B/l,1,1993,B/l,1,2001,B,1,2009,B/l,1,1111111111,'1111,1,Bos ontstaan voor 1775
2036,ferraris077-4.jpg,13_3_Waterloo.tif,Hoeijlaert - nr. 132,1775,B,1,1850,B/l,1,1847,B,1,1867,B/l,1,1891,B/l,1,1933,B/l,1,1960,B/l,1,1993,B/l,1,2001,B,1,2009,B/l,1,1111111111,'1111,1,Bos ontstaan voor 1775
2037,ferraris077-4.jpg,13_3_Waterloo.tif,Hoeijlaert - nr. 132,1775,B,1,1850,B/l,1,1847,B,1,1867,B/l,1,1891,B/l,1,1933,B/l,1,1960,B/l,1,1993,B/l,1,2001,B,1,2009,B/l,1,1111111111,'1111,1,Bos ontstaan voor 1775
2038,ferraris077-4.jpg,13_3_Waterloo.tif,Hoeijlaert - nr. 132,1775,B,1,1850,B/l,1,1847,B,1,1867,B/l,1,1891,B/l,1,1933,B/l,1,1960,B/l,1,1993,B/l,1,2001,B,1,2009,B/l,1,1111111111,'1111,1,Bos ontstaan voor 1775
2039,ferraris077-4.jpg,13_3_Waterloo.tif,Hoeijlaert - nr. 132,1775,B,1,1850,B/l,1,1847,B,1,1867,B/l,1,1891,B/l,1,1933,B/l,1,1960,B/l,1,1993,B/l,1,2001,B,1,2009,B/l,1,1111111111,'1111,1,Bos ontstaan voor 1775
2040,ferraris077-4.jpg,13_3_Waterloo.tif,Hoeijlaert - nr. 132,1775,B,1,1850,B/l,1,1847,B,1,1867,B/l,1,1891,B/l,1,1933,B/l,1,1960,B/l,1,1993,B/l,1,2001,B,1,2009,B/l,1,1111111111,'1111,1,Bos ontstaan voor 1775
2041,ferraris077-4.jpg,13_3_Waterloo.tif,Hoeijlaert - nr. 132,1775,B,1,1850,B/l,1,1847,B,1,1867,B/l,1,1891,B/l,1,1933,B/l,1,1960,B/l,1,1993,B/l,1,2001,B,1,2009,B/l,1,1111111111,'1111,1,Bos ontstaan voor 1775
2042,ferraris077-4.jpg,13_3_Waterloo.tif,Hoeijlaert - nr. 132,1775,B,1,1850,B/l,1,1847,B,1,1867,B/l,1,1891,B/l,1,1933,B/l,1,1960,B/l,1,1993,B/l,1,2001,B,1,2009,B/l,1,1111111111,'1111,1,Bos ontstaan voor 1775
2043,ferraris077-4.jpg,13_3_Waterloo.tif,Hoeijlaert - nr. 132,1775,B,1,1850,B/l,1,1847,B,1,1867,B/l,1,1891,B/l,1,1933,B/l,1,1960,B/l,1,1993,B/l,1,2001,B,1,2009,B/l,1,1111111111,'1111,1,Bos ontstaan voor 1775
2044,ferraris077-4.jpg,13_3_Waterloo.tif,Hoeijlaert - nr. 132,1775,B,1,1850,B/l,1,1847,B,1,1867,B/l,1,1891,B/l,1,1933,B/l,1,1960,B/l,1,1993,B/l,1,2001,B,1,2009,B/l,1,1111111111,'1111,1,Bos ontstaan voor 1775
2045,ferraris077-4.jpg,13_3_Waterloo.tif,Hoeijlaert - nr. 132,1775,B,1,1850,B/l,1,1847,B,1,1867,B/l,1,1891,B/l,1,1933,B/l,1,1960,B/l,1,1993,B/l,1,2001,B,1,2009,B/l,1,1111111111,'1111,1,Bos ontstaan voor 1775
2046,ferraris077-4.jpg,13_3_Waterloo.tif,Hoeijlaert - nr. 132,1775,B,1,1850,B/l,1,1847,B,1,1867,B/l,1,1891,B/l,1,1933,B/l,1,1960,B/l,1,1993,B/l,1,2001,B,1,2009,B/l,1,1111111111,'1111,1,Bos ontstaan voor 1775
2047,ferraris077-4.jpg,13_3_Waterloo.tif,Hoeijlaert - nr. 132,1775,B,1,1850,B/l,1,1847,B,1,1867,B/l,1,1891,B/l,1,1933,B/l,1,1960,B/l,1,1993,B/l,1,2001,B,1,2009,B/l,1,1111111111,'1111,1,Bos ontstaan voor 1775
2048,ferraris077-4.jpg,13_3_Waterloo.tif,Hoeijlaert - nr. 132,1775,B,1,1850,B/l,1,1847,B,1,1867,B/l,1,1891,B/l,1,1933,B/l,1,1960,B/l,1,1993,B/l,1,2001,B,1,2009,B/l,1,1111111111,'1111,1,Bos ontstaan voor 1775
2049,ferraris077-4.jpg,13_3_Waterloo.tif,Hoeijlaert - nr. 132,1775,B,1,1850,B/l,1,1847,B,1,1867,B/l,1,1891,B/l,1,1933,B/l,1,1960,B/l,1,1993,B/l,1,2001,B,1,2009,B/l,1,1111111111,'1111,1,Bos ontstaan voor 1775
2050,ferraris077-4.jpg,13_3_Waterloo.tif,Hoeijlaert - nr. 132,1775,B,1,1850,B/l,1,1847,B,1,1867,B/l,1,1891,B/l,1,1933,B/l,1,1960,B/l,1,1993,B/l,1,2001,B,1,2009,B/l,1,1111111111,'1111,1,Bos ontstaan voor 1775
2051,ferraris077-4.jpg,13_3_Waterloo.tif,Hoeijlaert - nr. 132,1775,B,1,1850,B/l,1,1847,B,1,1867,B/l,1,1891,B/l,1,1933,B/l,1,1960,B/l,1,1993,B/l,1,2001,B,1,2009,B/l,1,1111111111,'1111,1,Bos ontstaan voor 1775
2053,ferraris077-4.jpg,13_3_Waterloo.tif,Hoeijlaert - nr. 132,1775,B,1,1850,B/l,1,1847,B,1,1867,B/l,1,1891,B/l,1,1933,B/l,1,1960,B/l,1,1993,B/l,1,2001,B,1,2009,B/l,1,1111111111,'1111,1,Bos ontstaan voor 1775
2054,ferraris077-4.jpg,13_3_Waterloo.tif,Hoeijlaert - nr. 132,1775,B,1,1850,B/l,1,1847,B,1,1867,B/l,1,1891,B/l,1,1933,B/l,1,1960,B/l,1,1993,B/l,1,2001,B,1,2009,B/l,1,1111111111,'1111,1,Bos ontstaan voor 1775
2055,ferraris077-4.jpg,13_3_Waterloo.tif,Hoeijlaert - nr. 132,1775,B,1,1850,B/l,1,1847,B,1,1867,B/l,1,1891,B/l,1,1933,B/l,1,1960,B/l,1,1993,B/l,1,2001,B,1,2009,B/l,1,1111111111,'1111,1,Bos ontstaan voor 1775
2056,ferraris077-4.jpg,13_3_Waterloo.tif,Hoeijlaert - nr. 132,1775,B,1,1850,B/l,1,1847,B,1,1867,B/l,1,1891,B/l,1,1933,B/l,1,1960,B/l,1,1993,B/l,1,2001,B,1,2009,B/l,1,1111111111,'1111,1,Bos ontstaan voor 1775
2057,ferraris077-4.jpg,13_3_Waterloo.tif,Hoeijlaert - nr. 132,1775,B,1,1850,B/l,1,1847,B,1,1867,B/l,1,1891,B/l,1,1933,B/l,1,1960,B/l,1,1993,B/l,1,2001,B,1,2009,B/l,1,1111111111,'1111,1,Bos ontstaan voor 1775
2058,ferraris077-4.jpg,13_3_Waterloo.tif,Hoeijlaert - nr. 132,1775,B,1,1850,B/l,1,1847,B,1,1867,B/l,1,1891,B/l,1,1933,B/l,1,1960,B/l,1,1993,B/l,1,2001,B,1,2009,B/l,1,1111111111,'1111,1,Bos ontstaan voor 1775
2059,ferraris077-4.jpg,13_3_Waterloo.tif,Hoeijlaert - nr. 132,1775,B,1,1850,B/l,1,1847,B,1,1867,B/l,1,1891,B/l,1,1933,B/l,1,1960,B/l,1,1993,B/l,1,2001,B,1,2009,B/l,1,1111111111,'1111,1,Bos ontstaan voor 1775
2060,ferraris077-4.jpg,13_3_Waterloo.tif,Hoeijlaert - nr. 132,1775,B,1,1850,B/l,1,1847,B,1,1867,B/l,1,1891,B/l,1,1933,B/l,1,1960,B/l,1,1993,B/l,1,2001,B,1,2009,B/l,1,1111111111,'1111,1,Bos ontstaan voor 1775
2061,ferraris077-4.jpg,13_3_Waterloo.tif,Hoeijlaert - nr. 132,1775,B,1,1850,B/l,1,1847,B,1,1867,B/l,1,1891,B/l,1,1933,B/l,1,1960,B/l,1,1993,B/l,1,2001,B,1,2009,B/l,1,1111111111,'1111,1,Bos ontstaan voor 1775
2062,ferraris077-4.jpg,13_3_Waterloo.tif,Hoeijlaert - nr. 132,1775,B,1,1850,B/l,1,1847,B,1,1867,B/l,1,1891,B/l,1,1933,B/l,1,1960,B/l,1,1993,B/l,1,2001,B,1,2009,B/l,1,1111111111,'1111,1,Bos ontstaan voor 1775
2063,ferraris077-4.jpg,13_3_Waterloo.tif,Hoeijlaert - nr. 132,1775,B,1,1850,B/l,1,1847,B,1,1867,B/l,1,1891,B/l,1,1933,B/l,1,1960,B/l,1,1993,B/l,1,2001,B,1,2009,B/l,1,1111111111,'1111,1,Bos ontstaan voor 1775
2064,ferraris077-4.jpg,13_3_Waterloo.tif,Hoeijlaert - nr. 132,1775,B,1,1850,B/l,1,1847,B,1,1867,B/l,1,1891,B/l,1,1933,B/l,1,1960,B/l,1,1993,B/l,1,2001,B,1,2009,B/l,1,1111111111,'1111,1,Bos ontstaan voor 1775
2065,ferraris077-4.jpg,13_3_Waterloo.tif,Hoeijlaert - nr. 132,1775,B,1,1850,B/l,1,1847,B,1,1867,B/l,1,1891,B/l,1,1933,B/l,1,1960,B/l,1,1993,B/l,1,2001,B,1,2009,B/l,1,1111111111,'1111,1,Bos ontstaan voor 1775
2101,ferraris077-4.jpg,8_15_Tervueren.tif,Rhode Ste GenÔö£??se - nr. 254,1775,B,1,1850,B/l,1,1847,B,1,1867,B/l,1,1891,B/l,1,1933,B/l,1,1960,B/l,1,1993,B/l,1,2001,B,1,2009,B/l,1,1111111111,'1111,1,Bos ontstaan voor 1775
2102,ferraris077-4.jpg,8_15_Tervueren.tif,Rhode Ste GenÔö£??se - nr. 254,1775,B,1,1850,B/l,1,1847,B,1,1867,B/l,1,1891,B/l,1,1933,B/l,1,1960,B/l,1,1993,B/l,1,2001,B,1,2009,B/l,1,1111111111,'1111,1,Bos ontstaan voor 1775
2103,ferraris077-4.jpg,8_15_Tervueren.tif,Rhode Ste GenÔö£??se - nr. 254,1775,B,1,1850,B/l,1,1847,B,1,1867,B/l,1,1891,B/l,1,1933,B/l,1,1960,B/l,1,1993,B/l,1,2001,B,1,2009,B/l,1,1111111111,'1111,1,Bos ontstaan voor 1775
2104,ferraris077-4.jpg,8_15_Tervueren.tif,Rhode Ste GenÔö£??se - nr. 254,1775,B,1,1850,B/l,1,1847,B,1,1867,B/l,1,1891,B/l,1,1933,B/l,1,1960,B/l,1,1993,B/l,1,2001,B,1,2009,B/l,1,1111111111,'1111,1,Bos ontstaan voor 1775
2105,ferraris077-4.jpg,8_15_Tervueren.tif,Rhode Ste GenÔö£??se - nr. 254,1775,B,1,1850,B/l,1,1847,B,1,1867,B/l,1,1891,B/l,1,1933,B/l,1,1960,B/l,1,1993,B/l,1,2001,B,1,2009,B/l,1,1111111111,'1111,1,Bos ontstaan voor 1775
2106,ferraris077-4.jpg,8_15_Tervueren.tif,Rhode Ste GenÔö£??se - nr. 254,1775,B,1,1850,B/l,1,1847,B,1,1867,B/l,1,1891,B/l,1,1933,B/l,1,1960,B/l,1,1993,B/l,1,2001,B,1,2009,B/l,1,1111111111,'1111,1,Bos ontstaan voor 1775
2107,ferraris077-4.jpg,8_15_Tervueren.tif,Rhode Ste GenÔö£??se - nr. 254,1775,B,1,1850,B/l,1,1847,B,1,1867,B/l,1,1891,B/l,1,1933,B/l,1,1960,B/l,1,1993,B/l,1,2001,B,1,2009,B/l,1,1111111111,'1111,1,Bos ontstaan voor 1775
2108,ferraris077-4.jpg,8_15_Tervueren.tif,Rhode Ste GenÔö£??se - nr. 254,1775,B,1,1850,B/l,1,1847,B,1,1867,B/l,1,1891,B/l,1,1933,B/l,1,1960,B/l,1,1993,B/l,1,2001,B,1,2009,B/l,1,1111111111,'1111,1,Bos ontstaan voor 1775
2109,ferraris077-4.jpg,8_15_Tervueren.tif,Rhode Ste GenÔö£??se - nr. 254,1775,B,1,1850,B/l,1,1847,B,1,1867,B/l,1,1891,B/l,1,1933,B/l,1,1960,B/l,1,1993,B/l,1,2001,B,1,2009,B/l,1,1111111111,'1111,1,Bos ontstaan voor 1775
2110,ferraris077-4.jpg,8_15_Tervueren.tif,Rhode Ste GenÔö£??se - nr. 254,1775,B,1,1850,B/l,1,1847,B,1,1867,B/l,1,1891,B/l,1,1933,B/l,1,1960,B/l,1,1993,B/l,1,2001,B,1,2009,B/l,1,1111111111,'1111,1,Bos ontstaan voor 1775
2111,ferraris077-4.jpg,8_15_Tervueren.tif,Rhode Ste GenÔö£??se - nr. 254,1775,B,1,1850,B/l,1,1847,B,1,1867,B/l,1,1891,B/l,1,1933,B/l,1,1960,B/l,1,1993,B/l,1,2001,B,1,2009,B/l,1,1111111111,'1111,1,Bos ontstaan voor 1775
2112,ferraris077-4.jpg,8_15_Tervueren.tif,Rhode Ste GenÔö£??se - nr. 254,1775,B,1,1850,B/l,1,1847,B,1,1867,B/l,1,1891,B/l,1,1933,B/l,1,1960,B/l,1,1993,B/l,1,2001,B,1,2009,B/l,1,1111111111,'1111,1,Bos ontstaan voor 1775
2113,ferraris077-4.jpg,8_15_Tervueren.tif,Hoeijlaert - nr. 132,1775,B,1,1850,B/l,1,1847,B,1,1867,B/l,1,1891,B/l,1,1933,B/l,1,1960,B/l,1,1993,B/l,1,2001,B,1,2009,B/l,1,1111111111,'1111,1,Bos ontstaan voor 1775
2114,ferraris077-4.jpg,8_15_Tervueren.tif,Hoeijlaert - nr. 132,1775,B,1,1850,B/l,1,1847,B,1,1867,B/l,1,1891,B/l,1,1933,B/l,1,1960,B/l,1,1993,B/l,1,2001,B,1,2009,B/l,1,1111111111,'1111,1,Bos ontstaan voor 1775
2115,ferraris077-4.jpg,8_15_Tervueren.tif,Hoeijlaert - nr. 132,1775,B,1,1850,B/l,1,1847,B,1,1867,B/l,1,1891,B/l,1,1933,B/l,1,1960,B/l,1,1993,B/l,1,2001,B,1,2009,B/l,1,1111111111,'1111,1,Bos ontstaan voor 1775
2116,ferraris077-4.jpg,8_15_Tervueren.tif,Rhode Ste GenÔö£??se - nr. 254,1775,B,1,1850,B/l,1,1847,B,1,1867,B/l,1,1891,B/l,1,1933,B/l,1,1960,B/l,1,1993,B/l,1,2001,B,1,2009,B/l,1,1111111111,'1111,1,Bos ontstaan voor 1775
2117,ferraris077-4.jpg,8_15_Tervueren.tif,Rhode Ste GenÔö£??se - nr. 254,1775,B,1,1850,B/l,1,1847,B,1,1867,B/l,1,1891,B/l,1,1933,B/l,1,1960,B/l,1,1993,B/l,1,2001,B,1,2009,B/l,1,1111111111,'1111,1,Bos ontstaan voor 1775
2118,ferraris077-4.jpg,8_15_Tervueren.tif,Rhode Ste GenÔö£??se - nr. 254,1775,B,1,1850,B/l,1,1847,B,1,1867,B/l,1,1891,B/l,1,1933,B/l,1,1960,B/l,1,1993,B/l,1,2001,B,1,2009,B/l,1,1111111111,'1111,1,Bos ontstaan voor 1775
2119,ferraris077-4.jpg,8_15_Tervueren.tif,Rhode Ste GenÔö£??se - nr. 254,1775,B,1,1850,B/l,1,1847,B,1,1867,B/l,1,1891,B/l,1,1933,B/l,1,1960,B/l,1,1993,B/l,1,2001,B,1,2009,B/l,1,1111111111,'1111,1,Bos ontstaan voor 1775
2120,ferraris077-4.jpg,8_15_Tervueren.tif,Hoeijlaert - nr. 132,1775,B,1,1850,B/l,1,1847,B,1,1867,B/l,1,1891,B/l,1,1933,B/l,1,1960,B/l,1,1993,B/l,1,2001,B,1,2009,B/l,1,1111111111,'1111,1,Bos ontstaan voor 1775
2121,ferraris077-4.jpg,8_15_Tervueren.tif,Hoeijlaert - nr. 132,1775,B,1,1850,B/l,1,1847,B,1,1867,B/l,1,1891,B/l,1,1933,B/l,1,1960,B/l,1,1993,B/l,1,2001,B,1,2009,B/l,1,1111111111,'1111,1,Bos ontstaan voor 1775
2122,ferraris077-4.jpg,8_15_Tervueren.tif,Hoeijlaert - nr. 132,1775,B,1,1850,B/l,1,1847,B,1,1867,B/l,1,1891,B/l,1,1933,B/l,1,1960,B/l,1,1993,B/l,1,2001,B,1,2009,B/l,1,1111111111,'1111,1,Bos ontstaan voor 1775
2123,ferraris077-4.jpg,8_15_Tervueren.tif,Hoeijlaert - nr. 132,1775,B,1,1850,B/l,1,1847,B,1,1867,B/l,1,1891,B/l,1,1933,B/l,1,1960,B/l,1,1993,B/l,1,2001,B,1,2009,B/l,1,1111111111,'1111,1,Bos ontstaan voor 1775
2124,ferraris077-4.jpg,8_15_Tervueren.tif,Rhode Ste GenÔö£??se - nr. 254,1775,B,1,1850,B/l,1,1847,B,1,1867,B/l,1,1891,B/l,1,1933,B/l,1,1960,B/l,1,1993,B/l,1,2001,B,1,2009,B/l,1,1111111111,'1111,1,Bos ontstaan voor 1775
2125,ferraris077-4.jpg,8_15_Tervueren.tif,Rhode Ste GenÔö£??se - nr. 254,1775,B,1,1850,B/l,1,1847,B,1,1867,B/l,1,1891,B/l,1,1933,B/l,1,1960,B/g,1,1993,B/l,1,2001,B,1,2009,B/l,1,1111111111,'1111,1,Bos ontstaan voor 1775
2126,ferraris077-4.jpg,8_15_Tervueren.tif,Rhode Ste GenÔö£??se - nr. 254,1775,B,1,1850,B/l,1,1847,B,1,1867,B/l,1,1891,B/l,1,1933,B/l,1,1960,B/g,1,1993,B/l,1,2001,B,1,2009,B/l,1,1111111111,'1111,1,Bos ontstaan voor 1775
2127,ferraris077-4.jpg,8_15_Tervueren.tif,Rhode Ste GenÔö£??se - nr. 254,1775,B,1,1850,B/l,1,1847,B,1,1867,B/l,1,1891,B/l,1,1933,B/l,1,1960,B/l,1,1993,B/l,1,2001,B,1,2009,B/l,1,1111111111,'1111,1,Bos ontstaan voor 1775
2128,ferraris077-4.jpg,8_15_Tervueren.tif,Hoeijlaert - nr. 132,1775,B,1,1850,B/l,1,1847,B,1,1867,B/l,1,1891,B/l,1,1933,B/l,1,1960,B/l,1,1993,B/l,1,2001,B,1,2009,B/l,1,1111111111,'1111,1,Bos ontstaan voor 1775
2129,ferraris077-4.jpg,8_15_Tervueren.tif,Hoeijlaert - nr. 132,1775,B,1,1850,B/l,1,1847,B,1,1867,B/l,1,1891,B/l,1,1933,B/l,1,1960,B/l,1,1993,B/l,1,2001,B,1,2009,B/l,1,1111111111,'1111,1,Bos ontstaan voor 1775
2130,ferraris077-4.jpg,8_15_Tervueren.tif,Hoeijlaert - nr. 132,1775,B,1,1850,B/l,1,1847,B,1,1867,B/l,1,1891,B/l,1,1933,B/l,1,1960,B/l,1,1993,B/l,1,2001,B,1,2009,B/l,1,1111111111,'1111,1,Bos ontstaan voor 1775
2131,ferraris077-4.jpg,8_15_Tervueren.tif,Rhode Ste GenÔö£??se - nr. 254,1775,B,1,1850,B/l,1,1847,B,1,1867,B/l,1,1891,B/l,1,1933,B/l,1,1960,B/l,1,1993,B/l,1,2001,B,1,2009,B/l,1,1111111111,'1111,1,Bos ontstaan voor 1775
2132,ferraris077-4.jpg,8_15_Tervueren.tif,Rhode Ste GenÔö£??se - nr. 254,1775,B,1,1850,B/l,1,1847,B,1,1867,B/l,1,1891,B/l,1,1933,B/l,1,1960,B/g,1,1993,B/l,1,2001,B,1,2009,B/l,1,1111111111,'1111,1,Bos ontstaan voor 1775
2133,ferraris077-4.jpg,8_15_Tervueren.tif,Rhode Ste GenÔö£??se - nr. 254,1775,B,1,1850,B/l,1,1847,B,1,1867,B/l,1,1891,B/l,1,1933,B/l,1,1960,B/g,1,1993,B/l,1,2001,B,1,2009,B/l,1,1111111111,'1111,1,Bos ontstaan voor 1775
2134,ferraris077-4.jpg,8_15_Tervueren.tif,Hoeijlaert - nr. 132,1775,B,1,1850,B/l,1,1847,B,1,1867,B/l,1,1891,B/l,1,1933,B/l,1,1960,B/l,1,1993,B/l,1,2001,B,1,2009,B/l,1,1111111111,'1111,1,Bos ontstaan voor 1775
2135,ferraris077-4.jpg,8_15_Tervueren.tif,Hoeijlaert - nr. 132,1775,B,1,1850,B/l,1,1847,B,1,1867,B/l,1,1891,B/l,1,1933,B/l,1,1960,B/l,1,1993,B/l,1,2001,B,1,2009,B/l,1,1111111111,'1111,1,Bos ontstaan voor 1775
2136,ferraris077-4.jpg,8_15_Tervueren.tif,Hoeijlaert - nr. 132,1775,B,1,1850,B/l,1,1847,B,1,1867,B/l,1,1891,B/l,1,1933,B/l,1,1960,B/l,1,1993,B/l,1,2001,B,1,2009,B/l,1,1111111111,'1111,1,Bos ontstaan voor 1775
2137,ferraris077-4.jpg,8_15_Tervueren.tif,Hoeijlaert - nr. 132,1775,B,1,1850,B/l,1,1847,B,1,1867,B/l,1,1891,B/l,1,1933,B/l,1,1960,B/l,1,1993,B/l,1,2001,B,1,2009,B/l,1,1111111111,'1111,1,Bos ontstaan voor 1775
2138,ferraris077-4.jpg,8_15_Tervueren.tif,Hoeijlaert - nr. 132,1775,B,1,1850,B/l,1,1847,B,1,1867,B/l,1,1891,B/l,1,1933,B/l,1,1960,B/l,1,1993,B/l,1,2001,B,1,2009,B/l,1,1111111111,'1111,1,Bos ontstaan voor 1775
2139,ferraris077-4.jpg,8_15_Tervueren.tif,Rhode Ste GenÔö£??se - nr. 254,1775,B,1,1850,B/l,1,1847,B,1,1867,B/l,1,1891,B/l,1,1933,B/l,1,1960,B/g,1,1993,B/l,1,2001,B,1,2009,B/l,1,1111111111,'1111,1,Bos ontstaan voor 1775
2140,ferraris077-4.jpg,8_15_Tervueren.tif,Rhode Ste GenÔö£??se - nr. 254,1775,B,1,1850,B/l,1,1847,B,1,1867,B/l,1,1891,B/l,1,1933,B/l,1,1960,B/g,1,1993,B/l,1,2001,B,1,2009,B/l,1,1111111111,'1111,1,Bos ontstaan voor 1775
2141,ferraris077-4.jpg,8_15_Tervueren.tif,Rhode Ste GenÔö£??se - nr. 254,1775,B,1,1850,B/l,1,1847,B,1,1867,B/l,1,1891,B/l,1,1933,B/l,1,1960,B/l,1,1993,B/l,1,2001,B,1,2009,B/l,1,1111111111,'1111,1,Bos ontstaan voor 1775
2142,ferraris077-4.jpg,8_15_Tervueren.tif,Rhode Ste GenÔö£??se - nr. 254,1775,B,1,1850,B/l,1,1847,B,1,1867,B/l,1,1891,B/l,1,1933,B/l,1,1960,B/l,1,1993,B/l,1,2001,B,1,2009,B/l,1,1111111111,'1111,1,Bos ontstaan voor 1775
2143,ferraris077-4.jpg,8_15_Tervueren.tif,Hoeijlaert - nr. 132,1775,B,1,1850,B/l,1,1847,B,1,1867,B/l,1,1891,B/l,1,1933,B/l,1,1960,B/l,1,1993,B/l,1,2001,B,1,2009,B/l,1,1111111111,'1111,1,Bos ontstaan voor 1775
2144,ferraris077-4.jpg,8_15_Tervueren.tif,Hoeijlaert - nr. 132,1775,B,1,1850,B/l,1,1847,B,1,1867,B/l,1,1891,B/l,1,1933,B/l,1,1960,B/l,1,1993,B/l,1,2001,B,1,2009,B/l,1,1111111111,'1111,1,Bos ontstaan voor 1775
2145,ferraris077-4.jpg,8_15_Tervueren.tif,Hoeijlaert - nr. 132,1775,B,1,1850,B/l,1,1847,B,1,1867,B/l,1,1891,B/l,1,1933,B/l,1,1960,B/l,1,1993,B/l,1,2001,B,1,2009,B/l,1,1111111111,'1111,1,Bos ontstaan voor 1775
2146,ferraris077-4.jpg,8_15_Tervueren.tif,Hoeijlaert - nr. 132,1775,B,1,1850,B/l,1,1847,B,1,1867,B/l,1,1891,B/l,1,1933,B/l,1,1960,B/l,1,1993,B/l,1,2001,B,1,2009,B/l,1,1111111111,'1111,1,Bos ontstaan voor 1775
2147,ferraris077-4.jpg,8_15_Tervueren.tif,Hoeijlaert - nr. 132,1775,B,1,1850,B/l,1,1847,B,1,1867,B/l,1,1891,B/l,1,1933,B/l,1,1960,B/l,1,1993,B/l,1,2001,B,1,2009,B/l,1,1111111111,'1111,1,Bos ontstaan voor 1775
2148,ferraris077-4.jpg,8_15_Tervueren.tif,Rhode Ste GenÔö£??se - nr. 254,1775,B,1,1850,B/l,1,1847,B,1,1867,B/l,1,1891,B/l,1,1933,B/l,1,1960,B/l,1,1993,B/l,1,2001,B,1,2009,B/l,1,1111111111,'1111,1,Bos ontstaan voor 1775
2149,ferraris077-4.jpg,8_15_Tervueren.tif,Hoeijlaert - nr. 132,1775,B,1,1850,B/l,1,1847,B,1,1867,B/l,1,1891,B/l,1,1933,B/l,1,1960,B/l,1,1993,B/l,1,2001,B,1,2009,B/l,1,1111111111,'1111,1,Bos ontstaan voor 1775
2150,ferraris077-4.jpg,8_15_Tervueren.tif,Hoeijlaert - nr. 132,1775,B,1,1850,B/l,1,1847,B,1,1867,B/l,1,1891,B/l,1,1933,B/l,1,1960,B/l,1,1993,B/l,1,2001,B,1,2009,B/l,1,1111111111,'1111,1,Bos ontstaan voor 1775
2151,ferraris077-4.jpg,8_15_Tervueren.tif,Hoeijlaert - nr. 132,1775,B,1,1850,B/l,1,1847,B,1,1867,B/l,1,1891,B/l,1,1933,B/l,1,1960,B/l,1,1993,B/l,1,2001,B,1,2009,B/l,1,1111111111,'1111,1,Bos ontstaan voor 1775
2152,ferraris077-4.jpg,8_15_Tervueren.tif,Hoeijlaert - nr. 132,1775,B,1,1850,B/l,1,1847,B,1,1867,B/l,1,1891,B/l,1,1933,B/l,1,1960,B/l,1,1993,B/l,1,2001,B,1,2009,B/l,1,1111111111,'1111,1,Bos ontstaan voor 1775
2153,ferraris077-4.jpg,8_15_Tervueren.tif,Hoeijlaert - nr. 132,1775,B,1,1850,B/l,1,1847,B,1,1867,B/l,1,1891,B/l,1,1933,B/l,1,1960,B/l,1,1993,B/l,1,2001,B,1,2009,B/l,1,1111111111,'1111,1,Bos ontstaan voor 1775
2154,ferraris077-4.jpg,13_3_Waterloo.tif,Hoeijlaert - nr. 132,1775,B,1,1850,B/l,1,1847,B,1,1867,B/l,1,1891,B/l,1,1933,B/l,1,1960,B/l,1,1993,B/l,1,2001,B,1,2009,B/l,1,1111111111,'1111,1,Bos ontstaan voor 1775
2155,ferraris077-4.jpg,8_15_Tervueren.tif,Rhode Ste GenÔö£??se - nr. 254,1775,B,1,1850,B/l,1,1847,B,1,1867,B/l,1,1891,B/l,1,1933,B/l,1,1960,B/l,1,1993,B/l,1,2001,B,1,2009,B/l,1,1111111111,'1111,1,Bos ontstaan voor 1775
2156,ferraris077-4.jpg,8_15_Tervueren.tif,Hoeijlaert - nr. 132,1775,B,1,1850,B/l,1,1847,B,1,1867,B/l,1,1891,B/l,1,1933,B/l,1,1960,B/l,1,1993,B/l,1,2001,B,1,2009,B/l,1,1111111111,'1111,1,Bos ontstaan voor 1775
2157,ferraris077-4.jpg,8_15_Tervueren.tif,Hoeijlaert - nr. 132,1775,B,1,1850,B/l,1,1847,B,1,1867,B/l,1,1891,B/l,1,1933,B/l,1,1960,B/l,1,1993,B/l,1,2001,B,1,2009,B/l,1,1111111111,'1111,1,Bos ontstaan voor 1775
2158,ferraris077-4.jpg,8_15_Tervueren.tif,Hoeijlaert - nr. 132,1775,B,1,1850,B/l,1,1847,B,1,1867,B/l,1,1891,B/l,1,1933,B/l,1,1960,B/l,1,1993,B/l,1,2001,B,1,2009,B/l,1,1111111111,'1111,1,Bos ontstaan voor 1775
2159,ferraris077-4.jpg,13_3_Waterloo.tif,Hoeijlaert - nr. 132,1775,B,1,1850,B/l,1,1847,B,1,1867,B/l,1,1891,B/l,1,1933,B/l,1,1960,B/l,1,1993,B/l,1,2001,B,1,2009,B/l,1,1111111111,'1111,1,Bos ontstaan voor 1775
2160,ferraris077-4.jpg,13_3_Waterloo.tif,Hoeijlaert - nr. 132,1775,B,1,1850,B/l,1,1847,B,1,1867,B/l,1,1891,B/l,1,1933,B/l,1,1960,B/l,1,1993,B/l,1,2001,B,1,2009,B/l,1,1111111111,'1111,1,Bos ontstaan voor 1775
2161,ferraris077-4.jpg,8_15_Tervueren.tif,Hoeijlaert - nr. 132,1775,B,1,1850,B/l,1,1847,B,1,1867,B/l,1,1891,B/l,1,1933,B/l,1,1960,B/l,1,1993,B/l,1,2001,B,1,2009,B/l,1,1111111111,'1111,1,Bos ontstaan voor 1775
2162,ferraris077-4.jpg,8_15_Tervueren.tif,Hoeijlaert - nr. 132,1775,B,1,1850,B/l,1,1847,B,1,1867,B/l,1,1891,B/l,1,1933,B/l,1,1960,B/l,1,1993,B/l,1,2001,B,1,2009,B/l,1,1111111111,'1111,1,Bos ontstaan voor 1775
2163,ferraris077-4.jpg,8_15_Tervueren.tif,Hoeijlaert - nr. 132,1775,B,1,1850,B/l,1,1847,B,1,1867,B/l,1,1891,B/l,1,1933,B/l,1,1960,B/l,1,1993,B/l,1,2001,B,1,2009,B/l,1,1111111111,'1111,1,Bos ontstaan voor 1775
2164,ferraris077-4.jpg,13_3_Waterloo.tif,Hoeijlaert - nr. 132,1775,B,1,1850,B/l,1,1847,B,1,1867,B/l,1,1891,B/l,1,1933,B/l,1,1960,B/l,1,1993,B/l,1,2001,B,1,2009,B/l,1,1111111111,'1111,1,Bos ontstaan voor 1775
2165,ferraris077-4.jpg,13_3_Waterloo.tif,Hoeijlaert - nr. 132,1775,B,1,1850,B/l,1,1847,B,1,1867,B/l,1,1891,B/l,1,1933,B/l,1,1960,B/l,1,1993,B/l,1,2001,B,1,2009,B/l,1,1111111111,'1111,1,Bos ontstaan voor 1775
2166,ferraris077-4.jpg,8_15_Tervueren.tif,Hoeijlaert - nr. 132,1775,B,1,1850,B/l,1,1847,B,1,1867,B/l,1,1891,B/l,1,1933,B/l,1,1960,B/l,1,1993,B/l,1,2001,B,1,2009,B/l,1,1111111111,'1111,1,Bos ontstaan voor 1775
2167,ferraris077-4.jpg,8_15_Tervueren.tif,Hoeijlaert - nr. 132,1775,B,1,1850,B/l,1,1847,B,1,1867,B/l,1,1891,B/l,1,1933,B/l,1,1960,B/l,1,1993,B/l,1,2001,B,1,2009,B/l,1,1111111111,'1111,1,Bos ontstaan voor 1775
2168,ferraris077-4.jpg,13_3_Waterloo.tif,Hoeijlaert - nr. 132,1775,B,1,1850,B/l,1,1847,B,1,1867,B/l,1,1891,B/l,1,1933,B/l,1,1960,B/l,1,1993,B/l,1,2001,B,1,2009,B/l,1,1111111111,'1111,1,Bos ontstaan voor 1775
2169,ferraris077-4.jpg,13_3_Waterloo.tif,Hoeijlaert - nr. 132,1775,B,1,1850,B/l,1,1847,B,1,1867,B/l,1,1891,B/l,1,1933,B/l,1,1960,B/l,1,1993,B/l,1,2001,B,1,2009,B/l,1,1111111111,'1111,1,Bos ontstaan voor 1775
2170,ferraris077-4.jpg,13_3_Waterloo.tif,Hoeijlaert - nr. 132,1775,B,1,1850,B/l,1,1847,B,1,1867,B/l,1,1891,B/l,1,1933,B/l,1,1960,B/l,1,1993,B/l,1,2001,B,1,2009,B/l,1,1111111111,'1111,1,Bos ontstaan voor 1775
2171,ferraris077-4.jpg,8_15_Tervueren.tif,Hoeijlaert - nr. 132,1775,B,1,1850,B/l,1,1847,B,1,1867,B/l,1,1891,B/l,1,1933,B/l,1,1960,B/l,1,1993,B/l,1,2001,B,1,2009,B/l,1,1111111111,'1111,1,Bos ontstaan voor 1775
2172,ferraris077-4.jpg,8_15_Tervueren.tif,Hoeijlaert - nr. 132,1775,B,1,1850,B/l,1,1847,B,1,1867,B/l,1,1891,B/l,1,1933,B/l,1,1960,B/l,1,1993,B/l,1,2001,B,1,2009,B/l,1,1111111111,'1111,1,Bos ontstaan voor 1775
2173,ferraris077-4.jpg,13_3_Waterloo.tif,Hoeijlaert - nr. 132,1775,B,1,1850,B/l,1,1847,B,1,1867,B/l,1,1891,B/l,1,1933,B/l,1,1960,B/l,1,1993,B/l,1,2001,B,1,2009,B/l,1,1111111111,'1111,1,Bos ontstaan voor 1775
2174,ferraris077-4.jpg,13_3_Waterloo.tif,Hoeijlaert - nr. 132,1775,B,1,1850,B/l,1,1847,B,1,1867,B/l,1,1891,B/l,1,1933,B/l,1,1960,B/l,1,1993,B/l,1,2001,B,1,2009,B/l,1,1111111111,'1111,1,Bos ontstaan voor 1775
2175,ferraris077-4.jpg,13_3_Waterloo.tif,Hoeijlaert - nr. 132,1775,B,1,1850,B/l,1,1847,B,1,1867,B/l,1,1891,B/l,1,1933,B/l,1,1960,B/l,1,1993,B/l,1,2001,B,1,2009,B/l,1,1111111111,'1111,1,Bos ontstaan voor 1775
2176,ferraris077-4.jpg,13_3_Waterloo.tif,Hoeijlaert - nr. 132,1775,B,1,1850,B/l,1,1847,B,1,1867,B/l,1,1891,B/l,1,1933,B/l,1,1960,B/l,1,1993,B/l,1,2001,B,1,2009,B/l,1,1111111111,'1111,1,Bos ontstaan voor 1775
2177,ferraris077-4.jpg,13_3_Waterloo.tif,Hoeijlaert - nr. 132,1775,B,1,1850,B/l,1,1847,B,1,1867,B/l,1,1891,B/l,1,1933,B/l,1,1960,B/l,1,1993,B/l,1,2001,B,1,2009,B/l,1,1111111111,'1111,1,Bos ontstaan voor 1775
2178,ferraris077-4.jpg,13_3_Waterloo.tif,Hoeijlaert - nr. 132,1775,B,1,1850,B/l,1,1847,B,1,1867,B/l,1,1891,B/l,1,1933,B/l,1,1960,B/l,1,1993,B/l,1,2001,B,1,2009,B/l,1,1111111111,'1111,1,Bos ontstaan voor 1775
2179,ferraris077-4.jpg,13_3_Waterloo.tif,Hoeijlaert - nr. 132,1775,B,1,1850,B/l,1,1847,B,1,1867,B/l,1,1891,B/l,1,1933,B/l,1,1960,B/l,1,1993,B/l,1,2001,B,1,2009,B/l,1,1111111111,'1111,1,Bos ontstaan voor 1775
2180,ferraris077-4.jpg,13_3_Waterloo.tif,Hoeijlaert - nr. 132,1775,B,1,1850,B/l,1,1847,B,1,1867,B/l,1,1891,B/l,1,1933,B/l,1,1960,B/l,1,1993,B/l,1,2001,B,1,2009,B/l,1,1111111111,'1111,1,Bos ontstaan voor 1775
2181,ferraris077-4.jpg,13_3_Waterloo.tif,Hoeijlaert - nr. 132,1775,B,1,1850,B/l,1,1847,B,1,1867,B/l,1,1891,B/l,1,1933,B/l,1,1960,B/l,1,1993,B/l,1,2001,B,1,2009,B/l,1,1111111111,'1111,1,Bos ontstaan voor 1775
2182,ferraris077-4.jpg,13_3_Waterloo.tif,Hoeijlaert - nr. 132,1775,B,1,1850,B/l,1,1847,B,1,1867,B/l,1,1891,B/l,1,1933,B/l,1,1960,B/l,1,1993,B/l,1,2001,B,1,2009,B/l,1,1111111111,'1111,1,Bos ontstaan voor 1775
2183,ferraris077-4.jpg,13_3_Waterloo.tif,Hoeijlaert - nr. 132,1775,B,1,1850,B/l,1,1847,B,1,1867,B/l,1,1891,B/l,1,1933,B/l,1,1960,B/l,1,1993,B/l,1,2001,B,1,2009,B/l,1,1111111111,'1111,1,Bos ontstaan voor 1775
2184,ferraris077-4.jpg,13_3_Waterloo.tif,Hoeijlaert - nr. 132,1775,B,1,1850,B/l,1,1847,B,1,1867,B/l,1,1891,B/l,1,1933,B/l,1,1960,B/l,1,1993,B/l,1,2001,B,1,2009,B/l,1,1111111111,'1111,1,Bos ontstaan voor 1775
2185,ferraris077-4.jpg,13_3_Waterloo.tif,Hoeijlaert - nr. 132,1775,B,1,1850,B/l,1,1847,B,1,1867,B/l,1,1891,B/l,1,1933,B/l,1,1960,B/g,1,1993,B/l,1,2001,B,1,2009,B/l,1,1111111111,'1111,1,Bos ontstaan voor 1775
2186,ferraris077-4.jpg,13_3_Waterloo.tif,Hoeijlaert - nr. 132,1775,B,1,1850,B/l,1,1847,B,1,1867,B/l,1,1891,B/l,1,1933,B/l,1,1960,B/l,1,1993,B/l,1,2001,B,1,2009,B/l,1,1111111111,'1111,1,Bos ontstaan voor 1775
11000,77/4,13_3_waterloo,Hoeijlaert - nr. 132,1775,B/l,1,1850,B/l,1,1847,B,1,1867,B/l,1,1891,B/l,1,1933,B/l,1,1960,B/l,1,1993,B/l,1,2001,B,1,2009,B/l,1,1111111111,'1111,1,Bos ontstaan voor 1775
21000,77/4,8_15_tervuren,Hoeijlaert - nr. 132,1775,B/l,1,1850,B/l,1,1847,B,1,1867,B/l,1,1891,B/l,1,1933,B/l,1,1960,B/l,1,1993,B/l,1,2001,B,1,2009,B/l,1,1111111111,'1111,1,Bos ontstaan voor 1775
31000,2/1R + 2/2,1_14_nieuwpoort,Oostdunkerke - nr. 142,1775,G + A,0,1850,A,0,1853,G,0,1860,G,0,1897,G,0,1911,G,0,1960,B/l,1,1993,B/l,1,2001,B,1,2009,B/l,1,0000001111,'0001,4,Bos ontstaan na +/- 1930
41000,94/4,8_16_meerdaal,Rhode-Ste-Agathe,1775,B/l,1,1850,B/l,1,1855,B,1,1868,B/l,1,1891,B/l,1,1908,B/l,1,1960,B/l,1,1993,B/l,1,2001,B,1,2009,B/l,1,1111111111,'1111,1,Bos ontstaan voor 1775
42000,94/4,8_16_meerdaal,Rhode-Ste-Agathe,1775,B/l,1,1850,B/n,1,1855,B,1,1868,B/l,1,1891,B/l,1,1908,B/l,1,1960,B/l,1,1993,B/l,1,2001,B,1,2009,B/l,1,1111111111,'1111,1,Bos ontstaan voor 1775
43000,94/4,8_16_meerdaal,Rhode-Ste-Agathe,1775,B/l,1,1850,B/n,1,1855,B,1,1868,B/l,1,1891,B/l,1,1908,B/l,1,1960,B/l,1,1993,B/l,1,2001,B,1,2009,B/l,1,1111111111,'1111,1,Bos ontstaan voor 1775
51000,111/2,9_9_glabbeek,Winghe St Georges - nr. 29,1775,B,1,1850,G,0,1847,G,0,1869,A + B/l,0,1893,B/l,1,1930,B/l,1,1960,B/l,1,1993,B/l,1,2001,B,1,2009,B/l,1,1000111111,'1011,3,Bos ontstaan tussen 1850 en +/- 1930
53000,111/2,9_9_glabbeek,Winghe St Georges - nr.,1775,G,0,1850,B/l,1,1847,B,1,1869,B/l,1,1893,B/l,1,1930,B/l,1,1960,B/l + B/g,1,1993,B/l,1,2001,B,1,2009,B/l,1,0111111111,'0111,2,Bos ontstaan tussen 1775 en 1850
71000,9/2,6_4_torhout,Ichteghem - nr. 91,1775,B,1,1850,B/l,1,1853,B,1,1861,B/l,1,1883,B/l,1,1911,B/l,1,1960,B/l,1,1993,B/l,1,2001,B,1,2009,B/l,1,1111111111,'1111,1,Bos ontstaan voor 1775
81000,112/3,8_16_meerdaal,Bierbeek (2e Partie) et Haesrode - nr. 25,1775,B/l,1,1850,B/l,1,1855,B,1,1865,B/l,1,1893,B/l,1,1926,B/l,1,1960,B/l,1,1993,B/l,1,2001,B,1,2009,B/l,1,1111111111,'1111,1,Bos ontstaan voor 1775
91000,56/3,3_13_sintniklaas,Sinay - nr. 242,1775,G,0,1850,B/l,1,1852,B,1,1869,A,0,1881,A,0,1948,B/l,1,1960,B/l,1,1993,B/l,1,2001,B,1,2009,B/l,1,0110011111,'0111,2,Bos ontstaan tussen 1775 en 1850
101000,78/4,13_2_halle,Hal 2e Partie - nr. 116,1775,B/l,1,1850,B/l,1,1855,B,1,1870,B/l,1,1891,B/l,1,1906,B/l,1,1960,B/g,1,1993,B/g,1,2001,B,1,2009,B/l,1,1111111111,'1111,1,Bos ontstaan voor 1775
111000,ferraris062-1.jpg,13_1_Enghien.tif,Haute-Croix/Heikruis - nr. 120,1775,B/l,1,1850,B/l,1,1855,B,1,1865,B/l,1,1891,B/l,1,1928,B/l,1,1960,B/l,1,1993,B/l,1,2001,B,1,2009,B/l,1,1111111111,'1111,1,Bos ontstaan voor 1775
121000,112/3,8_16_meerdaal,Bierbeek (2e Partie) et Haesrode - nr. 25,1775,B/l,1,1850,B/l,1,1855,B,1,1865,B/l,1,1893,B/l,1,1926,B/l,1,1960,B/l,1,1993,B/l,1,2001,B,1,2009,B/l,1,1111111111,'1111,1,Bos ontstaan voor 1775
131000,60/1+2,8_9_aalst,Liedekerke - nr. 169,1775,B,1,1850,B/L,1,1847,B,1,1868,B/l,1,1891,B/n + A,1,1930,B/l,1,1960,H + B/l,0,1993,B/l,1,2001,B,1,2009,B/l,1,1111110111,'1111,1,Bos ontstaan voor 1775
141100,126/1+2+3+4 127/1+2,4_9_Kasterlee.tif,Turnhout (5e partie) - nr.,1775,H/B,0,1850,H + W,0,1852,B + W,1,1872,B/g + W,1,1885,B/n + W,1,1928,B/l,1,1960,B/l,1,1993,B/l,1,2001,B,1,2009,B/g,1,0011111111,'0011,3,Bos ontstaan tussen 1850 en +/- 1930
141200,126/1+2+3+4 127/1+2,4_9_Kasterlee.tif,Turnhout (5e partie) - nr.,1775,B/n,1,1850,B/l + H,1,1852,B,1,1872,B/g,1,1885,B/n,1,1928,B/n + B/l,1,1960,B/g,1,1993,B/g,1,2001,B,1,2009,B/l,1,1111111111,'1111,1,Bos ontstaan voor 1775
151000,089_4 / 090_2,3_15_Contich / 3_16_Lierre,Ranst - nr.,1775,B,1,1850,A,0,1851,A,0,1868,B/l,1,1892,B/l,1,1929,B/l,1,1960,B/l + B/g,1,1993,B/l + B/g,1,2001,B,1,2009,B/l + B/g,1,1001111111,'1011,3,Bos ontstaan tussen 1850 en +/- 1930
155000,089_4 / 090_2,3_15_Contich / 3_16_Lierre,Ranst - nr.,1775,A,0,1850,A,0,1851,A,0,1868,B/l,1,1892,B/l,1,1929,B/l,1,1960,B/g,1,1993,B/g,1,2001,B,1,2009,B/g,1,0001111111,'0011,3,Bos ontstaan tussen 1850 en +/- 1930
156000,089_4 / 090_2,3_15_Contich / 3_16_Lierre,Ranst - nr.,1775,A,0,1850,A,0,1851,A,0,1868,A,0,1892,A,0,1929,G,0,1960,B/l,1,1993,B/l,1,2001,B,1,2009,B/l,1,0000001111,'0001,4,Bos ontstaan na +/- 1930
171100,74/2,8_2_puurs,Puers - nr. 91,1775,B,1,1850,B/l,1,1851,B,1,1867,A,0,1892,B/l,1,1930,B/l,1,1960,B/l,1,1993,B/l,1,2001,B,1,2009,B/l,1,1110111111,'1111,1,Bos ontstaan voor 1775
171200,74/2,8_2_puurs,Puers - nr. 91,1775,B,1,1850,B/l,1,1851,B,1,1867,A,0,1892,A + B,0,1930,B/l,1,1960,B/l,1,1993,B/l,1,2001,B,1,2009,B/l,1,1110011111,'1111,1,Bos ontstaan voor 1775
300001,94/4,8_16_meerdaal,Weert St Georges - nr.,1775,B + W,1,1850,B + W,1,1847,B + W,1,1865,B/n,1,1893,B/l,1,1926,B/l,1,1960,B/l,1,1993,B/l,1,2001,B,1,2009,B/l,1,1111111111,'1111,1,Bos ontstaan voor 1775
300002,112/3,8_16_meerdaal,Bierbeek (2e Partie) et Haesrode - nr. 25,1775,B/l,1,1850,B/l,1,1855,B,1,1865,B/l,1,1893,B/l,1,1926,B/l,1,1960,B/l,1,1993,B/l,1,2001,B,1,2009,B/l,1,1111111111,'1111,1,Bos ontstaan voor 1775
300003,112/3,8_16_meerdaal,Bierbeek (2e Partie) et Haesrode - nr. 25,1775,B/l,1,1850,B/l,1,1855,B,1,1865,B/l,1,1893,B/l,1,1926,B/l,1,1960,B/l,1,1993,B/l,1,2001,B,1,2009,B/l,1,1111111111,'1111,1,Bos ontstaan voor 1775
300004,112/3,8_16_meerdaal,Bierbeek (2e Partie) et Haesrode - nr. 25,1775,B/l,1,1850,B/l,1,1855,B,1,1865,B/l,1,1893,B/l,1,1926,B/l,1,1960,B/l,1,1993,B/l,1,2001,B,1,2009,B/l,1,1111111111,'1111,1,Bos ontstaan voor 1775
300005,112/3,8_16_meerdaal,Bierbeek (2e Partie) et Haesrode - nr. 25,1775,B/l,1,1850,B/l,1,1855,B,1,1865,B/l,1,1893,B/l,1,1926,B/l,1,1960,B/l,1,1993,B/l,1,2001,B,1,2009,B/l,1,1111111111,'1111,1,Bos ontstaan voor 1775
300006,112/3,8_16_meerdaal,Bierbeek (2e Partie) et Haesrode - nr. 25,1775,B/l,1,1850,B/l,1,1855,B,1,1865,B/l,1,1893,B/l,1,1926,B/l,1,1960,B/l,1,1993,B/l,1,2001,B,1,2009,B/l,1,1111111111,'1111,1,Bos ontstaan voor 1775
300007,112/3,8_16_meerdaal,Bierbeek (2e Partie) et Haesrode - nr. 25,1775,B + D,1,1850,B/l,1,1855,B,1,1865,B/l,1,1893,B/l,1,1926,B/l,1,1960,B/l,1,1993,B/l,1,2001,B,1,2009,B/l,1,1111111111,'1111,1,Bos ontstaan voor 1775
300008,112/3,8_16_meerdaal,Bierbeek (2e Partie) et Haesrode - nr. 25,1775,B/l,1,1850,B/l,1,1855,B,1,1865,B/l,1,1893,B/l,1,1926,B/l,1,1960,B/l,1,1993,B/l,1,2001,B,1,2009,B/l,1,1111111111,'1111,1,Bos ontstaan voor 1775
300009,112/3,8_16_meerdaal,Bierbeek (2e Partie) et Haesrode - nr. 25,1775,B/l,1,1850,B/l,1,1855,B,1,1865,B/l,1,1893,B/l,1,1926,B/l,1,1960,B/l,1,1993,B/l,1,2001,B,1,2009,B/l,1,1111111111,'1111,1,Bos ontstaan voor 1775
300010,112/3,8_16_meerdaal,Bierbeek (2e Partie) et Haesrode - nr. 25,1775,B/l,1,1850,B/l,1,1855,B,1,1865,B/l,1,1893,B/l,1,1926,B/l,1,1960,B/l,1,1993,B/l,1,2001,B,1,2009,B/l,1,1111111111,'1111,1,Bos ontstaan voor 1775
300011,112/3,8_16_meerdaal,Bierbeek (2e Partie) et Haesrode - nr. 25,1775,B/l,1,1850,B/l,1,1855,B,1,1865,B/l,1,1893,B/l,1,1926,B/l,1,1960,B/l,1,1993,B/l,1,2001,B,1,2009,B/l,1,1111111111,'1111,1,Bos ontstaan voor 1775
300012,112/3,8_16_meerdaal,Bierbeek (2e Partie) et Haesrode - nr. 25,1775,B/l,1,1850,B/l,1,1855,B,1,1865,B/l,1,1893,B/l,1,1926,B/l,1,1960,B/l,1,1993,B/l,1,2001,B,1,2009,B/l,1,1111111111,'1111,1,Bos ontstaan voor 1775
300013,112/3,8_16_meerdaal,Bierbeek (2e Partie) et Haesrode - nr. 25,1775,B/l,1,1850,B/l,1,1855,B,1,1865,B/l,1,1893,B/l,1,1926,B/l,1,1960,B/l,1,1993,B/l,1,2001,B,1,2009,B/l,1,1111111111,'1111,1,Bos ontstaan voor 1775
300014,112/3,8_16_meerdaal,Bierbeek (2e Partie) et Haesrode - nr. 25,1775,B/l,1,1850,B/l,1,1855,B,1,1865,B/l,1,1893,B/l,1,1926,B/l,1,1960,B/l,1,1993,B/l,1,2001,B,1,2009,B/l,1,1111111111,'1111,1,Bos ontstaan voor 1775
300015,112/3,8_16_meerdaal,Bierbeek (2e Partie) et Haesrode - nr. 25,1775,B/l,1,1850,B/l,1,1855,B,1,1865,B/l,1,1893,B/l,1,1926,B/l,1,1960,B/l,1,1993,B/l,1,2001,B,1,2009,B/l,1,1111111111,'1111,1,Bos ontstaan voor 1775
300016,112/3,8_16_meerdaal,Bierbeek (2e Partie) et Haesrode - nr. 25,1775,B/l,1,1850,B/l,1,1855,B,1,1865,B/l,1,1893,B/l,1,1926,B/l,1,1960,B/l,1,1993,B/l,1,2001,B,1,2009,B/l,1,1111111111,'1111,1,Bos ontstaan voor 1775
300017,112/3,8_16_meerdaal,Bierbeek (2e Partie) et Haesrode - nr. 25,1775,B/l,1,1850,B/l,1,1855,B,1,1865,B/l,1,1893,B/l,1,1926,B/l,1,1960,B/l,1,1993,B/l,1,2001,B,1,2009,B/l,1,1111111111,'1111,1,Bos ontstaan voor 1775
300018,112/3,8_16_meerdaal,Bierbeek (2e Partie) et Haesrode - nr. 25,1775,B/l,1,1850,B/l,1,1855,B,1,1865,B/l,1,1893,B/l,1,1926,B/l,1,1960,B/l,1,1993,B/l,1,2001,B,1,2009,B/l,1,1111111111,'1111,1,Bos ontstaan voor 1775
300019,112/3,8_16_meerdaal,Bierbeek (2e Partie) et Haesrode - nr. 25,1775,B/l,1,1850,B/l,1,1855,B,1,1865,A,0,1893,A,0,1926,B/n,1,1960,B/l,1,1993,B/l,1,2001,B,1,2009,B/l,1,1110011111,'1111,1,Bos ontstaan voor 1775
300022,112/3,8_16_meerdaal,Bierbeek (2e Partie) et Haesrode - nr. 25,1775,B/l,1,1850,B/l,1,1855,B,1,1865,B/l,1,1893,B/l,1,1926,B/l,1,1960,B/l,1,1993,B/l,1,2001,B,1,2009,B/l,1,1111111111,'1111,1,Bos ontstaan voor 1775
300023,112/3,8_16_meerdaal,Bierbeek (2e Partie) et Haesrode - nr. 25,1775,B/l,1,1850,B/l,1,1855,B,1,1865,B/l,1,1893,B/l,1,1926,B/l,1,1960,B/l,1,1993,B/l,1,2001,B,1,2009,B/l,1,1111111111,'1111,1,Bos ontstaan voor 1775
300024,112/3,8_16_meerdaal,Bierbeek (2e Partie) et Haesrode - nr. 25,1775,B/l,1,1850,B/l,1,1855,B,1,1865,B/l,1,1893,B/l,1,1926,B/l,1,1960,B/l,1,1993,B/l,1,2001,B,1,2009,B/l,1,1111111111,'1111,1,Bos ontstaan voor 1775
300025,112/3,8_16_meerdaal,Bierbeek (2e Partie) et Haesrode - nr. 25,1775,B/l,1,1850,B/l + A,1,1855,B,1,1865,A,0,1893,B/n,1,1926,B/n,1,1960,B/l,1,1993,B/l,1,2001,B,1,2009,B/l,1,1110111111,'1111,1,Bos ontstaan voor 1775
400000,89/1,3_11_antwerpen,Schooten - nr.,1775,B,1,1850,B/l,1,1851,B,1,1868,B/l + B/g,1,1892,B/l,1,1929,B/l,1,1960,B/l,1,1993,B/l,1,2001,B,1,2009,B/l,1,1111111111,'1111,1,Bos ontstaan voor 1775
