plot_id,XY_co,XLambert72,YLambert72,Z_m_TAW,LatLon_co,XLon_wgs84,YLat_wgs84,Provincie,Gemeente,Deelgemeen,IFBL_kwa_1,UTM1,Topokaart,survey_Y1,survey_Y2,survey_Y3,survey_Y4,survey_Y5
101,Belge_Lambert_1972 - EPSG:31370,171634.79,165421.422,78.15,GCS_WGS_1984 - EPSG:4326,4.67564,50.798848,Vlaams-Brabant,Oud-Heverlee,Haasrode,e5-43-12,FS1828,32/6,2002,2012,0,0,0
102,Belge_Lambert_1972 - EPSG:31370,171639.704,165520.937,72.71,GCS_WGS_1984 - EPSG:4326,4.675715,50.799742,Vlaams-Brabant,Oud-Heverlee,Haasrode,e5-43-12,FS1828,32/6,2002,2012,0,0,0
103,Belge_Lambert_1972 - EPSG:31370,171624.169,165221.715,84.76,GCS_WGS_1984 - EPSG:4326,4.675477,50.797053,Vlaams-Brabant,Oud-Heverlee,Haasrode,e5-43-12,FS1828,32/6,2002,2012,0,0,0
104,Belge_Lambert_1972 - EPSG:31370,171629.487,165321.546,80.77,GCS_WGS_1984 - EPSG:4326,4.675559,50.79795,Vlaams-Brabant,Oud-Heverlee,Haasrode,e5-43-12,FS1828,32/6,2002,2012,0,0,0
105,Belge_Lambert_1972 - EPSG:31370,171639.914,165620.695,65.49,GCS_WGS_1984 - EPSG:4326,4.675724,50.800639,Vlaams-Brabant,Oud-Heverlee,Haasrode,e5-43-12,FS1828,32/6,2002,2012,0,0,0
106,Belge_Lambert_1972 - EPSG:31370,171671.246,165168.9,87.69,GCS_WGS_1984 - EPSG:4326,4.676142,50.796577,Vlaams-Brabant,Oud-Heverlee,Haasrode,e5-43-14,FS1828,32/6,2002,2012,0,0,0
107,Belge_Lambert_1972 - EPSG:31370,171676.724,165269.009,84.42,GCS_WGS_1984 - EPSG:4326,4.676225,50.797476,Vlaams-Brabant,Oud-Heverlee,Haasrode,e5-43-12,FS1828,32/6,2002,2012,0,0,0
108,Belge_Lambert_1972 - EPSG:31370,171681.606,165368.881,81.46,GCS_WGS_1984 - EPSG:4326,4.676301,50.798374,Vlaams-Brabant,Oud-Heverlee,Haasrode,e5-43-12,FS1828,32/6,2002,2012,0,0,0
109,Belge_Lambert_1972 - EPSG:31370,171687.134,165468.711,78.05,GCS_WGS_1984 - EPSG:4326,4.676385,50.799271,Vlaams-Brabant,Oud-Heverlee,Haasrode,e5-43-12,FS1828,32/6,2002,2012,0,0,0
110,Belge_Lambert_1972 - EPSG:31370,171692.057,165568.985,71.49,GCS_WGS_1984 - EPSG:4326,4.676461,50.800172,Vlaams-Brabant,Oud-Heverlee,Haasrode,e5-43-12,FS1828,32/6,2002,2012,0,0,0
111,Belge_Lambert_1972 - EPSG:31370,171717.681,165116.331,88.67,GCS_WGS_1984 - EPSG:4326,4.676797,50.796102,Vlaams-Brabant,Oud-Heverlee,Haasrode,e5-43-14,FS1828,32/6,2002,2012,0,0,0
112,Belge_Lambert_1972 - EPSG:31370,171723.938,165216.003,86.96,GCS_WGS_1984 - EPSG:4326,4.676892,50.796998,Vlaams-Brabant,Oud-Heverlee,Haasrode,e5-43-12,FS1828,32/6,2002,2012,0,0,0
113,Belge_Lambert_1972 - EPSG:31370,171729.376,165316.148,84.32,GCS_WGS_1984 - EPSG:4326,4.676975,50.797898000000004,Vlaams-Brabant,Oud-Heverlee,Haasrode,e5-43-12,FS1828,32/6,2002,2012,0,0,0
114,Belge_Lambert_1972 - EPSG:31370,171734.22,165416.174,81.69,GCS_WGS_1984 - EPSG:4326,4.67705,50.798797,Vlaams-Brabant,Oud-Heverlee,Haasrode,e5-43-12,FS1828,32/6,2002,2012,0,0,0
115,Belge_Lambert_1972 - EPSG:31370,171739.178,165516.545,77.29,GCS_WGS_1984 - EPSG:4326,4.677126,50.799699,Vlaams-Brabant,Oud-Heverlee,Haasrode,e5-43-12,FS1828,32/6,2002,2012,0,0,0
116,Belge_Lambert_1972 - EPSG:31370,171771.124,165163.471,87.67,GCS_WGS_1984 - EPSG:4326,4.677558,50.796524,Vlaams-Brabant,Oud-Heverlee,Haasrode,e5-43-14,FS1828,32/6,2002,2012,0,0,0
117,Belge_Lambert_1972 - EPSG:31370,171776.533,165263.292,86.34,GCS_WGS_1984 - EPSG:4326,4.677641,50.797421,Vlaams-Brabant,Oud-Heverlee,Haasrode,e5-43-12,FS1828,32/6,2002,2012,0,0,0
118,Belge_Lambert_1972 - EPSG:31370,171781.321,165363.631,84.67,GCS_WGS_1984 - EPSG:4326,4.677715,50.798323,Vlaams-Brabant,Oud-Heverlee,Haasrode,e5-43-12,FS1828,32/6,2002,2012,0,0,0
119,Belge_Lambert_1972 - EPSG:31370,171786.52,165464.058,80.78,GCS_WGS_1984 - EPSG:4326,4.677794,50.799226,Vlaams-Brabant,Oud-Heverlee,Haasrode,e5-43-12,FS1828,32/6,2002,2012,0,0,0
120,Belge_Lambert_1972 - EPSG:31370,171791.625,165563.776,72.09,GCS_WGS_1984 - EPSG:4326,4.677873,50.800122,Vlaams-Brabant,Oud-Heverlee,Haasrode,e5-43-12,FS1828,32/6,2002,2012,0,0,0
121,Belge_Lambert_1972 - EPSG:31370,171823.798,165210.679,86.85,GCS_WGS_1984 - EPSG:4326,4.678308,50.796947,Vlaams-Brabant,Oud-Heverlee,Haasrode,e5-43-12,FS1828,32/6,2002,2012,0,0,0
122,Belge_Lambert_1972 - EPSG:31370,171829.077,165310.546,86.14,GCS_WGS_1984 - EPSG:4326,4.678389,50.797844,Vlaams-Brabant,Oud-Heverlee,Haasrode,e5-43-12,FS1828,32/6,2002,2012,0,0,0
123,Belge_Lambert_1972 - EPSG:31370,171834.217,165399.439,83.72,GCS_WGS_1984 - EPSG:4326,4.678467,50.798643,Vlaams-Brabant,Oud-Heverlee,Haasrode,e5-43-12,FS1828,32/6,2002,2012,0,0,0
124,Belge_Lambert_1972 - EPSG:31370,171834.171,165499.125,77.66,GCS_WGS_1984 - EPSG:4326,4.678472,50.799539,Vlaams-Brabant,Oud-Heverlee,Haasrode,e5-43-12,FS1828,32/6,2002,2012,0,0,0
125,Belge_Lambert_1972 - EPSG:31370,171871.093,165158.222,84.71,GCS_WGS_1984 - EPSG:4326,4.678976,50.796473,Vlaams-Brabant,Oud-Heverlee,Haasrode,e5-43-14,FS1828,32/6,2002,2012,0,0,0
126,Belge_Lambert_1972 - EPSG:31370,171876.396,165258.07,85.19,GCS_WGS_1984 - EPSG:4326,4.679057,50.797371,Vlaams-Brabant,Oud-Heverlee,Haasrode,e5-43-12,FS1828,32/6,2002,2012,0,0,0
127,Belge_Lambert_1972 - EPSG:31370,171881.6,165357.906,86.29,GCS_WGS_1984 - EPSG:4326,4.679137,50.798268,Vlaams-Brabant,Oud-Heverlee,Haasrode,e5-43-12,FS1828,32/6,2002,2012,0,0,0
128,Belge_Lambert_1972 - EPSG:31370,171884.28,165449.346,81.74,GCS_WGS_1984 - EPSG:4326,4.67918,50.79909,Vlaams-Brabant,Oud-Heverlee,Haasrode,e5-43-12,FS1828,32/6,2002,2012,0,0,0
129,Belge_Lambert_1972 - EPSG:31370,171923.683,165205.421,84.89,GCS_WGS_1984 - EPSG:4326,4.679725,50.796895,Vlaams-Brabant,Oud-Heverlee,Haasrode,e5-43-12,FS1828,32/6,2002,2012,0,0,0
130,Belge_Lambert_1972 - EPSG:31370,171928.977,165305.295,86.55,GCS_WGS_1984 - EPSG:4326,4.679806,50.797793,Vlaams-Brabant,Oud-Heverlee,Haasrode,e5-43-12,FS1828,32/6,2002,2012,0,0,0
131,Belge_Lambert_1972 - EPSG:31370,171934.135,165399.609,85.68,GCS_WGS_1984 - EPSG:4326,4.679884,50.798641,Vlaams-Brabant,Oud-Heverlee,Haasrode,e5-43-12,FS1828,32/6,2002,2012,0,0,0
132,Belge_Lambert_1972 - EPSG:31370,171934.067,165499.443,78.67,GCS_WGS_1984 - EPSG:4326,4.679889,50.799538,Vlaams-Brabant,Oud-Heverlee,Haasrode,e5-43-12,FS1828,32/6,2002,2012,0,0,0
133,Belge_Lambert_1972 - EPSG:31370,171971.022,165152.927,82.63,GCS_WGS_1984 - EPSG:4326,4.680393,50.796422,Vlaams-Brabant,Oud-Heverlee,Haasrode,e5-43-14,FS1828,32/6,2002,2012,0,0,0
134,Belge_Lambert_1972 - EPSG:31370,171976.37,165252.603,82.85,GCS_WGS_1984 - EPSG:4326,4.680475,50.797318,Vlaams-Brabant,Oud-Heverlee,Haasrode,e5-43-12,FS1828,32/6,2002,2012,0,0,0
135,Belge_Lambert_1972 - EPSG:31370,171981.537,165352.48,87.05,GCS_WGS_1984 - EPSG:4326,4.680554,50.798215,Vlaams-Brabant,Oud-Heverlee,Haasrode,e5-43-12,FS1828,32/6,2002,2012,0,0,0
136,Belge_Lambert_1972 - EPSG:31370,171984.167,165449.672,82.35,GCS_WGS_1984 - EPSG:4326,4.680597,50.799089,Vlaams-Brabant,Oud-Heverlee,Haasrode,e5-43-12,FS1828,32/6,2002,2012,0,0,0
137,Belge_Lambert_1972 - EPSG:31370,171983.828,165550.3,75.09,GCS_WGS_1984 - EPSG:4326,4.680598,50.799994,Vlaams-Brabant,Oud-Heverlee,Haasrode,e5-43-12,FS1828,32/6,2002,2012,0,0,0
138,Belge_Lambert_1972 - EPSG:31370,171589.637,165470.976,73.89,GCS_WGS_1984 - EPSG:4326,4.675002,50.799295,Vlaams-Brabant,Oud-Heverlee,Haasrode,e5-43-12,FS1828,32/6,2002,2012,0,0,0
139,Belge_Lambert_1972 - EPSG:31370,171589.455,165570.91,68.6,GCS_WGS_1984 - EPSG:4326,4.675005,50.800194,Vlaams-Brabant,Oud-Heverlee,Haasrode,e5-43-12,FS1828,32/6,2002,2012,0,0,0
140,Belge_Lambert_1972 - EPSG:31370,171589.747,165670.788,63.31,GCS_WGS_1984 - EPSG:4326,4.675015,50.801091,Vlaams-Brabant,Oud-Heverlee,Haasrode,e5-43-12,FS1829,32/6,2002,2012,0,0,0
141,Belge_Lambert_1972 - EPSG:31370,172023.556,165200.173,84.79,GCS_WGS_1984 - EPSG:4326,4.681141,50.796845,Vlaams-Brabant,Oud-Heverlee,Haasrode,e5-43-21,FS1828,32/6,2002,2012,0,0,0
142,Belge_Lambert_1972 - EPSG:31370,172028.858,165299.917,86.97,GCS_WGS_1984 - EPSG:4326,4.681222,50.797741,Vlaams-Brabant,Oud-Heverlee,Haasrode,e5-43-21,FS1828,32/6,2002,2012,0,0,0
143,Belge_Lambert_1972 - EPSG:31370,172034.16,165399.751,84.65,GCS_WGS_1984 - EPSG:4326,4.681303,50.798638,Vlaams-Brabant,Oud-Heverlee,Haasrode,e5-43-21,FS1828,32/6,2002,2012,0,0,0
144,Belge_Lambert_1972 - EPSG:31370,172034.083,165499.642,78.99,GCS_WGS_1984 - EPSG:4326,4.681308,50.799536,Vlaams-Brabant,Oud-Heverlee,Haasrode,e5-43-21,FS1828,32/6,2002,2012,0,0,0
145,Belge_Lambert_1972 - EPSG:31370,172076.308,165247.49,86.94,GCS_WGS_1984 - EPSG:4326,4.681892,50.797268,Vlaams-Brabant,Oud-Heverlee,Haasrode,e5-43-21,FS1828,32/6,2002,2012,0,0,0
146,Belge_Lambert_1972 - EPSG:31370,172081.435,165347.26,86.6,GCS_WGS_1984 - EPSG:4326,4.681971,50.798165,Vlaams-Brabant,Oud-Heverlee,Haasrode,e5-43-21,FS1828,32/6,2002,2012,0,0,0
147,Belge_Lambert_1972 - EPSG:31370,172084.392,165449.451,81.43,GCS_WGS_1984 - EPSG:4326,4.682019,50.799083,Vlaams-Brabant,Oud-Heverlee,Haasrode,e5-43-21,FS1828,32/6,2002,2012,0,0,0
148,Belge_Lambert_1972 - EPSG:31370,172083.962,165549.749,80.26,GCS_WGS_1984 - EPSG:4326,4.682019,50.799985,Vlaams-Brabant,Oud-Heverlee,Haasrode,e5-43-21,FS1828,32/6,2002,2012,0,0,0
200,Belge_Lambert_1972 - EPSG:31370,155370.03,228950.862,24.51,GCS_WGS_1984 - EPSG:4326,4.44587,51.37028,Antwerpen,Kalmthout,Kalmthout,b4-37-14,FS0091,7/4,2001,2012,2021,0,0
201,Belge_Lambert_1972 - EPSG:31370,155325.195,228927.629,24.28,GCS_WGS_1984 - EPSG:4326,4.445226,51.370071,Antwerpen,Kalmthout,Kalmthout,b4-37-14,FS0091,7/4,2001,2012,2021,0,0
202,Belge_Lambert_1972 - EPSG:31370,155437.006,228928.745,24.8,GCS_WGS_1984 - EPSG:4326,4.446831,51.37008,Antwerpen,Kalmthout,Kalmthout,b4-37-14,FS0091,7/4,2001,2012,2021,0,0
203,Belge_Lambert_1972 - EPSG:31370,155349.187,228883.456,24.9,GCS_WGS_1984 - EPSG:4326,4.44557,51.369674,Antwerpen,Kalmthout,Kalmthout,b4-37-14,FS0091,7/4,2001,2012,2021,0,0
204,Belge_Lambert_1972 - EPSG:31370,155572.099,228887.889,25.44,GCS_WGS_1984 - EPSG:4326,4.44877,51.369712,Antwerpen,Kalmthout,Kalmthout,b4-37-14,FS0091,7/4,2001,2012,2021,0,0
205,Belge_Lambert_1972 - EPSG:31370,155527.794,228864.614,24.96,GCS_WGS_1984 - EPSG:4326,4.448134,51.369503,Antwerpen,Kalmthout,Kalmthout,b4-37-14,FS0091,7/4,2001,2012,2021,0,0
206,Belge_Lambert_1972 - EPSG:31370,155595.134,228843.15,25.23,GCS_WGS_1984 - EPSG:4326,4.4491,51.36931,Antwerpen,Kalmthout,Kalmthout,b4-37-14,FS0091,7/4,2001,2012,2021,0,0
207,Belge_Lambert_1972 - EPSG:31370,155504.604,228908.832,25.23,GCS_WGS_1984 - EPSG:4326,4.447802,51.369901,Antwerpen,Kalmthout,Kalmthout,b4-37-14,FS0091,7/4,2001,2012,2021,0,0
208,Belge_Lambert_1972 - EPSG:31370,155412.499,228860.539,24.49,GCS_WGS_1984 - EPSG:4326,4.446478,51.369468,Antwerpen,Kalmthout,Kalmthout,b4-37-14,FS0091,7/4,2001,2012,2021,0,0
209,Belge_Lambert_1972 - EPSG:31370,155787.847,229228.166,24.99,GCS_WGS_1984 - EPSG:4326,4.451874,51.372768,Antwerpen,Kalmthout,Kalmthout,b4-37-12,FS0192,7/4,2001,2012,2021,0,0
210,Belge_Lambert_1972 - EPSG:31370,155743.309,229204.417,24.87,GCS_WGS_1984 - EPSG:4326,4.451234,51.372555,Antwerpen,Kalmthout,Kalmthout,b4-37-12,FS0192,7/4,2001,2012,2021,0,0
211,Belge_Lambert_1972 - EPSG:31370,155811.277,229183.659,25.02,GCS_WGS_1984 - EPSG:4326,4.45221,51.372368,Antwerpen,Kalmthout,Kalmthout,b4-37-12,FS0192,7/4,2001,2012,2021,0,0
212,Belge_Lambert_1972 - EPSG:31370,155766.532,229160.441,25.08,GCS_WGS_1984 - EPSG:4326,4.451567,51.37216,Antwerpen,Kalmthout,Kalmthout,b4-37-14,FS0192,7/4,2001,2012,2021,0,0
213,Belge_Lambert_1972 - EPSG:31370,155811.933,229128.001,24.93,GCS_WGS_1984 - EPSG:4326,4.452218,51.371868,Antwerpen,Kalmthout,Kalmthout,b4-37-14,FS0192,7/4,2001,2012,2021,0,0
214,Belge_Lambert_1972 - EPSG:31370,155745.816,229092.759,25.21,GCS_WGS_1984 - EPSG:4326,4.451268,51.371552,Antwerpen,Kalmthout,Kalmthout,b4-37-14,FS0192,7/4,2001,2012,2021,0,0
215,Belge_Lambert_1972 - EPSG:31370,155699.124,229180.982,25.04,GCS_WGS_1984 - EPSG:4326,4.450599,51.372345,Antwerpen,Kalmthout,Kalmthout,b4-37-12,FS0092,7/4,2001,2012,2021,0,0
216,Belge_Lambert_1972 - EPSG:31370,155654.927,229157.39,24.9,GCS_WGS_1984 - EPSG:4326,4.449964,51.372133,Antwerpen,Kalmthout,Kalmthout,b4-37-14,FS0092,7/4,2001,2012,2021,0,0
217,Belge_Lambert_1972 - EPSG:31370,155566.69,229111.19,24.55,GCS_WGS_1984 - EPSG:4326,4.448696,51.371719,Antwerpen,Kalmthout,Kalmthout,b4-37-14,FS0092,7/4,2001,2012,2021,0,0
218,Belge_Lambert_1972 - EPSG:31370,155678.296,229113.453,25.21,GCS_WGS_1984 - EPSG:4326,4.450299,51.371738,Antwerpen,Kalmthout,Kalmthout,b4-37-14,FS0092,7/4,2001,2012,2021,0,0
219,Belge_Lambert_1972 - EPSG:31370,155589.854,229066.902,24.76,GCS_WGS_1984 - EPSG:4326,4.449028,51.371321,Antwerpen,Kalmthout,Kalmthout,b4-37-14,FS0092,7/4,2001,2012,2021,0,0
220,Belge_Lambert_1972 - EPSG:31370,155701.728,229069.331,25.44,GCS_WGS_1984 - EPSG:4326,4.450635,51.371341,Antwerpen,Kalmthout,Kalmthout,b4-37-14,FS0092,7/4,2001,2012,2021,0,0
221,Belge_Lambert_1972 - EPSG:31370,155612.92,229022.696,25.1,GCS_WGS_1984 - EPSG:4326,4.449359,51.370923,Antwerpen,Kalmthout,Kalmthout,b4-37-14,FS0092,7/4,2001,2012,2021,0,0
222,Belge_Lambert_1972 - EPSG:31370,155681.17,229001.682,25.34,GCS_WGS_1984 - EPSG:4326,4.450338,51.370734,Antwerpen,Kalmthout,Kalmthout,b4-37-14,FS0092,7/4,2001,2012,2021,0,0
223,Belge_Lambert_1972 - EPSG:31370,155524.31,229089.32,24.42,GCS_WGS_1984 - EPSG:4326,4.448087,51.371523,Antwerpen,Kalmthout,Kalmthout,b4-37-14,FS0092,7/4,2001,2012,2021,0,0
224,Belge_Lambert_1972 - EPSG:31370,155479.068,229065.038,24.64,GCS_WGS_1984 - EPSG:4326,4.447437,51.371305,Antwerpen,Kalmthout,Kalmthout,b4-37-14,FS0092,7/4,2001,2012,2021,0,0
225,Belge_Lambert_1972 - EPSG:31370,155434.901,229041.667,24.4,GCS_WGS_1984 - EPSG:4326,4.446803,51.371095,Antwerpen,Kalmthout,Kalmthout,b4-37-14,FS0092,7/4,2001,2012,2021,0,0
226,Belge_Lambert_1972 - EPSG:31370,155346.602,228995.058,24.48,GCS_WGS_1984 - EPSG:4326,4.445534,51.370677,Antwerpen,Kalmthout,Kalmthout,b4-37-14,FS0092,7/4,2001,2012,2021,0,0
227,Belge_Lambert_1972 - EPSG:31370,155502.403,229020.804,24.9,GCS_WGS_1984 - EPSG:4326,4.447772,51.370907,Antwerpen,Kalmthout,Kalmthout,b4-37-14,FS0092,7/4,2001,2012,2021,0,0
228,Belge_Lambert_1972 - EPSG:31370,155458.094,228997.488,24.57,GCS_WGS_1984 - EPSG:4326,4.447135,51.370698,Antwerpen,Kalmthout,Kalmthout,b4-37-14,FS0092,7/4,2001,2012,2021,0,0
229,Belge_Lambert_1972 - EPSG:31370,155636.138,228978.416,25.47,GCS_WGS_1984 - EPSG:4326,4.449691,51.370525,Antwerpen,Kalmthout,Kalmthout,b4-37-14,FS0092,7/4,2001,2012,2021,0,0
400,Belge_Lambert_1972 - EPSG:31370,57184.4,195618.417,20.99,GCS_WGS_1984 - EPSG:4326,3.044665,51.06327,West-Vlaanderen,Ichtegem,Ichtegem,d1-16-42,ES0356,20/3,2002,2012,0,0,0
401,Belge_Lambert_1972 - EPSG:31370,57135.514,195567.059,20.37,GCS_WGS_1984 - EPSG:4326,3.043981,51.0628,West-Vlaanderen,Ichtegem,Ichtegem,d1-16-42,ES0356,20/3,2002,2012,0,0,0
402,Belge_Lambert_1972 - EPSG:31370,57186.082,195518.916,19.37,GCS_WGS_1984 - EPSG:4326,3.044715,51.062376,West-Vlaanderen,Ichtegem,Ichtegem,d1-16-42,ES0356,20/3,2002,2012,0,0,0
403,Belge_Lambert_1972 - EPSG:31370,57133.273,195667.288,22.33,GCS_WGS_1984 - EPSG:4326,3.043924,51.063701,West-Vlaanderen,Ichtegem,Ichtegem,d1-16-42,ES0356,20/3,2002,2012,0,0,0
404,Belge_Lambert_1972 - EPSG:31370,57084.535,195616.13,21.25,GCS_WGS_1984 - EPSG:4326,3.043242,51.063233,West-Vlaanderen,Ichtegem,Ichtegem,d1-16-42,ES0356,20/3,2002,2012,0,0,0
405,Belge_Lambert_1972 - EPSG:31370,57082.862,195716.087,21.17,GCS_WGS_1984 - EPSG:4326,3.043192,51.064131,West-Vlaanderen,Ichtegem,Ichtegem,d1-16-42,ES0356,20/3,2002,2012,0,0,0
406,Belge_Lambert_1972 - EPSG:31370,57182.262,195718.439,22.43,GCS_WGS_1984 - EPSG:4326,3.04461,51.064168,West-Vlaanderen,Ichtegem,Ichtegem,d1-16-42,ES0356,20/3,2002,2012,0,0,0
407,Belge_Lambert_1972 - EPSG:31370,57087.042,195516.01,19.04,GCS_WGS_1984 - EPSG:4326,3.043303,51.062334,West-Vlaanderen,Ichtegem,Ichtegem,d1-16-42,ES0356,20/3,2002,2012,0,0,0
408,Belge_Lambert_1972 - EPSG:31370,57035.646,195565.192,20.37,GCS_WGS_1984 - EPSG:4326,3.042557,51.062767,West-Vlaanderen,Ichtegem,Ichtegem,d1-16-42,ES0256,20/3,2002,2012,0,0,0
409,Belge_Lambert_1972 - EPSG:31370,57032.94,195664.499,20.83,GCS_WGS_1984 - EPSG:4326,3.042493,51.063659,West-Vlaanderen,Ichtegem,Ichtegem,d1-16-42,ES0256,20/3,2002,2012,0,0,0
410,Belge_Lambert_1972 - EPSG:31370,56633.353,195753.397,20.17,GCS_WGS_1984 - EPSG:4326,3.036771,51.064394,West-Vlaanderen,Ichtegem,Ichtegem,d1-16-41,ES0256,20/3,2002,2012,0,0,0
411,Belge_Lambert_1972 - EPSG:31370,56787.868,195607.375,21.37,GCS_WGS_1984 - EPSG:4326,3.039013,51.063107,West-Vlaanderen,Ichtegem,Ichtegem,d1-16-41,ES0256,20/3,2002,2012,0,0,0
412,Belge_Lambert_1972 - EPSG:31370,56888.525,195610.108,21,GCS_WGS_1984 - EPSG:4326,3.040448,51.063147,West-Vlaanderen,Ichtegem,Ichtegem,d1-16-41,ES0256,20/3,2002,2012,0,0,0
413,Belge_Lambert_1972 - EPSG:31370,56733.382,195756.119,20.02,GCS_WGS_1984 - EPSG:4326,3.038198,51.064435,West-Vlaanderen,Ichtegem,Ichtegem,d1-16-41,ES0256,20/3,2002,2012,0,0,0
414,Belge_Lambert_1972 - EPSG:31370,56833.425,195759.064,20.58,GCS_WGS_1984 - EPSG:4326,3.039624,51.064477,West-Vlaanderen,Ichtegem,Ichtegem,d1-16-41,ES0256,20/3,2002,2012,0,0,0
415,Belge_Lambert_1972 - EPSG:31370,56884.795,195710.348,21.52,GCS_WGS_1984 - EPSG:4326,3.040369,51.064048,West-Vlaanderen,Ichtegem,Ichtegem,d1-16-41,ES0256,20/3,2002,2012,0,0,0
416,Belge_Lambert_1972 - EPSG:31370,56933.013,195661.097,20.65,GCS_WGS_1984 - EPSG:4326,3.041069,51.063613,West-Vlaanderen,Ichtegem,Ichtegem,d1-16-41,ES0256,20/3,2002,2012,0,0,0
417,Belge_Lambert_1972 - EPSG:31370,56984.619,195613.291,20.4,GCS_WGS_1984 - EPSG:4326,3.041817,51.063191,West-Vlaanderen,Ichtegem,Ichtegem,d1-16-41,ES0256,20/3,2002,2012,0,0,0
418,Belge_Lambert_1972 - EPSG:31370,56981.265,195712.833,20.82,GCS_WGS_1984 - EPSG:4326,3.041744,51.064086,West-Vlaanderen,Ichtegem,Ichtegem,d1-16-41,ES0256,20/3,2002,2012,0,0,0
419,Belge_Lambert_1972 - EPSG:31370,56684.504,195704.997,20.42,GCS_WGS_1984 - EPSG:4326,3.037513,51.063967,West-Vlaanderen,Ichtegem,Ichtegem,d1-16-41,ES0256,20/3,2002,2012,0,0,0
420,Belge_Lambert_1972 - EPSG:31370,56736.095,195656.58,21.97,GCS_WGS_1984 - EPSG:4326,3.038262,51.063541,West-Vlaanderen,Ichtegem,Ichtegem,d1-16-41,ES0256,20/3,2002,2012,0,0,0
421,Belge_Lambert_1972 - EPSG:31370,56784.938,195707.398,21.42,GCS_WGS_1984 - EPSG:4326,3.038945,51.064005,West-Vlaanderen,Ichtegem,Ichtegem,d1-16-41,ES0256,20/3,2002,2012,0,0,0
422,Belge_Lambert_1972 - EPSG:31370,56836.345,195659.129,22,GCS_WGS_1984 - EPSG:4326,3.039691,51.06358,West-Vlaanderen,Ichtegem,Ichtegem,d1-16-41,ES0256,20/3,2002,2012,0,0,0
423,Belge_Lambert_1972 - EPSG:31370,56687.089,195604.897,21.14,GCS_WGS_1984 - EPSG:4326,3.037576,51.063068,West-Vlaanderen,Ichtegem,Ichtegem,d1-16-41,ES0256,20/3,2002,2012,0,0,0
424,Belge_Lambert_1972 - EPSG:31370,56739.642,195555.684,20.95,GCS_WGS_1984 - EPSG:4326,3.038338,51.062634,West-Vlaanderen,Ichtegem,Ichtegem,d1-16-41,ES0256,20/3,2002,2012,0,0,0
425,Belge_Lambert_1972 - EPSG:31370,56790.849,195507.722,20.64,GCS_WGS_1984 - EPSG:4326,3.039081,51.062211,West-Vlaanderen,Ichtegem,Ichtegem,d1-16-41,ES0256,20/3,2002,2012,0,0,0
426,Belge_Lambert_1972 - EPSG:31370,56839.519,195559.011,20.67,GCS_WGS_1984 - EPSG:4326,3.039762,51.06268,West-Vlaanderen,Ichtegem,Ichtegem,d1-16-41,ES0256,20/3,2002,2012,0,0,0
427,Belge_Lambert_1972 - EPSG:31370,56891.212,195511.156,20.19,GCS_WGS_1984 - EPSG:4326,3.040511,51.062258,West-Vlaanderen,Ichtegem,Ichtegem,d1-16-41,ES0256,20/3,2002,2012,0,0,0
428,Belge_Lambert_1972 - EPSG:31370,56939.489,195562.727,20.31,GCS_WGS_1984 - EPSG:4326,3.041187,51.06273,West-Vlaanderen,Ichtegem,Ichtegem,d1-16-41,ES0256,20/3,2002,2012,0,0,0
429,Belge_Lambert_1972 - EPSG:31370,56990.896,195513.315,19.86,GCS_WGS_1984 - EPSG:4326,3.041932,51.062294,West-Vlaanderen,Ichtegem,Ichtegem,d1-16-41,ES0256,20/3,2002,2012,0,0,0
430,Belge_Lambert_1972 - EPSG:31370,57166.945,196317.201,21.97,GCS_WGS_1984 - EPSG:4326,3.044239,51.069547,West-Vlaanderen,Ichtegem,Ichtegem,d1-16-24,ES0357,20/3,2002,2012,0,0,0
431,Belge_Lambert_1972 - EPSG:31370,57069.571,196214.992,22.3,GCS_WGS_1984 - EPSG:4326,3.042876,51.068613,West-Vlaanderen,Ichtegem,Ichtegem,d1-16-24,ES0357,20/3,2002,2012,0,0,0
432,Belge_Lambert_1972 - EPSG:31370,57117.962,196265.842,22.61,GCS_WGS_1984 - EPSG:4326,3.043553,51.069078,West-Vlaanderen,Ichtegem,Ichtegem,d1-16-24,ES0357,20/3,2002,2012,0,0,0
433,Belge_Lambert_1972 - EPSG:31370,57115.454,196366.297,22.52,GCS_WGS_1984 - EPSG:4326,3.043492,51.06998,West-Vlaanderen,Ichtegem,Ichtegem,d1-16-24,ES0357,20/3,2002,2012,0,0,0
434,Belge_Lambert_1972 - EPSG:31370,57112.903,196466.117,24.43,GCS_WGS_1984 - EPSG:4326,3.04343,51.070877,West-Vlaanderen,Ichtegem,Ichtegem,d1-16-24,ES0357,20/3,2002,2012,0,0,0
435,Belge_Lambert_1972 - EPSG:31370,57169.51,196217.4,20.94,GCS_WGS_1984 - EPSG:4326,3.044301,51.06865,West-Vlaanderen,Ichtegem,Ichtegem,d1-16-24,ES0357,20/3,2002,2012,0,0,0
436,Belge_Lambert_1972 - EPSG:31370,57164.314,196417.39,23.8,GCS_WGS_1984 - EPSG:4326,3.044176,51.070447,West-Vlaanderen,Ichtegem,Ichtegem,d1-16-24,ES0357,20/3,2002,2012,0,0,0
437,Belge_Lambert_1972 - EPSG:31370,57161.719,196517.258,25.15,GCS_WGS_1984 - EPSG:4326,3.044113,51.071344,West-Vlaanderen,Ichtegem,Ichtegem,d1-16-24,ES0357,20/3,2002,2012,0,0,0
438,Belge_Lambert_1972 - EPSG:31370,57126.166,195966.214,21.08,GCS_WGS_1984 - EPSG:4326,3.043746,51.066386,West-Vlaanderen,Ichtegem,Ichtegem,d1-16-42,ES0357,20/3,2002,2012,0,0,0
439,Belge_Lambert_1972 - EPSG:31370,57174.657,196017.341,20.48,GCS_WGS_1984 - EPSG:4326,3.044425,51.066853,West-Vlaanderen,Ichtegem,Ichtegem,d1-16-42,ES0357,20/3,2002,2012,0,0,0
440,Belge_Lambert_1972 - EPSG:31370,57073.784,196015.086,21.65,GCS_WGS_1984 - EPSG:4326,3.042987,51.066817,West-Vlaanderen,Ichtegem,Ichtegem,d1-16-42,ES0357,20/3,2002,2012,0,0,0
441,Belge_Lambert_1972 - EPSG:31370,57071.873,196115.381,21.04,GCS_WGS_1984 - EPSG:4326,3.042934,51.067718,West-Vlaanderen,Ichtegem,Ichtegem,d1-16-42,ES0357,20/3,2002,2012,0,0,0
442,Belge_Lambert_1972 - EPSG:31370,57122.277,196066.209,20.73,GCS_WGS_1984 - EPSG:4326,3.043665,51.067284,West-Vlaanderen,Ichtegem,Ichtegem,d1-16-42,ES0357,20/3,2002,2012,0,0,0
443,Belge_Lambert_1972 - EPSG:31370,57120.444,196166.11,20.98,GCS_WGS_1984 - EPSG:4326,3.043614,51.068182,West-Vlaanderen,Ichtegem,Ichtegem,d1-16-42,ES0357,20/3,2002,2012,0,0,0
444,Belge_Lambert_1972 - EPSG:31370,57171.475,196117.057,20.54,GCS_WGS_1984 - EPSG:4326,3.044354,51.067749,West-Vlaanderen,Ichtegem,Ichtegem,d1-16-42,ES0357,20/3,2002,2012,0,0,0
445,Belge_Lambert_1972 - EPSG:31370,57079.806,195814.958,21.56,GCS_WGS_1984 - EPSG:4326,3.043124,51.065019,West-Vlaanderen,Ichtegem,Ichtegem,d1-16-42,ES0357,20/3,2002,2012,0,0,0
446,Belge_Lambert_1972 - EPSG:31370,57128.749,195866.021,21.16,GCS_WGS_1984 - EPSG:4326,3.043809,51.065486,West-Vlaanderen,Ichtegem,Ichtegem,d1-16-42,ES0357,20/3,2002,2012,0,0,0
447,Belge_Lambert_1972 - EPSG:31370,57077.525,195914.839,20.37,GCS_WGS_1984 - EPSG:4326,3.043066,51.065916,West-Vlaanderen,Ichtegem,Ichtegem,d1-16-42,ES0357,20/3,2002,2012,0,0,0
448,Belge_Lambert_1972 - EPSG:31370,57179.778,195818.276,22.93,GCS_WGS_1984 - EPSG:4326,3.044549,51.065065,West-Vlaanderen,Ichtegem,Ichtegem,d1-16-42,ES0357,20/3,2002,2012,0,0,0
449,Belge_Lambert_1972 - EPSG:31370,57130.97,195767.612,21.78,GCS_WGS_1984 - EPSG:4326,3.043865,51.064602,West-Vlaanderen,Ichtegem,Ichtegem,d1-16-42,ES0357,20/3,2002,2012,0,0,0
450,Belge_Lambert_1972 - EPSG:31370,57177.689,195917.837,21.52,GCS_WGS_1984 - EPSG:4326,3.044494,51.065959,West-Vlaanderen,Ichtegem,Ichtegem,d1-16-42,ES0357,20/3,2002,2012,0,0,0
451,Belge_Lambert_1972 - EPSG:31370,57067.057,196315.778,22.85,GCS_WGS_1984 - EPSG:4326,3.042814,51.069518,West-Vlaanderen,Ichtegem,Ichtegem,d1-16-24,ES0257,20/3,2002,2012,0,0,0
452,Belge_Lambert_1972 - EPSG:31370,57064.331,196415.732,23.59,GCS_WGS_1984 - EPSG:4326,3.04275,51.070416,West-Vlaanderen,Ichtegem,Ichtegem,d1-16-24,ES0257,20/3,2002,2012,0,0,0
453,Belge_Lambert_1972 - EPSG:31370,57061.4,196515.756,25.28,GCS_WGS_1984 - EPSG:4326,3.042683,51.071315,West-Vlaanderen,Ichtegem,Ichtegem,d1-16-24,ES0257,20/3,2002,2012,0,0,0
454,Belge_Lambert_1972 - EPSG:31370,57015.494,196364.474,23.05,GCS_WGS_1984 - EPSG:4326,3.042066,51.069948,West-Vlaanderen,Ichtegem,Ichtegem,d1-16-23,ES0257,20/3,2002,2012,0,0,0
455,Belge_Lambert_1972 - EPSG:31370,56513.448,196449.938,29.76,GCS_WGS_1984 - EPSG:4326,3.034883,51.070635,West-Vlaanderen,Ichtegem,Ichtegem,d1-16-23,ES0257,20/3,2002,2012,0,0,0
456,Belge_Lambert_1972 - EPSG:31370,56567.804,196301.377,25.46,GCS_WGS_1984 - EPSG:4326,3.035696,51.069308,West-Vlaanderen,Ichtegem,Ichtegem,d1-16-23,ES0257,20/3,2002,2012,0,0,0
457,Belge_Lambert_1972 - EPSG:31370,56564.877,196401.458,27.62,GCS_WGS_1984 - EPSG:4326,3.035629,51.070207,West-Vlaanderen,Ichtegem,Ichtegem,d1-16-23,ES0257,20/3,2002,2012,0,0,0
458,Belge_Lambert_1972 - EPSG:31370,56562.388,196499.808,30.52,GCS_WGS_1984 - EPSG:4326,3.035568,51.071091,West-Vlaanderen,Ichtegem,Ichtegem,d1-16-23,ES0257,20/3,2002,2012,0,0,0
459,Belge_Lambert_1972 - EPSG:31370,56619.242,196252.901,25.05,GCS_WGS_1984 - EPSG:4326,3.036442,51.068881,West-Vlaanderen,Ichtegem,Ichtegem,d1-16-23,ES0257,20/3,2002,2012,0,0,0
460,Belge_Lambert_1972 - EPSG:31370,56616.247,196352.868,25.76,GCS_WGS_1984 - EPSG:4326,3.036374,51.069779,West-Vlaanderen,Ichtegem,Ichtegem,d1-16-23,ES0257,20/3,2002,2012,0,0,0
461,Belge_Lambert_1972 - EPSG:31370,56613.636,196452.855,28.49,GCS_WGS_1984 - EPSG:4326,3.036311,51.070677,West-Vlaanderen,Ichtegem,Ichtegem,d1-16-23,ES0257,20/3,2002,2012,0,0,0
462,Belge_Lambert_1972 - EPSG:31370,56670.417,196204.525,24.1,GCS_WGS_1984 - EPSG:4326,3.037185,51.068455,West-Vlaanderen,Ichtegem,Ichtegem,d1-16-23,ES0257,20/3,2002,2012,0,0,0
463,Belge_Lambert_1972 - EPSG:31370,56667.768,196304.429,25.24,GCS_WGS_1984 - EPSG:4326,3.037121,51.069352,West-Vlaanderen,Ichtegem,Ichtegem,d1-16-23,ES0257,20/3,2002,2012,0,0,0
464,Belge_Lambert_1972 - EPSG:31370,56661.772,196504.293,29.49,GCS_WGS_1984 - EPSG:4326,3.036985,51.071147,West-Vlaanderen,Ichtegem,Ichtegem,d1-16-23,ES0257,20/3,2002,2012,0,0,0
465,Belge_Lambert_1972 - EPSG:31370,56719.163,196255.84,23.98,GCS_WGS_1984 - EPSG:4326,3.037867,51.068924,West-Vlaanderen,Ichtegem,Ichtegem,d1-16-23,ES0257,20/3,2002,2012,0,0,0
466,Belge_Lambert_1972 - EPSG:31370,56713.171,196455.654,27.11,GCS_WGS_1984 - EPSG:4326,3.03773,51.070718,West-Vlaanderen,Ichtegem,Ichtegem,d1-16-23,ES0257,20/3,2002,2012,0,0,0
467,Belge_Lambert_1972 - EPSG:31370,56767.516,196307.138,24.19,GCS_WGS_1984 - EPSG:4326,3.038544,51.069392,West-Vlaanderen,Ichtegem,Ichtegem,d1-16-23,ES0257,20/3,2002,2012,0,0,0
468,Belge_Lambert_1972 - EPSG:31370,56764.482,196407.111,25.46,GCS_WGS_1984 - EPSG:4326,3.038475,51.07029,West-Vlaanderen,Ichtegem,Ichtegem,d1-16-23,ES0257,20/3,2002,2012,0,0,0
469,Belge_Lambert_1972 - EPSG:31370,56760.935,196506.974,28.43,GCS_WGS_1984 - EPSG:4326,3.038399,51.071187,West-Vlaanderen,Ichtegem,Ichtegem,d1-16-23,ES0257,20/3,2002,2012,0,0,0
470,Belge_Lambert_1972 - EPSG:31370,56816.186,196358.825,24.27,GCS_WGS_1984 - EPSG:4326,3.039225,51.069865,West-Vlaanderen,Ichtegem,Ichtegem,d1-16-23,ES0257,20/3,2002,2012,0,0,0
471,Belge_Lambert_1972 - EPSG:31370,56813.04,196458.473,26.5,GCS_WGS_1984 - EPSG:4326,3.039154,51.07076,West-Vlaanderen,Ichtegem,Ichtegem,d1-16-23,ES0257,20/3,2002,2012,0,0,0
472,Belge_Lambert_1972 - EPSG:31370,56870.268,196209.929,23.36,GCS_WGS_1984 - EPSG:4326,3.040034,51.068535,West-Vlaanderen,Ichtegem,Ichtegem,d1-16-23,ES0257,20/3,2002,2012,0,0,0
473,Belge_Lambert_1972 - EPSG:31370,56867.045,196309.725,24.11,GCS_WGS_1984 - EPSG:4326,3.039963,51.069432,West-Vlaanderen,Ichtegem,Ichtegem,d1-16-23,ES0257,20/3,2002,2012,0,0,0
474,Belge_Lambert_1972 - EPSG:31370,56864.511,196409.66,25.13,GCS_WGS_1984 - EPSG:4326,3.039901,51.070329,West-Vlaanderen,Ichtegem,Ichtegem,d1-16-23,ES0257,20/3,2002,2012,0,0,0
475,Belge_Lambert_1972 - EPSG:31370,56861.86,196510.306,27.16,GCS_WGS_1984 - EPSG:4326,3.039838,51.071234,West-Vlaanderen,Ichtegem,Ichtegem,d1-16-23,ES0257,20/3,2002,2012,0,0,0
476,Belge_Lambert_1972 - EPSG:31370,56919.005,196261.78,24.3,GCS_WGS_1984 - EPSG:4326,3.040716,51.069009,West-Vlaanderen,Ichtegem,Ichtegem,d1-16-23,ES0257,20/3,2002,2012,0,0,0
477,Belge_Lambert_1972 - EPSG:31370,56915.869,196361.077,24.35,GCS_WGS_1984 - EPSG:4326,3.040646,51.069901,West-Vlaanderen,Ichtegem,Ichtegem,d1-16-23,ES0257,20/3,2002,2012,0,0,0
478,Belge_Lambert_1972 - EPSG:31370,56913.099,196461.869,25.26,GCS_WGS_1984 - EPSG:4326,3.040581,51.070806,West-Vlaanderen,Ichtegem,Ichtegem,d1-16-23,ES0257,20/3,2002,2012,0,0,0
479,Belge_Lambert_1972 - EPSG:31370,56969.449,196212.889,24.13,GCS_WGS_1984 - EPSG:4326,3.041448,51.068578,West-Vlaanderen,Ichtegem,Ichtegem,d1-16-23,ES0257,20/3,2002,2012,0,0,0
480,Belge_Lambert_1972 - EPSG:31370,56966.515,196313.683,24.1,GCS_WGS_1984 - EPSG:4326,3.041381,51.069483,West-Vlaanderen,Ichtegem,Ichtegem,d1-16-23,ES0257,20/3,2002,2012,0,0,0
481,Belge_Lambert_1972 - EPSG:31370,56964.46,196413.253,23.91,GCS_WGS_1984 - EPSG:4326,3.041326,51.070378,West-Vlaanderen,Ichtegem,Ichtegem,d1-16-23,ES0257,20/3,2002,2012,0,0,0
482,Belge_Lambert_1972 - EPSG:31370,56961.253,196513.096,26.26,GCS_WGS_1984 - EPSG:4326,3.041255,51.071275,West-Vlaanderen,Ichtegem,Ichtegem,d1-16-23,ES0257,20/3,2002,2012,0,0,0
483,Belge_Lambert_1972 - EPSG:31370,57016.791,196263.603,23.91,GCS_WGS_1984 - EPSG:4326,3.042111,51.069041,West-Vlaanderen,Ichtegem,Ichtegem,d1-16-23,ES0257,20/3,2002,2012,0,0,0
484,Belge_Lambert_1972 - EPSG:31370,57013.352,196464.089,24.41,GCS_WGS_1984 - EPSG:4326,3.04201,51.070843000000004,West-Vlaanderen,Ichtegem,Ichtegem,d1-16-23,ES0257,20/3,2002,2012,0,0,0
485,Belge_Lambert_1972 - EPSG:31370,56771.173,196208.665,23.01,GCS_WGS_1984 - EPSG:4326,3.038621,51.068508,West-Vlaanderen,Ichtegem,Ichtegem,d1-16-23,ES0257,20/3,2002,2012,0,0,0
486,Belge_Lambert_1972 - EPSG:31370,56819.106,196258.902,23.44,GCS_WGS_1984 - EPSG:4326,3.039292,51.068967,West-Vlaanderen,Ichtegem,Ichtegem,d1-16-23,ES0257,20/3,2002,2012,0,0,0
487,Belge_Lambert_1972 - EPSG:31370,57025.412,195963.694,20.7,GCS_WGS_1984 - EPSG:4326,3.04231,51.066347,West-Vlaanderen,Ichtegem,Ichtegem,d1-16-42,ES0257,20/3,2002,2012,0,0,0
488,Belge_Lambert_1972 - EPSG:31370,57022.822,196063.691,21.6,GCS_WGS_1984 - EPSG:4326,3.042247,51.067245,West-Vlaanderen,Ichtegem,Ichtegem,d1-16-42,ES0257,20/3,2002,2012,0,0,0
489,Belge_Lambert_1972 - EPSG:31370,57020.246,196163.654,22.49,GCS_WGS_1984 - EPSG:4326,3.042185,51.068143,West-Vlaanderen,Ichtegem,Ichtegem,d1-16-42,ES0257,20/3,2002,2012,0,0,0
490,Belge_Lambert_1972 - EPSG:31370,57030.637,195764.15,20.49,GCS_WGS_1984 - EPSG:4326,3.042435,51.064555,West-Vlaanderen,Ichtegem,Ichtegem,d1-16-42,ES0257,20/3,2002,2012,0,0,0
491,Belge_Lambert_1972 - EPSG:31370,57028.701,195863.692,20.06,GCS_WGS_1984 - EPSG:4326,3.042382,51.065449,West-Vlaanderen,Ichtegem,Ichtegem,d1-16-42,ES0257,20/3,2002,2012,0,0,0
492,Belge_Lambert_1972 - EPSG:31370,56630.489,195853.998,20.17,GCS_WGS_1984 - EPSG:4326,3.036705,51.065298,West-Vlaanderen,Ichtegem,Ichtegem,d1-16-41,ES0257,20/3,2002,2012,0,0,0
493,Belge_Lambert_1972 - EPSG:31370,56627.942,195954.123,20.89,GCS_WGS_1984 - EPSG:4326,3.036643,51.066197,West-Vlaanderen,Ichtegem,Ichtegem,d1-16-41,ES0257,20/3,2002,2012,0,0,0
494,Belge_Lambert_1972 - EPSG:31370,56621.755,196153.343,23.68,GCS_WGS_1984 - EPSG:4326,3.036504,51.067987,West-Vlaanderen,Ichtegem,Ichtegem,d1-16-41,ES0257,20/3,2002,2012,0,0,0
495,Belge_Lambert_1972 - EPSG:31370,56679.408,195905.347,20.52,GCS_WGS_1984 - EPSG:4326,3.03739,51.065767,West-Vlaanderen,Ichtegem,Ichtegem,d1-16-41,ES0257,20/3,2002,2012,0,0,0
496,Belge_Lambert_1972 - EPSG:31370,56676.608,196005.37,21.71,GCS_WGS_1984 - EPSG:4326,3.037324,51.066666,West-Vlaanderen,Ichtegem,Ichtegem,d1-16-41,ES0257,20/3,2002,2012,0,0,0
497,Belge_Lambert_1972 - EPSG:31370,56674.035,196105.274,22.4,GCS_WGS_1984 - EPSG:4326,3.037262,51.067563,West-Vlaanderen,Ichtegem,Ichtegem,d1-16-41,ES0257,20/3,2002,2012,0,0,0
498,Belge_Lambert_1972 - EPSG:31370,56776.498,196007.687,21.54,GCS_WGS_1984 - EPSG:4326,3.038748,51.066703,West-Vlaanderen,Ichtegem,Ichtegem,d1-16-41,ES0257,20/3,2002,2012,0,0,0
499,Belge_Lambert_1972 - EPSG:31370,56773.51,196107.162,22.01,GCS_WGS_1984 - EPSG:4326,3.03868,51.067596,West-Vlaanderen,Ichtegem,Ichtegem,d1-16-41,ES0257,20/3,2002,2012,0,0,0
500,Belge_Lambert_1972 - EPSG:31370,56827.519,195958.941,20.64,GCS_WGS_1984 - EPSG:4326,3.039488,51.066273,West-Vlaanderen,Ichtegem,Ichtegem,d1-16-41,ES0257,20/3,2002,2012,0,0,0
501,Belge_Lambert_1972 - EPSG:31370,56824.704,196058.94,21.72,GCS_WGS_1984 - EPSG:4326,3.039423,51.067171,West-Vlaanderen,Ichtegem,Ichtegem,d1-16-41,ES0257,20/3,2002,2012,0,0,0
502,Belge_Lambert_1972 - EPSG:31370,56873.653,196010.157,21.19,GCS_WGS_1984 - EPSG:4326,3.040133,51.06674,West-Vlaanderen,Ichtegem,Ichtegem,d1-16-41,ES0257,20/3,2002,2012,0,0,0
503,Belge_Lambert_1972 - EPSG:31370,56872.966,196110.033,21.47,GCS_WGS_1984 - EPSG:4326,3.040098,51.067638,West-Vlaanderen,Ichtegem,Ichtegem,d1-16-41,ES0257,20/3,2002,2012,0,0,0
504,Belge_Lambert_1972 - EPSG:31370,56925.314,195961.368,20.38,GCS_WGS_1984 - EPSG:4326,3.040883,51.06631,West-Vlaanderen,Ichtegem,Ichtegem,d1-16-41,ES0257,20/3,2002,2012,0,0,0
505,Belge_Lambert_1972 - EPSG:31370,56922.599,196061.248,21.32,GCS_WGS_1984 - EPSG:4326,3.040819,51.067207,West-Vlaanderen,Ichtegem,Ichtegem,d1-16-41,ES0257,20/3,2002,2012,0,0,0
506,Belge_Lambert_1972 - EPSG:31370,56920.239,196159.577,22.44,GCS_WGS_1984 - EPSG:4326,3.04076,51.068091,West-Vlaanderen,Ichtegem,Ichtegem,d1-16-41,ES0257,20/3,2002,2012,0,0,0
507,Belge_Lambert_1972 - EPSG:31370,56682.919,195804.899,19.98,GCS_WGS_1984 - EPSG:4326,3.037465,51.064865,West-Vlaanderen,Ichtegem,Ichtegem,d1-16-41,ES0257,20/3,2002,2012,0,0,0
508,Belge_Lambert_1972 - EPSG:31370,56729.376,195856.077,19.98,GCS_WGS_1984 - EPSG:4326,3.038115,51.065332,West-Vlaanderen,Ichtegem,Ichtegem,d1-16-41,ES0257,20/3,2002,2012,0,0,0
509,Belge_Lambert_1972 - EPSG:31370,56727.563,195956.353,20.93,GCS_WGS_1984 - EPSG:4326,3.038063,51.066233,West-Vlaanderen,Ichtegem,Ichtegem,d1-16-41,ES0257,20/3,2002,2012,0,0,0
510,Belge_Lambert_1972 - EPSG:31370,56724.201,196056.317,21.92,GCS_WGS_1984 - EPSG:4326,3.03799,51.067131,West-Vlaanderen,Ichtegem,Ichtegem,d1-16-41,ES0257,20/3,2002,2012,0,0,0
511,Belge_Lambert_1972 - EPSG:31370,56722.056,196154.703,23.39,GCS_WGS_1984 - EPSG:4326,3.037934,51.068015,West-Vlaanderen,Ichtegem,Ichtegem,d1-16-41,ES0257,20/3,2002,2012,0,0,0
512,Belge_Lambert_1972 - EPSG:31370,56779.062,195907.58,20.29,GCS_WGS_1984 - EPSG:4326,3.03881,51.065803,West-Vlaanderen,Ichtegem,Ichtegem,d1-16-41,ES0257,20/3,2002,2012,0,0,0
513,Belge_Lambert_1972 - EPSG:31370,56821.897,196158.88,23.6,GCS_WGS_1984 - EPSG:4326,3.039357,51.068069,West-Vlaanderen,Ichtegem,Ichtegem,d1-16-41,ES0257,20/3,2002,2012,0,0,0
514,Belge_Lambert_1972 - EPSG:31370,56973.648,196012.359,20.9,GCS_WGS_1984 - EPSG:4326,3.041559,51.066776,West-Vlaanderen,Ichtegem,Ichtegem,d1-16-41,ES0257,20/3,2002,2012,0,0,0
515,Belge_Lambert_1972 - EPSG:31370,56971.515,196112.428,21.64,GCS_WGS_1984 - EPSG:4326,3.041503,51.067675,West-Vlaanderen,Ichtegem,Ichtegem,d1-16-41,ES0257,20/3,2002,2012,0,0,0
516,Belge_Lambert_1972 - EPSG:31370,56781.721,195807.408,20.56,GCS_WGS_1984 - EPSG:4326,3.038874,51.064903,West-Vlaanderen,Ichtegem,Ichtegem,d1-16-41,ES0257,20/3,2002,2012,0,0,0
517,Belge_Lambert_1972 - EPSG:31370,56933.283,195761.627,21.4,GCS_WGS_1984 - EPSG:4326,3.041047,51.064516,West-Vlaanderen,Ichtegem,Ichtegem,d1-16-41,ES0257,20/3,2002,2012,0,0,0
518,Belge_Lambert_1972 - EPSG:31370,56930.503,195862.001,21.17,GCS_WGS_1984 - EPSG:4326,3.040982,51.065418,West-Vlaanderen,Ichtegem,Ichtegem,d1-16-41,ES0257,20/3,2002,2012,0,0,0
519,Belge_Lambert_1972 - EPSG:31370,56830.498,195859.012,20.19,GCS_WGS_1984 - EPSG:4326,3.039556,51.065375,West-Vlaanderen,Ichtegem,Ichtegem,d1-16-41,ES0257,20/3,2002,2012,0,0,0
520,Belge_Lambert_1972 - EPSG:31370,56881.875,195810.403,20.64,GCS_WGS_1984 - EPSG:4326,3.040302,51.064946,West-Vlaanderen,Ichtegem,Ichtegem,d1-16-41,ES0257,20/3,2002,2012,0,0,0
521,Belge_Lambert_1972 - EPSG:31370,56878.531,195910.277,19.75,GCS_WGS_1984 - EPSG:4326,3.040228,51.065844,West-Vlaanderen,Ichtegem,Ichtegem,d1-16-41,ES0257,20/3,2002,2012,0,0,0
522,Belge_Lambert_1972 - EPSG:31370,56978.891,195812.566,21.36,GCS_WGS_1984 - EPSG:4326,3.041685,51.064981,West-Vlaanderen,Ichtegem,Ichtegem,d1-16-41,ES0257,20/3,2002,2012,0,0,0
523,Belge_Lambert_1972 - EPSG:31370,56975.644,195914.359,20.82,GCS_WGS_1984 - EPSG:4326,3.041613,51.065896,West-Vlaanderen,Ichtegem,Ichtegem,d1-16-41,ES0257,20/3,2002,2012,0,0,0
701,Belge_Lambert_1972 - EPSG:31370,124333.717,206482.718,4.84,GCS_WGS_1984 - EPSG:4326,4.001805,51.167789,Oost-Vlaanderen,Sint-Niklaas,Sinaai,c3-37-43,ES7068,14/8,2003,2013,0,0,0
702,Belge_Lambert_1972 - EPSG:31370,124031.416,206493.819,4.56,GCS_WGS_1984 - EPSG:4326,3.997482,51.167875,Oost-Vlaanderen,Sint-Niklaas,Sinaai,c3-37-43,ES6968,14/8,2003,2013,0,0,0
703,Belge_Lambert_1972 - EPSG:31370,124075.347,206327.174,4.57,GCS_WGS_1984 - EPSG:4326,3.998122,51.16638,Oost-Vlaanderen,Sint-Niklaas,Sinaai,c3-37-43,ES6968,14/8,2003,2013,0,0,0
704,Belge_Lambert_1972 - EPSG:31370,124096.179,206398.011,4.8,GCS_WGS_1984 - EPSG:4326,3.998415,51.167017,Oost-Vlaanderen,Sint-Niklaas,Sinaai,c3-37-43,ES6968,14/8,2003,2013,0,0,0
705,Belge_Lambert_1972 - EPSG:31370,124098.682,206477.086,4.77,GCS_WGS_1984 - EPSG:4326,3.998445,51.167728,Oost-Vlaanderen,Sint-Niklaas,Sinaai,c3-37-43,ES6968,14/8,2003,2013,0,0,0
706,Belge_Lambert_1972 - EPSG:31370,124169.595,206361.763,4.83,GCS_WGS_1984 - EPSG:4326,3.999467,51.166695,Oost-Vlaanderen,Sint-Niklaas,Sinaai,c3-37-43,ES6968,14/8,2003,2013,0,0,0
707,Belge_Lambert_1972 - EPSG:31370,124248.47,206429.542,4.65,GCS_WGS_1984 - EPSG:4326,4.00059,51.167307,Oost-Vlaanderen,Sint-Niklaas,Sinaai,c3-37-43,ES6968,14/8,2003,2013,0,0,0
708,Belge_Lambert_1972 - EPSG:31370,124168.617,206460.426,4.4,GCS_WGS_1984 - EPSG:4326,3.999446,51.167581,Oost-Vlaanderen,Sint-Niklaas,Sinaai,c3-37-43,ES6968,14/8,2003,2013,0,0,0
709,Belge_Lambert_1972 - EPSG:31370,124261.81,206522.119,4.58,GCS_WGS_1984 - EPSG:4326,4.000774,51.16814,Oost-Vlaanderen,Sint-Niklaas,Sinaai,c3-37-43,ES6968,14/8,2003,2013,0,0,0
710,Belge_Lambert_1972 - EPSG:31370,124020.363,206326.874,4.54,GCS_WGS_1984 - EPSG:4326,3.9973359999999998,51.166374,Oost-Vlaanderen,Sint-Niklaas,Sinaai,c3-37-43,ES6968,14/8,2003,2013,0,0,0
711,Belge_Lambert_1972 - EPSG:31370,123862.559,206387.79,4.32,GCS_WGS_1984 - EPSG:4326,3.995076,51.166915,Oost-Vlaanderen,Sint-Niklaas,Sinaai,c3-37-34,ES6968,14/8,2003,2013,0,0,0
712,Belge_Lambert_1972 - EPSG:31370,123944.444,206439,4.45,GCS_WGS_1984 - EPSG:4326,3.996243,51.167379,Oost-Vlaanderen,Sint-Niklaas,Sinaai,c3-37-34,ES6968,14/8,2003,2013,0,0,0
713,Belge_Lambert_1972 - EPSG:31370,123791.236,206399.879,4.58,GCS_WGS_1984 - EPSG:4326,3.994055,51.16702,Oost-Vlaanderen,Sint-Niklaas,Sinaai,c3-37-34,ES6968,14/8,2003,2013,0,0,0
714,Belge_Lambert_1972 - EPSG:31370,123877.817,206456.262,4.3,GCS_WGS_1984 - EPSG:4326,3.995289,51.167531,Oost-Vlaanderen,Sint-Niklaas,Sinaai,c3-37-34,ES6968,14/8,2003,2013,0,0,0
715,Belge_Lambert_1972 - EPSG:31370,123964.216,206508.286,4.59,GCS_WGS_1984 - EPSG:4326,3.99652,51.168002,Oost-Vlaanderen,Sint-Niklaas,Sinaai,c3-37-34,ES6968,14/8,2003,2013,0,0,0
716,Belge_Lambert_1972 - EPSG:31370,123806.792,206477.223,4.38,GCS_WGS_1984 - EPSG:4326,3.994272,51.167716,Oost-Vlaanderen,Sint-Niklaas,Sinaai,c3-37-34,ES6968,14/8,2003,2013,0,0,0
717,Belge_Lambert_1972 - EPSG:31370,123889.063,206523.441,4.42,GCS_WGS_1984 - EPSG:4326,3.995445,51.168135,Oost-Vlaanderen,Sint-Niklaas,Sinaai,c3-37-34,ES6968,14/8,2003,2013,0,0,0
718,Belge_Lambert_1972 - EPSG:31370,123731.796,206531.903,4.47,GCS_WGS_1984 - EPSG:4326,3.993196,51.168204,Oost-Vlaanderen,Sint-Niklaas,Sinaai,c3-37-34,ES6968,14/8,2003,2013,0,0,0
719,Belge_Lambert_1972 - EPSG:31370,124013.684,206423.888,4.47,GCS_WGS_1984 - EPSG:4326,3.997234,51.167246,Oost-Vlaanderen,Sint-Niklaas,Sinaai,c3-37-34,ES6968,14/8,2003,2013,0,0,0
720,Belge_Lambert_1972 - EPSG:31370,123897.937,206221.297,4.46,GCS_WGS_1984 - EPSG:4326,3.995593,51.16542,Oost-Vlaanderen,Sint-Niklaas,Sinaai,c3-37-34,ES6968,14/8,2003,2013,0,0,0
721,Belge_Lambert_1972 - EPSG:31370,123989.991,206276.99,4.4,GCS_WGS_1984 - EPSG:4326,3.996905,51.165925,Oost-Vlaanderen,Sint-Niklaas,Sinaai,c3-37-34,ES6968,14/8,2003,2013,0,0,0
722,Belge_Lambert_1972 - EPSG:31370,123840.789,206222.101,4.49,GCS_WGS_1984 - EPSG:4326,3.994776,51.165425,Oost-Vlaanderen,Sint-Niklaas,Sinaai,c3-37-34,ES6968,14/8,2003,2013,0,0,0
723,Belge_Lambert_1972 - EPSG:31370,123931.919,206279.454,4.39,GCS_WGS_1984 - EPSG:4326,3.996075,51.165944,Oost-Vlaanderen,Sint-Niklaas,Sinaai,c3-37-34,ES6968,14/8,2003,2013,0,0,0
724,Belge_Lambert_1972 - EPSG:31370,123775.709,206332.515,4.38,GCS_WGS_1984 - EPSG:4326,3.9938380000000002,51.166414,Oost-Vlaanderen,Sint-Niklaas,Sinaai,c3-37-34,ES6968,14/8,2003,2013,0,0,0
725,Belge_Lambert_1972 - EPSG:31370,123838.229,206331.733,4.39,GCS_WGS_1984 - EPSG:4326,3.994732,51.16641,Oost-Vlaanderen,Sint-Niklaas,Sinaai,c3-37-34,ES6968,14/8,2003,2013,0,0,0
726,Belge_Lambert_1972 - EPSG:31370,123923.515,206384.251,4.49,GCS_WGS_1984 - EPSG:4326,3.995947,51.166886,Oost-Vlaanderen,Sint-Niklaas,Sinaai,c3-37-34,ES6968,14/8,2003,2013,0,0,0
727,Belge_Lambert_1972 - EPSG:31370,124429.571,206631.766,4.45,GCS_WGS_1984 - EPSG:4326,4.003165,51.169133,Oost-Vlaanderen,Sint-Niklaas,Sinaai,c3-37-43,ES7069,14/8,2003,2013,0,0,0
728,Belge_Lambert_1972 - EPSG:31370,124443.316,206697.859,4.37,GCS_WGS_1984 - EPSG:4326,4.003357,51.169728,Oost-Vlaanderen,Sint-Niklaas,Sinaai,c3-37-43,ES7069,14/8,2003,2013,0,0,0
729,Belge_Lambert_1972 - EPSG:31370,124377.261,206714.55,4.45,GCS_WGS_1984 - EPSG:4326,4.002411,51.169875,Oost-Vlaanderen,Sint-Niklaas,Sinaai,c3-37-43,ES7069,14/8,2003,2013,0,0,0
730,Belge_Lambert_1972 - EPSG:31370,124458.301,206766.234,4.4,GCS_WGS_1984 - EPSG:4326,4.003566,51.170343,Oost-Vlaanderen,Sint-Niklaas,Sinaai,c3-37-43,ES7069,14/8,2003,2013,0,0,0
731,Belge_Lambert_1972 - EPSG:31370,124299.052,206723.749,4.55,GCS_WGS_1984 - EPSG:4326,4.001292,51.169954,Oost-Vlaanderen,Sint-Niklaas,Sinaai,c3-37-43,ES7069,14/8,2003,2013,0,0,0
732,Belge_Lambert_1972 - EPSG:31370,124380.585,206775.744,4.32,GCS_WGS_1984 - EPSG:4326,4.002454,51.170425,Oost-Vlaanderen,Sint-Niklaas,Sinaai,c3-37-43,ES7069,14/8,2003,2013,0,0,0
733,Belge_Lambert_1972 - EPSG:31370,124462.992,206828.5,4.42,GCS_WGS_1984 - EPSG:4326,4.003629,51.170903,Oost-Vlaanderen,Sint-Niklaas,Sinaai,c3-37-43,ES7069,14/8,2003,2013,0,0,0
734,Belge_Lambert_1972 - EPSG:31370,124334.602,206800.053,4.31,GCS_WGS_1984 - EPSG:4326,4.001795,51.170642,Oost-Vlaanderen,Sint-Niklaas,Sinaai,c3-37-43,ES7069,14/8,2003,2013,0,0,0
735,Belge_Lambert_1972 - EPSG:31370,124405.105,206849.391,4.09,GCS_WGS_1984 - EPSG:4326,4.0028,51.171088,Oost-Vlaanderen,Sint-Niklaas,Sinaai,c3-37-43,ES7069,14/8,2003,2013,0,0,0
736,Belge_Lambert_1972 - EPSG:31370,124332.419,206856.129,4.27,GCS_WGS_1984 - EPSG:4326,4.00176,51.171145,Oost-Vlaanderen,Sint-Niklaas,Sinaai,c3-37-43,ES7069,14/8,2003,2013,0,0,0
737,Belge_Lambert_1972 - EPSG:31370,124414.882,206919.446,4.3,GCS_WGS_1984 - EPSG:4326,4.002934,51.171718,Oost-Vlaanderen,Sint-Niklaas,Sinaai,c3-37-43,ES7069,14/8,2003,2013,0,0,0
738,Belge_Lambert_1972 - EPSG:31370,124419.66,206535.685,4.62,GCS_WGS_1984 - EPSG:4326,4.00303,51.168269,Oost-Vlaanderen,Sint-Niklaas,Sinaai,c3-37-43,ES7069,14/8,2003,2013,0,0,0
739,Belge_Lambert_1972 - EPSG:31370,124343.992,206573.82,4.9,GCS_WGS_1984 - EPSG:4326,4.001945,51.168608,Oost-Vlaanderen,Sint-Niklaas,Sinaai,c3-37-43,ES7069,14/8,2003,2013,0,0,0
740,Belge_Lambert_1972 - EPSG:31370,124351.403,206638.71,4.83,GCS_WGS_1984 - EPSG:4326,4.002047,51.169192,Oost-Vlaanderen,Sint-Niklaas,Sinaai,c3-37-43,ES7069,14/8,2003,2013,0,0,0
741,Belge_Lambert_1972 - EPSG:31370,124035.101,206756.857,4.39,GCS_WGS_1984 - EPSG:4326,3.997516,51.17024,Oost-Vlaanderen,Sint-Niklaas,Sinaai,c3-37-43,ES6969,14/8,2003,2013,0,0,0
742,Belge_Lambert_1972 - EPSG:31370,124115.489,206817.24,4.47,GCS_WGS_1984 - EPSG:4326,3.998661,51.170786,Oost-Vlaanderen,Sint-Niklaas,Sinaai,c3-37-43,ES6969,14/8,2003,2013,0,0,0
743,Belge_Lambert_1972 - EPSG:31370,124271.742,206936.009,4.32,GCS_WGS_1984 - EPSG:4326,4.000887,51.171861,Oost-Vlaanderen,Sint-Niklaas,Sinaai,c3-37-43,ES6969,14/8,2003,2013,0,0,0
744,Belge_Lambert_1972 - EPSG:31370,124204.608,206947.121,4.29,GCS_WGS_1984 - EPSG:4326,3.999926,51.171958,Oost-Vlaanderen,Sint-Niklaas,Sinaai,c3-37-43,ES6969,14/8,2003,2013,0,0,0
745,Belge_Lambert_1972 - EPSG:31370,124114.073,206545.747,4.37,GCS_WGS_1984 - EPSG:4326,3.99866,51.168346,Oost-Vlaanderen,Sint-Niklaas,Sinaai,c3-37-43,ES6969,14/8,2003,2013,0,0,0
746,Belge_Lambert_1972 - EPSG:31370,124046.647,206561.276,5.01,GCS_WGS_1984 - EPSG:4326,3.997695,51.168482,Oost-Vlaanderen,Sint-Niklaas,Sinaai,c3-37-43,ES6969,14/8,2003,2013,0,0,0
747,Belge_Lambert_1972 - EPSG:31370,124141.468,206623.058,4.79,GCS_WGS_1984 - EPSG:4326,3.999046,51.169042,Oost-Vlaanderen,Sint-Niklaas,Sinaai,c3-37-43,ES6969,14/8,2003,2013,0,0,0
748,Belge_Lambert_1972 - EPSG:31370,124219.84,206671.931,4.61,GCS_WGS_1984 - EPSG:4326,4.000163,51.169485,Oost-Vlaanderen,Sint-Niklaas,Sinaai,c3-37-43,ES6969,14/8,2003,2013,0,0,0
749,Belge_Lambert_1972 - EPSG:31370,124065.737,206622.09,4.39,GCS_WGS_1984 - EPSG:4326,3.997964,51.16903,Oost-Vlaanderen,Sint-Niklaas,Sinaai,c3-37-43,ES6969,14/8,2003,2013,0,0,0
750,Belge_Lambert_1972 - EPSG:31370,124156.332,206692.065,4.35,GCS_WGS_1984 - EPSG:4326,3.999254,51.169663,Oost-Vlaanderen,Sint-Niklaas,Sinaai,c3-37-43,ES6969,14/8,2003,2013,0,0,0
751,Belge_Lambert_1972 - EPSG:31370,124239.578,206741.982,4.76,GCS_WGS_1984 - EPSG:4326,4.000441,51.170115,Oost-Vlaanderen,Sint-Niklaas,Sinaai,c3-37-43,ES6969,14/8,2003,2013,0,0,0
752,Belge_Lambert_1972 - EPSG:31370,124092.059,206673.693,4.63,GCS_WGS_1984 - EPSG:4326,3.998336,51.169495,Oost-Vlaanderen,Sint-Niklaas,Sinaai,c3-37-43,ES6969,14/8,2003,2013,0,0,0
753,Belge_Lambert_1972 - EPSG:31370,124175.006,206737.113,4.84,GCS_WGS_1984 - EPSG:4326,3.999518,51.170069,Oost-Vlaanderen,Sint-Niklaas,Sinaai,c3-37-43,ES6969,14/8,2003,2013,0,0,0
754,Belge_Lambert_1972 - EPSG:31370,124252.585,206796.155,4.32,GCS_WGS_1984 - EPSG:4326,4.000623,51.170603,Oost-Vlaanderen,Sint-Niklaas,Sinaai,c3-37-43,ES6969,14/8,2003,2013,0,0,0
755,Belge_Lambert_1972 - EPSG:31370,124100.218,206743.844,4.47,GCS_WGS_1984 - EPSG:4326,3.998448,51.170126,Oost-Vlaanderen,Sint-Niklaas,Sinaai,c3-37-43,ES6969,14/8,2003,2013,0,0,0
756,Belge_Lambert_1972 - EPSG:31370,124182.592,206806.242,4.77,GCS_WGS_1984 - EPSG:4326,3.999621,51.17069,Oost-Vlaanderen,Sint-Niklaas,Sinaai,c3-37-43,ES6969,14/8,2003,2013,0,0,0
757,Belge_Lambert_1972 - EPSG:31370,124264.225,206867.277,4.13,GCS_WGS_1984 - EPSG:4326,4.000784,51.171243,Oost-Vlaanderen,Sint-Niklaas,Sinaai,c3-37-43,ES6969,14/8,2003,2013,0,0,0
758,Belge_Lambert_1972 - EPSG:31370,124193.676,206877.342,4.31,GCS_WGS_1984 - EPSG:4326,3.999775,51.17133,Oost-Vlaanderen,Sint-Niklaas,Sinaai,c3-37-43,ES6969,14/8,2003,2013,0,0,0
759,Belge_Lambert_1972 - EPSG:31370,124195.482,206538.347,4.56,GCS_WGS_1984 - EPSG:4326,3.999825,51.168283,Oost-Vlaanderen,Sint-Niklaas,Sinaai,c3-37-43,ES6969,14/8,2003,2013,0,0,0
760,Belge_Lambert_1972 - EPSG:31370,124276.363,206589.8,4.66,GCS_WGS_1984 - EPSG:4326,4.000977,51.168749,Oost-Vlaanderen,Sint-Niklaas,Sinaai,c3-37-43,ES6969,14/8,2003,2013,0,0,0
761,Belge_Lambert_1972 - EPSG:31370,124209.83,206607.341,4.32,GCS_WGS_1984 - EPSG:4326,4.000025,51.168904,Oost-Vlaanderen,Sint-Niklaas,Sinaai,c3-37-43,ES6969,14/8,2003,2013,0,0,0
762,Belge_Lambert_1972 - EPSG:31370,124291.66,206659.682,4.23,GCS_WGS_1984 - EPSG:4326,4.001191,51.169378,Oost-Vlaanderen,Sint-Niklaas,Sinaai,c3-37-43,ES6969,14/8,2003,2013,0,0,0
763,Belge_Lambert_1972 - EPSG:31370,123967.922,206588.52,4.45,GCS_WGS_1984 - EPSG:4326,3.996567,51.168724,Oost-Vlaanderen,Sint-Niklaas,Sinaai,c3-37-34,ES6969,14/8,2003,2013,0,0,0
764,Belge_Lambert_1972 - EPSG:31370,123861.555,206570.279,4.38,GCS_WGS_1984 - EPSG:4326,3.995048,51.168555,Oost-Vlaanderen,Sint-Niklaas,Sinaai,c3-37-34,ES6969,14/8,2003,2013,0,0,0
765,Belge_Lambert_1972 - EPSG:31370,123794.766,206582.964,4.44,GCS_WGS_1984 - EPSG:4326,3.994092,51.168666,Oost-Vlaanderen,Sint-Niklaas,Sinaai,c3-37-34,ES6969,14/8,2003,2013,0,0,0
766,Belge_Lambert_1972 - EPSG:31370,123868.401,206637.423,4.3,GCS_WGS_1984 - EPSG:4326,3.995141,51.169159,Oost-Vlaanderen,Sint-Niklaas,Sinaai,c3-37-34,ES6969,14/8,2003,2013,0,0,0
767,Belge_Lambert_1972 - EPSG:31370,123751.739,206576.122,4.44,GCS_WGS_1984 - EPSG:4326,3.993478,51.168603,Oost-Vlaanderen,Sint-Niklaas,Sinaai,c3-37-34,ES6969,14/8,2003,2013,0,0,0
768,Belge_Lambert_1972 - EPSG:31370,123815.673,206626.103,4.31,GCS_WGS_1984 - EPSG:4326,3.994388,51.169055,Oost-Vlaanderen,Sint-Niklaas,Sinaai,c3-37-34,ES6969,14/8,2003,2013,0,0,0
801,Belge_Lambert_1972 - EPSG:31370,143619.059,154753.104,117.9,GCS_WGS_1984 - EPSG:4326,4.278421,50.703312,Vlaams-Brabant,Halle,Halle,f4-14-34,ES9017,39/2,2004,2013,0,0,0
802,Belge_Lambert_1972 - EPSG:31370,143521.419,154778.281,118.31,GCS_WGS_1984 - EPSG:4326,4.277038,50.703537,Vlaams-Brabant,Halle,Halle,f4-14-34,ES9017,39/2,2004,2013,0,0,0
803,Belge_Lambert_1972 - EPSG:31370,143680.657,154789.587,116.79,GCS_WGS_1984 - EPSG:4326,4.279292,50.703641,Vlaams-Brabant,Halle,Halle,f4-14-34,ES9017,39/2,2004,2013,0,0,0
804,Belge_Lambert_1972 - EPSG:31370,143583.595,154814.281,118.03,GCS_WGS_1984 - EPSG:4326,4.277917,50.703862,Vlaams-Brabant,Halle,Halle,f4-14-34,ES9017,39/2,2004,2013,0,0,0
805,Belge_Lambert_1972 - EPSG:31370,143741.421,154825.089,115.88,GCS_WGS_1984 - EPSG:4326,4.280151,50.703961,Vlaams-Brabant,Halle,Halle,f4-14-34,ES9017,39/2,2004,2013,0,0,0
806,Belge_Lambert_1972 - EPSG:31370,143486.583,154839.699,116.29,GCS_WGS_1984 - EPSG:4326,4.276544,50.704089,Vlaams-Brabant,Halle,Halle,f4-14-34,ES9017,39/2,2004,2013,0,0,0
807,Belge_Lambert_1972 - EPSG:31370,143644.055,154849.133,117.6,GCS_WGS_1984 - EPSG:4326,4.278773,50.704176,Vlaams-Brabant,Halle,Halle,f4-14-34,ES9017,39/2,2004,2013,0,0,0
808,Belge_Lambert_1972 - EPSG:31370,143547.684,154875.111,117.38,GCS_WGS_1984 - EPSG:4326,4.277408,50.704408,Vlaams-Brabant,Halle,Halle,f4-14-34,ES9017,39/2,2004,2013,0,0,0
809,Belge_Lambert_1972 - EPSG:31370,143705.386,154885.938,116.85,GCS_WGS_1984 - EPSG:4326,4.27964,50.704507,Vlaams-Brabant,Halle,Halle,f4-14-34,ES9017,39/2,2004,2013,0,0,0
810,Belge_Lambert_1972 - EPSG:31370,143450.995,154900.145,111.2,GCS_WGS_1984 - EPSG:4326,4.276039,50.704632,Vlaams-Brabant,Halle,Halle,f4-14-34,ES9017,39/2,2004,2013,0,0,0
811,Belge_Lambert_1972 - EPSG:31370,143608.86,154910.318,116.97,GCS_WGS_1984 - EPSG:4326,4.278273,50.704725,Vlaams-Brabant,Halle,Halle,f4-14-34,ES9017,39/2,2004,2013,0,0,0
812,Belge_Lambert_1972 - EPSG:31370,143512.203,154935.501,114.96,GCS_WGS_1984 - EPSG:4326,4.276905,50.704951,Vlaams-Brabant,Halle,Halle,f4-14-34,ES9017,39/2,2004,2013,0,0,0
813,Belge_Lambert_1972 - EPSG:31370,143669.963,154945.175,117.18,GCS_WGS_1984 - EPSG:4326,4.279138,50.705039,Vlaams-Brabant,Halle,Halle,f4-14-34,ES9017,39/2,2004,2013,0,0,0
814,Belge_Lambert_1972 - EPSG:31370,143416.182,154960.704,97.77,GCS_WGS_1984 - EPSG:4326,4.275545,50.705176,Vlaams-Brabant,Halle,Halle,f4-14-34,ES9017,39/2,2004,2013,0,0,0
815,Belge_Lambert_1972 - EPSG:31370,143573.173,154971.581,116.2,GCS_WGS_1984 - EPSG:4326,4.277767,50.705276,Vlaams-Brabant,Halle,Halle,f4-14-34,ES9017,39/2,2004,2013,0,0,0
816,Belge_Lambert_1972 - EPSG:31370,143477.169,154996.634,110.31,GCS_WGS_1984 - EPSG:4326,4.276408,50.7055,Vlaams-Brabant,Halle,Halle,f4-14-34,ES9017,39/2,2004,2013,0,0,0
817,Belge_Lambert_1972 - EPSG:31370,143635.052,155006.683,115.73,GCS_WGS_1984 - EPSG:4326,4.278643,50.705592,Vlaams-Brabant,Halle,Halle,f4-14-34,ES9017,39/2,2004,2013,0,0,0
818,Belge_Lambert_1972 - EPSG:31370,143380.908,155021.999,94.42,GCS_WGS_1984 - EPSG:4326,4.275044,50.705727,Vlaams-Brabant,Halle,Halle,f4-14-34,ES9017,39/2,2004,2013,0,0,0
819,Belge_Lambert_1972 - EPSG:31370,143538.383,155031.519,113.1,GCS_WGS_1984 - EPSG:4326,4.277274,50.705814,Vlaams-Brabant,Halle,Halle,f4-14-34,ES9017,39/2,2004,2013,0,0,0
820,Belge_Lambert_1972 - EPSG:31370,143696.479,155041.82,115.48,GCS_WGS_1984 - EPSG:4326,4.279512,50.705908,Vlaams-Brabant,Halle,Halle,f4-14-34,ES9017,39/2,2004,2013,0,0,0
821,Belge_Lambert_1972 - EPSG:31370,143441.611,155057.075,102.38,GCS_WGS_1984 - EPSG:4326,4.275903,50.706043,Vlaams-Brabant,Halle,Halle,f4-14-34,ES9017,39/2,2004,2013,0,0,0
822,Belge_Lambert_1972 - EPSG:31370,143599.8,155065.155,114.75,GCS_WGS_1984 - EPSG:4326,4.278143,50.706117,Vlaams-Brabant,Halle,Halle,f4-14-34,ES9017,39/2,2004,2013,0,0,0
823,Belge_Lambert_1972 - EPSG:31370,143502.949,155091.618,107.93,GCS_WGS_1984 - EPSG:4326,4.276771,50.706354,Vlaams-Brabant,Halle,Halle,f4-14-34,ES9017,39/2,2004,2013,0,0,0
824,Belge_Lambert_1972 - EPSG:31370,143659.776,155102.912,113.85,GCS_WGS_1984 - EPSG:4326,4.278991,50.706457,Vlaams-Brabant,Halle,Halle,f4-14-34,ES9017,39/2,2004,2013,0,0,0
825,Belge_Lambert_1972 - EPSG:31370,143406.576,155117.254,92.06,GCS_WGS_1984 - EPSG:4326,4.275406,50.706583,Vlaams-Brabant,Halle,Halle,f4-14-34,ES9017,39/2,2004,2013,0,0,0
826,Belge_Lambert_1972 - EPSG:31370,143468.004,155153.596,99.59,GCS_WGS_1984 - EPSG:4326,4.276275,50.706911,Vlaams-Brabant,Halle,Halle,f4-14-34,ES9018,39/2,2004,2013,0,0,0
827,Belge_Lambert_1972 - EPSG:31370,143624.726,155163.085,111.58,GCS_WGS_1984 - EPSG:4326,4.278494,50.706998,Vlaams-Brabant,Halle,Halle,f4-14-34,ES9018,39/2,2004,2013,0,0,0
828,Belge_Lambert_1972 - EPSG:31370,143529,155188.977,104.23,GCS_WGS_1984 - EPSG:4326,4.277138,50.707229,Vlaams-Brabant,Halle,Halle,f4-14-32,ES9018,39/2,2004,2013,0,0,0
829,Belge_Lambert_1972 - EPSG:31370,143432.747,155213.078,83.6,GCS_WGS_1984 - EPSG:4326,4.275775,50.707445,Vlaams-Brabant,Halle,Halle,f4-14-32,ES9018,39/2,2004,2013,0,0,0
830,Belge_Lambert_1972 - EPSG:31370,143589.822,155224.303,106.22,GCS_WGS_1984 - EPSG:4326,4.277999,50.707548,Vlaams-Brabant,Halle,Halle,f4-14-32,ES9018,39/2,2004,2013,0,0,0
831,Belge_Lambert_1972 - EPSG:31370,143493.924,155250.062,94.89,GCS_WGS_1984 - EPSG:4326,4.27664,50.707778,Vlaams-Brabant,Halle,Halle,f4-14-32,ES9018,39/2,2004,2013,0,0,0
832,Belge_Lambert_1972 - EPSG:31370,143555.058,155283.988,93.64,GCS_WGS_1984 - EPSG:4326,4.277505,50.708084,Vlaams-Brabant,Halle,Halle,f4-14-32,ES9018,39/2,2004,2013,0,0,0
833,Belge_Lambert_1972 - EPSG:31370,143459.968,155310.662,80.78,GCS_WGS_1984 - EPSG:4326,4.276159,50.708323,Vlaams-Brabant,Halle,Halle,f4-14-32,ES9018,39/2,2004,2013,0,0,0
841,Belge_Lambert_1972 - EPSG:31370,129902.056,155909.171,58.35,GCS_WGS_1984 - EPSG:4326,4.084179,50.713395,Vlaams-Brabant,Pepingen,Heikruis,f3-18-42,ES7618,38/4,2005,2015,0,0,0
842,Belge_Lambert_1972 - EPSG:31370,129895.859,155979.097,62.32,GCS_WGS_1984 - EPSG:4326,4.084088,50.714023,Vlaams-Brabant,Pepingen,Heikruis,f3-18-42,ES7618,38/4,2005,2015,0,0,0
843,Belge_Lambert_1972 - EPSG:31370,129741.731,156106.838,66.62,GCS_WGS_1984 - EPSG:4326,4.081898,50.715166,Vlaams-Brabant,Pepingen,Heikruis,f3-18-42,ES7618,38/4,2005,2015,0,0,0
844,Belge_Lambert_1972 - EPSG:31370,129889.595,156049.18,66.31,GCS_WGS_1984 - EPSG:4326,4.083995,50.714653,Vlaams-Brabant,Pepingen,Heikruis,f3-18-42,ES7618,38/4,2005,2015,0,0,0
845,Belge_Lambert_1972 - EPSG:31370,129813.274,156113.738,67.65,GCS_WGS_1984 - EPSG:4326,4.082911,50.715231,Vlaams-Brabant,Pepingen,Heikruis,f3-18-42,ES7618,38/4,2005,2015,0,0,0
846,Belge_Lambert_1972 - EPSG:31370,129734.998,156178.197,66.2,GCS_WGS_1984 - EPSG:4326,4.081799,50.715807,Vlaams-Brabant,Pepingen,Heikruis,f3-18-24,ES7618,38/4,2005,2015,0,0,0
847,Belge_Lambert_1972 - EPSG:31370,129659.579,156241.645,65.05,GCS_WGS_1984 - EPSG:4326,4.080728,50.716375,Vlaams-Brabant,Pepingen,Heikruis,f3-18-24,ES7618,38/4,2005,2015,0,0,0
848,Belge_Lambert_1972 - EPSG:31370,129808.021,156185.341,67.33,GCS_WGS_1984 - EPSG:4326,4.082833,50.715874,Vlaams-Brabant,Pepingen,Heikruis,f3-18-24,ES7618,38/4,2005,2015,0,0,0
849,Belge_Lambert_1972 - EPSG:31370,129729.834,156247.981,65.42,GCS_WGS_1984 - EPSG:4326,4.081722,50.716435,Vlaams-Brabant,Pepingen,Heikruis,f3-18-24,ES7618,38/4,2005,2015,0,0,0
850,Belge_Lambert_1972 - EPSG:31370,129652.164,156311.565,64.37,GCS_WGS_1984 - EPSG:4326,4.080619,50.717003,Vlaams-Brabant,Pepingen,Heikruis,f3-18-24,ES7618,38/4,2005,2015,0,0,0
851,Belge_Lambert_1972 - EPSG:31370,129953.871,156126.281,68.65,GCS_WGS_1984 - EPSG:4326,4.084901,50.715348,Vlaams-Brabant,Pepingen,Heikruis,f3-18-42,ES7618,38/4,2005,2015,0,0,0
852,Belge_Lambert_1972 - EPSG:31370,129876.692,156190.255,67.46,GCS_WGS_1984 - EPSG:4326,4.083805,50.715921,Vlaams-Brabant,Pepingen,Heikruis,f3-18-24,ES7618,38/4,2005,2015,0,0,0
853,Belge_Lambert_1972 - EPSG:31370,129800.163,156254.397,64.93,GCS_WGS_1984 - EPSG:4326,4.082718,50.716495,Vlaams-Brabant,Pepingen,Heikruis,f3-18-24,ES7618,38/4,2005,2015,0,0,0
854,Belge_Lambert_1972 - EPSG:31370,129722.717,156319.294,64.46,GCS_WGS_1984 - EPSG:4326,4.081617,50.717075,Vlaams-Brabant,Pepingen,Heikruis,f3-18-24,ES7618,38/4,2005,2015,0,0,0
855,Belge_Lambert_1972 - EPSG:31370,129869.917,156260.79,65.1,GCS_WGS_1984 - EPSG:4326,4.083705,50.716555,Vlaams-Brabant,Pepingen,Heikruis,f3-18-24,ES7618,38/4,2005,2015,0,0,0
856,Belge_Lambert_1972 - EPSG:31370,129792.979,156325.095,63.9,GCS_WGS_1984 - EPSG:4326,4.082612,50.71713,Vlaams-Brabant,Pepingen,Heikruis,f3-18-24,ES7618,38/4,2005,2015,0,0,0
857,Belge_Lambert_1972 - EPSG:31370,130018.1,156202.628,68.29,GCS_WGS_1984 - EPSG:4326,4.085806,50.716037,Vlaams-Brabant,Pepingen,Heikruis,f4-11-13,ES7618,39/1,2005,2015,0,0,0
858,Belge_Lambert_1972 - EPSG:31370,129941.767,156268.03,65.64,GCS_WGS_1984 - EPSG:4326,4.084722,50.716622,Vlaams-Brabant,Pepingen,Heikruis,f3-18-24,ES7618,38/4,2005,2015,0,0,0
859,Belge_Lambert_1972 - EPSG:31370,129864.088,156329.521,62.26,GCS_WGS_1984 - EPSG:4326,4.083619,50.717172,Vlaams-Brabant,Pepingen,Heikruis,f3-18-24,ES7618,38/4,2005,2015,0,0,0
860,Belge_Lambert_1972 - EPSG:31370,129934.219,156336.428,61.99,GCS_WGS_1984 - EPSG:4326,4.084611,50.717237,Vlaams-Brabant,Pepingen,Heikruis,f3-18-24,ES7618,38/4,2005,2015,0,0,0
861,Belge_Lambert_1972 - EPSG:31370,129858.827,156399.766,59.99,GCS_WGS_1984 - EPSG:4326,4.08354,50.717804,Vlaams-Brabant,Pepingen,Heikruis,f3-18-24,ES7619,38/4,2005,2015,0,0,0
862,Belge_Lambert_1972 - EPSG:31370,130082.41,156278.327,67.37,GCS_WGS_1984 - EPSG:4326,4.086713,50.71672,Vlaams-Brabant,Pepingen,Heikruis,f4-11-13,ES7618,39/1,2005,2015,0,0,0
863,Belge_Lambert_1972 - EPSG:31370,130006.561,156343.377,62.93,GCS_WGS_1984 - EPSG:4326,4.085635,50.717302,Vlaams-Brabant,Pepingen,Heikruis,f3-18-24,ES7618,39/1,2005,2015,0,0,0
864,Belge_Lambert_1972 - EPSG:31370,129928.224,156405.957,57.16,GCS_WGS_1984 - EPSG:4326,4.084523,50.717862,Vlaams-Brabant,Pepingen,Heikruis,f3-18-24,ES7619,38/4,2005,2015,0,0,0
865,Belge_Lambert_1972 - EPSG:31370,129999.349,156411.283,62.71,GCS_WGS_1984 - EPSG:4326,4.08553,50.717912,Vlaams-Brabant,Pepingen,Heikruis,f3-18-24,ES7619,38/4,2005,2015,0,0,0
866,Belge_Lambert_1972 - EPSG:31370,129923.828,156476.636,56.51,GCS_WGS_1984 - EPSG:4326,4.084457,50.718497,Vlaams-Brabant,Pepingen,Heikruis,f3-18-24,ES7619,38/4,2005,2015,0,0,0
867,Belge_Lambert_1972 - EPSG:31370,130070.631,156418.325,66.55,GCS_WGS_1984 - EPSG:4326,4.086539,50.717978,Vlaams-Brabant,Pepingen,Heikruis,f4-11-13,ES7619,39/1,2005,2015,0,0,0
868,Belge_Lambert_1972 - EPSG:31370,129993.697,156482.822,62.39,GCS_WGS_1984 - EPSG:4326,4.085446,50.718555,Vlaams-Brabant,Pepingen,Heikruis,f3-18-24,ES7619,38/4,2005,2015,0,0,0
869,Belge_Lambert_1972 - EPSG:31370,129919.403,156545.703,55.34,GCS_WGS_1984 - EPSG:4326,4.08439,50.719118,Vlaams-Brabant,Pepingen,Heikruis,f3-18-24,ES7619,38/4,2005,2015,0,0,0
870,Belge_Lambert_1972 - EPSG:31370,129986.771,156553.275,60.08,GCS_WGS_1984 - EPSG:4326,4.085344,50.719188,Vlaams-Brabant,Pepingen,Heikruis,f3-18-24,ES7619,38/4,2005,2015,0,0,0
871,Belge_Lambert_1972 - EPSG:31370,130133.673,156495.844,69.66,GCS_WGS_1984 - EPSG:4326,4.087427,50.718677,Vlaams-Brabant,Pepingen,Heikruis,f4-11-13,ES7619,39/1,2005,2015,0,0,0
872,Belge_Lambert_1972 - EPSG:31370,130056.798,156560.163,63.87,GCS_WGS_1984 - EPSG:4326,4.086335,50.719252,Vlaams-Brabant,Pepingen,Heikruis,f4-11-13,ES7619,39/1,2005,2015,0,0,0
873,Belge_Lambert_1972 - EPSG:31370,129978.503,156622.647,57.94,GCS_WGS_1984 - EPSG:4326,4.085223,50.719811,Vlaams-Brabant,Pepingen,Heikruis,f3-18-24,ES7619,38/4,2005,2015,0,0,0
874,Belge_Lambert_1972 - EPSG:31370,130126.396,156568.096,67.84,GCS_WGS_1984 - EPSG:4326,4.08732,50.719326,Vlaams-Brabant,Pepingen,Heikruis,f4-11-13,ES7619,39/1,2005,2015,0,0,0
875,Belge_Lambert_1972 - EPSG:31370,130049.273,156630.462,63.11,GCS_WGS_1984 - EPSG:4326,4.086225,50.719884,Vlaams-Brabant,Pepingen,Heikruis,f4-11-13,ES7619,39/1,2005,2015,0,0,0
876,Belge_Lambert_1972 - EPSG:31370,130197.242,156570.833,71.57,GCS_WGS_1984 - EPSG:4326,4.088323,50.719353,Vlaams-Brabant,Pepingen,Heikruis,f4-11-13,ES7619,39/1,2005,2015,0,0,0
877,Belge_Lambert_1972 - EPSG:31370,130118.86,156636.8,67.49,GCS_WGS_1984 - EPSG:4326,4.08721,50.719943,Vlaams-Brabant,Pepingen,Heikruis,f4-11-13,ES7619,39/1,2005,2015,0,0,0
878,Belge_Lambert_1972 - EPSG:31370,130042.962,156699.569,60.84,GCS_WGS_1984 - EPSG:4326,4.086132,50.720505,Vlaams-Brabant,Pepingen,Heikruis,f4-11-13,ES7619,39/1,2005,2015,0,0,0
879,Belge_Lambert_1972 - EPSG:31370,130188.795,156645.501,65.07,GCS_WGS_1984 - EPSG:4326,4.0882,50.720024,Vlaams-Brabant,Pepingen,Heikruis,f4-11-13,ES7619,39/1,2005,2015,0,0,0
880,Belge_Lambert_1972 - EPSG:31370,130113.223,156707,64.56,GCS_WGS_1984 - EPSG:4326,4.087126,50.720574,Vlaams-Brabant,Pepingen,Heikruis,f4-11-13,ES7619,39/1,2005,2015,0,0,0
881,Belge_Lambert_1972 - EPSG:31370,130258.704,156652.548,68.16,GCS_WGS_1984 - EPSG:4326,4.089189,50.72009,Vlaams-Brabant,Pepingen,Heikruis,f4-11-13,ES7619,39/1,2005,2015,0,0,0
882,Belge_Lambert_1972 - EPSG:31370,130182.004,156715.638,59.11,GCS_WGS_1984 - EPSG:4326,4.0881,50.720654,Vlaams-Brabant,Pepingen,Heikruis,f4-11-13,ES7619,39/1,2005,2015,0,0,0
883,Belge_Lambert_1972 - EPSG:31370,130252.558,156723.558,68.3,GCS_WGS_1984 - EPSG:4326,4.089099,50.720728,Vlaams-Brabant,Pepingen,Heikruis,f4-11-13,ES7619,39/1,2005,2015,0,0,0
884,Belge_Lambert_1972 - EPSG:31370,130175.894,156787.996,58.76,GCS_WGS_1984 - EPSG:4326,4.088009,50.721304,Vlaams-Brabant,Pepingen,Heikruis,f4-11-13,ES7619,39/1,2005,2015,0,0,0
885,Belge_Lambert_1972 - EPSG:31370,130321.406,156729.83,75.82,GCS_WGS_1984 - EPSG:4326,4.090073,50.720786,Vlaams-Brabant,Pepingen,Heikruis,f4-11-13,ES7619,39/1,2005,2015,0,0,0
886,Belge_Lambert_1972 - EPSG:31370,130244.757,156792.988,70.39,GCS_WGS_1984 - EPSG:4326,4.088984,50.721352,Vlaams-Brabant,Pepingen,Heikruis,f4-11-13,ES7619,39/1,2005,2015,0,0,0
887,Belge_Lambert_1972 - EPSG:31370,130316.666,156800.609,74.58,GCS_WGS_1984 - EPSG:4326,4.090002,50.721423,Vlaams-Brabant,Pepingen,Heikruis,f4-11-13,ES7619,39/1,2005,2015,0,0,0
888,Belge_Lambert_1972 - EPSG:31370,130236.805,156863.426,67.89,GCS_WGS_1984 - EPSG:4326,4.088868,50.721985,Vlaams-Brabant,Pepingen,Heikruis,f4-11-13,ES7619,39/1,2005,2015,0,0,0
889,Belge_Lambert_1972 - EPSG:31370,130386.851,156806.992,76.23,GCS_WGS_1984 - EPSG:4326,4.090996,50.721482,Vlaams-Brabant,Pepingen,Heikruis,f4-11-13,ES7719,39/1,2005,2015,0,0,0
890,Belge_Lambert_1972 - EPSG:31370,130063.696,156487.777,66.23,GCS_WGS_1984 - EPSG:4326,4.086437,50.718602,Vlaams-Brabant,Pepingen,Heikruis,f4-11-13,ES7619,39/1,2005,2015,0,0,0
901,Belge_Lambert_1972 - EPSG:31370,174130.086,165365.656,60.27,GCS_WGS_1984 - EPSG:4326,4.711031,50.798248,Vlaams-Brabant,Bierbeek,Bierbeek,e5-44-11,FS2028,32/6,2005,2015,0,0,0
902,Belge_Lambert_1972 - EPSG:31370,174117.688,165467.858,65.89,GCS_WGS_1984 - EPSG:4326,4.710862,50.799168,Vlaams-Brabant,Bierbeek,Bierbeek,e5-44-11,FS2028,32/6,2005,2015,0,0,0
903,Belge_Lambert_1972 - EPSG:31370,174104.14,165565.639,70.19,GCS_WGS_1984 - EPSG:4326,4.710676,50.800047,Vlaams-Brabant,Bierbeek,Bierbeek,e5-44-11,FS2028,32/6,2005,2015,0,0,0
904,Belge_Lambert_1972 - EPSG:31370,174217.502,165129.361,64.63,GCS_WGS_1984 - EPSG:4326,4.712256,50.796121,Vlaams-Brabant,Bierbeek,Bierbeek,e5-44-13,FS2028,32/6,2005,2015,0,0,0
905,Belge_Lambert_1972 - EPSG:31370,174188.088,165326.718,63.45,GCS_WGS_1984 - EPSG:4326,4.711851,50.797896,Vlaams-Brabant,Bierbeek,Bierbeek,e5-44-11,FS2028,32/6,2005,2015,0,0,0
906,Belge_Lambert_1972 - EPSG:31370,174173.796,165425.065,59.55,GCS_WGS_1984 - EPSG:4326,4.711655,50.798781,Vlaams-Brabant,Bierbeek,Bierbeek,e5-44-11,FS2028,32/6,2005,2015,0,0,0
907,Belge_Lambert_1972 - EPSG:31370,174160.194,165523.102,66.97,GCS_WGS_1984 - EPSG:4326,4.711469,50.799663,Vlaams-Brabant,Bierbeek,Bierbeek,e5-44-11,FS2028,32/6,2005,2015,0,0,0
908,Belge_Lambert_1972 - EPSG:31370,174146.421,165622.154,69.62,GCS_WGS_1984 - EPSG:4326,4.71128,50.800554,Vlaams-Brabant,Bierbeek,Bierbeek,e5-44-11,FS2029,32/6,2005,2015,0,0,0
909,Belge_Lambert_1972 - EPSG:31370,174287.568,164991.153,79.84,GCS_WGS_1984 - EPSG:4326,4.71324,50.794875,Vlaams-Brabant,Bierbeek,Bierbeek,e5-44-13,FS2028,32/6,2005,2015,0,0,0
910,Belge_Lambert_1972 - EPSG:31370,174277.09,165081.842,71.11,GCS_WGS_1984 - EPSG:4326,4.713098,50.795691,Vlaams-Brabant,Bierbeek,Bierbeek,e5-44-13,FS2028,32/6,2005,2015,0,0,0
911,Belge_Lambert_1972 - EPSG:31370,174228.883,165384.324,68.29,GCS_WGS_1984 - EPSG:4326,4.712434,50.798412,Vlaams-Brabant,Bierbeek,Bierbeek,e5-44-11,FS2028,32/6,2005,2015,0,0,0
912,Belge_Lambert_1972 - EPSG:31370,174215.678,165479.678,58.99,GCS_WGS_1984 - EPSG:4326,4.712253,50.79927,Vlaams-Brabant,Bierbeek,Bierbeek,e5-44-11,FS2028,32/6,2005,2015,0,0,0
913,Belge_Lambert_1972 - EPSG:31370,174199.643,165581.914,66.15,GCS_WGS_1984 - EPSG:4326,4.712032,50.80019,Vlaams-Brabant,Bierbeek,Bierbeek,e5-44-11,FS2029,32/6,2005,2015,0,0,0
914,Belge_Lambert_1972 - EPSG:31370,174330.423,165042.922,79.59,GCS_WGS_1984 - EPSG:4326,4.713852,50.795339,Vlaams-Brabant,Bierbeek,Bierbeek,e5-44-13,FS2028,32/6,2005,2015,0,0,0
915,Belge_Lambert_1972 - EPSG:31370,174316.491,165142.07,75.32,GCS_WGS_1984 - EPSG:4326,4.71366,50.796231,Vlaams-Brabant,Bierbeek,Bierbeek,e5-44-13,FS2028,32/6,2005,2015,0,0,0
916,Belge_Lambert_1972 - EPSG:31370,174301.646,165240.738,79.97,GCS_WGS_1984 - EPSG:4326,4.713456,50.797118,Vlaams-Brabant,Bierbeek,Bierbeek,e5-44-11,FS2028,32/6,2005,2015,0,0,0
917,Belge_Lambert_1972 - EPSG:31370,174285.928,165341.387,77.96,GCS_WGS_1984 - EPSG:4326,4.71324,50.798024,Vlaams-Brabant,Bierbeek,Bierbeek,e5-44-11,FS2028,32/6,2005,2015,0,0,0
918,Belge_Lambert_1972 - EPSG:31370,174271.533,165439.631,68.59,GCS_WGS_1984 - EPSG:4326,4.713042,50.798908,Vlaams-Brabant,Bierbeek,Bierbeek,e5-44-11,FS2028,32/6,2005,2015,0,0,0
919,Belge_Lambert_1972 - EPSG:31370,174259.039,165536.7,59.67,GCS_WGS_1984 - EPSG:4326,4.712872,50.799781,Vlaams-Brabant,Bierbeek,Bierbeek,e5-44-11,FS2028,32/6,2005,2015,0,0,0
920,Belge_Lambert_1972 - EPSG:31370,174244.673,165635.345,66.33,GCS_WGS_1984 - EPSG:4326,4.712674,50.800668,Vlaams-Brabant,Bierbeek,Bierbeek,e5-44-11,FS2029,32/6,2005,2015,0,0,0
921,Belge_Lambert_1972 - EPSG:31370,174387.143,165000.912,81.96,GCS_WGS_1984 - EPSG:4326,4.714653,50.794959,Vlaams-Brabant,Bierbeek,Bierbeek,e5-44-13,FS2028,32/6,2005,2015,0,0,0
922,Belge_Lambert_1972 - EPSG:31370,174370.527,165097.149,67.77,GCS_WGS_1984 - EPSG:4326,4.714424,50.795825,Vlaams-Brabant,Bierbeek,Bierbeek,e5-44-13,FS2028,32/6,2005,2015,0,0,0
923,Belge_Lambert_1972 - EPSG:31370,174357.753,165199.433,80.38,GCS_WGS_1984 - EPSG:4326,4.714249,50.796745,Vlaams-Brabant,Bierbeek,Bierbeek,e5-44-11,FS2028,32/6,2005,2015,0,0,0
924,Belge_Lambert_1972 - EPSG:31370,174344.833,165296.878,80.43,GCS_WGS_1984 - EPSG:4326,4.714073,50.797621,Vlaams-Brabant,Bierbeek,Bierbeek,e5-44-11,FS2028,32/6,2005,2015,0,0,0
925,Belge_Lambert_1972 - EPSG:31370,174329.172,165396.786,68.92,GCS_WGS_1984 - EPSG:4326,4.713857,50.79852,Vlaams-Brabant,Bierbeek,Bierbeek,e5-44-11,FS2028,32/6,2005,2015,0,0,0
926,Belge_Lambert_1972 - EPSG:31370,174302.061,165592.906,62.82,GCS_WGS_1984 - EPSG:4326,4.713486,50.800284,Vlaams-Brabant,Bierbeek,Bierbeek,e5-44-11,FS2029,32/6,2005,2015,0,0,0
927,Belge_Lambert_1972 - EPSG:31370,174288.301,165693.36,65.08,GCS_WGS_1984 - EPSG:4326,4.713297,50.801188,Vlaams-Brabant,Bierbeek,Bierbeek,e5-44-11,FS2029,32/6,2005,2015,0,0,0
928,Belge_Lambert_1972 - EPSG:31370,174429.538,165055.02,72.99,GCS_WGS_1984 - EPSG:4326,4.715258,50.795444,Vlaams-Brabant,Bierbeek,Bierbeek,e5-44-13,FS2028,32/6,2005,2015,0,0,0
929,Belge_Lambert_1972 - EPSG:31370,174415.313,165155.415,81.75,GCS_WGS_1984 - EPSG:4326,4.715063,50.796347,Vlaams-Brabant,Bierbeek,Bierbeek,e5-44-13,FS2028,32/6,2005,2015,0,0,0
930,Belge_Lambert_1972 - EPSG:31370,174401.176,165254.485,81.43,GCS_WGS_1984 - EPSG:4326,4.714869,50.797238,Vlaams-Brabant,Bierbeek,Bierbeek,e5-44-11,FS2028,32/6,2005,2015,0,0,0
931,Belge_Lambert_1972 - EPSG:31370,174386.537,165353.522,74.04,GCS_WGS_1984 - EPSG:4326,4.714668,50.798129,Vlaams-Brabant,Bierbeek,Bierbeek,e5-44-11,FS2028,32/6,2005,2015,0,0,0
932,Belge_Lambert_1972 - EPSG:31370,174372.166,165452.55,76.58,GCS_WGS_1984 - EPSG:4326,4.714471,50.79902,Vlaams-Brabant,Bierbeek,Bierbeek,e5-44-11,FS2028,32/6,2005,2015,0,0,0
933,Belge_Lambert_1972 - EPSG:31370,174358.831,165549.974,59.17,GCS_WGS_1984 - EPSG:4326,4.714288,50.799896,Vlaams-Brabant,Bierbeek,Bierbeek,e5-44-11,FS2028,32/6,2005,2015,0,0,0
934,Belge_Lambert_1972 - EPSG:31370,174344.711,165650.611,63.32,GCS_WGS_1984 - EPSG:4326,4.714094,50.800801,Vlaams-Brabant,Bierbeek,Bierbeek,e5-44-11,FS2029,32/6,2005,2015,0,0,0
935,Belge_Lambert_1972 - EPSG:31370,174470.759,165112.042,82.47,GCS_WGS_1984 - EPSG:4326,4.715847,50.795954,Vlaams-Brabant,Bierbeek,Bierbeek,e5-44-13,FS2028,32/6,2005,2015,0,0,0
936,Belge_Lambert_1972 - EPSG:31370,174457.275,165211.788,83.78,GCS_WGS_1984 - EPSG:4326,4.715662,50.796852,Vlaams-Brabant,Bierbeek,Bierbeek,e5-44-11,FS2028,32/6,2005,2015,0,0,0
937,Belge_Lambert_1972 - EPSG:31370,174443.571,165310.907,79.62,GCS_WGS_1984 - EPSG:4326,4.715474,50.797743,Vlaams-Brabant,Bierbeek,Bierbeek,e5-44-11,FS2028,32/6,2005,2015,0,0,0
938,Belge_Lambert_1972 - EPSG:31370,174428.223,165409.926,80.54,GCS_WGS_1984 - EPSG:4326,4.715263,50.798634,Vlaams-Brabant,Bierbeek,Bierbeek,e5-44-11,FS2028,32/6,2005,2015,0,0,0
939,Belge_Lambert_1972 - EPSG:31370,174413.095,165508.464,71.01,GCS_WGS_1984 - EPSG:4326,4.715055,50.79952,Vlaams-Brabant,Bierbeek,Bierbeek,e5-44-11,FS2028,32/6,2005,2015,0,0,0
940,Belge_Lambert_1972 - EPSG:31370,174400.14,165606.819,59.38,GCS_WGS_1984 - EPSG:4326,4.714878,50.800405,Vlaams-Brabant,Bierbeek,Bierbeek,e5-44-11,FS2029,32/6,2005,2015,0,0,0
941,Belge_Lambert_1972 - EPSG:31370,174387.102,165707.375,62.16,GCS_WGS_1984 - EPSG:4326,4.714699,50.80131,Vlaams-Brabant,Bierbeek,Bierbeek,e5-44-11,FS2029,32/6,2005,2015,0,0,0
942,Belge_Lambert_1972 - EPSG:31370,174513.805,165171.452,86.56,GCS_WGS_1984 - EPSG:4326,4.716461,50.796487,Vlaams-Brabant,Bierbeek,Bierbeek,e5-44-13,FS2028,32/6,2005,2015,0,0,0
943,Belge_Lambert_1972 - EPSG:31370,174557.127,165225.825,88.22,GCS_WGS_1984 - EPSG:4326,4.717079,50.796974,Vlaams-Brabant,Bierbeek,Bierbeek,e5-44-11,FS2128,32/6,2005,2015,0,0,0
944,Belge_Lambert_1972 - EPSG:31370,174542.474,165325.267,85.6,GCS_WGS_1984 - EPSG:4326,4.716878,50.797868,Vlaams-Brabant,Bierbeek,Bierbeek,e5-44-11,FS2028,32/6,2005,2015,0,0,0
945,Belge_Lambert_1972 - EPSG:31370,174528.772,165424.317,82.92,GCS_WGS_1984 - EPSG:4326,4.71669,50.798759,Vlaams-Brabant,Bierbeek,Bierbeek,e5-44-11,FS2028,32/6,2005,2015,0,0,0
946,Belge_Lambert_1972 - EPSG:31370,174514.588,165525.687,78.54,GCS_WGS_1984 - EPSG:4326,4.716496,50.799671,Vlaams-Brabant,Bierbeek,Bierbeek,e5-44-11,FS2028,32/6,2005,2015,0,0,0
947,Belge_Lambert_1972 - EPSG:31370,174497.195,165620.102,70.81,GCS_WGS_1984 - EPSG:4326,4.716255,50.80052,Vlaams-Brabant,Bierbeek,Bierbeek,e5-44-11,FS2029,32/6,2005,2015,0,0,0
948,Belge_Lambert_1972 - EPSG:31370,174489.099,165720.146,63.33,GCS_WGS_1984 - EPSG:4326,4.716147,50.80142,Vlaams-Brabant,Bierbeek,Bierbeek,e5-44-11,FS2029,32/6,2005,2015,0,0,0
949,Belge_Lambert_1972 - EPSG:31370,174599,165282.169,88.76,GCS_WGS_1984 - EPSG:4326,4.717677,50.797478,Vlaams-Brabant,Bierbeek,Bierbeek,e5-44-11,FS2128,32/6,2005,2015,0,0,0
950,Belge_Lambert_1972 - EPSG:31370,174584.868,165381.728,85.61,GCS_WGS_1984 - EPSG:4326,4.717483,50.798374,Vlaams-Brabant,Bierbeek,Bierbeek,e5-44-11,FS2128,32/6,2005,2015,0,0,0
951,Belge_Lambert_1972 - EPSG:31370,174570.604,165480.67,82.25,GCS_WGS_1984 - EPSG:4326,4.717287,50.799264,Vlaams-Brabant,Bierbeek,Bierbeek,e5-44-11,FS2128,32/6,2005,2015,0,0,0
952,Belge_Lambert_1972 - EPSG:31370,174556.582,165580.072,75.88,GCS_WGS_1984 - EPSG:4326,4.717095,50.800158,Vlaams-Brabant,Bierbeek,Bierbeek,e5-44-11,FS2129,32/6,2005,2015,0,0,0
953,Belge_Lambert_1972 - EPSG:31370,174544.421,165678.33,68.65,GCS_WGS_1984 - EPSG:4326,4.716929,50.801042,Vlaams-Brabant,Bierbeek,Bierbeek,e5-44-11,FS2029,32/6,2005,2015,0,0,0
954,Belge_Lambert_1972 - EPSG:31370,174530.564,165776.668,64.53,GCS_WGS_1984 - EPSG:4326,4.716739,50.801927,Vlaams-Brabant,Bierbeek,Bierbeek,e5-44-11,FS2029,32/6,2005,2015,0,0,0
955,Belge_Lambert_1972 - EPSG:31370,174641.48,165339.402,87.32,GCS_WGS_1984 - EPSG:4326,4.718283,50.797991,Vlaams-Brabant,Bierbeek,Bierbeek,e5-44-11,FS2128,32/6,2005,2015,0,0,0
956,Belge_Lambert_1972 - EPSG:31370,174627.363,165438.248,83.16,GCS_WGS_1984 - EPSG:4326,4.71809,50.79888,Vlaams-Brabant,Bierbeek,Bierbeek,e5-44-11,FS2128,32/6,2005,2015,0,0,0
957,Belge_Lambert_1972 - EPSG:31370,174614.049,165537.164,78.62,GCS_WGS_1984 - EPSG:4326,4.717907,50.79977,Vlaams-Brabant,Bierbeek,Bierbeek,e5-44-11,FS2128,32/6,2005,2015,0,0,0
958,Belge_Lambert_1972 - EPSG:31370,174600.697,165634.355,71.39,GCS_WGS_1984 - EPSG:4326,4.717724,50.800644,Vlaams-Brabant,Bierbeek,Bierbeek,e5-44-11,FS2129,32/6,2005,2015,0,0,0
959,Belge_Lambert_1972 - EPSG:31370,174587.183,165735.784,66.74,GCS_WGS_1984 - EPSG:4326,4.71754,50.801557,Vlaams-Brabant,Bierbeek,Bierbeek,e5-44-11,FS2129,32/6,2005,2015,0,0,0
960,Belge_Lambert_1972 - EPSG:31370,174684.305,165394.51,84.93,GCS_WGS_1984 - EPSG:4326,4.718894,50.798485,Vlaams-Brabant,Bierbeek,Bierbeek,e5-44-11,FS2128,32/6,2005,2015,0,0,0
961,Belge_Lambert_1972 - EPSG:31370,174670.179,165494.211,80.29,GCS_WGS_1984 - EPSG:4326,4.718701,50.799381,Vlaams-Brabant,Bierbeek,Bierbeek,e5-44-11,FS2128,32/6,2005,2015,0,0,0
962,Belge_Lambert_1972 - EPSG:31370,174655.715,165593.361,74.65,GCS_WGS_1984 - EPSG:4326,4.718502,50.800273,Vlaams-Brabant,Bierbeek,Bierbeek,e5-44-11,FS2129,32/6,2005,2015,0,0,0
963,Belge_Lambert_1972 - EPSG:31370,174643.874,165690.368,68.47,GCS_WGS_1984 - EPSG:4326,4.718341,50.801146,Vlaams-Brabant,Bierbeek,Bierbeek,e5-44-11,FS2129,32/6,2005,2015,0,0,0
964,Belge_Lambert_1972 - EPSG:31370,174726.521,165451.558,81.47,GCS_WGS_1984 - EPSG:4326,4.719497,50.798996,Vlaams-Brabant,Bierbeek,Bierbeek,e5-44-11,FS2128,32/6,2005,2015,0,0,0
965,Belge_Lambert_1972 - EPSG:31370,174712.712,165552.134,76.2,GCS_WGS_1984 - EPSG:4326,4.719308,50.7999,Vlaams-Brabant,Bierbeek,Bierbeek,e5-44-11,FS2128,32/6,2005,2015,0,0,0
966,Belge_Lambert_1972 - EPSG:31370,174699.928,165647.254,71.69,GCS_WGS_1984 - EPSG:4326,4.719133,50.800756,Vlaams-Brabant,Bierbeek,Bierbeek,e5-44-11,FS2129,32/6,2005,2015,0,0,0
1003,Belge_Lambert_1972 - EPSG:31370,131761.545,172802.93,28.25,GCS_WGS_1984 - EPSG:4326,4.109675,50.865324,Vlaams-Brabant,Liedekerke,Liedekerke,e4-21-14,ES7835,31/1,1986,1996,2006,2016,0
1004,Belge_Lambert_1972 - EPSG:31370,131805.151,172837.141,28.14,GCS_WGS_1984 - EPSG:4326,4.110293,50.865633,Vlaams-Brabant,Liedekerke,Liedekerke,e4-21-14,ES7835,31/1,1986,1996,2006,2016,0
1005,Belge_Lambert_1972 - EPSG:31370,131839.581,172863.548,27.95,GCS_WGS_1984 - EPSG:4326,4.110781,50.865871,Vlaams-Brabant,Liedekerke,Liedekerke,e4-21-14,ES7835,31/1,1986,1996,2006,2016,0
1008,Belge_Lambert_1972 - EPSG:31370,131794.55,172770.064,29.98,GCS_WGS_1984 - EPSG:4326,4.110146,50.865029,Vlaams-Brabant,Liedekerke,Liedekerke,e4-21-14,ES7835,31/1,1986,1996,2006,2016,0
1009,Belge_Lambert_1972 - EPSG:31370,131839.477,172804.217,29.99,GCS_WGS_1984 - EPSG:4326,4.110782,50.865338,Vlaams-Brabant,Liedekerke,Liedekerke,e4-21-14,ES7835,31/1,1986,1996,2006,2016,0
1011,Belge_Lambert_1972 - EPSG:31370,131773.943,172689.376,32.94,GCS_WGS_1984 - EPSG:4326,4.109857,50.864303,Vlaams-Brabant,Liedekerke,Liedekerke,e4-21-14,ES7835,31/1,1986,1996,2006,2016,0
1018,Belge_Lambert_1972 - EPSG:31370,131953.917,172954.458,27.37,GCS_WGS_1984 - EPSG:4326,4.112401,50.866692,Vlaams-Brabant,Liedekerke,Liedekerke,e4-21-14,ES7835,31/1,1986,1996,2006,2016,0
1019,Belge_Lambert_1972 - EPSG:31370,131990.621,172982.213,27.16,GCS_WGS_1984 - EPSG:4326,4.112921,50.866942,Vlaams-Brabant,Liedekerke,Liedekerke,e4-21-14,ES7835,31/1,1986,1996,2006,2016,0
1022,Belge_Lambert_1972 - EPSG:31370,131984.284,172923.676,28.46,GCS_WGS_1984 - EPSG:4326,4.112833,50.866416,Vlaams-Brabant,Liedekerke,Liedekerke,e4-21-14,ES7835,31/1,1986,1996,2006,2016,0
1023,Belge_Lambert_1972 - EPSG:31370,132020.592,172953.999,27.94,GCS_WGS_1984 - EPSG:4326,4.113348,50.86669,Vlaams-Brabant,Liedekerke,Liedekerke,e4-21-23,ES7835,31/1,1986,1996,2006,2016,0
1024,Belge_Lambert_1972 - EPSG:31370,131945.934,172834.276,30.95,GCS_WGS_1984 - EPSG:4326,4.112293,50.865611,Vlaams-Brabant,Liedekerke,Liedekerke,e4-21-14,ES7835,31/1,1986,1996,2006,2016,0
1026,Belge_Lambert_1972 - EPSG:31370,132014.054,172894.298,29.69,GCS_WGS_1984 - EPSG:4326,4.113258,50.866153,Vlaams-Brabant,Liedekerke,Liedekerke,e4-21-14,ES7835,31/1,1986,1996,2006,2016,0
1027,Belge_Lambert_1972 - EPSG:31370,132050.259,172923.93,28.93,GCS_WGS_1984 - EPSG:4326,4.113771,50.86642,Vlaams-Brabant,Liedekerke,Liedekerke,e4-21-23,ES7835,31/1,1986,1996,2006,2016,0
1028,Belge_Lambert_1972 - EPSG:31370,132033.208,173015.073,26.69,GCS_WGS_1984 - EPSG:4326,4.113524,50.867239,Vlaams-Brabant,Liedekerke,Liedekerke,e4-21-23,ES7835,31/1,1986,1996,2006,2016,0
1029,Belge_Lambert_1972 - EPSG:31370,132073.435,173046.005,26.56,GCS_WGS_1984 - EPSG:4326,4.114094,50.867518,Vlaams-Brabant,Liedekerke,Liedekerke,e4-21-23,ES7835,31/1,1986,1996,2006,2016,0
1032,Belge_Lambert_1972 - EPSG:31370,132062.655,172986.844,27.45,GCS_WGS_1984 - EPSG:4326,4.113944,50.866986,Vlaams-Brabant,Liedekerke,Liedekerke,e4-21-23,ES7835,31/1,1986,1996,2006,2016,0
1035,Belge_Lambert_1972 - EPSG:31370,132180.017,173081.66,26.19,GCS_WGS_1984 - EPSG:4326,4.115606,50.867842,Vlaams-Brabant,Liedekerke,Liedekerke,e4-21-23,ES7835,31/1,1986,1996,2006,2016,0
1037,Belge_Lambert_1972 - EPSG:31370,132128.115,172989.709,27.96,GCS_WGS_1984 - EPSG:4326,4.114873,50.867014,Vlaams-Brabant,Liedekerke,Liedekerke,e4-21-23,ES7835,31/1,1986,1996,2006,2016,0
1041,Belge_Lambert_1972 - EPSG:31370,131982.368,172795.405,33.56,GCS_WGS_1984 - EPSG:4326,4.112813,50.865263,Vlaams-Brabant,Liedekerke,Liedekerke,e4-21-14,ES7835,31/1,1986,1996,2006,2016,0
1044,Belge_Lambert_1972 - EPSG:31370,132087.894,172885.698,30.09,GCS_WGS_1984 - EPSG:4326,4.114307,50.866078,Vlaams-Brabant,Liedekerke,Liedekerke,e4-21-23,ES7835,31/1,1986,1996,2006,2016,0
1046,Belge_Lambert_1972 - EPSG:31370,132005.399,172772.281,33.99,GCS_WGS_1984 - EPSG:4326,4.113141,50.865056,Vlaams-Brabant,Liedekerke,Liedekerke,e4-21-14,ES7835,31/1,1986,1996,2006,2016,0
1051,Belge_Lambert_1972 - EPSG:31370,132029.67,172745.13,34.02,GCS_WGS_1984 - EPSG:4326,4.113487,50.864812,Vlaams-Brabant,Liedekerke,Liedekerke,e4-21-23,ES7835,31/1,1986,1996,2006,2016,0
1052,Belge_Lambert_1972 - EPSG:31370,132066.99,172775.004,32.71,GCS_WGS_1984 - EPSG:4326,4.114016,50.865082,Vlaams-Brabant,Liedekerke,Liedekerke,e4-21-23,ES7835,31/1,1986,1996,2006,2016,0
1053,Belge_Lambert_1972 - EPSG:31370,132104.991,172804.622,31.98,GCS_WGS_1984 - EPSG:4326,4.114554,50.86535,Vlaams-Brabant,Liedekerke,Liedekerke,e4-21-23,ES7835,31/1,1986,1996,2006,2016,0
1058,Belge_Lambert_1972 - EPSG:31370,132238.78,173011.973,27.54,GCS_WGS_1984 - EPSG:4326,4.116444,50.867218,Vlaams-Brabant,Liedekerke,Liedekerke,e4-21-23,ES7835,31/1,1986,1996,2006,2016,0
1059,Belge_Lambert_1972 - EPSG:31370,132157.604,172894.006,29.91,GCS_WGS_1984 - EPSG:4326,4.115297,50.866155,Vlaams-Brabant,Liedekerke,Liedekerke,e4-21-23,ES7835,31/1,1986,1996,2006,2016,0
1060,Belge_Lambert_1972 - EPSG:31370,132195.632,172921.058,29.4,GCS_WGS_1984 - EPSG:4326,4.115836,50.866399,Vlaams-Brabant,Liedekerke,Liedekerke,e4-21-23,ES7835,31/1,1986,1996,2006,2016,0
1062,Belge_Lambert_1972 - EPSG:31370,132265.216,172986.999,28.29,GCS_WGS_1984 - EPSG:4326,4.116821,50.866994,Vlaams-Brabant,Liedekerke,Liedekerke,e4-21-23,ES7835,31/1,1986,1996,2006,2016,0
1063,Belge_Lambert_1972 - EPSG:31370,132185.545,172865.619,30.29,GCS_WGS_1984 - EPSG:4326,4.115695,50.8659,Vlaams-Brabant,Liedekerke,Liedekerke,e4-21-23,ES7835,31/1,1986,1996,2006,2016,0
1065,Belge_Lambert_1972 - EPSG:31370,132256.03,172919.613,29.18,GCS_WGS_1984 - EPSG:4326,4.116694,50.866388,Vlaams-Brabant,Liedekerke,Liedekerke,e4-21-23,ES7835,31/1,1986,1996,2006,2016,0
1101,Belge_Lambert_1972 - EPSG:31370,189554.805,218134.377,17.69,GCS_WGS_1984 - EPSG:4326,4.935541,51.271726,Antwerpen,Turnhout,Turnhout,c5-17-22,FS3581,8/8,2006,2016,0,0,0
1102,Belge_Lambert_1972 - EPSG:31370,189567.442,218065.254,17.75,GCS_WGS_1984 - EPSG:4326,4.935714,51.271104,Antwerpen,Turnhout,Turnhout,c5-17-22,FS3581,8/8,2006,2016,0,0,0
1103,Belge_Lambert_1972 - EPSG:31370,189735.844,218308.747,18.35,GCS_WGS_1984 - EPSG:4326,4.938154,51.273281,Antwerpen,Turnhout,Turnhout,b5-57-44,FS3581,8/8,2006,2016,0,0,0
1104,Belge_Lambert_1972 - EPSG:31370,189735.545,218250.716,18.24,GCS_WGS_1984 - EPSG:4326,4.938143,51.27276,Antwerpen,Turnhout,Turnhout,b5-57-44,FS3581,8/8,2006,2016,0,0,0
1105,Belge_Lambert_1972 - EPSG:31370,189892.688,218259.094,18.03,GCS_WGS_1984 - EPSG:4326,4.940396,51.272824,Antwerpen,Turnhout,Turnhout,b5-57-44,FS3581,8/8,2006,2016,0,0,0
1106,Belge_Lambert_1972 - EPSG:31370,189816.925,218230.18,18.1,GCS_WGS_1984 - EPSG:4326,4.939307,51.272569,Antwerpen,Turnhout,Turnhout,b5-57-44,FS3581,8/8,2006,2016,0,0,0
1107,Belge_Lambert_1972 - EPSG:31370,189671.145,218209.789,18.83,GCS_WGS_1984 - EPSG:4326,4.937216,51.272396,Antwerpen,Turnhout,Turnhout,b5-57-44,FS3581,8/8,2006,2016,0,0,0
1108,Belge_Lambert_1972 - EPSG:31370,189545.576,218204.727,17.68,GCS_WGS_1984 - EPSG:4326,4.935416,51.272359,Antwerpen,Turnhout,Turnhout,b5-57-44,FS3581,8/8,2006,2016,0,0,0
1109,Belge_Lambert_1972 - EPSG:31370,189834.002,218178.125,18.46,GCS_WGS_1984 - EPSG:4326,4.939546,51.2721,Antwerpen,Turnhout,Turnhout,b5-57-44,FS3581,8/8,2006,2016,0,0,0
1110,Belge_Lambert_1972 - EPSG:31370,189412.127,218167.729,17.6,GCS_WGS_1984 - EPSG:4326,4.9335,51.272036,Antwerpen,Turnhout,Turnhout,c5-17-22,FS3481,8/8,2006,2016,0,0,0
1111,Belge_Lambert_1972 - EPSG:31370,189334.062,218170.25,17.62,GCS_WGS_1984 - EPSG:4326,4.932382,51.272064,Antwerpen,Turnhout,Turnhout,c5-17-22,FS3481,8/8,2006,2016,0,0,0
1112,Belge_Lambert_1972 - EPSG:31370,189262.35,218161.809,17.89,GCS_WGS_1984 - EPSG:4326,4.931353,51.271993,Antwerpen,Turnhout,Turnhout,c5-17-22,FS3481,8/8,2006,2016,0,0,0
1113,Belge_Lambert_1972 - EPSG:31370,189484.355,218134.679,17.62,GCS_WGS_1984 - EPSG:4326,4.934531,51.271734,Antwerpen,Turnhout,Turnhout,c5-17-22,FS3481,8/8,2006,2016,0,0,0
1114,Belge_Lambert_1972 - EPSG:31370,189421.319,218125.268,17.7,GCS_WGS_1984 - EPSG:4326,4.933627,51.271654,Antwerpen,Turnhout,Turnhout,c5-17-22,FS3481,8/8,2006,2016,0,0,0
1115,Belge_Lambert_1972 - EPSG:31370,189345.156,218100.406,17.58,GCS_WGS_1984 - EPSG:4326,4.932533,51.271435,Antwerpen,Turnhout,Turnhout,c5-17-22,FS3481,8/8,2006,2016,0,0,0
1116,Belge_Lambert_1972 - EPSG:31370,189496.256,218050.886,17.41,GCS_WGS_1984 - EPSG:4326,4.934693,51.27098,Antwerpen,Turnhout,Turnhout,c5-17-22,FS3481,8/8,2006,2016,0,0,0
1117,Belge_Lambert_1972 - EPSG:31370,189423.023,218032.449,17.38,GCS_WGS_1984 - EPSG:4326,4.933641,51.270819,Antwerpen,Turnhout,Turnhout,c5-17-22,FS3481,8/8,2006,2016,0,0,0
1118,Belge_Lambert_1972 - EPSG:31370,189356.312,218030.578,17.53,GCS_WGS_1984 - EPSG:4326,4.932685,51.270807,Antwerpen,Turnhout,Turnhout,c5-17-22,FS3481,8/8,2006,2016,0,0,0
1119,Belge_Lambert_1972 - EPSG:31370,189507.078,217983.016,17.32,GCS_WGS_1984 - EPSG:4326,4.93484,51.270369,Antwerpen,Turnhout,Turnhout,c5-17-22,FS3481,16/4,2006,2016,0,0,0
1120,Belge_Lambert_1972 - EPSG:31370,189435.871,217971.906,17.39,GCS_WGS_1984 - EPSG:4326,4.933819,51.270274,Antwerpen,Turnhout,Turnhout,c5-17-22,FS3481,16/4,2006,2016,0,0,0
1121,Belge_Lambert_1972 - EPSG:31370,189367.391,217960.75,17.71,GCS_WGS_1984 - EPSG:4326,4.932837,51.270179,Antwerpen,Turnhout,Turnhout,c5-17-22,FS3481,16/4,2006,2016,0,0,0
1122,Belge_Lambert_1972 - EPSG:31370,189448.359,217902.078,17.33,GCS_WGS_1984 - EPSG:4326,4.93399,51.269646,Antwerpen,Turnhout,Turnhout,c5-17-22,FS3481,16/4,2006,2016,0,0,0
1123,Belge_Lambert_1972 - EPSG:31370,189459.453,217832.141,17.5,GCS_WGS_1984 - EPSG:4326,4.934142,51.269016,Antwerpen,Turnhout,Turnhout,c5-17-22,FS3481,16/4,2006,2016,0,0,0
1124,Belge_Lambert_1972 - EPSG:31370,189389.656,217821.125,17.55,GCS_WGS_1984 - EPSG:4326,4.93314,51.268922,Antwerpen,Turnhout,Turnhout,c5-17-22,FS3481,16/4,2006,2016,0,0,0
1125,Belge_Lambert_1972 - EPSG:31370,189310.129,218309.708,17.84,GCS_WGS_1984 - EPSG:4326,4.932054,51.273319,Antwerpen,Turnhout,Turnhout,b5-57-44,FS3481,8/8,2006,2016,0,0,0
1126,Belge_Lambert_1972 - EPSG:31370,189532.484,218273.406,17.68,GCS_WGS_1984 - EPSG:4326,4.935236,51.272978,Antwerpen,Turnhout,Turnhout,b5-57-44,FS3481,8/8,2006,2016,0,0,0
1127,Belge_Lambert_1972 - EPSG:31370,189462.656,218262.25,17.76,GCS_WGS_1984 - EPSG:4326,4.934234,51.272882,Antwerpen,Turnhout,Turnhout,b5-57-44,FS3481,8/8,2006,2016,0,0,0
1128,Belge_Lambert_1972 - EPSG:31370,189402.48,218260.38,17.7,GCS_WGS_1984 - EPSG:4326,4.933372,51.272869,Antwerpen,Turnhout,Turnhout,b5-57-44,FS3481,8/8,2006,2016,0,0,0
1129,Belge_Lambert_1972 - EPSG:31370,189322.424,218239.419,17.81,GCS_WGS_1984 - EPSG:4326,4.932223,51.272686,Antwerpen,Turnhout,Turnhout,b5-57-44,FS3481,8/8,2006,2016,0,0,0
1130,Belge_Lambert_1972 - EPSG:31370,189251.499,218230.489,17.95,GCS_WGS_1984 - EPSG:4326,4.931205,51.272611,Antwerpen,Turnhout,Turnhout,b5-57-44,FS3481,8/8,2006,2016,0,0,0
1131,Belge_Lambert_1972 - EPSG:31370,189474.829,218196.326,17.68,GCS_WGS_1984 - EPSG:4326,4.934402,51.272289,Antwerpen,Turnhout,Turnhout,b5-57-44,FS3481,8/8,2006,2016,0,0,0
1132,Belge_Lambert_1972 - EPSG:31370,190026.054,218782.44,18.57,GCS_WGS_1984 - EPSG:4326,4.942365,51.277519,Antwerpen,Turnhout,Turnhout,b5-58-33,FS3582,8/8,2006,2016,0,0,0
1133,Belge_Lambert_1972 - EPSG:31370,190082.445,218702.503,18.39,GCS_WGS_1984 - EPSG:4326,4.943164,51.276796,Antwerpen,Turnhout,Turnhout,b5-58-33,FS3582,8/8,2006,2016,0,0,0
1134,Belge_Lambert_1972 - EPSG:31370,190036.311,218714.529,18.82,GCS_WGS_1984 - EPSG:4326,4.942504,51.276907,Antwerpen,Turnhout,Turnhout,b5-58-33,FS3582,8/8,2006,2016,0,0,0
1135,Belge_Lambert_1972 - EPSG:31370,190044.44,218651.197,18.44,GCS_WGS_1984 - EPSG:4326,4.942614,51.276338,Antwerpen,Turnhout,Turnhout,b5-58-33,FS3582,8/8,2006,2016,0,0,0
1136,Belge_Lambert_1972 - EPSG:31370,189593.904,218783.231,18.85,GCS_WGS_1984 - EPSG:4326,4.936172,51.277556,Antwerpen,Turnhout,Turnhout,b5-57-44,FS3582,8/8,2006,2016,0,0,0
1137,Belge_Lambert_1972 - EPSG:31370,189965.31,218700.938,18.87,GCS_WGS_1984 - EPSG:4326,4.941485,51.27679,Antwerpen,Turnhout,Turnhout,b5-57-44,FS3582,8/8,2006,2016,0,0,0
1138,Belge_Lambert_1972 - EPSG:31370,189684.423,218646.897,18.75,GCS_WGS_1984 - EPSG:4326,4.937454,51.276324,Antwerpen,Turnhout,Turnhout,b5-57-44,FS3582,8/8,2006,2016,0,0,0
1139,Belge_Lambert_1972 - EPSG:31370,189626.898,218645.14,18.71,GCS_WGS_1984 - EPSG:4326,4.93663,51.276312,Antwerpen,Turnhout,Turnhout,b5-57-44,FS3582,8/8,2006,2016,0,0,0
1140,Belge_Lambert_1972 - EPSG:31370,189976.875,218630.531,18.89,GCS_WGS_1984 - EPSG:4326,4.941643,51.276157,Antwerpen,Turnhout,Turnhout,b5-57-44,FS3582,8/8,2006,2016,0,0,0
1141,Belge_Lambert_1972 - EPSG:31370,189700.035,218581.488,18.73,GCS_WGS_1984 - EPSG:4326,4.937671,51.275735,Antwerpen,Turnhout,Turnhout,b5-57-44,FS3582,8/8,2006,2016,0,0,0
1142,Belge_Lambert_1972 - EPSG:31370,189619.014,218562.377,18.62,GCS_WGS_1984 - EPSG:4326,4.936508,51.275569,Antwerpen,Turnhout,Turnhout,b5-57-44,FS3582,8/8,2006,2016,0,0,0
1143,Belge_Lambert_1972 - EPSG:31370,189557.812,218563.875,18.8,GCS_WGS_1984 - EPSG:4326,4.935631,51.275586,Antwerpen,Turnhout,Turnhout,b5-57-44,FS3582,8/8,2006,2016,0,0,0
1144,Belge_Lambert_1972 - EPSG:31370,189991.344,218562.914,18.98,GCS_WGS_1984 - EPSG:4326,4.941843,51.275548,Antwerpen,Turnhout,Turnhout,b5-57-44,FS3582,8/8,2006,2016,0,0,0
1145,Belge_Lambert_1972 - EPSG:31370,189854.602,218538.151,18.54,GCS_WGS_1984 - EPSG:4326,4.939881,51.275335,Antwerpen,Turnhout,Turnhout,b5-57-44,FS3582,8/8,2006,2016,0,0,0
1146,Belge_Lambert_1972 - EPSG:31370,189774.327,218511.772,18.65,GCS_WGS_1984 - EPSG:4326,4.938728,51.275103,Antwerpen,Turnhout,Turnhout,b5-57-44,FS3582,8/8,2006,2016,0,0,0
1147,Belge_Lambert_1972 - EPSG:31370,189714.42,218519.676,18.7,GCS_WGS_1984 - EPSG:4326,4.93787,51.275178,Antwerpen,Turnhout,Turnhout,b5-57-44,FS3582,8/8,2006,2016,0,0,0
1148,Belge_Lambert_1972 - EPSG:31370,189635.152,218506.283,18.53,GCS_WGS_1984 - EPSG:4326,4.936733,51.275064,Antwerpen,Turnhout,Turnhout,b5-57-44,FS3582,8/8,2006,2016,0,0,0
1149,Belge_Lambert_1972 - EPSG:31370,189999.062,218490.812,19.07,GCS_WGS_1984 - EPSG:4326,4.941946,51.274899,Antwerpen,Turnhout,Turnhout,b5-57-44,FS3582,8/8,2006,2016,0,0,0
1150,Belge_Lambert_1972 - EPSG:31370,189936.946,218489.341,18.73,GCS_WGS_1984 - EPSG:4326,4.941056,51.27489,Antwerpen,Turnhout,Turnhout,b5-57-44,FS3582,8/8,2006,2016,0,0,0
1151,Belge_Lambert_1972 - EPSG:31370,189869.134,218446.865,18.64,GCS_WGS_1984 - EPSG:4326,4.940079,51.274513,Antwerpen,Turnhout,Turnhout,b5-57-44,FS3582,8/8,2006,2016,0,0,0
1152,Belge_Lambert_1972 - EPSG:31370,189791.037,218455.904,18.62,GCS_WGS_1984 - EPSG:4326,4.938961,51.2746,Antwerpen,Turnhout,Turnhout,b5-57-44,FS3582,8/8,2006,2016,0,0,0
1153,Belge_Lambert_1972 - EPSG:31370,189713.825,218440.441,18.41,GCS_WGS_1984 - EPSG:4326,4.937853,51.274466,Antwerpen,Turnhout,Turnhout,b5-57-44,FS3582,8/8,2006,2016,0,0,0
1154,Belge_Lambert_1972 - EPSG:31370,189649.906,218435.312,18.3,GCS_WGS_1984 - EPSG:4326,4.936937,51.274425,Antwerpen,Turnhout,Turnhout,b5-57-44,FS3582,8/8,2006,2016,0,0,0
1155,Belge_Lambert_1972 - EPSG:31370,189571.871,218409.519,18.55,GCS_WGS_1984 - EPSG:4326,4.935816,51.274198,Antwerpen,Turnhout,Turnhout,b5-57-44,FS3582,8/8,2006,2016,0,0,0
1156,Belge_Lambert_1972 - EPSG:31370,189981.658,218418.547,18.61,GCS_WGS_1984 - EPSG:4326,4.941688,51.274251,Antwerpen,Turnhout,Turnhout,b5-57-44,FS3582,8/8,2006,2016,0,0,0
1157,Belge_Lambert_1972 - EPSG:31370,189940.328,218409.844,18.51,GCS_WGS_1984 - EPSG:4326,4.941095,51.274176,Antwerpen,Turnhout,Turnhout,b5-57-44,FS3582,8/8,2006,2016,0,0,0
1158,Belge_Lambert_1972 - EPSG:31370,189870.516,218398.703,18.53,GCS_WGS_1984 - EPSG:4326,4.940094,51.27408,Antwerpen,Turnhout,Turnhout,b5-57-44,FS3582,8/8,2006,2016,0,0,0
1159,Belge_Lambert_1972 - EPSG:31370,189730.816,218379.436,18.59,GCS_WGS_1984 - EPSG:4326,4.93809,51.273917,Antwerpen,Turnhout,Turnhout,b5-57-44,FS3582,8/8,2006,2016,0,0,0
1160,Belge_Lambert_1972 - EPSG:31370,189660.593,218366.342,18.53,GCS_WGS_1984 - EPSG:4326,4.937082,51.273804,Antwerpen,Turnhout,Turnhout,b5-57-44,FS3582,8/8,2006,2016,0,0,0
1161,Belge_Lambert_1972 - EPSG:31370,189591.172,218354.375,18.52,GCS_WGS_1984 - EPSG:4326,4.936086,51.273701,Antwerpen,Turnhout,Turnhout,b5-57-44,FS3582,8/8,2006,2016,0,0,0
1162,Belge_Lambert_1972 - EPSG:31370,189951.702,218338.053,18.16,GCS_WGS_1984 - EPSG:4326,4.94125,51.27353,Antwerpen,Turnhout,Turnhout,b5-57-44,FS3582,8/8,2006,2016,0,0,0
1163,Belge_Lambert_1972 - EPSG:31370,189869.723,218311.261,18.31,GCS_WGS_1984 - EPSG:4326,4.940073,51.273294,Antwerpen,Turnhout,Turnhout,b5-57-44,FS3582,8/8,2006,2016,0,0,0
1164,Belge_Lambert_1972 - EPSG:31370,189811.75,218317.797,18.42,GCS_WGS_1984 - EPSG:4326,4.939243,51.273357,Antwerpen,Turnhout,Turnhout,b5-57-44,FS3582,8/8,2006,2016,0,0,0
1165,Belge_Lambert_1972 - EPSG:31370,189535.469,218703.916,18.55,GCS_WGS_1984 - EPSG:4326,4.935326,51.276847,Antwerpen,Turnhout,Turnhout,b5-57-44,FS3482,8/8,2006,2016,0,0,0
1166,Belge_Lambert_1972 - EPSG:31370,189465.378,218693.64,18.19,GCS_WGS_1984 - EPSG:4326,4.934321,51.276759,Antwerpen,Turnhout,Turnhout,b5-57-44,FS3482,8/8,2006,2016,0,0,0
1167,Belge_Lambert_1972 - EPSG:31370,189476.758,218623.486,18.34,GCS_WGS_1984 - EPSG:4326,4.934476,51.276128,Antwerpen,Turnhout,Turnhout,b5-57-44,FS3482,8/8,2006,2016,0,0,0
1168,Belge_Lambert_1972 - EPSG:31370,189410.386,218609.293,18.18,GCS_WGS_1984 - EPSG:4326,4.933523,51.276005,Antwerpen,Turnhout,Turnhout,b5-57-44,FS3482,8/8,2006,2016,0,0,0
1169,Belge_Lambert_1972 - EPSG:31370,189418.502,218541.195,18.2,GCS_WGS_1984 - EPSG:4326,4.933632,51.275392,Antwerpen,Turnhout,Turnhout,b5-57-44,FS3482,8/8,2006,2016,0,0,0
1170,Belge_Lambert_1972 - EPSG:31370,189349.268,218531.428,18.13,GCS_WGS_1984 - EPSG:4326,4.932639,51.275309,Antwerpen,Turnhout,Turnhout,b5-57-44,FS3482,8/8,2006,2016,0,0,0
1171,Belge_Lambert_1972 - EPSG:31370,189429.266,218471.781,18.3,GCS_WGS_1984 - EPSG:4326,4.933779,51.274768,Antwerpen,Turnhout,Turnhout,b5-57-44,FS3482,8/8,2006,2016,0,0,0
1172,Belge_Lambert_1972 - EPSG:31370,189367.771,218470.018,18.16,GCS_WGS_1984 - EPSG:4326,4.932898,51.274755999999996,Antwerpen,Turnhout,Turnhout,b5-57-44,FS3482,8/8,2006,2016,0,0,0
1173,Belge_Lambert_1972 - EPSG:31370,189439.641,218402.211,18.4,GCS_WGS_1984 - EPSG:4326,4.93392,51.274142,Antwerpen,Turnhout,Turnhout,b5-57-44,FS3482,8/8,2006,2016,0,0,0
1174,Belge_Lambert_1972 - EPSG:31370,189371.765,218390.082,18.1,GCS_WGS_1984 - EPSG:4326,4.932946,51.274037,Antwerpen,Turnhout,Turnhout,b5-57-44,FS3482,8/8,2006,2016,0,0,0
1175,Belge_Lambert_1972 - EPSG:31370,189301.166,218380.846,18.36,GCS_WGS_1984 - EPSG:4326,4.931933,51.273959,Antwerpen,Turnhout,Turnhout,b5-57-44,FS3482,8/8,2006,2016,0,0,0
1176,Belge_Lambert_1972 - EPSG:31370,189451.856,218331.79,18.57,GCS_WGS_1984 - EPSG:4326,4.934087,51.273508,Antwerpen,Turnhout,Turnhout,b5-57-44,FS3482,8/8,2006,2016,0,0,0
1177,Belge_Lambert_1972 - EPSG:31370,189382.01,218321.439,18.21,GCS_WGS_1984 - EPSG:4326,4.933085,51.27342,Antwerpen,Turnhout,Turnhout,b5-57-44,FS3482,8/8,2006,2016,0,0,0
1178,Belge_Lambert_1972 - EPSG:31370,189396.097,218680.771,18.16,GCS_WGS_1984 - EPSG:4326,4.933326,51.276648,Antwerpen,Turnhout,Turnhout,b5-57-44,FS3482,8/8,2006,2016,0,0,0
1201,Belge_Lambert_1972 - EPSG:31370,163887.353,209533.098,10.45,GCS_WGS_1984 - EPSG:4326,4.567423,51.195607,Antwerpen,Ranst,Ranst,c5-31-12,FS0972,16/1,2008,2018,0,0,0
1202,Belge_Lambert_1972 - EPSG:31370,163919.237,209600.613,10.24,GCS_WGS_1984 - EPSG:4326,4.567882,51.196213,Antwerpen,Ranst,Ranst,c5-31-12,FS0972,16/1,2008,2018,0,0,0
1203,Belge_Lambert_1972 - EPSG:31370,163967.944,209590.463,10.35,GCS_WGS_1984 - EPSG:4326,4.568579,51.196121,Antwerpen,Ranst,Ranst,c5-31-12,FS0972,16/1,2008,2018,0,0,0
1204,Belge_Lambert_1972 - EPSG:31370,164054.435,209646.179,10.47,GCS_WGS_1984 - EPSG:4326,4.569818,51.19662,Antwerpen,Ranst,Ranst,c5-31-21,FS0972,16/1,2008,2018,0,0,0
1205,Belge_Lambert_1972 - EPSG:31370,164079.366,209704.041,10.32,GCS_WGS_1984 - EPSG:4326,4.570177,51.197139,Antwerpen,Ranst,Ranst,c5-31-21,FS0972,16/1,2008,2018,0,0,0
1206,Belge_Lambert_1972 - EPSG:31370,164134.212,209702.393,10.5,GCS_WGS_1984 - EPSG:4326,4.570962,51.197123,Antwerpen,Ranst,Ranst,c5-31-21,FS0972,16/1,2008,2018,0,0,0
1207,Belge_Lambert_1972 - EPSG:31370,164017.362,209735.391,10.25,GCS_WGS_1984 - EPSG:4326,4.569291,51.197422,Antwerpen,Ranst,Ranst,c5-31-21,FS0972,16/1,2008,2018,0,0,0
1208,Belge_Lambert_1972 - EPSG:31370,163903.115,209661.303,10.25,GCS_WGS_1984 - EPSG:4326,4.567654,51.196759,Antwerpen,Ranst,Ranst,c5-31-12,FS0972,16/1,2008,2018,0,0,0
1209,Belge_Lambert_1972 - EPSG:31370,163837.901,209619.335,10.17,GCS_WGS_1984 - EPSG:4326,4.566719,51.196384,Antwerpen,Ranst,Ranst,c5-31-12,FS0972,16/1,2008,2018,0,0,0
1210,Belge_Lambert_1972 - EPSG:31370,163805.385,209538.542,10.5,GCS_WGS_1984 - EPSG:4326,4.566251,51.195658,Antwerpen,Ranst,Ranst,c5-31-12,FS0972,16/1,2008,2018,0,0,0
1211,Belge_Lambert_1972 - EPSG:31370,163738.483,209494.375,11.15,GCS_WGS_1984 - EPSG:4326,4.565292,51.195263,Antwerpen,Ranst,Ranst,c5-31-12,FS0972,16/1,2008,2018,0,0,0
1212,Belge_Lambert_1972 - EPSG:31370,163670.43,209564.803,10.63,GCS_WGS_1984 - EPSG:4326,4.564321,51.195897,Antwerpen,Ranst,Ranst,c5-31-12,FS0972,16/1,2008,2018,0,0,0
1213,Belge_Lambert_1972 - EPSG:31370,163626.956,209660.031,10.55,GCS_WGS_1984 - EPSG:4326,4.563703,51.196754,Antwerpen,Ranst,Ranst,c5-31-12,FS0972,16/1,2008,2018,0,0,0
1214,Belge_Lambert_1972 - EPSG:31370,163697.494,209649.914,10.32,GCS_WGS_1984 - EPSG:4326,4.564712,51.196662,Antwerpen,Ranst,Ranst,c5-31-12,FS0972,16/1,2008,2018,0,0,0
1215,Belge_Lambert_1972 - EPSG:31370,163754.284,209624.105,10.31,GCS_WGS_1984 - EPSG:4326,4.565523,51.196429,Antwerpen,Ranst,Ranst,c5-31-12,FS0972,16/1,2008,2018,0,0,0
1216,Belge_Lambert_1972 - EPSG:31370,163745.058,209564.913,10.69,GCS_WGS_1984 - EPSG:4326,4.565389,51.195897,Antwerpen,Ranst,Ranst,c5-31-12,FS0972,16/1,2008,2018,0,0,0
1217,Belge_Lambert_1972 - EPSG:31370,163777.009,209722.069,10.13,GCS_WGS_1984 - EPSG:4326,4.565852,51.197309,Antwerpen,Ranst,Ranst,c5-31-12,FS0972,16/1,2008,2018,0,0,0
1218,Belge_Lambert_1972 - EPSG:31370,163707.04,209718.408,10.15,GCS_WGS_1984 - EPSG:4326,4.564851,51.197277,Antwerpen,Ranst,Ranst,c5-31-12,FS0972,16/1,2008,2018,0,0,0
1219,Belge_Lambert_1972 - EPSG:31370,163793.879,209773.008,10.01,GCS_WGS_1984 - EPSG:4326,4.566095,51.197766,Antwerpen,Ranst,Ranst,c5-31-12,FS0972,16/1,2008,2018,0,0,0
1220,Belge_Lambert_1972 - EPSG:31370,163856.552,209765.743,10.12,GCS_WGS_1984 - EPSG:4326,4.566992,51.197699,Antwerpen,Ranst,Ranst,c5-31-12,FS0972,16/1,2008,2018,0,0,0
1221,Belge_Lambert_1972 - EPSG:31370,163804.819,209640.923,10.32,GCS_WGS_1984 - EPSG:4326,4.566247,51.196578,Antwerpen,Ranst,Ranst,c5-31-12,FS0972,16/1,2008,2018,0,0,0
1222,Belge_Lambert_1972 - EPSG:31370,164216.4,209796.947,10.79,GCS_WGS_1984 - EPSG:4326,4.572141,51.197971,Antwerpen,Ranst,Ranst,c5-31-21,FS0973,16/1,2008,2018,0,0,0
1223,Belge_Lambert_1972 - EPSG:31370,164156.066,209843.23,10.19,GCS_WGS_1984 - EPSG:4326,4.57128,51.198388,Antwerpen,Ranst,Ranst,c5-31-21,FS0973,16/1,2008,2018,0,0,0
1224,Belge_Lambert_1972 - EPSG:31370,164180.874,209899.562,10.22,GCS_WGS_1984 - EPSG:4326,4.571637,51.198894,Antwerpen,Ranst,Ranst,c5-31-21,FS0973,16/1,2008,2018,0,0,0
1225,Belge_Lambert_1972 - EPSG:31370,164108.432,209905.949,9.94,GCS_WGS_1984 - EPSG:4326,4.570601,51.198953,Antwerpen,Ranst,Ranst,c5-31-21,FS0973,16/1,2008,2018,0,0,0
1226,Belge_Lambert_1972 - EPSG:31370,164135.637,209983.086,9.85,GCS_WGS_1984 - EPSG:4326,4.570993,51.199646,Antwerpen,Ranst,Ranst,c5-31-21,FS0973,16/1,2008,2018,0,0,0
1227,Belge_Lambert_1972 - EPSG:31370,164203.161,209971.108,9.86,GCS_WGS_1984 - EPSG:4326,4.571958,51.199537,Antwerpen,Ranst,Ranst,c5-31-21,FS0973,16/1,2008,2018,0,0,0
1228,Belge_Lambert_1972 - EPSG:31370,164218.19,210048.383,9.91,GCS_WGS_1984 - EPSG:4326,4.572176,51.200231,Antwerpen,Ranst,Ranst,c5-31-21,FS0973,16/1,2008,2018,0,0,0
1229,Belge_Lambert_1972 - EPSG:31370,164186.038,210125.359,9.83,GCS_WGS_1984 - EPSG:4326,4.57172,51.200924,Antwerpen,Ranst,Ranst,c5-31-21,FS0973,16/1,2008,2018,0,0,0
1230,Belge_Lambert_1972 - EPSG:31370,164144.219,210054.119,9.82,GCS_WGS_1984 - EPSG:4326,4.571118,51.200284,Antwerpen,Ranst,Ranst,c5-31-21,FS0973,16/1,2008,2018,0,0,0
1231,Belge_Lambert_1972 - EPSG:31370,164063.756,210051.356,9.71,GCS_WGS_1984 - EPSG:4326,4.569967,51.200261,Antwerpen,Ranst,Ranst,c5-31-21,FS0973,16/1,2008,2018,0,0,0
1232,Belge_Lambert_1972 - EPSG:31370,164104.28,210122.285,9.69,GCS_WGS_1984 - EPSG:4326,4.57055,51.200898,Antwerpen,Ranst,Ranst,c5-31-21,FS0973,16/1,2008,2018,0,0,0
1233,Belge_Lambert_1972 - EPSG:31370,164003.632,210018.529,9.68,GCS_WGS_1984 - EPSG:4326,4.569106,51.199968,Antwerpen,Ranst,Ranst,c5-31-12,FS0973,16/1,2008,2018,0,0,0
1234,Belge_Lambert_1972 - EPSG:31370,164058.321,209998.708,9.83,GCS_WGS_1984 - EPSG:4326,4.569887,51.199788,Antwerpen,Ranst,Ranst,c5-31-21,FS0973,16/1,2008,2018,0,0,0
1235,Belge_Lambert_1972 - EPSG:31370,164054.088,209932.331,9.85,GCS_WGS_1984 - EPSG:4326,4.569824,51.199192,Antwerpen,Ranst,Ranst,c5-31-21,FS0973,16/1,2008,2018,0,0,0
1236,Belge_Lambert_1972 - EPSG:31370,163993.965,209906.98,9.97,GCS_WGS_1984 - EPSG:4326,4.568963,51.198965,Antwerpen,Ranst,Ranst,c5-31-12,FS0973,16/1,2008,2018,0,0,0
1237,Belge_Lambert_1972 - EPSG:31370,164100.242,209848.948,9.94,GCS_WGS_1984 - EPSG:4326,4.570481,51.198441,Antwerpen,Ranst,Ranst,c5-31-21,FS0973,16/1,2008,2018,0,0,0
1238,Belge_Lambert_1972 - EPSG:31370,163980.041,209841.703,10.13,GCS_WGS_1984 - EPSG:4326,4.568761,51.198379,Antwerpen,Ranst,Ranst,c5-31-12,FS0973,16/1,2008,2018,0,0,0
1239,Belge_Lambert_1972 - EPSG:31370,164029.631,209793.034,10.2,GCS_WGS_1984 - EPSG:4326,4.569469,51.19794,Antwerpen,Ranst,Ranst,c5-31-21,FS0973,16/1,2008,2018,0,0,0
1240,Belge_Lambert_1972 - EPSG:31370,163911.729,209816.998,10.11,GCS_WGS_1984 - EPSG:4326,4.567783,51.198159,Antwerpen,Ranst,Ranst,c5-31-12,FS0973,16/1,2008,2018,0,0,0
1241,Belge_Lambert_1972 - EPSG:31370,163944.863,209708.925,10.17,GCS_WGS_1984 - EPSG:4326,4.568253,51.197186,Antwerpen,Ranst,Ranst,c5-31-12,FS0972,16/1,2008,2018,0,0,0
1242,Belge_Lambert_1972 - EPSG:31370,163792.999,209452.396,11.73,GCS_WGS_1984 - EPSG:4326,4.566071,51.194884,Antwerpen,Ranst,Ranst,c5-31-12,FS0972,16/1,2008,2018,0,0,0
1243,Belge_Lambert_1972 - EPSG:31370,163979.557,210052.39,10.08,GCS_WGS_1984 - EPSG:4326,4.568763,51.200273,Antwerpen,Ranst,Ranst,c5-31-12,FS0973,16/1,2008,2018,0,0,0
1244,Belge_Lambert_1972 - EPSG:31370,164089.266,209778.809,10.11,GCS_WGS_1984 - EPSG:4326,4.570321,51.197811,Antwerpen,Ranst,Ranst,c5-31-21,FS0972,16/1,2008,2018,0,0,0
1245,Belge_Lambert_1972 - EPSG:31370,164182.735,209742.377,10.43,GCS_WGS_1984 - EPSG:4326,4.571657,51.197481,Antwerpen,Ranst,Ranst,c5-31-21,FS0972,16/1,2008,2018,0,0,0
1246,Belge_Lambert_1972 - EPSG:31370,164044.565,209876.697,10.01,GCS_WGS_1984 - EPSG:4326,4.569686,51.198692,Antwerpen,Ranst,Ranst,c5-31-21,FS0973,16/1,2008,2018,0,0,0
1301,Belge_Lambert_1972 - EPSG:31370,98382.638,170603.651,26.86,GCS_WGS_1984 - EPSG:4326,3.635857,50.843552,Oost-Vlaanderen,Oudenaarde,Mater,e3-21-33,ES4432,30/1,2015,0,0,0,0
1302,Belge_Lambert_1972 - EPSG:31370,98287.305,170803.104,33.06,GCS_WGS_1984 - EPSG:4326,3.634476,50.845337,Oost-Vlaanderen,Oudenaarde,Mater,e3-21-33,ES4432,30/1,2015,0,0,0,0
1303,Belge_Lambert_1972 - EPSG:31370,98354.654,170735.607,36.62,GCS_WGS_1984 - EPSG:4326,3.635441,50.844736,Oost-Vlaanderen,Oudenaarde,Mater,e3-21-33,ES4432,30/1,2015,0,0,0,0
1304,Belge_Lambert_1972 - EPSG:31370,98447.395,170683.129,43.08,GCS_WGS_1984 - EPSG:4326,3.636765,50.844272,Oost-Vlaanderen,Oudenaarde,Mater,e3-21-33,ES4432,30/1,2015,0,0,0,0
1305,Belge_Lambert_1972 - EPSG:31370,98355.582,170886.394,46.68,GCS_WGS_1984 - EPSG:4326,3.635433,50.846091,Oost-Vlaanderen,Oudenaarde,Mater,e3-21-33,ES4432,30/1,2015,0,0,0,0
1306,Belge_Lambert_1972 - EPSG:31370,98426.63,170825.935,53.85,GCS_WGS_1984 - EPSG:4326,3.636451,50.845554,Oost-Vlaanderen,Oudenaarde,Mater,e3-21-33,ES4432,30/1,2015,0,0,0,0
1307,Belge_Lambert_1972 - EPSG:31370,98586.347,170699.37,50.99,GCS_WGS_1984 - EPSG:4326,3.638736,50.844431,Oost-Vlaanderen,Oudenaarde,Mater,e3-21-33,ES4432,30/1,2015,0,0,0,0
1308,Belge_Lambert_1972 - EPSG:31370,98470.624,171043.24,44.17,GCS_WGS_1984 - EPSG:4326,3.637045,50.847511,Oost-Vlaanderen,Oudenaarde,Mater,e3-21-33,ES4433,30/1,2015,0,0,0,0
1309,Belge_Lambert_1972 - EPSG:31370,98455.137,171182.535,40.5,GCS_WGS_1984 - EPSG:4326,3.636806,50.848762,Oost-Vlaanderen,Oudenaarde,Mater,e3-21-31,ES4433,30/1,2015,0,0,0,0
1310,Belge_Lambert_1972 - EPSG:31370,98533.613,171120.862,49.04,GCS_WGS_1984 - EPSG:4326,3.637928,50.848215,Oost-Vlaanderen,Oudenaarde,Mater,e3-21-33,ES4433,30/1,2015,0,0,0,0
1311,Belge_Lambert_1972 - EPSG:31370,98892.373,171333.949,45.31,GCS_WGS_1984 - EPSG:4326,3.642993,50.850162,Oost-Vlaanderen,Oudenaarde,Ename,e3-21-31,ES4533,30/1,2015,0,0,0,0
1312,Belge_Lambert_1972 - EPSG:31370,98761.464,171577.785,26.94,GCS_WGS_1984 - EPSG:4326,3.6411,50.852342,Oost-Vlaanderen,Oudenaarde,Ename,e3-21-31,ES4533,30/1,2015,0,0,0,0
1313,Belge_Lambert_1972 - EPSG:31370,98843.443,171522.503,31.28,GCS_WGS_1984 - EPSG:4326,3.642272,50.851852,Oost-Vlaanderen,Oudenaarde,Ename,e3-21-31,ES4533,30/1,2015,0,0,0,0
1314,Belge_Lambert_1972 - EPSG:31370,98918.546,171455.563,44.02,GCS_WGS_1984 - EPSG:4326,3.643348,50.851257,Oost-Vlaanderen,Oudenaarde,Ename,e3-21-31,ES4533,30/1,2015,0,0,0,0
1315,Belge_Lambert_1972 - EPSG:31370,98960.99,171405.667,49.54,GCS_WGS_1984 - EPSG:4326,3.643957,50.850812,Oost-Vlaanderen,Oudenaarde,Mater,e3-21-31,ES4533,30/1,2015,0,0,0,0
1316,Belge_Lambert_1972 - EPSG:31370,98902.171,171593.621,42,GCS_WGS_1984 - EPSG:4326,3.643096,50.852497,Oost-Vlaanderen,Oudenaarde,Ename,e3-21-31,ES4533,30/1,2015,0,0,0,0
1317,Belge_Lambert_1972 - EPSG:31370,98980.337,171533.432,48.36,GCS_WGS_1984 - EPSG:4326,3.644214,50.851963,Oost-Vlaanderen,Oudenaarde,Mater,e3-21-31,ES4533,30/1,2015,0,0,0,0
1318,Belge_Lambert_1972 - EPSG:31370,98802.991,171795.163,23.36,GCS_WGS_1984 - EPSG:4326,3.64166,50.8543,Oost-Vlaanderen,Oudenaarde,Ename,e3-21-31,ES4533,30/1,2015,0,0,0,0
1319,Belge_Lambert_1972 - EPSG:31370,98903.398,171738.154,38.62,GCS_WGS_1984 - EPSG:4326,3.643093,50.853796,Oost-Vlaanderen,Oudenaarde,Ename,e3-21-31,ES4533,30/1,2015,0,0,0,0
1320,Belge_Lambert_1972 - EPSG:31370,99046.664,171637.574,56.21,GCS_WGS_1984 - EPSG:4326,3.645142,50.852905,Oost-Vlaanderen,Oudenaarde,Mater,e3-21-32,ES4533,30/1,2015,0,0,0,0
1321,Belge_Lambert_1972 - EPSG:31370,98867.947,171876.782,25.26,GCS_WGS_1984 - EPSG:4326,3.642571,50.855039,Oost-Vlaanderen,Oudenaarde,Ename,e3-21-31,ES4533,30/1,2015,0,0,0,0
1322,Belge_Lambert_1972 - EPSG:31370,98946.185,171814.041,37.61,GCS_WGS_1984 - EPSG:4326,3.643691,50.854482,Oost-Vlaanderen,Oudenaarde,Ename,e3-21-31,ES4533,30/1,2015,0,0,0,0
1323,Belge_Lambert_1972 - EPSG:31370,99110.83,171694.454,54.17,GCS_WGS_1984 - EPSG:4326,3.646045,50.853421,Oost-Vlaanderen,Oudenaarde,Mater,e3-21-32,ES4533,30/1,2015,0,0,0,0
1324,Belge_Lambert_1972 - EPSG:31370,99084.175,171833.656,46.74,GCS_WGS_1984 - EPSG:4326,3.645647,50.85467,Oost-Vlaanderen,Oudenaarde,Mater,e3-21-32,ES4533,30/1,2015,0,0,0,0
1325,Belge_Lambert_1972 - EPSG:31370,99159.373,171767.922,46.17,GCS_WGS_1984 - EPSG:4326,3.646724,50.854086,Oost-Vlaanderen,Oudenaarde,Mater,e3-21-32,ES4533,30/1,2015,0,0,0,0
1326,Belge_Lambert_1972 - EPSG:31370,98897.579,172071.606,16.58,GCS_WGS_1984 - EPSG:4326,3.642965,50.856793,Oost-Vlaanderen,Oudenaarde,Ename,e3-21-31,ES4534,30/1,2015,0,0,0,0
1327,Belge_Lambert_1972 - EPSG:31370,99067.36,171971.979,30.78,GCS_WGS_1984 - EPSG:4326,3.64539,50.855912,Oost-Vlaanderen,Oudenaarde,Mater,e3-21-32,ES4534,30/1,2015,0,0,0,0
1328,Belge_Lambert_1972 - EPSG:31370,99154.05,171907.351,38.53,GCS_WGS_1984 - EPSG:4326,3.64663,50.855339,Oost-Vlaanderen,Oudenaarde,Mater,e3-21-32,ES4533,30/1,2015,0,0,0,0
1329,Belge_Lambert_1972 - EPSG:31370,99303.987,171788.467,45.05,GCS_WGS_1984 - EPSG:4326,3.648775,50.854283,Oost-Vlaanderen,Oudenaarde,Mater,e3-21-32,ES4533,30/1,2015,0,0,0,0
1330,Belge_Lambert_1972 - EPSG:31370,98971.366,172174.597,16.65,GCS_WGS_1984 - EPSG:4326,3.643998,50.857725,Oost-Vlaanderen,Oudenaarde,Mater,e3-21-13,ES4534,30/1,2015,0,0,0,0
1331,Belge_Lambert_1972 - EPSG:31370,99050.265,172113.347,19.91,GCS_WGS_1984 - EPSG:4326,3.645127,50.857182,Oost-Vlaanderen,Oudenaarde,Mater,e3-21-32,ES4534,30/1,2015,0,0,0,0
1332,Belge_Lambert_1972 - EPSG:31370,99127.945,172058.36,27.04,GCS_WGS_1984 - EPSG:4326,3.646238,50.856694,Oost-Vlaanderen,Oudenaarde,Mater,e3-21-32,ES4534,30/1,2015,0,0,0,0
1333,Belge_Lambert_1972 - EPSG:31370,99209.789,171986.01,32.64,GCS_WGS_1984 - EPSG:4326,3.64741,50.856051,Oost-Vlaanderen,Oudenaarde,Mater,e3-21-32,ES4534,30/1,2015,0,0,0,0
1334,Belge_Lambert_1972 - EPSG:31370,99311.644,171927.895,39.13,GCS_WGS_1984 - EPSG:4326,3.648865,50.855537,Oost-Vlaanderen,Oudenaarde,Mater,e3-21-32,ES4533,30/1,2015,0,0,0,0
1335,Belge_Lambert_1972 - EPSG:31370,98958.486,172311.682,15.14,GCS_WGS_1984 - EPSG:4326,3.643796,50.858956,Oost-Vlaanderen,Oudenaarde,Mater,e3-21-13,ES4534,30/1,2015,0,0,0,0
1336,Belge_Lambert_1972 - EPSG:31370,99033.101,172254.091,17.17,GCS_WGS_1984 - EPSG:4326,3.644864,50.858445,Oost-Vlaanderen,Oudenaarde,Mater,e3-21-14,ES4534,30/1,2015,0,0,0,0
1337,Belge_Lambert_1972 - EPSG:31370,99110.671,172190.467,20.46,GCS_WGS_1984 - EPSG:4326,3.645974,50.85788,Oost-Vlaanderen,Oudenaarde,Mater,e3-21-14,ES4534,30/1,2015,0,0,0,0
1338,Belge_Lambert_1972 - EPSG:31370,99269.953,172067.712,29.03,GCS_WGS_1984 - EPSG:4326,3.648253,50.856791,Oost-Vlaanderen,Oudenaarde,Mater,e3-21-32,ES4534,30/1,2015,0,0,0,0
1339,Belge_Lambert_1972 - EPSG:31370,99421.912,171901.323,50.03,GCS_WGS_1984 - EPSG:4326,3.650434,50.855308,Oost-Vlaanderen,Oudenaarde,Mater,e3-21-32,ES4533,30/1,2015,0,0,0,0
1340,Belge_Lambert_1972 - EPSG:31370,98936.526,172453.352,13.89,GCS_WGS_1984 - EPSG:4326,3.643465,50.860228,Oost-Vlaanderen,Oudenaarde,Mater,e3-21-13,ES4534,30/1,2015,0,0,0,0
1341,Belge_Lambert_1972 - EPSG:31370,99015.537,172391.787,15.16,GCS_WGS_1984 - EPSG:4326,3.644596,50.859682,Oost-Vlaanderen,Oudenaarde,Mater,e3-21-13,ES4534,30/1,2015,0,0,0,0
1342,Belge_Lambert_1972 - EPSG:31370,99173.555,172270.091,19.79,GCS_WGS_1984 - EPSG:4326,3.646857,50.858601,Oost-Vlaanderen,Oudenaarde,Mater,e3-21-14,ES4534,30/1,2015,0,0,0,0
1343,Belge_Lambert_1972 - EPSG:31370,99251.514,172208.969,25.43,GCS_WGS_1984 - EPSG:4326,3.647972,50.858059,Oost-Vlaanderen,Oudenaarde,Mater,e3-21-14,ES4534,30/1,2015,0,0,0,0
1344,Belge_Lambert_1972 - EPSG:31370,99328.437,172148.484,37.57,GCS_WGS_1984 - EPSG:4326,3.649073,50.857522,Oost-Vlaanderen,Oudenaarde,Mater,e3-21-32,ES4534,30/1,2015,0,0,0,0
1345,Belge_Lambert_1972 - EPSG:31370,99156.674,172410.296,16.45,GCS_WGS_1984 - EPSG:4326,3.646597,50.85986,Oost-Vlaanderen,Oudenaarde,Mater,e3-21-14,ES4534,30/1,2015,0,0,0,0
1346,Belge_Lambert_1972 - EPSG:31370,99235.168,172349.466,20.1,GCS_WGS_1984 - EPSG:4326,3.647721,50.85932,Oost-Vlaanderen,Oudenaarde,Mater,e3-21-14,ES4534,30/1,2015,0,0,0,0
1347,Belge_Lambert_1972 - EPSG:31370,99313.377,172288.281,34.95,GCS_WGS_1984 - EPSG:4326,3.64884,50.858777,Oost-Vlaanderen,Oudenaarde,Mater,e3-21-14,ES4534,30/1,2015,0,0,0,0
1348,Belge_Lambert_1972 - EPSG:31370,98968.915,172643.46,13.14,GCS_WGS_1984 - EPSG:4326,3.643898,50.86194,Oost-Vlaanderen,Oudenaarde,Nederename,e3-21-13,ES4534,30/1,2015,0,0,0,0
1349,Belge_Lambert_1972 - EPSG:31370,99056.823,172617.239,13.33,GCS_WGS_1984 - EPSG:4326,3.645151,50.861712,Oost-Vlaanderen,Oudenaarde,Mater,e3-21-14,ES4534,30/1,2015,0,0,0,0
1350,Belge_Lambert_1972 - EPSG:31370,99143.799,172561.3,14.06,GCS_WGS_1984 - EPSG:4326,3.646394,50.861217,Oost-Vlaanderen,Oudenaarde,Mater,e3-21-14,ES4534,30/1,2015,0,0,0,0
1351,Belge_Lambert_1972 - EPSG:31370,99215.18,172491.095,15.24,GCS_WGS_1984 - EPSG:4326,3.647417,50.860592,Oost-Vlaanderen,Oudenaarde,Mater,e3-21-14,ES4534,30/1,2015,0,0,0,0
1352,Belge_Lambert_1972 - EPSG:31370,99296.916,172423.654,22.41,GCS_WGS_1984 - EPSG:4326,3.648587,50.859993,Oost-Vlaanderen,Oudenaarde,Mater,e3-21-14,ES4534,30/1,2015,0,0,0,0
1353,Belge_Lambert_1972 - EPSG:31370,99374.585,172366.644,35.05,GCS_WGS_1984 - EPSG:4326,3.649698,50.859487,Oost-Vlaanderen,Oudenaarde,Mater,e3-21-14,ES4534,30/1,2015,0,0,0,0
1354,Belge_Lambert_1972 - EPSG:31370,99114.664,172689.884,13.55,GCS_WGS_1984 - EPSG:4326,3.645962,50.86237,Oost-Vlaanderen,Oudenaarde,Nederename,e3-21-14,ES4534,30/1,2015,0,0,0,0
1355,Belge_Lambert_1972 - EPSG:31370,99203.899,172676.63,13.96,GCS_WGS_1984 - EPSG:4326,3.647231,50.862258,Oost-Vlaanderen,Oudenaarde,Mater,e3-21-14,ES4534,30/1,2015,0,0,0,0
1356,Belge_Lambert_1972 - EPSG:31370,99276.494,172567.883,14.77,GCS_WGS_1984 - EPSG:4326,3.648278,50.861287,Oost-Vlaanderen,Oudenaarde,Mater,e3-21-14,ES4534,30/1,2015,0,0,0,0
1357,Belge_Lambert_1972 - EPSG:31370,99357.415,172509.074,18.88,GCS_WGS_1984 - EPSG:4326,3.649435,50.860766,Oost-Vlaanderen,Oudenaarde,Mater,e3-21-14,ES4534,30/1,2015,0,0,0,0
1358,Belge_Lambert_1972 - EPSG:31370,99436.851,172446.886,32.8,GCS_WGS_1984 - EPSG:4326,3.650572,50.860214,Oost-Vlaanderen,Oudenaarde,Mater,e3-21-14,ES4534,30/1,2015,0,0,0,0
1359,Belge_Lambert_1972 - EPSG:31370,99257.993,172752.923,14.01,GCS_WGS_1984 - EPSG:4326,3.647989,50.862949,Oost-Vlaanderen,Oudenaarde,Mater,e3-21-14,ES4534,30/1,2015,0,0,0,0
1360,Belge_Lambert_1972 - EPSG:31370,99362.977,172641.725,14.79,GCS_WGS_1984 - EPSG:4326,3.649496,50.861959,Oost-Vlaanderen,Oudenaarde,Mater,e3-21-14,ES4534,30/1,2015,0,0,0,0
1361,Belge_Lambert_1972 - EPSG:31370,99420.281,172586.095,18.59,GCS_WGS_1984 - EPSG:4326,3.650317,50.861463,Oost-Vlaanderen,Oudenaarde,Mater,e3-21-14,ES4534,30/1,2015,0,0,0,0
1362,Belge_Lambert_1972 - EPSG:31370,99493.826,172527.611,29.89,GCS_WGS_1984 - EPSG:4326,3.65137,50.860944,Oost-Vlaanderen,Oudenaarde,Mater,e3-21-14,ES4534,30/1,2015,0,0,0,0
1363,Belge_Lambert_1972 - EPSG:31370,99329.216,172777.463,14.29,GCS_WGS_1984 - EPSG:4326,3.648998,50.863176,Oost-Vlaanderen,Oudenaarde,Mater,e3-21-14,ES4534,30/1,2015,0,0,0,0
1364,Belge_Lambert_1972 - EPSG:31370,99409.067,172731.862,14.67,GCS_WGS_1984 - EPSG:4326,3.650138,50.862773,Oost-Vlaanderen,Oudenaarde,Mater,e3-21-14,ES4534,30/1,2015,0,0,0,0
1365,Belge_Lambert_1972 - EPSG:31370,99558.75,172603.895,27.54,GCS_WGS_1984 - EPSG:4326,3.652282,50.861636,Oost-Vlaanderen,Oudenaarde,Mater,e3-21-14,ES4534,30/1,2015,0,0,0,0
1366,Belge_Lambert_1972 - EPSG:31370,99463.086,172804.524,14.69,GCS_WGS_1984 - EPSG:4326,3.650895,50.863431,Oost-Vlaanderen,Oudenaarde,Mater,e3-21-14,ES4534,30/1,2015,0,0,0,0
1367,Belge_Lambert_1972 - EPSG:31370,99540.012,172743.595,15.32,GCS_WGS_1984 - EPSG:4326,3.651996,50.86289,Oost-Vlaanderen,Oudenaarde,Mater,e3-21-14,ES4534,30/1,2015,0,0,0,0
1368,Belge_Lambert_1972 - EPSG:31370,99615.173,172691.459,20.73,GCS_WGS_1984 - EPSG:4326,3.653071,50.862428,Oost-Vlaanderen,Oudenaarde,Mater,e3-21-14,ES4534,30/1,2015,0,0,0,0
1369,Belge_Lambert_1972 - EPSG:31370,99604.698,172824.048,14.83,GCS_WGS_1984 - EPSG:4326,3.652904,50.863618,Oost-Vlaanderen,Oudenaarde,Mater,e3-21-14,ES4534,30/1,2015,0,0,0,0
1370,Belge_Lambert_1972 - EPSG:31370,99680.769,172761.969,18.63,GCS_WGS_1984 - EPSG:4326,3.653993,50.863067,Oost-Vlaanderen,Oudenaarde,Mater,e3-21-14,ES4634,30/1,2015,0,0,0,0
1371,Belge_Lambert_1972 - EPSG:31370,99740.84,172709.083,31.77,GCS_WGS_1984 - EPSG:4326,3.654853,50.862597,Oost-Vlaanderen,Oudenaarde,Mater,e3-21-14,ES4634,30/1,2015,0,0,0,0
1372,Belge_Lambert_1972 - EPSG:31370,99664.309,172888.661,14.75,GCS_WGS_1984 - EPSG:4326,3.653742,50.864204,Oost-Vlaanderen,Oudenaarde,Mater,e3-21-14,ES4634,30/1,2015,0,0,0,0
1373,Belge_Lambert_1972 - EPSG:31370,99084.178,171661.285,56.21,GCS_WGS_1984 - EPSG:4326,3.645671,50.853121,Oost-Vlaanderen,Oudenaarde,Mater,e3-21-32,ES4533,30/1,2015,0,0,0,0
1401,Belge_Lambert_1972 - EPSG:31370,173286.096,165367.136,77.59,GCS_WGS_1984 - EPSG:4326,4.69906,50.798296,Vlaams-Brabant,Bierbeek,Bierbeek,e5-43-22,FS1928,32/6,2016,0,0,0,0
1402,Belge_Lambert_1972 - EPSG:31370,173336.445,165371.468,74.95,GCS_WGS_1984 - EPSG:4326,4.699774,50.798333,Vlaams-Brabant,Bierbeek,Bierbeek,e5-43-22,FS1928,32/6,2016,0,0,0,0
1403,Belge_Lambert_1972 - EPSG:31370,173385.913,165375.627,75.23,GCS_WGS_1984 - EPSG:4326,4.700476,50.798369,Vlaams-Brabant,Bierbeek,Bierbeek,e5-43-22,FS1928,32/6,2016,0,0,0,0
1404,Belge_Lambert_1972 - EPSG:31370,173434.744,165380.109,73.46,GCS_WGS_1984 - EPSG:4326,4.701169,50.798407,Vlaams-Brabant,Bierbeek,Bierbeek,e5-43-22,FS1928,32/6,2016,0,0,0,0
1405,Belge_Lambert_1972 - EPSG:31370,173390.346,165325.535,74.96,GCS_WGS_1984 - EPSG:4326,4.700536,50.797918,Vlaams-Brabant,Bierbeek,Bierbeek,e5-43-22,FS1928,32/6,2016,0,0,0,0
1406,Belge_Lambert_1972 - EPSG:31370,173439.399,165328.037,73.79,GCS_WGS_1984 - EPSG:4326,4.701232,50.797939,Vlaams-Brabant,Bierbeek,Bierbeek,e5-43-22,FS1928,32/6,2016,0,0,0,0
1407,Belge_Lambert_1972 - EPSG:31370,173243.391,165265.144,78.3,GCS_WGS_1984 - EPSG:4326,4.698447,50.797381,Vlaams-Brabant,Bierbeek,Bierbeek,e5-43-22,FS1928,32/6,2016,0,0,0,0
1408,Belge_Lambert_1972 - EPSG:31370,173293.365,165267.211,76.61,GCS_WGS_1984 - EPSG:4326,4.699156,50.797398,Vlaams-Brabant,Bierbeek,Bierbeek,e5-43-22,FS1928,32/6,2016,0,0,0,0
1409,Belge_Lambert_1972 - EPSG:31370,173344.337,165271.698,75.02,GCS_WGS_1984 - EPSG:4326,4.69988,50.797436,Vlaams-Brabant,Bierbeek,Bierbeek,e5-43-22,FS1928,32/6,2016,0,0,0,0
1410,Belge_Lambert_1972 - EPSG:31370,173394.272,165275.481,73.79,GCS_WGS_1984 - EPSG:4326,4.700588,50.797468,Vlaams-Brabant,Bierbeek,Bierbeek,e5-43-22,FS1928,32/6,2016,0,0,0,0
1411,Belge_Lambert_1972 - EPSG:31370,173249.887,165214.149,78.03,GCS_WGS_1984 - EPSG:4326,4.698536,50.796922,Vlaams-Brabant,Bierbeek,Bierbeek,e5-43-22,FS1928,32/6,2016,0,0,0,0
1412,Belge_Lambert_1972 - EPSG:31370,173299.118,165219.048,76.26,GCS_WGS_1984 - EPSG:4326,4.699235,50.796964,Vlaams-Brabant,Bierbeek,Bierbeek,e5-43-22,FS1928,32/6,2016,0,0,0,0
1413,Belge_Lambert_1972 - EPSG:31370,173347.927,165221.815,75.08,GCS_WGS_1984 - EPSG:4326,4.699927,50.796987,Vlaams-Brabant,Bierbeek,Bierbeek,e5-43-22,FS1928,32/6,2016,0,0,0,0
1414,Belge_Lambert_1972 - EPSG:31370,173397.518,165225.746,73.51,GCS_WGS_1984 - EPSG:4326,4.700631,50.797021,Vlaams-Brabant,Bierbeek,Bierbeek,e5-43-22,FS1928,32/6,2016,0,0,0,0
1415,Belge_Lambert_1972 - EPSG:31370,173447.513,165229.85,72.4,GCS_WGS_1984 - EPSG:4326,4.70134,50.797056,Vlaams-Brabant,Bierbeek,Bierbeek,e5-43-22,FS1928,32/6,2016,0,0,0,0
1416,Belge_Lambert_1972 - EPSG:31370,173451.574,165180.569,72.27,GCS_WGS_1984 - EPSG:4326,4.701395,50.796612,Vlaams-Brabant,Bierbeek,Bierbeek,e5-43-22,FS1928,32/6,2016,0,0,0,0
1417,Belge_Lambert_1972 - EPSG:31370,173256.548,165114.46,77.76,GCS_WGS_1984 - EPSG:4326,4.698625,50.796026,Vlaams-Brabant,Bierbeek,Bierbeek,e5-43-24,FS1928,32/6,2016,0,0,0,0
1418,Belge_Lambert_1972 - EPSG:31370,173305.848,165118.4,76.39,GCS_WGS_1984 - EPSG:4326,4.699324,50.796059,Vlaams-Brabant,Bierbeek,Bierbeek,e5-43-24,FS1928,32/6,2016,0,0,0,0
1419,Belge_Lambert_1972 - EPSG:31370,173356.451,165122.728,73.91,GCS_WGS_1984 - EPSG:4326,4.700042,50.796096,Vlaams-Brabant,Bierbeek,Bierbeek,e5-43-24,FS1928,32/6,2016,0,0,0,0
1420,Belge_Lambert_1972 - EPSG:31370,173406.857,165126.598,72.82,GCS_WGS_1984 - EPSG:4326,4.700757,50.796129,Vlaams-Brabant,Bierbeek,Bierbeek,e5-43-24,FS1928,32/6,2016,0,0,0,0
1421,Belge_Lambert_1972 - EPSG:31370,173455.546,165128.923,71.19,GCS_WGS_1984 - EPSG:4326,4.701448,50.796148,Vlaams-Brabant,Bierbeek,Bierbeek,e5-43-24,FS1928,32/6,2016,0,0,0,0
1422,Belge_Lambert_1972 - EPSG:31370,173260.755,165064.733,77.76,GCS_WGS_1984 - EPSG:4326,4.698681,50.795579,Vlaams-Brabant,Bierbeek,Bierbeek,e5-43-24,FS1928,32/6,2016,0,0,0,0
1423,Belge_Lambert_1972 - EPSG:31370,173310.456,165068.461,76.18,GCS_WGS_1984 - EPSG:4326,4.699386,50.79561,Vlaams-Brabant,Bierbeek,Bierbeek,e5-43-24,FS1928,32/6,2016,0,0,0,0
1424,Belge_Lambert_1972 - EPSG:31370,173360.356,165072.488,74.25,GCS_WGS_1984 - EPSG:4326,4.700094,50.795644,Vlaams-Brabant,Bierbeek,Bierbeek,e5-43-24,FS1928,32/6,2016,0,0,0,0
1425,Belge_Lambert_1972 - EPSG:31370,173409.712,165075.452,71.99,GCS_WGS_1984 - EPSG:4326,4.700794,50.795669,Vlaams-Brabant,Bierbeek,Bierbeek,e5-43-24,FS1928,32/6,2016,0,0,0,0
1426,Belge_Lambert_1972 - EPSG:31370,173460.081,165080.061,69.24,GCS_WGS_1984 - EPSG:4326,4.701509,50.795709,Vlaams-Brabant,Bierbeek,Bierbeek,e5-43-24,FS1928,32/6,2016,0,0,0,0
1427,Belge_Lambert_1972 - EPSG:31370,173264.237,165013.639,76.95,GCS_WGS_1984 - EPSG:4326,4.698727,50.795119,Vlaams-Brabant,Bierbeek,Bierbeek,e5-43-24,FS1928,32/6,2016,0,0,0,0
1428,Belge_Lambert_1972 - EPSG:31370,173268.559,164964.58,77.06,GCS_WGS_1984 - EPSG:4326,4.698785,50.794678,Vlaams-Brabant,Bierbeek,Bierbeek,e5-43-24,FS1928,32/6,2016,0,0,0,0
1429,Belge_Lambert_1972 - EPSG:31370,173318.755,164969.123,75,GCS_WGS_1984 - EPSG:4326,4.699498,50.794717,Vlaams-Brabant,Bierbeek,Bierbeek,e5-43-24,FS1928,32/6,2016,0,0,0,0
1430,Belge_Lambert_1972 - EPSG:31370,173368.057,164972.507,72.84,GCS_WGS_1984 - EPSG:4326,4.700197,50.794745,Vlaams-Brabant,Bierbeek,Bierbeek,e5-43-24,FS1928,32/6,2016,0,0,0,0
1431,Belge_Lambert_1972 - EPSG:31370,173272.434,164914.936,76.45,GCS_WGS_1984 - EPSG:4326,4.698837,50.794232,Vlaams-Brabant,Bierbeek,Bierbeek,e5-43-24,FS1928,32/6,2016,0,0,0,0
1432,Belge_Lambert_1972 - EPSG:31370,173323.028,164918.585,74.4,GCS_WGS_1984 - EPSG:4326,4.699555,50.794262,Vlaams-Brabant,Bierbeek,Bierbeek,e5-43-24,FS1928,32/6,2016,0,0,0,0
1433,Belge_Lambert_1972 - EPSG:31370,173533.44,165224.989,71.09,GCS_WGS_1984 - EPSG:4326,4.702559,50.797008,Vlaams-Brabant,Bierbeek,Bierbeek,e5-43-22,FS1928,32/6,2016,0,0,0,0
1434,Belge_Lambert_1972 - EPSG:31370,173552.08,165188.505,70.16,GCS_WGS_1984 - EPSG:4326,4.702821,50.79668,Vlaams-Brabant,Bierbeek,Bierbeek,e5-43-22,FS2028,32/6,2016,0,0,0,0
1435,Belge_Lambert_1972 - EPSG:31370,173601.44,165192.558,69.06,GCS_WGS_1984 - EPSG:4326,4.703521,50.796714,Vlaams-Brabant,Bierbeek,Bierbeek,e5-43-22,FS2028,32/6,2016,0,0,0,0
1436,Belge_Lambert_1972 - EPSG:31370,173508.83,165083.765,68.85,GCS_WGS_1984 - EPSG:4326,4.702201,50.79574,Vlaams-Brabant,Bierbeek,Bierbeek,e5-43-24,FS1928,32/6,2016,0,0,0,0
1437,Belge_Lambert_1972 - EPSG:31370,173559.687,165088.022,68.25,GCS_WGS_1984 - EPSG:4326,4.702923,50.795776,Vlaams-Brabant,Bierbeek,Bierbeek,e5-43-24,FS2028,32/6,2016,0,0,0,0
1438,Belge_Lambert_1972 - EPSG:31370,173666.33,165183.425,67.27,GCS_WGS_1984 - EPSG:4326,4.704441,50.796629,Vlaams-Brabant,Bierbeek,Bierbeek,e5-43-22,FS2028,32/6,2016,0,0,0,0
1439,Belge_Lambert_1972 - EPSG:31370,173723.001,165201.27,64.16,GCS_WGS_1984 - EPSG:4326,4.705246,50.796787,Vlaams-Brabant,Bierbeek,Bierbeek,e5-43-22,FS2028,32/6,2016,0,0,0,0
1440,Belge_Lambert_1972 - EPSG:31370,173658.397,165128.654,67.03,GCS_WGS_1984 - EPSG:4326,4.704325,50.796137,Vlaams-Brabant,Bierbeek,Bierbeek,e5-43-24,FS2028,32/6,2016,0,0,0,0
1441,Belge_Lambert_1972 - EPSG:31370,173713.677,165128.248,65.75,GCS_WGS_1984 - EPSG:4326,4.705109,50.796131,Vlaams-Brabant,Bierbeek,Bierbeek,e5-43-24,FS2028,32/6,2016,0,0,0,0
1442,Belge_Lambert_1972 - EPSG:31370,173756.596,165155.03,64.83,GCS_WGS_1984 - EPSG:4326,4.70572,50.79637,Vlaams-Brabant,Bierbeek,Bierbeek,e5-43-24,FS2028,32/6,2016,0,0,0,0
1443,Belge_Lambert_1972 - EPSG:31370,173538.196,165337.363,71.39,GCS_WGS_1984 - EPSG:4326,4.702634,50.798018,Vlaams-Brabant,Bierbeek,Bierbeek,e5-43-22,FS1928,32/6,2016,0,0,0,0
1444,Belge_Lambert_1972 - EPSG:31370,173542.281,165286.849,69.43,GCS_WGS_1984 - EPSG:4326,4.702688,50.797564,Vlaams-Brabant,Bierbeek,Bierbeek,e5-43-22,FS1928,32/6,2016,0,0,0,0
1445,Belge_Lambert_1972 - EPSG:31370,173590.205,165285.293,67.06,GCS_WGS_1984 - EPSG:4326,4.703368,50.797548,Vlaams-Brabant,Bierbeek,Bierbeek,e5-43-22,FS2028,32/6,2016,0,0,0,0
1446,Belge_Lambert_1972 - EPSG:31370,173691.364,165298.444,63.71,GCS_WGS_1984 - EPSG:4326,4.704804,50.797662,Vlaams-Brabant,Bierbeek,Bierbeek,e5-43-22,FS2028,32/6,2016,0,0,0,0
1447,Belge_Lambert_1972 - EPSG:31370,173694.936,165248.047,64.49,GCS_WGS_1984 - EPSG:4326,4.704851,50.797209,Vlaams-Brabant,Bierbeek,Bierbeek,e5-43-22,FS2028,32/6,2016,0,0,0,0
1448,Belge_Lambert_1972 - EPSG:31370,173625.428,165493.316,73.29,GCS_WGS_1984 - EPSG:4326,4.703881,50.799417,Vlaams-Brabant,Bierbeek,Bierbeek,e5-43-22,FS2028,32/6,2016,0,0,0,0
1449,Belge_Lambert_1972 - EPSG:31370,173531.902,165436.664,74.39,GCS_WGS_1984 - EPSG:4326,4.702551,50.798911,Vlaams-Brabant,Bierbeek,Bierbeek,e5-43-22,FS1928,32/6,2016,0,0,0,0
1450,Belge_Lambert_1972 - EPSG:31370,173581.411,165441.339,73.51,GCS_WGS_1984 - EPSG:4326,4.703253,50.798951,Vlaams-Brabant,Bierbeek,Bierbeek,e5-43-22,FS2028,32/6,2016,0,0,0,0
1451,Belge_Lambert_1972 - EPSG:31370,173627.508,165445.099,72.19,GCS_WGS_1984 - EPSG:4326,4.703907,50.798983,Vlaams-Brabant,Bierbeek,Bierbeek,e5-43-22,FS2028,32/6,2016,0,0,0,0
1452,Belge_Lambert_1972 - EPSG:31370,173636.783,165396.326,67.77,GCS_WGS_1984 - EPSG:4326,4.704036,50.798544,Vlaams-Brabant,Bierbeek,Bierbeek,e5-43-22,FS2028,32/6,2016,0,0,0,0
1501,Belge_Lambert_1972 - EPSG:31370,88412.008,162027.059,54.22,GCS_WGS_1984 - EPSG:4326,3.495731,50.765488,Oost-Vlaanderen,Kluisbergen,Ruien,e2-56-21,ES3423,29/7,2018,0,0,0,0
1502,Belge_Lambert_1972 - EPSG:31370,88364.605,161962.316,65.34,GCS_WGS_1984 - EPSG:4326,3.49507,50.764901,Oost-Vlaanderen,Kluisbergen,Ruien,e2-56-21,ES3423,29/7,2018,0,0,0,0
1503,Belge_Lambert_1972 - EPSG:31370,88464.07,161966.033,62.3,GCS_WGS_1984 - EPSG:4326,3.496479,50.764945,Oost-Vlaanderen,Kluisbergen,Ruien,e2-56-21,ES3523,29/7,2018,0,0,0,0
1504,Belge_Lambert_1972 - EPSG:31370,88538.876,161998.256,66.08,GCS_WGS_1984 - EPSG:4326,3.497534,50.765242,Oost-Vlaanderen,Kluisbergen,Ruien,e2-56-21,ES3523,29/7,2018,0,0,0,0
1505,Belge_Lambert_1972 - EPSG:31370,88316.351,161910.487,69.88,GCS_WGS_1984 - EPSG:4326,3.4943939999999998,50.76443,Oost-Vlaanderen,Kluisbergen,Ruien,e2-56-21,ES3423,29/7,2018,0,0,0,0
1506,Belge_Lambert_1972 - EPSG:31370,88416.697,161913.223,61.89,GCS_WGS_1984 - EPSG:4326,3.495816,50.764465,Oost-Vlaanderen,Kluisbergen,Ruien,e2-56-21,ES3423,29/7,2018,0,0,0,0
1507,Belge_Lambert_1972 - EPSG:31370,88517.707,161915.872,70.49,GCS_WGS_1984 - EPSG:4326,3.497247,50.7645,Oost-Vlaanderen,Kluisbergen,Ruien,e2-56-21,ES3523,29/7,2018,0,0,0,0
1508,Belge_Lambert_1972 - EPSG:31370,88367.958,161862.088,74.25,GCS_WGS_1984 - EPSG:4326,3.495134,50.764,Oost-Vlaanderen,Kluisbergen,Ruien,e2-56-21,ES3423,29/7,2018,0,0,0,0
1509,Belge_Lambert_1972 - EPSG:31370,88483.059,161861.334,62.67,GCS_WGS_1984 - EPSG:4326,3.496765,50.764006,Oost-Vlaanderen,Kluisbergen,Ruien,e2-56-21,ES3523,29/7,2018,0,0,0,0
1510,Belge_Lambert_1972 - EPSG:31370,88409.809,161825.54,73.39,GCS_WGS_1984 - EPSG:4326,3.495733,50.763676,Oost-Vlaanderen,Kluisbergen,Ruien,e2-56-21,ES3423,29/7,2018,0,0,0,0
1511,Belge_Lambert_1972 - EPSG:31370,88521.427,161816.893,67.17,GCS_WGS_1984 - EPSG:4326,3.497316,50.76361,Oost-Vlaanderen,Kluisbergen,Ruien,e2-56-21,ES3523,29/7,2018,0,0,0,0
1512,Belge_Lambert_1972 - EPSG:31370,89094.679,162540.139,43.58,GCS_WGS_1984 - EPSG:4326,3.505322,50.770172,Oost-Vlaanderen,Kluisbergen,Ruien,e2-46-44,ES3524,29/7,2018,0,0,0,0
1513,Belge_Lambert_1972 - EPSG:31370,89197.797,162541.244,63.24,GCS_WGS_1984 - EPSG:4326,3.506784,50.770192,Oost-Vlaanderen,Kluisbergen,Ruien,e2-46-44,ES3524,29/7,2018,0,0,0,0
1514,Belge_Lambert_1972 - EPSG:31370,89046.94,162486.675,42.74,GCS_WGS_1984 - EPSG:4326,3.504654,50.769686,Oost-Vlaanderen,Kluisbergen,Ruien,e2-46-44,ES3524,29/7,2018,0,0,0,0
1515,Belge_Lambert_1972 - EPSG:31370,89148.156,162490.156,59.85,GCS_WGS_1984 - EPSG:4326,3.506088,50.769728,Oost-Vlaanderen,Kluisbergen,Ruien,e2-46-44,ES3524,29/7,2018,0,0,0,0
1516,Belge_Lambert_1972 - EPSG:31370,89000.434,162434.564,40.62,GCS_WGS_1984 - EPSG:4326,3.504004,50.769213,Oost-Vlaanderen,Kluisbergen,Ruien,e2-46-43,ES3524,29/7,2018,0,0,0,0
1517,Belge_Lambert_1972 - EPSG:31370,89098.292,162438.08,56.16,GCS_WGS_1984 - EPSG:4326,3.50539,50.769255,Oost-Vlaanderen,Kluisbergen,Ruien,e2-46-44,ES3524,29/7,2018,0,0,0,0
1518,Belge_Lambert_1972 - EPSG:31370,88956.699,162402.559,38.98,GCS_WGS_1984 - EPSG:4326,3.503389,50.768921,Oost-Vlaanderen,Kluisbergen,Ruien,e2-46-43,ES3524,29/7,2018,0,0,0,0
1519,Belge_Lambert_1972 - EPSG:31370,89048.376,162388.731,51.26,GCS_WGS_1984 - EPSG:4326,3.504691,50.768806,Oost-Vlaanderen,Kluisbergen,Ruien,e2-46-44,ES3524,29/7,2018,0,0,0,0
1520,Belge_Lambert_1972 - EPSG:31370,89148.729,162389.002,71.08,GCS_WGS_1984 - EPSG:4326,3.506113,50.768819,Oost-Vlaanderen,Kluisbergen,Ruien,e2-46-44,ES3524,29/7,2018,0,0,0,0
1521,Belge_Lambert_1972 - EPSG:31370,88902.23,162331.087,47.3,GCS_WGS_1984 - EPSG:4326,3.502629,50.768272,Oost-Vlaanderen,Kluisbergen,Ruien,e2-46-43,ES3524,29/7,2018,0,0,0,0
1522,Belge_Lambert_1972 - EPSG:31370,89002.613,162334.168,49.48,GCS_WGS_1984 - EPSG:4326,3.504051,50.768311,Oost-Vlaanderen,Kluisbergen,Ruien,e2-46-43,ES3524,29/7,2018,0,0,0,0
1523,Belge_Lambert_1972 - EPSG:31370,89100.497,162338.934,68.43,GCS_WGS_1984 - EPSG:4326,3.505438,50.768364,Oost-Vlaanderen,Kluisbergen,Ruien,e2-46-44,ES3524,29/7,2018,0,0,0,0
1524,Belge_Lambert_1972 - EPSG:31370,88955.714,162282.37,56.47,GCS_WGS_1984 - EPSG:4326,3.503395,50.76784,Oost-Vlaanderen,Kluisbergen,Ruien,e2-46-43,ES3524,29/7,2018,0,0,0,0
1525,Belge_Lambert_1972 - EPSG:31370,89053.855,162286.16,64.21,GCS_WGS_1984 - EPSG:4326,3.504785,50.767884,Oost-Vlaanderen,Kluisbergen,Ruien,e2-46-44,ES3524,29/7,2018,0,0,0,0
1526,Belge_Lambert_1972 - EPSG:31370,89008.384,162234.455,63.06,GCS_WGS_1984 - EPSG:4326,3.504149,50.767415,Oost-Vlaanderen,Kluisbergen,Ruien,e2-46-43,ES3524,29/7,2018,0,0,0,0
1527,Belge_Lambert_1972 - EPSG:31370,88958.177,162182.78,58.89,GCS_WGS_1984 - EPSG:4326,3.503446,50.766945,Oost-Vlaanderen,Kluisbergen,Ruien,e2-46-43,ES3524,29/7,2018,0,0,0,0
1528,Belge_Lambert_1972 - EPSG:31370,89058.547,162186.293,72.11,GCS_WGS_1984 - EPSG:4326,3.504868,50.766987,Oost-Vlaanderen,Kluisbergen,Ruien,e2-46-44,ES3524,29/7,2018,0,0,0,0
1529,Belge_Lambert_1972 - EPSG:31370,88911.349,162133.741,48.07,GCS_WGS_1984 - EPSG:4326,3.502791,50.766499,Oost-Vlaanderen,Kluisbergen,Ruien,e2-56-21,ES3523,29/7,2018,0,0,0,0
1530,Belge_Lambert_1972 - EPSG:31370,89009.316,162133.812,66.9,GCS_WGS_1984 - EPSG:4326,3.504179,50.76651,Oost-Vlaanderen,Kluisbergen,Ruien,e2-56-21,ES3523,29/7,2018,0,0,0,0
1531,Belge_Lambert_1972 - EPSG:31370,88861.378,162082.998,62.94,GCS_WGS_1984 - EPSG:4326,3.502091,50.766038,Oost-Vlaanderen,Kluisbergen,Ruien,e2-56-21,ES3523,29/7,2018,0,0,0,0
1532,Belge_Lambert_1972 - EPSG:31370,88961.77,162082.593,55.86,GCS_WGS_1984 - EPSG:4326,3.503514,50.766045,Oost-Vlaanderen,Kluisbergen,Ruien,e2-56-21,ES3523,29/7,2018,0,0,0,0
1533,Belge_Lambert_1972 - EPSG:31370,89091.672,162100.605,76.99,GCS_WGS_1984 - EPSG:4326,3.505352,50.76622,Oost-Vlaanderen,Kluisbergen,Ruien,e2-56-22,ES3523,29/7,2018,0,0,0,0
1534,Belge_Lambert_1972 - EPSG:31370,89165.048,162089.344,86.11,GCS_WGS_1984 - EPSG:4326,3.506394,50.766127,Oost-Vlaanderen,Kluisbergen,Ruien,e2-56-22,ES3523,29/7,2018,0,0,0,0
1535,Belge_Lambert_1972 - EPSG:31370,88913.502,162031.038,58.2,GCS_WGS_1984 - EPSG:4326,3.502838,50.765576,Oost-Vlaanderen,Kluisbergen,Ruien,e2-56-21,ES3523,29/7,2018,0,0,0,0
1536,Belge_Lambert_1972 - EPSG:31370,89004.681,162030.461,63.3,GCS_WGS_1984 - EPSG:4326,3.504131,50.765581,Oost-Vlaanderen,Kluisbergen,Ruien,e2-56-21,ES3523,29/7,2018,0,0,0,0
1537,Belge_Lambert_1972 - EPSG:31370,89114.493,162038.086,81.55,GCS_WGS_1984 - EPSG:4326,3.505686,50.765661,Oost-Vlaanderen,Kluisbergen,Ruien,e2-56-22,ES3523,29/7,2018,0,0,0,0
1538,Belge_Lambert_1972 - EPSG:31370,88965.331,161983.284,63.39,GCS_WGS_1984 - EPSG:4326,3.503581,50.765153,Oost-Vlaanderen,Kluisbergen,Ruien,e2-56-21,ES3523,29/7,2018,0,0,0,0
1539,Belge_Lambert_1972 - EPSG:31370,89063.731,161987.886,73.49,GCS_WGS_1984 - EPSG:4326,3.504975,50.765204,Oost-Vlaanderen,Kluisbergen,Ruien,e2-56-22,ES3523,29/7,2018,0,0,0,0
1540,Belge_Lambert_1972 - EPSG:31370,88716.303,161925.621,84.23,GCS_WGS_1984 - EPSG:4326,3.50006,50.764608,Oost-Vlaanderen,Kluisbergen,Ruien,e2-56-21,ES3523,29/7,2018,0,0,0,0
1541,Belge_Lambert_1972 - EPSG:31370,88815.461,161928.067,81.6,GCS_WGS_1984 - EPSG:4326,3.501465,50.76464,Oost-Vlaanderen,Kluisbergen,Ruien,e2-56-21,ES3523,29/7,2018,0,0,0,0
1542,Belge_Lambert_1972 - EPSG:31370,88916.006,161930.53,74.65,GCS_WGS_1984 - EPSG:4326,3.50289,50.764673,Oost-Vlaanderen,Kluisbergen,Ruien,e2-56-21,ES3523,29/7,2018,0,0,0,0
1543,Belge_Lambert_1972 - EPSG:31370,89023.253,161933.505,69.61,GCS_WGS_1984 - EPSG:4326,3.50441,50.764711,Oost-Vlaanderen,Kluisbergen,Ruien,e2-56-22,ES3523,29/7,2018,0,0,0,0
1544,Belge_Lambert_1972 - EPSG:31370,89116.919,161938.801,82.14,GCS_WGS_1984 - EPSG:4326,3.505736,50.764769,Oost-Vlaanderen,Kluisbergen,Ruien,e2-56-22,ES3523,29/7,2018,0,0,0,0
1545,Belge_Lambert_1972 - EPSG:31370,88669.211,161881.103,84.53,GCS_WGS_1984 - EPSG:4326,3.4994,50.764203,Oost-Vlaanderen,Kluisbergen,Ruien,e2-56-21,ES3523,29/7,2018,0,0,0,0
1546,Belge_Lambert_1972 - EPSG:31370,88769.009,161877.216,86.36,GCS_WGS_1984 - EPSG:4326,3.500816,50.764178,Oost-Vlaanderen,Kluisbergen,Ruien,e2-56-21,ES3523,29/7,2018,0,0,0,0
1547,Belge_Lambert_1972 - EPSG:31370,88869.982,161880.877,85.42,GCS_WGS_1984 - EPSG:4326,3.502246,50.764222,Oost-Vlaanderen,Kluisbergen,Ruien,e2-56-21,ES3523,29/7,2018,0,0,0,0
1548,Belge_Lambert_1972 - EPSG:31370,88969.296,161882.254,75.32,GCS_WGS_1984 - EPSG:4326,3.503653,50.764245,Oost-Vlaanderen,Kluisbergen,Ruien,e2-56-21,ES3523,29/7,2018,0,0,0,0
1549,Belge_Lambert_1972 - EPSG:31370,89068.248,161886.089,76.73,GCS_WGS_1984 - EPSG:4326,3.505055,50.76429,Oost-Vlaanderen,Kluisbergen,Ruien,e2-56-22,ES3523,29/7,2018,0,0,0,0
1550,Belge_Lambert_1972 - EPSG:31370,88720.218,161823.555,88.81,GCS_WGS_1984 - EPSG:4326,3.500133,50.763691,Oost-Vlaanderen,Kluisbergen,Ruien,e2-56-21,ES3523,29/7,2018,0,0,0,0
1551,Belge_Lambert_1972 - EPSG:31370,88821.342,161828.37,90.06,GCS_WGS_1984 - EPSG:4326,3.501565,50.763745,Oost-Vlaanderen,Kluisbergen,Ruien,e2-56-21,ES3523,29/7,2018,0,0,0,0
1552,Belge_Lambert_1972 - EPSG:31370,88920.43,161831.767,91.45,GCS_WGS_1984 - EPSG:4326,3.5029690000000002,50.763786,Oost-Vlaanderen,Kluisbergen,Ruien,e2-56-21,ES3523,29/7,2018,0,0,0,0
1553,Belge_Lambert_1972 - EPSG:31370,89021.456,161835.486,76.17,GCS_WGS_1984 - EPSG:4326,3.5044,50.76383,Oost-Vlaanderen,Kluisbergen,Ruien,e2-56-22,ES3523,29/7,2018,0,0,0,0
1554,Belge_Lambert_1972 - EPSG:31370,89121.443,161839.092,84.99,GCS_WGS_1984 - EPSG:4326,3.505817,50.763873,Oost-Vlaanderen,Kluisbergen,Ruien,e2-56-22,ES3523,29/7,2018,0,0,0,0
1555,Belge_Lambert_1972 - EPSG:31370,88872.125,161778.049,99.69,GCS_WGS_1984 - EPSG:4326,3.502293,50.763298,Oost-Vlaanderen,Kluisbergen,Ruien,e2-56-21,ES3523,29/7,2018,0,0,0,0
1556,Belge_Lambert_1972 - EPSG:31370,88971.993,161783.68,87.28,GCS_WGS_1984 - EPSG:4326,3.503708,50.763359,Oost-Vlaanderen,Kluisbergen,Ruien,e2-56-21,ES3523,29/7,2018,0,0,0,0
1557,Belge_Lambert_1972 - EPSG:31370,89071.277,161786.747,80.1,GCS_WGS_1984 - EPSG:4326,3.505115,50.763397,Oost-Vlaanderen,Kluisbergen,Ruien,e2-56-22,ES3523,29/7,2018,0,0,0,0
1558,Belge_Lambert_1972 - EPSG:31370,88923.908,161730.614,98.26,GCS_WGS_1984 - EPSG:4326,3.503035,50.762877,Oost-Vlaanderen,Kluisbergen,Ruien,e2-56-21,ES3523,29/7,2018,0,0,0,0
1559,Belge_Lambert_1972 - EPSG:31370,89025.296,161735.147,80.43,GCS_WGS_1984 - EPSG:4326,3.504471,50.762928,Oost-Vlaanderen,Kluisbergen,Ruien,e2-56-22,ES3523,29/7,2018,0,0,0,0
1560,Belge_Lambert_1972 - EPSG:31370,89115.065,161741.683,91.52,GCS_WGS_1984 - EPSG:4326,3.505743,50.762996,Oost-Vlaanderen,Kluisbergen,Ruien,e2-56-22,ES3523,29/7,2018,0,0,0,0
1561,Belge_Lambert_1972 - EPSG:31370,88975.442,161683.812,92.88,GCS_WGS_1984 - EPSG:4326,3.503773,50.762462,Oost-Vlaanderen,Kluisbergen,Ruien,e2-56-21,ES3523,29/7,2018,0,0,0,0
1562,Belge_Lambert_1972 - EPSG:31370,89076.214,161686.024,84.5,GCS_WGS_1984 - EPSG:4326,3.505201,50.762492,Oost-Vlaanderen,Kluisbergen,Ruien,e2-56-22,ES3523,29/7,2018,0,0,0,0
1563,Belge_Lambert_1972 - EPSG:31370,88926.768,161631.856,102.83,GCS_WGS_1984 - EPSG:4326,3.503092,50.761989,Oost-Vlaanderen,Kluisbergen,Ruien,e2-56-21,ES3523,29/7,2018,0,0,0,0
1564,Belge_Lambert_1972 - EPSG:31370,89028.06,161635.753,88.61,GCS_WGS_1984 - EPSG:4326,3.504527,50.762035,Oost-Vlaanderen,Kluisbergen,Ruien,e2-56-22,ES3523,29/7,2018,0,0,0,0
1565,Belge_Lambert_1972 - EPSG:31370,89127.555,161638.943,98.48,GCS_WGS_1984 - EPSG:4326,3.505937,50.762074,Oost-Vlaanderen,Kluisbergen,Ruien,e2-56-22,ES3523,29/7,2018,0,0,0,0
1566,Belge_Lambert_1972 - EPSG:31370,88980.36,161583.42,98.86,GCS_WGS_1984 - EPSG:4326,3.50386,50.76156,Oost-Vlaanderen,Kluisbergen,Ruien,e2-56-21,ES3523,29/7,2018,0,0,0,0
1567,Belge_Lambert_1972 - EPSG:31370,89078.561,161589.758,88.82,GCS_WGS_1984 - EPSG:4326,3.50525,50.761627,Oost-Vlaanderen,Kluisbergen,Ruien,e2-56-22,ES3523,29/7,2018,0,0,0,0
1568,Belge_Lambert_1972 - EPSG:31370,89031.495,161536.382,100.59,GCS_WGS_1984 - EPSG:4326,3.504592,50.761142,Oost-Vlaanderen,Kluisbergen,Ruien,e2-56-22,ES3523,29/7,2018,0,0,0,0
1569,Belge_Lambert_1972 - EPSG:31370,89132.057,161538.484,97.06,GCS_WGS_1984 - EPSG:4326,3.506017,50.761172,Oost-Vlaanderen,Kluisbergen,Ruien,e2-56-22,ES3523,29/7,2018,0,0,0,0
1570,Belge_Lambert_1972 - EPSG:31370,88983.719,161482.948,122.18,GCS_WGS_1984 - EPSG:4326,3.503924,50.760657,Oost-Vlaanderen,Kluisbergen,Ruien,e2-56-21,ES3523,29/7,2018,0,0,0,0
1571,Belge_Lambert_1972 - EPSG:31370,89086.43,161488.039,100.73,GCS_WGS_1984 - EPSG:4326,3.505379,50.760713,Oost-Vlaanderen,Kluisbergen,Ruien,e2-56-22,ES3523,29/7,2018,0,0,0,0
1572,Belge_Lambert_1972 - EPSG:31370,89050.735,161431.572,121.6,GCS_WGS_1984 - EPSG:4326,3.504882,50.760202,Oost-Vlaanderen,Kluisbergen,Ruien,e2-56-22,ES3523,29/7,2018,0,0,0,0
1573,Belge_Lambert_1972 - EPSG:31370,89134.483,161440.257,104.82,GCS_WGS_1984 - EPSG:4326,3.506067,50.760289,Oost-Vlaanderen,Kluisbergen,Ruien,e2-56-22,ES3523,29/7,2018,0,0,0,0
1574,Belge_Lambert_1972 - EPSG:31370,88677.184,161671.226,96.87,GCS_WGS_1984 - EPSG:4326,3.499548,50.762317,Oost-Vlaanderen,Kluisbergen,Ruien,e2-56-21,ES3523,29/7,2018,0,0,0,0
1575,Belge_Lambert_1972 - EPSG:31370,88626.549,161622.007,96.18,GCS_WGS_1984 - EPSG:4326,3.498839,50.761869,Oost-Vlaanderen,Kluisbergen,Ruien,e2-56-21,ES3523,29/7,2018,0,0,0,0
1576,Belge_Lambert_1972 - EPSG:31370,88740.926,161624.707,104.23,GCS_WGS_1984 - EPSG:4326,3.500459,50.761906,Oost-Vlaanderen,Kluisbergen,Ruien,e2-56-21,ES3523,29/7,2018,0,0,0,0
1577,Belge_Lambert_1972 - EPSG:31370,88481.717,161562.881,105.12,GCS_WGS_1984 - EPSG:4326,3.496796,50.761323,Oost-Vlaanderen,Kluisbergen,Ruien,e2-56-21,ES3523,29/7,2018,0,0,0,0
1578,Belge_Lambert_1972 - EPSG:31370,88687.643,161567.659,107.66,GCS_WGS_1984 - EPSG:4326,3.499714,50.761387,Oost-Vlaanderen,Kluisbergen,Ruien,e2-56-21,ES3523,29/7,2018,0,0,0,0
1579,Belge_Lambert_1972 - EPSG:31370,88778.878,161577.862,112.15,GCS_WGS_1984 - EPSG:4326,3.501005,50.761489,Oost-Vlaanderen,Kluisbergen,Ruien,e2-56-21,ES3523,29/7,2018,0,0,0,0
1580,Belge_Lambert_1972 - EPSG:31370,88528.104,161518.178,97.14,GCS_WGS_1984 - EPSG:4326,3.497461,50.760926,Oost-Vlaanderen,Kluisbergen,Ruien,e2-56-21,ES3523,29/7,2018,0,0,0,0
1581,Belge_Lambert_1972 - EPSG:31370,88630.453,161519.917,96.18,GCS_WGS_1984 - EPSG:4326,3.498911,50.760952,Oost-Vlaanderen,Kluisbergen,Ruien,e2-56-21,ES3523,29/7,2018,0,0,0,0
1582,Belge_Lambert_1972 - EPSG:31370,88830.841,161525.719,120.13,GCS_WGS_1984 - EPSG:4326,3.50175,50.761025,Oost-Vlaanderen,Kluisbergen,Ruien,e2-56-21,ES3523,29/7,2018,0,0,0,0
1583,Belge_Lambert_1972 - EPSG:31370,88482.67,161465.489,116.84,GCS_WGS_1984 - EPSG:4326,3.496826,50.760447,Oost-Vlaanderen,Kluisbergen,Ruien,e2-56-21,ES3523,29/7,2018,0,0,0,0
1584,Belge_Lambert_1972 - EPSG:31370,88583.477,161469.795,101.13,GCS_WGS_1984 - EPSG:4326,3.498254,50.760497,Oost-Vlaanderen,Kluisbergen,Ruien,e2-56-21,ES3523,29/7,2018,0,0,0,0
1585,Belge_Lambert_1972 - EPSG:31370,88686.572,161472.864,109.15,GCS_WGS_1984 - EPSG:4326,3.499714,50.760535,Oost-Vlaanderen,Kluisbergen,Ruien,e2-56-21,ES3523,29/7,2018,0,0,0,0
1586,Belge_Lambert_1972 - EPSG:31370,88785.905,161475.633,124.18,GCS_WGS_1984 - EPSG:4326,3.501121,50.76057,Oost-Vlaanderen,Kluisbergen,Ruien,e2-56-21,ES3523,29/7,2018,0,0,0,0
1587,Belge_Lambert_1972 - EPSG:31370,88533.43,161417.417,118.29,GCS_WGS_1984 - EPSG:4326,3.497553,50.760021,Oost-Vlaanderen,Kluisbergen,Ruien,e2-56-21,ES3523,29/7,2018,0,0,0,0
1588,Belge_Lambert_1972 - EPSG:31370,88634.894,161421.571,98.46,GCS_WGS_1984 - EPSG:4326,3.49899,50.760069,Oost-Vlaanderen,Kluisbergen,Ruien,e2-56-21,ES3523,29/7,2018,0,0,0,0
1589,Belge_Lambert_1972 - EPSG:31370,88724.356,161428.019,123.64,GCS_WGS_1984 - EPSG:4326,3.500257,50.760136,Oost-Vlaanderen,Kluisbergen,Ruien,e2-56-21,ES3523,29/7,2018,0,0,0,0
1590,Belge_Lambert_1972 - EPSG:31370,88836.864,161432.202,127.57,GCS_WGS_1984 - EPSG:4326,3.501851,50.760185,Oost-Vlaanderen,Kluisbergen,Ruien,e2-56-21,ES3523,29/7,2018,0,0,0,0
1591,Belge_Lambert_1972 - EPSG:31370,88587.678,161372.456,101.81,GCS_WGS_1984 - EPSG:4326,3.498329,50.759622,Oost-Vlaanderen,Kluisbergen,Ruien,e2-56-21,ES3523,29/7,2018,0,0,0,0
1592,Belge_Lambert_1972 - EPSG:31370,88686.26,161368.49,120.5,GCS_WGS_1984 - EPSG:4326,3.499727,50.759597,Oost-Vlaanderen,Kluisbergen,Ruien,e2-56-21,ES3523,29/7,2018,0,0,0,0
1593,Belge_Lambert_1972 - EPSG:31370,88538.793,161316.255,112.93,GCS_WGS_1984 - EPSG:4326,3.497646,50.759112,Oost-Vlaanderen,Kluisbergen,Ruien,e2-56-21,ES3523,29/7,2018,0,0,0,0
1594,Belge_Lambert_1972 - EPSG:31370,88640.255,161321.659,119.24,GCS_WGS_1984 - EPSG:4326,3.499083,50.759171,Oost-Vlaanderen,Kluisbergen,Ruien,e2-56-21,ES3523,29/7,2018,0,0,0,0
1595,Belge_Lambert_1972 - EPSG:31370,89648.083,162206.953,57.84,GCS_WGS_1984 - EPSG:4326,3.513221,50.767234,Oost-Vlaanderen,Kluisbergen,Ruien,e2-46-44,ES3624,29/7,2018,0,0,0,0
1596,Belge_Lambert_1972 - EPSG:31370,89765.526,162209.849,64.73,GCS_WGS_1984 - EPSG:4326,3.514885,50.767272,Oost-Vlaanderen,Kluisbergen,Ruien,e2-46-44,ES3624,29/7,2018,0,0,0,0
1597,Belge_Lambert_1972 - EPSG:31370,89623.786,162158.271,65.21,GCS_WGS_1984 - EPSG:4326,3.512885,50.766794,Oost-Vlaanderen,Kluisbergen,Ruien,e2-56-22,ES3624,29/7,2018,0,0,0,0
1598,Belge_Lambert_1972 - EPSG:31370,89712.566,162159.291,68.73,GCS_WGS_1984 - EPSG:4326,3.514143,50.766812,Oost-Vlaanderen,Kluisbergen,Ruien,e2-56-22,ES3624,29/7,2018,0,0,0,0
1599,Belge_Lambert_1972 - EPSG:31370,89559.488,162104.843,76.88,GCS_WGS_1984 - EPSG:4326,3.511982,50.766307,Oost-Vlaanderen,Kluisbergen,Ruien,e2-56-22,ES3623,29/7,2018,0,0,0,0
1600,Belge_Lambert_1972 - EPSG:31370,89660.813,162108.02,70.28,GCS_WGS_1984 - EPSG:4326,3.513418,50.766346,Oost-Vlaanderen,Kluisbergen,Ruien,e2-56-22,ES3623,29/7,2018,0,0,0,0
1601,Belge_Lambert_1972 - EPSG:31370,89415.964,162049.012,78.2,GCS_WGS_1984 - EPSG:4326,3.509957,50.76579,Oost-Vlaanderen,Kluisbergen,Ruien,e2-56-22,ES3523,29/7,2018,0,0,0,0
1602,Belge_Lambert_1972 - EPSG:31370,89518.835,162050.095,81,GCS_WGS_1984 - EPSG:4326,3.511415,50.765811,Oost-Vlaanderen,Kluisbergen,Ruien,e2-56-22,ES3623,29/7,2018,0,0,0,0
1603,Belge_Lambert_1972 - EPSG:31370,89612.161,162055.456,71.16,GCS_WGS_1984 - EPSG:4326,3.512737,50.765869,Oost-Vlaanderen,Kluisbergen,Ruien,e2-56-22,ES3623,29/7,2018,0,0,0,0
1604,Belge_Lambert_1972 - EPSG:31370,89711.751,162056.978,78.96,GCS_WGS_1984 - EPSG:4326,3.514148,50.765893,Oost-Vlaanderen,Kluisbergen,Ruien,e2-56-22,ES3623,29/7,2018,0,0,0,0
1605,Belge_Lambert_1972 - EPSG:31370,89465.621,161996.471,89.85,GCS_WGS_1984 - EPSG:4326,3.510669,50.765323,Oost-Vlaanderen,Kluisbergen,Ruien,e2-56-22,ES3623,29/7,2018,0,0,0,0
1606,Belge_Lambert_1972 - EPSG:31370,89575.315,162006.603,78.84,GCS_WGS_1984 - EPSG:4326,3.512223,50.765426,Oost-Vlaanderen,Kluisbergen,Ruien,e2-56-22,ES3623,29/7,2018,0,0,0,0
1607,Belge_Lambert_1972 - EPSG:31370,89215.157,161940.409,93.79,GCS_WGS_1984 - EPSG:4326,3.507129,50.764793,Oost-Vlaanderen,Kluisbergen,Ruien,e2-56-22,ES3523,29/7,2018,0,0,0,0
1608,Belge_Lambert_1972 - EPSG:31370,89414.41,161948.469,95.38,GCS_WGS_1984 - EPSG:4326,3.509951,50.764886,Oost-Vlaanderen,Kluisbergen,Ruien,e2-56-22,ES3523,29/7,2018,0,0,0,0
1609,Belge_Lambert_1972 - EPSG:31370,89270.714,161884.745,96.54,GCS_WGS_1984 - EPSG:4326,3.507925,50.764299,Oost-Vlaanderen,Kluisbergen,Ruien,e2-56-22,ES3523,29/7,2018,0,0,0,0
1610,Belge_Lambert_1972 - EPSG:31370,89367.111,161899.57,96,GCS_WGS_1984 - EPSG:4326,3.509289,50.764442,Oost-Vlaanderen,Kluisbergen,Ruien,e2-56-22,ES3523,29/7,2018,0,0,0,0
1611,Belge_Lambert_1972 - EPSG:31370,89468.297,161897.245,100.83,GCS_WGS_1984 - EPSG:4326,3.510724,50.764432,Oost-Vlaanderen,Kluisbergen,Ruien,e2-56-22,ES3623,29/7,2018,0,0,0,0
1612,Belge_Lambert_1972 - EPSG:31370,89215.791,161845.095,97.91,GCS_WGS_1984 - EPSG:4326,3.507153,50.763936,Oost-Vlaanderen,Kluisbergen,Ruien,e2-56-22,ES3523,29/7,2018,0,0,0,0
1613,Belge_Lambert_1972 - EPSG:31370,89269.449,161790.5,100.1,GCS_WGS_1984 - EPSG:4326,3.507923,50.763451,Oost-Vlaanderen,Kluisbergen,Ruien,e2-56-22,ES3523,29/7,2018,0,0,0,0
1614,Belge_Lambert_1972 - EPSG:31370,89221.698,161742.314,102.39,GCS_WGS_1984 - EPSG:4326,3.507254,50.763013,Oost-Vlaanderen,Kluisbergen,Ruien,e2-56-22,ES3523,29/7,2018,0,0,0,0
1615,Belge_Lambert_1972 - EPSG:31370,89275.059,161694.368,105.18,GCS_WGS_1984 - EPSG:4326,3.508018,50.762588,Oost-Vlaanderen,Kluisbergen,Ruien,e2-56-22,ES3523,29/7,2018,0,0,0,0
1616,Belge_Lambert_1972 - EPSG:31370,89374.22,161698.421,116.04,GCS_WGS_1984 - EPSG:4326,3.509423,50.762635,Oost-Vlaanderen,Kluisbergen,Ruien,e2-56-22,ES3523,29/7,2018,0,0,0,0
1617,Belge_Lambert_1972 - EPSG:31370,89342.352,161647.589,111.07,GCS_WGS_1984 - EPSG:4326,3.508979,50.762174,Oost-Vlaanderen,Kluisbergen,Ruien,e2-56-22,ES3523,29/7,2018,0,0,0,0
1618,Belge_Lambert_1972 - EPSG:31370,89289.54,161588.704,109.65,GCS_WGS_1984 - EPSG:4326,3.508241,50.761639,Oost-Vlaanderen,Kluisbergen,Ruien,e2-56-22,ES3523,29/7,2018,0,0,0,0
1619,Belge_Lambert_1972 - EPSG:31370,89580.943,161605.517,115.32,GCS_WGS_1984 - EPSG:4326,3.512368,50.761821,Oost-Vlaanderen,Kluisbergen,Ruien,e2-56-22,ES3623,29/7,2018,0,0,0,0
1620,Belge_Lambert_1972 - EPSG:31370,89431.791,161546.62,122.28,GCS_WGS_1984 - EPSG:4326,3.510264,50.761276,Oost-Vlaanderen,Kluisbergen,Ruien,e2-56-22,ES3523,29/7,2018,0,0,0,0
1621,Belge_Lambert_1972 - EPSG:31370,89531.559,161552.788,123.24,GCS_WGS_1984 - EPSG:4326,3.511677,50.761342,Oost-Vlaanderen,Kluisbergen,Ruien,e2-56-22,ES3623,29/7,2018,0,0,0,0
1622,Belge_Lambert_1972 - EPSG:31370,89627.741,161557.462,115.09,GCS_WGS_1984 - EPSG:4326,3.513039,50.761394,Oost-Vlaanderen,Kluisbergen,Ruien,e2-56-22,ES3623,29/7,2018,0,0,0,0
1623,Belge_Lambert_1972 - EPSG:31370,89386.377,161498.246,121.89,GCS_WGS_1984 - EPSG:4326,3.509628,50.760836,Oost-Vlaanderen,Kluisbergen,Ruien,e2-56-22,ES3523,29/7,2018,0,0,0,0
1624,Belge_Lambert_1972 - EPSG:31370,89581.901,161505.906,123.74,GCS_WGS_1984 - EPSG:4326,3.512398,50.760926,Oost-Vlaanderen,Kluisbergen,Ruien,e2-56-22,ES3623,29/7,2018,0,0,0,0
1625,Belge_Lambert_1972 - EPSG:31370,89437.072,161451.097,128.01,GCS_WGS_1984 - EPSG:4326,3.510354,50.760418,Oost-Vlaanderen,Kluisbergen,Ruien,e2-56-22,ES3523,29/7,2018,0,0,0,0
1626,Belge_Lambert_1972 - EPSG:31370,89561.359,161454.854,126.76,GCS_WGS_1984 - EPSG:4326,3.512115,50.760464,Oost-Vlaanderen,Kluisbergen,Ruien,e2-56-22,ES3623,29/7,2018,0,0,0,0
1627,Belge_Lambert_1972 - EPSG:31370,89385.745,161400.515,128.12,GCS_WGS_1984 - EPSG:4326,3.509635,50.759958,Oost-Vlaanderen,Kluisbergen,Ruien,e2-56-22,ES3523,29/7,2018,0,0,0,0
1628,Belge_Lambert_1972 - EPSG:31370,89486.473,161399.639,130.9,GCS_WGS_1984 - EPSG:4326,3.511063,50.75996,Oost-Vlaanderen,Kluisbergen,Ruien,e2-56-22,ES3623,29/7,2018,0,0,0,0
1701,Belge_Lambert_1972 - EPSG:31370,224457.945,166214.414,96.79,GCS_WGS_1984 - EPSG:4326,5.425027,50.801613,Limburg,Tongeren,Overrepen,e6-38-43,FS7030,33/8,2020,0,0,0,0
1702,Belge_Lambert_1972 - EPSG:31370,224415.075,166135.582,81.43,GCS_WGS_1984 - EPSG:4326,5.424403,50.80091,Limburg,Tongeren,Overrepen,e6-48-21,FS7030,33/8,2020,0,0,0,0
1703,Belge_Lambert_1972 - EPSG:31370,224485.039,166153.405,90.51,GCS_WGS_1984 - EPSG:4326,5.425399,50.801061,Limburg,Tongeren,Overrepen,e6-48-21,FS7030,33/8,2020,0,0,0,0
1704,Belge_Lambert_1972 - EPSG:31370,224549.686,166162.266,97.53,GCS_WGS_1984 - EPSG:4326,5.426318,50.801133,Limburg,Tongeren,Overrepen,e6-48-21,FS7030,33/8,2020,0,0,0,0
1705,Belge_Lambert_1972 - EPSG:31370,224365.394,166059.255,75.66,GCS_WGS_1984 - EPSG:4326,5.423683,50.80023,Limburg,Tongeren,Overrepen,e6-48-21,FS7030,33/8,2020,0,0,0,0
1706,Belge_Lambert_1972 - EPSG:31370,224433.612,166066.699,79.24,GCS_WGS_1984 - EPSG:4326,5.424652,50.800289,Limburg,Tongeren,Overrepen,e6-48-21,FS7030,33/8,2020,0,0,0,0
1707,Belge_Lambert_1972 - EPSG:31370,224498.631,166080.911,86.14,GCS_WGS_1984 - EPSG:4326,5.425578,50.800408,Limburg,Tongeren,Overrepen,e6-48-21,FS7030,33/8,2020,0,0,0,0
1708,Belge_Lambert_1972 - EPSG:31370,224570.362,166091.615,95.76,GCS_WGS_1984 - EPSG:4326,5.426597,50.800495,Limburg,Tongeren,Overrepen,e6-48-21,FS7030,33/8,2020,0,0,0,0
1709,Belge_Lambert_1972 - EPSG:31370,224395.443,165999.754,71.6,GCS_WGS_1984 - EPSG:4326,5.424098,50.799692,Limburg,Tongeren,Overrepen,e6-48-21,FS7030,33/8,2020,0,0,0,0
1710,Belge_Lambert_1972 - EPSG:31370,224440.976,165998.841,79.49,GCS_WGS_1984 - EPSG:4326,5.424743,50.799678,Limburg,Tongeren,Overrepen,e6-48-21,FS7030,33/8,2020,0,0,0,0
1711,Belge_Lambert_1972 - EPSG:31370,224510.232,166016.865,94.36,GCS_WGS_1984 - EPSG:4326,5.425729,50.799831,Limburg,Tongeren,Overrepen,e6-48-21,FS7030,33/8,2020,0,0,0,0
1712,Belge_Lambert_1972 - EPSG:31370,224581.625,166026.387,100.23,GCS_WGS_1984 - EPSG:4326,5.426744,50.799907,Limburg,Tongeren,Overrepen,e6-48-21,FS7130,33/8,2020,0,0,0,0
1713,Belge_Lambert_1972 - EPSG:31370,224387.493,165915.07,67.66,GCS_WGS_1984 - EPSG:4326,5.423968,50.798932,Limburg,Tongeren,Overrepen,e6-48-21,FS7030,33/8,2020,0,0,0,0
1714,Belge_Lambert_1972 - EPSG:31370,224454.01,165931.775,83.78,GCS_WGS_1984 - EPSG:4326,5.424915,50.799073,Limburg,Tongeren,Overrepen,e6-48-21,FS7030,33/8,2020,0,0,0,0
1715,Belge_Lambert_1972 - EPSG:31370,224525.811,165943.618,99.52,GCS_WGS_1984 - EPSG:4326,5.425935,50.79917,Limburg,Tongeren,Overrepen,e6-48-21,FS7030,33/8,2020,0,0,0,0
1716,Belge_Lambert_1972 - EPSG:31370,224584.551,165960.603,103.19,GCS_WGS_1984 - EPSG:4326,5.426772,50.799316,Limburg,Tongeren,Overrepen,e6-48-21,FS7130,33/8,2020,0,0,0,0
1717,Belge_Lambert_1972 - EPSG:31370,224336.056,165850.597,68.11,GCS_WGS_1984 - EPSG:4326,5.423225,50.798359,Limburg,Tongeren,Overrepen,e6-48-21,FS7030,33/8,2020,0,0,0,0
1718,Belge_Lambert_1972 - EPSG:31370,224400.931,165848.775,78.13,GCS_WGS_1984 - EPSG:4326,5.424145,50.798334,Limburg,Tongeren,Overrepen,e6-48-21,FS7030,33/8,2020,0,0,0,0
1719,Belge_Lambert_1972 - EPSG:31370,224469.207,165865.776,88.15,GCS_WGS_1984 - EPSG:4326,5.425117,50.798478,Limburg,Tongeren,Overrepen,e6-48-21,FS7030,33/8,2020,0,0,0,0
1720,Belge_Lambert_1972 - EPSG:31370,224541.643,165875.933,84.85,GCS_WGS_1984 - EPSG:4326,5.426146,50.79856,Limburg,Tongeren,Overrepen,e6-48-21,FS7030,33/8,2020,0,0,0,0
1721,Belge_Lambert_1972 - EPSG:31370,224597.062,165887.548,90.85,GCS_WGS_1984 - EPSG:4326,5.426935,50.798657,Limburg,Tongeren,Overrepen,e6-48-21,FS7130,33/8,2020,0,0,0,0
1722,Belge_Lambert_1972 - EPSG:31370,224417.831,165787.601,74.91,GCS_WGS_1984 - EPSG:4326,5.424372,50.797782,Limburg,Tongeren,Overrepen,e6-48-21,FS7030,33/8,2020,0,0,0,0
1723,Belge_Lambert_1972 - EPSG:31370,224479.116,165783.073,69.68,GCS_WGS_1984 - EPSG:4326,5.425241,50.797733,Limburg,Tongeren,Overrepen,e6-48-21,FS7030,33/8,2020,0,0,0,0
1724,Belge_Lambert_1972 - EPSG:31370,224554.705,165800.871,77.02,GCS_WGS_1984 - EPSG:4326,5.426316,50.797884,Limburg,Tongeren,Overrepen,e6-48-21,FS7030,33/8,2020,0,0,0,0
1725,Belge_Lambert_1972 - EPSG:31370,224609.979,165817.745,88.64,GCS_WGS_1984 - EPSG:4326,5.427104,50.798028,Limburg,Tongeren,Overrepen,e6-48-21,FS7130,33/8,2020,0,0,0,0
1726,Belge_Lambert_1972 - EPSG:31370,224684.826,165815.821,79.65,GCS_WGS_1984 - EPSG:4326,5.428165,50.798001,Limburg,Tongeren,Overrepen,e6-48-21,FS7130,33/8,2020,0,0,0,0
1727,Belge_Lambert_1972 - EPSG:31370,224503.259,165738.173,72.31,GCS_WGS_1984 - EPSG:4326,5.425574,50.797327,Limburg,Tongeren,Overrepen,e6-48-21,FS7030,33/8,2020,0,0,0,0
1728,Belge_Lambert_1972 - EPSG:31370,224569.439,165732.363,83.6,GCS_WGS_1984 - EPSG:4326,5.426511,50.797266,Limburg,Tongeren,Overrepen,e6-48-21,FS7030,33/8,2020,0,0,0,0
1729,Belge_Lambert_1972 - EPSG:31370,224617.011,165744.59,78.53,GCS_WGS_1984 - EPSG:4326,5.427189,50.79737,Limburg,Tongeren,Tongeren,e6-48-21,FS7130,33/8,2020,0,0,0,0
1730,Belge_Lambert_1972 - EPSG:31370,224696.682,165767.672,75.14,GCS_WGS_1984 - EPSG:4326,5.428323,50.797567,Limburg,Tongeren,Tongeren,e6-48-21,FS7130,33/8,2020,0,0,0,0
1731,Belge_Lambert_1972 - EPSG:31370,224771.915,165759.463,76.82,GCS_WGS_1984 - EPSG:4326,5.429389,50.797484,Limburg,Tongeren,Tongeren,e6-48-21,FS7130,33/8,2020,0,0,0,0
1732,Belge_Lambert_1972 - EPSG:31370,224826.335,165734.747,73.78,GCS_WGS_1984 - EPSG:4326,5.430155,50.797254,Limburg,Tongeren,Tongeren,e6-48-21,FS7130,33/8,2020,0,0,0,0
2001,Belge_Lambert_1972 - EPSG:31370,153480.206,159723.676,114.12,GCS_WGS_1984 - EPSG:4326,4.418064,50.74802,Vlaams-Brabant,Hoeilaart,Hoeilaart,e4-56-42,FS0022,31/7,2000,2010,2020,0,0
2002,Belge_Lambert_1972 - EPSG:31370,153498.982,159591.642,117,GCS_WGS_1984 - EPSG:4326,4.418329,50.746833,Vlaams-Brabant,Hoeilaart,Hoeilaart,e4-56-42,FS0022,31/7,2000,2010,2020,0,0
2003,Belge_Lambert_1972 - EPSG:31370,153479.722,159365.059,117.79,GCS_WGS_1984 - EPSG:4326,4.418054,50.744796,Vlaams-Brabant,Hoeilaart,Hoeilaart,e4-56-42,FS0022,31/7,2000,2010,2020,0,0
2004,Belge_Lambert_1972 - EPSG:31370,153587.991,159891.237,112.23,GCS_WGS_1984 - EPSG:4326,4.419593,50.749526,Vlaams-Brabant,Hoeilaart,Hoeilaart,e4-56-42,FS0022,31/7,2000,2010,2020,0,0
2005,Belge_Lambert_1972 - EPSG:31370,153671.421,159835.892,114.87,GCS_WGS_1984 - EPSG:4326,4.420774,50.749028,Vlaams-Brabant,Hoeilaart,Hoeilaart,e4-56-42,FS0022,31/7,2000,2010,2020,0,0
2006,Belge_Lambert_1972 - EPSG:31370,153754.792,159780.637,115.03,GCS_WGS_1984 - EPSG:4326,4.421955,50.74853,Vlaams-Brabant,Hoeilaart,Hoeilaart,e4-56-42,FS0022,31/7,2000,2010,2020,0,0
2007,Belge_Lambert_1972 - EPSG:31370,153838.072,159725.383,116.67,GCS_WGS_1984 - EPSG:4326,4.423135,50.748033,Vlaams-Brabant,Hoeilaart,Hoeilaart,e4-56-42,FS0022,31/7,2000,2010,2020,0,0
2008,Belge_Lambert_1972 - EPSG:31370,153615.612,159752.739,111.67,GCS_WGS_1984 - EPSG:4326,4.419983,50.748281,Vlaams-Brabant,Hoeilaart,Hoeilaart,e4-56-42,FS0022,31/7,2000,2010,2020,0,0
2009,Belge_Lambert_1972 - EPSG:31370,153699.273,159697.418,113.74,GCS_WGS_1984 - EPSG:4326,4.421168,50.747783,Vlaams-Brabant,Hoeilaart,Hoeilaart,e4-56-42,FS0022,31/7,2000,2010,2020,0,0
2010,Belge_Lambert_1972 - EPSG:31370,153782.812,159642.033,116.85,GCS_WGS_1984 - EPSG:4326,4.422351,50.747284,Vlaams-Brabant,Hoeilaart,Hoeilaart,e4-56-42,FS0022,31/7,2000,2010,2020,0,0
2011,Belge_Lambert_1972 - EPSG:31370,153646.802,159614.492,115.13,GCS_WGS_1984 - EPSG:4326,4.420423,50.747038,Vlaams-Brabant,Hoeilaart,Hoeilaart,e4-56-42,FS0022,31/7,2000,2010,2020,0,0
2012,Belge_Lambert_1972 - EPSG:31370,153591.044,159531.439,117.26,GCS_WGS_1984 - EPSG:4326,4.419633,50.746291,Vlaams-Brabant,Hoeilaart,Hoeilaart,e4-56-42,FS0022,31/7,2000,2010,2020,0,0
2013,Belge_Lambert_1972 - EPSG:31370,153535.719,159448.458,119,GCS_WGS_1984 - EPSG:4326,4.418848,50.745546,Vlaams-Brabant,Hoeilaart,Hoeilaart,e4-56-42,FS0022,31/7,2000,2010,2020,0,0
2014,Belge_Lambert_1972 - EPSG:31370,153837.558,159905.457,113.65,GCS_WGS_1984 - EPSG:4326,4.423129,50.749652,Vlaams-Brabant,Hoeilaart,Hoeilaart,e4-56-42,FS0022,31/7,2000,2010,2020,0,0
2015,Belge_Lambert_1972 - EPSG:31370,153917.575,159849.749,114.84,GCS_WGS_1984 - EPSG:4326,4.424263,50.749151,Vlaams-Brabant,Hoeilaart,Hoeilaart,e4-56-42,FS0022,31/7,2000,2010,2020,0,0
2016,Belge_Lambert_1972 - EPSG:31370,153448.582,159863.577,109.74,GCS_WGS_1984 - EPSG:4326,4.417617,50.749278,Vlaams-Brabant,Hoeilaart,Hoeilaart,e4-56-42,FS0022,31/7,2000,2010,2020,0,0
2017,Belge_Lambert_1972 - EPSG:31370,153326.067,159114.764,123.64,GCS_WGS_1984 - EPSG:4326,4.415874,50.742547,Vlaams-Brabant,Hoeilaart,Hoeilaart,e4-56-44,ES9922,31/7,2000,2010,2020,0,0
2018,Belge_Lambert_1972 - EPSG:31370,153145.845,159582.919,118.18,GCS_WGS_1984 - EPSG:4326,4.413325,50.746757,Vlaams-Brabant,Hoeilaart,Hoeilaart,e4-56-42,ES9922,31/7,2000,2010,2020,0,0
2019,Belge_Lambert_1972 - EPSG:31370,153230.11,159527.709,121.24,GCS_WGS_1984 - EPSG:4326,4.414518,50.74626,Vlaams-Brabant,Hoeilaart,Hoeilaart,e4-56-42,ES9922,31/7,2000,2010,2020,0,0
2020,Belge_Lambert_1972 - EPSG:31370,153317.103,159470.628,121.04,GCS_WGS_1984 - EPSG:4326,4.41575,50.745746,Vlaams-Brabant,Hoeilaart,Hoeilaart,e4-56-42,ES9922,31/7,2000,2010,2020,0,0
2021,Belge_Lambert_1972 - EPSG:31370,153396.081,159419.636,120,GCS_WGS_1984 - EPSG:4326,4.416869,50.745287,Vlaams-Brabant,Hoeilaart,Hoeilaart,e4-56-42,ES9922,31/7,2000,2010,2020,0,0
2022,Belge_Lambert_1972 - EPSG:31370,153255.271,159392.967,123.2,GCS_WGS_1984 - EPSG:4326,4.414874,50.745048,Vlaams-Brabant,Hoeilaart,Hoeilaart,e4-56-42,ES9922,31/7,2000,2010,2020,0,0
2023,Belge_Lambert_1972 - EPSG:31370,153341.064,159335.901,122.1,GCS_WGS_1984 - EPSG:4326,4.416089,50.744535,Vlaams-Brabant,Hoeilaart,Hoeilaart,e4-56-42,ES9922,31/7,2000,2010,2020,0,0
2024,Belge_Lambert_1972 - EPSG:31370,153202.933,159314.714,123.95,GCS_WGS_1984 - EPSG:4326,4.414131,50.744345,Vlaams-Brabant,Hoeilaart,Hoeilaart,e4-56-42,ES9922,31/7,2000,2010,2020,0,0
2025,Belge_Lambert_1972 - EPSG:31370,153274.165,159260.112,121.51,GCS_WGS_1984 - EPSG:4326,4.41514,50.743854,Vlaams-Brabant,Hoeilaart,Hoeilaart,e4-56-42,ES9922,31/7,2000,2010,2020,0,0
2026,Belge_Lambert_1972 - EPSG:31370,153394.677,159779.018,113.63,GCS_WGS_1984 - EPSG:4326,4.4168519999999996,50.748518,Vlaams-Brabant,Hoeilaart,Hoeilaart,e4-56-42,ES9922,31/7,2000,2010,2020,0,0
2027,Belge_Lambert_1972 - EPSG:31370,153340.073,159695.729,116.71,GCS_WGS_1984 - EPSG:4326,4.416078,50.74777,Vlaams-Brabant,Hoeilaart,Hoeilaart,e4-56-42,ES9922,31/7,2000,2010,2020,0,0
2028,Belge_Lambert_1972 - EPSG:31370,153426.022,159639.175,116.5,GCS_WGS_1984 - EPSG:4326,4.417295,50.747261,Vlaams-Brabant,Hoeilaart,Hoeilaart,e4-56-42,ES9922,31/7,2000,2010,2020,0,0
2029,Belge_Lambert_1972 - EPSG:31370,153200.779,159667.01,115.53,GCS_WGS_1984 - EPSG:4326,4.414104,50.747512,Vlaams-Brabant,Hoeilaart,Hoeilaart,e4-56-42,ES9922,31/7,2000,2010,2020,0,0
2030,Belge_Lambert_1972 - EPSG:31370,153284.401,159612.282,119.64,GCS_WGS_1984 - EPSG:4326,4.415288,50.74702,Vlaams-Brabant,Hoeilaart,Hoeilaart,e4-56-42,ES9922,31/7,2000,2010,2020,0,0
2031,Belge_Lambert_1972 - EPSG:31370,153371.249,159554.788,119.71,GCS_WGS_1984 - EPSG:4326,4.416518,50.746503,Vlaams-Brabant,Hoeilaart,Hoeilaart,e4-56-42,ES9922,31/7,2000,2010,2020,0,0
2032,Belge_Lambert_1972 - EPSG:31370,153427.522,159287.728,113.64,GCS_WGS_1984 - EPSG:4326,4.417313,50.744101,Vlaams-Brabant,Hoeilaart,Hoeilaart,e4-56-42,ES9922,31/7,2000,2010,2020,0,0
2033,Belge_Lambert_1972 - EPSG:31370,153376.583,159201.234,120.87,GCS_WGS_1984 - EPSG:4326,4.416591,50.743324,Vlaams-Brabant,Hoeilaart,Hoeilaart,e4-56-42,ES9922,31/7,2000,2010,2020,0,0
2034,Belge_Lambert_1972 - EPSG:31370,153505.758,160487.831,114.67,GCS_WGS_1984 - EPSG:4326,4.418433,50.75489,Vlaams-Brabant,Hoeilaart,Hoeilaart,e4-56-24,FS0023,31/7,2000,2010,2020,0,0
2035,Belge_Lambert_1972 - EPSG:31370,153588.753,160432.752,111.92,GCS_WGS_1984 - EPSG:4326,4.419609,50.754394,Vlaams-Brabant,Hoeilaart,Hoeilaart,e4-56-24,FS0023,31/7,2000,2010,2020,0,0
2036,Belge_Lambert_1972 - EPSG:31370,153670.886,160376.625,107.09,GCS_WGS_1984 - EPSG:4326,4.420772,50.753889,Vlaams-Brabant,Hoeilaart,Hoeilaart,e4-56-24,FS0023,31/7,2000,2010,2020,0,0
2037,Belge_Lambert_1972 - EPSG:31370,153530.98,160349.012,115.03,GCS_WGS_1984 - EPSG:4326,4.418789,50.753641,Vlaams-Brabant,Hoeilaart,Hoeilaart,e4-56-24,FS0023,31/7,2000,2010,2020,0,0
2038,Belge_Lambert_1972 - EPSG:31370,153615.353,160293.357,110.61,GCS_WGS_1984 - EPSG:4326,4.419985,50.753141,Vlaams-Brabant,Hoeilaart,Hoeilaart,e4-56-24,FS0023,31/7,2000,2010,2020,0,0
2039,Belge_Lambert_1972 - EPSG:31370,153476.005,160265.397,115.19,GCS_WGS_1984 - EPSG:4326,4.41801,50.75289,Vlaams-Brabant,Hoeilaart,Hoeilaart,e4-56-24,FS0023,31/7,2000,2010,2020,0,0
2040,Belge_Lambert_1972 - EPSG:31370,153560.096,160209.912,111.88,GCS_WGS_1984 - EPSG:4326,4.419201,50.752391,Vlaams-Brabant,Hoeilaart,Hoeilaart,e4-56-24,FS0023,31/7,2000,2010,2020,0,0
2041,Belge_Lambert_1972 - EPSG:31370,153478.744,160625.65,113.01,GCS_WGS_1984 - EPSG:4326,4.418052,50.756129,Vlaams-Brabant,Hoeilaart,Hoeilaart,e4-56-24,FS0023,31/7,2000,2010,2020,0,0
2042,Belge_Lambert_1972 - EPSG:31370,153561.391,160570.712,111.32,GCS_WGS_1984 - EPSG:4326,4.419223,50.755634,Vlaams-Brabant,Hoeilaart,Hoeilaart,e4-56-24,FS0023,31/7,2000,2010,2020,0,0
2043,Belge_Lambert_1972 - EPSG:31370,153533.174,160708.048,110.18,GCS_WGS_1984 - EPSG:4326,4.418824,50.756869,Vlaams-Brabant,Hoeilaart,Hoeilaart,e4-56-24,FS0023,31/7,2000,2010,2020,0,0
2044,Belge_Lambert_1972 - EPSG:31370,153588.673,160790.909,104.78,GCS_WGS_1984 - EPSG:4326,4.419611,50.757614,Vlaams-Brabant,Hoeilaart,Hoeilaart,e4-56-24,FS0023,31/7,2000,2010,2020,0,0
2045,Belge_Lambert_1972 - EPSG:31370,153838.219,160266.06,109.29,GCS_WGS_1984 - EPSG:4326,4.423142,50.752894,Vlaams-Brabant,Hoeilaart,Hoeilaart,e4-56-24,FS0023,31/7,2000,2010,2020,0,0
2046,Belge_Lambert_1972 - EPSG:31370,153920.287,160210.999,110.89,GCS_WGS_1984 - EPSG:4326,4.424305,50.752398,Vlaams-Brabant,Hoeilaart,Hoeilaart,e4-56-24,FS0023,31/7,2000,2010,2020,0,0
2047,Belge_Lambert_1972 - EPSG:31370,153780.819,160183.166,113.66,GCS_WGS_1984 - EPSG:4326,4.422328,50.752149,Vlaams-Brabant,Hoeilaart,Hoeilaart,e4-56-24,FS0023,31/7,2000,2010,2020,0,0
2048,Belge_Lambert_1972 - EPSG:31370,153504.252,160126.666,109.94,GCS_WGS_1984 - EPSG:4326,4.418408,50.751643,Vlaams-Brabant,Hoeilaart,Hoeilaart,e4-56-42,FS0023,31/7,2000,2010,2020,0,0
2049,Belge_Lambert_1972 - EPSG:31370,153725.984,160099.602,111.38,GCS_WGS_1984 - EPSG:4326,4.42155,50.751398,Vlaams-Brabant,Hoeilaart,Hoeilaart,e4-56-42,FS0023,31/7,2000,2010,2020,0,0
2050,Belge_Lambert_1972 - EPSG:31370,153809.296,160044.623,114.19,GCS_WGS_1984 - EPSG:4326,4.42273,50.750903,Vlaams-Brabant,Hoeilaart,Hoeilaart,e4-56-42,FS0023,31/7,2000,2010,2020,0,0
2051,Belge_Lambert_1972 - EPSG:31370,153892.984,159988.797,113.52,GCS_WGS_1984 - EPSG:4326,4.423916,50.750401,Vlaams-Brabant,Hoeilaart,Hoeilaart,e4-56-42,FS0023,31/7,2000,2010,2020,0,0
2053,Belge_Lambert_1972 - EPSG:31370,153670.96,160016.258,113.64,GCS_WGS_1984 - EPSG:4326,4.42077,50.750649,Vlaams-Brabant,Hoeilaart,Hoeilaart,e4-56-42,FS0023,31/7,2000,2010,2020,0,0
2054,Belge_Lambert_1972 - EPSG:31370,153754.289,159960.877,113.9,GCS_WGS_1984 - EPSG:4326,4.42195,50.750151,Vlaams-Brabant,Hoeilaart,Hoeilaart,e4-56-42,FS0023,31/7,2000,2010,2020,0,0
2055,Belge_Lambert_1972 - EPSG:31370,153864.847,160128.014,114.55,GCS_WGS_1984 - EPSG:4326,4.423518,50.751653,Vlaams-Brabant,Hoeilaart,Hoeilaart,e4-56-42,FS0023,31/7,2000,2010,2020,0,0
2056,Belge_Lambert_1972 - EPSG:31370,153421.81,160544.064,115.16,GCS_WGS_1984 - EPSG:4326,4.417244,50.755396,Vlaams-Brabant,Hoeilaart,Hoeilaart,e4-56-24,ES9923,31/7,2000,2010,2020,0,0
2057,Belge_Lambert_1972 - EPSG:31370,153367.024,160460.578,117.1,GCS_WGS_1984 - EPSG:4326,4.416467,50.754645,Vlaams-Brabant,Hoeilaart,Hoeilaart,e4-56-24,ES9923,31/7,2000,2010,2020,0,0
2058,Belge_Lambert_1972 - EPSG:31370,153447.553,160404.111,116.36,GCS_WGS_1984 - EPSG:4326,4.417608,50.754137,Vlaams-Brabant,Hoeilaart,Hoeilaart,e4-56-24,ES9923,31/7,2000,2010,2020,0,0
2059,Belge_Lambert_1972 - EPSG:31370,153228.117,160431.828,115.06,GCS_WGS_1984 - EPSG:4326,4.414498,50.754388,Vlaams-Brabant,Hoeilaart,Hoeilaart,e4-56-24,ES9923,31/7,2000,2010,2020,0,0
2060,Belge_Lambert_1972 - EPSG:31370,153311.534,160376.813,118.17,GCS_WGS_1984 - EPSG:4326,4.41568,50.753893,Vlaams-Brabant,Hoeilaart,Hoeilaart,e4-56-24,ES9923,31/7,2000,2010,2020,0,0
2061,Belge_Lambert_1972 - EPSG:31370,153392.576,160320.588,117.05,GCS_WGS_1984 - EPSG:4326,4.416828,50.753387,Vlaams-Brabant,Hoeilaart,Hoeilaart,e4-56-24,ES9923,31/7,2000,2010,2020,0,0
2062,Belge_Lambert_1972 - EPSG:31370,153173.888,160349.582,118.3,GCS_WGS_1984 - EPSG:4326,4.413729,50.753649,Vlaams-Brabant,Hoeilaart,Hoeilaart,e4-56-24,ES9923,31/7,2000,2010,2020,0,0
2063,Belge_Lambert_1972 - EPSG:31370,153256.526,160293.557,118.83,GCS_WGS_1984 - EPSG:4326,4.4149,50.753145,Vlaams-Brabant,Hoeilaart,Hoeilaart,e4-56-24,ES9923,31/7,2000,2010,2020,0,0
2064,Belge_Lambert_1972 - EPSG:31370,153337.661,160237.098,116.83,GCS_WGS_1984 - EPSG:4326,4.416049,50.752637,Vlaams-Brabant,Hoeilaart,Hoeilaart,e4-56-24,ES9923,31/7,2000,2010,2020,0,0
2065,Belge_Lambert_1972 - EPSG:31370,153421.124,160181.821,113.91,GCS_WGS_1984 - EPSG:4326,4.417231,50.752139,Vlaams-Brabant,Hoeilaart,Hoeilaart,e4-56-24,ES9923,31/7,2000,2010,2020,0,0
2101,Belge_Lambert_1972 - EPSG:31370,153528.991,161911.498,100.35,GCS_WGS_1984 - EPSG:4326,4.418776,50.767688,Vlaams-Brabant,Sint-Genesius-Rode,Sint-Genesius-Rode,e4-56-22,FS0024,31/7,2020,0,0,0,0
2102,Belge_Lambert_1972 - EPSG:31370,153583.007,161848.773,100.07,GCS_WGS_1984 - EPSG:4326,4.419541,50.767124,Vlaams-Brabant,Sint-Genesius-Rode,Sint-Genesius-Rode,e4-56-22,FS0024,31/7,2020,0,0,0,0
2103,Belge_Lambert_1972 - EPSG:31370,153532.644,161782.788,102.72,GCS_WGS_1984 - EPSG:4326,4.418827,50.766531,Vlaams-Brabant,Sint-Genesius-Rode,Sint-Genesius-Rode,e4-56-22,FS0024,31/7,2020,0,0,0,0
2104,Belge_Lambert_1972 - EPSG:31370,153614.867,161736.833,101.05,GCS_WGS_1984 - EPSG:4326,4.419992,50.766117,Vlaams-Brabant,Sint-Genesius-Rode,Sint-Genesius-Rode,e4-56-22,FS0024,31/7,2020,0,0,0,0
2105,Belge_Lambert_1972 - EPSG:31370,153477.11,161708.904,100.75,GCS_WGS_1984 - EPSG:4326,4.418039,50.765867,Vlaams-Brabant,Sint-Genesius-Rode,Sint-Genesius-Rode,e4-56-22,FS0024,31/7,2020,0,0,0,0
2106,Belge_Lambert_1972 - EPSG:31370,153567.815,161666.918,99.66,GCS_WGS_1984 - EPSG:4326,4.419324,50.765489,Vlaams-Brabant,Sint-Genesius-Rode,Sint-Genesius-Rode,e4-56-22,FS0024,31/7,2020,0,0,0,0
2107,Belge_Lambert_1972 - EPSG:31370,153653.564,161626.475,98.63,GCS_WGS_1984 - EPSG:4326,4.420539,50.765125,Vlaams-Brabant,Sint-Genesius-Rode,Sint-Genesius-Rode,e4-56-22,FS0024,31/7,2020,0,0,0,0
2108,Belge_Lambert_1972 - EPSG:31370,153767.649,161592.124,94.33,GCS_WGS_1984 - EPSG:4326,4.422156,50.764815,Vlaams-Brabant,Sint-Genesius-Rode,Sint-Genesius-Rode,e4-56-22,FS0024,31/7,2020,0,0,0,0
2109,Belge_Lambert_1972 - EPSG:31370,153671.259,161532.875,95.59,GCS_WGS_1984 - EPSG:4326,4.420789,50.764283,Vlaams-Brabant,Sint-Genesius-Rode,Sint-Genesius-Rode,e4-56-22,FS0024,31/7,2020,0,0,0,0
2110,Belge_Lambert_1972 - EPSG:31370,153417.901,161626.512,101.27,GCS_WGS_1984 - EPSG:4326,4.417199,50.765127,Vlaams-Brabant,Sint-Genesius-Rode,Sint-Genesius-Rode,e4-56-22,ES9924,31/7,2020,0,0,0,0
2111,Belge_Lambert_1972 - EPSG:31370,153505.538,161571.945,99.74,GCS_WGS_1984 - EPSG:4326,4.418441,50.764635,Vlaams-Brabant,Sint-Genesius-Rode,Sint-Genesius-Rode,e4-56-22,FS0024,31/7,2020,0,0,0,0
2112,Belge_Lambert_1972 - EPSG:31370,153575.576,161519.288,97.98,GCS_WGS_1984 - EPSG:4326,4.419433,50.764162,Vlaams-Brabant,Sint-Genesius-Rode,Sint-Genesius-Rode,e4-56-22,FS0024,31/7,2020,0,0,0,0
2113,Belge_Lambert_1972 - EPSG:31370,153650.044,161439.657,87.05,GCS_WGS_1984 - EPSG:4326,4.420488,50.763445,Vlaams-Brabant,Hoeilaart,Hoeilaart,e4-56-22,FS0024,31/7,2020,0,0,0,0
2114,Belge_Lambert_1972 - EPSG:31370,153760.272,161391.243,97.83,GCS_WGS_1984 - EPSG:4326,4.422049,50.763009,Vlaams-Brabant,Hoeilaart,Hoeilaart,e4-56-22,FS0024,31/7,2020,0,0,0,0
2115,Belge_Lambert_1972 - EPSG:31370,153838.818,161348.657,96.38,GCS_WGS_1984 - EPSG:4326,4.423162,50.762626,Vlaams-Brabant,Hoeilaart,Hoeilaart,e4-56-22,FS0024,31/7,2020,0,0,0,0
2116,Belge_Lambert_1972 - EPSG:31370,153204.514,161648.098,103.41,GCS_WGS_1984 - EPSG:4326,4.414174,50.765322,Vlaams-Brabant,Sint-Genesius-Rode,Sint-Genesius-Rode,e4-56-22,ES9924,31/7,2020,0,0,0,0
2117,Belge_Lambert_1972 - EPSG:31370,153283.725,161597.33,101.26,GCS_WGS_1984 - EPSG:4326,4.415297,50.764865,Vlaams-Brabant,Sint-Genesius-Rode,Sint-Genesius-Rode,e4-56-22,ES9924,31/7,2020,0,0,0,0
2118,Belge_Lambert_1972 - EPSG:31370,153366.367,161543.177,97.86,GCS_WGS_1984 - EPSG:4326,4.416468,50.764378,Vlaams-Brabant,Sint-Genesius-Rode,Sint-Genesius-Rode,e4-56-22,ES9924,31/7,2020,0,0,0,0
2119,Belge_Lambert_1972 - EPSG:31370,153450.11,161489.471,95.35,GCS_WGS_1984 - EPSG:4326,4.417654,50.763894,Vlaams-Brabant,Sint-Genesius-Rode,Sint-Genesius-Rode,e4-56-22,ES9924,31/7,2020,0,0,0,0
2120,Belge_Lambert_1972 - EPSG:31370,153538.093,161413.129,87.52,GCS_WGS_1984 - EPSG:4326,4.418901,50.763208,Vlaams-Brabant,Hoeilaart,Sint-Genesius-Rode,e4-56-22,FS0024,31/7,2020,0,0,0,0
2121,Belge_Lambert_1972 - EPSG:31370,153608.749,161371.733,94.01,GCS_WGS_1984 - EPSG:4326,4.419902,50.762835,Vlaams-Brabant,Hoeilaart,Hoeilaart,e4-56-22,FS0024,31/7,2020,0,0,0,0
2122,Belge_Lambert_1972 - EPSG:31370,153689.015,161335.679,100.93,GCS_WGS_1984 - EPSG:4326,4.421039,50.76251,Vlaams-Brabant,Hoeilaart,Hoeilaart,e4-56-22,FS0024,31/7,2020,0,0,0,0
2123,Belge_Lambert_1972 - EPSG:31370,153784.756,161264.851,97.24,GCS_WGS_1984 - EPSG:4326,4.422395,50.761873,Vlaams-Brabant,Hoeilaart,Hoeilaart,e4-56-22,FS0024,31/7,2020,0,0,0,0
2124,Belge_Lambert_1972 - EPSG:31370,153063.412,161627.668,104.81,GCS_WGS_1984 - EPSG:4326,4.412174,50.765139,Vlaams-Brabant,Sint-Genesius-Rode,Sint-Genesius-Rode,e4-56-22,ES9924,31/7,2020,0,0,0,0
2125,Belge_Lambert_1972 - EPSG:31370,153145.683,161570.156,105.72,GCS_WGS_1984 - EPSG:4326,4.41334,50.764621,Vlaams-Brabant,Sint-Genesius-Rode,Sint-Genesius-Rode,e4-56-22,ES9924,31/7,2020,0,0,0,0
2126,Belge_Lambert_1972 - EPSG:31370,153231.725,161515.745,102.31,GCS_WGS_1984 - EPSG:4326,4.414559,50.764132,Vlaams-Brabant,Sint-Genesius-Rode,Sint-Genesius-Rode,e4-56-22,ES9924,31/7,2020,0,0,0,0
2127,Belge_Lambert_1972 - EPSG:31370,153313.658,161462.3,98.8,GCS_WGS_1984 - EPSG:4326,4.41572,50.763651,Vlaams-Brabant,Sint-Genesius-Rode,Sint-Genesius-Rode,e4-56-22,ES9924,31/7,2020,0,0,0,0
2128,Belge_Lambert_1972 - EPSG:31370,153479.245,161348.303,93.77,GCS_WGS_1984 - EPSG:4326,4.418066,50.762625,Vlaams-Brabant,Hoeilaart,Hoeilaart,e4-56-22,FS0024,31/7,2020,0,0,0,0
2129,Belge_Lambert_1972 - EPSG:31370,153559.453,161293.99,100.25,GCS_WGS_1984 - EPSG:4326,4.419202,50.762136,Vlaams-Brabant,Hoeilaart,Hoeilaart,e4-56-22,FS0024,31/7,2020,0,0,0,0
2130,Belge_Lambert_1972 - EPSG:31370,153729.225,161180.87,94.57,GCS_WGS_1984 - EPSG:4326,4.421607,50.761118,Vlaams-Brabant,Hoeilaart,Hoeilaart,e4-56-22,FS0024,31/7,2020,0,0,0,0
2131,Belge_Lambert_1972 - EPSG:31370,153007.294,161544.182,107.62,GCS_WGS_1984 - EPSG:4326,4.411378,50.764389,Vlaams-Brabant,Sint-Genesius-Rode,Sint-Genesius-Rode,e4-56-21,ES9924,31/7,2020,0,0,0,0
2132,Belge_Lambert_1972 - EPSG:31370,153091.537,161490.928,108.11,GCS_WGS_1984 - EPSG:4326,4.412572,50.763909,Vlaams-Brabant,Sint-Genesius-Rode,Sint-Genesius-Rode,e4-56-22,ES9924,31/7,2020,0,0,0,0
2133,Belge_Lambert_1972 - EPSG:31370,153172.099,161430.609,105.74,GCS_WGS_1984 - EPSG:4326,4.413713,50.763367,Vlaams-Brabant,Sint-Genesius-Rode,Sint-Genesius-Rode,e4-56-22,ES9924,31/7,2020,0,0,0,0
2134,Belge_Lambert_1972 - EPSG:31370,153337.786,161320.866,94.4,GCS_WGS_1984 - EPSG:4326,4.41606,50.762379,Vlaams-Brabant,Sint-Genesius-Rode,Sint-Genesius-Rode,e4-56-22,ES9924,31/7,2020,0,0,0,0
2135,Belge_Lambert_1972 - EPSG:31370,153425.489,161264.334,96.96,GCS_WGS_1984 - EPSG:4326,4.417303,50.761871,Vlaams-Brabant,Hoeilaart,Hoeilaart,e4-56-22,ES9924,31/7,2020,0,0,0,0
2136,Belge_Lambert_1972 - EPSG:31370,153506.464,161209.087,103.51,GCS_WGS_1984 - EPSG:4326,4.41845,50.761373,Vlaams-Brabant,Hoeilaart,Hoeilaart,e4-56-22,FS0024,31/7,2020,0,0,0,0
2137,Belge_Lambert_1972 - EPSG:31370,153594.979,161146.594,104.95,GCS_WGS_1984 - EPSG:4326,4.419704,50.760811,Vlaams-Brabant,Hoeilaart,Hoeilaart,e4-56-24,FS0024,31/7,2020,0,0,0,0
2138,Belge_Lambert_1972 - EPSG:31370,153669.282,161099.823,88.86,GCS_WGS_1984 - EPSG:4326,4.420757,50.76039,Vlaams-Brabant,Hoeilaart,Hoeilaart,e4-56-24,FS0024,31/7,2020,0,0,0,0
2139,Belge_Lambert_1972 - EPSG:31370,152952.426,161460.051,105.2,GCS_WGS_1984 - EPSG:4326,4.4106,50.763633,Vlaams-Brabant,Sint-Genesius-Rode,Sint-Genesius-Rode,e4-56-21,ES9924,31/7,2020,0,0,0,0
2140,Belge_Lambert_1972 - EPSG:31370,153034.293,161405.329,105.78,GCS_WGS_1984 - EPSG:4326,4.41176,50.76314,Vlaams-Brabant,Sint-Genesius-Rode,Sint-Genesius-Rode,e4-56-22,ES9924,31/7,2020,0,0,0,0
2141,Belge_Lambert_1972 - EPSG:31370,153117.643,161350.614,100.22,GCS_WGS_1984 - EPSG:4326,4.41294,50.762648,Vlaams-Brabant,Sint-Genesius-Rode,Sint-Genesius-Rode,e4-56-22,ES9924,31/7,2020,0,0,0,0
2142,Belge_Lambert_1972 - EPSG:31370,153206.06,161285.444,96.03,GCS_WGS_1984 - EPSG:4326,4.414193,50.762062,Vlaams-Brabant,Sint-Genesius-Rode,Sint-Genesius-Rode,e4-56-22,ES9924,31/7,2020,0,0,0,0
2143,Belge_Lambert_1972 - EPSG:31370,153283.599,161237.903,101.2,GCS_WGS_1984 - EPSG:4326,4.415292,50.761634,Vlaams-Brabant,Hoeilaart,Hoeilaart,e4-56-22,ES9924,31/7,2020,0,0,0,0
2144,Belge_Lambert_1972 - EPSG:31370,153366.756,161182.141,94.67,GCS_WGS_1984 - EPSG:4326,4.41647,50.761132,Vlaams-Brabant,Hoeilaart,Hoeilaart,e4-56-22,ES9924,31/7,2020,0,0,0,0
2145,Belge_Lambert_1972 - EPSG:31370,153450.194,161126.076,105.58,GCS_WGS_1984 - EPSG:4326,4.417652,50.760628,Vlaams-Brabant,Hoeilaart,Hoeilaart,e4-56-24,ES9924,31/7,2020,0,0,0,0
2146,Belge_Lambert_1972 - EPSG:31370,153533.576,161071.971,106.46,GCS_WGS_1984 - EPSG:4326,4.418833,50.760141,Vlaams-Brabant,Hoeilaart,Hoeilaart,e4-56-24,FS0024,31/7,2020,0,0,0,0
2147,Belge_Lambert_1972 - EPSG:31370,153603.517,161020.247,91.18,GCS_WGS_1984 - EPSG:4326,4.419824,50.759675,Vlaams-Brabant,Hoeilaart,Hoeilaart,e4-56-24,FS0024,31/7,2020,0,0,0,0
2148,Belge_Lambert_1972 - EPSG:31370,152979.146,161320.961,102.02,GCS_WGS_1984 - EPSG:4326,4.410977,50.762382,Vlaams-Brabant,Sint-Genesius-Rode,Sint-Genesius-Rode,e4-56-21,ES9924,31/7,2020,0,0,0,0
2149,Belge_Lambert_1972 - EPSG:31370,153145.592,161214.006,97.7,GCS_WGS_1984 - EPSG:4326,4.413335,50.76142,Vlaams-Brabant,Hoeilaart,Sint-Genesius-Rode,e4-56-22,ES9924,31/7,2020,0,0,0,0
2150,Belge_Lambert_1972 - EPSG:31370,153228.975,161153.662,103.93,GCS_WGS_1984 - EPSG:4326,4.414517,50.760877,Vlaams-Brabant,Hoeilaart,Hoeilaart,e4-56-24,ES9924,31/7,2020,0,0,0,0
2151,Belge_Lambert_1972 - EPSG:31370,153312.793,161098.756,107.31,GCS_WGS_1984 - EPSG:4326,4.415704,50.760383,Vlaams-Brabant,Hoeilaart,Hoeilaart,e4-56-24,ES9924,31/7,2020,0,0,0,0
2152,Belge_Lambert_1972 - EPSG:31370,153389.165,161048.557,106.23,GCS_WGS_1984 - EPSG:4326,4.416786,50.759931,Vlaams-Brabant,Hoeilaart,Hoeilaart,e4-56-24,ES9924,31/7,2020,0,0,0,0
2153,Belge_Lambert_1972 - EPSG:31370,153476.323,160989.938,107.58,GCS_WGS_1984 - EPSG:4326,4.418021,50.759404,Vlaams-Brabant,Hoeilaart,Hoeilaart,e4-56-24,FS0024,31/7,2020,0,0,0,0
2154,Belge_Lambert_1972 - EPSG:31370,153561.099,160930.932,97.59,GCS_WGS_1984 - EPSG:4326,4.419222,50.758873,Vlaams-Brabant,Hoeilaart,Hoeilaart,e4-56-24,FS0023,31/7,2020,0,0,0,0
2155,Belge_Lambert_1972 - EPSG:31370,153007.007,161180.827,99.45,GCS_WGS_1984 - EPSG:4326,4.411371,50.761122,Vlaams-Brabant,Sint-Genesius-Rode,Sint-Genesius-Rode,e4-56-21,ES9924,31/7,2020,0,0,0,0
2156,Belge_Lambert_1972 - EPSG:31370,153090.415,161127.995,100.62,GCS_WGS_1984 - EPSG:4326,4.412553,50.760647,Vlaams-Brabant,Hoeilaart,Hoeilaart,e4-56-24,ES9924,31/7,2020,0,0,0,0
2157,Belge_Lambert_1972 - EPSG:31370,153172.939,161073.786,107.11,GCS_WGS_1984 - EPSG:4326,4.413722,50.760159,Vlaams-Brabant,Hoeilaart,Hoeilaart,e4-56-24,ES9924,31/7,2020,0,0,0,0
2158,Belge_Lambert_1972 - EPSG:31370,153257.021,161011.573,109.55,GCS_WGS_1984 - EPSG:4326,4.414913,50.759599,Vlaams-Brabant,Hoeilaart,Hoeilaart,e4-56-24,ES9924,31/7,2020,0,0,0,0
2159,Belge_Lambert_1972 - EPSG:31370,153424.695,160907.368,106.37,GCS_WGS_1984 - EPSG:4326,4.417288,50.758662,Vlaams-Brabant,Hoeilaart,Hoeilaart,e4-56-24,ES9923,31/7,2020,0,0,0,0
2160,Belge_Lambert_1972 - EPSG:31370,153502.46,160847.392,97.07,GCS_WGS_1984 - EPSG:4326,4.41839,50.758122,Vlaams-Brabant,Hoeilaart,Hoeilaart,e4-56-24,FS0023,31/7,2020,0,0,0,0
2161,Belge_Lambert_1972 - EPSG:31370,152952.629,161099.923,102.55,GCS_WGS_1984 - EPSG:4326,4.4106,50.760395,Vlaams-Brabant,Hoeilaart,Hoeilaart,e4-56-23,ES9924,31/7,2020,0,0,0,0
2162,Belge_Lambert_1972 - EPSG:31370,153033.934,161044.853,102.91,GCS_WGS_1984 - EPSG:4326,4.411751,50.7599,Vlaams-Brabant,Hoeilaart,Hoeilaart,e4-56-24,ES9924,31/7,2020,0,0,0,0
2163,Belge_Lambert_1972 - EPSG:31370,153116.758,160988.457,110.04,GCS_WGS_1984 - EPSG:4326,4.412925,50.759392,Vlaams-Brabant,Hoeilaart,Hoeilaart,e4-56-24,ES9924,31/7,2020,0,0,0,0
2164,Belge_Lambert_1972 - EPSG:31370,153280.864,160875.553,108.2,GCS_WGS_1984 - EPSG:4326,4.41525,50.758376,Vlaams-Brabant,Hoeilaart,Hoeilaart,e4-56-24,ES9923,31/7,2020,0,0,0,0
2165,Belge_Lambert_1972 - EPSG:31370,153366.519,160821.281,104.12,GCS_WGS_1984 - EPSG:4326,4.416463,50.757888,Vlaams-Brabant,Hoeilaart,Hoeilaart,e4-56-24,ES9923,31/7,2020,0,0,0,0
2166,Belge_Lambert_1972 - EPSG:31370,152897.785,161016.632,104.66,GCS_WGS_1984 - EPSG:4326,4.409822,50.759647,Vlaams-Brabant,Hoeilaart,Hoeilaart,e4-56-23,ES9924,31/7,2020,0,0,0,0
2167,Belge_Lambert_1972 - EPSG:31370,152978.936,160960.119,106.63,GCS_WGS_1984 - EPSG:4326,4.410971,50.759138,Vlaams-Brabant,Hoeilaart,Hoeilaart,e4-56-23,ES9923,31/7,2020,0,0,0,0
2168,Belge_Lambert_1972 - EPSG:31370,153062.292,160905.685,109.14,GCS_WGS_1984 - EPSG:4326,4.412152,50.758648,Vlaams-Brabant,Hoeilaart,Hoeilaart,e4-56-24,ES9923,31/7,2020,0,0,0,0
2169,Belge_Lambert_1972 - EPSG:31370,153227.447,160794.441,109.32,GCS_WGS_1984 - EPSG:4326,4.414492,50.757648,Vlaams-Brabant,Hoeilaart,Hoeilaart,e4-56-24,ES9923,31/7,2020,0,0,0,0
2170,Belge_Lambert_1972 - EPSG:31370,153311.236,160737.735,109.65,GCS_WGS_1984 - EPSG:4326,4.415679,50.757137,Vlaams-Brabant,Hoeilaart,Hoeilaart,e4-56-24,ES9923,31/7,2020,0,0,0,0
2171,Belge_Lambert_1972 - EPSG:31370,152757.655,160987.906,101.54,GCS_WGS_1984 - EPSG:4326,4.407835,50.759389,Vlaams-Brabant,Hoeilaart,Hoeilaart,e4-56-23,ES9924,31/7,2020,0,0,0,0
2172,Belge_Lambert_1972 - EPSG:31370,152837.75,160935.173,97.97,GCS_WGS_1984 - EPSG:4326,4.40897,50.758915,Vlaams-Brabant,Hoeilaart,Hoeilaart,e4-56-23,ES9923,31/7,2020,0,0,0,0
2173,Belge_Lambert_1972 - EPSG:31370,152925.687,160883.228,107.98,GCS_WGS_1984 - EPSG:4326,4.410216,50.758447,Vlaams-Brabant,Hoeilaart,Hoeilaart,e4-56-23,ES9923,31/7,2020,0,0,0,0
2174,Belge_Lambert_1972 - EPSG:31370,153014.317,160820.987,110.54,GCS_WGS_1984 - EPSG:4326,4.411472,50.757887,Vlaams-Brabant,Hoeilaart,Hoeilaart,e4-56-23,ES9923,31/7,2020,0,0,0,0
2175,Belge_Lambert_1972 - EPSG:31370,153173.273,160711.801,111.19,GCS_WGS_1984 - EPSG:4326,4.413723,50.756905,Vlaams-Brabant,Hoeilaart,Hoeilaart,e4-56-24,ES9923,31/7,2020,0,0,0,0
2176,Belge_Lambert_1972 - EPSG:31370,153256.407,160657.108,110.86,GCS_WGS_1984 - EPSG:4326,4.414901,50.756413,Vlaams-Brabant,Hoeilaart,Hoeilaart,e4-56-24,ES9923,31/7,2020,0,0,0,0
2177,Belge_Lambert_1972 - EPSG:31370,152786.75,160849.128,109.61,GCS_WGS_1984 - EPSG:4326,4.408247,50.758141,Vlaams-Brabant,Hoeilaart,Hoeilaart,e4-56-23,ES9923,31/7,2020,0,0,0,0
2178,Belge_Lambert_1972 - EPSG:31370,152867.152,160795.923,102.04,GCS_WGS_1984 - EPSG:4326,4.409386,50.757663,Vlaams-Brabant,Hoeilaart,Hoeilaart,e4-56-23,ES9923,31/7,2020,0,0,0,0
2179,Belge_Lambert_1972 - EPSG:31370,152950.182,160739.495,112.74,GCS_WGS_1984 - EPSG:4326,4.410562,50.757155,Vlaams-Brabant,Hoeilaart,Hoeilaart,e4-56-23,ES9923,31/7,2020,0,0,0,0
2180,Belge_Lambert_1972 - EPSG:31370,153118.481,160625.463,112.85,GCS_WGS_1984 - EPSG:4326,4.412946,50.756129,Vlaams-Brabant,Hoeilaart,Hoeilaart,e4-56-24,ES9923,31/7,2020,0,0,0,0
2181,Belge_Lambert_1972 - EPSG:31370,153199.291,160571.802,110.65,GCS_WGS_1984 - EPSG:4326,4.414091,50.755646,Vlaams-Brabant,Hoeilaart,Hoeilaart,e4-56-24,ES9923,31/7,2020,0,0,0,0
2182,Belge_Lambert_1972 - EPSG:31370,152809.539,160712.374,109.7,GCS_WGS_1984 - EPSG:4326,4.408568,50.756912,Vlaams-Brabant,Hoeilaart,Hoeilaart,e4-56-23,ES9923,31/7,2020,0,0,0,0
2183,Belge_Lambert_1972 - EPSG:31370,152896.826,160657.223,111.39,GCS_WGS_1984 - EPSG:4326,4.409805,50.756416,Vlaams-Brabant,Hoeilaart,Hoeilaart,e4-56-23,ES9923,31/7,2020,0,0,0,0
2184,Belge_Lambert_1972 - EPSG:31370,153060.103,160546.598,114.14,GCS_WGS_1984 - EPSG:4326,4.412118,50.75542,Vlaams-Brabant,Hoeilaart,Hoeilaart,e4-56-24,ES9923,31/7,2020,0,0,0,0
2185,Belge_Lambert_1972 - EPSG:31370,153145.645,160489.256,111.56,GCS_WGS_1984 - EPSG:4326,4.41333,50.754904,Vlaams-Brabant,Hoeilaart,Hoeilaart,e4-56-24,ES9923,31/7,2020,0,0,0,0
2186,Belge_Lambert_1972 - EPSG:31370,152835.621,160572.347,111.29,GCS_WGS_1984 - EPSG:4326,4.408937,50.755653,Vlaams-Brabant,Hoeilaart,Hoeilaart,e4-56-23,ES9923,31/7,2020,0,0,0,0
11000,Belge_Lambert_1972 - EPSG:31370,153803.379,160076.925,115,GCS_WGS_1984 - EPSG:4326,4.422647,50.751194,Vlaams-Brabant,Hoeilaart,Hoeilaart,e4-56-42,FS0023,31/7,1986,1989,2000,2010,2020
21000,Belge_Lambert_1972 - EPSG:31370,153458.282,161293.42,96.95,GCS_WGS_1984 - EPSG:4326,4.417768,50.762132,Vlaams-Brabant,Hoeilaart,Hoeilaart,e4-56-22,ES9924,31/7,2009,2019,0,0,0
31000,Belge_Lambert_1972 - EPSG:31370,33292.441,203619.456,5.82,GCS_WGS_1984 - EPSG:4326,2.701368,51.130851,West-Vlaanderen,Koksijde,Oostduinkerke,c0-48-42,DS7964,11/8,2011,2021,0,0,0
41000,Belge_Lambert_1972 - EPSG:31370,167627.71,162375.219,49.48,GCS_WGS_1984 - EPSG:4326,4.618654,50.771599,Vlaams-Brabant,Huldenberg,Sint-Agatha-Rode,e5-42-34,FS1425,32/5,1991,2001,2011,2021,0
42000,Belge_Lambert_1972 - EPSG:31370,167652.513,162100.761,52.32,GCS_WGS_1984 - EPSG:4326,4.618993,50.769131,Vlaams-Brabant,Huldenberg,Sint-Agatha-Rode,e5-52-12,FS1425,32/5,1991,2001,2011,2021,0
43000,Belge_Lambert_1972 - EPSG:31370,167652.513,162100.761,52.32,GCS_WGS_1984 - EPSG:4326,4.618993,50.769131,Vlaams-Brabant,Huldenberg,Sint-Agatha-Rode,e5-52-12,FS1425,32/5,2011,2021,0,0,0
51000,Belge_Lambert_1972 - EPSG:31370,184972.538,179890.474,26.42,GCS_WGS_1984 - EPSG:4326,4.866207,50.928265,Vlaams-Brabant,Tielt-Winge,Sint-Joris-Winge,d5-56-41,FS3143,24/7,1991,2001,2012,0,0
53000,Belge_Lambert_1972 - EPSG:31370,185222.072,179592.174,28.33,GCS_WGS_1984 - EPSG:4326,4.869728,50.925568,Vlaams-Brabant,Tielt-Winge,Sint-Joris-Winge,d5-56-42,FS3143,24/7,1991,2001,2012,0,0
71000,Belge_Lambert_1972 - EPSG:31370,56775.051,196057.303,22.19,GCS_WGS_1984 - EPSG:4326,3.038715,51.067148,West-Vlaanderen,Ichtegem,Ichtegem,d1-16-41,ES0257,20/3,2002,2012,0,0,0
81000,Belge_Lambert_1972 - EPSG:31370,171637.716,165471.479,76.09,GCS_WGS_1984 - EPSG:4326,4.675684,50.799298,Vlaams-Brabant,Oud-Heverlee,Haasrode,e5-43-12,FS1828,32/6,2002,2012,0,0,0
91000,Belge_Lambert_1972 - EPSG:31370,123880.4,206358.692,4.35,GCS_WGS_1984 - EPSG:4326,3.995333,51.166654,Oost-Vlaanderen,Sint-Niklaas,Sinaai,c3-37-34,ES6968,14/8,2003,2013,0,0,0
101000,Belge_Lambert_1972 - EPSG:31370,143534.191,154826.662,117.94,GCS_WGS_1984 - EPSG:4326,4.277218,50.703972,Vlaams-Brabant,Halle,Halle,f4-14-34,ES9017,39/2,2004,2013,0,0,0
111000,Belge_Lambert_1972 - EPSG:31370,130030.455,156448.472,64.33,GCS_WGS_1984 - EPSG:4326,4.085968,50.718247,Vlaams-Brabant,Pepingen,Heikruis,f4-11-13,ES7619,39/1,2005,2015,0,0,0
121000,Belge_Lambert_1972 - EPSG:31370,174564.348,165531.465,79.67,GCS_WGS_1984 - EPSG:4326,4.717202,50.799721,Vlaams-Brabant,Bierbeek,Bierbeek,e5-44-11,FS2128,32/6,2005,2015,0,0,0
131000,Belge_Lambert_1972 - EPSG:31370,132159.301,173092.427,26.02,GCS_WGS_1984 - EPSG:4326,4.115311,50.867938,Vlaams-Brabant,Liedekerke,Liedekerke,e4-21-23,ES7835,31/1,1986,1996,2006,2016,0
141100,Belge_Lambert_1972 - EPSG:31370,189507.809,218237.266,17.68,GCS_WGS_1984 - EPSG:4326,4.934879,51.272654,Antwerpen,Turnhout,Turnhout,b5-57-44,FS3481,8/8,2006,2016,0,0,0
141200,Belge_Lambert_1972 - EPSG:31370,189543.941,218450.79,18.58,GCS_WGS_1984 - EPSG:4326,4.93542,51.274571,Antwerpen,Turnhout,Turnhout,b5-57-44,FS3482,8/8,2006,2016,0,0,0
151000,Belge_Lambert_1972 - EPSG:31370,163823.581,209767.509,10.09,GCS_WGS_1984 - EPSG:4326,4.56652,51.197716,Antwerpen,Ranst,Ranst,c5-31-12,FS0972,16/1,2008,2018,0,0,0
155000,Belge_Lambert_1972 - EPSG:31370,163924.408,209724.071,10.22,GCS_WGS_1984 - EPSG:4326,4.567961,51.197323,Antwerpen,Ranst,Ranst,c5-31-12,FS0972,16/1,2009,2019,0,0,0
156000,Belge_Lambert_1972 - EPSG:31370,163861.541,209564.059,10.29,GCS_WGS_1984 - EPSG:4326,4.567055,51.195886,Antwerpen,Ranst,Ranst,c5-31-12,FS0972,16/1,1997,2002,2007,2012,2017
171100,Belge_Lambert_1972 - EPSG:31370,146130.835,196095.294,1.74,GCS_WGS_1984 - EPSG:4326,4.313548,51.074975,Antwerpen,Puurs,Puurs,d4-15-31,ES9258,23/3,2004,2014,0,0,0
171200,Belge_Lambert_1972 - EPSG:31370,146391.701,196231.408,2.11,GCS_WGS_1984 - EPSG:4326,4.317269,51.0762,Antwerpen,Puurs,Puurs,d4-15-13,ES9259,23/3,2004,2014,0,0,0
300001,Belge_Lambert_1972 - EPSG:31370,170917.419,165086.28,38.86,GCS_WGS_1984 - EPSG:4326,4.665445,50.795862,Vlaams-Brabant,Oud-Heverlee,Sint-Joris-Weert,e5-43-13,FS1728,32/6,2000,2014,0,0,0
300002,Belge_Lambert_1972 - EPSG:31370,171623.087,165172.134,87.09,GCS_WGS_1984 - EPSG:4326,4.675459,50.796608,Vlaams-Brabant,Oud-Heverlee,Haasrode,e5-43-12,FS1828,32/6,2000,2014,0,0,0
300003,Belge_Lambert_1972 - EPSG:31370,171993.197,165479.908,77.71,GCS_WGS_1984 - EPSG:4326,4.680727,50.79936,Vlaams-Brabant,Oud-Heverlee,Haasrode,e5-43-12,FS1828,32/6,2000,2014,0,0,0
300004,Belge_Lambert_1972 - EPSG:31370,172168.773,165189.667,88.61,GCS_WGS_1984 - EPSG:4326,4.6832,50.796745,Vlaams-Brabant,Oud-Heverlee,Haasrode,e5-43-21,FS1828,32/6,2000,2014,0,0,0
300005,Belge_Lambert_1972 - EPSG:31370,172871.075,165559.573,89.15,GCS_WGS_1984 - EPSG:4326,4.693185,50.800043,Vlaams-Brabant,Oud-Heverlee,Haasrode,e5-43-21,FS1928,32/6,2000,2014,0,0,0
300006,Belge_Lambert_1972 - EPSG:31370,172891.789,164578.146,86.93,GCS_WGS_1984 - EPSG:4326,4.693417,50.791219,Vlaams-Brabant,Bierbeek,Bierbeek,e5-43-23,FS1927,32/6,2000,2014,0,0,0
300007,Belge_Lambert_1972 - EPSG:31370,173519.622,164545.198,55.65,GCS_WGS_1984 - EPSG:4326,4.70232,50.790898,Vlaams-Brabant,Bierbeek,Bierbeek,e5-43-24,FS1927,32/6,2000,2014,0,0,0
300008,Belge_Lambert_1972 - EPSG:31370,173631.195,164690.151,61.19,GCS_WGS_1984 - EPSG:4326,4.703911,50.792197,Vlaams-Brabant,Bierbeek,Bierbeek,e5-43-24,FS2028,32/6,2000,2014,0,0,0
300009,Belge_Lambert_1972 - EPSG:31370,174056.305,165328.442,63.54,GCS_WGS_1984 - EPSG:4326,4.709982,50.797917,Vlaams-Brabant,Bierbeek,Bierbeek,e5-44-11,FS2028,32/6,2000,2014,0,0,0
300010,Belge_Lambert_1972 - EPSG:31370,174256.974,165544.309,60.02,GCS_WGS_1984 - EPSG:4326,4.712843,50.799849,Vlaams-Brabant,Bierbeek,Bierbeek,e5-44-11,FS2028,32/6,2000,2014,0,0,0
300011,Belge_Lambert_1972 - EPSG:31370,174398.084,165599.972,59.44,GCS_WGS_1984 - EPSG:4326,4.714848,50.800344,Vlaams-Brabant,Bierbeek,Bierbeek,e5-44-11,FS2029,32/6,2000,2014,0,0,0
300012,Belge_Lambert_1972 - EPSG:31370,174364.061,165102.908,69.12,GCS_WGS_1984 - EPSG:4326,4.714333,50.795877,Vlaams-Brabant,Bierbeek,Bierbeek,e5-44-13,FS2028,32/6,2000,2014,0,0,0
300013,Belge_Lambert_1972 - EPSG:31370,174487.187,165285.622,83.43,GCS_WGS_1984 - EPSG:4326,4.716091,50.797514,Vlaams-Brabant,Bierbeek,Bierbeek,e5-44-11,FS2028,32/6,2000,2014,0,0,0
300014,Belge_Lambert_1972 - EPSG:31370,174582.742,165183.892,89.84,GCS_WGS_1984 - EPSG:4326,4.71744,50.796596,Vlaams-Brabant,Bierbeek,Bierbeek,e5-44-11,FS2128,32/6,2000,2014,0,0,0
300015,Belge_Lambert_1972 - EPSG:31370,174540.477,165871.838,62.43,GCS_WGS_1984 - EPSG:4326,4.716886,50.802782,Vlaams-Brabant,Bierbeek,Bierbeek,e5-44-11,FS2029,32/6,2000,2014,0,0,0
300016,Belge_Lambert_1972 - EPSG:31370,174615.597,165887.068,62.05,GCS_WGS_1984 - EPSG:4326,4.717953,50.802915,Vlaams-Brabant,Bierbeek,Bierbeek,e5-44-11,FS2129,32/6,2000,2014,0,0,0
300017,Belge_Lambert_1972 - EPSG:31370,174670.465,165785.942,65.25,GCS_WGS_1984 - EPSG:4326,4.718724,50.802004,Vlaams-Brabant,Bierbeek,Bierbeek,e5-44-11,FS2129,32/6,2000,2014,0,0,0
300018,Belge_Lambert_1972 - EPSG:31370,174899.379,165567.671,69.81,GCS_WGS_1984 - EPSG:4326,4.721957,50.800032,Vlaams-Brabant,Bierbeek,Bierbeek,e5-44-11,FS2129,32/6,2000,2014,0,0,0
300019,Belge_Lambert_1972 - EPSG:31370,174921.545,165517.757,71.34,GCS_WGS_1984 - EPSG:4326,4.722268,50.799582,Vlaams-Brabant,Bierbeek,Bierbeek,e5-44-11,FS2128,32/6,2000,2014,0,0,0
300022,Belge_Lambert_1972 - EPSG:31370,174963.65,166361.738,70.51,GCS_WGS_1984 - EPSG:4326,4.722922,50.807168,Vlaams-Brabant,Bierbeek,Bierbeek,e5-34-33,FS2129,32/6,2000,2014,0,0,0
300023,Belge_Lambert_1972 - EPSG:31370,175544.482,166007.269,81.39,GCS_WGS_1984 - EPSG:4326,4.731138,50.803956,Vlaams-Brabant,Bierbeek,Bierbeek,e5-44-12,FS2129,32/6,2000,2014,0,0,0
300024,Belge_Lambert_1972 - EPSG:31370,176025.449,166707.617,90.89,GCS_WGS_1984 - EPSG:4326,4.738011,50.81023,Vlaams-Brabant,Bierbeek,Bierbeek,e5-34-43,FS2230,32/6,2000,2014,0,0,0
300025,Belge_Lambert_1972 - EPSG:31370,176183.334,166126.811,93.17,GCS_WGS_1984 - EPSG:4326,4.74021,50.805002,Vlaams-Brabant,Bierbeek,Bierbeek,e5-44-21,FS2229,32/6,2000,2014,0,0,0
400000,Belge_Lambert_1972 - EPSG:31370,158338.567,218071.592,8.46,GCS_WGS_1984 - EPSG:4326,4.488243,51.272461,Antwerpen,Schoten,Schoten,c4-18-11,FS0381,15/4,2017,0,0,0,0
