plottype,plot_id,subplot_id,period,year_main_survey,date_vegetation,number_of_species,cumm_herb_coverage_class_average_perc,moss_cover_min,moss_cover_max,moss_cover_mid,herb_cover_min,herb_cover_max,herb_cover_mid,shrub_cover_min,shrub_cover_max,shrub_cover_mid,tree_cover_min,tree_cover_max,tree_cover_mid,waterlayer_cover_min,waterlayer_cover_max,waterlayer_cover_mid,soildisturbance_game_cover_min,soildisturbance_game_cover_max,soildisturbance_game_cover_mid,cumulated_canopy_cover_min,cumulated_canopy_cover_max,cumulated_canopy_cover_mid
CP,101,1,1,2002,2002-05-30T00:00:00Z,22,43.5,0,1,0.5,35,45,40,35,45,40,85,95,90,0,1,0.5,,,,90.25,97.24999999999999,94
CP,102,1,1,2002,2002-05-30T00:00:00Z,29,33.5,0,1,0.5,25,35,30,35,45,40,55,65,60,0,1,0.5,,,,70.75,80.75,76
CP,103,1,1,2002,2002-05-06T00:00:00Z,18,58.5,0,1,0.5,55,65,60,65,75,70,65,75,70,0,1,0.5,,,,87.75,93.75,90.99999999999999
CP,104,1,1,2002,2002-05-29T00:00:00Z,28,22,0,1,0.5,10,15,12.5,45,55,50,65,75,70,0,1,0.5,,,,80.75,88.75,85
CP,105,1,1,2002,2002-06-18T00:00:00Z,22,60.5,0,1,0.5,55,65,60,15,25,20,55,65,60,0,1,0.5,,,,61.75000000000001,73.75,68
CP,106,1,1,2002,2002-05-06T00:00:00Z,16,15.5,0,1,0.5,5,10,7.5,25,35,30,85,95,90,0,1,0.5,,,,88.75,96.75,93
CP,107,1,1,2002,2002-05-30T00:00:00Z,26,23,0,1,0.5,15,25,20,55,65,60,85,95,90,0,1,0.5,,,,93.25,98.25,96
CP,108,1,1,2002,2002-05-29T00:00:00Z,19,16,0,1,0.5,15,25,20,55,65,60,85,95,90,0,1,0.5,,,,93.25,98.25,96
CP,109,1,1,2002,2002-05-30T00:00:00Z,22,21,1,3,2,15,25,20,65,75,70,65,75,70,0,1,0.5,,,,87.75,93.75,90.99999999999999
CP,110,1,1,2002,2002-06-18T00:00:00Z,18,56.5,0,1,0.5,55,65,60,10,15,12.5,85,95,90,0,1,0.5,,,,86.5,95.75,91.25
CP,111,1,1,2002,2002-05-06T00:00:00Z,9,6,0,1,0.5,1,3,2,1,3,2,85,95,90,0,1,0.5,,,,85.14999999999999,95.15,90.2
CP,113,1,1,2002,2002-05-30T00:00:00Z,24,20,1,3,2,15,25,20,65,75,70,55,65,60,0,1,0.5,,,,84.25,91.25,88
CP,114,1,1,2002,2002-05-29T00:00:00Z,19,23,0,1,0.5,10,15,12.5,85,95,90,15,25,20,0,1,0.5,,,,87.25,96.24999999999999,92
CP,115,1,1,2002,2002-05-29T00:00:00Z,17,49.5,1,3,2,45,55,50,10,15,12.5,75,85,80,0,1,0.5,,,,77.5,87.25,82.5
CP,116,1,1,2002,2002-05-06T00:00:00Z,26,35.5,1,3,2,15,25,20,75,85,80,65,75,70,0,1,0.5,,,,91.25,96.25,94
CP,117,1,1,2002,2002-05-29T00:00:00Z,22,20.5,0,1,0.5,10,15,12.5,65,75,70,85,95,90,0,1,0.5,,,,94.75,98.75,97
CP,118,1,1,2002,2002-05-30T00:00:00Z,19,32,0,1,0.5,15,25,20,25,35,30,75,85,80,0,1,0.5,,,,81.25,90.25,86.00000000000001
CP,119,1,1,2002,2002-06-18T00:00:00Z,18,71.5,0,1,0.5,65,75,70,35,45,40,75,85,80,0,1,0.5,,,,83.75,91.75,88
CP,120,1,1,2002,2002-06-14T00:00:00Z,18,43.5,1,3,2,35,45,40,35,45,40,75,85,80,0,1,0.5,,,,83.75,91.75,88
CP,121,1,1,2002,2002-05-29T00:00:00Z,14,7,0,1,0.5,1,3,2,25,35,30,75,85,80,0,1,0.5,,,,81.25,90.25,86.00000000000001
CP,122,1,1,2002,2002-06-18T00:00:00Z,17,8.5,1,3,2,1,3,2,45,55,50,45,55,50,0,1,0.5,,,,69.75,79.75000000000001,75
CP,123,1,1,2002,2002-05-30T00:00:00Z,16,81.5,0,1,0.5,65,75,70,25,35,30,75,85,80,0,1,0.5,,,,81.25,90.25,86.00000000000001
CP,124,1,1,2002,2002-06-14T00:00:00Z,19,42.5,0,1,0.5,35,45,40,15,25,20,75,85,80,0,1,0.5,,,,78.75,88.75,84.00000000000001
CP,125,1,1,2002,2002-06-14T00:00:00Z,20,11.5,0,1,0.5,1,3,2,15,25,20,85,95,90,0,1,0.5,,,,87.25,96.24999999999999,92
CP,126,1,1,2002,2002-06-13T00:00:00Z,5,2.5,0,1,0.5,0,1,0.5,0,1,0.5,85,95,90,0,1,0.5,,,,85,95.04999999999998,90.05000000000001
CP,127,1,1,2002,2002-06-13T00:00:00Z,21,31,0,1,0.5,25,35,30,85,95,90,25,35,30,0,1,0.5,,,,88.75,96.75,93
CP,128,1,1,2002,2002-06-14T00:00:00Z,28,55.5,0,1,0.5,45,55,50,25,35,30,75,85,80,0,1,0.5,,,,81.25,90.25,86.00000000000001
CP,129,1,1,2002,2002-06-13T00:00:00Z,17,11.5,0,1,0.5,1,3,2,3,5,4,85,95,90,0,1,0.5,,,,85.45,95.24999999999999,90.4
CP,130,1,1,2002,2002-06-13T00:00:00Z,7,3.5,0,1,0.5,0,1,0.5,1,3,2,85,95,90,0,1,0.5,,,,85.14999999999999,95.15,90.2
CP,131,1,1,2002,2002-06-13T00:00:00Z,21,52,0,1,0.5,45,55,50,55,65,60,75,85,80,0,1,0.5,,,,88.75,94.75,92
CP,132,1,1,2002,2002-06-13T00:00:00Z,32,43.5,0,1,0.5,65,75,70,10,15,12.5,65,75,70,0,1,0.5,,,,68.5,78.75,73.75
CP,133,1,1,2002,2002-06-13T00:00:00Z,26,14.5,0,1,0.5,1,3,2,15,25,20,85,95,90,0,1,0.5,,,,87.25,96.24999999999999,92
CP,134,1,1,2002,2002-06-13T00:00:00Z,14,8.5,0,1,0.5,1,3,2,45,55,50,75,85,80,0,1,0.5,,,,86.25,93.25,90
CP,135,1,1,2002,2002-06-13T00:00:00Z,7,3.5,0,1,0.5,0,1,0.5,1,3,2,85,95,90,0,1,0.5,,,,85.14999999999999,95.15,90.2
CP,136,1,1,2002,2002-06-13T00:00:00Z,18,74,0,1,0.5,55,65,60,35,45,40,75,85,80,0,1,0.5,,,,83.75,91.75,88
CP,137,1,1,2002,2002-06-13T00:00:00Z,12,7.5,0,1,0.5,1,3,2,65,75,70,85,95,90,0,1,0.5,,,,94.75,98.75,97
CP,138,1,1,2002,2002-05-30T00:00:00Z,17,25.5,0,1,0.5,25,35,30,35,45,40,75,85,80,0,1,0.5,,,,83.75,91.75,88
CP,139,1,1,2002,2002-06-18T00:00:00Z,23,35,0,1,0.5,35,45,40,35,45,40,75,85,80,0,1,0.5,,,,83.75,91.75,88
CP,140,1,1,2002,2002-06-18T00:00:00Z,18,10.5,0,1,0.5,55,65,60,65,75,70,85,95,90,0,1,0.5,,,,94.75,98.75,97
CP,141,1,1,2002,2002-06-13T00:00:00Z,13,6.5,0,1,0.5,1,3,2,55,65,60,85,95,90,0,1,0.5,,,,93.25,98.25,96
CP,142,1,1,2002,2002-06-13T00:00:00Z,21,47,0,1,0.5,35,45,40,25,35,30,65,75,70,0,1,0.5,,,,73.75,83.75,79
CP,143,1,1,2002,2002-06-13T00:00:00Z,15,7.5,1,3,2,0,1,0.5,15,25,20,85,95,90,0,1,0.5,,,,87.25,96.24999999999999,92
CP,144,1,1,2002,2002-06-13T00:00:00Z,18,22,0,1,0.5,15,25,20,45,55,50,55,65,60,0,1,0.5,,,,75.25,84.25,80
CP,145,1,1,2002,2002-06-13T00:00:00Z,19,19.5,0,1,0.5,15,25,20,35,45,40,85,95,90,0,1,0.5,,,,90.25,97.24999999999999,94
CP,146,1,1,2002,2002-06-13T00:00:00Z,19,38.5,0,1,0.5,35,45,40,55,65,60,85,95,90,0,1,0.5,,,,93.25,98.25,96
CP,147,1,1,2002,2002-06-13T00:00:00Z,23,22.5,1,3,2,15,25,20,85,95,90,25,35,30,0,1,0.5,,,,88.75,96.75,93
CP,148,1,1,2002,2002-06-13T00:00:00Z,9,4.5,1,3,2,0,1,0.5,1,3,2,85,95,90,0,1,0.5,,,,85.14999999999999,95.15,90.2
CP,200,1,1,2003,2003-07-01T00:00:00Z,7,64.5,25,35,30,55,65,60,0,1,0.5,45,55,50,0,1,0.5,,,,44.99999999999999,55.45,50.24999999999999
CP,204,1,1,2003,2003-07-01T00:00:00Z,8,101,15,25,20,95,100,97.5,0,1,0.5,35,45,40,0,1,0.5,,,,35,45.550000000000004,40.300000000000004
CP,205,1,1,2003,2003-07-01T00:00:00Z,5,99.5,5,10,7.5,95,100,97.5,0,1,0.5,45,55,50,0,1,0.5,,,,44.99999999999999,55.45,50.24999999999999
CP,206,1,1,2003,2003-07-01T00:00:00Z,9,64,35,45,40,55,65,60,0,1,0.5,75,85,80,0,1,0.5,,,,75,85.14999999999999,80.10000000000001
CP,207,1,1,2003,2003-07-01T00:00:00Z,8,93.5,35,45,40,85,95,90,0,1,0.5,75,85,80,0,1,0.5,,,,75,85.14999999999999,80.10000000000001
CP,209,1,1,2003,2003-07-01T00:00:00Z,4,99,0,1,0.5,95,100,97.5,0,1,0.5,1,3,2,0,1,0.5,,,,1.0000000000000009,3.970000000000007,2.4900000000000033
CP,210,1,1,2003,2003-07-01T00:00:00Z,6,92.5,0,1,0.5,85,95,90,0,1,0.5,1,3,2,0,1,0.5,,,,1.0000000000000009,3.970000000000007,2.4900000000000033
CP,211,1,1,2003,2003-07-01T00:00:00Z,6,101.5,0,1,0.5,95,100,97.5,0,1,0.5,1,3,2,0,1,0.5,,,,1.0000000000000009,3.970000000000007,2.4900000000000033
CP,212,1,1,2003,2003-07-01T00:00:00Z,8,102.5,0,1,0.5,95,100,97.5,0,1,0.5,1,3,2,0,1,0.5,,,,1.0000000000000009,3.970000000000007,2.4900000000000033
CP,213,1,1,2003,2003-07-01T00:00:00Z,9,94,0,1,0.5,85,95,90,0,1,0.5,35,45,40,0,1,0.5,,,,35,45.550000000000004,40.300000000000004
CP,214,1,1,2003,2003-07-01T00:00:00Z,9,84,0,1,0.5,75,85,80,0,1,0.5,55,65,60,0,1,0.5,,,,55.00000000000001,65.35,60.199999999999996
CP,215,1,1,2003,2003-07-01T00:00:00Z,8,25,75,85,80,15,25,20,0,1,0.5,65,75,70,0,1,0.5,,,,65,75.25,70.15
CP,216,1,1,2003,2003-07-01T00:00:00Z,6,10,85,95,90,5,10,7.5,0,1,0.5,65,75,70,0,1,0.5,,,,65,75.25,70.15
CP,217,1,1,2003,2003-07-01T00:00:00Z,4,99,0,1,0.5,95,100,97.5,0,1,0.5,85,95,90,0,1,0.5,,,,85,95.04999999999998,90.05000000000001
CP,218,1,1,2003,2003-07-01T00:00:00Z,7,93,1,3,2,85,95,90,0,1,0.5,65,75,70,0,1,0.5,,,,65,75.25,70.15
CP,219,1,1,2003,2003-07-01T00:00:00Z,4,99,1,3,2,95,100,97.5,0,1,0.5,45,55,50,0,1,0.5,,,,44.99999999999999,55.45,50.24999999999999
CP,220,1,1,2003,2003-07-01T00:00:00Z,7,83,0,1,0.5,75,85,80,0,1,0.5,65,75,70,0,1,0.5,,,,65,75.25,70.15
CP,221,1,1,2003,2003-07-01T00:00:00Z,6,64,10,15,12.5,55,65,60,0,1,0.5,85,95,90,0,1,0.5,,,,85,95.04999999999998,90.05000000000001
CP,223,1,1,2003,2003-07-01T00:00:00Z,8,63.5,35,45,40,55,65,60,0,1,0.5,75,85,80,0,1,0.5,,,,75,85.14999999999999,80.10000000000001
CP,224,1,1,2003,2003-07-01T00:00:00Z,8,93.5,5,10,7.5,85,95,90,0,1,0.5,75,85,80,0,1,0.5,,,,75,85.14999999999999,80.10000000000001
CP,225,1,1,2003,2003-07-01T00:00:00Z,10,84.5,5,10,7.5,75,85,80,0,1,0.5,65,75,70,0,1,0.5,,,,65,75.25,70.15
CP,226,1,1,2003,2003-07-01T00:00:00Z,8,95,1,3,2,85,95,90,0,1,0.5,85,95,90,0,1,0.5,,,,85,95.04999999999998,90.05000000000001
CP,227,1,1,2003,2003-07-01T00:00:00Z,8,93.5,5,10,7.5,85,95,90,0,1,0.5,65,75,70,0,1,0.5,,,,65,75.25,70.15
CP,228,1,1,2003,2003-07-01T00:00:00Z,7,83,5,10,7.5,75,85,80,0,1,0.5,85,95,90,0,1,0.5,,,,85,95.04999999999998,90.05000000000001
CP,229,1,1,2003,2003-07-01T00:00:00Z,6,32.5,35,45,40,25,35,30,0,1,0.5,85,95,90,0,1,0.5,,,,85,95.04999999999998,90.05000000000001
CP,401,1,1,2002,2002-07-24T00:00:00Z,6,59.5,0,1,0.5,55,65,60,15,25,20,75,85,80,0,1,0.5,,,,78.75,88.75,84.00000000000001
CP,402,1,1,2002,2002-07-24T00:00:00Z,16,30,0,1,0.5,25,35,30,5,10,7.5,85,95,90,0,1,0.5,,,,85.75,95.5,90.75
CP,403,1,1,2002,2002-07-24T00:00:00Z,8,5.5,0,1,0.5,1,3,2,1,3,2,95,100,97.5,0,1,0.5,,,,95.04999999999998,100,97.55
CP,404,1,1,2002,2002-07-24T00:00:00Z,9,7.5,0,1,0.5,1,3,2,3,5,4,95,100,97.5,0,1,0.5,,,,95.15,100,97.6
CP,405,1,1,2002,2002-07-24T00:00:00Z,10,20,0,1,0.5,15,25,20,1,3,2,95,100,97.5,0,1,0.5,,,,95.04999999999998,100,97.55
CP,406,1,1,2002,2002-07-24T00:00:00Z,6,54,0,1,0.5,45,55,50,5,10,7.5,75,85,80,0,1,0.5,,,,76.25,86.5,81.5
CP,407,1,1,2002,2002-07-24T00:00:00Z,9,65.5,0,1,0.5,65,75,70,1,3,2,85,95,90,0,1,0.5,,,,85.14999999999999,95.15,90.2
CP,408,1,1,2002,2002-07-24T00:00:00Z,3,110.5,0,1,0.5,95,100,97.5,35,45,40,55,65,60,0,1,0.5,,,,70.75,80.75,76
CP,409,1,1,2002,2002-07-24T00:00:00Z,10,8.5,0,1,0.5,3,5,4,1,3,2,95,100,97.5,0,1,0.5,,,,95.04999999999998,100,97.55
CP,410,1,1,2002,2002-07-24T00:00:00Z,12,6,0,1,0.5,1,3,2,0,1,0.5,85,95,90,0,1,0.5,,,,85,95.04999999999998,90.05000000000001
CP,411,1,1,2002,2002-07-24T00:00:00Z,10,94,0,1,0.5,85,95,90,1,3,2,65,75,70,0,1,0.5,,,,65.35,75.75,70.6
CP,412,1,1,2002,2002-07-24T00:00:00Z,9,98.5,0,1,0.5,95,100,97.5,3,5,4,75,85,80,0,1,0.5,,,,75.75,85.75,80.80000000000001
CP,413,1,1,2002,2002-07-24T00:00:00Z,18,24,1,3,2,15,25,20,15,25,20,75,85,80,0,1,0.5,,,,78.75,88.75,84.00000000000001
CP,414,1,1,2002,2002-07-24T00:00:00Z,20,85.5,0,1,0.5,65,75,70,1,3,2,65,75,70,0,1,0.5,,,,65.35,75.75,70.6
CP,415,1,1,2002,2002-07-24T00:00:00Z,12,19.5,0,1,0.5,25,35,30,5,10,7.5,85,95,90,0,1,0.5,,,,85.75,95.5,90.75
CP,416,1,1,2002,2002-07-24T00:00:00Z,11,96.5,0,1,0.5,95,100,97.5,1,3,2,75,85,80,0,1,0.5,,,,75.25,85.45,80.4
CP,417,1,1,2002,2002-07-24T00:00:00Z,12,43.5,0,1,0.5,45,55,50,3,5,4,95,100,97.5,0,1,0.5,,,,95.15,100,97.6
CP,418,1,1,2002,2002-07-24T00:00:00Z,19,51,0,1,0.5,45,55,50,5,10,7.5,85,95,90,0,1,0.5,,,,85.75,95.5,90.75
CP,419,1,1,2002,2002-07-24T00:00:00Z,11,7,0,1,0.5,1,3,2,35,45,40,45,55,50,0,1,0.5,,,,64.25,75.25,70
CP,420,1,1,2002,2002-07-24T00:00:00Z,11,26.5,0,1,0.5,15,25,20,3,5,4,85,95,90,0,1,0.5,,,,85.45,95.24999999999999,90.4
CP,421,1,1,2002,2002-07-24T00:00:00Z,5,82,0,1,0.5,75,85,80,3,5,4,75,85,80,0,1,0.5,,,,75.75,85.75,80.80000000000001
CP,422,1,1,2002,2002-07-24T00:00:00Z,15,86,0,1,0.5,75,85,80,3,5,4,55,65,60,0,1,0.5,,,,56.35000000000001,66.75,61.6
CP,423,1,1,2002,2002-07-24T00:00:00Z,13,99.5,0,1,0.5,85,95,90,1,3,2,95,100,97.5,0,1,0.5,,,,95.04999999999998,100,97.55
CP,425,1,1,2002,2002-07-24T00:00:00Z,2,99.5,0,1,0.5,95,100,97.5,0,1,0.5,75,85,80,0,1,0.5,,,,75,85.14999999999999,80.10000000000001
CP,427,1,1,2002,2002-07-24T00:00:00Z,6,64,1,3,2,55,65,60,35,45,40,85,95,90,0,1,0.5,,,,90.25,97.24999999999999,94
CP,428,1,1,2002,2002-07-24T00:00:00Z,9,87,0,1,0.5,85,95,90,15,25,20,65,75,70,0,1,0.5,,,,70.25,81.25,76
CP,429,1,1,2002,2002-07-24T00:00:00Z,6,162,0,1,0.5,95,100,97.5,5,10,7.5,25,35,30,0,1,0.5,,,,28.750000000000007,41.49999999999999,35.25
CP,430,1,1,2002,2002-07-24T00:00:00Z,6,92,0,1,0.5,75,85,80,3,5,4,75,85,80,0,1,0.5,,,,75.75,85.75,80.80000000000001
CP,431,1,1,2002,2002-07-24T00:00:00Z,13,20,1,3,2,15,25,20,5,10,7.5,85,95,90,0,1,0.5,,,,85.75,95.5,90.75
CP,432,1,1,2002,2002-07-24T00:00:00Z,9,34,0,1,0.5,35,45,40,55,65,60,55,65,60,0,1,0.5,,,,79.75000000000001,87.75,84
CP,433,1,1,2002,2002-07-24T00:00:00Z,4,94.5,1,3,2,75,85,80,5,10,7.5,65,75,70,0,1,0.5,,,,66.75,77.5,72.24999999999999
CP,434,1,1,2002,2002-07-24T00:00:00Z,3,124,0,1,0.5,85,95,90,1,3,2,85,95,90,0,1,0.5,,,,85.14999999999999,95.15,90.2
CP,435,1,1,2002,2002-07-24T00:00:00Z,11,35.5,0,1,0.5,25,35,30,5,10,7.5,95,100,97.5,0,1,0.5,,,,95.24999999999999,100,97.6875
CP,436,1,1,2002,2002-07-24T00:00:00Z,2,54,0,1,0.5,95,100,97.5,25,35,30,35,45,40,0,1,0.5,,,,51.24999999999999,64.25,58.00000000000001
CP,437,1,1,2002,2002-07-24T00:00:00Z,2,160,0,1,0.5,95,100,97.5,0,1,0.5,25,35,30,0,1,0.5,,,,25,35.650000000000006,30.349999999999998
CP,438,1,1,2002,2002-07-24T00:00:00Z,3,80.5,0,1,0.5,65,75,70,25,35,30,45,55,50,0,1,0.5,,,,58.74999999999999,70.75,65
CP,439,1,1,2002,2002-07-24T00:00:00Z,7,43.5,0,1,0.5,45,55,50,0,1,0.5,95,100,97.5,0,1,0.5,,,,95,100,97.5125
CP,440,1,1,2002,2002-07-24T00:00:00Z,9,13,0,1,0.5,10,15,12.5,0,1,0.5,85,95,90,0,1,0.5,,,,85,95.04999999999998,90.05000000000001
CP,441,1,1,2002,2002-07-24T00:00:00Z,5,93.5,0,1,0.5,75,85,80,3,5,4,65,75,70,0,1,0.5,,,,66.05000000000001,76.25,71.2
CP,442,1,1,2002,2002-07-24T00:00:00Z,5,95,0,1,0.5,75,85,80,10,15,12.5,75,85,80,0,1,0.5,,,,77.5,87.25,82.5
CP,443,1,1,2002,2002-07-24T00:00:00Z,11,23,0,1,0.5,15,25,20,3,5,4,85,95,90,0,1,0.5,,,,85.45,95.24999999999999,90.4
CP,444,1,1,2002,2002-07-24T00:00:00Z,7,98,0,1,0.5,85,95,90,15,25,20,75,85,80,0,1,0.5,,,,78.75,88.75,84.00000000000001
CP,445,1,1,2002,2002-07-24T00:00:00Z,12,39,0,1,0.5,25,35,30,5,10,7.5,85,95,90,0,1,0.5,,,,85.75,95.5,90.75
CP,446,1,1,2002,2002-07-24T00:00:00Z,13,84,0,1,0.5,85,95,90,15,25,20,75,85,80,0,1,0.5,,,,78.75,88.75,84.00000000000001
CP,447,1,1,2002,2002-07-24T00:00:00Z,10,102,0,1,0.5,95,100,97.5,15,25,20,65,75,70,0,1,0.5,,,,70.25,81.25,76
CP,448,1,1,2002,2002-07-24T00:00:00Z,11,10,0,1,0.5,3,5,4,5,10,7.5,85,95,90,0,1,0.5,,,,85.75,95.5,90.75
CP,449,1,1,2002,2002-07-24T00:00:00Z,12,16,0,1,0.5,10,15,12.5,15,25,20,85,95,90,0,1,0.5,,,,87.25,96.24999999999999,92
CP,450,1,1,2002,2002-07-24T00:00:00Z,10,66,1,3,2,55,65,60,3,5,4,65,75,70,0,1,0.5,,,,66.05000000000001,76.25,71.2
CP,451,1,1,2002,2002-07-24T00:00:00Z,4,141,0,1,0.5,95,100,97.5,35,45,40,35,45,40,0,1,0.5,,,,57.74999999999999,69.75,64
CP,452,1,1,2002,2002-07-24T00:00:00Z,7,36.5,0,1,0.5,45,55,50,15,25,20,75,85,80,0,1,0.5,,,,78.75,88.75,84.00000000000001
CP,453,1,1,2002,2002-07-24T00:00:00Z,3,137.5,0,1,0.5,95,100,97.5,0,1,0.5,45,55,50,0,1,0.5,,,,44.99999999999999,55.45,50.24999999999999
CP,454,1,1,2002,2002-07-24T00:00:00Z,12,47,0,1,0.5,35,45,40,35,45,40,95,100,97.5,0,1,0.5,,,,96.75,100,98.5
CP,455,1,1,2002,2002-07-24T00:00:00Z,6,3,0,1,0.5,0,1,0.5,0,1,0.5,85,95,90,0,1,0.5,,,,85,95.04999999999998,90.05000000000001
CP,456,1,1,2002,2002-07-24T00:00:00Z,7,33,0,1,0.5,25,35,30,0,1,0.5,95,100,97.5,0,1,0.5,,,,95,100,97.5125
CP,457,1,1,2002,2002-07-24T00:00:00Z,7,24.5,0,1,0.5,15,25,20,0,1,0.5,85,95,90,0,1,0.5,,,,85,95.04999999999998,90.05000000000001
CP,458,1,1,2002,2002-07-24T00:00:00Z,8,11,0,1,0.5,5,10,7.5,10,15,12.5,45,55,50,0,1,0.5,,,,50.499999999999986,61.75000000000001,56.25
CP,459,1,1,2002,2002-07-24T00:00:00Z,3,92.5,0,1,0.5,85,95,90,0,1,0.5,85,95,90,0,1,0.5,,,,85,95.04999999999998,90.05000000000001
CP,460,1,1,2002,2002-07-24T00:00:00Z,9,27,0,1,0.5,15,25,20,5,10,7.5,85,95,90,0,1,0.5,,,,85.75,95.5,90.75
CP,461,1,1,2002,2002-07-24T00:00:00Z,2,72,0,1,0.5,65,75,70,10,15,12.5,75,85,80,0,1,0.5,,,,77.5,87.25,82.5
CP,462,1,1,2002,2002-07-24T00:00:00Z,4,15.5,0,1,0.5,15,25,20,0,1,0.5,85,95,90,0,1,0.5,,,,85,95.04999999999998,90.05000000000001
CP,463,1,1,2002,2002-07-24T00:00:00Z,8,16,0,1,0.5,10,15,12.5,0,1,0.5,95,100,97.5,0,1,0.5,,,,95,100,97.5125
CP,464,1,1,2002,2002-07-24T00:00:00Z,2,99.5,0,1,0.5,95,100,97.5,0,1,0.5,15,25,20,0,1,0.5,,,,15.000000000000002,25.750000000000007,20.399999999999995
CP,465,1,1,2002,2002-07-24T00:00:00Z,3,3,0,1,0.5,1,3,2,0,1,0.5,85,95,90,0,1,0.5,,,,85,95.04999999999998,90.05000000000001
CP,466,1,1,2002,2002-07-24T00:00:00Z,5,79,0,1,0.5,65,75,70,1,3,2,75,85,80,0,1,0.5,,,,75.25,85.45,80.4
CP,467,1,1,2002,2002-07-24T00:00:00Z,6,6.5,0,1,0.5,25,35,30,3,5,4,85,95,90,0,1,0.5,,,,85.45,95.24999999999999,90.4
CP,468,1,1,2002,2002-07-24T00:00:00Z,5,100.5,0,1,0.5,85,95,90,5,10,7.5,65,75,70,0,1,0.5,,,,66.75,77.5,72.24999999999999
CP,469,1,1,2002,2002-07-24T00:00:00Z,4,131,1,3,2,95,100,97.5,5,10,7.5,10,15,12.5,0,1,0.5,,,,14.500000000000002,23.5,19.062499999999993
CP,470,1,1,2002,2002-07-24T00:00:00Z,14,117.5,1,3,2,85,95,90,5,10,7.5,75,85,80,0,1,0.5,,,,76.25,86.5,81.5
CP,471,1,1,2002,2002-07-24T00:00:00Z,7,115.5,0,1,0.5,85,95,90,10,15,12.5,45,55,50,0,1,0.5,,,,50.499999999999986,61.75000000000001,56.25
CP,472,1,1,2002,2002-07-24T00:00:00Z,8,9,0,1,0.5,5,10,7.5,3,5,4,85,95,90,0,1,0.5,,,,85.45,95.24999999999999,90.4
CP,473,1,1,2002,2002-07-24T00:00:00Z,10,29.5,0,1,0.5,25,35,30,5,10,7.5,85,95,90,0,1,0.5,,,,85.75,95.5,90.75
CP,474,1,1,2002,2002-07-24T00:00:00Z,2,72,0,1,0.5,65,75,70,15,25,20,75,85,80,0,1,0.5,,,,78.75,88.75,84.00000000000001
CP,475,1,1,2002,2002-07-24T00:00:00Z,12,94,1,3,2,85,95,90,0,1,0.5,0,1,0.5,0,1,0.5,,,,0,1.9900000000000029,0.9974999999999956
CP,476,1,1,2002,2002-07-24T00:00:00Z,10,58.5,0,1,0.5,45,55,50,15,25,20,85,95,90,0,1,0.5,,,,87.25,96.24999999999999,92
CP,477,1,1,2002,2002-07-24T00:00:00Z,7,7,0,1,0.5,3,5,4,1,3,2,95,100,97.5,0,1,0.5,,,,95.04999999999998,100,97.55
CP,478,1,1,2002,2002-07-24T00:00:00Z,2,110,0,1,0.5,95,100,97.5,25,35,30,55,65,60,0,1,0.5,,,,66.25000000000001,77.25,72
CP,479,1,1,2002,2002-07-24T00:00:00Z,8,40.5,0,1,0.5,35,45,40,25,35,30,75,85,80,0,1,0.5,,,,81.25,90.25,86.00000000000001
CP,480,1,1,2002,2002-07-24T00:00:00Z,10,33,0,1,0.5,25,35,30,95,100,97.5,35,45,40,0,1,0.5,,,,96.75,100,98.5
CP,481,1,1,2002,2002-07-24T00:00:00Z,7,28,0,1,0.5,25,35,30,45,55,50,85,95,90,0,1,0.5,,,,91.75,97.75,95
CP,483,1,1,2002,2002-07-24T00:00:00Z,10,32,0,1,0.5,25,35,30,5,10,7.5,95,100,97.5,0,1,0.5,,,,95.24999999999999,100,97.6875
CP,484,1,1,2002,2002-07-24T00:00:00Z,3,134,0,1,0.5,95,100,97.5,15,25,20,25,35,30,0,1,0.5,,,,36.25000000000001,51.24999999999999,44.00000000000001
CP,485,1,1,2002,2002-07-24T00:00:00Z,8,7.5,0,1,0.5,3,5,4,0,1,0.5,95,100,97.5,0,1,0.5,,,,95,100,97.5125
CP,486,1,1,2002,2002-07-24T00:00:00Z,17,51,0,1,0.5,55,65,60,35,45,40,55,65,60,0,1,0.5,,,,70.75,80.75,76
CP,487,1,1,2002,2002-07-24T00:00:00Z,3,94.5,0,1,0.5,95,100,97.5,1,3,2,65,75,70,0,1,0.5,,,,65.35,75.75,70.6
CP,488,1,1,2002,2002-07-24T00:00:00Z,5,101.5,0,1,0.5,85,95,90,1,3,2,65,75,70,0,1,0.5,,,,65.35,75.75,70.6
CP,489,1,1,2002,2002-07-24T00:00:00Z,11,90,0,1,0.5,85,95,90,65,75,70,55,65,60,0,1,0.5,,,,84.25,91.25,88
CP,490,1,1,2002,2002-07-24T00:00:00Z,20,51,1,3,2,45,55,50,85,95,90,55,65,60,0,1,0.5,,,,93.25,98.25,96
CP,491,1,1,2002,2002-07-24T00:00:00Z,15,98.5,0,1,0.5,85,95,90,1,3,2,85,95,90,0,1,0.5,,,,85.14999999999999,95.15,90.2
CP,492,1,1,2002,2002-07-24T00:00:00Z,19,59,1,3,2,55,65,60,25,35,30,85,95,90,0,1,0.5,,,,88.75,96.75,93
CP,493,1,1,2002,2002-07-24T00:00:00Z,20,82,1,3,2,75,85,80,15,25,20,85,95,90,0,1,0.5,,,,87.25,96.24999999999999,92
CP,494,1,1,2002,2002-07-24T00:00:00Z,8,53.5,0,1,0.5,55,65,60,5,10,7.5,95,100,97.5,0,1,0.5,,,,95.24999999999999,100,97.6875
CP,495,1,1,2002,2002-07-24T00:00:00Z,14,37.5,1,3,2,35,45,40,25,35,30,85,95,90,0,1,0.5,,,,88.75,96.75,93
CP,496,1,1,2002,2002-07-24T00:00:00Z,13,57.5,0,1,0.5,45,55,50,5,10,7.5,85,95,90,0,1,0.5,,,,85.75,95.5,90.75
CP,497,1,1,2002,2002-07-24T00:00:00Z,11,26.5,0,1,0.5,15,25,20,15,25,20,95,100,97.5,0,1,0.5,,,,95.75,100,98
CP,498,1,1,2002,2002-07-24T00:00:00Z,4,86.5,0,1,0.5,85,95,90,1,3,2,75,85,80,0,1,0.5,,,,75.25,85.45,80.4
CP,499,1,1,2002,2002-07-24T00:00:00Z,9,11.5,0,1,0.5,5,10,7.5,15,25,20,95,100,97.5,0,1,0.5,,,,95.75,100,98
CP,500,1,1,2002,2002-07-24T00:00:00Z,20,50,0,1,0.5,45,55,50,25,35,30,85,95,90,0,1,0.5,,,,88.75,96.75,93
CP,501,1,1,2002,2002-07-24T00:00:00Z,12,70,0,1,0.5,65,75,70,1,3,2,85,95,90,0,1,0.5,,,,85.14999999999999,95.15,90.2
CP,502,1,1,2002,2002-07-24T00:00:00Z,3,114,0,1,0.5,95,100,97.5,25,35,30,75,85,80,0,1,0.5,,,,81.25,90.25,86.00000000000001
CP,503,1,1,2002,2002-07-24T00:00:00Z,4,81,0,1,0.5,75,85,80,3,5,4,95,100,97.5,0,1,0.5,,,,95.15,100,97.6
CP,504,1,1,2002,2002-07-24T00:00:00Z,10,21.5,0,1,0.5,15,25,20,85,95,90,45,55,50,0,1,0.5,,,,91.75,97.75,95
CP,505,1,1,2002,2002-07-24T00:00:00Z,11,78,0,1,0.5,75,85,80,25,35,30,65,75,70,0,1,0.5,,,,73.75,83.75,79
CP,506,1,1,2002,2002-07-24T00:00:00Z,9,100.5,0,1,0.5,95,100,97.5,15,25,20,85,95,90,0,1,0.5,,,,87.25,96.24999999999999,92
CP,507,1,1,2002,2002-07-24T00:00:00Z,31,33.5,1,3,2,25,35,30,15,25,20,75,85,80,0,1,0.5,,,,78.75,88.75,84.00000000000001
CP,508,1,1,2002,2002-07-24T00:00:00Z,26,43.5,1,3,2,45,55,50,25,35,30,85,95,90,0,1,0.5,,,,88.75,96.75,93
CP,509,1,1,2002,2002-07-24T00:00:00Z,6,42.5,1,3,2,35,45,40,3,5,4,95,100,97.5,0,1,0.5,,,,95.15,100,97.6
CP,510,1,1,2002,2002-07-24T00:00:00Z,6,42.5,0,1,0.5,35,45,40,3,5,4,85,95,90,0,1,0.5,,,,85.45,95.24999999999999,90.4
CP,511,1,1,2002,2002-07-24T00:00:00Z,7,10.5,0,1,0.5,5,10,7.5,5,10,7.5,75,85,80,0,1,0.5,,,,76.25,86.5,81.5
CP,512,1,1,2002,2002-07-24T00:00:00Z,10,67.5,1,3,2,55,65,60,35,45,40,85,95,90,0,1,0.5,,,,90.25,97.24999999999999,94
CP,513,1,1,2002,2002-07-24T00:00:00Z,5,67,0,1,0.5,65,75,70,25,35,30,75,85,80,0,1,0.5,,,,81.25,90.25,86.00000000000001
CP,514,1,1,2002,2002-07-24T00:00:00Z,14,49,0,1,0.5,55,65,60,5,10,7.5,95,100,97.5,0,1,0.5,,,,95.24999999999999,100,97.6875
CP,515,1,1,2002,2002-07-24T00:00:00Z,7,81,0,1,0.5,75,85,80,0,1,0.5,85,95,90,0,1,0.5,,,,85,95.04999999999998,90.05000000000001
CP,516,1,1,2002,2002-07-24T00:00:00Z,6,6,0,1,0.5,1,3,2,1,3,2,95,100,97.5,0,1,0.5,,,,95.04999999999998,100,97.55
CP,517,1,1,2002,2002-07-24T00:00:00Z,17,51.5,1,3,2,35,45,40,15,25,20,85,95,90,0,1,0.5,,,,87.25,96.24999999999999,92
CP,518,1,1,2002,2002-07-24T00:00:00Z,12,80,0,1,0.5,65,75,70,15,25,20,75,85,80,0,1,0.5,,,,78.75,88.75,84.00000000000001
CP,519,1,1,2002,2002-07-24T00:00:00Z,15,109.5,1,3,2,85,95,90,10,15,12.5,45,55,50,0,1,0.5,,,,50.499999999999986,61.75000000000001,56.25
CP,520,1,1,2002,2002-07-24T00:00:00Z,16,72.5,55,65,60,55,65,60,3,5,4,75,85,80,0,1,0.5,,,,75.75,85.75,80.80000000000001
CP,521,1,1,2002,2002-07-24T00:00:00Z,16,39,1,3,2,35,45,40,5,10,7.5,85,95,90,0,1,0.5,,,,85.75,95.5,90.75
CP,522,1,1,2002,2002-07-24T00:00:00Z,13,29,1,3,2,25,35,30,5,10,7.5,85,95,90,0,1,0.5,,,,85.75,95.5,90.75
CP,523,1,1,2002,2002-07-24T00:00:00Z,12,68.5,3,5,4,55,65,60,5,10,7.5,55,65,60,0,1,0.5,,,,57.25,68.5,62.999999999999986
CP,701,1,1,2003,2003-09-04T00:00:00Z,13,38,3,5,4,25,35,30,,,,25,35,30,,,,,,,,,
CP,702,1,1,2003,2003-09-04T00:00:00Z,23,53.5,1,3,2,45,55,50,,,,75,85,80,,,,,,,,,
CP,703,1,1,2003,2003-09-04T00:00:00Z,4,41.5,10,15,12.5,35,45,40,,,,45,55,50,,,,,,,,,
CP,704,1,1,2003,2003-09-04T00:00:00Z,4,61.5,0,1,0.5,55,65,60,,,,55,65,60,,,,,,,,,
CP,705,1,1,2003,2003-09-04T00:00:00Z,5,42,0,1,0.5,45,55,50,,,,85,95,90,,,,,,,,,
CP,706,1,1,2003,2003-09-04T00:00:00Z,8,25,1,3,2,15,25,20,,,,35,45,40,,,,,,,,,
CP,707,1,1,2003,2003-09-04T00:00:00Z,5,83.5,0,1,0.5,75,85,80,,,,65,75,70,,,,,,,,,
CP,708,1,1,2003,2003-09-04T00:00:00Z,19,62,1,3,2,65,75,70,,,,55,65,60,,,,,,,,,
CP,709,1,1,2003,2003-09-04T00:00:00Z,11,50.5,15,25,20,35,45,40,,,,75,85,80,,,,,,,,,
CP,710,1,1,2003,2003-09-04T00:00:00Z,4,81.5,0,1,0.5,75,85,80,,,,75,85,80,,,,,,,,,
CP,711,1,1,2003,2003-09-04T00:00:00Z,26,53.5,0,1,0.5,25,35,30,,,,85,95,90,,,,,,,,,
CP,712,1,1,2003,2003-09-04T00:00:00Z,28,58.5,0,1,0.5,55,65,60,,,,65,75,70,,,,,,,,,
CP,713,1,1,2003,2003-09-04T00:00:00Z,9,18,15,25,20,10,15,12.5,,,,95,100,97.5,,,,,,,,,
CP,714,1,1,2003,2003-09-04T00:00:00Z,14,39.5,1,3,2,55,65,60,,,,85,95,90,,,,,,,,,
CP,715,1,1,2003,2003-09-04T00:00:00Z,10,55.5,10,15,12.5,55,65,60,,,,85,95,90,,,,,,,,,
CP,716,1,1,2003,2003-09-04T00:00:00Z,15,22.5,5,10,7.5,15,25,20,,,,95,100,97.5,,,,,,,,,
CP,717,1,1,2003,2003-09-04T00:00:00Z,11,70,35,45,40,55,65,60,,,,85,95,90,,,,,,,,,
CP,718,1,1,2003,2003-09-04T00:00:00Z,25,48.5,10,15,12.5,35,45,40,,,,75,85,80,,,,,,,,,
CP,719,1,1,2003,2003-09-04T00:00:00Z,6,64.5,1,3,2,55,65,60,,,,75,85,80,,,,,,,,,
CP,720,1,1,2003,2003-09-04T00:00:00Z,6,16.5,5,10,7.5,10,15,12.5,,,,55,65,60,,,,,,,,,
CP,721,1,1,2003,2003-09-04T00:00:00Z,6,34,5,10,7.5,25,35,30,,,,55,65,60,,,,,,,,,
CP,722,1,1,2003,2003-09-04T00:00:00Z,9,50.5,0,1,0.5,45,55,50,,,,65,75,70,,,,,,,,,
CP,723,1,1,2003,2003-09-04T00:00:00Z,6,42.5,1,3,2,35,45,40,,,,55,65,60,,,,,,,,,
CP,724,1,1,2003,2003-09-04T00:00:00Z,16,67,1,3,2,65,75,70,,,,85,95,90,,,,,,,,,
CP,725,1,1,2003,2003-09-04T00:00:00Z,19,75,0,1,0.5,65,75,70,,,,75,85,80,,,,,,,,,
CP,726,1,1,2003,2003-09-04T00:00:00Z,9,45.5,1,3,2,45,55,50,,,,75,85,80,,,,,,,,,
CP,727,1,1,2003,2003-09-04T00:00:00Z,8,23.5,0,1,0.5,15,25,20,,,,85,95,90,,,,,,,,,
CP,728,1,1,2003,2003-09-04T00:00:00Z,11,70,0,1,0.5,65,75,70,,,,65,75,70,,,,,,,,,
CP,729,1,1,2003,2003-09-04T00:00:00Z,16,64.5,0,1,0.5,55,65,60,,,,75,85,80,,,,,,,,,
CP,730,1,1,2003,2003-09-04T00:00:00Z,22,62,1,3,2,55,65,60,,,,55,65,60,,,,,,,,,
CP,731,1,1,2003,2003-09-04T00:00:00Z,9,29,0,1,0.5,25,35,30,,,,85,95,90,,,,,,,,,
CP,732,1,1,2003,2003-09-04T00:00:00Z,5,52,0,1,0.5,45,55,50,,,,95,100,97.5,,,,,,,,,
CP,733,1,1,2003,2003-09-04T00:00:00Z,9,34,1,3,2,25,35,30,,,,95,100,97.5,,,,,,,,,
CP,734,1,1,2003,2003-09-04T00:00:00Z,11,35,0,1,0.5,25,35,30,,,,85,95,90,,,,,,,,,
CP,735,1,1,2003,2003-09-04T00:00:00Z,13,27.5,3,5,4,15,25,20,,,,95,100,97.5,,,,,,,,,
CP,736,1,1,2003,2003-09-04T00:00:00Z,10,27.5,0,1,0.5,25,35,30,,,,85,95,90,,,,,,,,,
CP,737,1,1,2003,2003-09-04T00:00:00Z,17,34,5,10,7.5,25,35,30,,,,85,95,90,,,,,,,,,
CP,738,1,1,2003,2003-09-04T00:00:00Z,9,25,1,3,2,25,35,30,,,,75,85,80,,,,,,,,,
CP,739,1,1,2003,2003-09-04T00:00:00Z,10,15,5,10,7.5,10,15,12.5,,,,75,85,80,,,,,,,,,
CP,740,1,1,2003,2003-09-04T00:00:00Z,7,8.5,0,1,0.5,10,15,12.5,,,,65,75,70,,,,,,,,,
CP,741,1,1,2003,2003-09-04T00:00:00Z,17,103,0,1,0.5,95,100,97.5,,,,10,15,12.5,,,,,,,,,
CP,742,1,1,2003,2003-09-04T00:00:00Z,12,35.5,0,1,0.5,35,45,40,,,,85,95,90,,,,,,,,,
CP,743,1,1,2003,2003-09-04T00:00:00Z,22,116,0,1,0.5,95,100,97.5,,,,3,5,4,,,,,,,,,
CP,744,1,1,2003,2003-09-04T00:00:00Z,27,122,0,1,0.5,95,100,97.5,,,,35,45,40,,,,,,,,,
CP,745,1,1,2003,2003-09-04T00:00:00Z,39,25.5,1,3,2,35,45,40,,,,65,75,70,,,,,,,,,
CP,746,1,1,2003,2003-09-04T00:00:00Z,9,25.5,1,3,2,25,35,30,,,,85,95,90,,,,,,,,,
CP,747,1,1,2003,2003-09-04T00:00:00Z,5,63.5,0,1,0.5,55,65,60,,,,85,95,90,,,,,,,,,
CP,748,1,1,2003,2003-09-04T00:00:00Z,3,54.5,0,1,0.5,55,65,60,,,,65,75,70,,,,,,,,,
CP,749,1,1,2003,2003-09-04T00:00:00Z,34,41.5,0,1,0.5,35,45,40,,,,55,65,60,,,,,,,,,
CP,750,1,1,2003,2003-09-04T00:00:00Z,15,58.5,3,5,4,55,65,60,,,,85,95,90,,,,,,,,,
CP,751,1,1,2003,2003-09-04T00:00:00Z,5,6,0,1,0.5,3,5,4,,,,95,100,97.5,,,,,,,,,
CP,752,1,1,2003,2003-09-04T00:00:00Z,11,26.5,1,3,2,25,35,30,,,,75,85,80,,,,,,,,,
CP,753,1,1,2003,2003-09-04T00:00:00Z,9,64,0,1,0.5,45,55,50,,,,75,85,80,,,,,,,,,
CP,754,1,1,2003,2003-09-04T00:00:00Z,10,72,0,1,0.5,65,75,70,,,,35,45,40,,,,,,,,,
CP,755,1,1,2003,2003-09-04T00:00:00Z,37,55,0,1,0.5,25,35,30,,,,75,85,80,,,,,,,,,
CP,756,1,1,2003,2003-09-04T00:00:00Z,19,44,0,1,0.5,35,45,40,,,,75,85,80,,,,,,,,,
CP,757,1,1,2003,2003-09-04T00:00:00Z,28,73,0,1,0.5,75,85,80,,,,55,65,60,,,,,,,,,
CP,758,1,1,2003,2003-09-04T00:00:00Z,30,84.5,3,5,4,75,85,80,,,,55,65,60,,,,,,,,,
CP,759,1,1,2003,2003-09-04T00:00:00Z,6,54,1,3,2,45,55,50,,,,55,65,60,,,,,,,,,
CP,760,1,1,2003,2003-09-04T00:00:00Z,6,18.5,1,3,2,10,15,12.5,,,,65,75,70,,,,,,,,,
CP,761,1,1,2003,2003-09-04T00:00:00Z,21,27.5,1,3,2,25,35,30,,,,85,95,90,,,,,,,,,
CP,762,1,1,2003,2003-09-04T00:00:00Z,12,12,5,10,7.5,3,5,4,,,,95,100,97.5,,,,,,,,,
CP,763,1,1,2003,2003-09-04T00:00:00Z,13,67,45,55,50,75,85,80,,,,85,95,90,,,,,,,,,
CP,764,1,1,2003,2003-09-04T00:00:00Z,22,34.5,0,1,0.5,35,45,40,,,,55,65,60,,,,,,,,,
CP,765,1,1,2003,2003-09-04T00:00:00Z,37,71,15,25,20,65,75,70,,,,55,65,60,,,,,,,,,
CP,766,1,1,2003,2003-09-04T00:00:00Z,10,97,0,1,0.5,95,100,97.5,,,,75,85,80,,,,,,,,,
CP,767,1,1,2003,2003-09-04T00:00:00Z,23,71,1,3,2,55,65,60,,,,75,85,80,,,,,,,,,
CP,768,1,1,2003,2003-09-04T00:00:00Z,21,51.5,1,3,2,55,65,60,,,,75,85,80,,,,,,,,,
CP,801,1,1,2004,2004-04-05T00:00:00Z,16,127,0,1,0.5,85,95,90,0,1,0.5,95,100,97.5,,,,,,,95,100,97.5125
CP,802,1,1,2004,2004-05-12T00:00:00Z,14,80.5,0,1,0.5,65,75,70,0,1,0.5,85,95,90,,,,,,,85,95.04999999999998,90.05000000000001
CP,803,1,1,2004,2004-05-05T00:00:00Z,22,73.5,0,1,0.5,65,75,70,1,3,2,95,100,97.5,,,,,,,95.04999999999998,100,97.55
CP,804,1,1,2004,2004-05-05T00:00:00Z,17,92,0,1,0.5,65,75,70,1,3,2,85,95,90,,,,,,,85.14999999999999,95.15,90.2
CP,805,1,1,2004,2004-04-05T00:00:00Z,10,118.5,0,1,0.5,95,100,97.5,25,35,30,85,95,90,,,,,,,88.75,96.75,93
CP,806,1,1,2004,2004-05-05T00:00:00Z,12,81.5,0,1,0.5,65,75,70,1,3,2,95,100,97.5,,,,,,,95.04999999999998,100,97.55
CP,807,1,1,2004,2004-04-05T00:00:00Z,7,148,0,1,0.5,95,100,97.5,25,35,30,75,85,80,,,,,,,81.25,90.25,86.00000000000001
CP,808,1,1,2004,2004-05-12T00:00:00Z,9,101.5,0,1,0.5,95,100,97.5,35,45,40,85,95,90,,,,,,,90.25,97.24999999999999,94
CP,809,1,1,2004,2004-05-05T00:00:00Z,11,103,0,1,0.5,95,100,97.5,65,75,70,65,75,70,,,,,,,87.75,93.75,90.99999999999999
CP,810,1,1,2004,2004-04-05T00:00:00Z,16,71,0,1,0.5,55,65,60,10,15,12.5,75,85,80,,,,,,,77.5,87.25,82.5
CP,811,1,1,2004,2004-05-05T00:00:00Z,13,113.5,0,1,0.5,85,95,90,45,55,50,25,35,30,,,,,,,58.74999999999999,70.75,65
CP,812,1,1,2004,2004-05-05T00:00:00Z,12,85.5,0,1,0.5,75,85,80,75,85,80,55,65,60,,,,,,,88.75,94.75,92
CP,813,1,1,2004,2004-04-05T00:00:00Z,12,127.5,0,1,0.5,95,100,97.5,15,25,20,75,85,80,,,,,,,78.75,88.75,84.00000000000001
CP,814,1,1,2004,2004-05-05T00:00:00Z,13,110.5,0,1,0.5,95,100,97.5,10,15,12.5,65,75,70,,,,,,,68.5,78.75,73.75
CP,815,1,1,2004,2004-04-05T00:00:00Z,13,83.5,0,1,0.5,65,75,70,25,35,30,85,95,90,,,,,,,88.75,96.75,93
CP,816,1,1,2004,2004-04-05T00:00:00Z,15,21,0,1,0.5,15,25,20,15,25,20,75,85,80,,,,,,,78.75,88.75,84.00000000000001
CP,817,1,1,2004,2004-05-06T00:00:00Z,11,39.5,0,1,0.5,35,45,40,55,65,60,65,75,70,,,,,,,84.25,91.25,88
CP,818,1,1,2004,2004-05-11T00:00:00Z,13,118,0,1,0.5,95,100,97.5,3,5,4,65,75,70,,,,,,,66.05000000000001,76.25,71.2
CP,819,1,1,2004,2004-05-06T00:00:00Z,11,58,0,1,0.5,55,65,60,35,45,40,65,75,70,,,,,,,77.25,86.25,82
CP,820,1,1,2004,2004-05-06T00:00:00Z,11,78.5,0,1,0.5,75,85,80,55,65,60,65,75,70,,,,,,,84.25,91.25,88
CP,821,1,1,2004,2004-05-11T00:00:00Z,16,62.5,0,1,0.5,55,65,60,1,3,2,75,85,80,,,,,,,75.25,85.45,80.4
CP,822,1,1,2004,2004-05-06T00:00:00Z,12,44,0,1,0.5,45,55,50,75,85,80,75,85,80,,,,,,,93.75,97.75,96
CP,823,1,1,2004,2004-05-11T00:00:00Z,5,6,0,1,0.5,3,5,4,0,1,0.5,95,100,97.5,,,,,,,95,100,97.5125
CP,824,1,1,2004,2004-05-06T00:00:00Z,14,49.5,0,1,0.5,45,55,50,85,95,90,85,95,90,,,,,,,97.75,99.75,99
CP,825,1,1,2004,2004-05-11T00:00:00Z,23,33,1,3,2,45,55,50,25,35,30,65,75,70,,,,,,,73.75,83.75,79
CP,826,1,1,2004,2004-05-11T00:00:00Z,7,24,0,1,0.5,25,35,30,1,3,2,95,100,97.5,,,,,,,95.04999999999998,100,97.55
CP,827,1,1,2004,2004-05-06T00:00:00Z,10,47.5,0,1,0.5,45,55,50,45,55,50,85,95,90,,,,,,,91.75,97.75,95
CP,828,1,1,2004,2004-05-11T00:00:00Z,6,27,0,1,0.5,15,25,20,0,1,0.5,95,100,97.5,,,,,,,95,100,97.5125
CP,829,1,1,2004,2004-05-11T00:00:00Z,14,66.5,0,1,0.5,75,85,80,35,45,40,85,95,90,,,,,,,90.25,97.24999999999999,94
CP,830,1,1,2004,2004-05-11T00:00:00Z,5,83.5,0,1,0.5,75,85,80,75,85,80,95,100,97.5,,,,,,,98.75,100,99.5
CP,831,1,1,2004,2004-05-11T00:00:00Z,6,10,0,1,0.5,5,10,7.5,0,1,0.5,95,100,97.5,,,,,,,95,100,97.5125
CP,832,1,1,2004,2004-05-11T00:00:00Z,9,25.5,0,1,0.5,15,25,20,0,1,0.5,95,100,97.5,,,,,,,95,100,97.5125
CP,833,1,1,2004,2004-05-11T00:00:00Z,9,108.5,1,3,2,95,100,97.5,55,65,60,65,75,70,,,,,,,84.25,91.25,88
CP,841,1,1,2005,2005-06-22T00:00:00Z,28,127,0,1,0.5,55,65,60,25,35,30,75,85,80,0,1,0.5,,,,81.25,90.25,86.00000000000001
CP,842,1,1,2005,2005-06-21T00:00:00Z,33,101,0,1,0.5,45,55,50,55,65,60,35,45,40,0,1,0.5,,,,70.75,80.75,76
CP,843,1,1,2005,2005-06-22T00:00:00Z,13,176.5,0,1,0.5,3,5,4,1,3,2,95,100,97.5,0,1,0.5,,,,95.04999999999998,100,97.55
CP,844,1,1,2005,2005-06-22T00:00:00Z,34,161.5,0,1,0.5,65,75,70,3,5,4,65,75,70,0,1,0.5,,,,66.05000000000001,76.25,71.2
CP,845,1,1,2005,2005-06-22T00:00:00Z,25,228.5,1,3,2,55,65,60,0,1,0.5,95,100,97.5,0,1,0.5,,,,95,100,97.5125
CP,846,1,1,2005,2005-06-22T00:00:00Z,10,171.5,0,1,0.5,1,3,2,0,1,0.5,95,100,97.5,0,1,0.5,,,,95,100,97.5125
CP,847,1,1,2005,2005-06-21T00:00:00Z,22,161.5,0,1,0.5,85,95,90,45,55,50,75,85,80,0,1,0.5,,,,86.25,93.25,90
CP,848,1,1,2005,2005-06-22T00:00:00Z,7,170,0,1,0.5,1,3,2,0,1,0.5,95,100,97.5,0,1,0.5,,,,95,100,97.5125
CP,849,1,1,2005,2005-06-22T00:00:00Z,25,288.5,0,1,0.5,85,95,90,15,25,20,85,95,90,0,1,0.5,,,,87.25,96.24999999999999,92
CP,850,1,1,2005,2005-06-21T00:00:00Z,19,183,0,1,0.5,85,95,90,45,55,50,75,85,80,0,1,0.5,,,,86.25,93.25,90
CP,851,1,1,2005,2005-06-21T00:00:00Z,32,83.5,0,1,0.5,65,75,70,1,3,2,85,95,90,0,1,0.5,,,,85.14999999999999,95.15,90.2
CP,852,1,1,2005,2005-06-21T00:00:00Z,10,171.5,0,1,0.5,1,3,2,0,1,0.5,95,100,97.5,0,1,0.5,,,,95,100,97.5125
CP,853,1,1,2005,2005-06-22T00:00:00Z,9,161,0,1,0.5,1,3,2,0,1,0.5,95,100,97.5,0,1,0.5,,,,95,100,97.5125
CP,854,1,1,2005,2005-06-21T00:00:00Z,9,105,0,1,0.5,95,100,97.5,10,15,12.5,85,95,90,0,1,0.5,,,,86.5,95.75,91.25
CP,855,1,1,2005,2005-06-20T00:00:00Z,12,166.5,0,1,0.5,15,25,20,10,15,12.5,85,95,90,0,1,0.5,,,,86.5,95.75,91.25
CP,856,1,1,2005,2005-06-21T00:00:00Z,15,199,0,1,0.5,5,10,7.5,0,1,0.5,95,100,97.5,0,1,0.5,,,,95,100,97.5125
CP,857,1,1,2005,2005-06-21T00:00:00Z,22,144,0,1,0.5,95,100,97.5,25,35,30,25,35,30,0,1,0.5,,,,43.75,57.74999999999999,51
CP,858,1,1,2005,2005-06-21T00:00:00Z,11,50,0,1,0.5,15,25,20,0,1,0.5,95,100,97.5,0,1,0.5,,,,95,100,97.5125
CP,859,1,1,2005,2005-06-21T00:00:00Z,17,98,0,1,0.5,35,45,40,15,25,20,95,100,97.5,0,1,0.5,,,,95.75,100,98
CP,860,1,1,2005,2005-06-20T00:00:00Z,27,83,0,1,0.5,25,35,30,3,5,4,85,95,90,0,1,0.5,,,,85.45,95.24999999999999,90.4
CP,861,1,1,2005,2005-06-21T00:00:00Z,24,110.5,1,3,2,95,100,97.5,10,15,12.5,95,100,97.5,0,1,0.5,,,,95.5,100,97.8125
CP,862,1,1,2005,2005-06-21T00:00:00Z,28,150.5,0,1,0.5,95,100,97.5,3,5,4,15,25,20,0,1,0.5,,,,17.549999999999997,28.750000000000007,23.2
CP,863,1,1,2005,2005-06-20T00:00:00Z,21,202.5,0,1,0.5,85,95,90,1,3,2,95,100,97.5,0,1,0.5,,,,95.04999999999998,100,97.55
CP,864,1,1,2005,2005-06-20T00:00:00Z,20,242.5,0,1,0.5,75,85,80,10,15,12.5,85,95,90,0,1,0.5,,,,86.5,95.75,91.25
CP,865,1,1,2005,2005-06-20T00:00:00Z,13,267.5,0,1,0.5,55,65,60,5,10,7.5,85,95,90,0,1,0.5,,,,85.75,95.5,90.75
CP,866,1,1,2005,2005-06-20T00:00:00Z,20,189,0,1,0.5,15,25,20,45,55,50,75,85,80,0,1,0.5,,,,86.25,93.25,90
CP,867,1,1,2005,2005-06-15T00:00:00Z,16,87.5,0,1,0.5,35,45,40,15,25,20,75,85,80,0,1,0.5,,,,78.75,88.75,84.00000000000001
CP,868,1,1,2005,2005-06-20T00:00:00Z,13,97,0,1,0.5,15,25,20,25,35,30,55,65,60,0,1,0.5,,,,66.25000000000001,77.25,72
CP,869,1,1,2005,2005-06-20T00:00:00Z,13,200,0,1,0.5,25,35,30,25,35,30,85,95,90,0,1,0.5,,,,88.75,96.75,93
CP,870,1,1,2005,2005-06-20T00:00:00Z,18,211.5,1,3,2,45,55,50,25,35,30,85,95,90,0,1,0.5,,,,88.75,96.75,93
CP,871,1,1,2005,2005-06-15T00:00:00Z,16,168.5,0,1,0.5,25,35,30,3,5,4,85,95,90,0,1,0.5,,,,85.45,95.24999999999999,90.4
CP,872,1,1,2005,2005-06-15T00:00:00Z,19,186.5,0,1,0.5,35,45,40,15,25,20,85,95,90,0,1,0.5,,,,87.25,96.24999999999999,92
CP,873,1,1,2005,2005-06-16T00:00:00Z,22,188.5,0,1,0.5,25,35,30,10,15,12.5,85,95,90,0,1,0.5,,,,86.5,95.75,91.25
CP,874,1,1,2005,2005-06-15T00:00:00Z,23,219,0,1,0.5,45,55,50,1,3,2,85,95,90,0,1,0.5,,,,85.14999999999999,95.15,90.2
CP,875,1,1,2005,2005-05-16T00:00:00Z,23,203,1,3,2,45,55,50,25,35,30,75,85,80,0,1,0.5,,,,81.25,90.25,86.00000000000001
CP,876,1,1,2005,2005-03-22T00:00:00Z,32,142.5,0,1,0.5,85,95,90,1,3,2,95,100,97.5,0,1,0.5,,,,95.04999999999998,100,97.55
CP,877,1,1,2005,2005-06-15T00:00:00Z,13,134,0,1,0.5,45,55,50,1,3,2,85,95,90,0,1,0.5,,,,85.14999999999999,95.15,90.2
CP,878,1,1,2005,2005-06-16T00:00:00Z,16,192.5,0,1,0.5,35,45,40,1,3,2,95,100,97.5,0,1,0.5,,,,95.04999999999998,100,97.55
CP,879,1,1,2005,2005-06-14T00:00:00Z,25,179,0,1,0.5,95,100,97.5,10,15,12.5,85,95,90,0,1,0.5,,,,86.5,95.75,91.25
CP,880,1,1,2005,2005-06-15T00:00:00Z,26,159.5,0,1,0.5,25,35,30,10,15,12.5,85,95,90,0,1,0.5,,,,86.5,95.75,91.25
CP,881,1,1,2005,2005-06-15T00:00:00Z,20,150,0,1,0.5,85,95,90,5,10,7.5,85,95,90,0,1,0.5,,,,85.75,95.5,90.75
CP,882,1,1,2005,2005-06-14T00:00:00Z,21,109.5,0,1,0.5,85,95,90,15,25,20,85,95,90,0,1,0.5,,,,87.25,96.24999999999999,92
CP,883,1,1,2005,2005-06-14T00:00:00Z,25,209.5,0,1,0.5,55,65,60,5,10,7.5,95,100,97.5,0,1,0.5,,,,95.24999999999999,100,97.6875
CP,884,1,1,2005,2005-05-16T00:00:00Z,28,175,1,3,2,95,100,97.5,65,75,70,65,75,70,0,1,0.5,,,,87.75,93.75,90.99999999999999
CP,885,1,1,2005,2005-06-14T00:00:00Z,13,108.5,0,1,0.5,25,35,30,3,5,4,85,95,90,0,1,0.5,,,,85.45,95.24999999999999,90.4
CP,886,1,1,2005,2005-06-14T00:00:00Z,30,226.5,1,3,2,85,95,90,10,15,12.5,95,100,97.5,0,1,0.5,,,,95.5,100,97.8125
CP,887,1,1,2005,2005-06-14T00:00:00Z,19,143.5,0,1,0.5,85,95,90,1,3,2,85,95,90,0,1,0.5,,,,85.14999999999999,95.15,90.2
CP,888,1,1,2006,2006-05-16T00:00:00Z,26,116,5,10,7.5,75,85,80,55,65,60,65,75,70,0,1,0.5,,,,84.25,91.25,88
CP,889,1,1,2005,2005-06-14T00:00:00Z,21,116,0,1,0.5,75,85,80,25,35,30,75,85,80,0,1,0.5,,,,81.25,90.25,86.00000000000001
CP,890,1,1,2005,2005-06-15T00:00:00Z,15,89,0,1,0.5,25,35,30,15,25,20,85,95,90,0,1,0.5,,,,87.25,96.24999999999999,92
CP,901,1,1,2006,2006-06-12T00:00:00Z,33,54,0,1,0.5,35,45,40,35,45,40,65,75,70,0,1,0.5,,,,77.25,86.25,82
CP,902,1,1,2006,2006-06-12T00:00:00Z,22,40.5,0,1,0.5,25,35,30,25,35,30,45,55,50,0,1,0.5,,,,58.74999999999999,70.75,65
CP,903,1,1,2006,2006-06-12T00:00:00Z,28,104,0,1,0.5,25,35,30,35,45,40,75,85,80,0,1,0.5,,,,83.75,91.75,88
CP,904,1,1,2006,2006-06-07T00:00:00Z,19,11,3,5,4,1,3,2,3,5,4,95,100,97.5,0,1,0.5,,,,95.15,100,97.6
CP,905,1,1,2006,2006-06-12T00:00:00Z,16,8,3,5,4,0,1,0.5,1,3,2,85,95,90,0,1,0.5,,,,85.14999999999999,95.15,90.2
CP,906,1,1,2006,2006-06-12T00:00:00Z,24,15,1,3,2,10,15,12.5,75,85,80,85,95,90,0,1,0.5,,,,96.25,99.25,98
CP,907,1,1,2006,2006-06-12T00:00:00Z,22,131,0,1,0.5,55,65,60,65,75,70,55,65,60,0,1,0.5,,,,84.25,91.25,88
CP,908,1,1,2006,2006-05-24T00:00:00Z,24,104.5,1,3,2,75,85,80,10,15,12.5,85,95,90,0,1,0.5,,,,86.5,95.75,91.25
CP,909,1,1,2006,2006-06-07T00:00:00Z,11,107.5,0,1,0.5,85,95,90,25,35,30,35,45,40,0,1,0.5,,,,51.24999999999999,64.25,58.00000000000001
CP,910,1,1,2006,2006-06-07T00:00:00Z,22,12.5,0,1,0.5,3,5,4,0,1,0.5,95,100,97.5,0,1,0.5,,,,95,100,97.5125
CP,911,1,1,2006,2006-06-12T00:00:00Z,17,8.5,0,1,0.5,0,1,0.5,0,1,0.5,85,95,90,0,1,0.5,,,,85,95.04999999999998,90.05000000000001
CP,912,1,1,2006,2006-06-26T00:00:00Z,26,88,0,1,0.5,35,45,40,15,25,20,75,85,80,0,1,0.5,,,,78.75,88.75,84.00000000000001
CP,913,1,1,2006,2006-05-24T00:00:00Z,29,103.5,1,3,2,75,85,80,25,35,30,75,85,80,0,1,0.5,,,,81.25,90.25,86.00000000000001
CP,914,1,1,2006,2006-06-07T00:00:00Z,20,13.5,3,5,4,3,5,4,3,5,4,85,95,90,0,1,0.5,,,,85.45,95.24999999999999,90.4
CP,915,1,1,2006,2006-06-07T00:00:00Z,20,14.5,1,3,2,3,5,4,3,5,4,95,100,97.5,0,1,0.5,,,,95.15,100,97.6
CP,916,1,1,2006,2006-06-27T00:00:00Z,14,151,3,5,4,95,100,97.5,0,1,0.5,35,45,40,0,1,0.5,,,,35,45.550000000000004,40.300000000000004
CP,917,1,1,2006,2006-06-26T00:00:00Z,20,109,10,15,12.5,95,100,97.5,35,45,40,5,10,7.5,0,1,0.5,,,,38.25000000000001,50.499999999999986,44.49999999999999
CP,918,1,1,2006,2006-06-12T00:00:00Z,23,14.5,1,3,2,3,5,4,45,55,50,55,65,60,0,1,0.5,,,,75.25,84.25,80
CP,919,1,1,2006,2006-05-24T00:00:00Z,36,108,0,1,0.5,95,100,97.5,1,3,2,85,95,90,0,1,0.5,,,,85.14999999999999,95.15,90.2
CP,920,1,1,2006,2006-05-24T00:00:00Z,23,117.5,0,1,0.5,85,95,90,85,95,90,15,25,20,0,1,0.5,,,,87.25,96.24999999999999,92
CP,921,1,1,2006,2006-06-07T00:00:00Z,11,5.5,0,1,0.5,0,1,0.5,95,100,97.5,25,35,30,0,1,0.5,,,,96.24999999999999,100,98.25
CP,922,1,1,2007,2007-06-04T00:00:00Z,27,79,1,3,2,25,35,30,45,55,50,75,85,80,0,1,0.5,,,,86.25,93.25,90
CP,923,1,1,2006,2006-06-07T00:00:00Z,15,41.5,0,1,0.5,35,45,40,3,5,4,55,65,60,0,1,0.5,,,,56.35000000000001,66.75,61.6
CP,924,1,1,2006,2006-06-27T00:00:00Z,11,95,0,1,0.5,95,100,97.5,0,1,0.5,35,45,40,0,1,0.5,,,,35,45.550000000000004,40.300000000000004
CP,925,1,1,2006,2006-06-26T00:00:00Z,25,14,0,1,0.5,1,3,2,1,3,2,95,100,97.5,0,1,0.5,,,,95.04999999999998,100,97.55
CP,926,1,1,2006,2006-05-24T00:00:00Z,23,104,0,1,0.5,85,95,90,35,45,40,85,95,90,0,1,0.5,,,,90.25,97.24999999999999,94
CP,927,1,1,2006,2006-05-24T00:00:00Z,18,101.5,0,1,0.5,85,95,90,25,35,30,75,85,80,0,1,0.5,,,,81.25,90.25,86.00000000000001
CP,928,1,1,2006,2006-06-27T00:00:00Z,27,104.5,3,5,4,55,65,60,10,15,12.5,85,95,90,0,1,0.5,,,,86.5,95.75,91.25
CP,929,1,1,2006,2006-06-07T00:00:00Z,25,45,1,3,2,3,5,4,0,1,0.5,95,100,97.5,0,1,0.5,,,,95,100,97.5125
CP,930,1,1,2006,2006-06-27T00:00:00Z,35,85,1,3,2,55,65,60,35,45,40,25,35,30,0,1,0.5,,,,51.24999999999999,64.25,58.00000000000001
CP,931,1,1,2006,2006-06-26T00:00:00Z,13,56,0,1,0.5,0,1,0.5,1,3,2,95,100,97.5,0,1,0.5,,,,95.04999999999998,100,97.55
CP,932,1,1,2006,2006-06-26T00:00:00Z,12,16.5,1,3,2,5,10,7.5,3,5,4,85,95,90,0,1,0.5,,,,85.45,95.24999999999999,90.4
CP,933,1,1,2007,2007-06-04T00:00:00Z,24,132,0,1,0.5,75,85,80,45,55,50,75,85,80,0,1,0.5,,,,86.25,93.25,90
CP,934,1,1,2006,2006-05-24T00:00:00Z,23,110.5,0,1,0.5,85,95,90,45,55,50,65,75,70,0,1,0.5,,,,80.75,88.75,85
CP,935,1,1,2006,2006-06-07T00:00:00Z,30,75.5,0,1,0.5,85,95,90,25,35,30,85,95,90,0,1,0.5,,,,88.75,96.75,93
CP,936,1,1,2006,2006-06-27T00:00:00Z,21,98.5,1,3,2,15,25,20,25,35,30,85,95,90,0,1,0.5,,,,88.75,96.75,93
CP,937,1,1,2006,2006-06-26T00:00:00Z,39,56.5,0,1,0.5,10,15,12.5,15,25,20,85,95,90,0,1,0.5,,,,87.25,96.24999999999999,92
CP,938,1,1,2006,2006-06-26T00:00:00Z,3,3,0,1,0.5,1,3,2,3,5,4,95,100,97.5,0,1,0.5,,,,95.15,100,97.6
CP,939,1,1,2006,2006-06-26T00:00:00Z,13,14.5,0,1,0.5,10,15,12.5,15,25,20,55,65,60,0,1,0.5,,,,61.75000000000001,73.75,68
CP,940,1,1,2006,2006-05-24T00:00:00Z,16,118.5,0,1,0.5,85,95,90,85,95,90,75,85,80,0,1,0.5,,,,96.25,99.25,98
CP,941,1,1,2006,2006-05-24T00:00:00Z,19,88.5,0,1,0.5,85,95,90,15,25,20,85,95,90,0,1,0.5,,,,87.25,96.24999999999999,92
CP,942,1,1,2006,2006-06-27T00:00:00Z,26,89,0,1,0.5,10,15,12.5,65,75,70,85,95,90,0,1,0.5,,,,94.75,98.75,97
CP,943,1,1,2006,2006-06-27T00:00:00Z,23,73.5,0,1,0.5,55,65,60,25,35,30,35,45,40,0,1,0.5,,,,51.24999999999999,64.25,58.00000000000001
CP,944,1,1,2006,2006-05-15T00:00:00Z,15,96.5,0,1,0.5,85,95,90,85,95,90,75,85,80,0,1,0.5,,,,96.25,99.25,98
CP,945,1,1,2006,2006-05-15T00:00:00Z,18,83.5,0,1,0.5,85,95,90,85,95,90,75,85,80,0,1,0.5,,,,96.25,99.25,98
CP,947,1,1,2006,2006-06-27T00:00:00Z,24,81,0,1,0.5,15,25,20,65,75,70,75,85,80,0,1,0.5,,,,91.25,96.25,94
CP,948,1,1,2006,2006-05-23T00:00:00Z,20,48.5,0,1,0.5,35,45,40,75,85,80,65,75,70,0,1,0.5,,,,91.25,96.25,94
CP,949,1,1,2006,2006-05-15T00:00:00Z,23,30,0,1,0.5,35,45,40,55,65,60,65,75,70,0,1,0.5,,,,84.25,91.25,88
CP,950,1,1,2006,2006-05-15T00:00:00Z,18,80,0,1,0.5,85,95,90,5,10,7.5,85,95,90,0,1,0.5,,,,85.75,95.5,90.75
CP,951,1,1,2006,2006-05-15T00:00:00Z,22,69,0,1,0.5,75,85,80,85,95,90,85,95,90,0,1,0.5,,,,97.75,99.75,99
CP,952,1,1,2006,2006-06-27T00:00:00Z,22,79.5,0,1,0.5,35,45,40,5,10,7.5,85,95,90,0,1,0.5,,,,85.75,95.5,90.75
CP,953,1,1,2006,2006-05-23T00:00:00Z,24,52.5,0,1,0.5,55,65,60,65,75,70,65,75,70,0,1,0.5,,,,87.75,93.75,90.99999999999999
CP,954,1,1,2006,2006-05-23T00:00:00Z,22,59.5,0,1,0.5,55,65,60,25,35,30,65,75,70,0,1,0.5,,,,73.75,83.75,79
CP,955,1,1,2006,2006-05-15T00:00:00Z,29,67,0,1,0.5,55,65,60,35,45,40,85,95,90,0,1,0.5,,,,90.25,97.24999999999999,94
CP,956,1,1,2006,2006-05-15T00:00:00Z,21,86,0,1,0.5,85,95,90,3,5,4,75,85,80,0,1,0.5,,,,75.75,85.75,80.80000000000001
CP,958,1,1,2006,2006-05-23T00:00:00Z,30,69.5,0,1,0.5,75,85,80,25,35,30,75,85,80,0,1,0.5,,,,81.25,90.25,86.00000000000001
CP,959,1,1,2006,2006-05-23T00:00:00Z,25,90,0,1,0.5,65,75,70,75,85,80,25,35,30,0,1,0.5,,,,81.25,90.25,86.00000000000001
CP,960,1,1,2006,2006-05-15T00:00:00Z,16,33.5,0,1,0.5,35,45,40,55,65,60,75,85,80,0,1,0.5,,,,88.75,94.75,92
CP,961,1,1,2006,2006-05-15T00:00:00Z,20,94,0,1,0.5,75,85,80,65,75,70,75,85,80,0,1,0.5,,,,91.25,96.25,94
CP,962,1,1,2006,2006-05-23T00:00:00Z,21,92.5,0,1,0.5,85,95,90,55,65,60,75,85,80,0,1,0.5,,,,88.75,94.75,92
CP,963,1,1,2006,2006-05-23T00:00:00Z,18,98.5,0,1,0.5,85,95,90,55,65,60,85,95,90,0,1,0.5,,,,93.25,98.25,96
CP,964,1,1,2006,2006-05-15T00:00:00Z,17,100,0,1,0.5,75,85,80,5,10,7.5,65,75,70,0,1,0.5,,,,66.75,77.5,72.24999999999999
CP,965,1,1,2006,2006-05-23T00:00:00Z,16,74,0,1,0.5,65,75,70,75,85,80,65,75,70,0,1,0.5,,,,91.25,96.25,94
CP,966,1,1,2006,2006-05-23T00:00:00Z,18,137.5,0,1,0.5,85,95,90,3,5,4,85,95,90,0,1,0.5,,,,85.45,95.24999999999999,90.4
CP,1003,1,1,2006,2006-07-24T00:00:00Z,4,102,10,15,12.5,95,100,97.5,3,5,4,65,75,70,0,1,0.5,,,,66.05000000000001,76.25,71.2
CP,1004,1,1,2006,2006-07-24T00:00:00Z,7,86,1,3,2,75,85,80,25,35,30,75,85,80,0,1,0.5,,,,81.25,90.25,86.00000000000001
CP,1005,1,1,2006,2006-07-24T00:00:00Z,5,99.5,0,1,0.5,95,100,97.5,5,10,7.5,75,85,80,0,1,0.5,,,,76.25,86.5,81.5
CP,1008,1,1,2006,2006-07-24T00:00:00Z,7,103.5,0,1,0.5,95,100,97.5,0,1,0.5,75,85,80,0,1,0.5,,,,75,85.14999999999999,80.10000000000001
CP,1009,1,1,2006,2006-07-24T00:00:00Z,7,100.5,0,1,0.5,95,100,97.5,1,3,2,75,85,80,0,1,0.5,,,,75.25,85.45,80.4
CP,1011,1,1,2006,2006-08-08T00:00:00Z,6,84,0,1,0.5,75,85,80,55,65,60,65,75,70,0,1,0.5,,,,84.25,91.25,88
CP,1018,1,1,2006,2006-07-25T00:00:00Z,7,98,5,10,7.5,85,95,90,5,10,7.5,75,85,80,0,1,0.5,,,,76.25,86.5,81.5
CP,1019,1,1,2006,2006-07-26T00:00:00Z,8,81.5,25,35,30,75,85,80,3,5,4,75,85,80,0,1,0.5,,,,75.75,85.75,80.80000000000001
CP,1022,1,1,2006,2006-07-25T00:00:00Z,10,98,0,1,0.5,85,95,90,5,10,7.5,85,95,90,0,1,0.5,,,,85.75,95.5,90.75
CP,1023,1,1,2006,2006-07-26T00:00:00Z,7,111,5,10,7.5,85,95,90,15,25,20,75,85,80,0,1,0.5,,,,78.75,88.75,84.00000000000001
CP,1024,1,1,2006,2006-07-24T00:00:00Z,9,101.5,1,3,2,95,100,97.5,3,5,4,65,75,70,0,1,0.5,,,,66.05000000000001,76.25,71.2
CP,1026,1,1,2006,2006-07-25T00:00:00Z,7,131.5,0,1,0.5,95,100,97.5,10,15,12.5,75,85,80,0,1,0.5,,,,77.5,87.25,82.5
CP,1027,1,1,2006,2006-07-26T00:00:00Z,5,106,0,1,0.5,95,100,97.5,10,15,12.5,85,95,90,0,1,0.5,,,,86.5,95.75,91.25
CP,1028,1,1,2006,2006-07-26T00:00:00Z,5,101,0,1,0.5,95,100,97.5,15,25,20,85,95,90,0,1,0.5,,,,87.25,96.24999999999999,92
CP,1029,1,1,2006,2006-07-26T00:00:00Z,7,94.5,0,1,0.5,85,95,90,10,15,12.5,85,95,90,0,1,0.5,,,,86.5,95.75,91.25
CP,1032,1,1,2006,2006-07-25T00:00:00Z,4,100.5,0,1,0.5,95,100,97.5,10,15,12.5,75,85,80,0,1,0.5,,,,77.5,87.25,82.5
CP,1035,1,1,2006,2006-07-25T00:00:00Z,14,76,0,1,0.5,65,75,70,35,45,40,75,85,80,0,1,0.5,,,,83.75,91.75,88
CP,1037,1,1,2006,2006-07-25T00:00:00Z,12,87,0,1,0.5,75,85,80,25,35,30,65,75,70,0,1,0.5,,,,73.75,83.75,79
CP,1041,1,1,2006,2006-07-24T00:00:00Z,7,97.5,1,3,2,85,95,90,25,35,30,85,95,90,0,1,0.5,,,,88.75,96.75,93
CP,1044,1,1,2006,2006-07-25T00:00:00Z,2,98,0,1,0.5,95,100,97.5,15,25,20,35,45,40,0,1,0.5,,,,44.75,58.74999999999999,52
CP,1046,1,1,2006,2006-07-24T00:00:00Z,8,92,0,1,0.5,85,95,90,5,10,7.5,85,95,90,0,1,0.5,,,,85.75,95.5,90.75
CP,1051,1,1,2006,2006-07-24T00:00:00Z,8,75,0,1,0.5,65,75,70,15,25,20,95,100,97.5,0,1,0.5,,,,95.75,100,98
CP,1052,1,1,2006,2006-07-24T00:00:00Z,7,83,0,1,0.5,75,85,80,15,25,20,75,85,80,0,1,0.5,,,,78.75,88.75,84.00000000000001
CP,1053,1,1,2006,2006-07-24T00:00:00Z,8,104,0,1,0.5,95,100,97.5,5,10,7.5,75,85,80,0,1,0.5,,,,76.25,86.5,81.5
CP,1058,1,1,2006,2006-07-25T00:00:00Z,8,75,0,1,0.5,75,85,80,25,35,30,75,85,80,0,1,0.5,,,,81.25,90.25,86.00000000000001
CP,1059,1,1,2006,2006-07-25T00:00:00Z,3,98.5,0,1,0.5,95,100,97.5,10,15,12.5,75,85,80,0,1,0.5,,,,77.5,87.25,82.5
CP,1060,1,1,2006,2006-07-25T00:00:00Z,5,99.5,0,1,0.5,95,100,97.5,5,10,7.5,85,95,90,0,1,0.5,,,,85.75,95.5,90.75
CP,1062,1,1,2006,2006-07-25T00:00:00Z,7,103.5,0,1,0.5,95,100,97.5,15,25,20,85,95,90,0,1,0.5,,,,87.25,96.24999999999999,92
CP,1063,1,1,2006,2006-07-25T00:00:00Z,7,103.5,0,1,0.5,95,100,97.5,5,10,7.5,3,5,4,0,1,0.5,,,,7.850000000000001,14.500000000000002,11.2
CP,1065,1,1,2006,2006-07-25T00:00:00Z,6,101.5,0,1,0.5,95,100,97.5,1,3,2,85,95,90,0,1,0.5,,,,85.14999999999999,95.15,90.2
CP,1101,1,1,2007,2007-07-06T00:00:00Z,40,64.5,0,1,0.5,45,55,50,5,10,7.5,75,85,80,55,65,60,,,,76.25,86.5,81.5
CP,1102,1,1,2007,2007-06-20T00:00:00Z,19,32,0,1,0.5,35,45,40,15,25,20,65,75,70,0,1,0.5,,,,70.25,81.25,76
CP,1103,1,1,2007,2007-06-28T00:00:00Z,12,88.5,0,1,0.5,75,85,80,0,1,0.5,0,1,0.5,0,1,0.5,,,,0,1.9900000000000029,0.9974999999999956
CP,1104,1,1,2007,2007-07-03T00:00:00Z,9,84,1,3,2,75,85,80,10,15,12.5,55,65,60,0,1,0.5,,,,59.5,70.25,64.99999999999999
CP,1105,1,1,2007,2007-06-28T00:00:00Z,19,69,1,3,2,55,65,60,5,10,7.5,75,85,80,0,1,0.5,,,,76.25,86.5,81.5
CP,1106,1,1,2007,2007-07-04T00:00:00Z,7,44.5,10,15,12.5,35,45,40,55,65,60,65,75,70,0,1,0.5,,,,84.25,91.25,88
CP,1107,1,1,2007,2007-07-03T00:00:00Z,9,95.5,5,10,7.5,85,95,90,35,45,40,65,75,70,0,1,0.5,,,,77.25,86.25,82
CP,1108,1,1,2007,2007-06-19T00:00:00Z,27,111,0,1,0.5,85,95,90,3,5,4,85,95,90,15,25,20,,,,85.45,95.24999999999999,90.4
CP,1109,1,1,2007,2007-07-04T00:00:00Z,10,77.5,45,55,50,65,75,70,75,85,80,55,65,60,0,1,0.5,,,,88.75,94.75,92
CP,1110,1,1,2007,2007-06-20T00:00:00Z,22,130.5,0,1,0.5,95,100,97.5,5,10,7.5,85,95,90,10,15,12.5,,,,85.75,95.5,90.75
CP,1111,1,1,2007,2007-07-06T00:00:00Z,25,38,0,1,0.5,45,55,50,5,10,7.5,85,95,90,3,5,4,,,,85.75,95.5,90.75
CP,1112,1,1,2007,2007-07-06T00:00:00Z,16,33.5,3,5,4,25,35,30,15,25,20,65,75,70,0,1,0.5,,,,70.25,81.25,76
CP,1113,1,1,2007,2007-07-06T00:00:00Z,19,58.5,0,1,0.5,45,55,50,45,55,50,55,65,60,85,95,90,,,,75.25,84.25,80
CP,1114,1,1,2007,2007-06-20T00:00:00Z,29,76.5,0,1,0.5,65,75,70,25,35,30,75,85,80,65,75,70,,,,81.25,90.25,86.00000000000001
CP,1115,1,1,2007,2007-07-09T00:00:00Z,28,93,0,1,0.5,95,100,97.5,5,10,7.5,85,95,90,3,5,4,,,,85.75,95.5,90.75
CP,1116,1,1,2007,2007-06-20T00:00:00Z,28,120,0,1,0.5,95,100,97.5,25,35,30,75,85,80,65,75,70,,,,81.25,90.25,86.00000000000001
CP,1117,1,1,2007,2007-07-09T00:00:00Z,40,58.5,0,1,0.5,95,100,97.5,10,15,12.5,95,100,97.5,1,3,2,,,,95.5,100,97.8125
CP,1118,1,1,2007,2007-07-09T00:00:00Z,21,110.5,0,1,0.5,95,100,97.5,5,10,7.5,85,95,90,1,3,2,,,,85.75,95.5,90.75
CP,1119,1,1,2007,2007-07-17T00:00:00Z,20,105.5,0,1,0.5,85,95,90,10,15,12.5,85,95,90,0,1,0.5,,,,86.5,95.75,91.25
CP,1120,1,1,2007,2007-07-09T00:00:00Z,26,77.5,1,3,2,85,95,90,15,25,20,75,85,80,15,25,20,,,,78.75,88.75,84.00000000000001
CP,1121,1,1,2007,2007-07-09T00:00:00Z,28,78.5,0,1,0.5,75,85,80,15,25,20,85,95,90,0,1,0.5,,,,87.25,96.24999999999999,92
CP,1122,1,1,2007,2007-07-17T00:00:00Z,22,112.5,0,1,0.5,95,100,97.5,0,1,0.5,85,95,90,0,1,0.5,,,,85,95.04999999999998,90.05000000000001
CP,1123,1,1,2007,2007-07-17T00:00:00Z,26,66.5,0,1,0.5,75,85,80,10,15,12.5,85,95,90,0,1,0.5,,,,86.5,95.75,91.25
CP,1124,1,1,2007,2007-07-17T00:00:00Z,22,47.5,0,1,0.5,45,55,50,15,25,20,65,75,70,1,3,2,,,,70.25,81.25,76
CP,1125,1,1,2007,2007-06-19T00:00:00Z,26,68,3,5,4,65,75,70,25,35,30,65,75,70,15,25,20,,,,73.75,83.75,79
CP,1126,1,1,2007,2007-06-19T00:00:00Z,29,73.5,0,1,0.5,65,75,70,15,25,20,75,85,80,1,3,2,,,,78.75,88.75,84.00000000000001
CP,1127,1,1,2007,2007-06-19T00:00:00Z,26,110.5,0,1,0.5,95,100,97.5,1,3,2,85,95,90,10,15,12.5,,,,85.14999999999999,95.15,90.2
CP,1128,1,1,2007,2007-06-19T00:00:00Z,24,120.5,0,1,0.5,95,100,97.5,3,5,4,85,95,90,1,3,2,,,,85.45,95.24999999999999,90.4
CP,1129,1,1,2007,2007-07-06T00:00:00Z,16,40,3,5,4,45,55,50,35,45,40,65,75,70,3,5,4,,,,77.25,86.25,82
CP,1130,1,1,2007,2007-07-06T00:00:00Z,20,54.5,1,3,2,55,65,60,45,55,50,25,35,30,3,5,4,,,,58.74999999999999,70.75,65
CP,1131,1,1,2007,2007-06-20T00:00:00Z,27,32,1,3,2,25,35,30,75,85,80,35,45,40,75,85,80,,,,83.75,91.75,88
CP,1132,1,1,2007,2007-07-18T00:00:00Z,9,67,3,5,4,65,75,70,25,35,30,45,55,50,0,1,0.5,,,,58.74999999999999,70.75,65
CP,1133,1,1,2007,2007-07-18T00:00:00Z,9,48,1,3,2,55,65,60,25,35,30,85,95,90,0,1,0.5,,,,88.75,96.75,93
CP,1134,1,1,2007,2007-07-18T00:00:00Z,10,67.5,3,5,4,75,85,80,75,85,80,35,45,40,0,1,0.5,,,,83.75,91.75,88
CP,1135,1,1,2007,2007-06-28T00:00:00Z,12,107,0,1,0.5,95,100,97.5,0,1,0.5,0,1,0.5,0,1,0.5,,,,0,1.9900000000000029,0.9974999999999956
CP,1136,1,1,2007,2007-06-25T00:00:00Z,18,39,0,1,0.5,35,45,40,55,65,60,35,45,40,0,1,0.5,,,,70.75,80.75,76
CP,1137,1,1,2007,2007-07-18T00:00:00Z,12,97,10,15,12.5,85,95,90,15,25,20,35,45,40,0,1,0.5,,,,44.75,58.74999999999999,52
CP,1138,1,1,2007,2007-07-17T00:00:00Z,14,97,10,15,12.5,95,100,97.5,15,25,20,65,75,70,0,1,0.5,,,,70.25,81.25,76
CP,1139,1,1,2007,2007-07-17T00:00:00Z,20,62,1,3,2,65,75,70,3,5,4,85,95,90,0,1,0.5,,,,85.45,95.24999999999999,90.4
CP,1140,1,1,2007,2007-07-18T00:00:00Z,10,82.5,3,5,4,85,95,90,65,75,70,25,35,30,0,1,0.5,,,,73.75,83.75,79
CP,1141,1,1,2007,2007-07-04T00:00:00Z,15,58,1,3,2,65,75,70,5,10,7.5,85,95,90,0,1,0.5,,,,85.75,95.5,90.75
CP,1142,1,1,2007,2007-07-17T00:00:00Z,18,26,1,3,2,25,35,30,3,5,4,85,95,90,0,1,0.5,,,,85.45,95.24999999999999,90.4
CP,1143,1,1,2007,2007-07-17T00:00:00Z,11,99.5,3,5,4,95,100,97.5,55,65,60,15,25,20,0,1,0.5,,,,61.75000000000001,73.75,68
CP,1144,1,1,2007,2007-07-18T00:00:00Z,12,53.5,10,15,12.5,55,65,60,35,45,40,55,65,60,0,1,0.5,,,,70.75,80.75,76
CP,1145,1,1,2007,2007-07-18T00:00:00Z,8,93.5,5,10,7.5,85,95,90,45,55,50,35,45,40,0,1,0.5,,,,64.25,75.25,70
CP,1146,1,1,2007,2007-07-04T00:00:00Z,6,81,15,25,20,75,85,80,15,25,20,45,55,50,0,1,0.5,,,,53.25,66.25000000000001,60
CP,1147,1,1,2007,2007-07-04T00:00:00Z,16,19.5,1,3,2,15,25,20,1,3,2,95,100,97.5,0,1,0.5,,,,95.04999999999998,100,97.55
CP,1148,1,1,2007,2007-07-04T00:00:00Z,15,15.5,1,3,2,15,25,20,1,3,2,85,95,90,0,1,0.5,,,,85.14999999999999,95.15,90.2
CP,1149,1,1,2007,2007-07-18T00:00:00Z,9,77,5,10,7.5,75,85,80,65,75,70,55,65,60,0,1,0.5,,,,84.25,91.25,88
CP,1150,1,1,2007,2007-07-18T00:00:00Z,10,94,10,15,12.5,95,100,97.5,65,75,70,55,65,60,0,1,0.5,,,,84.25,91.25,88
CP,1151,1,1,2007,2007-06-28T00:00:00Z,8,104,10,15,12.5,95,100,97.5,25,35,30,35,45,40,0,1,0.5,,,,51.24999999999999,64.25,58.00000000000001
CP,1152,1,1,2007,2007-07-04T00:00:00Z,15,24,3,5,4,25,35,30,15,25,20,75,85,80,0,1,0.5,,,,78.75,88.75,84.00000000000001
CP,1153,1,1,2007,2007-07-03T00:00:00Z,18,92,0,1,0.5,85,95,90,15,25,20,75,85,80,0,1,0.5,,,,78.75,88.75,84.00000000000001
CP,1154,1,1,2007,2007-07-03T00:00:00Z,15,87.5,0,1,0.5,85,95,90,45,55,50,25,35,30,0,1,0.5,,,,58.74999999999999,70.75,65
CP,1155,1,1,2007,2007-06-28T00:00:00Z,10,93,5,10,7.5,75,85,80,0,1,0.5,0,1,0.5,0,1,0.5,,,,0,1.9900000000000029,0.9974999999999956
CP,1156,1,1,2007,2007-06-28T00:00:00Z,9,85.5,3,5,4,75,85,80,25,35,30,25,35,30,0,1,0.5,,,,43.75,57.74999999999999,51
CP,1157,1,1,2007,2007-06-28T00:00:00Z,11,89.5,3,5,4,75,85,80,25,35,30,55,65,60,0,1,0.5,,,,66.25000000000001,77.25,72
CP,1158,1,1,2007,2007-06-28T00:00:00Z,11,53,1,3,2,45,55,50,25,35,30,35,45,40,0,1,0.5,,,,51.24999999999999,64.25,58.00000000000001
CP,1159,1,1,2007,2007-07-03T00:00:00Z,18,97,1,3,2,85,95,90,15,25,20,75,85,80,0,1,0.5,,,,78.75,88.75,84.00000000000001
CP,1160,1,1,2007,2007-07-03T00:00:00Z,22,83.5,0,1,0.5,85,95,90,15,25,20,65,75,70,0,1,0.5,,,,70.25,81.25,76
CP,1161,1,1,2007,2007-07-30T00:00:00Z,9,94,1,3,2,85,95,90,35,45,40,35,45,40,0,1,0.5,,,,57.74999999999999,69.75,64
CP,1162,1,1,2007,2007-06-28T00:00:00Z,20,42,1,3,2,35,45,40,25,35,30,55,65,60,0,1,0.5,,,,66.25000000000001,77.25,72
CP,1163,1,1,2007,2007-06-28T00:00:00Z,21,31.5,1,3,2,15,25,20,25,35,30,75,85,80,0,1,0.5,,,,81.25,90.25,86.00000000000001
CP,1164,1,1,2007,2007-06-28T00:00:00Z,8,16,1,3,2,15,25,20,35,45,40,65,75,70,0,1,0.5,,,,77.25,86.25,82
CP,1165,1,1,2007,2007-06-25T00:00:00Z,14,50,1,3,2,45,55,50,65,75,70,25,35,30,0,1,0.5,,,,73.75,83.75,79
CP,1166,1,1,2007,2007-06-25T00:00:00Z,29,51.5,0,1,0.5,55,65,60,35,45,40,65,75,70,5,10,7.5,,,,77.25,86.25,82
CP,1167,1,1,2007,2007-06-27T00:00:00Z,22,26,0,1,0.5,15,25,20,55,65,60,55,65,60,0,1,0.5,,,,79.75000000000001,87.75,84
CP,1168,1,1,2007,2007-06-27T00:00:00Z,36,69.5,0,1,0.5,65,75,70,10,15,12.5,65,75,70,15,25,20,,,,68.5,78.75,73.75
CP,1169,1,1,2007,2007-06-25T00:00:00Z,40,63,1,3,2,85,95,90,10,15,12.5,55,65,60,5,10,7.5,,,,59.5,70.25,64.99999999999999
CP,1170,1,1,2007,2007-06-27T00:00:00Z,24,87,0,1,0.5,75,85,80,15,25,20,75,85,80,3,5,4,,,,78.75,88.75,84.00000000000001
CP,1171,1,1,2007,2007-06-27T00:00:00Z,12,48.5,1,3,2,35,45,40,55,65,60,35,45,40,0,1,0.5,,,,70.75,80.75,76
CP,1172,1,1,2007,2007-06-27T00:00:00Z,15,9,0,1,0.5,1,3,2,95,100,97.5,3,5,4,85,95,90,,,,95.15,100,97.6
CP,1173,1,1,2007,2007-06-27T00:00:00Z,12,100.5,1,3,2,95,100,97.5,25,35,30,5,10,7.5,0,1,0.5,,,,28.750000000000007,41.49999999999999,35.25
CP,1174,1,1,2007,2007-06-27T00:00:00Z,28,42,1,3,2,25,35,30,45,55,50,55,65,60,15,25,20,,,,75.25,84.25,80
CP,1175,1,1,2007,2007-07-31T00:00:00Z,31,61.5,3,5,4,55,65,60,25,35,30,75,85,80,1,3,2,,,,81.25,90.25,86.00000000000001
CP,1176,1,1,2007,2007-06-28T00:00:00Z,0,,0,1,0.5,,,,,,,,,,0,1,0.5,,,,,,
CP,1177,1,1,2007,2007-06-19T00:00:00Z,7,49.5,1,3,2,55,65,60,65,75,70,35,45,40,0,1,0.5,,,,77.25,86.25,82
CP,1178,1,1,2007,2007-06-25T00:00:00Z,25,60,1,3,2,65,75,70,15,25,20,75,85,80,0,1,0.5,,,,78.75,88.75,84.00000000000001
CP,1201,1,1,2008,2008-06-17T00:00:00Z,31,183.5,3,5,4,65,75,70,85,95,90,25,35,30,0,1,0.5,,,,88.75,96.75,93
CP,1202,1,1,2008,2008-06-17T00:00:00Z,42,168,5,10,7.5,85,95,90,95,100,97.5,5,10,7.5,0,1,0.5,,,,95.24999999999999,100,97.6875
CP,1203,1,1,2008,2008-06-17T00:00:00Z,50,150,5,10,7.5,85,95,90,85,95,90,85,95,90,0,1,0.5,,,,97.75,99.75,99
CP,1204,1,1,2008,2008-06-17T00:00:00Z,28,156.5,3,5,4,95,100,97.5,75,85,80,55,65,60,0,1,0.5,,,,88.75,94.75,92
CP,1205,1,1,2008,2008-06-17T00:00:00Z,41,100,0,1,0.5,85,95,90,35,45,40,65,75,70,0,1,0.5,,,,77.25,86.25,82
CP,1206,1,1,2008,2008-06-19T00:00:00Z,36,104.5,1,3,2,75,85,80,55,65,60,35,45,40,0,1,0.5,,,,70.75,80.75,76
CP,1207,1,1,2008,2008-06-16T00:00:00Z,39,177.5,45,55,50,95,100,97.5,75,85,80,65,75,70,0,1,0.5,,,,91.25,96.25,94
CP,1208,1,1,2008,2008-05-05T00:00:00Z,35,100.5,1,3,2,85,95,90,15,25,20,75,85,80,0,1,0.5,,,,78.75,88.75,84.00000000000001
CP,1209,1,1,2008,2008-05-05T00:00:00Z,36,146.5,0,1,0.5,95,100,97.5,3,5,4,85,95,90,0,1,0.5,,,,85.45,95.24999999999999,90.4
CP,1210,1,1,2008,2008-06-11T00:00:00Z,25,227,1,3,2,95,100,97.5,75,85,80,55,65,60,0,1,0.5,,,,88.75,94.75,92
CP,1211,1,1,2008,2008-06-11T00:00:00Z,26,19.5,3,5,4,3,5,4,5,10,7.5,95,100,97.5,0,1,0.5,,,,95.24999999999999,100,97.6875
CP,1212,1,1,2008,2008-06-11T00:00:00Z,25,242,1,3,2,95,100,97.5,85,95,90,45,55,50,0,1,0.5,,,,91.75,97.75,95
CP,1213,1,1,2008,2008-06-09T00:00:00Z,46,185.5,3,5,4,85,95,90,35,45,40,75,85,80,0,1,0.5,,,,83.75,91.75,88
CP,1214,1,1,2008,2008-06-09T00:00:00Z,47,168.5,10,15,12.5,85,95,90,75,85,80,25,35,30,0,1,0.5,,,,81.25,90.25,86.00000000000001
CP,1215,1,1,2008,2008-06-09T00:00:00Z,49,202,1,3,2,85,95,90,85,95,90,15,25,20,0,1,0.5,,,,87.25,96.24999999999999,92
CP,1216,1,1,2008,2008-06-11T00:00:00Z,40,149,10,15,12.5,75,85,80,65,75,70,55,65,60,0,1,0.5,,,,84.25,91.25,88
CP,1217,1,1,2008,2008-05-05T00:00:00Z,41,108.5,1,3,2,85,95,90,85,95,90,35,45,40,0,1,0.5,,,,90.25,97.24999999999999,94
CP,1218,1,1,2008,2008-06-10T00:00:00Z,39,155.5,35,45,40,75,85,80,85,95,90,0,1,0.5,0,1,0.5,,,,85,95.04999999999998,90.05000000000001
CP,1219,1,1,2008,2008-06-10T00:00:00Z,39,134,1,3,2,75,85,80,85,95,90,25,35,30,0,1,0.5,,,,88.75,96.75,93
CP,1220,1,1,2008,2008-06-16T00:00:00Z,32,122.5,1,3,2,85,95,90,85,95,90,35,45,40,0,1,0.5,,,,90.25,97.24999999999999,94
CP,1221,1,1,2008,2008-05-05T00:00:00Z,28,143,0,1,0.5,95,100,97.5,5,10,7.5,85,95,90,0,1,0.5,,,,85.75,95.5,90.75
CP,1222,1,1,2008,2008-06-18T00:00:00Z,15,217.5,0,1,0.5,95,100,97.5,45,55,50,45,55,50,0,1,0.5,,,,69.75,79.75000000000001,75
CP,1223,1,1,2008,2008-06-19T00:00:00Z,29,138,1,3,2,95,100,97.5,75,85,80,65,75,70,0,1,0.5,,,,91.25,96.25,94
CP,1224,1,1,2008,2008-04-29T00:00:00Z,22,111,1,3,2,75,85,80,85,95,90,55,65,60,0,1,0.5,,,,93.25,98.25,96
CP,1225,1,1,2008,2008-04-24T00:00:00Z,24,133,3,5,4,85,95,90,85,95,90,45,55,50,0,1,0.5,,,,91.75,97.75,95
CP,1226,1,1,2008,2008-04-29T00:00:00Z,33,156,1,3,2,95,100,97.5,5,10,7.5,25,35,30,0,1,0.5,,,,28.750000000000007,41.49999999999999,35.25
CP,1227,1,1,2008,2008-04-29T00:00:00Z,31,82.5,1,3,2,65,75,70,65,75,70,65,75,70,0,1,0.5,,,,87.75,93.75,90.99999999999999
CP,1228,1,1,2008,2008-04-29T00:00:00Z,22,75,1,3,2,35,45,40,15,25,20,85,95,90,0,1,0.5,,,,87.25,96.24999999999999,92
CP,1229,1,1,2008,2008-06-19T00:00:00Z,19,58.5,0,1,0.5,55,65,60,35,45,40,75,85,80,0,1,0.5,,,,83.75,91.75,88
CP,1230,1,1,2008,2008-04-28T00:00:00Z,35,74,1,3,2,45,55,50,45,55,50,75,85,80,0,1,0.5,,,,86.25,93.25,90
CP,1231,1,1,2008,2008-04-28T00:00:00Z,49,78,3,5,4,45,55,50,55,65,60,25,35,30,0,1,0.5,,,,66.25000000000001,77.25,72
CP,1232,1,1,2008,2008-04-28T00:00:00Z,41,57.5,1,3,2,35,45,40,10,15,12.5,75,85,80,15,25,20,,,,77.5,87.25,82.5
CP,1233,1,1,2008,2008-06-25T00:00:00Z,38,64,0,1,0.5,75,85,80,45,55,50,5,10,7.5,0,1,0.5,,,,47.75,59.5,53.75
CP,1234,1,1,2008,2008-04-24T00:00:00Z,41,105.5,5,10,7.5,65,75,70,85,95,90,10,15,12.5,15,25,20,,,,86.5,95.75,91.25
CP,1235,1,1,2008,2008-04-24T00:00:00Z,28,129.5,1,3,2,95,100,97.5,95,100,97.5,55,65,60,0,1,0.5,,,,97.75,100,99
CP,1236,1,1,2008,2008-04-23T00:00:00Z,24,104,1,3,2,55,65,60,1,3,2,85,95,90,0,1,0.5,,,,85.14999999999999,95.15,90.2
CP,1237,1,1,2008,2008-04-23T00:00:00Z,39,110.5,0,1,0.5,85,95,90,85,95,90,55,65,60,15,25,20,,,,93.25,98.25,96
CP,1238,1,1,2008,2008-06-16T00:00:00Z,30,109.5,1,3,2,15,25,20,95,100,97.5,55,65,60,0,1,0.5,,,,97.75,100,99
CP,1239,1,1,2008,2008-06-16T00:00:00Z,49,202.5,25,35,30,95,100,97.5,45,55,50,75,85,80,0,1,0.5,,,,86.25,93.25,90
CP,1240,1,1,2008,2008-06-16T00:00:00Z,33,104.5,3,5,4,55,65,60,95,100,97.5,45,55,50,0,1,0.5,,,,97.24999999999999,100,98.75
CP,1241,1,1,2008,2008-05-05T00:00:00Z,38,101.5,15,25,20,85,95,90,25,35,30,85,95,90,0,1,0.5,,,,88.75,96.75,93
CP,1242,1,1,2008,2008-06-11T00:00:00Z,28,86,0,1,0.5,75,85,80,85,95,90,55,65,60,0,1,0.5,,,,93.25,98.25,96
CP,1243,1,1,2008,2008-06-25T00:00:00Z,21,260.5,0,1,0.5,95,100,97.5,85,95,90,3,5,4,0,1,0.5,,,,85.45,95.24999999999999,90.4
CP,1244,1,1,2008,2008-06-16T00:00:00Z,31,70.5,15,25,20,35,45,40,95,100,97.5,35,45,40,0,1,0.5,,,,96.75,100,98.5
CP,1245,1,1,2008,2008-06-19T00:00:00Z,33,36,0,1,0.5,35,45,40,65,75,70,65,75,70,0,1,0.5,,,,87.75,93.75,90.99999999999999
CP,1246,1,1,2008,2008-04-23T00:00:00Z,38,76.5,3,5,4,45,55,50,75,85,80,65,75,70,0,1,0.5,,,,91.25,96.25,94
CP,2001,1,1,2001,2001-07-01T00:00:00Z,7,5,,,,,,,,,,,,,0,1,0.5,,,,,,
CP,2002,1,1,2001,2001-07-01T00:00:00Z,13,23.5,,,,,,,,,,,,,0,1,0.5,,,,,,
CP,2003,1,1,2001,2001-07-01T00:00:00Z,10,20.5,1,3,2,15,25,20,0,1,0.5,55,65,60,0,1,0.5,,,,55.00000000000001,65.35,60.199999999999996
CP,2004,1,1,2001,2001-07-01T00:00:00Z,9,4.5,,,,,,,,,,,,,0,1,0.5,,,,,,
CP,2005,1,1,2001,2001-07-01T00:00:00Z,8,4,,,,,,,,,,,,,0,1,0.5,,,,,,
CP,2006,1,1,2001,2001-07-01T00:00:00Z,13,24.5,,,,,,,,,,,,,0,1,0.5,,,,,,
CP,2007,1,1,2001,2001-07-01T00:00:00Z,8,5.5,,,,,,,,,,,,,0,1,0.5,,,,,,
CP,2008,1,1,2001,2001-07-01T00:00:00Z,15,58,,,,,,,,,,,,,0,1,0.5,,,,,,
CP,2009,1,1,2001,2001-07-01T00:00:00Z,11,8.5,,,,,,,,,,,,,0,1,0.5,,,,,,
CP,2010,1,1,2001,2001-07-01T00:00:00Z,6,3,,,,,,,,,,,,,0,1,0.5,,,,,,
CP,2011,1,1,2001,2001-07-01T00:00:00Z,8,23.5,,,,,,,,,,,,,0,1,0.5,,,,,,
CP,2012,1,1,2001,2001-07-01T00:00:00Z,12,7.5,,,,,,,,,,,,,0,1,0.5,,,,,,
CP,2013,1,1,2001,2001-07-01T00:00:00Z,4,2,,,,,,,,,,,,,0,1,0.5,,,,,,
CP,2016,1,1,2001,2001-07-01T00:00:00Z,13,59,,,,,,,,,,,,,0,1,0.5,,,,,,
CP,2017,1,1,2001,2001-07-01T00:00:00Z,10,13.5,0,1,0.5,5,10,7.5,0,1,0.5,85,95,90,0,1,0.5,,,,85,95.04999999999998,90.05000000000001
CP,2018,1,1,2001,2001-07-01T00:00:00Z,11,7,1,3,2,1,3,2,1,3,2,85,95,90,0,1,0.5,,,,85.14999999999999,95.15,90.2
CP,2019,1,1,2001,2001-07-01T00:00:00Z,14,24,0,1,0.5,15,25,20,0,1,0.5,75,85,80,0,1,0.5,,,,75,85.14999999999999,80.10000000000001
CP,2020,1,1,2001,2001-07-01T00:00:00Z,9,7.5,1,3,2,3,5,4,0,1,0.5,85,95,90,0,1,0.5,,,,85,95.04999999999998,90.05000000000001
CP,2021,1,1,2001,2001-07-01T00:00:00Z,10,31,0,1,0.5,25,35,30,0,1,0.5,65,75,70,0,1,0.5,,,,65,75.25,70.15
CP,2022,1,1,2001,2001-07-01T00:00:00Z,8,5.5,0,1,0.5,1,3,2,0,1,0.5,75,85,80,0,1,0.5,,,,75,85.14999999999999,80.10000000000001
CP,2023,1,1,2001,2001-07-01T00:00:00Z,10,6.5,0,1,0.5,1,3,2,0,1,0.5,75,85,80,0,1,0.5,,,,75,85.14999999999999,80.10000000000001
CP,2024,1,1,2001,2001-07-01T00:00:00Z,4,3.5,0,1,0.5,1,3,2,0,1,0.5,85,95,90,0,1,0.5,,,,85,95.04999999999998,90.05000000000001
CP,2025,1,1,2001,2001-07-01T00:00:00Z,12,20,,,,,,,,,,,,,0,1,0.5,,,,,,
CP,2026,1,1,2001,2001-07-01T00:00:00Z,11,17.5,,,,,,,,,,,,,0,1,0.5,,,,,,
CP,2027,1,1,2001,2001-07-01T00:00:00Z,6,4.5,,,,,,,,,,,,,0,1,0.5,,,,,,
CP,2028,1,1,2001,2001-07-01T00:00:00Z,14,88,,,,,,,,,,,,,0,1,0.5,,,,,,
CP,2029,1,1,2001,2001-07-01T00:00:00Z,11,7,,,,,,,,,,,,,0,1,0.5,,,,,,
CP,2030,1,1,2001,2001-07-01T00:00:00Z,18,53,,,,,,,,,,,,,0,1,0.5,,,,,,
CP,2031,1,1,2001,2001-07-01T00:00:00Z,6,6,,,,,,,,,,,,,0,1,0.5,,,,,,
CP,2032,1,1,2001,2001-07-01T00:00:00Z,17,21.5,3,5,4,15,25,20,0,1,0.5,45,55,50,0,1,0.5,,,,44.99999999999999,55.45,50.24999999999999
CP,2033,1,1,2001,2001-07-01T00:00:00Z,4,5,0,1,0.5,1,3,2,0,1,0.5,85,95,90,0,1,0.5,,,,85,95.04999999999998,90.05000000000001
CP,2034,1,1,2001,2001-07-01T00:00:00Z,20,23,1,3,2,15,25,20,0,1,0.5,85,95,90,0,1,0.5,,,,85,95.04999999999998,90.05000000000001
CP,2035,1,1,2001,2001-07-01T00:00:00Z,17,13,0,1,0.5,5,10,7.5,1,3,2,75,85,80,0,1,0.5,,,,75.25,85.45,80.4
CP,2036,1,1,2001,2001-07-01T00:00:00Z,15,33.5,3,5,4,35,45,40,3,5,4,55,65,60,0,1,0.5,,,,56.35000000000001,66.75,61.6
CP,2037,1,1,2001,2001-07-01T00:00:00Z,8,4,0,1,0.5,1,3,2,0,1,0.5,85,95,90,0,1,0.5,,,,85,95.04999999999998,90.05000000000001
CP,2038,1,1,2001,2001-07-01T00:00:00Z,3,1.5,0,1,0.5,0,1,0.5,0,1,0.5,85,95,90,0,1,0.5,,,,85,95.04999999999998,90.05000000000001
CP,2039,1,1,2001,2001-07-01T00:00:00Z,2,99.5,,,,,,,,,,,,,0,1,0.5,,,,,,
CP,2040,1,1,2001,2001-07-01T00:00:00Z,6,3,,,,,,,,,,,,,0,1,0.5,,,,,,
CP,2041,1,1,2001,2001-07-01T00:00:00Z,7,5,0,1,0.5,1,3,2,0,1,0.5,85,95,90,0,1,0.5,,,,85,95.04999999999998,90.05000000000001
CP,2042,1,1,2001,2001-07-01T00:00:00Z,7,3.5,0,1,0.5,1,3,2,1,3,2,85,95,90,0,1,0.5,,,,85.14999999999999,95.15,90.2
CP,2043,1,1,2001,2001-07-01T00:00:00Z,14,28,1,3,2,15,25,20,0,1,0.5,75,85,80,0,1,0.5,,,,75,85.14999999999999,80.10000000000001
CP,2044,1,1,2001,2001-07-01T00:00:00Z,6,3,0,1,0.5,1,3,2,1,3,2,85,95,90,0,1,0.5,,,,85.14999999999999,95.15,90.2
CP,2048,1,1,2001,2001-07-01T00:00:00Z,21,24,,,,,,,,,,,,,0,1,0.5,,,,,,
CP,2056,1,1,2001,2001-07-01T00:00:00Z,20,39.5,0,1,0.5,45,55,50,0,1,0.5,65,75,70,0,1,0.5,,,,65,75.25,70.15
CP,2057,1,1,2001,2001-07-01T00:00:00Z,22,39,1,3,2,25,35,30,0,1,0.5,75,85,80,0,1,0.5,,,,75,85.14999999999999,80.10000000000001
CP,2058,1,1,2001,2001-07-01T00:00:00Z,19,98,0,1,0.5,95,100,97.5,0,1,0.5,35,45,40,0,1,0.5,,,,35,45.550000000000004,40.300000000000004
CP,2059,1,1,2001,2001-07-01T00:00:00Z,19,38,1,3,2,35,45,40,0,1,0.5,85,95,90,0,1,0.5,,,,85,95.04999999999998,90.05000000000001
CP,2060,1,1,2001,2001-07-01T00:00:00Z,19,58.5,,,,,,,,,,,,,0,1,0.5,,,,,,
CP,2061,1,1,2001,2001-07-01T00:00:00Z,15,128,,,,,,,,,,,,,0,1,0.5,,,,,,
CP,2062,1,1,2001,2001-07-01T00:00:00Z,17,22,,,,,,,,,,,,,0,1,0.5,,,,,,
CP,2063,1,1,2001,2001-07-01T00:00:00Z,14,46.5,,,,,,,,,,,,,0,1,0.5,,,,,,
CP,2064,1,1,2001,2001-07-01T00:00:00Z,21,36,,,,,,,,,,,,,0,1,0.5,,,,,,
CP,2065,1,1,2001,2001-07-01T00:00:00Z,12,18,,,,,,,,,,,,,0,1,0.5,,,,,,
CA,11000,155511,1,2000,2000-08-01T00:00:00Z,2,117.5,0,1,0.5,95,100,97.5,0,1,0.5,65,75,70,0,1,0.5,,,,65,75.25,70.15
CA,11000,155512,1,2000,2000-08-01T00:00:00Z,3,105.5,1,3,2,95,100,97.5,0,1,0.5,85,95,90,0,1,0.5,,,,85,95.04999999999998,90.05000000000001
CA,11000,155513,1,2000,2000-08-01T00:00:00Z,4,58.5,1,3,2,45,55,50,0,1,0.5,95,100,97.5,0,1,0.5,,,,95,100,97.5125
CA,11000,155514,1,2000,2000-08-01T00:00:00Z,2,110,0,1,0.5,95,100,97.5,0,1,0.5,55,65,60,0,1,0.5,,,,55.00000000000001,65.35,60.199999999999996
CA,11000,155515,1,2000,2000-08-01T00:00:00Z,3,58,1,3,2,55,65,60,0,1,0.5,75,85,80,0,1,0.5,,,,75,85.14999999999999,80.10000000000001
CA,11000,155521,1,2000,2000-08-01T00:00:00Z,2,94,1,3,2,95,100,97.5,0,1,0.5,85,95,90,0,1,0.5,,,,85,95.04999999999998,90.05000000000001
CA,11000,155522,1,2000,2000-08-01T00:00:00Z,2,94,1,3,2,95,100,97.5,0,1,0.5,75,85,80,0,1,0.5,,,,75,85.14999999999999,80.10000000000001
CA,11000,155523,1,2000,2000-08-01T00:00:00Z,6,99.5,3,5,4,95,100,97.5,0,1,0.5,35,45,40,0,1,0.5,,,,35,45.550000000000004,40.300000000000004
CA,11000,155524,1,2000,2000-08-01T00:00:00Z,4,102,1,3,2,95,100,97.5,0,1,0.5,10,15,12.5,0,1,0.5,,,,9.999999999999998,15.849999999999998,12.937500000000002
CA,11000,155525,1,2000,2000-08-01T00:00:00Z,7,66.5,10,15,12.5,65,75,70,0,1,0.5,65,75,70,0,1,0.5,,,,65,75.25,70.15
CA,11000,155531,1,2000,2000-08-01T00:00:00Z,4,25,1,3,2,25,35,30,0,1,0.5,95,100,97.5,0,1,0.5,,,,95,100,97.5125
CA,11000,155532,1,2000,2000-08-01T00:00:00Z,3,38,1,3,2,35,45,40,0,1,0.5,85,95,90,0,1,0.5,,,,85,95.04999999999998,90.05000000000001
CA,11000,155533,1,2000,2000-08-01T00:00:00Z,4,118.5,0,1,0.5,95,100,97.5,0,1,0.5,25,35,30,0,1,0.5,,,,25,35.650000000000006,30.349999999999998
CA,11000,155534,1,2000,2000-08-01T00:00:00Z,9,96,3,5,4,85,95,90,0,1,0.5,,,,0,1,0.5,,,,,,
CA,11000,155535,1,2000,2000-08-01T00:00:00Z,6,104.5,1,3,2,85,95,90,0,1,0.5,55,65,60,0,1,0.5,,,,55.00000000000001,65.35,60.199999999999996
CA,11000,155541,1,2000,2000-08-01T00:00:00Z,6,22.5,1,3,2,15,25,20,0,1,0.5,85,95,90,0,1,0.5,,,,85,95.04999999999998,90.05000000000001
CA,11000,155542,1,2000,2000-08-01T00:00:00Z,4,85,1,3,2,75,85,80,0,1,0.5,85,95,90,0,1,0.5,,,,85,95.04999999999998,90.05000000000001
CA,11000,155543,1,2000,2000-08-01T00:00:00Z,6,103.5,1,3,2,95,100,97.5,0,1,0.5,5,10,7.5,0,1,0.5,,,,5.000000000000004,10.899999999999999,7.962499999999995
CA,11000,155544,1,2000,2000-08-01T00:00:00Z,9,105,3,5,4,95,100,97.5,0,1,0.5,,,,0,1,0.5,,,,,,
CA,11000,155545,1,2000,2000-08-01T00:00:00Z,6,92.5,5,10,7.5,95,100,97.5,0,1,0.5,35,45,40,0,1,0.5,,,,35,45.550000000000004,40.300000000000004
CA,11000,155551,1,2000,2000-08-01T00:00:00Z,1,4,1,3,2,1,3,2,0,1,0.5,95,100,97.5,0,1,0.5,,,,95,100,97.5125
CA,11000,155552,1,2000,2000-08-01T00:00:00Z,4,35,10,15,12.5,35,45,40,0,1,0.5,85,95,90,0,1,0.5,,,,85,95.04999999999998,90.05000000000001
CA,11000,155553,1,2000,2000-08-01T00:00:00Z,2,24,1,3,2,25,35,30,0,1,0.5,85,95,90,0,1,0.5,,,,85,95.04999999999998,90.05000000000001
CA,11000,155554,1,2000,2000-08-01T00:00:00Z,8,97,5,10,7.5,95,100,97.5,0,1,0.5,15,25,20,0,1,0.5,,,,15.000000000000002,25.750000000000007,20.399999999999995
CA,11000,155555,1,2000,2000-08-01T00:00:00Z,4,91.5,5,10,7.5,95,100,97.5,0,1,0.5,,,,0,1,0.5,,,,,,
CA,11000,156011,1,2000,2000-08-01T00:00:00Z,9,77,1,3,2,65,75,70,0,1,0.5,55,65,60,0,1,0.5,,,,55.00000000000001,65.35,60.199999999999996
CA,11000,156012,1,2000,2000-08-01T00:00:00Z,11,108,1,3,2,95,100,97.5,0,1,0.5,5,10,7.5,0,1,0.5,,,,5.000000000000004,10.899999999999999,7.962499999999995
CA,11000,156013,1,2000,2000-08-01T00:00:00Z,6,112,1,3,2,95,100,97.5,0,1,0.5,5,10,7.5,0,1,0.5,,,,5.000000000000004,10.899999999999999,7.962499999999995
CA,11000,156014,1,2000,2000-08-01T00:00:00Z,9,117,1,3,2,95,100,97.5,0,1,0.5,45,55,50,0,1,0.5,,,,44.99999999999999,55.45,50.24999999999999
CA,11000,156015,1,2000,2000-08-01T00:00:00Z,7,126,1,3,2,95,100,97.5,0,1,0.5,75,85,80,0,1,0.5,,,,75,85.14999999999999,80.10000000000001
CA,11000,156021,1,2000,2000-08-01T00:00:00Z,3,12,3,5,4,15,25,20,0,1,0.5,85,95,90,0,1,0.5,,,,85,95.04999999999998,90.05000000000001
CA,11000,156022,1,2000,2000-08-01T00:00:00Z,3,110.5,1,3,2,95,100,97.5,0,1,0.5,95,100,97.5,0,1,0.5,,,,95,100,97.5125
CA,11000,156023,1,2000,2000-08-01T00:00:00Z,4,101,1,3,2,85,95,90,0,1,0.5,75,85,80,0,1,0.5,,,,75,85.14999999999999,80.10000000000001
CA,11000,156024,1,2000,2000-08-01T00:00:00Z,7,56,1,3,2,55,65,60,0,1,0.5,95,100,97.5,0,1,0.5,,,,95,100,97.5125
CA,11000,156025,1,2000,2000-08-01T00:00:00Z,6,18.5,1,3,2,15,25,20,0,1,0.5,95,100,97.5,0,1,0.5,,,,95,100,97.5125
CA,11000,156031,1,2000,2000-08-01T00:00:00Z,4,98.5,5,10,7.5,85,95,90,0,1,0.5,75,85,80,0,1,0.5,,,,75,85.14999999999999,80.10000000000001
CA,11000,156032,1,2000,2000-08-01T00:00:00Z,3,105.5,5,10,7.5,95,100,97.5,0,1,0.5,95,100,97.5,0,1,0.5,,,,95,100,97.5125
CA,11000,156033,1,2000,2000-08-01T00:00:00Z,7,112.5,3,5,4,95,100,97.5,0,1,0.5,95,100,97.5,0,1,0.5,,,,95,100,97.5125
CA,11000,156034,1,2000,2000-08-01T00:00:00Z,8,103,3,5,4,85,95,90,0,1,0.5,85,95,90,0,1,0.5,,,,85,95.04999999999998,90.05000000000001
CA,11000,156035,1,2000,2000-08-01T00:00:00Z,3,100.5,0,1,0.5,85,95,90,0,1,0.5,35,45,40,0,1,0.5,,,,35,45.550000000000004,40.300000000000004
CA,11000,156041,1,2000,2000-08-01T00:00:00Z,5,104,5,10,7.5,95,100,97.5,0,1,0.5,45,55,50,0,1,0.5,,,,44.99999999999999,55.45,50.24999999999999
CA,11000,156042,1,2000,2000-08-01T00:00:00Z,6,104.5,10,15,12.5,95,100,97.5,0,1,0.5,35,45,40,0,1,0.5,,,,35,45.550000000000004,40.300000000000004
CA,11000,156043,1,2000,2000-08-01T00:00:00Z,7,112.5,3,5,4,95,100,97.5,0,1,0.5,55,65,60,0,1,0.5,,,,55.00000000000001,65.35,60.199999999999996
CA,11000,156044,1,2000,2000-08-01T00:00:00Z,8,47.5,1,3,2,55,65,60,0,1,0.5,75,85,80,0,1,0.5,,,,75,85.14999999999999,80.10000000000001
CA,11000,156045,1,2000,2000-08-01T00:00:00Z,8,26.5,0,1,0.5,15,25,20,0,1,0.5,75,85,80,0,1,0.5,,,,75,85.14999999999999,80.10000000000001
CA,11000,156051,1,2000,2000-08-01T00:00:00Z,9,101,0,1,0.5,95,100,97.5,0,1,0.5,0,1,0.5,0,1,0.5,,,,0,1.9900000000000029,0.9974999999999956
CA,11000,156052,1,2000,2000-08-01T00:00:00Z,16,84.5,5,10,7.5,85,95,90,0,1,0.5,,,,0,1,0.5,,,,,,
CA,11000,156053,1,2000,2000-08-01T00:00:00Z,14,104,3,5,4,95,100,97.5,0,1,0.5,75,85,80,0,1,0.5,,,,75,85.14999999999999,80.10000000000001
CA,11000,156054,1,2000,2000-08-01T00:00:00Z,6,22.5,3,5,4,15,25,20,0,1,0.5,85,95,90,0,1,0.5,,,,85,95.04999999999998,90.05000000000001
CA,11000,156055,1,2000,2000-08-01T00:00:00Z,8,7.5,1,3,2,5,10,7.5,0,1,0.5,75,85,80,0,1,0.5,,,,75,85.14999999999999,80.10000000000001
CA,11000,156511,1,2000,2000-08-01T00:00:00Z,6,115.5,0,1,0.5,,,,0,1,0.5,,,,0,1,0.5,,,,,,
CA,11000,156512,1,2000,2000-08-01T00:00:00Z,9,43.5,1,3,2,45,55,50,0,1,0.5,85,95,90,0,1,0.5,,,,85,95.04999999999998,90.05000000000001
CA,11000,156513,1,2000,2000-08-01T00:00:00Z,13,29.5,5,10,7.5,35,45,40,0,1,0.5,55,65,60,0,1,0.5,,,,55.00000000000001,65.35,60.199999999999996
CA,11000,156514,1,2000,2000-08-01T00:00:00Z,15,39,10,15,12.5,45,55,50,0,1,0.5,,,,0,1,0.5,,,,,,
CA,11000,156515,1,2000,2000-08-01T00:00:00Z,10,34.5,1,3,2,45,55,50,0,1,0.5,35,45,40,0,1,0.5,,,,35,45.550000000000004,40.300000000000004
CA,11000,156521,1,2000,2000-08-01T00:00:00Z,7,112.5,0,1,0.5,15,25,20,0,1,0.5,55,65,60,0,1,0.5,,,,55.00000000000001,65.35,60.199999999999996
CA,11000,156522,1,2000,2000-08-01T00:00:00Z,6,112,1,3,2,95,100,97.5,0,1,0.5,55,65,60,0,1,0.5,,,,55.00000000000001,65.35,60.199999999999996
CA,11000,156523,1,2000,2000-08-01T00:00:00Z,13,112.5,3,5,4,85,95,90,0,1,0.5,25,35,30,0,1,0.5,,,,25,35.650000000000006,30.349999999999998
CA,11000,156524,1,2000,2000-08-01T00:00:00Z,13,86,0,1,0.5,75,85,80,0,1,0.5,35,45,40,0,1,0.5,,,,35,45.550000000000004,40.300000000000004
CA,11000,156525,1,2000,2000-08-01T00:00:00Z,5,6,10,15,12.5,1,3,2,0,1,0.5,95,100,97.5,0,1,0.5,,,,95,100,97.5125
CA,11000,156531,1,2000,2000-08-01T00:00:00Z,6,99.5,0,1,0.5,95,100,97.5,0,1,0.5,85,95,90,0,1,0.5,,,,85,95.04999999999998,90.05000000000001
CA,11000,156532,1,2000,2000-08-01T00:00:00Z,2,105,1,3,2,95,100,97.5,0,1,0.5,95,100,97.5,0,1,0.5,,,,95,100,97.5125
CA,11000,156533,1,2000,2000-08-01T00:00:00Z,4,111,0,1,0.5,95,100,97.5,0,1,0.5,75,85,80,0,1,0.5,,,,75,85.14999999999999,80.10000000000001
CA,11000,156534,1,2000,2000-08-01T00:00:00Z,5,21.5,3,5,4,15,25,20,0,1,0.5,75,85,80,0,1,0.5,,,,75,85.14999999999999,80.10000000000001
CA,11000,156535,1,2000,2000-08-01T00:00:00Z,2,4.5,5,10,7.5,3,5,4,0,1,0.5,75,85,80,0,1,0.5,,,,75,85.14999999999999,80.10000000000001
CA,11000,156541,1,2000,2000-08-01T00:00:00Z,9,91,1,3,2,55,65,60,0,1,0.5,55,65,60,0,1,0.5,,,,55.00000000000001,65.35,60.199999999999996
CA,11000,156542,1,2000,2000-08-01T00:00:00Z,10,78,10,15,12.5,75,85,80,0,1,0.5,35,45,40,0,1,0.5,,,,35,45.550000000000004,40.300000000000004
CA,11000,156543,1,2000,2000-08-01T00:00:00Z,8,37,3,5,4,35,45,40,0,1,0.5,45,55,50,0,1,0.5,,,,44.99999999999999,55.45,50.24999999999999
CA,11000,156544,1,2000,2000-08-01T00:00:00Z,1,0.5,1,3,2,1,3,2,0,1,0.5,95,100,97.5,0,1,0.5,,,,95,100,97.5125
CA,11000,156545,1,2000,2000-08-01T00:00:00Z,2,1,1,3,2,1,3,2,0,1,0.5,95,100,97.5,0,1,0.5,,,,95,100,97.5125
CA,11000,156551,1,2000,2000-08-01T00:00:00Z,3,8.5,0,1,0.5,10,15,12.5,0,1,0.5,95,100,97.5,0,1,0.5,,,,95,100,97.5125
CA,11000,156552,1,2000,2000-08-01T00:00:00Z,9,18.5,1,3,2,15,25,20,0,1,0.5,85,95,90,0,1,0.5,,,,85,95.04999999999998,90.05000000000001
CA,11000,156553,1,2000,2000-08-01T00:00:00Z,11,36.5,3,5,4,25,35,30,0,1,0.5,45,55,50,0,1,0.5,,,,44.99999999999999,55.45,50.24999999999999
CA,11000,156554,1,2000,2000-08-01T00:00:00Z,3,1.5,1,3,2,1,3,2,0,1,0.5,95,100,97.5,0,1,0.5,,,,95,100,97.5125
CA,11000,156555,1,2000,2000-08-01T00:00:00Z,0,,1,3,2,,,,0,1,0.5,1,3,2,0,1,0.5,,,,1.0000000000000009,3.970000000000007,2.4900000000000033
CA,11000,205511,1,2000,2000-08-01T00:00:00Z,6,100,3,5,4,95,100,97.5,0,1,0.5,,,,0,1,0.5,,,,,,
CA,11000,205512,1,2000,2000-08-01T00:00:00Z,5,99.5,3,5,4,95,100,97.5,0,1,0.5,,,,0,1,0.5,,,,,,
CA,11000,205513,1,2000,2000-08-01T00:00:00Z,5,99.5,3,5,4,95,100,97.5,0,1,0.5,,,,0,1,0.5,,,,,,
CA,11000,205514,1,2000,2000-08-01T00:00:00Z,4,81.5,3,5,4,75,85,80,0,1,0.5,15,25,20,0,1,0.5,,,,15.000000000000002,25.750000000000007,20.399999999999995
CA,11000,205515,1,2000,2000-08-01T00:00:00Z,2,70.5,3,5,4,75,85,80,0,1,0.5,25,35,30,0,1,0.5,,,,25,35.650000000000006,30.349999999999998
CA,11000,205521,1,2000,2000-08-01T00:00:00Z,4,91.5,1,3,2,95,100,97.5,0,1,0.5,10,15,12.5,0,1,0.5,,,,9.999999999999998,15.849999999999998,12.937500000000002
CA,11000,205522,1,2000,2000-08-01T00:00:00Z,2,98,1,3,2,95,100,97.5,0,1,0.5,10,15,12.5,0,1,0.5,,,,9.999999999999998,15.849999999999998,12.937500000000002
CA,11000,205523,1,2000,2000-08-01T00:00:00Z,2,90.5,3,5,4,95,100,97.5,0,1,0.5,5,10,7.5,0,1,0.5,,,,5.000000000000004,10.899999999999999,7.962499999999995
CA,11000,205524,1,2000,2000-08-01T00:00:00Z,3,105.5,1,3,2,95,100,97.5,0,1,0.5,10,15,12.5,0,1,0.5,,,,9.999999999999998,15.849999999999998,12.937500000000002
CA,11000,205525,1,2000,2000-08-01T00:00:00Z,7,86.5,1,3,2,85,95,90,0,1,0.5,,,,0,1,0.5,,,,,,
CA,11000,205531,1,2000,2000-08-01T00:00:00Z,1,97.5,1,3,2,95,100,97.5,0,1,0.5,15,25,20,0,1,0.5,,,,15.000000000000002,25.750000000000007,20.399999999999995
CA,11000,205532,1,2000,2000-08-01T00:00:00Z,2,90.5,3,5,4,85,95,90,0,1,0.5,15,25,20,0,1,0.5,,,,15.000000000000002,25.750000000000007,20.399999999999995
CA,11000,205533,1,2000,2000-08-01T00:00:00Z,1,80,0,1,0.5,75,85,80,0,1,0.5,55,65,60,0,1,0.5,,,,55.00000000000001,65.35,60.199999999999996
CA,11000,205534,1,2000,2000-08-01T00:00:00Z,1,97.5,3,5,4,95,100,97.5,0,1,0.5,15,25,20,0,1,0.5,,,,15.000000000000002,25.750000000000007,20.399999999999995
CA,11000,205535,1,2000,2000-08-01T00:00:00Z,4,99,3,5,4,95,100,97.5,0,1,0.5,10,15,12.5,0,1,0.5,,,,9.999999999999998,15.849999999999998,12.937500000000002
CA,11000,205541,1,2000,2000-08-01T00:00:00Z,1,97.5,0,1,0.5,95,100,97.5,0,1,0.5,85,95,90,0,1,0.5,,,,85,95.04999999999998,90.05000000000001
CA,11000,205542,1,2000,2000-08-01T00:00:00Z,2,90.5,5,10,7.5,85,95,90,0,1,0.5,75,85,80,0,1,0.5,,,,75,85.14999999999999,80.10000000000001
CA,11000,205543,1,2000,2000-08-01T00:00:00Z,1,90,1,3,2,85,95,90,0,1,0.5,85,95,90,0,1,0.5,,,,85,95.04999999999998,90.05000000000001
CA,11000,205544,1,2000,2000-08-01T00:00:00Z,1,90,5,10,7.5,85,95,90,0,1,0.5,85,95,90,0,1,0.5,,,,85,95.04999999999998,90.05000000000001
CA,11000,205545,1,2000,2000-08-01T00:00:00Z,2,80.5,3,5,4,75,85,80,0,1,0.5,95,100,97.5,0,1,0.5,,,,95,100,97.5125
CA,11000,205551,1,2000,2000-08-01T00:00:00Z,3,94.5,1,3,2,95,100,97.5,0,1,0.5,65,75,70,0,1,0.5,,,,65,75.25,70.15
CA,11000,205552,1,2000,2000-08-01T00:00:00Z,4,99,1,3,2,95,100,97.5,0,1,0.5,85,95,90,0,1,0.5,,,,85,95.04999999999998,90.05000000000001
CA,11000,205553,1,2000,2000-08-01T00:00:00Z,2,90.5,1,3,2,85,95,90,0,1,0.5,75,85,80,0,1,0.5,,,,75,85.14999999999999,80.10000000000001
CA,11000,205554,1,2000,2000-08-01T00:00:00Z,3,102,1,3,2,95,100,97.5,0,1,0.5,85,95,90,0,1,0.5,,,,85,95.04999999999998,90.05000000000001
CA,11000,205555,1,2000,2000-08-01T00:00:00Z,1,90,1,3,2,85,95,90,0,1,0.5,85,95,90,0,1,0.5,,,,85,95.04999999999998,90.05000000000001
CA,11000,206011,1,2000,2000-08-01T00:00:00Z,2,80.5,5,10,7.5,75,85,80,0,1,0.5,85,95,90,0,1,0.5,,,,85,95.04999999999998,90.05000000000001
CA,11000,206012,1,2000,2000-08-01T00:00:00Z,2,90.5,3,5,4,85,95,90,0,1,0.5,85,95,90,0,1,0.5,,,,85,95.04999999999998,90.05000000000001
CA,11000,206013,1,2000,2000-08-01T00:00:00Z,2,64,3,5,4,65,75,70,0,1,0.5,85,95,90,0,1,0.5,,,,85,95.04999999999998,90.05000000000001
CA,11000,206014,1,2000,2000-08-01T00:00:00Z,3,71,1,3,2,65,75,70,0,1,0.5,95,100,97.5,0,1,0.5,,,,95,100,97.5125
CA,11000,206015,1,2000,2000-08-01T00:00:00Z,5,79,0,1,0.5,75,85,80,0,1,0.5,75,85,80,0,1,0.5,,,,75,85.14999999999999,80.10000000000001
CA,11000,206021,1,2000,2000-08-01T00:00:00Z,6,69.5,10,15,12.5,55,65,60,0,1,0.5,5,10,7.5,0,1,0.5,,,,5.000000000000004,10.899999999999999,7.962499999999995
CA,11000,206022,1,2000,2000-08-01T00:00:00Z,10,68,15,25,20,55,65,60,0,1,0.5,25,35,30,0,1,0.5,,,,25,35.650000000000006,30.349999999999998
CA,11000,206023,1,2000,2000-08-01T00:00:00Z,8,67,15,25,20,55,65,60,0,1,0.5,35,45,40,0,1,0.5,,,,35,45.550000000000004,40.300000000000004
CA,11000,206024,1,2000,2000-08-01T00:00:00Z,5,92.5,5,10,7.5,95,100,97.5,0,1,0.5,85,95,90,0,1,0.5,,,,85,95.04999999999998,90.05000000000001
CA,11000,206025,1,2000,2000-08-01T00:00:00Z,6,73,5,10,7.5,75,85,80,0,1,0.5,85,95,90,0,1,0.5,,,,85,95.04999999999998,90.05000000000001
CA,11000,206031,1,2000,2000-08-01T00:00:00Z,4,91.5,1,3,2,85,95,90,0,1,0.5,,,,0,1,0.5,,,,,,
CA,11000,206032,1,2000,2000-08-01T00:00:00Z,6,86,10,15,12.5,75,85,80,0,1,0.5,,,,0,1,0.5,,,,,,
CA,11000,206033,1,2000,2000-08-01T00:00:00Z,5,65.5,15,25,20,65,75,70,0,1,0.5,25,35,30,0,1,0.5,,,,25,35.650000000000006,30.349999999999998
CA,11000,206034,1,2000,2000-08-01T00:00:00Z,7,100.5,5,10,7.5,85,95,90,0,1,0.5,85,95,90,0,1,0.5,,,,85,95.04999999999998,90.05000000000001
CA,11000,206035,1,2000,2000-08-01T00:00:00Z,9,61.5,1,3,2,55,65,60,0,1,0.5,85,95,90,0,1,0.5,,,,85,95.04999999999998,90.05000000000001
CA,11000,206041,1,2000,2000-08-01T00:00:00Z,4,102.5,1,3,2,95,100,97.5,0,1,0.5,75,85,80,0,1,0.5,,,,75,85.14999999999999,80.10000000000001
CA,11000,206042,1,2000,2000-08-01T00:00:00Z,10,101.5,3,5,4,95,100,97.5,0,1,0.5,15,25,20,0,1,0.5,,,,15.000000000000002,25.750000000000007,20.399999999999995
CA,11000,206043,1,2000,2000-08-01T00:00:00Z,6,115.5,1,3,2,95,100,97.5,0,1,0.5,75,85,80,0,1,0.5,,,,75,85.14999999999999,80.10000000000001
CA,11000,206044,1,2000,2000-08-01T00:00:00Z,8,95.5,3,5,4,85,95,90,0,1,0.5,15,25,20,0,1,0.5,,,,15.000000000000002,25.750000000000007,20.399999999999995
CA,11000,206045,1,2000,2000-08-01T00:00:00Z,8,110,1,3,2,95,100,97.5,0,1,0.5,10,15,12.5,0,1,0.5,,,,9.999999999999998,15.849999999999998,12.937500000000002
CA,11000,206051,1,2000,2000-08-01T00:00:00Z,4,95,1,3,2,95,100,97.5,0,1,0.5,35,45,40,0,1,0.5,,,,35,45.550000000000004,40.300000000000004
CA,11000,206052,1,2000,2000-08-01T00:00:00Z,5,79,1,3,2,75,85,80,0,1,0.5,75,85,80,0,1,0.5,,,,75,85.14999999999999,80.10000000000001
CA,11000,206053,1,2000,2000-08-01T00:00:00Z,4,114.5,1,3,2,95,100,97.5,0,1,0.5,65,75,70,0,1,0.5,,,,65,75.25,70.15
CA,11000,206054,1,2000,2000-08-01T00:00:00Z,7,105,3,5,4,95,100,97.5,0,1,0.5,45,55,50,0,1,0.5,,,,44.99999999999999,55.45,50.24999999999999
CA,11000,206055,1,2000,2000-08-01T00:00:00Z,9,96,10,15,12.5,95,100,97.5,0,1,0.5,35,45,40,0,1,0.5,,,,35,45.550000000000004,40.300000000000004
CA,11000,206511,1,2000,2000-08-01T00:00:00Z,11,101,5,10,7.5,85,95,90,0,1,0.5,75,85,80,0,1,0.5,,,,75,85.14999999999999,80.10000000000001
CA,11000,206512,1,2000,2000-08-01T00:00:00Z,11,96.5,5,10,7.5,75,85,80,0,1,0.5,75,85,80,0,1,0.5,,,,75,85.14999999999999,80.10000000000001
CA,11000,206513,1,2000,2000-08-01T00:00:00Z,7,53,1,3,2,65,75,70,0,1,0.5,85,95,90,0,1,0.5,,,,85,95.04999999999998,90.05000000000001
CA,11000,206514,1,2000,2000-08-01T00:00:00Z,4,28.5,0,1,0.5,25,35,30,0,1,0.5,95,100,97.5,0,1,0.5,,,,95,100,97.5125
CA,11000,206515,1,2000,2000-08-01T00:00:00Z,5,38.5,0,1,0.5,25,35,30,0,1,0.5,95,100,97.5,0,1,0.5,,,,95,100,97.5125
CA,11000,206521,1,2000,2000-08-01T00:00:00Z,9,110,3,5,4,85,95,90,0,1,0.5,15,25,20,0,1,0.5,,,,15.000000000000002,25.750000000000007,20.399999999999995
CA,11000,206522,1,2000,2000-08-01T00:00:00Z,10,80.5,5,10,7.5,85,95,90,0,1,0.5,15,25,20,0,1,0.5,,,,15.000000000000002,25.750000000000007,20.399999999999995
CA,11000,206523,1,2000,2000-08-01T00:00:00Z,13,59,5,10,7.5,55,65,60,0,1,0.5,65,75,70,0,1,0.5,,,,65,75.25,70.15
CA,11000,206524,1,2000,2000-08-01T00:00:00Z,5,13,0,1,0.5,10,15,12.5,0,1,0.5,95,100,97.5,0,1,0.5,,,,95,100,97.5125
CA,11000,206525,1,2000,2000-08-01T00:00:00Z,5,25.5,0,1,0.5,15,25,20,0,1,0.5,75,85,80,0,1,0.5,,,,75,85.14999999999999,80.10000000000001
CA,11000,206531,1,2000,2000-08-01T00:00:00Z,9,124.5,3,5,4,95,100,97.5,0,1,0.5,15,25,20,0,1,0.5,,,,15.000000000000002,25.750000000000007,20.399999999999995
CA,11000,206532,1,2000,2000-08-01T00:00:00Z,10,104,3,5,4,85,95,90,0,1,0.5,15,25,20,0,1,0.5,,,,15.000000000000002,25.750000000000007,20.399999999999995
CA,11000,206533,1,2000,2000-08-01T00:00:00Z,9,81,10,15,12.5,65,75,70,0,1,0.5,85,95,90,0,1,0.5,,,,85,95.04999999999998,90.05000000000001
CA,11000,206534,1,2000,2000-08-01T00:00:00Z,5,25,10,15,12.5,15,25,20,0,1,0.5,95,100,97.5,0,1,0.5,,,,95,100,97.5125
CA,11000,206535,1,2000,2000-08-01T00:00:00Z,3,5,1,3,2,3,5,4,0,1,0.5,95,100,97.5,0,1,0.5,,,,95,100,97.5125
CA,11000,206541,1,2000,2000-08-01T00:00:00Z,11,88.5,10,15,12.5,85,95,90,0,1,0.5,35,45,40,0,1,0.5,,,,35,45.550000000000004,40.300000000000004
CA,11000,206542,1,2000,2000-08-01T00:00:00Z,7,31.5,1,3,2,35,45,40,0,1,0.5,65,75,70,0,1,0.5,,,,65,75.25,70.15
CA,11000,206543,1,2000,2000-08-01T00:00:00Z,5,25,1,3,2,15,25,20,0,1,0.5,95,100,97.5,0,1,0.5,,,,95,100,97.5125
CA,11000,206544,1,2000,2000-08-01T00:00:00Z,8,46,1,3,2,35,45,40,0,1,0.5,95,100,97.5,0,1,0.5,,,,95,100,97.5125
CA,11000,206545,1,2000,2000-08-01T00:00:00Z,5,13,1,3,2,10,15,12.5,0,1,0.5,95,100,97.5,0,1,0.5,,,,95,100,97.5125
CA,11000,206551,1,2000,2000-08-01T00:00:00Z,8,83,10,15,12.5,85,95,90,0,1,0.5,1,3,2,0,1,0.5,,,,1.0000000000000009,3.970000000000007,2.4900000000000033
CA,11000,206552,1,2000,2000-08-01T00:00:00Z,5,52,10,15,12.5,65,75,70,0,1,0.5,25,35,30,0,1,0.5,,,,25,35.650000000000006,30.349999999999998
CA,11000,206553,1,2000,2000-08-01T00:00:00Z,9,78.5,10,15,12.5,65,75,70,0,1,0.5,25,35,30,0,1,0.5,,,,25,35.650000000000006,30.349999999999998
CA,11000,206554,1,2000,2000-08-01T00:00:00Z,8,87.5,1,3,2,75,85,80,0,1,0.5,5,10,7.5,0,1,0.5,,,,5.000000000000004,10.899999999999999,7.962499999999995
CA,11000,206555,1,2000,2000-08-01T00:00:00Z,7,67.5,1,3,2,65,75,70,0,1,0.5,35,45,40,0,1,0.5,,,,35,45.550000000000004,40.300000000000004
CA,11000,207011,1,2000,2000-08-01T00:00:00Z,3,5,1,3,2,3,5,4,0,1,0.5,95,100,97.5,0,1,0.5,,,,95,100,97.5125
CA,11000,207012,1,2000,2000-08-01T00:00:00Z,6,17,1,3,2,15,25,20,0,1,0.5,75,85,80,0,1,0.5,,,,75,85.14999999999999,80.10000000000001
CA,11000,207013,1,2000,2000-08-01T00:00:00Z,5,13,3,5,4,10,15,12.5,0,1,0.5,85,95,90,0,1,0.5,,,,85,95.04999999999998,90.05000000000001
CA,11000,207014,1,2000,2000-08-01T00:00:00Z,4,25,1,3,2,10,15,12.5,0,1,0.5,95,100,97.5,0,1,0.5,,,,95,100,97.5125
CA,11000,207015,1,2000,2000-08-01T00:00:00Z,3,5,1,3,2,10,15,12.5,0,1,0.5,95,100,97.5,0,1,0.5,,,,95,100,97.5125
CA,11000,207021,1,2000,2000-08-01T00:00:00Z,3,5,1,3,2,3,5,4,0,1,0.5,95,100,97.5,0,1,0.5,,,,95,100,97.5125
CA,11000,207022,1,2000,2000-08-01T00:00:00Z,4,5.5,1,3,2,3,5,4,0,1,0.5,95,100,97.5,0,1,0.5,,,,95,100,97.5125
CA,11000,207023,1,2000,2000-08-01T00:00:00Z,2,4.5,0,1,0.5,3,5,4,0,1,0.5,95,100,97.5,0,1,0.5,,,,95,100,97.5125
CA,11000,207024,1,2000,2000-08-01T00:00:00Z,6,6.5,1,3,2,5,10,7.5,0,1,0.5,95,100,97.5,0,1,0.5,,,,95,100,97.5125
CA,11000,207025,1,2000,2000-08-01T00:00:00Z,5,25.5,0,1,0.5,15,25,20,0,1,0.5,95,100,97.5,0,1,0.5,,,,95,100,97.5125
CA,11000,207031,1,2000,2000-08-01T00:00:00Z,4,9,1,3,2,25,35,30,0,1,0.5,95,100,97.5,0,1,0.5,,,,95,100,97.5125
CA,11000,207032,1,2000,2000-08-01T00:00:00Z,5,23.5,0,1,0.5,15,25,20,0,1,0.5,95,100,97.5,0,1,0.5,,,,95,100,97.5125
CA,11000,207033,1,2000,2000-08-01T00:00:00Z,6,10,0,1,0.5,5,10,7.5,0,1,0.5,95,100,97.5,0,1,0.5,,,,95,100,97.5125
CA,11000,207034,1,2000,2000-08-01T00:00:00Z,5,20,1,3,2,15,25,20,0,1,0.5,95,100,97.5,0,1,0.5,,,,95,100,97.5125
CA,11000,207035,1,2000,2000-08-01T00:00:00Z,8,34,1,3,2,25,35,30,0,1,0.5,75,85,80,0,1,0.5,,,,75,85.14999999999999,80.10000000000001
CA,11000,207041,1,2000,2000-08-01T00:00:00Z,2,1,1,3,2,1,3,2,0,1,0.5,95,100,97.5,0,1,0.5,,,,95,100,97.5125
CA,11000,207042,1,2000,2000-08-01T00:00:00Z,3,1.5,0,1,0.5,1,3,2,0,1,0.5,95,100,97.5,0,1,0.5,,,,95,100,97.5125
CA,11000,207043,1,2000,2000-08-01T00:00:00Z,1,0.5,0,1,0.5,1,3,2,0,1,0.5,95,100,97.5,0,1,0.5,,,,95,100,97.5125
CA,11000,207044,1,2000,2000-08-01T00:00:00Z,5,9.5,1,3,2,5,10,7.5,0,1,0.5,95,100,97.5,0,1,0.5,,,,95,100,97.5125
CA,11000,207045,1,2000,2000-08-01T00:00:00Z,3,1.5,0,1,0.5,1,3,2,0,1,0.5,95,100,97.5,0,1,0.5,,,,95,100,97.5125
CA,11000,207051,1,2000,2000-08-01T00:00:00Z,3,12,1,3,2,10,15,12.5,0,1,0.5,95,100,97.5,0,1,0.5,,,,95,100,97.5125
CA,11000,207052,1,2000,2000-08-01T00:00:00Z,2,1,1,3,2,1,3,2,0,1,0.5,95,100,97.5,0,1,0.5,,,,95,100,97.5125
CA,11000,207053,1,2000,2000-08-01T00:00:00Z,0,,1,3,2,,,,0,1,0.5,1,3,2,0,1,0.5,,,,1.0000000000000009,3.970000000000007,2.4900000000000033
CA,11000,207054,1,2000,2000-08-01T00:00:00Z,2,1,1,3,2,1,3,2,0,1,0.5,95,100,97.5,0,1,0.5,,,,95,100,97.5125
CA,11000,207055,1,2000,2000-08-01T00:00:00Z,2,1,1,3,2,1,3,2,0,1,0.5,95,100,97.5,0,1,0.5,,,,95,100,97.5125
CA,11000,255511,1,2000,2000-08-01T00:00:00Z,17,91.5,1,3,2,1,3,2,0,1,0.5,95,100,97.5,0,1,0.5,,,,95,100,97.5125
CA,11000,255512,1,2000,2000-08-01T00:00:00Z,4,95,1,3,2,95,100,97.5,0,1,0.5,55,65,60,0,1,0.5,,,,55.00000000000001,65.35,60.199999999999996
CA,11000,255513,1,2000,2000-08-01T00:00:00Z,1,90,3,5,4,85,95,90,0,1,0.5,75,85,80,0,1,0.5,,,,75,85.14999999999999,80.10000000000001
CA,11000,255514,1,2000,2000-08-01T00:00:00Z,1,90,0,1,0.5,85,95,90,0,1,0.5,85,95,90,0,1,0.5,,,,85,95.04999999999998,90.05000000000001
CA,11000,255515,1,2000,2000-08-01T00:00:00Z,4,55,1,3,2,55,65,60,0,1,0.5,85,95,90,0,1,0.5,,,,85,95.04999999999998,90.05000000000001
CA,11000,255521,1,2000,2000-08-01T00:00:00Z,4,99,3,5,4,95,100,97.5,0,1,0.5,10,15,12.5,0,1,0.5,,,,9.999999999999998,15.849999999999998,12.937500000000002
CA,11000,255522,1,2000,2000-08-01T00:00:00Z,2,80.5,3,5,4,75,85,80,0,1,0.5,35,45,40,0,1,0.5,,,,35,45.550000000000004,40.300000000000004
CA,11000,255523,1,2000,2000-08-01T00:00:00Z,1,30,3,5,4,25,35,30,0,1,0.5,75,85,80,0,1,0.5,,,,75,85.14999999999999,80.10000000000001
CA,11000,255524,1,2000,2000-08-01T00:00:00Z,1,40,1,3,2,35,45,40,0,1,0.5,65,75,70,0,1,0.5,,,,65,75.25,70.15
CA,11000,255525,1,2000,2000-08-01T00:00:00Z,3,71,3,5,4,65,75,70,0,1,0.5,75,85,80,0,1,0.5,,,,75,85.14999999999999,80.10000000000001
CA,11000,255531,1,2000,2000-08-01T00:00:00Z,6,99.5,5,10,7.5,85,95,90,0,1,0.5,,,,0,1,0.5,,,,,,
CA,11000,255532,1,2000,2000-08-01T00:00:00Z,3,1.5,1,3,2,95,100,97.5,0,1,0.5,,,,0,1,0.5,,,,,,
CA,11000,255533,1,2000,2000-08-01T00:00:00Z,7,96.5,3,5,4,85,95,90,0,1,0.5,5,10,7.5,0,1,0.5,,,,5.000000000000004,10.899999999999999,7.962499999999995
CA,11000,255534,1,2000,2000-08-01T00:00:00Z,3,94.5,0,1,0.5,95,100,97.5,0,1,0.5,15,25,20,0,1,0.5,,,,15.000000000000002,25.750000000000007,20.399999999999995
CA,11000,255535,1,2000,2000-08-01T00:00:00Z,3,106.5,0,1,0.5,95,100,97.5,0,1,0.5,35,45,40,0,1,0.5,,,,35,45.550000000000004,40.300000000000004
CA,11000,255541,1,2000,2000-08-01T00:00:00Z,5,92,5,10,7.5,95,100,97.5,0,1,0.5,,,,0,1,0.5,,,,,,
CA,11000,255542,1,2000,2000-08-01T00:00:00Z,4,91.5,3,5,4,95,100,97.5,0,1,0.5,,,,0,1,0.5,,,,,,
CA,11000,255543,1,2000,2000-08-01T00:00:00Z,7,104,3,5,4,95,100,97.5,0,1,0.5,,,,0,1,0.5,,,,,,
CA,11000,255544,1,2000,2000-08-01T00:00:00Z,5,95.5,3,5,4,95,100,97.5,0,1,0.5,10,15,12.5,0,1,0.5,,,,9.999999999999998,15.849999999999998,12.937500000000002
CA,11000,255545,1,2000,2000-08-01T00:00:00Z,5,95.5,3,5,4,95,100,97.5,0,1,0.5,15,25,20,0,1,0.5,,,,15.000000000000002,25.750000000000007,20.399999999999995
CA,11000,255551,1,2000,2000-08-01T00:00:00Z,3,101.5,3,5,4,95,100,97.5,0,1,0.5,,,,0,1,0.5,,,,,,
CA,11000,255552,1,2000,2000-08-01T00:00:00Z,5,103,1,3,2,95,100,97.5,0,1,0.5,,,,0,1,0.5,,,,,,
CA,11000,255553,1,2000,2000-08-01T00:00:00Z,3,98.5,1,3,2,95,100,97.5,0,1,0.5,5,10,7.5,0,1,0.5,,,,5.000000000000004,10.899999999999999,7.962499999999995
CA,11000,255554,1,2000,2000-08-01T00:00:00Z,3,41,3,5,4,25,35,30,0,1,0.5,85,95,90,0,1,0.5,,,,85,95.04999999999998,90.05000000000001
CA,11000,255555,1,2000,2000-08-01T00:00:00Z,2,80.5,3,5,4,75,85,80,0,1,0.5,75,85,80,0,1,0.5,,,,75,85.14999999999999,80.10000000000001
CA,11000,256011,1,2000,2000-08-01T00:00:00Z,4,71.5,3,5,4,65,75,70,0,1,0.5,25,35,30,0,1,0.5,,,,25,35.650000000000006,30.349999999999998
CA,11000,256012,1,2000,2000-08-01T00:00:00Z,4,92,0,1,0.5,85,95,90,0,1,0.5,15,25,20,0,1,0.5,,,,15.000000000000002,25.750000000000007,20.399999999999995
CA,11000,256013,1,2000,2000-08-01T00:00:00Z,6,96.5,1,3,2,85,95,90,0,1,0.5,75,85,80,0,1,0.5,,,,75,85.14999999999999,80.10000000000001
CA,11000,256014,1,2000,2000-08-01T00:00:00Z,5,81,0,1,0.5,65,75,70,0,1,0.5,95,100,97.5,0,1,0.5,,,,95,100,97.5125
CA,11000,256015,1,2000,2000-08-01T00:00:00Z,6,10,3,5,4,10,15,12.5,0,1,0.5,95,100,97.5,0,1,0.5,,,,95,100,97.5125
CA,11000,256021,1,2000,2000-08-01T00:00:00Z,4,95,1,3,2,95,100,97.5,0,1,0.5,45,55,50,0,1,0.5,,,,44.99999999999999,55.45,50.24999999999999
CA,11000,256022,1,2000,2000-08-01T00:00:00Z,5,82,1,3,2,75,85,80,0,1,0.5,55,65,60,0,1,0.5,,,,55.00000000000001,65.35,60.199999999999996
CA,11000,256023,1,2000,2000-08-01T00:00:00Z,5,55.5,1,3,2,45,55,50,0,1,0.5,75,85,80,0,1,0.5,,,,75,85.14999999999999,80.10000000000001
CA,11000,256024,1,2000,2000-08-01T00:00:00Z,6,99.5,1,3,2,95,100,97.5,0,1,0.5,85,95,90,0,1,0.5,,,,85,95.04999999999998,90.05000000000001
CA,11000,256025,1,2000,2000-08-01T00:00:00Z,6,10,1,3,2,10,15,12.5,0,1,0.5,95,100,97.5,0,1,0.5,,,,95,100,97.5125
CA,11000,256031,1,2000,2000-08-01T00:00:00Z,2,98,0,1,0.5,95,100,97.5,0,1,0.5,15,25,20,0,1,0.5,,,,15.000000000000002,25.750000000000007,20.399999999999995
CA,11000,256032,1,2000,2000-08-01T00:00:00Z,4,98.5,1,3,2,85,95,90,0,1,0.5,25,35,30,0,1,0.5,,,,25,35.650000000000006,30.349999999999998
CA,11000,256033,1,2000,2000-08-01T00:00:00Z,4,94.5,5,10,7.5,75,85,80,0,1,0.5,35,45,40,0,1,0.5,,,,35,45.550000000000004,40.300000000000004
CA,11000,256034,1,2000,2000-08-01T00:00:00Z,4,92,0,1,0.5,85,95,90,0,1,0.5,75,85,80,0,1,0.5,,,,75,85.14999999999999,80.10000000000001
CA,11000,256035,1,2000,2000-08-01T00:00:00Z,4,89,1,3,2,75,85,80,0,1,0.5,85,95,90,0,1,0.5,,,,85,95.04999999999998,90.05000000000001
CA,11000,256041,1,2000,2000-08-01T00:00:00Z,4,102.5,3,5,4,95,100,97.5,0,1,0.5,15,25,20,0,1,0.5,,,,15.000000000000002,25.750000000000007,20.399999999999995
CA,11000,256042,1,2000,2000-08-01T00:00:00Z,4,95,1,3,2,95,100,97.5,0,1,0.5,35,45,40,0,1,0.5,,,,35,45.550000000000004,40.300000000000004
CA,11000,256043,1,2000,2000-08-01T00:00:00Z,4,35,3,5,4,35,45,40,0,1,0.5,65,75,70,0,1,0.5,,,,65,75.25,70.15
CA,11000,256044,1,2000,2000-08-01T00:00:00Z,5,99,3,5,4,95,100,97.5,0,1,0.5,95,100,97.5,0,1,0.5,,,,95,100,97.5125
CA,11000,256045,1,2000,2000-08-01T00:00:00Z,6,105.5,1,3,2,95,100,97.5,0,1,0.5,75,85,80,0,1,0.5,,,,75,85.14999999999999,80.10000000000001
CA,11000,256051,1,2000,2000-08-01T00:00:00Z,3,91,3,5,4,85,95,90,0,1,0.5,10,15,12.5,0,1,0.5,,,,9.999999999999998,15.849999999999998,12.937500000000002
CA,11000,256052,1,2000,2000-08-01T00:00:00Z,3,84.5,1,3,2,75,85,80,0,1,0.5,35,45,40,0,1,0.5,,,,35,45.550000000000004,40.300000000000004
CA,11000,256053,1,2000,2000-08-01T00:00:00Z,4,17.5,1,3,2,15,25,20,0,1,0.5,85,95,90,0,1,0.5,,,,85,95.04999999999998,90.05000000000001
CA,11000,256054,1,2000,2000-08-01T00:00:00Z,5,115,1,3,2,75,85,80,0,1,0.5,35,45,40,0,1,0.5,,,,35,45.550000000000004,40.300000000000004
CA,11000,256055,1,2000,2000-08-01T00:00:00Z,10,121.5,0,1,0.5,75,85,80,0,1,0.5,75,85,80,0,1,0.5,,,,75,85.14999999999999,80.10000000000001
CA,11000,256511,1,2000,2000-08-01T00:00:00Z,6,22,3,5,4,25,35,30,0,1,0.5,95,100,97.5,0,1,0.5,,,,95,100,97.5125
CA,11000,256512,1,2000,2000-08-01T00:00:00Z,5,32.5,3,5,4,25,35,30,0,1,0.5,95,100,97.5,0,1,0.5,,,,95,100,97.5125
CA,11000,256513,1,2000,2000-08-01T00:00:00Z,6,57.5,1,3,2,55,65,60,0,1,0.5,95,100,97.5,0,1,0.5,,,,95,100,97.5125
CA,11000,256514,1,2000,2000-08-01T00:00:00Z,5,13,1,3,2,10,15,12.5,0,1,0.5,95,100,97.5,0,1,0.5,,,,95,100,97.5125
CA,11000,256515,1,2000,2000-08-01T00:00:00Z,9,23.5,1,3,2,25,35,30,0,1,0.5,85,95,90,0,1,0.5,,,,85,95.04999999999998,90.05000000000001
CA,11000,256521,1,2000,2000-08-01T00:00:00Z,3,38,1,3,2,35,45,40,0,1,0.5,95,100,97.5,0,1,0.5,,,,95,100,97.5125
CA,11000,256522,1,2000,2000-08-01T00:00:00Z,5,28.5,1,3,2,15,25,20,0,1,0.5,95,100,97.5,0,1,0.5,,,,95,100,97.5125
CA,11000,256523,1,2000,2000-08-01T00:00:00Z,7,88,1,3,2,65,75,70,0,1,0.5,95,100,97.5,0,1,0.5,,,,95,100,97.5125
CA,11000,256524,1,2000,2000-08-01T00:00:00Z,7,109.5,1,3,2,75,85,80,0,1,0.5,95,100,97.5,0,1,0.5,,,,95,100,97.5125
CA,11000,256525,1,2000,2000-08-01T00:00:00Z,10,88,1,3,2,75,85,80,0,1,0.5,45,55,50,0,1,0.5,,,,44.99999999999999,55.45,50.24999999999999
CA,11000,256531,1,2000,2000-08-01T00:00:00Z,6,51.5,1,3,2,35,45,40,0,1,0.5,95,100,97.5,0,1,0.5,,,,95,100,97.5125
CA,11000,256532,1,2000,2000-08-01T00:00:00Z,6,43,3,5,4,35,45,40,0,1,0.5,85,95,90,0,1,0.5,,,,85,95.04999999999998,90.05000000000001
CA,11000,256533,1,2000,2000-08-01T00:00:00Z,6,20.5,5,10,7.5,15,25,20,0,1,0.5,85,95,90,0,1,0.5,,,,85,95.04999999999998,90.05000000000001
CA,11000,256534,1,2000,2000-08-01T00:00:00Z,7,14,1,3,2,10,15,12.5,0,1,0.5,95,100,97.5,0,1,0.5,,,,95,100,97.5125
CA,11000,256535,1,2000,2000-08-01T00:00:00Z,6,18.5,1,3,2,15,25,20,0,1,0.5,95,100,97.5,0,1,0.5,,,,95,100,97.5125
CA,11000,256541,1,2000,2000-08-01T00:00:00Z,9,30.5,1,3,2,15,25,20,0,1,0.5,95,100,97.5,0,1,0.5,,,,95,100,97.5125
CA,11000,256542,1,2000,2000-08-01T00:00:00Z,7,26,1,3,2,15,25,20,0,1,0.5,95,100,97.5,0,1,0.5,,,,95,100,97.5125
CA,11000,256543,1,2000,2000-08-01T00:00:00Z,5,41,1,3,2,25,35,30,0,1,0.5,95,100,97.5,0,1,0.5,,,,95,100,97.5125
CA,11000,256544,1,2000,2000-08-01T00:00:00Z,7,19,0,1,0.5,15,25,20,0,1,0.5,95,100,97.5,0,1,0.5,,,,95,100,97.5125
CA,11000,256545,1,2000,2000-08-01T00:00:00Z,4,2,1,3,2,1,3,2,0,1,0.5,95,100,97.5,0,1,0.5,,,,95,100,97.5125
CA,11000,256551,1,2000,2000-08-01T00:00:00Z,6,22,1,3,2,15,25,20,0,1,0.5,10,15,12.5,0,1,0.5,,,,9.999999999999998,15.849999999999998,12.937500000000002
CA,11000,256552,1,2000,2000-08-01T00:00:00Z,7,73,1,3,2,55,65,60,0,1,0.5,75,85,80,0,1,0.5,,,,75,85.14999999999999,80.10000000000001
CA,11000,256553,1,2000,2000-08-01T00:00:00Z,5,49.5,1,3,2,45,55,50,0,1,0.5,85,95,90,0,1,0.5,,,,85,95.04999999999998,90.05000000000001
CA,11000,256554,1,2000,2000-08-01T00:00:00Z,5,9.5,0,1,0.5,3,5,4,0,1,0.5,95,100,97.5,0,1,0.5,,,,95,100,97.5125
CA,11000,256555,1,2000,2000-08-01T00:00:00Z,4,12.5,0,1,0.5,10,15,12.5,0,1,0.5,95,100,97.5,0,1,0.5,,,,95,100,97.5125
CA,11000,257011,1,2000,2000-08-01T00:00:00Z,14,29.5,1,3,2,25,35,30,0,1,0.5,75,85,80,0,1,0.5,,,,75,85.14999999999999,80.10000000000001
CA,11000,257012,1,2000,2000-08-01T00:00:00Z,13,72.5,1,3,2,85,95,90,0,1,0.5,65,75,70,0,1,0.5,,,,65,75.25,70.15
CA,11000,257013,1,2000,2000-08-01T00:00:00Z,9,8,1,3,2,5,10,7.5,0,1,0.5,95,100,97.5,0,1,0.5,,,,95,100,97.5125
CA,11000,257014,1,2000,2000-08-01T00:00:00Z,4,2,3,5,4,1,3,2,0,1,0.5,95,100,97.5,0,1,0.5,,,,95,100,97.5125
CA,11000,257015,1,2000,2000-08-01T00:00:00Z,4,35.5,1,3,2,35,45,40,0,1,0.5,95,100,97.5,0,1,0.5,,,,95,100,97.5125
CA,11000,257021,1,2000,2000-08-01T00:00:00Z,4,21.5,3,5,4,15,25,20,0,1,0.5,95,100,97.5,0,1,0.5,,,,95,100,97.5125
CA,11000,257022,1,2000,2000-08-01T00:00:00Z,7,14,3,5,4,10,15,12.5,0,1,0.5,95,100,97.5,0,1,0.5,,,,95,100,97.5125
CA,11000,257023,1,2000,2000-08-01T00:00:00Z,5,6,1,3,2,3,5,4,0,1,0.5,95,100,97.5,0,1,0.5,,,,95,100,97.5125
CA,11000,257024,1,2000,2000-08-01T00:00:00Z,4,5.5,1,3,2,3,5,4,0,1,0.5,85,95,90,0,1,0.5,,,,85,95.04999999999998,90.05000000000001
CA,11000,257025,1,2000,2000-08-01T00:00:00Z,5,21.5,1,3,2,15,25,20,0,1,0.5,95,100,97.5,0,1,0.5,,,,95,100,97.5125
CA,11000,257031,1,2000,2000-08-01T00:00:00Z,5,29,1,3,2,15,25,20,0,1,0.5,85,95,90,0,1,0.5,,,,85,95.04999999999998,90.05000000000001
CA,11000,257032,1,2000,2000-08-01T00:00:00Z,9,20,1,3,2,15,25,20,0,1,0.5,85,95,90,0,1,0.5,,,,85,95.04999999999998,90.05000000000001
CA,11000,257033,1,2000,2000-08-01T00:00:00Z,2,4.5,1,3,2,3,5,4,0,1,0.5,95,100,97.5,0,1,0.5,,,,95,100,97.5125
CA,11000,257034,1,2000,2000-08-01T00:00:00Z,8,19.5,0,1,0.5,15,25,20,0,1,0.5,85,95,90,0,1,0.5,,,,85,95.04999999999998,90.05000000000001
CA,11000,257035,1,2000,2000-08-01T00:00:00Z,7,10.5,1,3,2,5,10,7.5,0,1,0.5,95,100,97.5,0,1,0.5,,,,95,100,97.5125
CA,11000,257041,1,2000,2000-08-01T00:00:00Z,8,21.5,1,3,2,15,25,20,0,1,0.5,95,100,97.5,0,1,0.5,,,,95,100,97.5125
CA,11000,257042,1,2000,2000-08-01T00:00:00Z,6,40,1,3,2,25,35,30,0,1,0.5,75,85,80,0,1,0.5,,,,75,85.14999999999999,80.10000000000001
CA,11000,257043,1,2000,2000-08-01T00:00:00Z,1,4,1,3,2,1,3,2,0,1,0.5,95,100,97.5,0,1,0.5,,,,95,100,97.5125
CA,11000,257044,1,2000,2000-08-01T00:00:00Z,7,60,1,3,2,45,55,50,0,1,0.5,45,55,50,0,1,0.5,,,,44.99999999999999,55.45,50.24999999999999
CA,11000,257045,1,2000,2000-08-01T00:00:00Z,11,74.5,1,3,2,75,85,80,0,1,0.5,15,25,20,0,1,0.5,,,,15.000000000000002,25.750000000000007,20.399999999999995
CA,11000,257051,1,2000,2000-08-01T00:00:00Z,6,25.5,0,1,0.5,15,25,20,0,1,0.5,95,100,97.5,0,1,0.5,,,,95,100,97.5125
CA,11000,257052,1,2000,2000-08-01T00:00:00Z,6,24,1,3,2,15,25,20,0,1,0.5,95,100,97.5,0,1,0.5,,,,95,100,97.5125
CA,11000,257053,1,2000,2000-08-01T00:00:00Z,4,9,1,3,2,10,15,12.5,0,1,0.5,95,100,97.5,0,1,0.5,,,,95,100,97.5125
CA,11000,257054,1,2000,2000-08-01T00:00:00Z,8,67.5,1,3,2,55,65,60,0,1,0.5,95,100,97.5,0,1,0.5,,,,95,100,97.5125
CA,11000,257055,1,2000,2000-08-01T00:00:00Z,8,64,1,3,2,45,55,50,0,1,0.5,75,85,80,0,1,0.5,,,,75,85.14999999999999,80.10000000000001
CA,11000,305511,1,2000,2000-08-01T00:00:00Z,1,0.5,0,1,0.5,1,3,2,0,1,0.5,95,100,97.5,0,1,0.5,,,,95,100,97.5125
CA,11000,305512,1,2000,2000-08-01T00:00:00Z,0,,0,1,0.5,,,,0,1,0.5,1,3,2,0,1,0.5,,,,1.0000000000000009,3.970000000000007,2.4900000000000033
CA,11000,305513,1,2000,2000-08-01T00:00:00Z,0,,0,1,0.5,,,,0,1,0.5,1,3,2,0,1,0.5,,,,1.0000000000000009,3.970000000000007,2.4900000000000033
CA,11000,305514,1,2000,2000-08-01T00:00:00Z,0,,0,1,0.5,,,,0,1,0.5,1,3,2,0,1,0.5,,,,1.0000000000000009,3.970000000000007,2.4900000000000033
CA,11000,305515,1,2000,2000-08-01T00:00:00Z,0,,1,3,2,,,,0,1,0.5,1,3,2,0,1,0.5,,,,1.0000000000000009,3.970000000000007,2.4900000000000033
CA,11000,305521,1,2000,2000-08-01T00:00:00Z,2,2.5,15,25,20,1,3,2,0,1,0.5,95,100,97.5,0,1,0.5,,,,95,100,97.5125
CA,11000,305522,1,2000,2000-08-01T00:00:00Z,1,0.5,1,3,2,1,3,2,0,1,0.5,95,100,97.5,0,1,0.5,,,,95,100,97.5125
CA,11000,305523,1,2000,2000-08-01T00:00:00Z,1,0.5,1,3,2,1,3,2,0,1,0.5,95,100,97.5,0,1,0.5,,,,95,100,97.5125
CA,11000,305524,1,2000,2000-08-01T00:00:00Z,0,,0,1,0.5,,,,0,1,0.5,1,3,2,0,1,0.5,,,,1.0000000000000009,3.970000000000007,2.4900000000000033
CA,11000,305525,1,2000,2000-08-01T00:00:00Z,1,0.5,1,3,2,1,3,2,0,1,0.5,95,100,97.5,0,1,0.5,,,,95,100,97.5125
CA,11000,305531,1,2000,2000-08-01T00:00:00Z,5,43.5,3,5,4,1,3,2,0,1,0.5,65,75,70,0,1,0.5,,,,65,75.25,70.15
CA,11000,305532,1,2000,2000-08-01T00:00:00Z,4,3.5,5,10,7.5,3,5,4,0,1,0.5,95,100,97.5,0,1,0.5,,,,95,100,97.5125
CA,11000,305533,1,2000,2000-08-01T00:00:00Z,1,0.5,1,3,2,1,3,2,0,1,0.5,95,100,97.5,0,1,0.5,,,,95,100,97.5125
CA,11000,305534,1,2000,2000-08-01T00:00:00Z,1,0.5,1,3,2,,,,0,1,0.5,1,3,2,0,1,0.5,,,,1.0000000000000009,3.970000000000007,2.4900000000000033
CA,11000,305535,1,2000,2000-08-01T00:00:00Z,1,0.5,1,3,2,1,3,2,0,1,0.5,95,100,97.5,0,1,0.5,,,,95,100,97.5125
CA,11000,305541,1,2000,2000-08-01T00:00:00Z,4,91.5,1,3,2,85,95,90,0,1,0.5,55,65,60,0,1,0.5,,,,55.00000000000001,65.35,60.199999999999996
CA,11000,305542,1,2000,2000-08-01T00:00:00Z,5,32,5,10,7.5,25,35,30,0,1,0.5,85,95,90,0,1,0.5,,,,85,95.04999999999998,90.05000000000001
CA,11000,305543,1,2000,2000-08-01T00:00:00Z,2,1,5,10,7.5,15,25,20,0,1,0.5,75,85,80,0,1,0.5,,,,75,85.14999999999999,80.10000000000001
CA,11000,305544,1,2000,2000-08-01T00:00:00Z,2,20.5,5,10,7.5,15,25,20,0,1,0.5,75,85,80,0,1,0.5,,,,75,85.14999999999999,80.10000000000001
CA,11000,305545,1,2000,2000-08-01T00:00:00Z,1,0.5,3,5,4,1,3,2,0,1,0.5,95,100,97.5,0,1,0.5,,,,95,100,97.5125
CA,11000,305551,1,2000,2000-08-01T00:00:00Z,3,94.5,1,3,2,85,95,90,0,1,0.5,55,65,60,0,1,0.5,,,,55.00000000000001,65.35,60.199999999999996
CA,11000,305552,1,2000,2000-08-01T00:00:00Z,2,2.5,1,3,2,85,95,90,0,1,0.5,65,75,70,0,1,0.5,,,,65,75.25,70.15
CA,11000,305553,1,2000,2000-08-01T00:00:00Z,1,40,1,3,2,35,45,40,0,1,0.5,85,95,90,0,1,0.5,,,,85,95.04999999999998,90.05000000000001
CA,11000,305554,1,2000,2000-08-01T00:00:00Z,2,90.5,1,3,2,85,95,90,0,1,0.5,85,95,90,0,1,0.5,,,,85,95.04999999999998,90.05000000000001
CA,11000,305555,1,2000,2000-08-01T00:00:00Z,1,7.5,1,3,2,5,10,7.5,0,1,0.5,95,100,97.5,0,1,0.5,,,,95,100,97.5125
CA,11000,306011,1,2000,2000-08-01T00:00:00Z,1,0.5,1,3,2,1,3,2,0,1,0.5,95,100,97.5,0,1,0.5,,,,95,100,97.5125
CA,11000,306012,1,2000,2000-08-01T00:00:00Z,2,4.5,1,3,2,1,3,2,0,1,0.5,95,100,97.5,0,1,0.5,,,,95,100,97.5125
CA,11000,306013,1,2000,2000-08-01T00:00:00Z,5,13,3,5,4,5,10,7.5,0,1,0.5,95,100,97.5,0,1,0.5,,,,95,100,97.5125
CA,11000,306014,1,2000,2000-08-01T00:00:00Z,6,72.5,3,5,4,35,45,40,0,1,0.5,85,95,90,0,1,0.5,,,,85,95.04999999999998,90.05000000000001
CA,11000,306015,1,2000,2000-08-01T00:00:00Z,6,81.5,5,10,7.5,65,75,70,0,1,0.5,85,95,90,0,1,0.5,,,,85,95.04999999999998,90.05000000000001
CA,11000,306021,1,2000,2000-08-01T00:00:00Z,1,0.5,1,3,2,1,3,2,0,1,0.5,95,100,97.5,0,1,0.5,,,,95,100,97.5125
CA,11000,306022,1,2000,2000-08-01T00:00:00Z,0,,1,3,2,,,,0,1,0.5,1,3,2,0,1,0.5,,,,1.0000000000000009,3.970000000000007,2.4900000000000033
CA,11000,306023,1,2000,2000-08-01T00:00:00Z,5,9.5,1,3,2,3,5,4,0,1,0.5,85,95,90,0,1,0.5,,,,85,95.04999999999998,90.05000000000001
CA,11000,306024,1,2000,2000-08-01T00:00:00Z,5,13,1,3,2,5,10,7.5,0,1,0.5,95,100,97.5,0,1,0.5,,,,95,100,97.5125
CA,11000,306025,1,2000,2000-08-01T00:00:00Z,6,29.5,1,3,2,15,25,20,0,1,0.5,95,100,97.5,0,1,0.5,,,,95,100,97.5125
CA,11000,306031,1,2000,2000-08-01T00:00:00Z,2,1,1,3,2,1,3,2,0,1,0.5,95,100,97.5,0,1,0.5,,,,95,100,97.5125
CA,11000,306032,1,2000,2000-08-01T00:00:00Z,1,4,1,3,2,3,5,4,0,1,0.5,95,100,97.5,0,1,0.5,,,,95,100,97.5125
CA,11000,306033,1,2000,2000-08-01T00:00:00Z,2,1,1,3,2,1,3,2,0,1,0.5,95,100,97.5,0,1,0.5,,,,95,100,97.5125
CA,11000,306034,1,2000,2000-08-01T00:00:00Z,7,14,3,5,4,5,10,7.5,0,1,0.5,95,100,97.5,0,1,0.5,,,,95,100,97.5125
CA,11000,306035,1,2000,2000-08-01T00:00:00Z,6,17,1,3,2,15,25,20,0,1,0.5,95,100,97.5,0,1,0.5,,,,95,100,97.5125
CA,11000,306041,1,2000,2000-08-01T00:00:00Z,2,20.5,1,3,2,15,25,20,0,1,0.5,95,100,97.5,0,1,0.5,,,,95,100,97.5125
CA,11000,306042,1,2000,2000-08-01T00:00:00Z,3,24.5,1,3,2,15,25,20,0,1,0.5,95,100,97.5,0,1,0.5,,,,95,100,97.5125
CA,11000,306043,1,2000,2000-08-01T00:00:00Z,5,6,3,5,4,5,10,7.5,0,1,0.5,95,100,97.5,0,1,0.5,,,,95,100,97.5125
CA,11000,306044,1,2000,2000-08-01T00:00:00Z,7,21,3,5,4,15,25,20,0,1,0.5,95,100,97.5,0,1,0.5,,,,95,100,97.5125
CA,11000,306045,1,2000,2000-08-01T00:00:00Z,5,32.5,3,5,4,25,35,30,0,1,0.5,95,100,97.5,0,1,0.5,,,,95,100,97.5125
CA,11000,306051,1,2000,2000-08-01T00:00:00Z,2,54,1,3,2,55,65,60,0,1,0.5,65,75,70,0,1,0.5,,,,65,75.25,70.15
CA,11000,306052,1,2000,2000-08-01T00:00:00Z,2,74,1,3,2,75,85,80,0,1,0.5,65,75,70,0,1,0.5,,,,65,75.25,70.15
CA,11000,306053,1,2000,2000-08-01T00:00:00Z,7,57,1,3,2,45,55,50,0,1,0.5,75,85,80,0,1,0.5,,,,75,85.14999999999999,80.10000000000001
CA,11000,306054,1,2000,2000-08-01T00:00:00Z,7,50.5,1,3,2,35,45,40,0,1,0.5,95,100,97.5,0,1,0.5,,,,95,100,97.5125
CA,11000,306055,1,2000,2000-08-01T00:00:00Z,6,20.5,3,5,4,15,25,20,0,1,0.5,95,100,97.5,0,1,0.5,,,,95,100,97.5125
CA,11000,306511,1,2000,2000-08-01T00:00:00Z,8,112,0,1,0.5,75,85,80,0,1,0.5,85,95,90,0,1,0.5,,,,85,95.04999999999998,90.05000000000001
CA,11000,306512,1,2000,2000-08-01T00:00:00Z,10,39.5,1,3,2,35,45,40,0,1,0.5,45,55,50,0,1,0.5,,,,44.99999999999999,55.45,50.24999999999999
CA,11000,306513,1,2000,2000-08-01T00:00:00Z,12,60,5,10,7.5,65,75,70,0,1,0.5,55,65,60,0,1,0.5,,,,55.00000000000001,65.35,60.199999999999996
CA,11000,306514,1,2000,2000-08-01T00:00:00Z,12,77,3,5,4,65,75,70,0,1,0.5,45,55,50,0,1,0.5,,,,44.99999999999999,55.45,50.24999999999999
CA,11000,306515,1,2000,2000-08-01T00:00:00Z,12,83,3,5,4,55,65,60,0,1,0.5,45,55,50,0,1,0.5,,,,44.99999999999999,55.45,50.24999999999999
CA,11000,306521,1,2000,2000-08-01T00:00:00Z,12,43,1,3,2,15,25,20,0,1,0.5,75,85,80,0,1,0.5,,,,75,85.14999999999999,80.10000000000001
CA,11000,306522,1,2000,2000-08-01T00:00:00Z,15,90,3,5,4,75,85,80,0,1,0.5,15,25,20,0,1,0.5,,,,15.000000000000002,25.750000000000007,20.399999999999995
CA,11000,306523,1,2000,2000-08-01T00:00:00Z,11,79,1,3,2,65,75,70,0,1,0.5,65,75,70,0,1,0.5,,,,65,75.25,70.15
CA,11000,306524,1,2000,2000-08-01T00:00:00Z,16,52,1,3,2,55,65,60,0,1,0.5,55,65,60,0,1,0.5,,,,55.00000000000001,65.35,60.199999999999996
CA,11000,306525,1,2000,2000-08-01T00:00:00Z,13,24,3,5,4,15,25,20,0,1,0.5,55,65,60,0,1,0.5,,,,55.00000000000001,65.35,60.199999999999996
CA,11000,306531,1,2000,2000-08-01T00:00:00Z,7,17.5,3,5,4,5,10,7.5,0,1,0.5,95,100,97.5,0,1,0.5,,,,95,100,97.5125
CA,11000,306532,1,2000,2000-08-01T00:00:00Z,5,16.5,3,5,4,5,10,7.5,0,1,0.5,85,95,90,0,1,0.5,,,,85,95.04999999999998,90.05000000000001
CA,11000,306533,1,2000,2000-08-01T00:00:00Z,8,37,1,3,2,35,45,40,0,1,0.5,85,95,90,0,1,0.5,,,,85,95.04999999999998,90.05000000000001
CA,11000,306534,1,2000,2000-08-01T00:00:00Z,3,21,3,5,4,25,35,30,0,1,0.5,95,100,97.5,0,1,0.5,,,,95,100,97.5125
CA,11000,306535,1,2000,2000-08-01T00:00:00Z,5,2.5,3,5,4,1,3,2,0,1,0.5,95,100,97.5,0,1,0.5,,,,95,100,97.5125
CA,11000,306541,1,2000,2000-08-01T00:00:00Z,6,33,5,10,7.5,25,35,30,0,1,0.5,95,100,97.5,0,1,0.5,,,,95,100,97.5125
CA,11000,306542,1,2000,2000-08-01T00:00:00Z,5,39,1,3,2,25,35,30,0,1,0.5,95,100,97.5,0,1,0.5,,,,95,100,97.5125
CA,11000,306543,1,2000,2000-08-01T00:00:00Z,4,12.5,1,3,2,10,15,12.5,0,1,0.5,95,100,97.5,0,1,0.5,,,,95,100,97.5125
CA,11000,306544,1,2000,2000-08-01T00:00:00Z,3,1.5,0,1,0.5,1,3,2,0,1,0.5,95,100,97.5,0,1,0.5,,,,95,100,97.5125
CA,11000,306545,1,2000,2000-08-01T00:00:00Z,3,1.5,3,5,4,1,3,2,0,1,0.5,95,100,97.5,0,1,0.5,,,,95,100,97.5125
CA,11000,306551,1,2000,2000-08-01T00:00:00Z,7,60.5,1,3,2,45,55,50,0,1,0.5,95,100,97.5,0,1,0.5,,,,95,100,97.5125
CA,11000,306552,1,2000,2000-08-01T00:00:00Z,4,16,1,3,2,5,10,7.5,0,1,0.5,95,100,97.5,0,1,0.5,,,,95,100,97.5125
CA,11000,306553,1,2000,2000-08-01T00:00:00Z,3,54.5,1,3,2,55,65,60,0,1,0.5,95,100,97.5,0,1,0.5,,,,95,100,97.5125
CA,11000,306554,1,2000,2000-08-01T00:00:00Z,4,9,1,3,2,5,10,7.5,0,1,0.5,95,100,97.5,0,1,0.5,,,,95,100,97.5125
CA,11000,306555,1,2000,2000-08-01T00:00:00Z,4,5.5,1,3,2,1,3,2,0,1,0.5,95,100,97.5,0,1,0.5,,,,95,100,97.5125
CA,11000,307011,1,2000,2000-08-01T00:00:00Z,11,61,10,15,12.5,55,65,60,0,1,0.5,35,45,40,0,1,0.5,,,,35,45.550000000000004,40.300000000000004
CA,11000,307012,1,2000,2000-08-01T00:00:00Z,6,13.5,1,3,2,5,10,7.5,0,1,0.5,95,100,97.5,0,1,0.5,,,,95,100,97.5125
CA,11000,307013,1,2000,2000-08-01T00:00:00Z,8,11,5,10,7.5,5,10,7.5,0,1,0.5,85,95,90,0,1,0.5,,,,85,95.04999999999998,90.05000000000001
CA,11000,307014,1,2000,2000-08-01T00:00:00Z,8,14.5,5,10,7.5,10,15,12.5,0,1,0.5,85,95,90,0,1,0.5,,,,85,95.04999999999998,90.05000000000001
CA,11000,307015,1,2000,2000-08-01T00:00:00Z,9,11.5,1,3,2,10,15,12.5,0,1,0.5,85,95,90,0,1,0.5,,,,85,95.04999999999998,90.05000000000001
CA,11000,307021,1,2000,2000-08-01T00:00:00Z,3,1.5,1,3,2,1,3,2,0,1,0.5,95,100,97.5,0,1,0.5,,,,95,100,97.5125
CA,11000,307022,1,2000,2000-08-01T00:00:00Z,0,,1,3,2,1,3,2,0,1,0.5,95,100,97.5,0,1,0.5,,,,95,100,97.5125
CA,11000,307023,1,2000,2000-08-01T00:00:00Z,2,1,1,3,2,1,3,2,0,1,0.5,95,100,97.5,0,1,0.5,,,,95,100,97.5125
CA,11000,307024,1,2000,2000-08-01T00:00:00Z,6,3,1,3,2,3,5,4,0,1,0.5,95,100,97.5,0,1,0.5,,,,95,100,97.5125
CA,11000,307025,1,2000,2000-08-01T00:00:00Z,8,21,1,3,2,15,25,20,0,1,0.5,85,95,90,0,1,0.5,,,,85,95.04999999999998,90.05000000000001
CA,11000,307031,1,2000,2000-08-01T00:00:00Z,4,12.5,1,3,2,3,5,4,0,1,0.5,95,100,97.5,0,1,0.5,,,,95,100,97.5125
CA,11000,307032,1,2000,2000-08-01T00:00:00Z,0,,0,1,0.5,,,,0,1,0.5,1,3,2,0,1,0.5,,,,1.0000000000000009,3.970000000000007,2.4900000000000033
CA,11000,307033,1,2000,2000-08-01T00:00:00Z,1,0.5,1,3,2,1,3,2,0,1,0.5,95,100,97.5,0,1,0.5,,,,95,100,97.5125
CA,11000,307034,1,2000,2000-08-01T00:00:00Z,11,56,1,3,2,45,55,50,0,1,0.5,85,95,90,0,1,0.5,,,,85,95.04999999999998,90.05000000000001
CA,11000,307035,1,2000,2000-08-01T00:00:00Z,10,78,10,15,12.5,75,85,80,0,1,0.5,35,45,40,0,1,0.5,,,,35,45.550000000000004,40.300000000000004
CA,11000,307041,1,2000,2000-08-01T00:00:00Z,5,14.5,3,5,4,15,25,20,0,1,0.5,75,85,80,0,1,0.5,,,,75,85.14999999999999,80.10000000000001
CA,11000,307042,1,2000,2000-08-01T00:00:00Z,1,0.5,1,3,2,1,3,2,0,1,0.5,95,100,97.5,0,1,0.5,,,,95,100,97.5125
CA,11000,307043,1,2000,2000-08-01T00:00:00Z,7,3.5,1,3,2,3,5,4,0,1,0.5,95,100,97.5,0,1,0.5,,,,95,100,97.5125
CA,11000,307044,1,2000,2000-08-01T00:00:00Z,11,73.5,1,3,2,55,65,60,0,1,0.5,75,85,80,0,1,0.5,,,,75,85.14999999999999,80.10000000000001
CA,11000,307045,1,2000,2000-08-01T00:00:00Z,14,84.5,3,5,4,5,10,7.5,0,1,0.5,10,15,12.5,0,1,0.5,,,,9.999999999999998,15.849999999999998,12.937500000000002
CA,11000,307051,1,2000,2000-08-01T00:00:00Z,5,13,1,3,2,10,15,12.5,0,1,0.5,95,100,97.5,0,1,0.5,,,,95,100,97.5125
CA,11000,307052,1,2000,2000-08-01T00:00:00Z,11,58,1,3,2,65,75,70,0,1,0.5,25,35,30,0,1,0.5,,,,25,35.650000000000006,30.349999999999998
CA,11000,307053,1,2000,2000-08-01T00:00:00Z,14,66,5,10,7.5,65,75,70,0,1,0.5,35,45,40,0,1,0.5,,,,35,45.550000000000004,40.300000000000004
CA,11000,307054,1,2000,2000-08-01T00:00:00Z,10,26,1,3,2,15,25,20,0,1,0.5,95,100,97.5,0,1,0.5,,,,95,100,97.5125
CA,11000,307055,1,2000,2000-08-01T00:00:00Z,12,98.5,5,10,7.5,85,95,90,0,1,0.5,10,15,12.5,0,1,0.5,,,,9.999999999999998,15.849999999999998,12.937500000000002
CA,11000,307511,1,2000,2000-08-01T00:00:00Z,5,13,1,3,2,10,15,12.5,0,1,0.5,85,95,90,0,1,0.5,,,,85,95.04999999999998,90.05000000000001
CA,11000,307512,1,2000,2000-08-01T00:00:00Z,11,65,5,10,7.5,65,75,70,0,1,0.5,45,55,50,0,1,0.5,,,,44.99999999999999,55.45,50.24999999999999
CA,11000,307513,1,2000,2000-08-01T00:00:00Z,13,36,3,5,4,45,55,50,0,1,0.5,75,85,80,0,1,0.5,,,,75,85.14999999999999,80.10000000000001
CA,11000,307514,1,2000,2000-08-01T00:00:00Z,14,56,5,10,7.5,85,95,90,0,1,0.5,75,85,80,0,1,0.5,,,,75,85.14999999999999,80.10000000000001
CA,11000,307515,1,2000,2000-08-01T00:00:00Z,12,55.5,3,5,4,75,85,80,0,1,0.5,85,95,90,0,1,0.5,,,,85,95.04999999999998,90.05000000000001
CA,11000,307521,1,2000,2000-08-01T00:00:00Z,7,70,0,1,0.5,55,65,60,0,1,0.5,45,55,50,0,1,0.5,,,,44.99999999999999,55.45,50.24999999999999
CA,11000,307522,1,2000,2000-08-01T00:00:00Z,12,58.5,10,15,12.5,55,65,60,0,1,0.5,45,55,50,0,1,0.5,,,,44.99999999999999,55.45,50.24999999999999
CA,11000,307523,1,2000,2000-08-01T00:00:00Z,13,43,5,10,7.5,35,45,40,0,1,0.5,75,85,80,0,1,0.5,,,,75,85.14999999999999,80.10000000000001
CA,11000,307524,1,2000,2000-08-01T00:00:00Z,13,63.5,5,10,7.5,65,75,70,0,1,0.5,10,15,12.5,0,1,0.5,,,,9.999999999999998,15.849999999999998,12.937500000000002
CA,11000,307525,1,2000,2000-08-01T00:00:00Z,15,80.5,1,3,2,65,75,70,0,1,0.5,,,,0,1,0.5,,,,,,
CA,11000,307531,1,2000,2000-08-01T00:00:00Z,14,82,1,3,2,65,75,70,0,1,0.5,,,,0,1,0.5,,,,,,
CA,11000,307532,1,2000,2000-08-01T00:00:00Z,17,65,3,5,4,75,85,80,0,1,0.5,45,55,50,0,1,0.5,,,,44.99999999999999,55.45,50.24999999999999
CA,11000,307533,1,2000,2000-08-01T00:00:00Z,14,94,3,5,4,75,85,80,0,1,0.5,75,85,80,0,1,0.5,,,,75,85.14999999999999,80.10000000000001
CA,11000,307534,1,2000,2000-08-01T00:00:00Z,16,87,5,10,7.5,85,95,90,0,1,0.5,15,25,20,0,1,0.5,,,,15.000000000000002,25.750000000000007,20.399999999999995
CA,11000,307535,1,2000,2000-08-01T00:00:00Z,17,85.5,5,10,7.5,85,95,90,0,1,0.5,,,,0,1,0.5,,,,,,
CA,11000,307541,1,2000,2000-08-01T00:00:00Z,17,98,5,10,7.5,85,95,90,0,1,0.5,,,,0,1,0.5,,,,,,
CA,11000,307542,1,2000,2000-08-01T00:00:00Z,17,81.5,5,10,7.5,65,75,70,0,1,0.5,15,25,20,0,1,0.5,,,,15.000000000000002,25.750000000000007,20.399999999999995
CA,11000,307543,1,2000,2000-08-01T00:00:00Z,15,58,3,5,4,55,65,60,0,1,0.5,75,85,80,0,1,0.5,,,,75,85.14999999999999,80.10000000000001
CA,11000,307544,1,2000,2000-08-01T00:00:00Z,17,98.5,3,5,4,85,95,90,0,1,0.5,35,45,40,0,1,0.5,,,,35,45.550000000000004,40.300000000000004
CA,11000,307545,1,2000,2000-08-01T00:00:00Z,19,116,5,10,7.5,85,95,90,0,1,0.5,5,10,7.5,0,1,0.5,,,,5.000000000000004,10.899999999999999,7.962499999999995
CA,11000,307551,1,2000,2000-08-01T00:00:00Z,10,107,0,1,0.5,85,95,90,0,1,0.5,5,10,7.5,0,1,0.5,,,,5.000000000000004,10.899999999999999,7.962499999999995
CA,11000,307552,1,2000,2000-08-01T00:00:00Z,8,103.5,5,10,7.5,85,95,90,0,1,0.5,5,10,7.5,0,1,0.5,,,,5.000000000000004,10.899999999999999,7.962499999999995
CA,11000,307553,1,2000,2000-08-01T00:00:00Z,7,36.5,5,10,7.5,35,45,40,0,1,0.5,65,75,70,0,1,0.5,,,,65,75.25,70.15
CA,11000,307554,1,2000,2000-08-01T00:00:00Z,9,60.5,5,10,7.5,45,55,50,0,1,0.5,35,45,40,0,1,0.5,,,,35,45.550000000000004,40.300000000000004
CA,11000,307555,1,2000,2000-08-01T00:00:00Z,11,68.5,5,10,7.5,55,65,60,0,1,0.5,25,35,30,0,1,0.5,,,,25,35.650000000000006,30.349999999999998
CA,11000,355011,1,2000,2000-08-01T00:00:00Z,1,0.5,1,3,2,,,,0,1,0.5,1,3,2,0,1,0.5,,,,1.0000000000000009,3.970000000000007,2.4900000000000033
CA,11000,355012,1,2000,2000-08-01T00:00:00Z,1,0.5,0,1,0.5,,,,0,1,0.5,1,3,2,0,1,0.5,,,,1.0000000000000009,3.970000000000007,2.4900000000000033
CA,11000,355013,1,2000,2000-08-01T00:00:00Z,1,0.5,0,1,0.5,,,,0,1,0.5,1,3,2,0,1,0.5,,,,1.0000000000000009,3.970000000000007,2.4900000000000033
CA,11000,355014,1,2000,2000-08-01T00:00:00Z,1,0.5,0,1,0.5,,,,0,1,0.5,1,3,2,0,1,0.5,,,,1.0000000000000009,3.970000000000007,2.4900000000000033
CA,11000,355015,1,2000,2000-08-01T00:00:00Z,1,0.5,1,3,2,,,,0,1,0.5,1,3,2,0,1,0.5,,,,1.0000000000000009,3.970000000000007,2.4900000000000033
CA,11000,355021,1,2000,2000-08-01T00:00:00Z,1,0.5,1,3,2,,,,0,1,0.5,1,3,2,0,1,0.5,,,,1.0000000000000009,3.970000000000007,2.4900000000000033
CA,11000,355022,1,2000,2000-08-01T00:00:00Z,0,,1,3,2,,,,0,1,0.5,1,3,2,0,1,0.5,,,,1.0000000000000009,3.970000000000007,2.4900000000000033
CA,11000,355023,1,2000,2000-08-01T00:00:00Z,1,0.5,1,3,2,1,3,2,0,1,0.5,95,100,97.5,0,1,0.5,,,,95,100,97.5125
CA,11000,355024,1,2000,2000-08-01T00:00:00Z,3,22,1,3,2,15,25,20,5,10,7.5,85,95,90,0,1,0.5,,,,85.75,95.5,90.75
CA,11000,355025,1,2000,2000-08-01T00:00:00Z,2,8,1,3,2,1,3,2,10,15,12.5,95,100,97.5,0,1,0.5,,,,95.5,100,97.8125
CA,11000,355031,1,2000,2000-08-01T00:00:00Z,3,1.5,0,1,0.5,1,3,2,0,1,0.5,95,100,97.5,0,1,0.5,,,,95,100,97.5125
CA,11000,355032,1,2000,2000-08-01T00:00:00Z,2,1,0,1,0.5,1,3,2,0,1,0.5,95,100,97.5,0,1,0.5,,,,95,100,97.5125
CA,11000,355033,1,2000,2000-08-01T00:00:00Z,3,3,1,3,2,3,5,4,0,1,0.5,95,100,97.5,0,1,0.5,,,,95,100,97.5125
CA,11000,355034,1,2000,2000-08-01T00:00:00Z,4,61.5,1,3,2,1,3,2,55,65,60,45,55,50,0,1,0.5,,,,75.25,84.25,80
CA,11000,355035,1,2000,2000-08-01T00:00:00Z,2,1,1,3,2,1,3,2,0,1,0.5,85,95,90,0,1,0.5,,,,85,95.04999999999998,90.05000000000001
CA,11000,355041,1,2000,2000-08-01T00:00:00Z,3,1.5,1,3,2,1,3,2,1,3,2,95,100,97.5,0,1,0.5,,,,95.04999999999998,100,97.55
CA,11000,355042,1,2000,2000-08-01T00:00:00Z,3,12,1,3,2,3,5,4,5,10,7.5,85,95,90,0,1,0.5,,,,85.75,95.5,90.75
CA,11000,355043,1,2000,2000-08-01T00:00:00Z,2,9.5,1,3,2,5,10,7.5,0,1,0.5,95,100,97.5,0,1,0.5,,,,95,100,97.5125
CA,11000,355044,1,2000,2000-08-01T00:00:00Z,4,3.5,3,5,4,3,5,4,0,1,0.5,75,85,80,0,1,0.5,,,,75,85.14999999999999,80.10000000000001
CA,11000,355045,1,2000,2000-08-01T00:00:00Z,3,3,1,3,2,1,3,2,0,1,0.5,85,95,90,0,1,0.5,,,,85,95.04999999999998,90.05000000000001
CA,11000,355051,1,2000,2000-08-01T00:00:00Z,2,1,1,3,2,1,3,2,0,1,0.5,95,100,97.5,0,1,0.5,,,,95,100,97.5125
CA,11000,355052,1,2000,2000-08-01T00:00:00Z,2,1,1,3,2,1,3,2,0,1,0.5,95,100,97.5,0,1,0.5,,,,95,100,97.5125
CA,11000,355053,1,2000,2000-08-01T00:00:00Z,3,13.5,1,3,2,5,10,7.5,1,3,2,75,85,80,0,1,0.5,,,,75.25,85.45,80.4
CA,11000,355054,1,2000,2000-08-01T00:00:00Z,3,8.5,1,3,2,5,10,7.5,1,3,2,85,95,90,0,1,0.5,,,,85.14999999999999,95.15,90.2
CA,11000,355055,1,2000,2000-08-01T00:00:00Z,2,2.5,1,3,2,1,3,2,0,1,0.5,85,95,90,0,1,0.5,,,,85,95.04999999999998,90.05000000000001
CA,11000,355511,1,2000,2000-08-01T00:00:00Z,5,34,1,3,2,15,25,20,10,15,12.5,75,85,80,0,1,0.5,,,,77.5,87.25,82.5
CA,11000,355512,1,2000,2000-08-01T00:00:00Z,2,20.5,1,3,2,15,25,20,0,1,0.5,75,85,80,0,1,0.5,,,,75,85.14999999999999,80.10000000000001
CA,11000,355513,1,2000,2000-08-01T00:00:00Z,1,0.5,1,3,2,1,3,2,0,1,0.5,95,100,97.5,0,1,0.5,,,,95,100,97.5125
CA,11000,355514,1,2000,2000-08-01T00:00:00Z,1,0.5,1,3,2,1,3,2,0,1,0.5,95,100,97.5,0,1,0.5,,,,95,100,97.5125
CA,11000,355515,1,2000,2000-08-01T00:00:00Z,1,0.5,0,1,0.5,1,3,2,0,1,0.5,95,100,97.5,0,1,0.5,,,,95,100,97.5125
CA,11000,355521,1,2000,2000-08-01T00:00:00Z,1,0.5,0,1,0.5,1,3,2,0,1,0.5,95,100,97.5,0,1,0.5,,,,95,100,97.5125
CA,11000,355522,1,2000,2000-08-01T00:00:00Z,0,,1,3,2,,,,0,1,0.5,1,3,2,0,1,0.5,,,,1.0000000000000009,3.970000000000007,2.4900000000000033
CA,11000,355523,1,2000,2000-08-01T00:00:00Z,1,0.5,1,3,2,1,3,2,0,1,0.5,95,100,97.5,0,1,0.5,,,,95,100,97.5125
CA,11000,355524,1,2000,2000-08-01T00:00:00Z,0,,0,1,0.5,,,,0,1,0.5,1,3,2,0,1,0.5,,,,1.0000000000000009,3.970000000000007,2.4900000000000033
CA,11000,355525,1,2000,2000-08-01T00:00:00Z,1,0.5,0,1,0.5,1,3,2,0,1,0.5,95,100,97.5,0,1,0.5,,,,95,100,97.5125
CA,11000,355531,1,2000,2000-08-01T00:00:00Z,0,,0,1,0.5,,,,0,1,0.5,1,3,2,0,1,0.5,,,,1.0000000000000009,3.970000000000007,2.4900000000000033
CA,11000,355532,1,2000,2000-08-01T00:00:00Z,0,,1,3,2,,,,0,1,0.5,1,3,2,0,1,0.5,,,,1.0000000000000009,3.970000000000007,2.4900000000000033
CA,11000,355533,1,2000,2000-08-01T00:00:00Z,0,,1,3,2,,,,0,1,0.5,1,3,2,0,1,0.5,,,,1.0000000000000009,3.970000000000007,2.4900000000000033
CA,11000,355534,1,2000,2000-08-01T00:00:00Z,0,,1,3,2,,,,0,1,0.5,1,3,2,0,1,0.5,,,,1.0000000000000009,3.970000000000007,2.4900000000000033
CA,11000,355535,1,2000,2000-08-01T00:00:00Z,1,0.5,0,1,0.5,,,,0,1,0.5,1,3,2,0,1,0.5,,,,1.0000000000000009,3.970000000000007,2.4900000000000033
CA,11000,355541,1,2000,2000-08-01T00:00:00Z,0,,0,1,0.5,,,,0,1,0.5,1,3,2,0,1,0.5,,,,1.0000000000000009,3.970000000000007,2.4900000000000033
CA,11000,355542,1,2000,2000-08-01T00:00:00Z,0,,0,1,0.5,,,,0,1,0.5,1,3,2,0,1,0.5,,,,1.0000000000000009,3.970000000000007,2.4900000000000033
CA,11000,355543,1,2000,2000-08-01T00:00:00Z,1,0.5,1,3,2,,,,0,1,0.5,1,3,2,0,1,0.5,,,,1.0000000000000009,3.970000000000007,2.4900000000000033
CA,11000,355544,1,2000,2000-08-01T00:00:00Z,0,,0,1,0.5,,,,0,1,0.5,1,3,2,0,1,0.5,,,,1.0000000000000009,3.970000000000007,2.4900000000000033
CA,11000,355545,1,2000,2000-08-01T00:00:00Z,0,,0,1,0.5,,,,0,1,0.5,1,3,2,0,1,0.5,,,,1.0000000000000009,3.970000000000007,2.4900000000000033
CA,11000,355551,1,2000,2000-08-01T00:00:00Z,1,0.5,1,3,2,1,3,2,0,1,0.5,95,100,97.5,0,1,0.5,,,,95,100,97.5125
CA,11000,355552,1,2000,2000-08-01T00:00:00Z,0,,1,3,2,,,,0,1,0.5,1,3,2,0,1,0.5,,,,1.0000000000000009,3.970000000000007,2.4900000000000033
CA,11000,355553,1,2000,2000-08-01T00:00:00Z,0,,1,3,2,,,,0,1,0.5,1,3,2,0,1,0.5,,,,1.0000000000000009,3.970000000000007,2.4900000000000033
CA,11000,355554,1,2000,2000-08-01T00:00:00Z,0,,1,3,2,,,,0,1,0.5,1,3,2,0,1,0.5,,,,1.0000000000000009,3.970000000000007,2.4900000000000033
CA,11000,355555,1,2000,2000-08-01T00:00:00Z,0,,1,3,2,,,,0,1,0.5,1,3,2,0,1,0.5,,,,1.0000000000000009,3.970000000000007,2.4900000000000033
CA,11000,356011,1,2000,2000-08-01T00:00:00Z,1,0.5,1,3,2,1,3,2,0,1,0.5,95,100,97.5,0,1,0.5,,,,95,100,97.5125
CA,11000,356012,1,2000,2000-08-01T00:00:00Z,1,0.5,1,3,2,1,3,2,0,1,0.5,95,100,97.5,0,1,0.5,,,,95,100,97.5125
CA,11000,356013,1,2000,2000-08-01T00:00:00Z,1,0.5,1,3,2,1,3,2,0,1,0.5,95,100,97.5,0,1,0.5,,,,95,100,97.5125
CA,11000,356014,1,2000,2000-08-01T00:00:00Z,5,6,3,5,4,5,10,7.5,0,1,0.5,95,100,97.5,0,1,0.5,,,,95,100,97.5125
CA,11000,356015,1,2000,2000-08-01T00:00:00Z,8,14.5,3,5,4,15,25,20,0,1,0.5,95,100,97.5,0,1,0.5,,,,95,100,97.5125
CA,11000,356021,1,2000,2000-08-01T00:00:00Z,2,8,1,3,2,5,10,7.5,0,1,0.5,95,100,97.5,0,1,0.5,,,,95,100,97.5125
CA,11000,356022,1,2000,2000-08-01T00:00:00Z,2,1,1,3,2,1,3,2,0,1,0.5,95,100,97.5,0,1,0.5,,,,95,100,97.5125
CA,11000,356023,1,2000,2000-08-01T00:00:00Z,4,2,1,3,2,1,3,2,0,1,0.5,95,100,97.5,0,1,0.5,,,,95,100,97.5125
CA,11000,356024,1,2000,2000-08-01T00:00:00Z,2,1,1,3,2,1,3,2,0,1,0.5,95,100,97.5,0,1,0.5,,,,95,100,97.5125
CA,11000,356025,1,2000,2000-08-01T00:00:00Z,1,0.5,3,5,4,1,3,2,0,1,0.5,95,100,97.5,0,1,0.5,,,,95,100,97.5125
CA,11000,356031,1,2000,2000-08-01T00:00:00Z,2,8,1,3,2,5,10,7.5,0,1,0.5,95,100,97.5,0,1,0.5,,,,95,100,97.5125
CA,11000,356032,1,2000,2000-08-01T00:00:00Z,3,21,1,3,2,15,25,20,0,1,0.5,35,45,40,0,1,0.5,,,,35,45.550000000000004,40.300000000000004
CA,11000,356033,1,2000,2000-08-01T00:00:00Z,2,4.5,1,3,2,5,10,7.5,0,1,0.5,10,15,12.5,0,1,0.5,,,,9.999999999999998,15.849999999999998,12.937500000000002
CA,11000,356034,1,2000,2000-08-01T00:00:00Z,1,0.5,1,3,2,1,3,2,0,1,0.5,95,100,97.5,0,1,0.5,,,,95,100,97.5125
CA,11000,356035,1,2000,2000-08-01T00:00:00Z,1,4,1,3,2,3,5,4,0,1,0.5,95,100,97.5,0,1,0.5,,,,95,100,97.5125
CA,11000,356041,1,2000,2000-08-01T00:00:00Z,2,1,1,3,2,1,3,2,0,1,0.5,95,100,97.5,0,1,0.5,,,,95,100,97.5125
CA,11000,356042,1,2000,2000-08-01T00:00:00Z,2,1,1,3,2,3,5,4,0,1,0.5,95,100,97.5,0,1,0.5,,,,95,100,97.5125
CA,11000,356043,1,2000,2000-08-01T00:00:00Z,2,1,3,5,4,1,3,2,0,1,0.5,85,95,90,0,1,0.5,,,,85,95.04999999999998,90.05000000000001
CA,11000,356044,1,2000,2000-08-01T00:00:00Z,2,1,1,3,2,1,3,2,0,1,0.5,95,100,97.5,0,1,0.5,,,,95,100,97.5125
CA,11000,356045,1,2000,2000-08-01T00:00:00Z,10,12,1,3,2,10,15,12.5,0,1,0.5,85,95,90,0,1,0.5,,,,85,95.04999999999998,90.05000000000001
CA,11000,356051,1,2000,2000-08-01T00:00:00Z,1,0.5,1,3,2,1,3,2,0,1,0.5,95,100,97.5,0,1,0.5,,,,95,100,97.5125
CA,11000,356052,1,2000,2000-08-01T00:00:00Z,1,0.5,3,5,4,1,3,2,0,1,0.5,95,100,97.5,0,1,0.5,,,,95,100,97.5125
CA,11000,356053,1,2000,2000-08-01T00:00:00Z,3,5,3,5,4,3,5,4,0,1,0.5,95,100,97.5,0,1,0.5,,,,95,100,97.5125
CA,11000,356054,1,2000,2000-08-01T00:00:00Z,5,13,3,5,4,5,10,7.5,0,1,0.5,55,65,60,0,1,0.5,,,,55.00000000000001,65.35,60.199999999999996
CA,11000,356055,1,2000,2000-08-01T00:00:00Z,10,35,3,5,4,25,35,30,0,1,0.5,75,85,80,0,1,0.5,,,,75,85.14999999999999,80.10000000000001
CA,11000,356511,1,2000,2000-08-01T00:00:00Z,10,19,3,5,4,15,25,20,0,1,0.5,55,65,60,0,1,0.5,,,,55.00000000000001,65.35,60.199999999999996
CA,11000,356512,1,2000,2000-08-01T00:00:00Z,15,63.5,3,5,4,65,75,70,0,1,0.5,15,25,20,0,1,0.5,,,,15.000000000000002,25.750000000000007,20.399999999999995
CA,11000,356513,1,2000,2000-08-01T00:00:00Z,14,35,3,5,4,25,35,30,0,1,0.5,65,75,70,0,1,0.5,,,,65,75.25,70.15
CA,11000,356514,1,2000,2000-08-01T00:00:00Z,16,39.5,5,10,7.5,75,85,80,0,1,0.5,15,25,20,0,1,0.5,,,,15.000000000000002,25.750000000000007,20.399999999999995
CA,11000,356515,1,2000,2000-08-01T00:00:00Z,17,72,15,25,20,65,75,70,0,1,0.5,15,25,20,0,1,0.5,,,,15.000000000000002,25.750000000000007,20.399999999999995
CA,11000,356521,1,2000,2000-08-01T00:00:00Z,6,6.5,1,3,2,3,5,4,0,1,0.5,95,100,97.5,0,1,0.5,,,,95,100,97.5125
CA,11000,356522,1,2000,2000-08-01T00:00:00Z,16,41,3,5,4,55,65,60,0,1,0.5,55,65,60,0,1,0.5,,,,55.00000000000001,65.35,60.199999999999996
CA,11000,356523,1,2000,2000-08-01T00:00:00Z,16,69.5,10,15,12.5,75,85,80,0,1,0.5,25,35,30,0,1,0.5,,,,25,35.650000000000006,30.349999999999998
CA,11000,356524,1,2000,2000-08-01T00:00:00Z,16,55,5,10,7.5,85,95,90,0,1,0.5,15,25,20,0,1,0.5,,,,15.000000000000002,25.750000000000007,20.399999999999995
CA,11000,356525,1,2000,2000-08-01T00:00:00Z,17,55.5,3,5,4,75,85,80,0,1,0.5,35,45,40,0,1,0.5,,,,35,45.550000000000004,40.300000000000004
CA,11000,356531,1,2000,2000-08-01T00:00:00Z,7,10.5,1,3,2,10,15,12.5,0,1,0.5,95,100,97.5,0,1,0.5,,,,95,100,97.5125
CA,11000,356532,1,2000,2000-08-01T00:00:00Z,7,10.5,1,3,2,5,10,7.5,0,1,0.5,95,100,97.5,0,1,0.5,,,,95,100,97.5125
CA,11000,356533,1,2000,2000-08-01T00:00:00Z,16,88.5,5,10,7.5,85,95,90,0,1,0.5,15,25,20,0,1,0.5,,,,15.000000000000002,25.750000000000007,20.399999999999995
CA,11000,356534,1,2000,2000-08-01T00:00:00Z,17,93,0,1,0.5,55,65,60,0,1,0.5,35,45,40,0,1,0.5,,,,35,45.550000000000004,40.300000000000004
CA,11000,356535,1,2000,2000-08-01T00:00:00Z,14,71.5,5,10,7.5,65,75,70,0,1,0.5,15,25,20,0,1,0.5,,,,15.000000000000002,25.750000000000007,20.399999999999995
CA,11000,356541,1,2000,2000-08-01T00:00:00Z,11,106,1,3,2,75,85,80,0,1,0.5,95,100,97.5,0,1,0.5,,,,95,100,97.5125
CA,11000,356542,1,2000,2000-08-01T00:00:00Z,9,30.5,1,3,2,25,35,30,0,1,0.5,95,100,97.5,0,1,0.5,,,,95,100,97.5125
CA,11000,356543,1,2000,2000-08-01T00:00:00Z,13,66.5,1,3,2,55,65,60,0,1,0.5,75,85,80,0,1,0.5,,,,75,85.14999999999999,80.10000000000001
CA,11000,356544,1,2000,2000-08-01T00:00:00Z,13,67.5,1,3,2,35,45,40,0,1,0.5,55,65,60,0,1,0.5,,,,55.00000000000001,65.35,60.199999999999996
CA,11000,356545,1,2000,2000-08-01T00:00:00Z,17,87.5,5,10,7.5,85,95,90,0,1,0.5,10,15,12.5,0,1,0.5,,,,9.999999999999998,15.849999999999998,12.937500000000002
CA,11000,356551,1,2000,2000-08-01T00:00:00Z,6,36.5,1,3,2,15,25,20,0,1,0.5,95,100,97.5,0,1,0.5,,,,95,100,97.5125
CA,11000,356552,1,2000,2000-08-01T00:00:00Z,11,38.5,1,3,2,15,25,20,0,1,0.5,55,65,60,0,1,0.5,,,,55.00000000000001,65.35,60.199999999999996
CA,11000,356553,1,2000,2000-08-01T00:00:00Z,13,75,1,3,2,75,85,80,0,1,0.5,25,35,30,0,1,0.5,,,,25,35.650000000000006,30.349999999999998
CA,11000,356554,1,2000,2000-08-01T00:00:00Z,15,25,5,10,7.5,15,25,20,0,1,0.5,75,85,80,0,1,0.5,,,,75,85.14999999999999,80.10000000000001
CA,11000,356555,1,2000,2000-08-01T00:00:00Z,13,97,15,25,20,75,85,80,0,1,0.5,10,15,12.5,0,1,0.5,,,,9.999999999999998,15.849999999999998,12.937500000000002
CA,11000,357011,1,2000,2000-08-01T00:00:00Z,12,72.5,3,5,4,65,75,70,0,1,0.5,35,45,40,0,1,0.5,,,,35,45.550000000000004,40.300000000000004
CA,11000,357012,1,2000,2000-08-01T00:00:00Z,4,5.5,3,5,4,5,10,7.5,0,1,0.5,95,100,97.5,0,1,0.5,,,,95,100,97.5125
CA,11000,357013,1,2000,2000-08-01T00:00:00Z,5,13,3,5,4,10,15,12.5,0,1,0.5,95,100,97.5,0,1,0.5,,,,95,100,97.5125
CA,11000,357014,1,2000,2000-08-01T00:00:00Z,3,5,1,3,2,5,10,7.5,0,1,0.5,95,100,97.5,0,1,0.5,,,,95,100,97.5125
CA,11000,357015,1,2000,2000-08-01T00:00:00Z,5,6,3,5,4,5,10,7.5,0,1,0.5,95,100,97.5,0,1,0.5,,,,95,100,97.5125
CA,11000,357021,1,2000,2000-08-01T00:00:00Z,14,36.5,1,3,2,15,25,20,0,1,0.5,85,95,90,0,1,0.5,,,,85,95.04999999999998,90.05000000000001
CA,11000,357022,1,2000,2000-08-01T00:00:00Z,5,6,1,3,2,1,3,2,0,1,0.5,95,100,97.5,0,1,0.5,,,,95,100,97.5125
CA,11000,357023,1,2000,2000-08-01T00:00:00Z,1,0.5,1,3,2,1,3,2,0,1,0.5,95,100,97.5,0,1,0.5,,,,95,100,97.5125
CA,11000,357024,1,2000,2000-08-01T00:00:00Z,5,13,1,3,2,5,10,7.5,0,1,0.5,95,100,97.5,0,1,0.5,,,,95,100,97.5125
CA,11000,357025,1,2000,2000-08-01T00:00:00Z,10,22.5,3,5,4,15,25,20,0,1,0.5,85,95,90,0,1,0.5,,,,85,95.04999999999998,90.05000000000001
CA,11000,357031,1,2000,2000-08-01T00:00:00Z,15,51,3,5,4,75,85,80,0,1,0.5,15,25,20,0,1,0.5,,,,15.000000000000002,25.750000000000007,20.399999999999995
CA,11000,357032,1,2000,2000-08-01T00:00:00Z,9,31,3,5,4,15,25,20,0,1,0.5,85,95,90,0,1,0.5,,,,85,95.04999999999998,90.05000000000001
CA,11000,357033,1,2000,2000-08-01T00:00:00Z,1,0.5,1,3,2,1,3,2,0,1,0.5,95,100,97.5,0,1,0.5,,,,95,100,97.5125
CA,11000,357034,1,2000,2000-08-01T00:00:00Z,8,7.5,1,3,2,3,5,4,0,1,0.5,95,100,97.5,0,1,0.5,,,,95,100,97.5125
CA,11000,357035,1,2000,2000-08-01T00:00:00Z,12,43,3,5,4,5,10,7.5,0,1,0.5,35,45,40,0,1,0.5,,,,35,45.550000000000004,40.300000000000004
CA,11000,357041,1,2000,2000-08-01T00:00:00Z,8,11,3,5,4,5,10,7.5,0,1,0.5,95,100,97.5,0,1,0.5,,,,95,100,97.5125
CA,11000,357042,1,2000,2000-08-01T00:00:00Z,2,4.5,5,10,7.5,3,5,4,0,1,0.5,95,100,97.5,0,1,0.5,,,,95,100,97.5125
CA,11000,357043,1,2000,2000-08-01T00:00:00Z,3,1.5,1,3,2,1,3,2,0,1,0.5,95,100,97.5,0,1,0.5,,,,95,100,97.5125
CA,11000,357044,1,2000,2000-08-01T00:00:00Z,3,8.5,0,1,0.5,5,10,7.5,0,1,0.5,95,100,97.5,0,1,0.5,,,,95,100,97.5125
CA,11000,357045,1,2000,2000-08-01T00:00:00Z,9,66.5,1,3,2,55,65,60,0,1,0.5,55,65,60,0,1,0.5,,,,55.00000000000001,65.35,60.199999999999996
CA,11000,357051,1,2000,2000-08-01T00:00:00Z,10,12,5,10,7.5,5,10,7.5,0,1,0.5,85,95,90,0,1,0.5,,,,85,95.04999999999998,90.05000000000001
CA,11000,357052,1,2000,2000-08-01T00:00:00Z,6,3,1,3,2,3,5,4,0,1,0.5,95,100,97.5,0,1,0.5,,,,95,100,97.5125
CA,11000,357053,1,2000,2000-08-01T00:00:00Z,7,3.5,3,5,4,1,3,2,0,1,0.5,85,95,90,0,1,0.5,,,,85,95.04999999999998,90.05000000000001
CA,11000,357054,1,2000,2000-08-01T00:00:00Z,2,1,3,5,4,1,3,2,0,1,0.5,95,100,97.5,0,1,0.5,,,,95,100,97.5125
CA,11000,357055,1,2000,2000-08-01T00:00:00Z,11,12.5,1,3,2,5,10,7.5,0,1,0.5,55,65,60,0,1,0.5,,,,55.00000000000001,65.35,60.199999999999996
CA,11000,357511,1,2000,2000-08-01T00:00:00Z,7,10.5,1,3,2,45,55,50,0,1,0.5,75,85,80,0,1,0.5,,,,75,85.14999999999999,80.10000000000001
CA,11000,357512,1,2000,2000-08-01T00:00:00Z,9,90.5,3,5,4,85,95,90,0,1,0.5,65,75,70,0,1,0.5,,,,65,75.25,70.15
CA,11000,357513,1,2000,2000-08-01T00:00:00Z,11,94,3,5,4,85,95,90,0,1,0.5,15,25,20,0,1,0.5,,,,15.000000000000002,25.750000000000007,20.399999999999995
CA,11000,357514,1,2000,2000-08-01T00:00:00Z,10,62,5,10,7.5,65,75,70,0,1,0.5,35,45,40,0,1,0.5,,,,35,45.550000000000004,40.300000000000004
CA,11000,357515,1,2000,2000-08-01T00:00:00Z,7,73.5,5,10,7.5,75,85,80,0,1,0.5,65,75,70,0,1,0.5,,,,65,75.25,70.15
CA,11000,357521,1,2000,2000-08-01T00:00:00Z,8,18,0,1,0.5,10,15,12.5,0,1,0.5,95,100,97.5,0,1,0.5,,,,95,100,97.5125
CA,11000,357522,1,2000,2000-08-01T00:00:00Z,8,23,1,3,2,15,25,20,0,1,0.5,95,100,97.5,0,1,0.5,,,,95,100,97.5125
CA,11000,357523,1,2000,2000-08-01T00:00:00Z,8,120.5,10,15,12.5,95,100,97.5,0,1,0.5,55,65,60,0,1,0.5,,,,55.00000000000001,65.35,60.199999999999996
CA,11000,357524,1,2000,2000-08-01T00:00:00Z,8,107,15,25,20,95,100,97.5,0,1,0.5,35,45,40,0,1,0.5,,,,35,45.550000000000004,40.300000000000004
CA,11000,357525,1,2000,2000-08-01T00:00:00Z,9,64,5,10,7.5,55,65,60,0,1,0.5,25,35,30,0,1,0.5,,,,25,35.650000000000006,30.349999999999998
CA,11000,357531,1,2000,2000-08-01T00:00:00Z,11,35.5,1,3,2,25,35,30,0,1,0.5,95,100,97.5,0,1,0.5,,,,95,100,97.5125
CA,11000,357532,1,2000,2000-08-01T00:00:00Z,6,13.5,1,3,2,10,15,12.5,0,1,0.5,95,100,97.5,0,1,0.5,,,,95,100,97.5125
CA,11000,357533,1,2000,2000-08-01T00:00:00Z,7,107,1,3,2,85,95,90,0,1,0.5,85,95,90,0,1,0.5,,,,85,95.04999999999998,90.05000000000001
CA,11000,357534,1,2000,2000-08-01T00:00:00Z,7,109.5,3,5,4,85,95,90,0,1,0.5,85,95,90,0,1,0.5,,,,85,95.04999999999998,90.05000000000001
CA,11000,357535,1,2000,2000-08-01T00:00:00Z,12,86.5,15,25,20,65,75,70,0,1,0.5,95,100,97.5,0,1,0.5,,,,95,100,97.5125
CA,11000,357541,1,2000,2000-08-01T00:00:00Z,11,35,5,10,7.5,55,65,60,0,1,0.5,55,65,60,0,1,0.5,,,,55.00000000000001,65.35,60.199999999999996
CA,11000,357542,1,2000,2000-08-01T00:00:00Z,14,28,5,10,7.5,45,55,50,0,1,0.5,85,95,90,0,1,0.5,,,,85,95.04999999999998,90.05000000000001
CA,11000,357543,1,2000,2000-08-01T00:00:00Z,10,45.5,3,5,4,55,65,60,0,1,0.5,55,65,60,0,1,0.5,,,,55.00000000000001,65.35,60.199999999999996
CA,11000,357544,1,2000,2000-08-01T00:00:00Z,6,15,1,3,2,15,25,20,0,1,0.5,85,95,90,0,1,0.5,,,,85,95.04999999999998,90.05000000000001
CA,11000,357545,1,2000,2000-08-01T00:00:00Z,13,32.5,1,3,2,45,55,50,0,1,0.5,75,85,80,0,1,0.5,,,,75,85.14999999999999,80.10000000000001
CA,11000,357551,1,2000,2000-08-01T00:00:00Z,4,9,1,3,2,5,10,7.5,0,1,0.5,95,100,97.5,0,1,0.5,,,,95,100,97.5125
CA,11000,357552,1,2000,2000-08-01T00:00:00Z,13,70.5,5,10,7.5,65,75,70,0,1,0.5,25,35,30,0,1,0.5,,,,25,35.650000000000006,30.349999999999998
CA,11000,357553,1,2000,2000-08-01T00:00:00Z,12,80,10,15,12.5,75,85,80,0,1,0.5,75,85,80,0,1,0.5,,,,75,85.14999999999999,80.10000000000001
CA,11000,357554,1,2000,2000-08-01T00:00:00Z,13,31,5,10,7.5,15,25,20,0,1,0.5,95,100,97.5,0,1,0.5,,,,95,100,97.5125
CA,11000,357555,1,2000,2000-08-01T00:00:00Z,12,44.5,1,3,2,45,55,50,0,1,0.5,85,95,90,0,1,0.5,,,,85,95.04999999999998,90.05000000000001
CA,11000,358011,1,2000,2000-08-01T00:00:00Z,7,49.5,1,3,2,35,45,40,0,1,0.5,75,85,80,0,1,0.5,,,,75,85.14999999999999,80.10000000000001
CA,11000,358012,1,2000,2000-08-01T00:00:00Z,7,10.5,1,3,2,3,5,4,0,1,0.5,95,100,97.5,0,1,0.5,,,,95,100,97.5125
CA,11000,358013,1,2000,2000-08-01T00:00:00Z,12,36,1,3,2,15,25,20,0,1,0.5,85,95,90,0,1,0.5,,,,85,95.04999999999998,90.05000000000001
CA,11000,358014,1,2000,2000-08-01T00:00:00Z,10,29.5,1,3,2,25,35,30,0,1,0.5,95,100,97.5,0,1,0.5,,,,95,100,97.5125
CA,11000,358015,1,2000,2000-08-01T00:00:00Z,7,10.5,1,3,2,15,25,20,0,1,0.5,95,100,97.5,0,1,0.5,,,,95,100,97.5125
CA,11000,358021,1,2000,2000-08-01T00:00:00Z,9,23.5,3,5,4,15,25,20,0,1,0.5,85,95,90,0,1,0.5,,,,85,95.04999999999998,90.05000000000001
CA,11000,358022,1,2000,2000-08-01T00:00:00Z,12,20,1,3,2,10,15,12.5,0,1,0.5,95,100,97.5,0,1,0.5,,,,95,100,97.5125
CA,11000,358023,1,2000,2000-08-01T00:00:00Z,11,46,1,3,2,45,55,50,0,1,0.5,95,100,97.5,0,1,0.5,,,,95,100,97.5125
CA,11000,358024,1,2000,2000-08-01T00:00:00Z,11,54.5,3,5,4,65,75,70,0,1,0.5,85,95,90,0,1,0.5,,,,85,95.04999999999998,90.05000000000001
CA,11000,358025,1,2000,2000-08-01T00:00:00Z,11,42.5,1,3,2,35,45,40,0,1,0.5,65,75,70,0,1,0.5,,,,65,75.25,70.15
CA,11000,358031,1,2000,2000-08-01T00:00:00Z,11,65,5,10,7.5,45,55,50,0,1,0.5,85,95,90,0,1,0.5,,,,85,95.04999999999998,90.05000000000001
CA,11000,358032,1,2000,2000-08-01T00:00:00Z,9,34,1,3,2,25,35,30,0,1,0.5,95,100,97.5,0,1,0.5,,,,95,100,97.5125
CA,11000,358033,1,2000,2000-08-01T00:00:00Z,8,68,1,3,2,55,65,60,0,1,0.5,95,100,97.5,0,1,0.5,,,,95,100,97.5125
CA,11000,358034,1,2000,2000-08-01T00:00:00Z,8,71,1,3,2,55,65,60,0,1,0.5,85,95,90,0,1,0.5,,,,85,95.04999999999998,90.05000000000001
CA,11000,358035,1,2000,2000-08-01T00:00:00Z,9,66.5,3,5,4,55,65,60,0,1,0.5,45,55,50,0,1,0.5,,,,44.99999999999999,55.45,50.24999999999999
CA,11000,358041,1,2000,2000-08-01T00:00:00Z,13,57,1,3,2,65,75,70,0,1,0.5,85,95,90,0,1,0.5,,,,85,95.04999999999998,90.05000000000001
CA,11000,358042,1,2000,2000-08-01T00:00:00Z,12,56.5,1,3,2,65,75,70,0,1,0.5,75,85,80,0,1,0.5,,,,75,85.14999999999999,80.10000000000001
CA,11000,358043,1,2000,2000-08-01T00:00:00Z,12,52,1,3,2,75,85,80,0,1,0.5,95,100,97.5,0,1,0.5,,,,95,100,97.5125
CA,11000,358044,1,2000,2000-08-01T00:00:00Z,9,94,1,3,2,85,95,90,0,1,0.5,95,100,97.5,0,1,0.5,,,,95,100,97.5125
CA,11000,358045,1,2000,2000-08-01T00:00:00Z,9,80.5,1,3,2,65,75,70,0,1,0.5,65,75,70,0,1,0.5,,,,65,75.25,70.15
CA,11000,358051,1,2000,2000-08-01T00:00:00Z,11,59.5,1,3,2,55,65,60,0,1,0.5,95,100,97.5,0,1,0.5,,,,95,100,97.5125
CA,11000,358052,1,2000,2000-08-01T00:00:00Z,9,71,1,3,2,55,65,60,0,1,0.5,85,95,90,0,1,0.5,,,,85,95.04999999999998,90.05000000000001
CA,11000,358053,1,2000,2000-08-01T00:00:00Z,9,94.5,1,3,2,75,85,80,0,1,0.5,,,,0,1,0.5,,,,,,
CA,11000,358054,1,2000,2000-08-01T00:00:00Z,12,67,1,3,2,45,55,50,0,1,0.5,85,95,90,0,1,0.5,,,,85,95.04999999999998,90.05000000000001
CA,11000,358055,1,2000,2000-08-01T00:00:00Z,4,9,1,3,2,85,95,90,0,1,0.5,95,100,97.5,0,1,0.5,,,,95,100,97.5125
CA,11000,405011,1,2000,2000-08-01T00:00:00Z,1,0.5,1,3,2,1,3,2,0,1,0.5,95,100,97.5,0,1,0.5,,,,95,100,97.5125
CA,11000,405012,1,2000,2000-08-01T00:00:00Z,2,1,0,1,0.5,1,3,2,0,1,0.5,85,95,90,0,1,0.5,,,,85,95.04999999999998,90.05000000000001
CA,11000,405013,1,2000,2000-08-01T00:00:00Z,0,,1,3,2,,,,0,1,0.5,1,3,2,0,1,0.5,,,,1.0000000000000009,3.970000000000007,2.4900000000000033
CA,11000,405014,1,2000,2000-08-01T00:00:00Z,0,,1,3,2,,,,0,1,0.5,1,3,2,0,1,0.5,,,,1.0000000000000009,3.970000000000007,2.4900000000000033
CA,11000,405015,1,2000,2000-08-01T00:00:00Z,0,,1,3,2,,,,0,1,0.5,1,3,2,0,1,0.5,,,,1.0000000000000009,3.970000000000007,2.4900000000000033
CA,11000,405021,1,2000,2000-08-01T00:00:00Z,2,1,1,3,2,,,,0,1,0.5,1,3,2,0,1,0.5,,,,1.0000000000000009,3.970000000000007,2.4900000000000033
CA,11000,405022,1,2000,2000-08-01T00:00:00Z,2,1,1,3,2,,,,0,1,0.5,1,3,2,0,1,0.5,,,,1.0000000000000009,3.970000000000007,2.4900000000000033
CA,11000,405023,1,2000,2000-08-01T00:00:00Z,1,0.5,0,1,0.5,1,3,2,0,1,0.5,95,100,97.5,0,1,0.5,,,,95,100,97.5125
CA,11000,405024,1,2000,2000-08-01T00:00:00Z,0,,0,1,0.5,,,,0,1,0.5,1,3,2,0,1,0.5,,,,1.0000000000000009,3.970000000000007,2.4900000000000033
CA,11000,405025,1,2000,2000-08-01T00:00:00Z,0,,1,3,2,,,,0,1,0.5,1,3,2,0,1,0.5,,,,1.0000000000000009,3.970000000000007,2.4900000000000033
CA,11000,405031,1,2000,2000-08-01T00:00:00Z,1,0.5,1,3,2,1,3,2,0,1,0.5,85,95,90,0,1,0.5,,,,85,95.04999999999998,90.05000000000001
CA,11000,405032,1,2000,2000-08-01T00:00:00Z,0,,1,3,2,,,,0,1,0.5,1,3,2,0,1,0.5,,,,1.0000000000000009,3.970000000000007,2.4900000000000033
CA,11000,405033,1,2000,2000-08-01T00:00:00Z,1,0.5,1,3,2,,,,0,1,0.5,1,3,2,0,1,0.5,,,,1.0000000000000009,3.970000000000007,2.4900000000000033
CA,11000,405034,1,2000,2000-08-01T00:00:00Z,0,,3,5,4,,,,0,1,0.5,1,3,2,0,1,0.5,,,,1.0000000000000009,3.970000000000007,2.4900000000000033
CA,11000,405035,1,2000,2000-08-01T00:00:00Z,1,0.5,1,3,2,,,,0,1,0.5,1,3,2,0,1,0.5,,,,1.0000000000000009,3.970000000000007,2.4900000000000033
CA,11000,405041,1,2000,2000-08-01T00:00:00Z,1,0.5,1,3,2,,,,0,1,0.5,1,3,2,0,1,0.5,,,,1.0000000000000009,3.970000000000007,2.4900000000000033
CA,11000,405042,1,2000,2000-08-01T00:00:00Z,0,,0,1,0.5,,,,0,1,0.5,1,3,2,0,1,0.5,,,,1.0000000000000009,3.970000000000007,2.4900000000000033
CA,11000,405043,1,2000,2000-08-01T00:00:00Z,0,,0,1,0.5,,,,0,1,0.5,1,3,2,0,1,0.5,,,,1.0000000000000009,3.970000000000007,2.4900000000000033
CA,11000,405044,1,2000,2000-08-01T00:00:00Z,0,,0,1,0.5,,,,0,1,0.5,1,3,2,0,1,0.5,,,,1.0000000000000009,3.970000000000007,2.4900000000000033
CA,11000,405045,1,2000,2000-08-01T00:00:00Z,1,0.5,1,3,2,,,,0,1,0.5,1,3,2,0,1,0.5,,,,1.0000000000000009,3.970000000000007,2.4900000000000033
CA,11000,405051,1,2000,2000-08-01T00:00:00Z,1,0.5,1,3,2,,,,0,1,0.5,1,3,2,0,1,0.5,,,,1.0000000000000009,3.970000000000007,2.4900000000000033
CA,11000,405052,1,2000,2000-08-01T00:00:00Z,0,,1,3,2,,,,0,1,0.5,1,3,2,0,1,0.5,,,,1.0000000000000009,3.970000000000007,2.4900000000000033
CA,11000,405053,1,2000,2000-08-01T00:00:00Z,0,,0,1,0.5,,,,0,1,0.5,1,3,2,0,1,0.5,,,,1.0000000000000009,3.970000000000007,2.4900000000000033
CA,11000,405054,1,2000,2000-08-01T00:00:00Z,0,,1,3,2,,,,0,1,0.5,1,3,2,0,1,0.5,,,,1.0000000000000009,3.970000000000007,2.4900000000000033
CA,11000,405055,1,2000,2000-08-01T00:00:00Z,1,0.5,1,3,2,,,,0,1,0.5,1,3,2,0,1,0.5,,,,1.0000000000000009,3.970000000000007,2.4900000000000033
CA,11000,405511,1,2000,2000-08-01T00:00:00Z,7,30,1,3,2,25,35,30,0,1,0.5,75,85,80,0,1,0.5,,,,75,85.14999999999999,80.10000000000001
CA,11000,405512,1,2000,2000-08-01T00:00:00Z,11,16,3,5,4,10,15,12.5,0,1,0.5,85,95,90,0,1,0.5,,,,85,95.04999999999998,90.05000000000001
CA,11000,405513,1,2000,2000-08-01T00:00:00Z,16,59.5,10,15,12.5,55,65,60,0,1,0.5,25,35,30,0,1,0.5,,,,25,35.650000000000006,30.349999999999998
CA,11000,405514,1,2000,2000-08-01T00:00:00Z,13,62.5,5,10,7.5,45,55,50,0,1,0.5,35,45,40,0,1,0.5,,,,35,45.550000000000004,40.300000000000004
CA,11000,405515,1,2000,2000-08-01T00:00:00Z,9,73,3,5,4,45,55,50,0,1,0.5,95,100,97.5,0,1,0.5,,,,95,100,97.5125
CA,11000,405521,1,2000,2000-08-01T00:00:00Z,5,7.5,1,3,2,5,10,7.5,0,1,0.5,95,100,97.5,0,1,0.5,,,,95,100,97.5125
CA,11000,405522,1,2000,2000-08-01T00:00:00Z,11,32,1,3,2,15,25,20,0,1,0.5,85,95,90,0,1,0.5,,,,85,95.04999999999998,90.05000000000001
CA,11000,405523,1,2000,2000-08-01T00:00:00Z,15,32,3,5,4,25,35,30,0,1,0.5,75,85,80,0,1,0.5,,,,75,85.14999999999999,80.10000000000001
CA,11000,405524,1,2000,2000-08-01T00:00:00Z,8,27,10,15,12.5,25,35,30,0,1,0.5,85,95,90,0,1,0.5,,,,85,95.04999999999998,90.05000000000001
CA,11000,405525,1,2000,2000-08-01T00:00:00Z,9,51.5,3,5,4,35,45,40,0,1,0.5,95,100,97.5,0,1,0.5,,,,95,100,97.5125
CA,11000,405531,1,2000,2000-08-01T00:00:00Z,3,1.5,1,3,2,1,3,2,0,1,0.5,95,100,97.5,0,1,0.5,,,,95,100,97.5125
CA,11000,405532,1,2000,2000-08-01T00:00:00Z,6,6.5,1,3,2,5,10,7.5,0,1,0.5,95,100,97.5,0,1,0.5,,,,95,100,97.5125
CA,11000,405533,1,2000,2000-08-01T00:00:00Z,11,22.5,1,3,2,15,25,20,0,1,0.5,95,100,97.5,0,1,0.5,,,,95,100,97.5125
CA,11000,405534,1,2000,2000-08-01T00:00:00Z,11,48,1,3,2,35,45,40,0,1,0.5,95,100,97.5,0,1,0.5,,,,95,100,97.5125
CA,11000,405535,1,2000,2000-08-01T00:00:00Z,8,22.5,1,3,2,15,25,20,0,1,0.5,95,100,97.5,0,1,0.5,,,,95,100,97.5125
CA,11000,405541,1,2000,2000-08-01T00:00:00Z,1,0.5,1,3,2,1,3,2,0,1,0.5,95,100,97.5,0,1,0.5,,,,95,100,97.5125
CA,11000,405542,1,2000,2000-08-01T00:00:00Z,7,14,3,5,4,10,15,12.5,0,1,0.5,95,100,97.5,0,1,0.5,,,,95,100,97.5125
CA,11000,405543,1,2000,2000-08-01T00:00:00Z,6,25.5,1,3,2,15,25,20,0,1,0.5,85,95,90,0,1,0.5,,,,85,95.04999999999998,90.05000000000001
CA,11000,405544,1,2000,2000-08-01T00:00:00Z,6,10,1,3,2,5,10,7.5,0,1,0.5,85,95,90,0,1,0.5,,,,85,95.04999999999998,90.05000000000001
CA,11000,405545,1,2000,2000-08-01T00:00:00Z,4,3.5,1,3,2,3,5,4,0,1,0.5,95,100,97.5,0,1,0.5,,,,95,100,97.5125
CA,11000,405551,1,2000,2000-08-01T00:00:00Z,3,6.5,1,3,2,5,10,7.5,0,1,0.5,95,100,97.5,0,1,0.5,,,,95,100,97.5125
CA,11000,405552,1,2000,2000-08-01T00:00:00Z,2,8,1,3,2,5,10,7.5,0,1,0.5,95,100,97.5,0,1,0.5,,,,95,100,97.5125
CA,11000,405553,1,2000,2000-08-01T00:00:00Z,2,1,1,3,2,1,3,2,0,1,0.5,95,100,97.5,0,1,0.5,,,,95,100,97.5125
CA,11000,405554,1,2000,2000-08-01T00:00:00Z,1,0.5,0,1,0.5,1,3,2,0,1,0.5,95,100,97.5,0,1,0.5,,,,95,100,97.5125
CA,11000,405555,1,2000,2000-08-01T00:00:00Z,0,,1,3,2,,,,0,1,0.5,1,3,2,0,1,0.5,,,,1.0000000000000009,3.970000000000007,2.4900000000000033
CA,11000,406011,1,2000,2000-08-01T00:00:00Z,8,11,1,3,2,10,15,12.5,0,1,0.5,95,100,97.5,0,1,0.5,,,,95,100,97.5125
CA,11000,406012,1,2000,2000-08-01T00:00:00Z,5,6,1,3,2,3,5,4,0,1,0.5,95,100,97.5,0,1,0.5,,,,95,100,97.5125
CA,11000,406013,1,2000,2000-08-01T00:00:00Z,8,21,1,3,2,15,25,20,0,1,0.5,85,95,90,0,1,0.5,,,,85,95.04999999999998,90.05000000000001
CA,11000,406014,1,2000,2000-08-01T00:00:00Z,12,61,1,3,2,45,55,50,0,1,0.5,35,45,40,0,1,0.5,,,,35,45.550000000000004,40.300000000000004
CA,11000,406015,1,2000,2000-08-01T00:00:00Z,14,90,1,3,2,85,95,90,0,1,0.5,15,25,20,0,1,0.5,,,,15.000000000000002,25.750000000000007,20.399999999999995
CA,11000,406021,1,2000,2000-08-01T00:00:00Z,9,16.5,3,5,4,15,25,20,0,1,0.5,85,95,90,0,1,0.5,,,,85,95.04999999999998,90.05000000000001
CA,11000,406022,1,2000,2000-08-01T00:00:00Z,8,23.5,1,3,2,15,25,20,0,1,0.5,85,95,90,0,1,0.5,,,,85,95.04999999999998,90.05000000000001
CA,11000,406023,1,2000,2000-08-01T00:00:00Z,10,17,1,3,2,15,25,20,0,1,0.5,95,100,97.5,0,1,0.5,,,,95,100,97.5125
CA,11000,406024,1,2000,2000-08-01T00:00:00Z,10,24.5,1,3,2,15,25,20,0,1,0.5,95,100,97.5,0,1,0.5,,,,95,100,97.5125
CA,11000,406025,1,2000,2000-08-01T00:00:00Z,12,74.5,1,3,2,65,75,70,0,1,0.5,45,55,50,0,1,0.5,,,,44.99999999999999,55.45,50.24999999999999
CA,11000,406031,1,2000,2000-08-01T00:00:00Z,10,68,1,3,2,65,75,70,0,1,0.5,95,100,97.5,0,1,0.5,,,,95,100,97.5125
CA,11000,406032,1,2000,2000-08-01T00:00:00Z,7,70,1,3,2,65,75,70,0,1,0.5,85,95,90,0,1,0.5,,,,85,95.04999999999998,90.05000000000001
CA,11000,406033,1,2000,2000-08-01T00:00:00Z,14,73,1,3,2,65,75,70,0,1,0.5,75,85,80,0,1,0.5,,,,75,85.14999999999999,80.10000000000001
CA,11000,406034,1,2000,2000-08-01T00:00:00Z,12,59.5,1,3,2,55,65,60,0,1,0.5,85,95,90,0,1,0.5,,,,85,95.04999999999998,90.05000000000001
CA,11000,406035,1,2000,2000-08-01T00:00:00Z,11,52.5,1,3,2,45,55,50,0,1,0.5,95,100,97.5,0,1,0.5,,,,95,100,97.5125
CA,11000,406041,1,2000,2000-08-01T00:00:00Z,7,43,1,3,2,35,45,40,0,1,0.5,85,95,90,0,1,0.5,,,,85,95.04999999999998,90.05000000000001
CA,11000,406042,1,2000,2000-08-01T00:00:00Z,5,32,1,3,2,25,35,30,0,1,0.5,85,95,90,0,1,0.5,,,,85,95.04999999999998,90.05000000000001
CA,11000,406043,1,2000,2000-08-01T00:00:00Z,5,66,1,3,2,55,65,60,0,1,0.5,45,55,50,0,1,0.5,,,,44.99999999999999,55.45,50.24999999999999
CA,11000,406044,1,2000,2000-08-01T00:00:00Z,6,50,0,1,0.5,35,45,40,0,1,0.5,35,45,40,0,1,0.5,,,,35,45.550000000000004,40.300000000000004
CA,11000,406045,1,2000,2000-08-01T00:00:00Z,9,64,1,3,2,45,55,50,0,1,0.5,75,85,80,0,1,0.5,,,,75,85.14999999999999,80.10000000000001
CA,11000,406051,1,2000,2000-08-01T00:00:00Z,1,7.5,0,1,0.5,5,10,7.5,0,1,0.5,95,100,97.5,0,1,0.5,,,,95,100,97.5125
CA,11000,406052,1,2000,2000-08-01T00:00:00Z,2,13,1,3,2,10,15,12.5,0,1,0.5,95,100,97.5,0,1,0.5,,,,95,100,97.5125
CA,11000,406053,1,2000,2000-08-01T00:00:00Z,3,20.5,1,3,2,15,25,20,0,1,0.5,95,100,97.5,0,1,0.5,,,,95,100,97.5125
CA,11000,406054,1,2000,2000-08-01T00:00:00Z,6,53.5,1,3,2,45,55,50,0,1,0.5,55,65,60,0,1,0.5,,,,55.00000000000001,65.35,60.199999999999996
CA,11000,406055,1,2000,2000-08-01T00:00:00Z,6,92,1,3,2,55,65,60,0,1,0.5,15,25,20,0,1,0.5,,,,15.000000000000002,25.750000000000007,20.399999999999995
CA,11000,406511,1,2000,2000-08-01T00:00:00Z,9,23.5,1,3,2,15,25,20,0,1,0.5,85,95,90,0,1,0.5,,,,85,95.04999999999998,90.05000000000001
CA,11000,406512,1,2000,2000-08-01T00:00:00Z,9,23.5,1,3,2,5,10,7.5,0,1,0.5,85,95,90,0,1,0.5,,,,85,95.04999999999998,90.05000000000001
CA,11000,406513,1,2000,2000-08-01T00:00:00Z,8,60.5,1,3,2,55,65,60,0,1,0.5,45,55,50,0,1,0.5,,,,44.99999999999999,55.45,50.24999999999999
CA,11000,406514,1,2000,2000-08-01T00:00:00Z,2,64,0,1,0.5,55,65,60,0,1,0.5,95,100,97.5,0,1,0.5,,,,95,100,97.5125
CA,11000,406515,1,2000,2000-08-01T00:00:00Z,3,68,1,3,2,55,65,60,0,1,0.5,95,100,97.5,0,1,0.5,,,,95,100,97.5125
CA,11000,406521,1,2000,2000-08-01T00:00:00Z,17,36.5,5,10,7.5,65,75,70,0,1,0.5,45,55,50,0,1,0.5,,,,44.99999999999999,55.45,50.24999999999999
CA,11000,406522,1,2000,2000-08-01T00:00:00Z,12,46,1,3,2,25,35,30,0,1,0.5,95,100,97.5,0,1,0.5,,,,95,100,97.5125
CA,11000,406523,1,2000,2000-08-01T00:00:00Z,5,94.5,1,3,2,65,75,70,0,1,0.5,85,95,90,0,1,0.5,,,,85,95.04999999999998,90.05000000000001
CA,11000,406524,1,2000,2000-08-01T00:00:00Z,5,62.5,3,5,4,55,65,60,0,1,0.5,95,100,97.5,0,1,0.5,,,,95,100,97.5125
CA,11000,406525,1,2000,2000-08-01T00:00:00Z,7,66.5,1,3,2,65,75,70,0,1,0.5,65,75,70,0,1,0.5,,,,65,75.25,70.15
CA,11000,406531,1,2000,2000-08-01T00:00:00Z,9,38,3,5,4,25,35,30,0,1,0.5,55,65,60,0,1,0.5,,,,55.00000000000001,65.35,60.199999999999996
CA,11000,406532,1,2000,2000-08-01T00:00:00Z,12,81.5,1,3,2,85,95,90,0,1,0.5,15,25,20,0,1,0.5,,,,15.000000000000002,25.750000000000007,20.399999999999995
CA,11000,406533,1,2000,2000-08-01T00:00:00Z,10,84.5,3,5,4,75,85,80,0,1,0.5,15,25,20,0,1,0.5,,,,15.000000000000002,25.750000000000007,20.399999999999995
CA,11000,406534,1,2000,2000-08-01T00:00:00Z,8,90.5,5,10,7.5,75,85,80,0,1,0.5,65,75,70,0,1,0.5,,,,65,75.25,70.15
CA,11000,406535,1,2000,2000-08-01T00:00:00Z,14,89,3,5,4,65,75,70,0,1,0.5,25,35,30,0,1,0.5,,,,25,35.650000000000006,30.349999999999998
CA,11000,406541,1,2000,2000-08-01T00:00:00Z,7,38,1,3,2,25,35,30,0,1,0.5,95,100,97.5,0,1,0.5,,,,95,100,97.5125
CA,11000,406542,1,2000,2000-08-01T00:00:00Z,5,29,1,3,2,15,25,20,0,1,0.5,85,95,90,0,1,0.5,,,,85,95.04999999999998,90.05000000000001
CA,11000,406543,1,2000,2000-08-01T00:00:00Z,5,9.5,1,3,2,5,10,7.5,0,1,0.5,95,100,97.5,0,1,0.5,,,,95,100,97.5125
CA,11000,406544,1,2000,2000-08-01T00:00:00Z,12,63,3,5,4,45,55,50,0,1,0.5,55,65,60,0,1,0.5,,,,55.00000000000001,65.35,60.199999999999996
CA,11000,406545,1,2000,2000-08-01T00:00:00Z,9,107.5,3,5,4,95,100,97.5,0,1,0.5,45,55,50,0,1,0.5,,,,44.99999999999999,55.45,50.24999999999999
CA,11000,406551,1,2000,2000-08-01T00:00:00Z,6,6.5,1,3,2,3,5,4,0,1,0.5,95,100,97.5,0,1,0.5,,,,95,100,97.5125
CA,11000,406552,1,2000,2000-08-01T00:00:00Z,10,12,1,3,2,3,5,4,0,1,0.5,95,100,97.5,0,1,0.5,,,,95,100,97.5125
CA,11000,406553,1,2000,2000-08-01T00:00:00Z,7,10.5,1,3,2,10,15,12.5,0,1,0.5,10,15,12.5,0,1,0.5,,,,9.999999999999998,15.849999999999998,12.937500000000002
CA,11000,406554,1,2000,2000-08-01T00:00:00Z,6,46,1,3,2,35,45,40,0,1,0.5,75,85,80,0,1,0.5,,,,75,85.14999999999999,80.10000000000001
CA,11000,406555,1,2000,2000-08-01T00:00:00Z,10,55,3,5,4,55,65,60,0,1,0.5,45,55,50,0,1,0.5,,,,44.99999999999999,55.45,50.24999999999999
CA,11000,407011,1,2000,2000-08-01T00:00:00Z,6,22,5,10,7.5,15,25,20,0,1,0.5,95,100,97.5,0,1,0.5,,,,95,100,97.5125
CA,11000,407012,1,2000,2000-08-01T00:00:00Z,5,32,3,5,4,25,35,30,0,1,0.5,95,100,97.5,0,1,0.5,,,,95,100,97.5125
CA,11000,407013,1,2000,2000-08-01T00:00:00Z,5,29,3,5,4,25,35,30,0,1,0.5,95,100,97.5,0,1,0.5,,,,95,100,97.5125
CA,11000,407014,1,2000,2000-08-01T00:00:00Z,5,75,3,5,4,55,65,60,0,1,0.5,95,100,97.5,0,1,0.5,,,,95,100,97.5125
CA,11000,407015,1,2000,2000-08-01T00:00:00Z,8,148.5,1,3,2,85,95,90,0,1,0.5,55,65,60,0,1,0.5,,,,55.00000000000001,65.35,60.199999999999996
CA,11000,407021,1,2000,2000-08-01T00:00:00Z,5,25.5,1,3,2,15,25,20,0,1,0.5,85,95,90,0,1,0.5,,,,85,95.04999999999998,90.05000000000001
CA,11000,407022,1,2000,2000-08-01T00:00:00Z,5,9.5,1,3,2,5,10,7.5,0,1,0.5,75,85,80,0,1,0.5,,,,75,85.14999999999999,80.10000000000001
CA,11000,407023,1,2000,2000-08-01T00:00:00Z,3,5,1,3,2,3,5,4,0,1,0.5,95,100,97.5,0,1,0.5,,,,95,100,97.5125
CA,11000,407024,1,2000,2000-08-01T00:00:00Z,5,32.5,1,3,2,3,5,4,0,1,0.5,95,100,97.5,0,1,0.5,,,,95,100,97.5125
CA,11000,407025,1,2000,2000-08-01T00:00:00Z,11,188,1,3,2,5,10,7.5,0,1,0.5,35,45,40,0,1,0.5,,,,35,45.550000000000004,40.300000000000004
CA,11000,407031,1,2000,2000-08-01T00:00:00Z,3,44.5,3,5,4,35,45,40,0,1,0.5,95,100,97.5,0,1,0.5,,,,95,100,97.5125
CA,11000,407032,1,2000,2000-08-01T00:00:00Z,6,29,3,5,4,15,25,20,0,1,0.5,65,75,70,0,1,0.5,,,,65,75.25,70.15
CA,11000,407033,1,2000,2000-08-01T00:00:00Z,5,13,3,5,4,10,15,12.5,0,1,0.5,85,95,90,0,1,0.5,,,,85,95.04999999999998,90.05000000000001
CA,11000,407034,1,2000,2000-08-01T00:00:00Z,6,26,0,1,0.5,25,35,30,0,1,0.5,95,100,97.5,0,1,0.5,,,,95,100,97.5125
CA,11000,407035,1,2000,2000-08-01T00:00:00Z,10,58,1,3,2,45,55,50,0,1,0.5,45,55,50,0,1,0.5,,,,44.99999999999999,55.45,50.24999999999999
CA,11000,407041,1,2000,2000-08-01T00:00:00Z,7,10.5,1,3,2,5,10,7.5,0,1,0.5,95,100,97.5,0,1,0.5,,,,95,100,97.5125
CA,11000,407042,1,2000,2000-08-01T00:00:00Z,3,1.5,1,3,2,1,3,2,0,1,0.5,95,100,97.5,0,1,0.5,,,,95,100,97.5125
CA,11000,407043,1,2000,2000-08-01T00:00:00Z,3,1.5,1,3,2,3,5,4,0,1,0.5,95,100,97.5,0,1,0.5,,,,95,100,97.5125
CA,11000,407044,1,2000,2000-08-01T00:00:00Z,4,2,1,3,2,1,3,2,0,1,0.5,95,100,97.5,0,1,0.5,,,,95,100,97.5125
CA,11000,407045,1,2000,2000-08-01T00:00:00Z,7,7,1,3,2,3,5,4,0,1,0.5,95,100,97.5,0,1,0.5,,,,95,100,97.5125
CA,11000,407051,1,2000,2000-08-01T00:00:00Z,11,9,3,5,4,3,5,4,0,1,0.5,95,100,97.5,0,1,0.5,,,,95,100,97.5125
CA,11000,407052,1,2000,2000-08-01T00:00:00Z,10,12,3,5,4,5,10,7.5,0,1,0.5,95,100,97.5,0,1,0.5,,,,95,100,97.5125
CA,11000,407053,1,2000,2000-08-01T00:00:00Z,9,8,1,3,2,35,45,40,0,1,0.5,65,75,70,0,1,0.5,,,,65,75.25,70.15
CA,11000,407054,1,2000,2000-08-01T00:00:00Z,7,7,1,3,2,3,5,4,0,1,0.5,95,100,97.5,0,1,0.5,,,,95,100,97.5125
CA,11000,407055,1,2000,2000-08-01T00:00:00Z,8,7.5,1,3,2,3,5,4,0,1,0.5,95,100,97.5,0,1,0.5,,,,95,100,97.5125
CA,11000,407511,1,2000,2000-08-01T00:00:00Z,9,58.5,5,10,7.5,55,65,60,0,1,0.5,45,55,50,0,1,0.5,,,,44.99999999999999,55.45,50.24999999999999
CA,11000,407512,1,2000,2000-08-01T00:00:00Z,9,74,5,10,7.5,5,10,7.5,0,1,0.5,75,85,80,0,1,0.5,,,,75,85.14999999999999,80.10000000000001
CA,11000,407513,1,2000,2000-08-01T00:00:00Z,8,32,1,3,2,25,35,30,0,1,0.5,95,100,97.5,0,1,0.5,,,,95,100,97.5125
CA,11000,407514,1,2000,2000-08-01T00:00:00Z,8,7.5,1,3,2,5,10,7.5,0,1,0.5,95,100,97.5,0,1,0.5,,,,95,100,97.5125
CA,11000,407515,1,2000,2000-08-01T00:00:00Z,9,11.5,1,3,2,5,10,7.5,0,1,0.5,95,100,97.5,0,1,0.5,,,,95,100,97.5125
CA,11000,407521,1,2000,2000-08-01T00:00:00Z,10,100,0,1,0.5,95,100,97.5,0,1,0.5,5,10,7.5,0,1,0.5,,,,5.000000000000004,10.899999999999999,7.962499999999995
CA,11000,407522,1,2000,2000-08-01T00:00:00Z,11,63.5,1,3,2,85,95,90,0,1,0.5,65,75,70,0,1,0.5,,,,65,75.25,70.15
CA,11000,407523,1,2000,2000-08-01T00:00:00Z,13,55.5,5,10,7.5,55,65,60,0,1,0.5,85,95,90,0,1,0.5,,,,85,95.04999999999998,90.05000000000001
CA,11000,407524,1,2000,2000-08-01T00:00:00Z,5,2.5,1,3,2,1,3,2,0,1,0.5,85,95,90,0,1,0.5,,,,85,95.04999999999998,90.05000000000001
CA,11000,407525,1,2000,2000-08-01T00:00:00Z,1,0.5,3,5,4,1,3,2,0,1,0.5,95,100,97.5,0,1,0.5,,,,95,100,97.5125
CA,11000,407531,1,2000,2000-08-01T00:00:00Z,10,90,10,15,12.5,85,95,90,0,1,0.5,10,15,12.5,0,1,0.5,,,,9.999999999999998,15.849999999999998,12.937500000000002
CA,11000,407532,1,2000,2000-08-01T00:00:00Z,6,26,1,3,2,15,25,20,0,1,0.5,95,100,97.5,0,1,0.5,,,,95,100,97.5125
CA,11000,407533,1,2000,2000-08-01T00:00:00Z,12,36,3,5,4,25,35,30,0,1,0.5,95,100,97.5,0,1,0.5,,,,95,100,97.5125
CA,11000,407534,1,2000,2000-08-01T00:00:00Z,3,8.5,5,10,7.5,5,10,7.5,0,1,0.5,85,95,90,0,1,0.5,,,,85,95.04999999999998,90.05000000000001
CA,11000,407535,1,2000,2000-08-01T00:00:00Z,0,,1,3,2,,,,0,1,0.5,1,3,2,0,1,0.5,,,,1.0000000000000009,3.970000000000007,2.4900000000000033
CA,11000,407541,1,2000,2000-08-01T00:00:00Z,6,6.5,1,3,2,5,10,7.5,0,1,0.5,95,100,97.5,0,1,0.5,,,,95,100,97.5125
CA,11000,407542,1,2000,2000-08-01T00:00:00Z,8,57.5,1,3,2,35,45,40,0,1,0.5,95,100,97.5,0,1,0.5,,,,95,100,97.5125
CA,11000,407543,1,2000,2000-08-01T00:00:00Z,11,40,1,3,2,55,65,60,0,1,0.5,85,95,90,0,1,0.5,,,,85,95.04999999999998,90.05000000000001
CA,11000,407544,1,2000,2000-08-01T00:00:00Z,10,77.5,1,3,2,55,65,60,0,1,0.5,65,75,70,0,1,0.5,,,,65,75.25,70.15
CA,11000,407545,1,2000,2000-08-01T00:00:00Z,7,42.5,0,1,0.5,35,45,40,0,1,0.5,75,85,80,0,1,0.5,,,,75,85.14999999999999,80.10000000000001
CA,11000,407551,1,2000,2000-08-01T00:00:00Z,7,37,1,3,2,35,45,40,0,1,0.5,95,100,97.5,0,1,0.5,,,,95,100,97.5125
CA,11000,407552,1,2000,2000-08-01T00:00:00Z,8,147,1,3,2,75,85,80,0,1,0.5,75,85,80,0,1,0.5,,,,75,85.14999999999999,80.10000000000001
CA,11000,407553,1,2000,2000-08-01T00:00:00Z,12,92.5,1,3,2,75,85,80,0,1,0.5,65,75,70,0,1,0.5,,,,65,75.25,70.15
CA,11000,407554,1,2000,2000-08-01T00:00:00Z,9,144,1,3,2,85,95,90,0,1,0.5,75,85,80,0,1,0.5,,,,75,85.14999999999999,80.10000000000001
CA,11000,407555,1,2000,2000-08-01T00:00:00Z,8,66.5,1,3,2,45,55,50,0,1,0.5,75,85,80,0,1,0.5,,,,75,85.14999999999999,80.10000000000001
CA,11000,408011,1,2000,2000-08-01T00:00:00Z,10,19,1,3,2,10,15,12.5,0,1,0.5,85,95,90,0,1,0.5,,,,85,95.04999999999998,90.05000000000001
CA,11000,408012,1,2000,2000-08-01T00:00:00Z,7,17.5,1,3,2,10,15,12.5,0,1,0.5,85,95,90,0,1,0.5,,,,85,95.04999999999998,90.05000000000001
CA,11000,408013,1,2000,2000-08-01T00:00:00Z,4,5.5,1,3,2,5,10,7.5,0,1,0.5,95,100,97.5,0,1,0.5,,,,95,100,97.5125
CA,11000,408014,1,2000,2000-08-01T00:00:00Z,8,4,1,3,2,1,3,2,0,1,0.5,95,100,97.5,0,1,0.5,,,,95,100,97.5125
CA,11000,408015,1,2000,2000-08-01T00:00:00Z,7,33.5,1,3,2,25,35,30,0,1,0.5,75,85,80,0,1,0.5,,,,75,85.14999999999999,80.10000000000001
CA,11000,408021,1,2000,2000-08-01T00:00:00Z,2,4.5,1,3,2,1,3,2,0,1,0.5,95,100,97.5,0,1,0.5,,,,95,100,97.5125
CA,11000,408022,1,2000,2000-08-01T00:00:00Z,2,1,1,3,2,1,3,2,0,1,0.5,95,100,97.5,0,1,0.5,,,,95,100,97.5125
CA,11000,408023,1,2000,2000-08-01T00:00:00Z,4,14,1,3,2,15,25,20,0,1,0.5,95,100,97.5,0,1,0.5,,,,95,100,97.5125
CA,11000,408024,1,2000,2000-08-01T00:00:00Z,1,12.5,1,3,2,3,5,4,0,1,0.5,95,100,97.5,0,1,0.5,,,,95,100,97.5125
CA,11000,408025,1,2000,2000-08-01T00:00:00Z,6,17,1,3,2,15,25,20,0,1,0.5,65,75,70,0,1,0.5,,,,65,75.25,70.15
CA,11000,408031,1,2000,2000-08-01T00:00:00Z,3,5,3,5,4,3,5,4,0,1,0.5,95,100,97.5,0,1,0.5,,,,95,100,97.5125
CA,11000,408032,1,2000,2000-08-01T00:00:00Z,6,10,3,5,4,3,5,4,0,1,0.5,95,100,97.5,0,1,0.5,,,,95,100,97.5125
CA,11000,408033,1,2000,2000-08-01T00:00:00Z,2,4.5,1,3,2,3,5,4,0,1,0.5,95,100,97.5,0,1,0.5,,,,95,100,97.5125
CA,11000,408034,1,2000,2000-08-01T00:00:00Z,2,4.5,1,3,2,3,5,4,0,1,0.5,95,100,97.5,0,1,0.5,,,,95,100,97.5125
CA,11000,408035,1,2000,2000-08-01T00:00:00Z,2,1,1,3,2,1,3,2,0,1,0.5,95,100,97.5,0,1,0.5,,,,95,100,97.5125
CA,11000,408041,1,2000,2000-08-01T00:00:00Z,6,3,1,3,2,1,3,2,0,1,0.5,95,100,97.5,0,1,0.5,,,,95,100,97.5125
CA,11000,408042,1,2000,2000-08-01T00:00:00Z,9,18.5,1,3,2,15,25,20,0,1,0.5,95,100,97.5,0,1,0.5,,,,95,100,97.5125
CA,11000,408043,1,2000,2000-08-01T00:00:00Z,5,6,1,3,2,1,3,2,0,1,0.5,95,100,97.5,0,1,0.5,,,,95,100,97.5125
CA,11000,408044,1,2000,2000-08-01T00:00:00Z,7,10.5,1,3,2,1,3,2,0,1,0.5,95,100,97.5,0,1,0.5,,,,95,100,97.5125
CA,11000,408045,1,2000,2000-08-01T00:00:00Z,5,2.5,1,3,2,1,3,2,0,1,0.5,95,100,97.5,0,1,0.5,,,,95,100,97.5125
CA,11000,408051,1,2000,2000-08-01T00:00:00Z,8,18,1,3,2,10,15,12.5,0,1,0.5,85,95,90,0,1,0.5,,,,85,95.04999999999998,90.05000000000001
CA,11000,408052,1,2000,2000-08-01T00:00:00Z,6,17,1,3,2,10,15,12.5,0,1,0.5,95,100,97.5,0,1,0.5,,,,95,100,97.5125
CA,11000,408053,1,2000,2000-08-01T00:00:00Z,9,23.5,1,3,2,15,25,20,0,1,0.5,85,95,90,0,1,0.5,,,,85,95.04999999999998,90.05000000000001
CA,11000,408054,1,2000,2000-08-01T00:00:00Z,8,14.5,1,3,2,5,10,7.5,0,1,0.5,85,95,90,0,1,0.5,,,,85,95.04999999999998,90.05000000000001
CA,11000,408055,1,2000,2000-08-01T00:00:00Z,5,13,1,3,2,5,10,7.5,0,1,0.5,85,95,90,0,1,0.5,,,,85,95.04999999999998,90.05000000000001
CA,21000,17,1,2009,2009-06-17T00:00:00Z,8,4,0,1,0.5,0,1,0.5,15,25,20,95,100,97.5,0,1,0.5,,,,95.75,100,98
CA,21000,18,1,2009,2009-06-17T00:00:00Z,5,4,0,1,0.5,0,1,0.5,3,5,4,95,100,97.5,0,1,0.5,,,,95.15,100,97.6
CA,21000,19,1,2009,2009-06-17T00:00:00Z,9,11.5,0,1,0.5,1,3,2,3,5,4,95,100,97.5,0,1,0.5,,,,95.15,100,97.6
CA,21000,20,1,2009,2009-06-18T00:00:00Z,10,24.5,0,1,0.5,1,3,2,15,25,20,95,100,97.5,0,1,0.5,,,,95.75,100,98
CA,21000,21,1,2009,2009-06-18T00:00:00Z,12,18,1,3,2,1,3,2,10,15,12.5,85,95,90,0,1,0.5,,,,86.5,95.75,91.25
CA,21000,22,1,2009,2009-06-23T00:00:00Z,8,53.5,0,1,0.5,0,1,0.5,45,55,50,85,95,90,0,1,0.5,,,,91.75,97.75,95
CA,21000,23,1,2009,2009-06-23T00:00:00Z,10,34.5,0,1,0.5,0,1,0.5,10,15,12.5,95,100,97.5,0,1,0.5,,,,95.5,100,97.8125
CA,21000,24,1,2009,2009-06-25T00:00:00Z,11,12.5,0,1,0.5,0,1,0.5,5,10,7.5,95,100,97.5,0,1,0.5,,,,95.24999999999999,100,97.6875
CA,21000,25,1,2009,2009-06-25T00:00:00Z,11,35,0,1,0.5,1,3,2,5,10,7.5,95,100,97.5,0,1,0.5,,,,95.24999999999999,100,97.6875
CA,21000,26,1,2009,2009-06-29T00:00:00Z,12,13,0,1,0.5,1,3,2,25,35,30,95,100,97.5,0,1,0.5,,,,96.24999999999999,100,98.25
CA,21000,27,1,2009,2009-06-29T00:00:00Z,12,35.5,0,1,0.5,0,1,0.5,5,10,7.5,95,100,97.5,0,1,0.5,,,,95.24999999999999,100,97.6875
CA,21000,28,1,2009,2009-07-02T00:00:00Z,9,34,0,1,0.5,0,1,0.5,35,45,40,95,100,97.5,0,1,0.5,,,,96.75,100,98.5
CA,21000,29,1,2009,2009-07-14T00:00:00Z,13,89.5,0,1,0.5,3,5,4,3,5,4,95,100,97.5,0,1,0.5,,,,95.15,100,97.6
CA,21000,30,1,2009,2009-07-14T00:00:00Z,14,109,3,5,4,15,25,20,0,1,0.5,95,100,97.5,0,1,0.5,,,,95,100,97.5125
CA,21000,32,1,2009,2009-06-17T00:00:00Z,7,3.5,0,1,0.5,0,1,0.5,3,5,4,95,100,97.5,0,1,0.5,,,,95.15,100,97.6
CA,21000,33,1,2009,2009-06-17T00:00:00Z,8,11,0,1,0.5,1,3,2,5,10,7.5,95,100,97.5,0,1,0.5,,,,95.24999999999999,100,97.6875
CA,21000,34,1,2009,2009-06-17T00:00:00Z,8,12.5,0,1,0.5,1,3,2,3,5,4,95,100,97.5,0,1,0.5,,,,95.15,100,97.6
CA,21000,35,1,2009,2009-06-18T00:00:00Z,10,8.5,0,1,0.5,0,1,0.5,1,3,2,95,100,97.5,0,1,0.5,,,,95.04999999999998,100,97.55
CA,21000,36,1,2009,2009-06-18T00:00:00Z,9,11.5,0,1,0.5,0,1,0.5,25,35,30,95,100,97.5,0,1,0.5,,,,96.24999999999999,100,98.25
CA,21000,37,1,2009,2009-06-23T00:00:00Z,7,23,0,1,0.5,0,1,0.5,10,15,12.5,95,100,97.5,0,1,0.5,,,,95.5,100,97.8125
CA,21000,38,1,2009,2009-06-23T00:00:00Z,7,5,0,1,0.5,0,1,0.5,3,5,4,95,100,97.5,0,1,0.5,,,,95.15,100,97.6
CA,21000,39,1,2009,2009-06-25T00:00:00Z,8,11,0,1,0.5,1,3,2,5,10,7.5,95,100,97.5,0,1,0.5,,,,95.24999999999999,100,97.6875
CA,21000,40,1,2009,2009-06-25T00:00:00Z,18,30.5,0,1,0.5,10,15,12.5,1,3,2,95,100,97.5,0,1,0.5,,,,95.04999999999998,100,97.55
CA,21000,41,1,2009,2009-06-29T00:00:00Z,19,88,0,1,0.5,45,55,50,10,15,12.5,95,100,97.5,0,1,0.5,,,,95.5,100,97.8125
CA,21000,42,1,2009,2009-06-29T00:00:00Z,13,61.5,0,1,0.5,35,45,40,5,10,7.5,95,100,97.5,0,1,0.5,,,,95.24999999999999,100,97.6875
CA,21000,43,1,2009,2009-07-02T00:00:00Z,9,35.5,0,1,0.5,1,3,2,15,25,20,95,100,97.5,0,1,0.5,,,,95.75,100,98
CA,21000,44,1,2009,2009-07-14T00:00:00Z,14,103,0,1,0.5,15,25,20,5,10,7.5,95,100,97.5,0,1,0.5,,,,95.24999999999999,100,97.6875
CA,21000,45,1,2009,2009-07-14T00:00:00Z,14,91.5,3,5,4,10,15,12.5,5,10,7.5,85,95,90,0,1,0.5,,,,85.75,95.5,90.75
CA,21000,47,1,2009,2009-06-17T00:00:00Z,10,8,1,3,2,1,3,2,5,10,7.5,85,95,90,0,1,0.5,,,,85.75,95.5,90.75
CA,21000,48,1,2009,2009-06-17T00:00:00Z,8,23.5,0,1,0.5,1,3,2,15,25,20,95,100,97.5,0,1,0.5,,,,95.75,100,98
CA,21000,49,1,2009,2009-06-17T00:00:00Z,8,25,0,1,0.5,1,3,2,0,1,0.5,95,100,97.5,0,1,0.5,,,,95,100,97.5125
CA,21000,50,1,2009,2009-06-18T00:00:00Z,9,13,0,1,0.5,3,5,4,0,1,0.5,95,100,97.5,0,1,0.5,,,,95,100,97.5125
CA,21000,51,1,2009,2009-06-18T00:00:00Z,9,11.5,0,1,0.5,0,1,0.5,0,1,0.5,95,100,97.5,0,1,0.5,,,,95,100,97.5125
CA,21000,52,1,2009,2009-06-23T00:00:00Z,7,8.5,0,1,0.5,1,3,2,3,5,4,85,95,90,0,1,0.5,,,,85.45,95.24999999999999,90.4
CA,21000,53,1,2009,2009-06-23T00:00:00Z,9,6,0,1,0.5,1,3,2,1,3,2,95,100,97.5,0,1,0.5,,,,95.04999999999998,100,97.55
CA,21000,54,1,2009,2009-06-25T00:00:00Z,6,15,0,1,0.5,1,3,2,3,5,4,95,100,97.5,0,1,0.5,,,,95.15,100,97.6
CA,21000,55,1,2009,2009-06-25T00:00:00Z,14,43.5,0,1,0.5,25,35,30,3,5,4,95,100,97.5,0,1,0.5,,,,95.15,100,97.6
CA,21000,56,1,2009,2009-06-29T00:00:00Z,15,120.5,0,1,0.5,55,65,60,0,1,0.5,85,95,90,0,1,0.5,,,,85,95.04999999999998,90.05000000000001
CA,21000,57,1,2009,2009-06-29T00:00:00Z,14,126,1,3,2,55,65,60,10,15,12.5,95,100,97.5,0,1,0.5,,,,95.5,100,97.8125
CA,21000,58,1,2009,2009-07-02T00:00:00Z,15,116.5,0,1,0.5,35,45,40,10,15,12.5,95,100,97.5,0,1,0.5,,,,95.5,100,97.8125
CA,21000,59,1,2009,2009-07-14T00:00:00Z,16,113.5,0,1,0.5,25,35,30,5,10,7.5,95,100,97.5,0,1,0.5,,,,95.24999999999999,100,97.6875
CA,21000,60,1,2009,2009-07-14T00:00:00Z,18,96.5,0,1,0.5,15,25,20,3,5,4,95,100,97.5,0,1,0.5,,,,95.15,100,97.6
CA,21000,62,1,2009,2009-06-17T00:00:00Z,12,16,1,3,2,5,10,7.5,15,25,20,65,75,70,0,1,0.5,,,,70.25,81.25,76
CA,21000,63,1,2009,2009-06-17T00:00:00Z,11,20.5,0,1,0.5,3,5,4,15,25,20,95,100,97.5,0,1,0.5,,,,95.75,100,98
CA,21000,64,1,2009,2009-06-17T00:00:00Z,15,63,0,1,0.5,35,45,40,3,5,4,95,100,97.5,0,1,0.5,,,,95.15,100,97.6
CA,21000,65,1,2009,2009-06-18T00:00:00Z,12,91,0,1,0.5,25,35,30,5,10,7.5,95,100,97.5,0,1,0.5,,,,95.24999999999999,100,97.6875
CA,21000,66,1,2009,2009-06-18T00:00:00Z,11,17,0,1,0.5,5,10,7.5,15,25,20,85,95,90,0,1,0.5,,,,87.25,96.24999999999999,92
CA,21000,67,1,2009,2009-06-23T00:00:00Z,8,5.5,0,1,0.5,0,1,0.5,10,15,12.5,95,100,97.5,0,1,0.5,,,,95.5,100,97.8125
CA,21000,68,1,2009,2009-06-23T00:00:00Z,8,5.5,0,1,0.5,0,1,0.5,5,10,7.5,95,100,97.5,0,1,0.5,,,,95.24999999999999,100,97.6875
CA,21000,69,1,2009,2009-06-25T00:00:00Z,6,10,0,1,0.5,0,1,0.5,10,15,12.5,95,100,97.5,0,1,0.5,,,,95.5,100,97.8125
CA,21000,70,1,2009,2009-06-25T00:00:00Z,14,68.5,0,1,0.5,25,35,30,25,35,30,95,100,97.5,0,1,0.5,,,,96.24999999999999,100,98.25
CA,21000,71,1,2009,2009-06-29T00:00:00Z,17,125,0,1,0.5,55,65,60,1,3,2,95,100,97.5,0,1,0.5,,,,95.04999999999998,100,97.55
CA,21000,72,1,2009,2009-06-29T00:00:00Z,19,129,3,5,4,55,65,60,5,10,7.5,95,100,97.5,0,1,0.5,,,,95.24999999999999,100,97.6875
CA,21000,73,1,2009,2009-07-02T00:00:00Z,16,124,1,3,2,55,65,60,15,25,20,85,95,90,0,1,0.5,,,,87.25,96.24999999999999,92
CA,21000,74,1,2009,2009-07-14T00:00:00Z,13,36,0,1,0.5,10,15,12.5,10,15,12.5,95,100,97.5,0,1,0.5,,,,95.5,100,97.8125
CA,21000,75,1,2009,2009-07-14T00:00:00Z,14,51.5,0,1,0.5,5,10,7.5,15,25,20,95,100,97.5,0,1,0.5,,,,95.75,100,98
CA,21000,77,1,2009,2009-06-17T00:00:00Z,8,38.5,0,1,0.5,3,5,4,5,10,7.5,95,100,97.5,0,1,0.5,,,,95.24999999999999,100,97.6875
CA,21000,78,1,2009,2009-06-17T00:00:00Z,11,50,0,1,0.5,5,10,7.5,15,25,20,95,100,97.5,0,1,0.5,,,,95.75,100,98
CA,21000,79,1,2009,2009-06-17T00:00:00Z,12,28,0,1,0.5,25,35,30,5,10,7.5,75,85,80,0,1,0.5,,,,76.25,86.5,81.5
CA,21000,80,1,2009,2009-06-18T00:00:00Z,11,16,0,1,0.5,5,10,7.5,3,5,4,95,100,97.5,0,1,0.5,,,,95.15,100,97.6
CA,21000,81,1,2009,2009-06-18T00:00:00Z,8,5.5,0,1,0.5,1,3,2,1,3,2,95,100,97.5,0,1,0.5,,,,95.04999999999998,100,97.55
CA,21000,82,1,2009,2009-06-23T00:00:00Z,7,5,0,1,0.5,0,1,0.5,0,1,0.5,95,100,97.5,0,1,0.5,,,,95,100,97.5125
CA,21000,83,1,2009,2009-06-23T00:00:00Z,8,5.5,0,1,0.5,1,3,2,1,3,2,95,100,97.5,0,1,0.5,,,,95.04999999999998,100,97.55
CA,21000,84,1,2009,2009-06-25T00:00:00Z,12,13,0,1,0.5,3,5,4,15,25,20,95,100,97.5,0,1,0.5,,,,95.75,100,98
CA,21000,85,1,2009,2009-06-25T00:00:00Z,14,39.5,0,1,0.5,35,45,40,25,35,30,95,100,97.5,0,1,0.5,,,,96.24999999999999,100,98.25
CA,21000,86,1,2009,2009-06-29T00:00:00Z,16,93.5,0,1,0.5,45,55,50,1,3,2,95,100,97.5,0,1,0.5,,,,95.04999999999998,100,97.55
CA,21000,87,1,2009,2009-07-02T00:00:00Z,16,115,1,3,2,45,55,50,15,25,20,95,100,97.5,0,1,0.5,,,,95.75,100,98
CA,21000,88,1,2009,2009-07-02T00:00:00Z,21,122.5,1,3,2,65,75,70,45,55,50,75,85,80,0,1,0.5,,,,86.25,93.25,90
CA,21000,89,1,2009,2009-07-14T00:00:00Z,17,114.5,0,1,0.5,35,45,40,25,35,30,95,100,97.5,0,1,0.5,,,,96.24999999999999,100,98.25
CA,21000,90,1,2009,2009-07-14T00:00:00Z,17,98.5,0,1,0.5,25,35,30,25,35,30,95,100,97.5,0,1,0.5,,,,96.24999999999999,100,98.25
CA,21000,92,1,2009,2009-06-17T00:00:00Z,9,29,0,1,0.5,5,10,7.5,5,10,7.5,95,100,97.5,0,1,0.5,,,,95.24999999999999,100,97.6875
CA,21000,93,1,2009,2009-06-17T00:00:00Z,11,41.5,0,1,0.5,5,10,7.5,15,25,20,85,95,90,0,1,0.5,,,,87.25,96.24999999999999,92
CA,21000,94,1,2009,2009-06-17T00:00:00Z,11,64.5,1,3,2,35,45,40,55,65,60,75,85,80,0,1,0.5,,,,88.75,94.75,92
CA,21000,95,1,2009,2009-06-18T00:00:00Z,18,57.5,0,1,0.5,35,45,40,15,25,20,85,95,90,0,1,0.5,,,,87.25,96.24999999999999,92
CA,21000,96,1,2009,2009-06-18T00:00:00Z,12,9.5,0,1,0.5,1,3,2,45,55,50,85,95,90,0,1,0.5,,,,91.75,97.75,95
CA,21000,97,1,2009,2009-06-23T00:00:00Z,8,11,0,1,0.5,1,3,2,35,45,40,95,100,97.5,0,1,0.5,,,,96.75,100,98.5
CA,21000,98,1,2009,2009-06-23T00:00:00Z,14,49.5,1,3,2,10,15,12.5,25,35,30,95,100,97.5,0,1,0.5,,,,96.24999999999999,100,98.25
CA,21000,99,1,2009,2009-06-25T00:00:00Z,16,117.5,0,1,0.5,35,45,40,15,25,20,85,95,90,0,1,0.5,,,,87.25,96.24999999999999,92
CA,21000,100,1,2009,2009-06-25T00:00:00Z,23,119,3,5,4,55,65,60,10,15,12.5,95,100,97.5,0,1,0.5,,,,95.5,100,97.8125
CA,21000,101,1,2009,2009-06-29T00:00:00Z,19,58.5,0,1,0.5,35,45,40,15,25,20,85,95,90,0,1,0.5,,,,87.25,96.24999999999999,92
CA,21000,102,1,2009,2009-07-02T00:00:00Z,12,42.5,0,1,0.5,25,35,30,25,35,30,95,100,97.5,0,1,0.5,,,,96.24999999999999,100,98.25
CA,21000,103,1,2009,2009-07-02T00:00:00Z,19,116.5,0,1,0.5,55,65,60,15,25,20,95,100,97.5,0,1,0.5,,,,95.75,100,98
CA,21000,104,1,2009,2009-07-14T00:00:00Z,16,60,0,1,0.5,25,35,30,10,15,12.5,95,100,97.5,0,1,0.5,,,,95.5,100,97.8125
CA,21000,105,1,2009,2009-07-14T00:00:00Z,12,50.5,0,1,0.5,15,25,20,15,25,20,95,100,97.5,0,1,0.5,,,,95.75,100,98
CA,21000,107,1,2009,2009-06-17T00:00:00Z,8,16,0,1,0.5,1,3,2,15,25,20,85,95,90,0,1,0.5,,,,87.25,96.24999999999999,92
CA,21000,108,1,2009,2009-06-17T00:00:00Z,9,14.5,0,1,0.5,5,10,7.5,5,10,7.5,95,100,97.5,0,1,0.5,,,,95.24999999999999,100,97.6875
CA,21000,109,1,2009,2009-06-17T00:00:00Z,14,51.5,0,1,0.5,35,45,40,25,35,30,75,85,80,0,1,0.5,,,,81.25,90.25,86.00000000000001
CA,21000,110,1,2009,2009-06-18T00:00:00Z,14,41.5,0,1,0.5,35,45,40,10,15,12.5,75,85,80,0,1,0.5,,,,77.5,87.25,82.5
CA,21000,111,1,2009,2009-06-18T00:00:00Z,14,28.5,0,1,0.5,25,35,30,5,10,7.5,85,95,90,0,1,0.5,,,,85.75,95.5,90.75
CA,21000,112,1,2009,2009-06-23T00:00:00Z,11,17.5,1,3,2,3,5,4,55,65,60,85,95,90,0,1,0.5,,,,93.25,98.25,96
CA,21000,113,1,2009,2009-06-23T00:00:00Z,17,86.5,3,5,4,25,35,30,10,15,12.5,85,95,90,0,1,0.5,,,,86.5,95.75,91.25
CA,21000,114,1,2009,2009-06-23T00:00:00Z,17,138,1,3,2,55,65,60,10,15,12.5,65,75,70,0,1,0.5,,,,68.5,78.75,73.75
CA,21000,115,1,2009,2009-06-25T00:00:00Z,17,96,1,3,2,65,75,70,15,25,20,85,95,90,0,1,0.5,,,,87.25,96.24999999999999,92
CA,21000,116,1,2009,2009-06-25T00:00:00Z,19,56,0,1,0.5,25,35,30,15,25,20,85,95,90,0,1,0.5,,,,87.25,96.24999999999999,92
CA,21000,117,1,2009,2009-07-02T00:00:00Z,12,55,0,1,0.5,15,25,20,35,45,40,95,100,97.5,0,1,0.5,,,,96.75,100,98.5
CA,21000,118,1,2009,2009-07-02T00:00:00Z,13,32,0,1,0.5,10,15,12.5,5,10,7.5,85,95,90,0,1,0.5,,,,85.75,95.5,90.75
CA,21000,119,1,2009,2009-07-14T00:00:00Z,11,20.5,0,1,0.5,15,25,20,25,35,30,75,85,80,0,1,0.5,,,,81.25,90.25,86.00000000000001
CA,21000,120,1,2009,2009-07-14T00:00:00Z,15,52,0,1,0.5,15,25,20,10,15,12.5,95,100,97.5,0,1,0.5,,,,95.5,100,97.8125
CA,31000,31,1,2001,2001-05-22T00:00:00Z,19,96,10,15,12.5,95,100,97.5,,,,,,,,,,,,,,,
CA,31000,32,1,2001,2001-05-22T00:00:00Z,12,76.5,35,45,40,65,75,70,,,,,,,,,,,,,,,
CA,31000,33,1,2001,2001-05-22T00:00:00Z,7,50,5,10,7.5,35,45,40,,,,,,,,,,,,,,,
CA,31000,34,1,2001,2001-05-22T00:00:00Z,14,99.5,5,10,7.5,75,85,80,,,,,,,,,,,,,,,
CA,31000,35,1,2001,2001-05-22T00:00:00Z,18,85.5,0,1,0.5,85,95,90,,,,,,,,,,,,,,,
CA,31000,36,1,2001,2001-05-22T00:00:00Z,14,111,25,35,30,95,100,97.5,,,,,,,,,,,,,,,
CA,31000,37,1,2001,2001-05-22T00:00:00Z,12,102.5,35,45,40,95,100,97.5,,,,,,,,,,,,,,,
CA,31000,38,1,2001,2001-05-22T00:00:00Z,14,107,1,3,2,95,100,97.5,,,,,,,,,,,,,,,
CA,31000,39,1,2001,2001-05-22T00:00:00Z,18,107.5,25,35,30,95,100,97.5,,,,,,,,,,,,,,,
CA,31000,40,1,2001,2001-05-22T00:00:00Z,22,81.5,0,1,0.5,95,100,97.5,,,,,,,,,,,,,,,
CA,41000,1,1,2001,2001-05-31T00:00:00Z,7,27.5,0,1,0.5,25,35,30,25,35,30,45,55,50,0,1,0.5,,,,58.74999999999999,70.75,65
CA,41000,2,1,2001,2001-05-31T00:00:00Z,6,10,0,1,0.5,5,10,7.5,65,75,70,35,45,40,0,1,0.5,,,,77.25,86.25,82
CA,41000,3,1,2001,2001-05-31T00:00:00Z,8,24.5,0,1,0.5,25,35,30,15,25,20,85,95,90,0,1,0.5,,,,87.25,96.24999999999999,92
CA,41000,4,1,2001,2001-05-31T00:00:00Z,5,9.5,0,1,0.5,5,10,7.5,55,65,60,45,55,50,0,1,0.5,,,,75.25,84.25,80
CA,41000,5,1,2001,2001-05-31T00:00:00Z,7,18.5,0,1,0.5,25,35,30,85,95,90,95,100,97.5,0,1,0.5,,,,99.25,100,99.75
CA,41000,6,1,2001,2001-05-31T00:00:00Z,9,26.5,0,1,0.5,25,35,30,45,55,50,35,45,40,0,1,0.5,,,,64.25,75.25,70
CA,41000,7,1,2001,2001-05-31T00:00:00Z,5,6,0,1,0.5,3,5,4,45,55,50,45,55,50,0,1,0.5,,,,69.75,79.75000000000001,75
CA,41000,8,1,2001,2001-05-31T00:00:00Z,5,4,0,1,0.5,1,3,2,65,75,70,95,100,97.5,0,1,0.5,,,,98.25,100,99.25
CA,41000,9,1,2001,2001-05-31T00:00:00Z,5,26.5,0,1,0.5,25,35,30,55,65,60,35,45,40,0,1,0.5,,,,70.75,80.75,76
CA,41000,10,1,2001,2001-05-31T00:00:00Z,6,18,0,1,0.5,10,15,12.5,55,65,60,95,100,97.5,0,1,0.5,,,,97.75,100,99
CA,41000,11,1,2001,2001-05-31T00:00:00Z,8,17.5,1,3,2,15,25,20,25,35,30,35,45,40,0,1,0.5,,,,51.24999999999999,64.25,58.00000000000001
CA,41000,12,1,2001,2001-05-31T00:00:00Z,2,6,0,1,0.5,3,5,4,85,95,90,85,95,90,0,1,0.5,,,,97.75,99.75,99
CA,41000,13,1,2001,2001-05-31T00:00:00Z,6,16.5,0,1,0.5,15,25,20,45,55,50,45,55,50,0,1,0.5,,,,69.75,79.75000000000001,75
CA,41000,14,1,2001,2001-05-31T00:00:00Z,3,5,0,1,0.5,3,5,4,95,100,97.5,95,100,97.5,0,1,0.5,,,,99.75,100,99.9375
CA,41000,15,1,2001,2001-05-31T00:00:00Z,5,2.5,0,1,0.5,1,3,2,45,55,50,75,85,80,0,1,0.5,,,,86.25,93.25,90
CA,41000,16,1,2001,2001-05-31T00:00:00Z,8,12.5,1,3,2,10,15,12.5,45,55,50,75,85,80,0,1,0.5,,,,86.25,93.25,90
CA,41000,17,1,2001,2001-05-31T00:00:00Z,7,12,1,3,2,5,10,7.5,85,95,90,85,95,90,0,1,0.5,,,,97.75,99.75,99
CA,41000,18,1,2001,2001-05-31T00:00:00Z,7,24.5,0,1,0.5,15,25,20,45,55,50,45,55,50,0,1,0.5,,,,69.75,79.75000000000001,75
CA,41000,19,1,2001,2001-05-31T00:00:00Z,6,6.5,0,1,0.5,3,5,4,10,15,12.5,95,100,97.5,0,1,0.5,,,,95.5,100,97.8125
CA,41000,20,1,2001,2001-05-31T00:00:00Z,4,14,0,1,0.5,10,15,12.5,15,25,20,85,95,90,0,1,0.5,,,,87.25,96.24999999999999,92
CA,41000,21,1,2001,2001-05-31T00:00:00Z,7,5,0,1,0.5,1,3,2,55,65,60,45,55,50,0,1,0.5,,,,75.25,84.25,80
CA,41000,22,1,2001,2001-05-31T00:00:00Z,2,1,0,1,0.5,0,1,0.5,5,10,7.5,95,100,97.5,0,1,0.5,,,,95.24999999999999,100,97.6875
CA,41000,23,1,2001,2001-05-31T00:00:00Z,2,6,0,1,0.5,5,10,7.5,5,10,7.5,45,55,50,0,1,0.5,,,,47.75,59.5,53.75
CA,41000,24,1,2001,2001-05-31T00:00:00Z,7,36.5,0,1,0.5,25,35,30,35,45,40,45,55,50,0,1,0.5,,,,64.25,75.25,70
CA,41000,25,1,2001,2001-05-31T00:00:00Z,5,11,0,1,0.5,5,10,7.5,35,45,40,85,95,90,0,1,0.5,,,,90.25,97.24999999999999,94
CA,41000,26,1,2001,2001-05-31T00:00:00Z,4,3.5,0,1,0.5,1,3,2,15,25,20,85,95,90,0,1,0.5,,,,87.25,96.24999999999999,92
CA,41000,27,1,2001,2001-05-31T00:00:00Z,5,9.5,0,1,0.5,5,10,7.5,5,10,7.5,85,95,90,0,1,0.5,,,,85.75,95.5,90.75
CA,41000,28,1,2001,2001-05-31T00:00:00Z,5,4,1,3,2,1,3,2,95,100,97.5,65,75,70,0,1,0.5,,,,98.25,100,99.25
CA,41000,29,1,2001,2001-05-31T00:00:00Z,2,1,0,1,0.5,0,1,0.5,0,1,0.5,95,100,97.5,0,1,0.5,,,,95,100,97.5125
CA,41000,30,1,2001,2001-05-31T00:00:00Z,9,18,0,1,0.5,15,25,20,35,45,40,45,55,50,0,1,0.5,,,,64.25,75.25,70
CA,41000,31,1,2001,2001-05-31T00:00:00Z,6,35.5,0,1,0.5,25,35,30,65,75,70,65,75,70,0,1,0.5,,,,87.75,93.75,90.99999999999999
CA,41000,32,1,2001,2001-05-31T00:00:00Z,3,21,0,1,0.5,15,25,20,3,5,4,95,100,97.5,0,1,0.5,,,,95.15,100,97.6
CA,41000,33,1,2001,2001-05-31T00:00:00Z,5,22,0,1,0.5,15,25,20,5,10,7.5,85,95,90,0,1,0.5,,,,85.75,95.5,90.75
CA,41000,34,1,2001,2001-05-31T00:00:00Z,7,8,0,1,0.5,3,5,4,15,25,20,85,95,90,0,1,0.5,,,,87.25,96.24999999999999,92
CA,41000,35,1,2001,2001-05-31T00:00:00Z,3,1.5,0,1,0.5,0,1,0.5,65,75,70,25,35,30,0,1,0.5,,,,73.75,83.75,79
CA,41000,36,1,2001,2001-05-31T00:00:00Z,3,3,0,1,0.5,1,3,2,0,1,0.5,85,95,90,0,1,0.5,,,,85,95.04999999999998,90.05000000000001
CA,41000,37,1,2001,2001-05-31T00:00:00Z,9,18,0,1,0.5,10,15,12.5,5,10,7.5,75,85,80,0,1,0.5,,,,76.25,86.5,81.5
CA,41000,38,1,2001,2001-05-31T00:00:00Z,7,13.5,1,3,2,10,15,12.5,10,15,12.5,85,95,90,0,1,0.5,,,,86.5,95.75,91.25
CA,41000,39,1,2001,2001-05-31T00:00:00Z,2,20.5,0,1,0.5,15,25,20,5,10,7.5,75,85,80,0,1,0.5,,,,76.25,86.5,81.5
CA,41000,40,1,2001,2001-05-31T00:00:00Z,10,20.5,0,1,0.5,10,15,12.5,5,10,7.5,95,100,97.5,0,1,0.5,,,,95.24999999999999,100,97.6875
CA,41000,41,1,2001,2001-05-31T00:00:00Z,6,3,0,1,0.5,0,1,0.5,3,5,4,85,95,90,0,1,0.5,,,,85.45,95.24999999999999,90.4
CA,41000,42,1,2001,2001-05-31T00:00:00Z,1,0.5,0,1,0.5,0,1,0.5,65,75,70,45,55,50,0,1,0.5,,,,80.75,88.75,85
CA,41000,43,1,2001,2001-05-31T00:00:00Z,5,4,0,1,0.5,1,3,2,0,1,0.5,85,95,90,0,1,0.5,,,,85,95.04999999999998,90.05000000000001
CA,41000,44,1,2001,2001-05-31T00:00:00Z,4,10.5,0,1,0.5,5,10,7.5,5,10,7.5,75,85,80,0,1,0.5,,,,76.25,86.5,81.5
CA,41000,45,1,2001,2001-05-31T00:00:00Z,4,14,0,1,0.5,10,15,12.5,25,35,30,65,75,70,0,1,0.5,,,,73.75,83.75,79
CA,41000,46,1,2001,2001-05-31T00:00:00Z,6,24,5,10,7.5,15,25,20,15,25,20,95,100,97.5,0,1,0.5,,,,95.75,100,98
CA,41000,47,1,2001,2001-05-31T00:00:00Z,4,3.5,0,1,0.5,1,3,2,1,3,2,85,95,90,0,1,0.5,,,,85.14999999999999,95.15,90.2
CA,41000,48,1,2001,2001-05-31T00:00:00Z,3,1.5,0,1,0.5,0,1,0.5,3,5,4,75,85,80,0,1,0.5,,,,75.75,85.75,80.80000000000001
CA,41000,49,1,2001,2001-05-31T00:00:00Z,2,1,0,1,0.5,0,1,0.5,10,15,12.5,75,85,80,0,1,0.5,,,,77.5,87.25,82.5
CA,41000,50,1,2001,2001-05-31T00:00:00Z,5,2.5,0,1,0.5,0,1,0.5,0,1,0.5,95,100,97.5,0,1,0.5,,,,95,100,97.5125
CA,41000,51,1,2001,2001-05-31T00:00:00Z,3,3,0,1,0.5,1,3,2,10,15,12.5,85,95,90,0,1,0.5,,,,86.5,95.75,91.25
CA,41000,52,1,2001,2001-05-31T00:00:00Z,9,25.5,5,10,7.5,15,25,20,25,35,30,95,100,97.5,0,1,0.5,,,,96.24999999999999,100,98.25
CA,41000,53,1,2001,2001-05-31T00:00:00Z,5,4,0,1,0.5,1,3,2,45,55,50,55,65,60,0,1,0.5,,,,75.25,84.25,80
CA,41000,54,1,2001,2001-05-31T00:00:00Z,7,3.5,1,3,2,0,1,0.5,3,5,4,45,55,50,0,1,0.5,,,,46.650000000000006,57.25,52
CA,41000,55,1,2001,2001-05-31T00:00:00Z,1,0.5,0,1,0.5,0,1,0.5,0,1,0.5,95,100,97.5,0,1,0.5,,,,95,100,97.5125
CA,41000,56,1,2001,2001-05-31T00:00:00Z,4,2,0,1,0.5,0,1,0.5,10,15,12.5,75,85,80,0,1,0.5,,,,77.5,87.25,82.5
CA,41000,57,1,2001,2001-05-31T00:00:00Z,5,2.5,0,1,0.5,0,1,0.5,0,1,0.5,95,100,97.5,0,1,0.5,,,,95,100,97.5125
CA,41000,58,1,2001,2001-05-31T00:00:00Z,6,19.5,0,1,0.5,15,25,20,1,3,2,65,75,70,0,1,0.5,,,,65.35,75.75,70.6
CA,41000,59,1,2001,2001-05-31T00:00:00Z,3,3,0,1,0.5,1,3,2,5,10,7.5,65,75,70,0,1,0.5,,,,66.75,77.5,72.24999999999999
CA,41000,60,1,2001,2001-05-31T00:00:00Z,7,3.5,1,3,2,0,1,0.5,1,3,2,85,95,90,0,1,0.5,,,,85.14999999999999,95.15,90.2
CA,41000,61,1,2001,2001-05-31T00:00:00Z,6,3,0,1,0.5,1,3,2,10,15,12.5,95,100,97.5,0,1,0.5,,,,95.5,100,97.8125
CA,41000,62,1,2001,2001-05-31T00:00:00Z,3,1.5,0,1,0.5,0,1,0.5,10,15,12.5,85,95,90,0,1,0.5,,,,86.5,95.75,91.25
CA,41000,63,1,2001,2001-05-31T00:00:00Z,4,2,0,1,0.5,0,1,0.5,95,100,97.5,85,95,90,0,1,0.5,,,,99.25,100,99.75
CA,41000,64,1,2001,2001-05-31T00:00:00Z,6,3,0,1,0.5,0,1,0.5,15,25,20,95,100,97.5,0,1,0.5,,,,95.75,100,98
CA,41000,65,1,2001,2001-05-31T00:00:00Z,8,7.5,0,1,0.5,5,10,7.5,5,10,7.5,95,100,97.5,0,1,0.5,,,,95.24999999999999,100,97.6875
CA,41000,66,1,2001,2001-05-31T00:00:00Z,5,4,1,3,2,1,3,2,3,5,4,85,95,90,0,1,0.5,,,,85.45,95.24999999999999,90.4
CA,41000,67,1,2001,2001-05-31T00:00:00Z,8,7.5,0,1,0.5,3,5,4,45,55,50,95,100,97.5,0,1,0.5,,,,97.24999999999999,100,98.75
CA,41000,68,1,2001,2001-05-31T00:00:00Z,7,7,0,1,0.5,3,5,4,35,45,40,55,65,60,0,1,0.5,,,,70.75,80.75,76
CA,41000,69,1,2001,2001-05-31T00:00:00Z,6,4.5,1,3,2,1,3,2,65,75,70,95,100,97.5,0,1,0.5,,,,98.25,100,99.25
CA,41000,70,1,2001,2001-05-31T00:00:00Z,7,14,0,1,0.5,10,15,12.5,45,55,50,85,95,90,0,1,0.5,,,,91.75,97.75,95
CA,41000,71,1,2001,2001-05-31T00:00:00Z,4,2,0,1,0.5,0,1,0.5,25,35,30,95,100,97.5,0,1,0.5,,,,96.24999999999999,100,98.25
CA,41000,72,1,2001,2001-05-31T00:00:00Z,3,4.5,0,1,0.5,5,10,7.5,5,10,7.5,95,100,97.5,0,1,0.5,,,,95.24999999999999,100,97.6875
CA,41000,73,1,2001,2001-05-31T00:00:00Z,5,11,1,3,2,5,10,7.5,55,65,60,95,100,97.5,0,1,0.5,,,,97.75,100,99
CA,41000,74,1,2001,2001-05-31T00:00:00Z,5,4,0,1,0.5,1,3,2,15,25,20,65,75,70,0,1,0.5,,,,70.25,81.25,76
CA,41000,75,1,2001,2001-05-31T00:00:00Z,6,4.5,0,1,0.5,1,3,2,55,65,60,35,45,40,0,1,0.5,,,,70.75,80.75,76
CA,41000,76,1,2001,2001-05-31T00:00:00Z,7,6.5,0,1,0.5,3,5,4,95,100,97.5,65,75,70,0,1,0.5,,,,98.25,100,99.25
CA,41000,77,1,2001,2001-05-31T00:00:00Z,2,1,0,1,0.5,0,1,0.5,15,25,20,75,85,80,0,1,0.5,,,,78.75,88.75,84.00000000000001
CA,41000,78,1,2001,2001-05-31T00:00:00Z,5,2.5,1,3,2,0,1,0.5,10,15,12.5,95,100,97.5,0,1,0.5,,,,95.5,100,97.8125
CA,41000,79,1,2001,2001-05-31T00:00:00Z,6,7.5,0,1,0.5,5,10,7.5,25,35,30,65,75,70,0,1,0.5,,,,73.75,83.75,79
CA,41000,80,1,2001,2001-05-31T00:00:00Z,8,5.5,1,3,2,1,3,2,45,55,50,65,75,70,0,1,0.5,,,,80.75,88.75,85
CA,41000,81,1,2001,2001-05-31T00:00:00Z,6,3,0,1,0.5,1,3,2,95,100,97.5,85,95,90,0,1,0.5,,,,99.25,100,99.75
CA,41000,82,1,2001,2001-05-31T00:00:00Z,7,3.5,0,1,0.5,1,3,2,95,100,97.5,75,85,80,0,1,0.5,,,,98.75,100,99.5
CA,41000,83,1,2001,2001-05-31T00:00:00Z,5,2.5,0,1,0.5,0,1,0.5,35,45,40,45,55,50,0,1,0.5,,,,64.25,75.25,70
CA,41000,84,1,2001,2001-05-31T00:00:00Z,4,9,1,3,2,5,10,7.5,15,25,20,95,100,97.5,0,1,0.5,,,,95.75,100,98
CA,41000,85,1,2001,2001-05-31T00:00:00Z,6,18.5,5,10,7.5,15,25,20,5,10,7.5,55,65,60,0,1,0.5,,,,57.25,68.5,62.999999999999986
CA,41000,86,1,2001,2001-05-31T00:00:00Z,6,7.5,0,1,0.5,3,5,4,75,85,80,95,100,97.5,0,1,0.5,,,,98.75,100,99.5
CA,41000,87,1,2001,2001-05-31T00:00:00Z,3,3,0,1,0.5,1,3,2,75,85,80,95,100,97.5,0,1,0.5,,,,98.75,100,99.5
CA,41000,88,1,2001,2001-05-31T00:00:00Z,6,3,0,1,0.5,0,1,0.5,10,15,12.5,85,95,90,0,1,0.5,,,,86.5,95.75,91.25
CA,41000,89,1,2001,2001-05-31T00:00:00Z,7,10.5,0,1,0.5,5,10,7.5,25,35,30,95,100,97.5,0,1,0.5,,,,96.24999999999999,100,98.25
CA,41000,90,1,2001,2001-05-31T00:00:00Z,10,26,0,1,0.5,15,25,20,45,55,50,25,35,30,0,1,0.5,,,,58.74999999999999,70.75,65
CA,41000,91,1,2001,2001-05-31T00:00:00Z,5,4,0,1,0.5,1,3,2,95,100,97.5,75,85,80,0,1,0.5,,,,98.75,100,99.5
CA,41000,92,1,2001,2001-05-31T00:00:00Z,5,4,0,1,0.5,1,3,2,10,15,12.5,65,75,70,0,1,0.5,,,,68.5,78.75,73.75
CA,41000,93,1,2001,2001-05-31T00:00:00Z,9,9.5,0,1,0.5,5,10,7.5,35,45,40,65,75,70,0,1,0.5,,,,77.25,86.25,82
CA,41000,94,1,2001,2001-05-31T00:00:00Z,3,15,0,1,0.5,10,15,12.5,55,65,60,35,45,40,0,1,0.5,,,,70.75,80.75,76
CA,41000,95,1,2001,2001-05-31T00:00:00Z,5,5.5,0,1,0.5,1,3,2,55,65,60,45,55,50,0,1,0.5,,,,75.25,84.25,80
CA,41000,96,1,2001,2001-05-31T00:00:00Z,9,9.5,1,3,2,5,10,7.5,35,45,40,85,95,90,0,1,0.5,,,,90.25,97.24999999999999,94
CA,41000,97,1,2001,2001-05-31T00:00:00Z,6,6.5,1,3,2,3,5,4,65,75,70,45,55,50,0,1,0.5,,,,80.75,88.75,85
CA,41000,98,1,2001,2001-05-31T00:00:00Z,9,6,0,1,0.5,3,5,4,25,35,30,95,100,97.5,0,1,0.5,,,,96.24999999999999,100,98.25
CA,43000,11,1,2001,2001-05-17T00:00:00Z,21,26,1,3,2,15,25,20,,,,,,,,,,,,,,,
CA,43000,12,1,2001,2001-05-17T00:00:00Z,13,92,0,1,0.5,65,75,70,,,,,,,,,,,,,,,
CA,43000,13,1,2001,2001-05-17T00:00:00Z,18,36.5,1,3,2,25,35,30,,,,,,,,,,,,,,,
CA,43000,14,1,2001,2001-05-17T00:00:00Z,20,44,3,5,4,25,35,30,,,,,,,,,,,,,,,
CA,43000,15,1,2001,2001-05-17T00:00:00Z,20,16,15,25,20,10,15,12.5,,,,,,,,,,,,,,,
CA,43000,16,1,2001,2001-05-17T00:00:00Z,13,27.5,0,1,0.5,25,35,30,,,,,,,,,,,,,,,
CA,43000,17,1,2001,2001-05-17T00:00:00Z,8,9,1,3,2,3,5,4,,,,,,,,,,,,,,,
CA,43000,18,1,2001,2001-05-17T00:00:00Z,12,25,3,5,4,15,25,20,,,,,,,,,,,,,,,
CA,43000,19,1,2001,2001-05-17T00:00:00Z,10,50.5,3,5,4,45,55,50,,,,,,,,,,,,,,,
CA,43000,20,1,2001,2001-05-17T00:00:00Z,17,65,1,3,2,65,75,70,,,,,,,,,,,,,,,
CA,51000,1,1,2001,2001-06-20T00:00:00Z,23,101,0,1,0.5,85,95,90,15,25,20,25,35,30,0,1,0.5,,,,36.25000000000001,51.24999999999999,44.00000000000001
CA,51000,2,1,2001,2001-06-20T00:00:00Z,29,65.5,1,3,2,55,65,60,0,1,0.5,0,1,0.5,0,1,0.5,,,,0,1.9900000000000029,0.9974999999999956
CA,51000,3,1,2001,2001-06-20T00:00:00Z,26,59,1,3,2,65,75,70,5,10,7.5,55,65,60,0,1,0.5,,,,57.25,68.5,62.999999999999986
CA,51000,4,1,2001,2001-06-20T00:00:00Z,9,95.5,0,1,0.5,85,95,90,10,15,12.5,35,45,40,0,1,0.5,,,,41.49999999999999,53.25,47.5
CA,51000,5,1,2001,2001-06-20T00:00:00Z,12,97,0,1,0.5,85,95,90,25,35,30,45,55,50,0,1,0.5,,,,58.74999999999999,70.75,65
CA,51000,6,1,2001,2001-06-20T00:00:00Z,13,96,0,1,0.5,85,95,90,35,45,40,25,35,30,0,1,0.5,,,,51.24999999999999,64.25,58.00000000000001
CA,51000,7,1,2001,2001-06-20T00:00:00Z,18,44.5,3,5,4,45,55,50,15,25,20,55,65,60,0,1,0.5,,,,61.75000000000001,73.75,68
CA,51000,8,1,2001,2001-06-20T00:00:00Z,29,174,0,1,0.5,85,95,90,5,10,7.5,45,55,50,0,1,0.5,,,,47.75,59.5,53.75
CA,51000,9,1,2001,2001-06-20T00:00:00Z,27,74.5,1,3,2,75,85,80,3,5,4,35,45,40,0,1,0.5,,,,36.95,47.75,42.400000000000006
CA,51000,10,1,2001,2001-06-20T00:00:00Z,25,75,0,1,0.5,65,75,70,3,5,4,25,35,30,0,1,0.5,,,,27.249999999999996,38.25000000000001,32.800000000000004
CA,51000,11,1,2001,2001-06-20T00:00:00Z,27,81,0,1,0.5,75,85,80,1,3,2,25,35,30,0,1,0.5,,,,25.750000000000007,36.95,31.400000000000006
CA,51000,12,1,2001,2001-06-20T00:00:00Z,20,105,1,3,2,85,95,90,45,55,50,25,35,30,0,1,0.5,,,,58.74999999999999,70.75,65
CA,51000,13,1,2001,2001-06-20T00:00:00Z,23,59.5,0,1,0.5,75,85,80,25,35,30,55,65,60,0,1,0.5,,,,66.25000000000001,77.25,72
CA,51000,14,1,2001,2001-06-20T00:00:00Z,23,71.5,1,3,2,75,85,80,1,3,2,45,55,50,0,1,0.5,,,,45.550000000000004,56.35000000000001,51
CA,51000,15,1,2001,2001-06-20T00:00:00Z,20,105.5,0,1,0.5,85,95,90,1,3,2,55,65,60,0,1,0.5,,,,55.45,66.05000000000001,60.8
CA,51000,16,1,2001,2001-06-20T00:00:00Z,19,104,1,3,2,85,95,90,0,1,0.5,0,1,0.5,0,1,0.5,,,,0,1.9900000000000029,0.9974999999999956
CA,51000,17,1,2001,2001-06-20T00:00:00Z,21,36,3,5,4,35,45,40,3,5,4,35,45,40,0,1,0.5,,,,36.95,47.75,42.400000000000006
CA,51000,18,1,2001,2001-06-20T00:00:00Z,12,87,0,1,0.5,75,85,80,10,15,12.5,45,55,50,0,1,0.5,,,,50.499999999999986,61.75000000000001,56.25
CA,51000,19,1,2001,2001-06-20T00:00:00Z,8,93.5,0,1,0.5,85,95,90,10,15,12.5,45,55,50,0,1,0.5,,,,50.499999999999986,61.75000000000001,56.25
CA,51000,20,1,2001,2001-06-20T00:00:00Z,11,96.5,1,3,2,85,95,90,35,45,40,25,35,30,0,1,0.5,,,,51.24999999999999,64.25,58.00000000000001
CA,51000,21,1,2001,2001-06-20T00:00:00Z,16,90.5,0,1,0.5,85,95,90,5,10,7.5,45,55,50,0,1,0.5,,,,47.75,59.5,53.75
CA,51000,22,1,2001,2001-06-20T00:00:00Z,22,168,1,3,2,85,95,90,5,10,7.5,35,45,40,0,1,0.5,,,,38.25000000000001,50.499999999999986,44.49999999999999
CA,51000,23,1,2001,2001-06-20T00:00:00Z,20,107,1,3,2,95,100,97.5,5,10,7.5,35,45,40,0,1,0.5,,,,38.25000000000001,50.499999999999986,44.49999999999999
CA,51000,24,1,2001,2001-06-20T00:00:00Z,18,40,1,3,2,65,75,70,25,35,30,35,45,40,0,1,0.5,,,,51.24999999999999,64.25,58.00000000000001
CA,51000,25,1,2001,2001-06-20T00:00:00Z,26,62,3,5,4,75,85,80,5,10,7.5,35,45,40,0,1,0.5,,,,38.25000000000001,50.499999999999986,44.49999999999999
CA,51000,26,1,2001,2001-06-20T00:00:00Z,24,80,0,1,0.5,75,85,80,35,45,40,35,45,40,0,1,0.5,,,,57.74999999999999,69.75,64
CA,51000,27,1,2001,2001-06-20T00:00:00Z,20,63.5,1,3,2,75,85,80,5,10,7.5,55,65,60,0,1,0.5,,,,57.25,68.5,62.999999999999986
CA,51000,28,1,2001,2001-06-20T00:00:00Z,23,72,1,3,2,65,75,70,3,5,4,65,75,70,0,1,0.5,,,,66.05000000000001,76.25,71.2
CA,51000,29,1,2001,2001-06-20T00:00:00Z,31,88,1,3,2,75,85,80,15,25,20,75,85,80,0,1,0.5,,,,78.75,88.75,84.00000000000001
CA,51000,30,1,2001,2001-06-20T00:00:00Z,18,83,1,3,2,75,85,80,1,3,2,65,75,70,0,1,0.5,,,,65.35,75.75,70.6
CA,51000,31,1,2001,2001-06-20T00:00:00Z,16,67.5,1,3,2,55,65,60,15,25,20,55,65,60,0,1,0.5,,,,61.75000000000001,73.75,68
CA,51000,32,1,2001,2001-06-20T00:00:00Z,15,98.5,0,1,0.5,85,95,90,35,45,40,45,55,50,0,1,0.5,,,,64.25,75.25,70
CA,51000,33,1,2001,2001-06-20T00:00:00Z,10,24.5,1,3,2,15,25,20,85,95,90,25,35,30,0,1,0.5,,,,88.75,96.75,93
CA,51000,34,1,2001,2001-06-20T00:00:00Z,20,44,1,3,2,35,45,40,45,55,50,10,15,12.5,0,1,0.5,,,,50.499999999999986,61.75000000000001,56.25
CA,51000,35,1,2001,2001-06-20T00:00:00Z,16,65.5,1,3,2,55,65,60,55,65,60,25,35,30,0,1,0.5,,,,66.25000000000001,77.25,72
CA,51000,36,1,2001,2001-06-20T00:00:00Z,17,81,1,3,2,75,85,80,10,15,12.5,65,75,70,0,1,0.5,,,,68.5,78.75,73.75
CA,51000,37,1,2001,2001-06-20T00:00:00Z,13,101,10,15,12.5,95,100,97.5,25,35,30,55,65,60,0,1,0.5,,,,66.25000000000001,77.25,72
CA,51000,38,1,2001,2001-06-20T00:00:00Z,18,55,3,5,4,55,65,60,10,15,12.5,55,65,60,0,1,0.5,,,,59.5,70.25,64.99999999999999
CA,51000,39,1,2001,2001-06-20T00:00:00Z,19,35,5,10,7.5,35,45,40,35,45,40,55,65,60,0,1,0.5,,,,70.75,80.75,76
CA,51000,40,1,2001,2001-06-20T00:00:00Z,26,46,0,1,0.5,35,45,40,55,65,60,85,95,90,0,1,0.5,,,,93.25,98.25,96
CA,51000,41,1,2001,2001-06-20T00:00:00Z,24,43,1,3,2,25,35,30,3,5,4,65,75,70,0,1,0.5,,,,66.05000000000001,76.25,71.2
CA,51000,42,1,2001,2001-06-20T00:00:00Z,17,87,1,3,2,85,95,90,10,15,12.5,35,45,40,0,1,0.5,,,,41.49999999999999,53.25,47.5
CA,51000,43,1,2001,2001-06-20T00:00:00Z,27,86,1,3,2,75,85,80,15,25,20,45,55,50,0,1,0.5,,,,53.25,66.25000000000001,60
CA,51000,44,1,2001,2001-06-20T00:00:00Z,27,81,1,3,2,65,75,70,25,35,30,45,55,50,0,1,0.5,,,,58.74999999999999,70.75,65
CA,51000,45,1,2001,2001-06-20T00:00:00Z,21,66,0,1,0.5,55,65,60,15,25,20,35,45,40,0,1,0.5,,,,44.75,58.74999999999999,52
CA,51000,46,1,2001,2001-06-20T00:00:00Z,11,45,0,1,0.5,35,45,40,25,35,30,55,65,60,0,1,0.5,,,,66.25000000000001,77.25,72
CA,51000,47,1,2001,2001-06-20T00:00:00Z,13,70.5,1,3,2,65,75,70,10,15,12.5,35,45,40,0,1,0.5,,,,41.49999999999999,53.25,47.5
CA,51000,48,1,2001,2001-06-20T00:00:00Z,25,72.5,1,3,2,65,75,70,35,45,40,35,45,40,0,1,0.5,,,,57.74999999999999,69.75,64
CA,51000,49,1,2001,2001-06-20T00:00:00Z,22,70.5,1,3,2,55,65,60,15,25,20,55,65,60,0,1,0.5,,,,61.75000000000001,73.75,68
CA,51000,50,1,2001,2001-06-20T00:00:00Z,14,208.5,1,3,2,75,85,80,35,45,40,55,65,60,0,1,0.5,,,,70.75,80.75,76
CA,51000,51,1,2001,2001-06-20T00:00:00Z,17,123.5,10,15,12.5,95,100,97.5,10,15,12.5,55,65,60,0,1,0.5,,,,59.5,70.25,64.99999999999999
CA,51000,52,1,2001,2001-06-20T00:00:00Z,25,39.5,1,3,2,45,55,50,15,25,20,65,75,70,0,1,0.5,,,,70.25,81.25,76
CA,51000,53,1,2001,2001-06-20T00:00:00Z,6,36,5,10,7.5,25,35,30,55,65,60,65,75,70,0,1,0.5,,,,84.25,91.25,88
CA,51000,54,1,2001,2001-06-20T00:00:00Z,18,18,0,1,0.5,35,45,40,45,55,50,75,85,80,0,1,0.5,,,,86.25,93.25,90
CA,51000,55,1,2001,2001-06-20T00:00:00Z,16,59,1,3,2,75,85,80,1,3,2,35,45,40,0,1,0.5,,,,35.650000000000006,46.650000000000006,41.2
CA,51000,56,1,2001,2001-06-20T00:00:00Z,22,57.5,1,3,2,65,75,70,5,10,7.5,55,65,60,0,1,0.5,,,,57.25,68.5,62.999999999999986
CA,51000,57,1,2001,2001-06-20T00:00:00Z,25,95,0,1,0.5,85,95,90,10,15,12.5,45,55,50,0,1,0.5,,,,50.499999999999986,61.75000000000001,56.25
CA,51000,58,1,2001,2001-06-20T00:00:00Z,27,104,1,3,2,85,95,90,15,25,20,35,45,40,0,1,0.5,,,,44.75,58.74999999999999,52
CA,51000,59,1,2001,2001-06-20T00:00:00Z,21,71.5,1,3,2,65,75,70,15,25,20,35,45,40,0,1,0.5,,,,44.75,58.74999999999999,52
CA,51000,60,1,2001,2001-06-20T00:00:00Z,20,84.5,0,1,0.5,75,85,80,15,25,20,65,75,70,0,1,0.5,,,,70.25,81.25,76
CA,51000,61,1,2001,2001-06-20T00:00:00Z,19,53.5,0,1,0.5,45,55,50,10,15,12.5,45,55,50,0,1,0.5,,,,50.499999999999986,61.75000000000001,56.25
CA,51000,62,1,2001,2001-06-20T00:00:00Z,17,98,0,1,0.5,85,95,90,3,5,4,45,55,50,0,1,0.5,,,,46.650000000000006,57.25,52
CA,51000,63,1,2001,2001-06-20T00:00:00Z,20,41,1,3,2,35,45,40,5,10,7.5,55,65,60,0,1,0.5,,,,57.25,68.5,62.999999999999986
CA,51000,64,1,2001,2001-06-20T00:00:00Z,25,49.5,1,3,2,45,55,50,15,25,20,35,45,40,0,1,0.5,,,,44.75,58.74999999999999,52
CA,51000,65,1,2001,2001-06-20T00:00:00Z,14,70.5,35,45,40,75,85,80,10,15,12.5,55,65,60,0,1,0.5,,,,59.5,70.25,64.99999999999999
CA,51000,66,1,2001,2001-06-20T00:00:00Z,23,60,1,3,2,65,75,70,3,5,4,55,65,60,0,1,0.5,,,,56.35000000000001,66.75,61.6
CA,51000,67,1,2001,2001-06-20T00:00:00Z,24,22.5,10,15,12.5,75,85,80,25,35,30,45,55,50,0,1,0.5,,,,58.74999999999999,70.75,65
CA,51000,68,1,2001,2001-06-20T00:00:00Z,15,83,1,3,2,65,75,70,10,15,12.5,75,85,80,0,1,0.5,,,,77.5,87.25,82.5
CA,51000,69,1,2001,2001-06-20T00:00:00Z,11,107.5,1,3,2,85,95,90,1,3,2,45,55,50,0,1,0.5,,,,45.550000000000004,56.35000000000001,51
CA,51000,70,1,2001,2001-06-20T00:00:00Z,20,76.5,1,3,2,75,85,80,45,55,50,35,45,40,0,1,0.5,,,,64.25,75.25,70
CA,51000,71,1,2001,2001-06-20T00:00:00Z,31,56.5,0,1,0.5,45,55,50,25,35,30,25,35,30,0,1,0.5,,,,43.75,57.74999999999999,51
CA,51000,72,1,2001,2001-06-20T00:00:00Z,22,60,3,5,4,45,55,50,15,25,20,35,45,40,0,1,0.5,,,,44.75,58.74999999999999,52
CA,51000,73,1,2001,2001-06-14T00:00:00Z,19,76.5,1,3,2,65,75,70,1,3,2,65,75,70,0,1,0.5,,,,65.35,75.75,70.6
CA,51000,74,1,2001,2001-06-20T00:00:00Z,22,76.5,1,3,2,65,75,70,10,15,12.5,65,75,70,0,1,0.5,,,,68.5,78.75,73.75
CA,51000,75,1,2001,2001-06-20T00:00:00Z,21,22.5,0,1,0.5,15,25,20,45,55,50,35,45,40,0,1,0.5,,,,64.25,75.25,70
CA,51000,76,1,2001,2001-06-20T00:00:00Z,14,54.5,1,3,2,55,65,60,35,45,40,55,65,60,0,1,0.5,,,,70.75,80.75,76
CA,51000,77,1,2001,2001-06-20T00:00:00Z,25,92,1,3,2,75,85,80,15,25,20,55,65,60,0,1,0.5,,,,61.75000000000001,73.75,68
CA,51000,78,1,2001,2001-06-20T00:00:00Z,16,39,1,3,2,35,45,40,55,65,60,45,55,50,0,1,0.5,,,,75.25,84.25,80
CA,51000,79,1,2001,2001-06-20T00:00:00Z,12,87,65,75,70,95,100,97.5,5,10,7.5,55,65,60,0,1,0.5,,,,57.25,68.5,62.999999999999986
CA,51000,80,1,2001,2001-06-20T00:00:00Z,24,59,0,1,0.5,55,65,60,10,15,12.5,75,85,80,0,1,0.5,,,,77.5,87.25,82.5
CA,51000,81,1,2001,2001-06-20T00:00:00Z,21,44.5,5,10,7.5,75,85,80,55,65,60,45,55,50,0,1,0.5,,,,75.25,84.25,80
CA,51000,82,1,2001,2001-06-20T00:00:00Z,16,133.5,0,1,0.5,85,95,90,10,15,12.5,75,85,80,0,1,0.5,,,,77.5,87.25,82.5
CA,51000,83,1,2001,2001-06-20T00:00:00Z,12,93.5,1,3,2,75,85,80,15,25,20,65,75,70,0,1,0.5,,,,70.25,81.25,76
CA,51000,84,1,2001,2001-06-20T00:00:00Z,17,73,0,1,0.5,65,75,70,3,5,4,65,75,70,0,1,0.5,,,,66.05000000000001,76.25,71.2
CA,51000,85,1,2001,2001-06-20T00:00:00Z,28,49.5,0,1,0.5,35,45,40,55,65,60,25,35,30,0,1,0.5,,,,66.25000000000001,77.25,72
CA,51000,86,1,2001,2001-06-20T00:00:00Z,25,55.5,1,3,2,45,55,50,15,25,20,55,65,60,0,1,0.5,,,,61.75000000000001,73.75,68
CA,51000,87,1,2001,2001-06-20T00:00:00Z,24,49.5,0,1,0.5,35,45,40,10,15,12.5,65,75,70,0,1,0.5,,,,68.5,78.75,73.75
CA,51000,88,1,2001,2001-06-20T00:00:00Z,19,40.5,1,3,2,35,45,40,45,55,50,55,65,60,0,1,0.5,,,,75.25,84.25,80
CA,51000,89,1,2001,2001-06-20T00:00:00Z,19,26,1,3,2,15,25,20,45,55,50,45,55,50,0,1,0.5,,,,69.75,79.75000000000001,75
CA,51000,90,1,2001,2001-06-20T00:00:00Z,21,49,1,3,2,55,65,60,55,65,60,15,25,20,0,1,0.5,,,,61.75000000000001,73.75,68
CA,51000,91,1,2001,2001-06-20T00:00:00Z,20,52.5,1,3,2,45,55,50,65,75,70,35,45,40,0,1,0.5,,,,77.25,86.25,82
CA,51000,92,1,2001,2001-06-20T00:00:00Z,14,48,1,3,2,45,55,50,35,45,40,55,65,60,0,1,0.5,,,,70.75,80.75,76
CA,51000,93,1,2001,2001-06-20T00:00:00Z,15,101.5,45,55,50,95,100,97.5,5,10,7.5,55,65,60,0,1,0.5,,,,57.25,68.5,62.999999999999986
CA,51000,94,1,2001,2001-06-20T00:00:00Z,29,70,0,1,0.5,75,85,80,10,15,12.5,65,75,70,0,1,0.5,,,,68.5,78.75,73.75
CA,51000,95,1,2001,2001-06-20T00:00:00Z,17,93,5,10,7.5,85,95,90,25,35,30,45,55,50,0,1,0.5,,,,58.74999999999999,70.75,65
CA,51000,96,1,2001,2001-06-20T00:00:00Z,14,97,1,3,2,75,85,80,3,5,4,55,65,60,0,1,0.5,,,,56.35000000000001,66.75,61.6
CA,51000,97,1,2001,2001-06-20T00:00:00Z,16,85,1,3,2,65,75,70,10,15,12.5,75,85,80,0,1,0.5,,,,77.5,87.25,82.5
CA,51000,98,1,2001,2001-06-20T00:00:00Z,22,38,1,3,2,35,45,40,1,3,2,55,65,60,0,1,0.5,,,,55.45,66.05000000000001,60.8
CA,53000,1,1,2001,2001-06-06T00:00:00Z,13,78.5,25,35,30,35,45,40,,,,25,35,30,0,1,0.5,,,,,,
CA,53000,2,1,2001,2001-06-06T00:00:00Z,13,61,45,55,50,15,25,20,,,,35,45,40,0,1,0.5,,,,,,
CA,53000,3,1,2001,2001-06-06T00:00:00Z,13,42.5,15,25,20,25,35,30,,,,15,25,20,0,1,0.5,,,,,,
CA,53000,4,1,2001,2001-06-06T00:00:00Z,20,77,35,45,40,45,55,50,,,,25,35,30,0,1,0.5,,,,,,
CA,53000,5,1,2001,2001-06-06T00:00:00Z,17,73,15,25,20,55,65,60,,,,15,25,20,0,1,0.5,,,,,,
CA,53000,6,1,2001,2001-06-06T00:00:00Z,21,35.5,10,15,12.5,35,45,40,,,,15,25,20,0,1,0.5,,,,,,
CA,53000,7,1,2001,2001-06-06T00:00:00Z,23,32.5,5,10,7.5,15,25,20,,,,10,15,12.5,0,1,0.5,,,,,,
CA,53000,8,1,2001,2001-06-06T00:00:00Z,22,36.5,5,10,7.5,25,35,30,,,,15,25,20,0,1,0.5,,,,,,
CA,53000,9,1,2001,2001-06-06T00:00:00Z,19,27.5,5,10,7.5,15,25,20,,,,15,25,20,0,1,0.5,,,,,,
CA,53000,10,1,2001,2001-06-06T00:00:00Z,18,36,15,25,20,15,25,20,,,,25,35,30,0,1,0.5,,,,,,
CA,61000,1,1,2005,2005-08-30T00:00:00Z,1,90,25,35,30,95,100,97.5,0,1,0.5,45,55,50,0,1,0.5,,,,44.99999999999999,55.45,50.24999999999999
CA,61000,2,1,2005,2005-08-30T00:00:00Z,3,91,25,35,30,85,95,90,10,15,12.5,55,65,60,0,1,0.5,,,,59.5,70.25,64.99999999999999
CA,61000,3,1,2005,2005-08-30T00:00:00Z,10,24.5,15,25,20,15,25,20,5,10,7.5,75,85,80,0,1,0.5,,,,76.25,86.5,81.5
CA,61000,4,1,2005,2005-08-30T00:00:00Z,8,16,85,95,90,10,15,12.5,3,5,4,85,95,90,0,1,0.5,,,,85.45,95.24999999999999,90.4
CA,61000,5,1,2005,2005-08-30T00:00:00Z,7,53,35,45,40,45,55,50,5,10,7.5,85,95,90,0,1,0.5,,,,85.75,95.5,90.75
CA,61000,6,1,2005,2005-08-30T00:00:00Z,1,97.5,1,3,2,95,100,97.5,5,10,7.5,75,85,80,0,1,0.5,,,,76.25,86.5,81.5
CA,61000,7,1,2005,2005-08-30T00:00:00Z,1,97.5,15,25,20,95,100,97.5,15,25,20,65,75,70,0,1,0.5,,,,70.25,81.25,76
CA,61000,8,1,2005,2005-08-30T00:00:00Z,1,97.5,35,45,40,95,100,97.5,1,3,2,75,85,80,0,1,0.5,,,,75.25,85.45,80.4
CA,61000,9,1,2005,2005-08-30T00:00:00Z,1,97.5,10,15,12.5,95,100,97.5,5,10,7.5,45,55,50,0,1,0.5,,,,47.75,59.5,53.75
CA,61000,10,1,2005,2005-08-30T00:00:00Z,1,97.5,5,10,7.5,95,100,97.5,3,5,4,35,45,40,0,1,0.5,,,,36.95,47.75,42.400000000000006
CA,71000,1,1,2002,2002-07-01T00:00:00Z,7,10.5,0,1,0.5,5,10,7.5,0,1,0.5,85,95,90,0,1,0.5,,,,85,95.04999999999998,90.05000000000001
CA,71000,2,1,2002,2002-07-01T00:00:00Z,11,48,0,1,0.5,35,45,40,10,15,12.5,85,95,90,0,1,0.5,,,,86.5,95.75,91.25
CA,71000,3,1,2002,2002-07-01T00:00:00Z,10,33,1,3,2,15,25,20,35,45,40,75,85,80,0,1,0.5,,,,83.75,91.75,88
CA,71000,4,1,2002,2002-07-01T00:00:00Z,9,9.5,0,1,0.5,5,10,7.5,25,35,30,75,85,80,0,1,0.5,,,,81.25,90.25,86.00000000000001
CA,71000,5,1,2002,2002-07-01T00:00:00Z,7,5,0,1,0.5,1,3,2,45,55,50,65,75,70,0,1,0.5,,,,80.75,88.75,85
CA,71000,6,1,2002,2002-07-01T00:00:00Z,5,16,0,1,0.5,10,15,12.5,1,3,2,85,95,90,0,1,0.5,,,,85.14999999999999,95.15,90.2
CA,71000,7,1,2002,2002-07-01T00:00:00Z,6,15,1,3,2,10,15,12.5,0,1,0.5,85,95,90,0,1,0.5,,,,85,95.04999999999998,90.05000000000001
CA,71000,8,1,2002,2002-07-01T00:00:00Z,7,5,0,1,0.5,1,3,2,0,1,0.5,95,100,97.5,0,1,0.5,,,,95,100,97.5125
CA,71000,9,1,2002,2002-07-01T00:00:00Z,7,15.5,0,1,0.5,10,15,12.5,0,1,0.5,85,95,90,0,1,0.5,,,,85,95.04999999999998,90.05000000000001
CA,71000,10,1,2002,2002-07-01T00:00:00Z,9,18,0,1,0.5,15,25,20,15,25,20,85,95,90,0,1,0.5,,,,87.25,96.24999999999999,92
CA,71000,11,1,2002,2002-07-01T00:00:00Z,9,25.5,0,1,0.5,25,35,30,5,10,7.5,95,100,97.5,0,1,0.5,,,,95.24999999999999,100,97.6875
CA,71000,12,1,2002,2002-07-01T00:00:00Z,9,7.5,0,1,0.5,3,5,4,25,35,30,65,75,70,0,1,0.5,,,,73.75,83.75,79
CA,71000,13,1,2002,2002-07-01T00:00:00Z,8,5.5,0,1,0.5,1,3,2,15,25,20,85,95,90,0,1,0.5,,,,87.25,96.24999999999999,92
CA,71000,14,1,2002,2002-07-01T00:00:00Z,5,4,0,1,0.5,1,3,2,1,3,2,85,95,90,0,1,0.5,,,,85.14999999999999,95.15,90.2
CA,71000,15,1,2002,2002-07-01T00:00:00Z,9,6,1,3,2,1,3,2,5,10,7.5,85,95,90,0,1,0.5,,,,85.75,95.5,90.75
CA,71000,16,1,2002,2002-07-01T00:00:00Z,6,4.5,1,3,2,1,3,2,25,35,30,85,95,90,0,1,0.5,,,,88.75,96.75,93
CA,71000,17,1,2002,2002-07-01T00:00:00Z,8,4,0,1,0.5,5,10,7.5,10,15,12.5,85,95,90,0,1,0.5,,,,86.5,95.75,91.25
CA,71000,18,1,2002,2002-07-01T00:00:00Z,7,17,0,1,0.5,15,25,20,1,3,2,85,95,90,0,1,0.5,,,,85.14999999999999,95.15,90.2
CA,71000,19,1,2002,2002-07-01T00:00:00Z,7,6.5,0,1,0.5,3,5,4,55,65,60,65,75,70,0,1,0.5,,,,84.25,91.25,88
CA,71000,20,1,2002,2002-07-01T00:00:00Z,7,7,0,1,0.5,3,5,4,55,65,60,75,85,80,0,1,0.5,,,,88.75,94.75,92
CA,71000,21,1,2002,2002-07-01T00:00:00Z,7,5,0,1,0.5,1,3,2,75,85,80,55,65,60,0,1,0.5,,,,88.75,94.75,92
CA,71000,22,1,2002,2002-07-01T00:00:00Z,7,8.5,0,1,0.5,0,1,0.5,5,10,7.5,95,100,97.5,0,1,0.5,,,,95.24999999999999,100,97.6875
CA,71000,23,1,2002,2002-07-01T00:00:00Z,7,3.5,0,1,0.5,0,1,0.5,55,65,60,55,65,60,0,1,0.5,,,,79.75000000000001,87.75,84
CA,71000,24,1,2002,2002-07-01T00:00:00Z,8,7.5,0,1,0.5,3,5,4,15,25,20,85,95,90,0,1,0.5,,,,87.25,96.24999999999999,92
CA,71000,25,1,2002,2002-07-01T00:00:00Z,9,15,1,3,2,10,15,12.5,15,25,20,95,100,97.5,0,1,0.5,,,,95.75,100,98
CA,71000,26,1,2002,2002-07-01T00:00:00Z,8,10.5,0,1,0.5,3,5,4,25,35,30,85,95,90,0,1,0.5,,,,88.75,96.75,93
CA,71000,27,1,2002,2002-07-01T00:00:00Z,5,4,0,1,0.5,1,3,2,75,85,80,55,65,60,0,1,0.5,,,,88.75,94.75,92
CA,71000,28,1,2002,2002-07-01T00:00:00Z,6,3,0,1,0.5,0,1,0.5,75,85,80,15,25,20,0,1,0.5,,,,78.75,88.75,84.00000000000001
CA,71000,29,1,2002,2002-07-01T00:00:00Z,8,5.5,0,1,0.5,1,3,2,1,3,2,85,95,90,0,1,0.5,,,,85.14999999999999,95.15,90.2
CA,71000,30,1,2002,2002-07-01T00:00:00Z,9,4.5,0,1,0.5,0,1,0.5,3,5,4,85,95,90,0,1,0.5,,,,85.45,95.24999999999999,90.4
CA,71000,31,1,2002,2002-07-01T00:00:00Z,8,7,0,1,0.5,3,5,4,15,25,20,85,95,90,0,1,0.5,,,,87.25,96.24999999999999,92
CA,71000,32,1,2002,2002-07-01T00:00:00Z,8,17.5,0,1,0.5,15,25,20,10,15,12.5,85,95,90,0,1,0.5,,,,86.5,95.75,91.25
CA,71000,33,1,2002,2002-07-01T00:00:00Z,10,29.5,0,1,0.5,25,35,30,5,10,7.5,75,85,80,0,1,0.5,,,,76.25,86.5,81.5
CA,71000,34,1,2002,2002-07-01T00:00:00Z,8,46.5,0,1,0.5,45,55,50,55,65,60,45,55,50,0,1,0.5,,,,75.25,84.25,80
CA,71000,35,1,2002,2002-07-01T00:00:00Z,6,6.5,1,3,2,3,5,4,75,85,80,25,35,30,0,1,0.5,,,,81.25,90.25,86.00000000000001
CA,71000,36,1,2002,2002-07-01T00:00:00Z,8,23.5,0,1,0.5,15,25,20,10,15,12.5,75,85,80,0,1,0.5,,,,77.5,87.25,82.5
CA,71000,37,1,2002,2002-07-01T00:00:00Z,11,12,0,1,0.5,5,10,7.5,10,15,12.5,85,95,90,0,1,0.5,,,,86.5,95.75,91.25
CA,71000,38,1,2002,2002-07-01T00:00:00Z,10,25.5,1,3,2,15,25,20,1,3,2,85,95,90,0,1,0.5,,,,85.14999999999999,95.15,90.2
CA,71000,39,1,2002,2002-07-01T00:00:00Z,6,32.5,0,1,0.5,25,35,30,5,10,7.5,85,95,90,0,1,0.5,,,,85.75,95.5,90.75
CA,71000,40,1,2002,2002-07-01T00:00:00Z,7,53,0,1,0.5,45,55,50,1,3,2,85,95,90,0,1,0.5,,,,85.14999999999999,95.15,90.2
CA,71000,41,1,2002,2002-07-01T00:00:00Z,8,27,0,1,0.5,15,25,20,0,1,0.5,85,95,90,0,1,0.5,,,,85,95.04999999999998,90.05000000000001
CA,71000,42,1,2002,2002-07-01T00:00:00Z,6,64,0,1,0.5,65,75,70,1,3,2,75,85,80,0,1,0.5,,,,75.25,85.45,80.4
CA,71000,43,1,2002,2002-07-01T00:00:00Z,10,13.5,1,3,2,5,10,7.5,5,10,7.5,85,95,90,0,1,0.5,,,,85.75,95.5,90.75
CA,71000,44,1,2002,2002-07-01T00:00:00Z,11,12,3,5,4,5,10,7.5,35,45,40,85,95,90,0,1,0.5,,,,90.25,97.24999999999999,94
CA,71000,45,1,2002,2002-07-01T00:00:00Z,9,35.5,1,3,2,25,35,30,45,55,50,45,55,50,0,1,0.5,,,,69.75,79.75000000000001,75
CA,71000,46,1,2002,2002-07-01T00:00:00Z,9,35.5,0,1,0.5,25,35,30,25,35,30,25,35,30,0,1,0.5,,,,43.75,57.74999999999999,51
CA,71000,47,1,2002,2002-07-01T00:00:00Z,5,42,0,1,0.5,35,45,40,45,55,50,65,75,70,0,1,0.5,,,,80.75,88.75,85
CA,71000,48,1,2002,2002-07-01T00:00:00Z,6,54,0,1,0.5,45,55,50,25,35,30,65,75,70,0,1,0.5,,,,73.75,83.75,79
CA,71000,49,1,2002,2002-07-01T00:00:00Z,6,75.5,1,3,2,75,85,80,25,35,30,85,95,90,0,1,0.5,,,,88.75,96.75,93
CA,71000,50,1,2002,2002-07-01T00:00:00Z,8,9,1,3,2,5,10,7.5,1,3,2,85,95,90,0,1,0.5,,,,85.14999999999999,95.15,90.2
CA,71000,51,1,2002,2002-07-01T00:00:00Z,10,12,0,1,0.5,10,15,12.5,15,25,20,75,85,80,0,1,0.5,,,,78.75,88.75,84.00000000000001
CA,71000,52,1,2002,2002-07-01T00:00:00Z,8,35,0,1,0.5,25,35,30,3,5,4,55,65,60,0,1,0.5,,,,56.35000000000001,66.75,61.6
CA,71000,53,1,2002,2002-07-01T00:00:00Z,9,24,0,1,0.5,15,25,20,3,5,4,75,85,80,0,1,0.5,,,,75.75,85.75,80.80000000000001
CA,71000,54,1,2002,2002-07-01T00:00:00Z,7,24.5,0,1,0.5,25,35,30,0,1,0.5,85,95,90,0,1,0.5,,,,85,95.04999999999998,90.05000000000001
CA,71000,55,1,2002,2002-07-01T00:00:00Z,5,62,0,1,0.5,55,65,60,1,3,2,65,75,70,0,1,0.5,,,,65.35,75.75,70.6
CA,71000,56,1,2002,2002-07-01T00:00:00Z,7,46,0,1,0.5,35,45,40,0,1,0.5,85,95,90,0,1,0.5,,,,85,95.04999999999998,90.05000000000001
CA,71000,57,1,2002,2002-07-01T00:00:00Z,9,14.5,0,1,0.5,5,10,7.5,1,3,2,95,100,97.5,0,1,0.5,,,,95.04999999999998,100,97.55
CA,71000,58,1,2002,2002-07-01T00:00:00Z,11,46.5,1,3,2,35,45,40,25,35,30,85,95,90,0,1,0.5,,,,88.75,96.75,93
CA,71000,59,1,2002,2002-07-01T00:00:00Z,3,82.5,0,1,0.5,75,85,80,15,25,20,85,95,90,0,1,0.5,,,,87.25,96.24999999999999,92
CA,71000,60,1,2002,2002-07-01T00:00:00Z,4,63,0,1,0.5,55,65,60,1,3,2,95,100,97.5,0,1,0.5,,,,95.04999999999998,100,97.55
CA,71000,61,1,2002,2002-07-01T00:00:00Z,5,92,0,1,0.5,85,95,90,1,3,2,85,95,90,0,1,0.5,,,,85.14999999999999,95.15,90.2
CA,71000,62,1,2002,2002-07-01T00:00:00Z,2,94,0,1,0.5,85,95,90,1,3,2,75,85,80,0,1,0.5,,,,75.25,85.45,80.4
CA,71000,63,1,2002,2002-07-01T00:00:00Z,5,75.5,0,1,0.5,75,85,80,3,5,4,85,95,90,0,1,0.5,,,,85.45,95.24999999999999,90.4
CA,71000,64,1,2002,2002-07-01T00:00:00Z,10,22,1,3,2,15,25,20,25,35,30,85,95,90,0,1,0.5,,,,88.75,96.75,93
CA,71000,65,1,2002,2002-07-01T00:00:00Z,5,63.5,0,1,0.5,55,65,60,15,25,20,65,75,70,0,1,0.5,,,,70.25,81.25,76
CA,71000,66,1,2002,2002-07-01T00:00:00Z,2,94,95,100,97.5,55,65,60,15,25,20,5,10,7.5,0,1,0.5,,,,19.25,32.49999999999999,25.99999999999999
CA,71000,67,1,2002,2002-07-01T00:00:00Z,2,100,0,1,0.5,95,100,97.5,3,5,4,15,25,20,0,1,0.5,,,,17.549999999999997,28.750000000000007,23.2
CA,71000,68,1,2002,2002-07-01T00:00:00Z,3,99.5,0,1,0.5,95,100,97.5,5,10,7.5,65,75,70,0,1,0.5,,,,66.75,77.5,72.24999999999999
CA,71000,69,1,2002,2002-07-01T00:00:00Z,3,94.5,0,1,0.5,95,100,97.5,5,10,7.5,55,65,60,0,1,0.5,,,,57.25,68.5,62.999999999999986
CA,71000,70,1,2002,2002-07-01T00:00:00Z,5,79,0,1,0.5,75,85,80,5,10,7.5,85,95,90,0,1,0.5,,,,85.75,95.5,90.75
CA,71000,71,1,2002,2002-07-01T00:00:00Z,9,51,0,1,0.5,45,55,50,15,25,20,75,85,80,0,1,0.5,,,,78.75,88.75,84.00000000000001
CA,71000,72,1,2002,2002-07-01T00:00:00Z,2,77.5,0,1,0.5,65,75,70,35,45,40,35,45,40,0,1,0.5,,,,57.74999999999999,69.75,64
CA,71000,73,1,2002,2002-07-01T00:00:00Z,2,110,0,1,0.5,95,100,97.5,55,65,60,10,15,12.5,0,1,0.5,,,,59.5,70.25,64.99999999999999
CA,71000,74,1,2002,2002-07-01T00:00:00Z,2,102.5,0,1,0.5,95,100,97.5,15,25,20,5,10,7.5,0,1,0.5,,,,19.25,32.49999999999999,25.99999999999999
CA,71000,75,1,2002,2002-07-01T00:00:00Z,3,87.5,0,1,0.5,85,95,90,10,15,12.5,25,35,30,0,1,0.5,,,,32.49999999999999,44.75,38.75000000000001
CA,71000,76,1,2002,2002-07-01T00:00:00Z,6,54,0,1,0.5,45,55,50,10,15,12.5,75,85,80,0,1,0.5,,,,77.5,87.25,82.5
CA,71000,77,1,2002,2002-07-01T00:00:00Z,6,62.5,0,1,0.5,55,65,60,5,10,7.5,85,95,90,0,1,0.5,,,,85.75,95.5,90.75
CA,71000,78,1,2002,2002-07-01T00:00:00Z,10,44.5,0,1,0.5,35,45,40,10,15,12.5,85,95,90,0,1,0.5,,,,86.5,95.75,91.25
CA,71000,79,1,2002,2002-07-01T00:00:00Z,3,72.5,0,1,0.5,75,85,80,25,35,30,75,85,80,0,1,0.5,,,,81.25,90.25,86.00000000000001
CA,71000,80,1,2002,2002-07-01T00:00:00Z,2,120,0,1,0.5,95,100,97.5,5,10,7.5,55,65,60,0,1,0.5,,,,57.25,68.5,62.999999999999986
CA,71000,81,1,2002,2002-07-01T00:00:00Z,4,82.5,0,1,0.5,75,85,80,10,15,12.5,35,45,40,0,1,0.5,,,,41.49999999999999,53.25,47.5
CA,71000,82,1,2002,2002-07-01T00:00:00Z,4,45,0,1,0.5,35,45,40,10,15,12.5,55,65,60,0,1,0.5,,,,59.5,70.25,64.99999999999999
CA,71000,83,1,2002,2002-07-01T00:00:00Z,5,33.5,0,1,0.5,25,35,30,3,5,4,85,95,90,0,1,0.5,,,,85.45,95.24999999999999,90.4
CA,71000,84,1,2002,2002-07-01T00:00:00Z,4,51.5,0,1,0.5,45,55,50,1,3,2,85,95,90,0,1,0.5,,,,85.14999999999999,95.15,90.2
CA,71000,85,1,2002,2002-07-01T00:00:00Z,6,42.5,0,1,0.5,35,45,40,10,15,12.5,85,95,90,0,1,0.5,,,,86.5,95.75,91.25
CA,71000,86,1,2002,2002-07-01T00:00:00Z,2,82,0,1,0.5,75,85,80,10,15,12.5,75,85,80,0,1,0.5,,,,77.5,87.25,82.5
CA,71000,87,1,2002,2002-07-01T00:00:00Z,4,98.5,0,1,0.5,95,100,97.5,5,10,7.5,75,85,80,0,1,0.5,,,,76.25,86.5,81.5
CA,71000,88,1,2002,2002-07-01T00:00:00Z,3,66,0,1,0.5,65,75,70,3,5,4,85,95,90,0,1,0.5,,,,85.45,95.24999999999999,90.4
CA,71000,89,1,2002,2002-07-01T00:00:00Z,5,69,1,3,2,65,75,70,1,3,2,85,95,90,0,1,0.5,,,,85.14999999999999,95.15,90.2
CA,71000,90,1,2002,2002-07-01T00:00:00Z,4,93,0,1,0.5,85,95,90,5,10,7.5,85,95,90,0,1,0.5,,,,85.75,95.5,90.75
CA,71000,91,1,2002,2002-07-01T00:00:00Z,8,53.5,0,1,0.5,45,55,50,5,10,7.5,85,95,90,0,1,0.5,,,,85.75,95.5,90.75
CA,71000,92,1,2002,2002-07-01T00:00:00Z,8,76.5,1,3,2,65,75,70,10,15,12.5,75,85,80,0,1,0.5,,,,77.5,87.25,82.5
CA,71000,93,1,2002,2002-07-01T00:00:00Z,7,67.5,0,1,0.5,65,75,70,5,10,7.5,75,85,80,0,1,0.5,,,,76.25,86.5,81.5
CA,71000,94,1,2002,2002-07-01T00:00:00Z,6,45.5,0,1,0.5,35,45,40,1,3,2,65,75,70,0,1,0.5,,,,65.35,75.75,70.6
CA,71000,95,1,2002,2002-07-01T00:00:00Z,6,75.5,0,1,0.5,65,75,70,1,3,2,75,85,80,0,1,0.5,,,,75.25,85.45,80.4
CA,71000,96,1,2002,2002-07-01T00:00:00Z,6,84,0,1,0.5,75,85,80,3,5,4,85,95,90,0,1,0.5,,,,85.45,95.24999999999999,90.4
CA,71000,97,1,2002,2002-07-01T00:00:00Z,6,85.5,0,1,0.5,75,85,80,1,3,2,85,95,90,0,1,0.5,,,,85.14999999999999,95.15,90.2
CA,71000,98,1,2002,2002-07-01T00:00:00Z,11,58.5,0,1,0.5,55,65,60,3,5,4,85,95,90,0,1,0.5,,,,85.45,95.24999999999999,90.4
CA,81000,1,1,2002,2002-04-24T00:00:00Z,20,72.5,0,1,0.5,65,75,70,1,3,2,55,65,60,0,1,0.5,,,,55.45,66.05000000000001,60.8
CA,81000,2,1,2002,2002-04-24T00:00:00Z,23,64,1,3,2,55,65,60,5,10,7.5,55,65,60,0,1,0.5,,,,57.25,68.5,62.999999999999986
CA,81000,3,1,2002,2002-04-24T00:00:00Z,22,31.5,0,1,0.5,15,25,20,65,75,70,85,95,90,0,1,0.5,,,,94.75,98.75,97
CA,81000,4,1,2002,2002-04-24T00:00:00Z,18,17,0,1,0.5,10,15,12.5,35,45,40,65,75,70,0,1,0.5,,,,77.25,86.25,82
CA,81000,5,1,2002,2002-04-26T00:00:00Z,23,37,0,1,0.5,25,35,30,35,45,40,85,95,90,0,1,0.5,,,,90.25,97.24999999999999,94
CA,81000,6,1,2002,2002-04-26T00:00:00Z,21,32.5,1,3,2,35,45,40,25,35,30,65,75,70,0,1,0.5,,,,73.75,83.75,79
CA,81000,7,1,2002,2002-05-08T00:00:00Z,16,43.5,0,1,0.5,35,45,40,55,65,60,85,95,90,0,1,0.5,,,,93.25,98.25,96
CA,81000,8,1,2002,2002-05-08T00:00:00Z,17,26.5,1,3,2,25,35,30,15,25,20,35,45,40,0,1,0.5,,,,44.75,58.74999999999999,52
CA,81000,9,1,2002,2002-05-14T00:00:00Z,18,25,1,3,2,25,35,30,45,55,50,75,85,80,0,1,0.5,,,,86.25,93.25,90
CA,81000,10,1,2002,2002-05-14T00:00:00Z,16,28.5,0,1,0.5,15,25,20,65,75,70,65,75,70,0,1,0.5,,,,87.75,93.75,90.99999999999999
CA,81000,11,1,2002,2002-05-14T00:00:00Z,13,30.5,0,1,0.5,25,35,30,5,10,7.5,85,95,90,0,1,0.5,,,,85.75,95.5,90.75
CA,81000,12,1,2002,2002-05-14T00:00:00Z,18,20.5,1,3,2,15,25,20,5,10,7.5,85,95,90,0,1,0.5,,,,85.75,95.5,90.75
CA,81000,13,1,2002,2002-05-15T00:00:00Z,14,40,1,3,2,35,45,40,10,15,12.5,85,95,90,0,1,0.5,,,,86.5,95.75,91.25
CA,81000,14,1,2002,2002-05-15T00:00:00Z,10,18.5,0,1,0.5,10,15,12.5,35,45,40,55,65,60,0,1,0.5,,,,70.75,80.75,76
CA,81000,15,1,2002,2002-04-24T00:00:00Z,20,63,0,1,0.5,55,65,60,25,35,30,75,85,80,0,1,0.5,,,,81.25,90.25,86.00000000000001
CA,81000,16,1,2002,2002-04-24T00:00:00Z,23,42,1,3,2,25,35,30,10,15,12.5,45,55,50,0,1,0.5,,,,50.499999999999986,61.75000000000001,56.25
CA,81000,17,1,2002,2002-04-24T00:00:00Z,18,48.5,1,3,2,35,45,40,35,45,40,55,65,60,0,1,0.5,,,,70.75,80.75,76
CA,81000,18,1,2002,2002-04-24T00:00:00Z,22,41.5,0,1,0.5,25,35,30,3,5,4,85,95,90,0,1,0.5,,,,85.45,95.24999999999999,90.4
CA,81000,19,1,2002,2002-04-26T00:00:00Z,24,74.5,1,3,2,45,55,50,5,10,7.5,65,75,70,0,1,0.5,,,,66.75,77.5,72.24999999999999
CA,81000,20,1,2002,2002-04-26T00:00:00Z,20,23,3,5,4,10,15,12.5,5,10,7.5,85,95,90,0,1,0.5,,,,85.75,95.5,90.75
CA,81000,21,1,2002,2002-05-08T00:00:00Z,22,20.5,0,1,0.5,15,25,20,25,35,30,85,95,90,0,1,0.5,,,,88.75,96.75,93
CA,81000,22,1,2002,2002-05-08T00:00:00Z,16,17,0,1,0.5,10,15,12.5,45,55,50,45,55,50,0,1,0.5,,,,69.75,79.75000000000001,75
CA,81000,23,1,2002,2002-05-14T00:00:00Z,18,28,1,3,2,25,35,30,45,55,50,55,65,60,0,1,0.5,,,,75.25,84.25,80
CA,81000,24,1,2002,2002-05-14T00:00:00Z,18,22.5,1,3,2,25,35,30,15,25,20,65,75,70,0,1,0.5,,,,70.25,81.25,76
CA,81000,25,1,2002,2002-05-14T00:00:00Z,16,16,0,1,0.5,5,10,7.5,25,35,30,75,85,80,0,1,0.5,,,,81.25,90.25,86.00000000000001
CA,81000,26,1,2002,2002-05-14T00:00:00Z,21,27,0,1,0.5,25,35,30,5,10,7.5,85,95,90,0,1,0.5,,,,85.75,95.5,90.75
CA,81000,27,1,2002,2002-05-15T00:00:00Z,19,56,0,1,0.5,45,55,50,3,5,4,75,85,80,0,1,0.5,,,,75.75,85.75,80.80000000000001
CA,81000,28,1,2002,2002-05-15T00:00:00Z,15,39,0,1,0.5,35,45,40,5,10,7.5,85,95,90,0,1,0.5,,,,85.75,95.5,90.75
CA,81000,29,1,2002,2002-04-24T00:00:00Z,21,29,1,3,2,10,15,12.5,65,75,70,75,85,80,0,1,0.5,,,,91.25,96.25,94
CA,81000,30,1,2002,2002-04-24T00:00:00Z,23,29,1,3,2,25,35,30,35,45,40,75,85,80,0,1,0.5,,,,83.75,91.75,88
CA,81000,31,1,2002,2002-04-24T00:00:00Z,21,54.5,0,1,0.5,55,65,60,15,25,20,45,55,50,0,1,0.5,,,,53.25,66.25000000000001,60
CA,81000,32,1,2002,2002-04-24T00:00:00Z,13,16,0,1,0.5,10,15,12.5,25,35,30,75,85,80,0,1,0.5,,,,81.25,90.25,86.00000000000001
CA,81000,33,1,2002,2002-04-26T00:00:00Z,15,18.5,0,1,0.5,15,25,20,35,45,40,75,85,80,0,1,0.5,,,,83.75,91.75,88
CA,81000,34,1,2002,2002-04-26T00:00:00Z,18,30.5,0,1,0.5,35,45,40,25,35,30,85,95,90,0,1,0.5,,,,88.75,96.75,93
CA,81000,35,1,2002,2002-05-08T00:00:00Z,17,18.5,0,1,0.5,10,15,12.5,55,65,60,75,85,80,0,1,0.5,,,,88.75,94.75,92
CA,81000,36,1,2002,2002-05-08T00:00:00Z,18,18.5,0,1,0.5,10,15,12.5,25,35,30,85,95,90,0,1,0.5,,,,88.75,96.75,93
CA,81000,37,1,2002,2002-05-14T00:00:00Z,15,22.5,1,3,2,10,15,12.5,3,5,4,85,95,90,0,1,0.5,,,,85.45,95.24999999999999,90.4
CA,81000,38,1,2002,2002-05-14T00:00:00Z,13,14,0,1,0.5,5,10,7.5,5,10,7.5,85,95,90,0,1,0.5,,,,85.75,95.5,90.75
CA,81000,39,1,2002,2002-05-14T00:00:00Z,10,9.5,0,1,0.5,5,10,7.5,25,35,30,75,85,80,0,1,0.5,,,,81.25,90.25,86.00000000000001
CA,81000,40,1,2002,2002-05-14T00:00:00Z,11,8.5,0,1,0.5,3,5,4,55,65,60,75,85,80,0,1,0.5,,,,88.75,94.75,92
CA,81000,41,1,2002,2002-05-15T00:00:00Z,13,13.5,0,1,0.5,10,15,12.5,15,25,20,85,95,90,0,1,0.5,,,,87.25,96.24999999999999,92
CA,81000,42,1,2002,2002-05-15T00:00:00Z,14,26.5,0,1,0.5,25,35,30,15,25,20,75,85,80,0,1,0.5,,,,78.75,88.75,84.00000000000001
CA,81000,43,1,2002,2002-04-23T00:00:00Z,22,31,0,1,0.5,35,45,40,15,25,20,85,95,90,0,1,0.5,,,,87.25,96.24999999999999,92
CA,81000,44,1,2002,2002-04-23T00:00:00Z,19,19,0,1,0.5,10,15,12.5,15,25,20,85,95,90,0,1,0.5,,,,87.25,96.24999999999999,92
CA,81000,45,1,2002,2002-04-24T00:00:00Z,21,46,1,3,2,35,45,40,65,75,70,25,35,30,0,1,0.5,,,,73.75,83.75,79
CA,81000,46,1,2002,2002-04-24T00:00:00Z,18,19,0,1,0.5,15,25,20,75,85,80,45,55,50,0,1,0.5,,,,86.25,93.25,90
CA,81000,47,1,2002,2002-04-26T00:00:00Z,15,18.5,1,3,2,10,15,12.5,65,75,70,65,75,70,0,1,0.5,,,,87.75,93.75,90.99999999999999
CA,81000,48,1,2002,2002-04-26T00:00:00Z,18,27.5,0,1,0.5,25,35,30,35,45,40,75,85,80,0,1,0.5,,,,83.75,91.75,88
CA,81000,49,1,2002,2002-05-08T00:00:00Z,15,20.5,0,1,0.5,15,25,20,75,85,80,55,65,60,0,1,0.5,,,,88.75,94.75,92
CA,81000,50,1,2002,2002-05-08T00:00:00Z,15,30,0,1,0.5,25,35,30,65,75,70,75,85,80,0,1,0.5,,,,91.25,96.25,94
CA,81000,51,1,2002,2002-05-14T00:00:00Z,16,21,1,3,2,15,25,20,15,25,20,75,85,80,0,1,0.5,,,,78.75,88.75,84.00000000000001
CA,81000,52,1,2002,2002-05-14T00:00:00Z,17,19.5,0,1,0.5,10,15,12.5,1,3,2,85,95,90,0,1,0.5,,,,85.14999999999999,95.15,90.2
CA,81000,53,1,2002,2002-05-14T00:00:00Z,17,31,0,1,0.5,15,25,20,25,35,30,65,75,70,0,1,0.5,,,,73.75,83.75,79
CA,81000,54,1,2002,2002-05-14T00:00:00Z,19,45.5,0,1,0.5,35,45,40,25,35,30,75,85,80,0,1,0.5,,,,81.25,90.25,86.00000000000001
CA,81000,55,1,2002,2002-05-15T00:00:00Z,18,36.5,0,1,0.5,35,45,40,10,15,12.5,85,95,90,0,1,0.5,,,,86.5,95.75,91.25
CA,81000,56,1,2002,2002-05-15T00:00:00Z,14,24,0,1,0.5,15,25,20,55,65,60,65,75,70,0,1,0.5,,,,84.25,91.25,88
CA,81000,57,1,2002,2002-04-23T00:00:00Z,17,55.5,1,3,2,45,55,50,1,3,2,85,95,90,0,1,0.5,,,,85.14999999999999,95.15,90.2
CA,81000,58,1,2002,2002-04-23T00:00:00Z,21,23.5,1,3,2,15,25,20,5,10,7.5,85,95,90,0,1,0.5,,,,85.75,95.5,90.75
CA,81000,59,1,2002,2002-04-24T00:00:00Z,28,29,1,3,2,15,25,20,10,15,12.5,75,85,80,0,1,0.5,,,,77.5,87.25,82.5
CA,81000,60,1,2002,2002-04-24T00:00:00Z,21,20.5,3,5,4,10,15,12.5,45,55,50,35,45,40,0,1,0.5,,,,64.25,75.25,70
CA,81000,61,1,2002,2002-04-26T00:00:00Z,19,15.5,1,3,2,5,10,7.5,35,45,40,85,95,90,0,1,0.5,,,,90.25,97.24999999999999,94
CA,81000,62,1,2002,2002-04-26T00:00:00Z,15,22.5,0,1,0.5,10,15,12.5,65,75,70,65,75,70,0,1,0.5,,,,87.75,93.75,90.99999999999999
CA,81000,63,1,2002,2002-05-08T00:00:00Z,21,17,0,1,0.5,10,15,12.5,85,95,90,55,65,60,0,1,0.5,,,,93.25,98.25,96
CA,81000,64,1,2002,2002-05-08T00:00:00Z,14,59.5,0,1,0.5,45,55,50,75,85,80,65,75,70,0,1,0.5,,,,91.25,96.25,94
CA,81000,65,1,2002,2002-05-14T00:00:00Z,12,19.5,0,1,0.5,15,25,20,55,65,60,85,95,90,0,1,0.5,,,,93.25,98.25,96
CA,81000,66,1,2002,2002-05-14T00:00:00Z,16,20.5,0,1,0.5,15,25,20,15,25,20,85,95,90,0,1,0.5,,,,87.25,96.24999999999999,92
CA,81000,67,1,2002,2002-05-14T00:00:00Z,15,29.5,1,3,2,15,25,20,35,45,40,55,65,60,0,1,0.5,,,,70.75,80.75,76
CA,81000,68,1,2002,2002-05-14T00:00:00Z,16,38,0,1,0.5,35,45,40,55,65,60,35,45,40,0,1,0.5,,,,70.75,80.75,76
CA,81000,69,1,2002,2002-05-15T00:00:00Z,22,54,1,3,2,45,55,50,5,10,7.5,55,65,60,0,1,0.5,,,,57.25,68.5,62.999999999999986
CA,81000,70,1,2002,2002-05-15T00:00:00Z,14,58,0,1,0.5,45,55,50,5,10,7.5,65,75,70,0,1,0.5,,,,66.75,77.5,72.24999999999999
CA,81000,71,1,2002,2002-04-23T00:00:00Z,15,37,0,1,0.5,25,35,30,15,25,20,85,95,90,0,1,0.5,,,,87.25,96.24999999999999,92
CA,81000,72,1,2002,2002-04-23T00:00:00Z,21,24,1,3,2,10,15,12.5,3,5,4,85,95,90,0,1,0.5,,,,85.45,95.24999999999999,90.4
CA,81000,73,1,2002,2002-04-24T00:00:00Z,23,21,0,1,0.5,15,25,20,15,25,20,85,95,90,0,1,0.5,,,,87.25,96.24999999999999,92
CA,81000,74,1,2002,2002-04-24T00:00:00Z,17,33,0,1,0.5,15,25,20,25,35,30,85,95,90,0,1,0.5,,,,88.75,96.75,93
CA,81000,75,1,2002,2002-04-26T00:00:00Z,18,53,1,3,2,45,55,50,5,10,7.5,75,85,80,0,1,0.5,,,,76.25,86.5,81.5
CA,81000,76,1,2002,2002-04-26T00:00:00Z,18,23.5,0,1,0.5,15,25,20,45,55,50,45,55,50,0,1,0.5,,,,69.75,79.75000000000001,75
CA,81000,77,1,2002,2002-05-08T00:00:00Z,20,21.5,1,3,2,15,25,20,45,55,50,15,25,20,0,1,0.5,,,,53.25,66.25000000000001,60
CA,81000,78,1,2002,2002-05-08T00:00:00Z,19,38.5,1,3,2,35,45,40,25,35,30,75,85,80,0,1,0.5,,,,81.25,90.25,86.00000000000001
CA,81000,79,1,2002,2002-05-14T00:00:00Z,19,48.5,0,1,0.5,45,55,50,25,35,30,65,75,70,0,1,0.5,,,,73.75,83.75,79
CA,81000,80,1,2002,2002-05-14T00:00:00Z,19,47.5,1,3,2,45,55,50,5,10,7.5,65,75,70,0,1,0.5,,,,66.75,77.5,72.24999999999999
CA,81000,81,1,2002,2002-05-14T00:00:00Z,14,18,0,1,0.5,15,25,20,3,5,4,85,95,90,0,1,0.5,,,,85.45,95.24999999999999,90.4
CA,81000,82,1,2002,2002-05-14T00:00:00Z,14,13.5,0,1,0.5,10,15,12.5,15,25,20,75,85,80,0,1,0.5,,,,78.75,88.75,84.00000000000001
CA,81000,83,1,2002,2002-05-15T00:00:00Z,17,32,1,3,2,25,35,30,15,25,20,65,75,70,0,1,0.5,,,,70.25,81.25,76
CA,81000,84,1,2002,2002-05-15T00:00:00Z,17,80,1,3,2,65,75,70,5,10,7.5,65,75,70,0,1,0.5,,,,66.75,77.5,72.24999999999999
CA,81000,85,1,2002,2002-04-23T00:00:00Z,23,36,0,1,0.5,15,25,20,3,5,4,85,95,90,0,1,0.5,,,,85.45,95.24999999999999,90.4
CA,81000,86,1,2002,2002-04-23T00:00:00Z,23,26.5,1,3,2,15,25,20,5,10,7.5,75,85,80,0,1,0.5,,,,76.25,86.5,81.5
CA,81000,87,1,2002,2002-04-24T00:00:00Z,19,23,0,1,0.5,15,25,20,35,45,40,85,95,90,0,1,0.5,,,,90.25,97.24999999999999,94
CA,81000,88,1,2002,2002-04-24T00:00:00Z,17,81.5,0,1,0.5,55,65,60,15,25,20,75,85,80,0,1,0.5,,,,78.75,88.75,84.00000000000001
CA,81000,89,1,2002,2002-04-26T00:00:00Z,20,63,1,3,2,55,65,60,5,10,7.5,25,35,30,0,1,0.5,,,,28.750000000000007,41.49999999999999,35.25
CA,81000,90,1,2002,2002-04-26T00:00:00Z,19,59,1,3,2,65,75,70,15,25,20,25,35,30,0,1,0.5,,,,36.25000000000001,51.24999999999999,44.00000000000001
CA,81000,91,1,2002,2002-05-08T00:00:00Z,21,37.5,1,3,2,35,45,40,1,3,2,15,25,20,0,1,0.5,,,,15.849999999999998,27.249999999999996,21.599999999999998
CA,81000,92,1,2002,2002-05-08T00:00:00Z,20,25,0,1,0.5,25,35,30,5,10,7.5,65,75,70,0,1,0.5,,,,66.75,77.5,72.24999999999999
CA,81000,93,1,2002,2002-05-14T00:00:00Z,19,32.5,0,1,0.5,25,35,30,3,5,4,65,75,70,0,1,0.5,,,,66.05000000000001,76.25,71.2
CA,81000,94,1,2002,2002-05-14T00:00:00Z,19,47.5,0,1,0.5,45,55,50,5,10,7.5,75,85,80,0,1,0.5,,,,76.25,86.5,81.5
CA,81000,95,1,2002,2002-05-14T00:00:00Z,15,34.5,0,1,0.5,25,35,30,15,25,20,65,75,70,0,1,0.5,,,,70.25,81.25,76
CA,81000,96,1,2002,2002-05-14T00:00:00Z,18,27.5,0,1,0.5,15,25,20,10,15,12.5,85,95,90,0,1,0.5,,,,86.5,95.75,91.25
CA,81000,97,1,2002,2002-05-15T00:00:00Z,15,24.5,1,3,2,15,25,20,10,15,12.5,75,85,80,0,1,0.5,,,,77.5,87.25,82.5
CA,81000,98,1,2002,2002-05-15T00:00:00Z,14,37.5,0,1,0.5,35,45,40,15,25,20,75,85,80,0,1,0.5,,,,78.75,88.75,84.00000000000001
CA,91000,1,1,2003,2003-07-29T00:00:00Z,7,77.5,65,75,70,75,85,80,,,,35,45,40,,,,,,,,,
CA,91000,2,1,2003,2003-07-29T00:00:00Z,9,87,1,3,2,85,95,90,,,,45,55,50,,,,,,,,,
CA,91000,3,1,2003,2003-07-29T00:00:00Z,4,83,1,3,2,85,95,90,,,,45,55,50,,,,,,,,,
CA,91000,4,1,2003,2003-07-29T00:00:00Z,5,92,1,3,2,85,95,90,,,,85,95,90,,,,,,,,,
CA,91000,5,1,2003,2003-07-29T00:00:00Z,5,82,3,5,4,75,85,80,,,,75,85,80,,,,,,,,,
CA,91000,6,1,2003,2003-07-29T00:00:00Z,3,41,1,3,2,35,45,40,,,,85,95,90,,,,,,,,,
CA,91000,7,1,2003,2003-07-29T00:00:00Z,3,31,0,1,0.5,25,35,30,,,,85,95,90,,,,,,,,,
CA,91000,8,1,2003,2003-07-29T00:00:00Z,5,92,1,3,2,85,95,90,,,,65,75,70,,,,,,,,,
CA,91000,9,1,2003,2003-07-29T00:00:00Z,7,66.5,3,5,4,55,65,60,,,,85,95,90,,,,,,,,,
CA,91000,10,1,2003,2003-07-29T00:00:00Z,10,84.5,1,3,2,75,85,80,,,,75,85,80,,,,,,,,,
CA,91000,11,1,2003,2003-07-29T00:00:00Z,12,48.5,1,3,2,45,55,50,,,,65,75,70,,,,,,,,,
CA,91000,12,1,2003,2003-07-29T00:00:00Z,17,20,3,5,4,15,25,20,,,,85,95,90,,,,,,,,,
CA,91000,13,1,2003,2003-07-29T00:00:00Z,12,28.5,1,3,2,25,35,30,,,,85,95,90,,,,,,,,,
CA,91000,14,1,2003,2003-07-29T00:00:00Z,16,70.5,1,3,2,65,75,70,,,,75,85,80,,,,,,,,,
CA,91000,15,1,2003,2003-07-29T00:00:00Z,8,88.5,25,35,30,85,95,90,,,,65,75,70,,,,,,,,,
CA,91000,16,1,2003,2003-07-29T00:00:00Z,7,93,1,3,2,85,95,90,,,,55,65,60,,,,,,,,,
CA,91000,17,1,2003,2003-07-29T00:00:00Z,6,42.5,0,1,0.5,45,55,50,,,,85,95,90,,,,,,,,,
CA,91000,18,1,2003,2003-07-29T00:00:00Z,9,94,1,3,2,85,95,90,,,,75,85,80,,,,,,,,,
CA,91000,19,1,2003,2003-07-29T00:00:00Z,4,71.5,1,3,2,65,75,70,,,,75,85,80,,,,,,,,,
CA,91000,20,1,2003,2003-07-29T00:00:00Z,5,32,0,1,0.5,35,45,40,,,,75,85,80,,,,,,,,,
CA,91000,21,1,2003,2003-07-29T00:00:00Z,7,70,0,1,0.5,65,75,70,,,,75,85,80,,,,,,,,,
CA,91000,22,1,2003,2003-07-29T00:00:00Z,9,74,1,3,2,65,75,70,,,,75,85,80,,,,,,,,,
CA,91000,23,1,2003,2003-07-29T00:00:00Z,8,55,1,3,2,55,65,60,,,,85,95,90,,,,,,,,,
CA,91000,24,1,2003,2003-07-29T00:00:00Z,12,77,1,3,2,65,75,70,,,,75,85,80,,,,,,,,,
CA,91000,25,1,2003,2003-07-29T00:00:00Z,12,98.5,1,3,2,85,95,90,,,,75,85,80,,,,,,,,,
CA,91000,26,1,2003,2003-07-29T00:00:00Z,18,66,1,3,2,65,75,70,,,,75,85,80,,,,,,,,,
CA,91000,27,1,2003,2003-07-29T00:00:00Z,9,95.5,1,3,2,85,95,90,,,,75,85,80,,,,,,,,,
CA,91000,28,1,2003,2003-07-29T00:00:00Z,10,86,1,3,2,75,85,80,,,,75,85,80,,,,,,,,,
CA,91000,29,1,2003,2003-07-29T00:00:00Z,5,83.5,1,3,2,85,95,90,,,,65,75,70,,,,,,,,,
CA,91000,30,1,2003,2003-07-29T00:00:00Z,6,72.5,0,1,0.5,65,75,70,,,,75,85,80,,,,,,,,,
CA,91000,31,1,2003,2003-07-29T00:00:00Z,6,24,1,3,2,25,35,30,,,,75,85,80,,,,,,,,,
CA,91000,32,1,2003,2003-07-29T00:00:00Z,7,46,1,3,2,35,45,40,,,,75,85,80,,,,,,,,,
CA,91000,33,1,2003,2003-07-29T00:00:00Z,7,54.5,1,3,2,55,65,60,,,,75,85,80,,,,,,,,,
CA,91000,34,1,2003,2003-07-29T00:00:00Z,6,42.5,10,15,12.5,35,45,40,,,,45,55,50,,,,,,,,,
CA,91000,35,1,2003,2003-07-29T00:00:00Z,7,76.5,5,10,7.5,65,75,70,,,,65,75,70,,,,,,,,,
CA,91000,36,1,2003,2003-07-29T00:00:00Z,12,88,5,10,7.5,75,85,80,,,,65,75,70,,,,,,,,,
CA,91000,37,1,2003,2003-07-29T00:00:00Z,6,94,3,5,4,95,100,97.5,,,,65,75,70,,,,,,,,,
CA,91000,38,1,2003,2003-07-29T00:00:00Z,10,76,0,1,0.5,65,75,70,,,,65,75,70,,,,,,,,,
CA,91000,39,1,2003,2003-07-29T00:00:00Z,20,76,1,3,2,85,95,90,,,,65,75,70,,,,,,,,,
CA,91000,40,1,2003,2003-07-29T00:00:00Z,14,62,1,3,2,55,65,60,,,,55,65,60,,,,,,,,,
CA,91000,41,1,2003,2003-07-29T00:00:00Z,11,62.5,1,3,2,75,85,80,,,,65,75,70,,,,,,,,,
CA,91000,42,1,2003,2003-07-29T00:00:00Z,17,69,0,1,0.5,75,85,80,,,,85,95,90,,,,,,,,,
CA,91000,43,1,2003,2003-07-29T00:00:00Z,5,45,1,3,2,45,55,50,,,,85,95,90,,,,,,,,,
CA,91000,44,1,2003,2003-07-29T00:00:00Z,8,56.5,1,3,2,65,75,70,,,,75,85,80,,,,,,,,,
CA,91000,45,1,2003,2003-07-29T00:00:00Z,7,85.5,15,25,20,85,95,90,,,,65,75,70,,,,,,,,,
CA,91000,46,1,2003,2003-07-29T00:00:00Z,8,88,3,5,4,85,95,90,,,,75,85,80,,,,,,,,,
CA,91000,47,1,2003,2003-07-29T00:00:00Z,7,58,1,3,2,55,65,60,,,,75,85,80,,,,,,,,,
CA,91000,48,1,2003,2003-07-29T00:00:00Z,8,73,1,3,2,65,75,70,,,,65,75,70,,,,,,,,,
CA,91000,49,1,2003,2003-07-29T00:00:00Z,9,89,10,15,12.5,75,85,80,,,,65,75,70,,,,,,,,,
CA,91000,50,1,2003,2003-07-29T00:00:00Z,12,64,1,3,2,65,75,70,,,,85,95,90,,,,,,,,,
CA,91000,51,1,2003,2003-07-29T00:00:00Z,10,71,0,1,0.5,75,85,80,,,,75,85,80,,,,,,,,,
CA,91000,52,1,2003,2003-07-29T00:00:00Z,10,59.5,0,1,0.5,55,65,60,,,,55,65,60,,,,,,,,,
CA,91000,53,1,2003,2003-07-29T00:00:00Z,15,90,1,3,2,75,85,80,,,,75,85,80,,,,,,,,,
CA,91000,54,1,2003,2003-07-29T00:00:00Z,14,62.5,1,3,2,35,45,40,,,,65,75,70,,,,,,,,,
CA,91000,55,1,2003,2003-07-29T00:00:00Z,25,47,1,3,2,55,65,60,,,,65,75,70,,,,,,,,,
CA,91000,56,1,2003,2003-07-29T00:00:00Z,21,58.5,0,1,0.5,45,55,50,,,,85,95,90,,,,,,,,,
CA,91000,57,1,2003,2003-07-29T00:00:00Z,4,93.5,1,3,2,85,95,90,,,,65,75,70,,,,,,,,,
CA,91000,58,1,2003,2003-07-29T00:00:00Z,11,57,1,3,2,55,65,60,,,,85,95,90,,,,,,,,,
CA,91000,59,1,2003,2003-07-29T00:00:00Z,8,74.5,35,45,40,65,75,70,,,,65,75,70,,,,,,,,,
CA,91000,60,1,2003,2003-07-29T00:00:00Z,9,104.5,65,75,70,85,95,90,,,,75,85,80,,,,,,,,,
CA,91000,61,1,2003,2003-07-29T00:00:00Z,9,77,0,1,0.5,65,75,70,,,,75,85,80,,,,,,,,,
CA,91000,62,1,2003,2003-07-29T00:00:00Z,9,49,0,1,0.5,35,45,40,,,,55,65,60,,,,,,,,,
CA,91000,63,1,2003,2003-07-29T00:00:00Z,6,54.5,5,10,7.5,35,45,40,,,,65,75,70,,,,,,,,,
CA,91000,64,1,2003,2003-07-29T00:00:00Z,12,65,1,3,2,45,55,50,,,,85,95,90,,,,,,,,,
CA,91000,65,1,2003,2003-07-29T00:00:00Z,9,67.5,0,1,0.5,75,85,80,,,,75,85,80,,,,,,,,,
CA,91000,66,1,2003,2003-07-29T00:00:00Z,11,71.5,1,3,2,65,75,70,,,,65,75,70,,,,,,,,,
CA,91000,67,1,2003,2003-07-29T00:00:00Z,14,75,1,3,2,75,85,80,,,,75,85,80,,,,,,,,,
CA,91000,68,1,2003,2003-07-29T00:00:00Z,16,51,1,3,2,55,65,60,,,,75,85,80,,,,,,,,,
CA,91000,69,1,2003,2003-07-29T00:00:00Z,14,58,0,1,0.5,75,85,80,,,,75,85,80,,,,,,,,,
CA,91000,70,1,2003,2003-07-29T00:00:00Z,22,35.5,0,1,0.5,35,45,40,,,,75,85,80,,,,,,,,,
CA,91000,71,1,2003,2003-07-29T00:00:00Z,8,17.5,0,1,0.5,15,25,20,,,,85,95,90,,,,,,,,,
CA,91000,72,1,2003,2003-07-29T00:00:00Z,10,46,1,3,2,45,55,50,,,,85,95,90,,,,,,,,,
CA,91000,73,1,2003,2003-07-29T00:00:00Z,6,36,1,3,2,45,55,50,,,,95,100,97.5,,,,,,,,,
CA,91000,74,1,2003,2003-07-29T00:00:00Z,7,77,5,10,7.5,65,75,70,,,,75,85,80,,,,,,,,,
CA,91000,75,1,2003,2003-07-29T00:00:00Z,6,73.5,0,1,0.5,65,75,70,,,,85,95,90,,,,,,,,,
CA,91000,76,1,2003,2003-07-29T00:00:00Z,7,79.5,0,1,0.5,55,65,60,,,,55,65,60,,,,,,,,,
CA,91000,77,1,2003,2003-07-29T00:00:00Z,11,111.5,0,1,0.5,85,95,90,,,,65,75,70,,,,,,,,,
CA,91000,78,1,2003,2003-07-29T00:00:00Z,16,73.5,0,1,0.5,75,85,80,,,,75,85,80,,,,,,,,,
CA,91000,79,1,2003,2003-07-29T00:00:00Z,12,49,0,1,0.5,55,65,60,,,,85,95,90,,,,,,,,,
CA,91000,80,1,2003,2003-07-29T00:00:00Z,13,61.5,0,1,0.5,55,65,60,,,,65,75,70,,,,,,,,,
CA,91000,81,1,2003,2003-07-29T00:00:00Z,15,70,1,3,2,55,65,60,,,,75,85,80,,,,,,,,,
CA,91000,82,1,2003,2003-07-29T00:00:00Z,17,54.5,1,3,2,55,65,60,,,,75,85,80,,,,,,,,,
CA,91000,83,1,2003,2003-07-29T00:00:00Z,17,80,0,1,0.5,75,85,80,,,,75,85,80,,,,,,,,,
CA,91000,84,1,2003,2003-07-29T00:00:00Z,11,58,0,1,0.5,45,55,50,,,,85,95,90,,,,,,,,,
CA,91000,85,1,2003,2003-07-29T00:00:00Z,22,68,1,3,2,65,75,70,,,,85,95,90,,,,,,,,,
CA,91000,86,1,2003,2003-07-29T00:00:00Z,21,62,1,3,2,65,75,70,,,,75,85,80,,,,,,,,,
CA,91000,87,1,2003,2003-07-29T00:00:00Z,16,42.5,0,1,0.5,45,55,50,,,,75,85,80,,,,,,,,,
CA,91000,88,1,2003,2003-07-29T00:00:00Z,21,55.5,0,1,0.5,45,55,50,,,,85,95,90,,,,,,,,,
CA,91000,89,1,2003,2003-07-29T00:00:00Z,11,38.5,0,1,0.5,35,45,40,,,,95,100,97.5,,,,,,,,,
CA,91000,90,1,2003,2003-07-29T00:00:00Z,8,43,0,1,0.5,25,35,30,,,,75,85,80,,,,,,,,,
CA,91000,91,1,2003,2003-07-29T00:00:00Z,10,58.5,0,1,0.5,35,45,40,,,,65,75,70,,,,,,,,,
CA,91000,92,1,2003,2003-07-29T00:00:00Z,21,57,0,1,0.5,45,55,50,,,,75,85,80,,,,,,,,,
CA,91000,93,1,2003,2003-07-29T00:00:00Z,23,50.5,0,1,0.5,45,55,50,,,,85,95,90,,,,,,,,,
CA,91000,94,1,2003,2003-07-29T00:00:00Z,12,63,0,1,0.5,45,55,50,,,,75,85,80,,,,,,,,,
CA,91000,95,1,2003,2003-07-29T00:00:00Z,19,72,1,3,2,55,65,60,,,,75,85,80,,,,,,,,,
CA,91000,96,1,2003,2003-07-29T00:00:00Z,16,37,0,1,0.5,35,45,40,,,,75,85,80,,,,,,,,,
CA,91000,97,1,2003,2003-07-29T00:00:00Z,15,19.5,0,1,0.5,15,25,20,,,,85,95,90,,,,,,,,,
CA,91000,98,1,2003,2003-07-29T00:00:00Z,16,30,0,1,0.5,25,35,30,,,,85,95,90,,,,,,,,,
CA,101000,1,1,2004,2004-05-19T00:00:00Z,17,91,0,1,0.5,85,95,90,65,75,70,75,85,80,,,,,,,91.25,96.25,94
CA,101000,2,1,2004,2004-05-19T00:00:00Z,14,88,0,1,0.5,85,95,90,65,75,70,95,100,97.5,,,,,,,98.25,100,99.25
CA,101000,3,1,2004,2004-05-19T00:00:00Z,12,92.5,0,1,0.5,75,85,80,65,75,70,75,85,80,,,,,,,91.25,96.25,94
CA,101000,4,1,2004,2004-05-19T00:00:00Z,11,88,0,1,0.5,85,95,90,85,95,90,65,75,70,,,,,,,94.75,98.75,97
CA,101000,5,1,2004,2004-05-19T00:00:00Z,10,89.5,0,1,0.5,85,95,90,85,95,90,75,85,80,,,,,,,96.25,99.25,98
CA,101000,6,1,2004,2004-05-19T00:00:00Z,9,87,0,1,0.5,85,95,90,65,75,70,75,85,80,,,,,,,91.25,96.25,94
CA,101000,7,1,2004,2004-05-19T00:00:00Z,13,80.5,0,1,0.5,75,85,80,15,25,20,95,100,97.5,,,,,,,95.75,100,98
CA,101000,8,1,2004,2004-05-19T00:00:00Z,15,47.5,0,1,0.5,45,55,50,10,15,12.5,95,100,97.5,,,,,,,95.5,100,97.8125
CA,101000,9,1,2004,2004-05-19T00:00:00Z,16,86.5,0,1,0.5,75,85,80,0,1,0.5,95,100,97.5,,,,,,,95,100,97.5125
CA,101000,10,1,2004,2004-05-19T00:00:00Z,13,120,0,1,0.5,95,100,97.5,0,1,0.5,95,100,97.5,,,,,,,95,100,97.5125
CA,101000,11,1,2004,2004-05-19T00:00:00Z,15,140.5,0,1,0.5,95,100,97.5,0,1,0.5,65,75,70,,,,,,,65,75.25,70.15
CA,101000,12,1,2004,2004-05-19T00:00:00Z,13,117,0,1,0.5,95,100,97.5,0,1,0.5,95,100,97.5,,,,,,,95,100,97.5125
CA,101000,13,1,2004,2004-05-19T00:00:00Z,11,120.5,0,1,0.5,95,100,97.5,0,1,0.5,95,100,97.5,,,,,,,95,100,97.5125
CA,101000,14,1,2004,2004-05-19T00:00:00Z,10,136,0,1,0.5,95,100,97.5,1,3,2,95,100,97.5,,,,,,,95.04999999999998,100,97.55
CA,101000,15,1,2004,2004-05-19T00:00:00Z,13,76,0,1,0.5,65,75,70,75,85,80,25,35,30,,,,,,,81.25,90.25,86.00000000000001
CA,101000,16,1,2004,2004-05-19T00:00:00Z,11,65,0,1,0.5,55,65,60,65,75,70,65,75,70,,,,,,,87.75,93.75,90.99999999999999
CA,101000,17,1,2004,2004-05-19T00:00:00Z,9,64,0,1,0.5,55,65,60,55,65,60,65,75,70,,,,,,,84.25,91.25,88
CA,101000,18,1,2004,2004-05-19T00:00:00Z,7,102,0,1,0.5,95,100,97.5,75,85,80,55,65,60,,,,,,,88.75,94.75,92
CA,101000,19,1,2004,2004-05-19T00:00:00Z,9,81,0,1,0.5,65,75,70,25,35,30,85,95,90,,,,,,,88.75,96.75,93
CA,101000,20,1,2004,2004-05-19T00:00:00Z,7,105.5,0,1,0.5,95,100,97.5,95,100,97.5,15,25,20,,,,,,,95.75,100,98
CA,101000,21,1,2004,2004-05-19T00:00:00Z,11,90,0,1,0.5,75,85,80,15,25,20,85,95,90,,,,,,,87.25,96.24999999999999,92
CA,101000,22,1,2004,2004-05-19T00:00:00Z,10,61.5,0,1,0.5,55,65,60,1,3,2,85,95,90,,,,,,,85.14999999999999,95.15,90.2
CA,101000,23,1,2004,2004-05-19T00:00:00Z,13,118.5,0,1,0.5,95,100,97.5,0,1,0.5,95,100,97.5,,,,,,,95,100,97.5125
CA,101000,24,1,2004,2004-05-19T00:00:00Z,14,138.5,0,1,0.5,95,100,97.5,0,1,0.5,95,100,97.5,,,,,,,95,100,97.5125
CA,101000,25,1,2004,2004-05-19T00:00:00Z,14,149.5,0,1,0.5,95,100,97.5,0,1,0.5,85,95,90,,,,,,,85,95.04999999999998,90.05000000000001
CA,101000,26,1,2004,2004-05-19T00:00:00Z,13,117,0,1,0.5,95,100,97.5,0,1,0.5,95,100,97.5,,,,,,,95,100,97.5125
CA,101000,27,1,2004,2004-05-19T00:00:00Z,14,122,0,1,0.5,95,100,97.5,0,1,0.5,95,100,97.5,,,,,,,95,100,97.5125
CA,101000,28,1,2004,2004-05-19T00:00:00Z,15,119,0,1,0.5,95,100,97.5,0,1,0.5,55,65,60,,,,,,,55.00000000000001,65.35,60.199999999999996
CA,101000,29,1,2004,2004-05-19T00:00:00Z,11,104,0,1,0.5,95,100,97.5,55,65,60,75,85,80,,,,,,,88.75,94.75,92
CA,101000,30,1,2004,2004-05-19T00:00:00Z,5,92,0,1,0.5,85,95,90,55,65,60,75,85,80,,,,,,,88.75,94.75,92
CA,101000,31,1,2004,2004-05-19T00:00:00Z,7,94.5,0,1,0.5,85,95,90,35,45,40,55,65,60,,,,,,,70.75,80.75,76
CA,101000,32,1,2004,2004-05-19T00:00:00Z,9,101.5,0,1,0.5,95,100,97.5,85,95,90,65,75,70,,,,,,,94.75,98.75,97
CA,101000,33,1,2004,2004-05-19T00:00:00Z,8,101,0,1,0.5,95,100,97.5,75,85,80,55,65,60,,,,,,,88.75,94.75,92
CA,101000,34,1,2004,2004-05-19T00:00:00Z,7,102,0,1,0.5,95,100,97.5,85,95,90,65,75,70,,,,,,,94.75,98.75,97
CA,101000,35,1,2004,2004-05-19T00:00:00Z,11,96.5,0,1,0.5,75,85,80,0,1,0.5,95,100,97.5,,,,,,,95,100,97.5125
CA,101000,36,1,2004,2004-05-19T00:00:00Z,14,133,0,1,0.5,95,100,97.5,1,3,2,95,100,97.5,,,,,,,95.04999999999998,100,97.55
CA,101000,37,1,2004,2004-05-19T00:00:00Z,11,113.5,0,1,0.5,95,100,97.5,0,1,0.5,95,100,97.5,,,,,,,95,100,97.5125
CA,101000,38,1,2004,2004-05-19T00:00:00Z,12,125,0,1,0.5,95,100,97.5,0,1,0.5,75,85,80,,,,,,,75,85.14999999999999,80.10000000000001
CA,101000,39,1,2004,2004-05-19T00:00:00Z,12,122,0,1,0.5,95,100,97.5,0,1,0.5,95,100,97.5,,,,,,,95,100,97.5125
CA,101000,40,1,2004,2004-05-19T00:00:00Z,14,116,0,1,0.5,95,100,97.5,0,1,0.5,85,95,90,,,,,,,85,95.04999999999998,90.05000000000001
CA,101000,41,1,2004,2004-05-19T00:00:00Z,16,105.5,0,1,0.5,85,95,90,0,1,0.5,95,100,97.5,,,,,,,95,100,97.5125
CA,101000,42,1,2004,2004-05-19T00:00:00Z,15,117,0,1,0.5,95,100,97.5,0,1,0.5,95,100,97.5,,,,,,,95,100,97.5125
CA,101000,43,1,2004,2004-05-19T00:00:00Z,9,111.5,0,1,0.5,95,100,97.5,15,25,20,65,75,70,,,,,,,70.25,81.25,76
CA,101000,44,1,2004,2004-05-19T00:00:00Z,9,103,0,1,0.5,95,100,97.5,45,55,50,75,85,80,,,,,,,86.25,93.25,90
CA,101000,45,1,2004,2004-05-19T00:00:00Z,7,100.5,0,1,0.5,95,100,97.5,35,45,40,55,65,60,,,,,,,70.75,80.75,76
CA,101000,46,1,2004,2004-05-19T00:00:00Z,11,104,0,1,0.5,95,100,97.5,85,95,90,65,75,70,,,,,,,94.75,98.75,97
CA,101000,47,1,2004,2004-05-19T00:00:00Z,9,106,0,1,0.5,95,100,97.5,75,85,80,45,55,50,,,,,,,86.25,93.25,90
CA,101000,48,1,2004,2004-05-19T00:00:00Z,7,112.5,0,1,0.5,95,100,97.5,85,95,90,45,55,50,,,,,,,91.75,97.75,95
CA,101000,49,1,2004,2004-05-19T00:00:00Z,11,120.5,0,1,0.5,85,95,90,10,15,12.5,65,75,70,,,,,,,68.5,78.75,73.75
CA,101000,50,1,2004,2004-05-19T00:00:00Z,15,117.5,0,1,0.5,95,100,97.5,1,3,2,95,100,97.5,,,,,,,95.04999999999998,100,97.55
CA,101000,51,1,2004,2004-05-19T00:00:00Z,13,117,0,1,0.5,95,100,97.5,0,1,0.5,85,95,90,,,,,,,85,95.04999999999998,90.05000000000001
CA,101000,52,1,2004,2004-05-19T00:00:00Z,11,129.5,0,1,0.5,95,100,97.5,0,1,0.5,95,100,97.5,,,,,,,95,100,97.5125
CA,101000,53,1,2004,2004-05-19T00:00:00Z,8,109,0,1,0.5,95,100,97.5,0,1,0.5,95,100,97.5,,,,,,,95,100,97.5125
CA,101000,54,1,2004,2004-05-19T00:00:00Z,14,78,0,1,0.5,75,85,80,0,1,0.5,85,95,90,,,,,,,85,95.04999999999998,90.05000000000001
CA,101000,55,1,2004,2004-05-19T00:00:00Z,14,68.5,0,1,0.5,55,65,60,0,1,0.5,95,100,97.5,,,,,,,95,100,97.5125
CA,101000,56,1,2004,2004-05-19T00:00:00Z,12,109,0,1,0.5,95,100,97.5,1,3,2,95,100,97.5,,,,,,,95.04999999999998,100,97.55
CA,101000,57,1,2004,2004-05-19T00:00:00Z,11,108.5,0,1,0.5,95,100,97.5,65,75,70,75,85,80,,,,,,,91.25,96.25,94
CA,101000,58,1,2004,2004-05-19T00:00:00Z,9,103,0,1,0.5,95,100,97.5,55,65,60,25,35,30,,,,,,,66.25000000000001,77.25,72
CA,101000,59,1,2004,2004-05-19T00:00:00Z,9,101.5,0,1,0.5,95,100,97.5,25,35,30,25,35,30,,,,,,,43.75,57.74999999999999,51
CA,101000,60,1,2004,2004-05-19T00:00:00Z,9,98.5,0,1,0.5,85,95,90,65,75,70,55,65,60,,,,,,,84.25,91.25,88
CA,101000,61,1,2004,2004-05-19T00:00:00Z,9,98.5,0,1,0.5,95,100,97.5,55,65,60,45,55,50,,,,,,,75.25,84.25,80
CA,101000,62,1,2004,2004-05-19T00:00:00Z,12,109.5,0,1,0.5,95,100,97.5,55,65,60,55,65,60,,,,,,,79.75000000000001,87.75,84
CA,101000,63,1,2004,2004-05-19T00:00:00Z,16,89,0,1,0.5,75,85,80,10,15,12.5,95,100,97.5,,,,,,,95.5,100,97.8125
CA,101000,64,1,2004,2004-05-19T00:00:00Z,11,110.5,0,1,0.5,95,100,97.5,0,1,0.5,95,100,97.5,,,,,,,95,100,97.5125
CA,101000,65,1,2004,2004-05-19T00:00:00Z,13,118.5,0,1,0.5,95,100,97.5,0,1,0.5,95,100,97.5,,,,,,,95,100,97.5125
CA,101000,66,1,2004,2004-05-19T00:00:00Z,14,109,0,1,0.5,95,100,97.5,0,1,0.5,95,100,97.5,,,,,,,95,100,97.5125
CA,101000,67,1,2004,2004-05-19T00:00:00Z,13,87.5,0,1,0.5,75,85,80,0,1,0.5,95,100,97.5,,,,,,,95,100,97.5125
CA,101000,68,1,2004,2004-05-19T00:00:00Z,12,71,0,1,0.5,75,85,80,0,1,0.5,95,100,97.5,,,,,,,95,100,97.5125
CA,101000,69,1,2004,2004-05-19T00:00:00Z,13,85.5,0,1,0.5,75,85,80,0,1,0.5,75,85,80,,,,,,,75,85.14999999999999,80.10000000000001
CA,101000,70,1,2004,2004-05-19T00:00:00Z,15,108.5,0,1,0.5,95,100,97.5,0,1,0.5,85,95,90,,,,,,,85,95.04999999999998,90.05000000000001
CA,101000,71,1,2004,2004-05-19T00:00:00Z,11,102.5,0,1,0.5,95,100,97.5,65,75,70,75,85,80,,,,,,,91.25,96.25,94
CA,101000,72,1,2004,2004-05-19T00:00:00Z,9,101.5,0,1,0.5,95,100,97.5,35,45,40,55,65,60,,,,,,,70.75,80.75,76
CA,101000,73,1,2004,2004-05-19T00:00:00Z,10,102,0,1,0.5,95,100,97.5,25,35,30,45,55,50,,,,,,,58.74999999999999,70.75,65
CA,101000,74,1,2004,2004-05-19T00:00:00Z,9,101.5,0,1,0.5,95,100,97.5,85,95,90,65,75,70,,,,,,,94.75,98.75,97
CA,101000,75,1,2004,2004-05-19T00:00:00Z,9,103,0,1,0.5,95,100,97.5,75,85,80,55,65,60,,,,,,,88.75,94.75,92
CA,101000,76,1,2004,2004-05-19T00:00:00Z,14,103,0,1,0.5,85,95,90,45,55,50,35,45,40,,,,,,,64.25,75.25,70
CA,101000,77,1,2004,2004-05-19T00:00:00Z,17,96.5,0,1,0.5,75,85,80,3,5,4,65,75,70,,,,,,,66.05000000000001,76.25,71.2
CA,101000,78,1,2004,2004-05-19T00:00:00Z,13,118.5,0,1,0.5,95,100,97.5,0,1,0.5,95,100,97.5,,,,,,,95,100,97.5125
CA,101000,79,1,2004,2004-05-19T00:00:00Z,13,120.5,0,1,0.5,95,100,97.5,0,1,0.5,95,100,97.5,,,,,,,95,100,97.5125
CA,101000,80,1,2004,2004-05-19T00:00:00Z,11,116,0,1,0.5,95,100,97.5,1,3,2,85,95,90,,,,,,,85.14999999999999,95.15,90.2
CA,101000,81,1,2004,2004-05-19T00:00:00Z,15,118.5,0,1,0.5,95,100,97.5,0,1,0.5,95,100,97.5,,,,,,,95,100,97.5125
CA,101000,82,1,2004,2004-05-19T00:00:00Z,16,130.5,0,1,0.5,95,100,97.5,0,1,0.5,85,95,90,,,,,,,85,95.04999999999998,90.05000000000001
CA,101000,83,1,2004,2004-05-19T00:00:00Z,14,122,0,1,0.5,95,100,97.5,0,1,0.5,95,100,97.5,,,,,,,95,100,97.5125
CA,101000,84,1,2004,2004-05-19T00:00:00Z,15,95,0,1,0.5,85,95,90,0,1,0.5,95,100,97.5,,,,,,,95,100,97.5125
CA,101000,85,1,2004,2004-05-19T00:00:00Z,9,101.5,0,1,0.5,95,100,97.5,25,35,30,65,75,70,,,,,,,73.75,83.75,79
CA,101000,86,1,2004,2004-05-19T00:00:00Z,7,93,0,1,0.5,85,95,90,25,35,30,55,65,60,,,,,,,66.25000000000001,77.25,72
CA,101000,87,1,2004,2004-05-19T00:00:00Z,5,99.5,0,1,0.5,95,100,97.5,45,55,50,35,45,40,,,,,,,64.25,75.25,70
CA,101000,88,1,2004,2004-05-19T00:00:00Z,10,103.5,0,1,0.5,95,100,97.5,75,85,80,65,75,70,,,,,,,91.25,96.25,94
CA,101000,89,1,2004,2004-05-19T00:00:00Z,6,101.5,0,1,0.5,95,100,97.5,85,95,90,55,65,60,,,,,,,93.25,98.25,96
CA,101000,90,1,2004,2004-05-19T00:00:00Z,13,106.5,0,1,0.5,95,100,97.5,55,65,60,45,55,50,,,,,,,75.25,84.25,80
CA,101000,91,1,2004,2004-05-19T00:00:00Z,14,76,0,1,0.5,65,75,70,1,3,2,85,95,90,,,,,,,85.14999999999999,95.15,90.2
CA,101000,92,1,2004,2004-05-19T00:00:00Z,14,116,0,1,0.5,85,95,90,0,1,0.5,85,95,90,,,,,,,85,95.04999999999998,90.05000000000001
CA,101000,93,1,2004,2004-05-19T00:00:00Z,12,120,0,1,0.5,95,100,97.5,1,3,2,95,100,97.5,,,,,,,95.04999999999998,100,97.55
CA,101000,94,1,2004,2004-05-19T00:00:00Z,15,128.5,0,1,0.5,95,100,97.5,1,3,2,95,100,97.5,,,,,,,95.04999999999998,100,97.55
CA,101000,95,1,2004,2004-05-19T00:00:00Z,13,115,0,1,0.5,95,100,97.5,0,1,0.5,85,95,90,,,,,,,85,95.04999999999998,90.05000000000001
CA,101000,96,1,2004,2004-05-19T00:00:00Z,17,63.5,0,1,0.5,65,75,70,3,5,4,65,75,70,,,,,,,66.05000000000001,76.25,71.2
CA,101000,97,1,2004,2004-05-19T00:00:00Z,14,89.5,0,1,0.5,75,85,80,0,1,0.5,95,100,97.5,,,,,,,95,100,97.5125
CA,101000,98,1,2004,2004-05-19T00:00:00Z,12,112.5,0,1,0.5,95,100,97.5,0,1,0.5,95,100,97.5,,,,,,,95,100,97.5125
CA,111000,1,1,2005,2005-07-06T00:00:00Z,16,204.5,0,1,0.5,25,35,30,65,75,70,85,95,90,0,1,0.5,,,,94.75,98.75,97
CA,111000,2,1,2005,2005-07-06T00:00:00Z,14,224,0,1,0.5,45,55,50,15,25,20,85,95,90,0,1,0.5,,,,87.25,96.24999999999999,92
CA,111000,3,1,2005,2005-07-05T00:00:00Z,12,104,0,1,0.5,3,5,4,3,5,4,85,95,90,0,1,0.5,,,,85.45,95.24999999999999,90.4
CA,111000,4,1,2005,2005-07-05T00:00:00Z,12,69,0,1,0.5,25,35,30,10,15,12.5,85,95,90,0,1,0.5,,,,86.5,95.75,91.25
CA,111000,5,1,2005,2005-06-29T00:00:00Z,14,58.5,0,1,0.5,10,15,12.5,10,15,12.5,85,95,90,0,1,0.5,,,,86.5,95.75,91.25
CA,111000,6,1,2005,2005-06-29T00:00:00Z,12,43.5,0,1,0.5,15,25,20,55,65,60,75,85,80,0,1,0.5,,,,88.75,94.75,92
CA,111000,7,1,2005,2005-06-28T00:00:00Z,14,188,0,1,0.5,65,75,70,45,55,50,75,85,80,0,1,0.5,,,,86.25,93.25,90
CA,111000,8,1,2005,2005-06-28T00:00:00Z,12,63,0,1,0.5,25,35,30,15,25,20,75,85,80,0,1,0.5,,,,78.75,88.75,84.00000000000001
CA,111000,9,1,2005,2005-06-28T00:00:00Z,11,33.5,0,1,0.5,5,10,7.5,10,15,12.5,95,100,97.5,0,1,0.5,,,,95.5,100,97.8125
CA,111000,10,1,2005,2005-06-28T00:00:00Z,11,55,0,1,0.5,25,35,30,1,3,2,85,95,90,0,1,0.5,,,,85.14999999999999,95.15,90.2
CA,111000,11,1,2005,2005-06-28T00:00:00Z,13,79,0,1,0.5,35,45,40,5,10,7.5,85,95,90,0,1,0.5,,,,85.75,95.5,90.75
CA,111000,12,1,2005,2005-06-22T00:00:00Z,12,83.5,0,1,0.5,35,45,40,3,5,4,85,95,90,0,1,0.5,,,,85.45,95.24999999999999,90.4
CA,111000,13,1,2005,2005-06-22T00:00:00Z,12,74,0,1,0.5,3,5,4,1,3,2,85,95,90,0,1,0.5,,,,85.14999999999999,95.15,90.2
CA,111000,14,1,2005,2005-06-22T00:00:00Z,12,98.5,0,1,0.5,3,5,4,5,10,7.5,85,95,90,0,1,0.5,,,,85.75,95.5,90.75
CA,111000,15,1,2005,2005-07-06T00:00:00Z,11,201,0,1,0.5,65,75,70,15,25,20,95,100,97.5,0,1,0.5,,,,95.75,100,98
CA,111000,16,1,2005,2005-07-06T00:00:00Z,15,174.5,0,1,0.5,35,45,40,35,45,40,85,95,90,0,1,0.5,,,,90.25,97.24999999999999,94
CA,111000,17,1,2005,2005-07-05T00:00:00Z,15,177,0,1,0.5,75,85,80,25,35,30,85,95,90,0,1,0.5,,,,88.75,96.75,93
CA,111000,18,1,2005,2005-07-05T00:00:00Z,12,212.5,0,1,0.5,75,85,80,3,5,4,75,85,80,0,1,0.5,,,,75.75,85.75,80.80000000000001
CA,111000,19,1,2005,2005-06-29T00:00:00Z,11,148,0,1,0.5,35,45,40,10,15,12.5,85,95,90,0,1,0.5,,,,86.5,95.75,91.25
CA,111000,20,1,2005,2005-06-29T00:00:00Z,11,65,0,1,0.5,35,45,40,5,10,7.5,85,95,90,0,1,0.5,,,,85.75,95.5,90.75
CA,111000,21,1,2005,2005-06-28T00:00:00Z,12,34.5,0,1,0.5,10,15,12.5,15,25,20,75,85,80,0,1,0.5,,,,78.75,88.75,84.00000000000001
CA,111000,22,1,2005,2005-06-28T00:00:00Z,13,55,0,1,0.5,15,25,20,5,10,7.5,85,95,90,0,1,0.5,,,,85.75,95.5,90.75
CA,111000,23,1,2005,2005-06-28T00:00:00Z,10,53,0,1,0.5,5,10,7.5,35,45,40,75,85,80,0,1,0.5,,,,83.75,91.75,88
CA,111000,24,1,2005,2005-06-28T00:00:00Z,12,28.5,0,1,0.5,10,15,12.5,35,45,40,85,95,90,0,1,0.5,,,,90.25,97.24999999999999,94
CA,111000,25,1,2005,2005-06-28T00:00:00Z,15,76.5,0,1,0.5,35,45,40,5,10,7.5,85,95,90,0,1,0.5,,,,85.75,95.5,90.75
CA,111000,26,1,2005,2005-06-22T00:00:00Z,12,79,0,1,0.5,35,45,40,3,5,4,85,95,90,0,1,0.5,,,,85.45,95.24999999999999,90.4
CA,111000,27,1,2005,2005-06-22T00:00:00Z,11,45.5,0,1,0.5,10,15,12.5,3,5,4,95,100,97.5,0,1,0.5,,,,95.15,100,97.6
CA,111000,28,1,2005,2005-06-22T00:00:00Z,9,25,0,1,0.5,1,3,2,15,25,20,75,85,80,0,1,0.5,,,,78.75,88.75,84.00000000000001
CA,111000,29,1,2005,2005-07-06T00:00:00Z,11,205,0,1,0.5,45,55,50,15,25,20,95,100,97.5,0,1,0.5,,,,95.75,100,98
CA,111000,30,1,2005,2005-07-06T00:00:00Z,10,183,0,1,0.5,45,55,50,10,15,12.5,85,95,90,0,1,0.5,,,,86.5,95.75,91.25
CA,111000,31,1,2005,2005-07-05T00:00:00Z,11,193.5,0,1,0.5,75,85,80,15,25,20,75,85,80,0,1,0.5,,,,78.75,88.75,84.00000000000001
CA,111000,32,1,2005,2005-07-05T00:00:00Z,13,200.5,0,1,0.5,45,55,50,75,85,80,65,75,70,0,1,0.5,,,,91.25,96.25,94
CA,111000,33,1,2005,2005-06-29T00:00:00Z,13,129,0,1,0.5,45,55,50,10,15,12.5,85,95,90,0,1,0.5,,,,86.5,95.75,91.25
CA,111000,34,1,2005,2005-06-29T00:00:00Z,10,101,0,1,0.5,45,55,50,45,55,50,95,100,97.5,0,1,0.5,,,,97.24999999999999,100,98.75
CA,111000,35,1,2005,2005-06-28T00:00:00Z,13,58.5,0,1,0.5,15,25,20,65,75,70,75,85,80,0,1,0.5,,,,91.25,96.25,94
CA,111000,36,1,2005,2005-06-28T00:00:00Z,12,49,0,1,0.5,10,15,12.5,10,15,12.5,75,85,80,0,1,0.5,,,,77.5,87.25,82.5
CA,111000,37,1,2005,2005-06-28T00:00:00Z,13,22,0,1,0.5,5,10,7.5,0,1,0.5,95,100,97.5,0,1,0.5,,,,95,100,97.5125
CA,111000,38,1,2005,2005-06-28T00:00:00Z,13,25.5,0,1,0.5,5,10,7.5,0,1,0.5,95,100,97.5,0,1,0.5,,,,95,100,97.5125
CA,111000,39,1,2005,2005-06-28T00:00:00Z,11,43.5,0,1,0.5,5,10,7.5,5,10,7.5,85,95,90,0,1,0.5,,,,85.75,95.5,90.75
CA,111000,40,1,2005,2005-06-22T00:00:00Z,12,53.5,0,1,0.5,10,15,12.5,15,25,20,85,95,90,0,1,0.5,,,,87.25,96.24999999999999,92
CA,111000,41,1,2005,2005-06-22T00:00:00Z,10,34,0,1,0.5,5,10,7.5,5,10,7.5,85,95,90,0,1,0.5,,,,85.75,95.5,90.75
CA,111000,42,1,2005,2005-06-22T00:00:00Z,11,30,0,1,0.5,3,5,4,55,65,60,75,85,80,0,1,0.5,,,,88.75,94.75,92
CA,111000,43,1,2005,2005-07-06T00:00:00Z,11,167.5,0,1,0.5,75,85,80,10,15,12.5,75,85,80,0,1,0.5,,,,77.5,87.25,82.5
CA,111000,44,1,2005,2005-07-06T00:00:00Z,13,162,0,1,0.5,35,45,40,15,25,20,85,95,90,0,1,0.5,,,,87.25,96.24999999999999,92
CA,111000,45,1,2005,2005-07-05T00:00:00Z,12,214,0,1,0.5,85,95,90,35,45,40,75,85,80,0,1,0.5,,,,83.75,91.75,88
CA,111000,46,1,2005,2005-07-05T00:00:00Z,11,238.5,0,1,0.5,75,85,80,25,35,30,55,65,60,0,1,0.5,,,,66.25000000000001,77.25,72
CA,111000,47,1,2005,2005-06-29T00:00:00Z,11,114.5,1,3,2,45,55,50,5,10,7.5,75,85,80,0,1,0.5,,,,76.25,86.5,81.5
CA,111000,48,1,2005,2005-06-29T00:00:00Z,11,118.5,0,1,0.5,55,65,60,45,55,50,95,100,97.5,0,1,0.5,,,,97.24999999999999,100,98.75
CA,111000,49,1,2005,2005-06-28T00:00:00Z,11,31,0,1,0.5,10,15,12.5,25,35,30,85,95,90,0,1,0.5,,,,88.75,96.75,93
CA,111000,50,1,2005,2005-06-28T00:00:00Z,10,31,0,1,0.5,10,15,12.5,5,10,7.5,65,75,70,0,1,0.5,,,,66.75,77.5,72.24999999999999
CA,111000,51,1,2005,2005-06-28T00:00:00Z,12,46,0,1,0.5,5,10,7.5,1,3,2,95,100,97.5,0,1,0.5,,,,95.04999999999998,100,97.55
CA,111000,52,1,2005,2005-06-28T00:00:00Z,12,82.5,0,1,0.5,5,10,7.5,1,3,2,95,100,97.5,0,1,0.5,,,,95.04999999999998,100,97.55
CA,111000,53,1,2005,2005-06-28T00:00:00Z,11,61,0,1,0.5,3,5,4,75,85,80,75,85,80,0,1,0.5,,,,93.75,97.75,96
CA,111000,54,1,2005,2005-06-22T00:00:00Z,12,55,0,1,0.5,10,15,12.5,0,1,0.5,85,95,90,0,1,0.5,,,,85,95.04999999999998,90.05000000000001
CA,111000,55,1,2005,2005-06-22T00:00:00Z,13,48,0,1,0.5,5,10,7.5,1,3,2,85,95,90,0,1,0.5,,,,85.14999999999999,95.15,90.2
CA,111000,56,1,2005,2005-06-22T00:00:00Z,14,31,0,1,0.5,5,10,7.5,15,25,20,85,95,90,0,1,0.5,,,,87.25,96.24999999999999,92
CA,111000,57,1,2005,2005-07-06T00:00:00Z,16,96,0,1,0.5,45,55,50,3,5,4,85,95,90,0,1,0.5,,,,85.45,95.24999999999999,90.4
CA,111000,58,1,2005,2005-07-06T00:00:00Z,14,129.5,0,1,0.5,45,55,50,10,15,12.5,85,95,90,0,1,0.5,,,,86.5,95.75,91.25
CA,111000,59,1,2005,2005-07-05T00:00:00Z,10,184.5,0,1,0.5,55,65,60,5,10,7.5,85,95,90,0,1,0.5,,,,85.75,95.5,90.75
CA,111000,60,1,2005,2005-07-05T00:00:00Z,11,224.5,0,1,0.5,65,75,70,10,15,12.5,95,100,97.5,0,1,0.5,,,,95.5,100,97.8125
CA,111000,61,1,2005,2005-06-29T00:00:00Z,10,154,0,1,0.5,75,85,80,5,10,7.5,75,85,80,0,1,0.5,,,,76.25,86.5,81.5
CA,111000,62,1,2005,2005-06-29T00:00:00Z,10,130.5,0,1,0.5,35,45,40,5,10,7.5,85,95,90,0,1,0.5,,,,85.75,95.5,90.75
CA,111000,63,1,2005,2005-06-28T00:00:00Z,11,96.5,0,1,0.5,15,25,20,45,55,50,75,85,80,0,1,0.5,,,,86.25,93.25,90
CA,111000,64,1,2005,2005-06-28T00:00:00Z,11,47,0,1,0.5,25,35,30,5,10,7.5,85,95,90,0,1,0.5,,,,85.75,95.5,90.75
CA,111000,65,1,2005,2005-06-28T00:00:00Z,11,29.5,0,1,0.5,10,15,12.5,1,3,2,95,100,97.5,0,1,0.5,,,,95.04999999999998,100,97.55
CA,111000,66,1,2005,2005-06-28T00:00:00Z,11,24,0,1,0.5,3,5,4,1,3,2,95,100,97.5,0,1,0.5,,,,95.04999999999998,100,97.55
CA,111000,67,1,2005,2005-06-28T00:00:00Z,13,97,0,1,0.5,5,10,7.5,35,45,40,75,85,80,0,1,0.5,,,,83.75,91.75,88
CA,111000,68,1,2005,2005-06-22T00:00:00Z,10,70,0,1,0.5,5,10,7.5,0,1,0.5,85,95,90,0,1,0.5,,,,85,95.04999999999998,90.05000000000001
CA,111000,69,1,2005,2005-06-22T00:00:00Z,11,83.5,0,1,0.5,5,10,7.5,5,10,7.5,85,95,90,0,1,0.5,,,,85.75,95.5,90.75
CA,111000,70,1,2005,2005-06-22T00:00:00Z,12,81,0,1,0.5,5,10,7.5,55,65,60,85,95,90,0,1,0.5,,,,93.25,98.25,96
CA,111000,71,1,2005,2005-07-06T00:00:00Z,15,87,0,1,0.5,10,15,12.5,5,10,7.5,95,100,97.5,0,1,0.5,,,,95.24999999999999,100,97.6875
CA,111000,72,1,2005,2005-07-06T00:00:00Z,11,59,0,1,0.5,25,35,30,5,10,7.5,85,95,90,0,1,0.5,,,,85.75,95.5,90.75
CA,111000,73,1,2005,2005-07-05T00:00:00Z,14,121.5,0,1,0.5,15,25,20,5,10,7.5,95,100,97.5,0,1,0.5,,,,95.24999999999999,100,97.6875
CA,111000,74,1,2005,2005-07-05T00:00:00Z,11,217,0,1,0.5,45,55,50,55,65,60,85,95,90,0,1,0.5,,,,93.25,98.25,96
CA,111000,75,1,2005,2005-06-29T00:00:00Z,11,136,0,1,0.5,45,55,50,5,10,7.5,85,95,90,0,1,0.5,,,,85.75,95.5,90.75
CA,111000,76,1,2005,2005-06-29T00:00:00Z,12,95.5,0,1,0.5,25,35,30,5,10,7.5,75,85,80,0,1,0.5,,,,76.25,86.5,81.5
CA,111000,77,1,2005,2005-06-28T00:00:00Z,15,50.5,0,1,0.5,5,10,7.5,45,55,50,85,95,90,0,1,0.5,,,,91.75,97.75,95
CA,111000,78,1,2005,2005-06-28T00:00:00Z,11,36.5,0,1,0.5,15,25,20,1,3,2,85,95,90,0,1,0.5,,,,85.14999999999999,95.15,90.2
CA,111000,79,1,2005,2005-06-28T00:00:00Z,12,44,0,1,0.5,10,15,12.5,5,10,7.5,85,95,90,0,1,0.5,,,,85.75,95.5,90.75
CA,111000,80,1,2005,2005-06-28T00:00:00Z,10,32,0,1,0.5,5,10,7.5,0,1,0.5,95,100,97.5,0,1,0.5,,,,95,100,97.5125
CA,111000,81,1,2005,2005-06-28T00:00:00Z,12,47.5,0,1,0.5,5,10,7.5,55,65,60,85,95,90,0,1,0.5,,,,93.25,98.25,96
CA,111000,82,1,2005,2005-06-22T00:00:00Z,11,88,0,1,0.5,3,5,4,35,45,40,75,85,80,0,1,0.5,,,,83.75,91.75,88
CA,111000,83,1,2005,2005-06-22T00:00:00Z,13,46,0,1,0.5,5,10,7.5,15,25,20,75,85,80,0,1,0.5,,,,78.75,88.75,84.00000000000001
CA,111000,84,1,2005,2005-06-22T00:00:00Z,15,52,0,1,0.5,5,10,7.5,5,10,7.5,85,95,90,0,1,0.5,,,,85.75,95.5,90.75
CA,111000,85,1,2005,2005-07-06T00:00:00Z,13,81.5,0,1,0.5,15,25,20,3,5,4,95,100,97.5,0,1,0.5,,,,95.15,100,97.6
CA,111000,86,1,2005,2005-07-06T00:00:00Z,12,68.5,0,1,0.5,25,35,30,5,10,7.5,85,95,90,0,1,0.5,,,,85.75,95.5,90.75
CA,111000,87,1,2005,2005-07-05T00:00:00Z,12,66.5,0,1,0.5,15,25,20,5,10,7.5,75,85,80,0,1,0.5,,,,76.25,86.5,81.5
CA,111000,88,1,2005,2005-07-05T00:00:00Z,11,101.5,0,1,0.5,45,55,50,5,10,7.5,85,95,90,0,1,0.5,,,,85.75,95.5,90.75
CA,111000,89,1,2005,2005-06-29T00:00:00Z,10,99,0,1,0.5,35,45,40,3,5,4,95,100,97.5,0,1,0.5,,,,95.15,100,97.6
CA,111000,90,1,2005,2005-06-29T00:00:00Z,13,49.5,0,1,0.5,15,25,20,15,25,20,85,95,90,0,1,0.5,,,,87.25,96.24999999999999,92
CA,111000,91,1,2005,2005-06-28T00:00:00Z,12,55.5,0,1,0.5,5,10,7.5,3,5,4,85,95,90,0,1,0.5,,,,85.45,95.24999999999999,90.4
CA,111000,92,1,2005,2005-06-28T00:00:00Z,16,115.5,0,1,0.5,15,25,20,0,1,0.5,85,95,90,0,1,0.5,,,,85,95.04999999999998,90.05000000000001
CA,111000,93,1,2005,2005-06-28T00:00:00Z,14,87,0,1,0.5,15,25,20,25,35,30,75,85,80,0,1,0.5,,,,81.25,90.25,86.00000000000001
CA,111000,94,1,2005,2005-06-28T00:00:00Z,13,56.5,0,1,0.5,5,10,7.5,1,3,2,95,100,97.5,0,1,0.5,,,,95.04999999999998,100,97.55
CA,111000,95,1,2005,2005-06-28T00:00:00Z,14,36,0,1,0.5,3,5,4,15,25,20,85,95,90,0,1,0.5,,,,87.25,96.24999999999999,92
CA,111000,96,1,2005,2005-06-22T00:00:00Z,13,129,0,1,0.5,10,15,12.5,15,25,20,85,95,90,0,1,0.5,,,,87.25,96.24999999999999,92
CA,111000,97,1,2005,2005-06-22T00:00:00Z,13,66.5,0,1,0.5,5,10,7.5,10,15,12.5,85,95,90,0,1,0.5,,,,86.5,95.75,91.25
CA,111000,98,1,2005,2005-06-22T00:00:00Z,12,39.5,0,1,0.5,5,10,7.5,5,10,7.5,85,95,90,0,1,0.5,,,,85.75,95.5,90.75
CA,121000,1,1,2006,2006-07-19T00:00:00Z,19,92,0,1,0.5,35,45,40,15,25,20,85,95,90,0,1,0.5,,,,87.25,96.24999999999999,92
CA,121000,2,1,2006,2006-07-18T00:00:00Z,16,78,,,,35,45,40,1,3,2,85,95,90,0,1,0.5,,,,85.14999999999999,95.15,90.2
CA,121000,3,1,2006,2006-07-18T00:00:00Z,16,63,0,1,0.5,35,45,40,1,3,2,85,95,90,0,1,0.5,,,,85.14999999999999,95.15,90.2
CA,121000,4,1,2006,2006-07-14T00:00:00Z,21,61,0,1,0.5,35,45,40,3,5,4,35,45,40,0,1,0.5,,,,36.95,47.75,42.400000000000006
CA,121000,5,1,2006,2006-07-12T00:00:00Z,20,88.5,0,1,0.5,15,25,20,0,1,0.5,85,95,90,0,1,0.5,,,,85,95.04999999999998,90.05000000000001
CA,121000,6,1,2006,2006-07-12T00:00:00Z,19,89,0,1,0.5,25,35,30,1,3,2,85,95,90,0,1,0.5,,,,85.14999999999999,95.15,90.2
CA,121000,7,1,2006,2006-07-05T00:00:00Z,22,114,0,1,0.5,35,45,40,0,1,0.5,85,95,90,0,1,0.5,,,,85,95.04999999999998,90.05000000000001
CA,121000,8,1,2006,2006-07-04T00:00:00Z,22,100,0,1,0.5,35,45,40,15,25,20,85,95,90,0,1,0.5,,,,87.25,96.24999999999999,92
CA,121000,9,1,2006,2006-07-04T00:00:00Z,19,118,0,1,0.5,35,45,40,15,25,20,85,95,90,0,1,0.5,,,,87.25,96.24999999999999,92
CA,121000,10,1,2006,2006-07-03T00:00:00Z,18,101,0,1,0.5,25,35,30,10,15,12.5,85,95,90,0,1,0.5,,,,86.5,95.75,91.25
CA,121000,11,1,2006,2006-06-30T00:00:00Z,15,153.5,0,1,0.5,55,65,60,45,55,50,85,95,90,0,1,0.5,,,,91.75,97.75,95
CA,121000,12,1,2006,2006-06-30T00:00:00Z,15,153.5,0,1,0.5,55,65,60,45,55,50,85,95,90,0,1,0.5,,,,91.75,97.75,95
CA,121000,13,1,2006,2006-06-30T00:00:00Z,21,150.5,0,1,0.5,55,65,60,25,35,30,85,95,90,0,1,0.5,,,,88.75,96.75,93
CA,121000,14,1,2006,2006-06-29T00:00:00Z,21,105,0,1,0.5,5,10,7.5,75,85,80,75,85,80,0,1,0.5,,,,93.75,97.75,96
CA,121000,15,1,2006,2006-07-19T00:00:00Z,18,55,0,1,0.5,25,35,30,,,,,,,0,1,0.5,,,,,,
CA,121000,16,1,2006,2006-07-18T00:00:00Z,15,76.5,0,1,0.5,25,35,30,5,10,7.5,85,95,90,0,1,0.5,,,,85.75,95.5,90.75
CA,121000,17,1,2006,2006-07-18T00:00:00Z,19,85,1,3,2,45,55,50,3,5,4,85,95,90,0,1,0.5,,,,85.45,95.24999999999999,90.4
CA,121000,18,1,2006,2006-07-14T00:00:00Z,19,68,0,1,0.5,35,45,40,5,10,7.5,65,75,70,0,1,0.5,,,,66.75,77.5,72.24999999999999
CA,121000,19,1,2006,2006-07-12T00:00:00Z,19,64,0,1,0.5,15,25,20,1,3,2,85,95,90,0,1,0.5,,,,85.14999999999999,95.15,90.2
CA,121000,20,1,2006,2006-07-12T00:00:00Z,21,104.5,0,1,0.5,25,35,30,0,1,0.5,85,95,90,0,1,0.5,,,,85,95.04999999999998,90.05000000000001
CA,121000,21,1,2006,2006-07-05T00:00:00Z,21,121.5,,,,65,75,70,,,,,,,0,1,0.5,,,,,,
CA,121000,22,1,2006,2006-07-04T00:00:00Z,21,117,1,3,2,35,45,40,25,35,30,85,95,90,0,1,0.5,,,,88.75,96.75,93
CA,121000,23,1,2006,2006-07-04T00:00:00Z,19,107.5,0,1,0.5,25,35,30,1,3,2,85,95,90,0,1,0.5,,,,85.14999999999999,95.15,90.2
CA,121000,24,1,2006,2006-07-03T00:00:00Z,18,124,0,1,0.5,25,35,30,5,10,7.5,85,95,90,0,1,0.5,,,,85.75,95.5,90.75
CA,121000,25,1,2006,2006-07-03T00:00:00Z,24,124.5,,,,85,95,90,,,,,,,0,1,0.5,,,,,,
CA,121000,26,1,2006,2006-06-30T00:00:00Z,18,123.5,0,1,0.5,55,65,60,25,35,30,85,95,90,0,1,0.5,,,,88.75,96.75,93
CA,121000,27,1,2006,2006-06-30T00:00:00Z,22,132.5,0,1,0.5,65,75,70,1,3,2,85,95,90,0,1,0.5,,,,85.14999999999999,95.15,90.2
CA,121000,28,1,2006,2006-06-29T00:00:00Z,16,98.5,0,1,0.5,25,35,30,45,55,50,85,95,90,0,1,0.5,,,,91.75,97.75,95
CA,121000,29,1,2006,2006-07-19T00:00:00Z,22,132,0,1,0.5,35,45,40,25,35,30,75,85,80,0,1,0.5,,,,81.25,90.25,86.00000000000001
CA,121000,30,1,2006,2006-07-18T00:00:00Z,19,108.5,0,1,0.5,35,45,40,55,65,60,65,75,70,0,1,0.5,,,,84.25,91.25,88
CA,121000,31,1,2006,2006-07-18T00:00:00Z,20,132.5,3,5,4,45,55,50,55,65,60,85,95,90,0,1,0.5,,,,93.25,98.25,96
CA,121000,32,1,2006,2006-07-14T00:00:00Z,18,109.5,1,3,2,45,55,50,25,35,30,85,95,90,0,1,0.5,,,,88.75,96.75,93
CA,121000,33,1,2006,2006-07-12T00:00:00Z,20,86.5,0,1,0.5,35,45,40,3,5,4,85,95,90,0,1,0.5,,,,85.45,95.24999999999999,90.4
CA,121000,34,1,2006,2006-07-12T00:00:00Z,19,70,0,1,0.5,25,35,30,5,10,7.5,85,95,90,0,1,0.5,,,,85.75,95.5,90.75
CA,121000,35,1,2006,2006-07-05T00:00:00Z,21,113.5,,,,65,75,70,,,,,,,0,1,0.5,,,,,,
CA,121000,36,1,2006,2006-07-04T00:00:00Z,19,77,0,1,0.5,15,25,20,25,35,30,85,95,90,0,1,0.5,,,,88.75,96.75,93
CA,121000,37,1,2006,2006-07-04T00:00:00Z,23,98,0,1,0.5,25,35,30,10,15,12.5,85,95,90,0,1,0.5,,,,86.5,95.75,91.25
CA,121000,38,1,2006,2006-07-03T00:00:00Z,21,117,0,1,0.5,35,45,40,,,,,,,0,1,0.5,,,,,,
CA,121000,39,1,2006,2006-07-03T00:00:00Z,20,120,0,1,0.5,35,45,40,35,45,40,85,95,90,0,1,0.5,,,,90.25,97.24999999999999,94
CA,121000,40,1,2006,2006-06-30T00:00:00Z,21,125.5,0,1,0.5,55,65,60,3,5,4,85,95,90,0,1,0.5,,,,85.45,95.24999999999999,90.4
CA,121000,41,1,2006,2006-06-29T00:00:00Z,21,130,0,1,0.5,45,55,50,25,35,30,75,85,80,0,1,0.5,,,,81.25,90.25,86.00000000000001
CA,121000,42,1,2006,2006-06-29T00:00:00Z,13,133.5,0,1,0.5,45,55,50,25,35,30,85,95,90,0,1,0.5,,,,88.75,96.75,93
CA,121000,43,1,2006,2006-07-19T00:00:00Z,21,138.5,0,1,0.5,65,75,70,45,55,50,55,65,60,0,1,0.5,,,,75.25,84.25,80
CA,121000,44,1,2006,2006-07-18T00:00:00Z,24,113.5,0,1,0.5,75,85,80,10,15,12.5,75,85,80,0,1,0.5,,,,77.5,87.25,82.5
CA,121000,45,1,2006,2006-07-18T00:00:00Z,17,98.5,0,1,0.5,55,65,60,25,35,30,85,95,90,0,1,0.5,,,,88.75,96.75,93
CA,121000,46,1,2006,2006-07-14T00:00:00Z,18,113.5,,,,55,65,60,15,25,20,85,95,90,0,1,0.5,,,,87.25,96.24999999999999,92
CA,121000,47,1,2006,2006-07-12T00:00:00Z,18,125.5,1,3,2,45,55,50,3,5,4,85,95,90,0,1,0.5,,,,85.45,95.24999999999999,90.4
CA,121000,48,1,2006,2006-07-12T00:00:00Z,19,92.5,0,1,0.5,35,45,40,0,1,0.5,85,95,90,0,1,0.5,,,,85,95.04999999999998,90.05000000000001
CA,121000,49,1,2006,2006-07-05T00:00:00Z,19,139,0,1,0.5,45,55,50,1,3,2,75,85,80,0,1,0.5,,,,75.25,85.45,80.4
CA,121000,50,1,2006,2006-07-05T00:00:00Z,23,130,0,1,0.5,55,65,60,5,10,7.5,85,95,90,0,1,0.5,,,,85.75,95.5,90.75
CA,121000,51,1,2006,2006-07-04T00:00:00Z,21,142.5,0,1,0.5,65,75,70,,,,85,95,90,0,1,0.5,,,,,,
CA,121000,52,1,2006,2006-07-04T00:00:00Z,23,146.5,1,3,2,65,75,70,1,3,2,85,95,90,0,1,0.5,,,,85.14999999999999,95.15,90.2
CA,121000,53,1,2006,2006-07-03T00:00:00Z,21,134.5,0,1,0.5,45,55,50,0,1,0.5,85,95,90,0,1,0.5,,,,85,95.04999999999998,90.05000000000001
CA,121000,54,1,2006,2006-06-30T00:00:00Z,19,111.5,0,1,0.5,45,55,50,5,10,7.5,85,95,90,0,1,0.5,,,,85.75,95.5,90.75
CA,121000,55,1,2006,2006-06-29T00:00:00Z,15,121.5,0,1,0.5,35,45,40,15,25,20,85,95,90,0,1,0.5,,,,87.25,96.24999999999999,92
CA,121000,56,1,2006,2006-06-29T00:00:00Z,16,123,0,1,0.5,25,35,30,35,45,40,75,85,80,0,1,0.5,,,,83.75,91.75,88
CA,121000,57,1,2006,2006-07-19T00:00:00Z,18,117.5,0,1,0.5,35,45,40,35,45,40,85,95,90,0,1,0.5,,,,90.25,97.24999999999999,94
CA,121000,58,1,2006,2006-07-18T00:00:00Z,20,133,0,1,0.5,55,65,60,35,45,40,85,95,90,0,1,0.5,,,,90.25,97.24999999999999,94
CA,121000,59,1,2006,2006-07-14T00:00:00Z,17,80.5,0,1,0.5,35,45,40,5,10,7.5,85,95,90,0,1,0.5,,,,85.75,95.5,90.75
CA,121000,60,1,2006,2006-07-14T00:00:00Z,22,80,0,1,0.5,45,55,50,10,15,12.5,85,95,90,0,1,0.5,,,,86.5,95.75,91.25
CA,121000,61,1,2006,2006-07-12T00:00:00Z,22,130,0,1,0.5,45,55,50,10,15,12.5,95,100,97.5,0,1,0.5,,,,95.5,100,97.8125
CA,121000,62,1,2006,2006-07-12T00:00:00Z,15,127.5,,,,45,55,50,35,45,40,85,95,90,0,1,0.5,,,,90.25,97.24999999999999,94
CA,121000,63,1,2006,2006-07-05T00:00:00Z,18,138.5,1,3,2,45,55,50,25,35,30,85,95,90,0,1,0.5,,,,88.75,96.75,93
CA,121000,64,1,2006,2006-07-05T00:00:00Z,17,120,0,1,0.5,25,35,30,15,25,20,85,95,90,0,1,0.5,,,,87.25,96.24999999999999,92
CA,121000,65,1,2006,2006-07-04T00:00:00Z,23,124,0,1,0.5,25,35,30,15,25,20,85,95,90,0,1,0.5,,,,87.25,96.24999999999999,92
CA,121000,66,1,2006,2006-07-04T00:00:00Z,20,133.5,0,1,0.5,35,45,40,15,25,20,85,95,90,0,1,0.5,,,,87.25,96.24999999999999,92
CA,121000,67,1,2006,2006-07-03T00:00:00Z,22,127.5,0,1,0.5,35,45,40,5,10,7.5,85,95,90,0,1,0.5,,,,85.75,95.5,90.75
CA,121000,68,1,2006,2006-06-30T00:00:00Z,19,148,0,1,0.5,55,65,60,1,3,2,85,95,90,0,1,0.5,,,,85.14999999999999,95.15,90.2
CA,121000,69,1,2006,2006-06-29T00:00:00Z,15,109.5,0,1,0.5,25,35,30,5,10,7.5,85,95,90,0,1,0.5,,,,85.75,95.5,90.75
CA,121000,70,1,2006,2006-06-29T00:00:00Z,19,133,0,1,0.5,35,45,40,3,5,4,75,85,80,0,1,0.5,,,,75.75,85.75,80.80000000000001
CA,121000,71,1,2006,2006-07-19T00:00:00Z,17,142.5,0,1,0.5,65,75,70,45,55,50,85,95,90,0,1,0.5,,,,91.75,97.75,95
CA,121000,72,1,2006,2006-07-19T00:00:00Z,18,123.5,0,1,0.5,55,65,60,25,35,30,85,95,90,0,1,0.5,,,,88.75,96.75,93
CA,121000,73,1,2006,2006-07-14T00:00:00Z,21,134.5,0,1,0.5,45,55,50,10,15,12.5,85,95,90,0,1,0.5,,,,86.5,95.75,91.25
CA,121000,74,1,2006,2006-07-14T00:00:00Z,16,124.5,0,1,0.5,35,45,40,5,10,7.5,85,95,90,0,1,0.5,,,,85.75,95.5,90.75
CA,121000,75,1,2006,2006-07-12T00:00:00Z,19,134,0,1,0.5,55,65,60,10,15,12.5,85,95,90,0,1,0.5,,,,86.5,95.75,91.25
CA,121000,76,1,2006,2006-07-12T00:00:00Z,21,102,0,1,0.5,45,55,50,25,35,30,85,95,90,0,1,0.5,,,,88.75,96.75,93
CA,121000,77,1,2006,2006-07-05T00:00:00Z,16,107.5,0,1,0.5,35,45,40,35,45,40,85,95,90,0,1,0.5,,,,90.25,97.24999999999999,94
CA,121000,78,1,2006,2006-07-05T00:00:00Z,18,109,1,3,2,25,35,30,35,45,40,85,95,90,0,1,0.5,,,,90.25,97.24999999999999,94
CA,121000,79,1,2006,2006-07-04T00:00:00Z,18,73.5,0,1,0.5,15,25,20,55,65,60,75,85,80,0,1,0.5,,,,88.75,94.75,92
CA,121000,80,1,2006,2006-07-04T00:00:00Z,12,82.5,0,1,0.5,25,35,30,25,35,30,85,95,90,0,1,0.5,,,,88.75,96.75,93
CA,121000,81,1,2006,2006-07-03T00:00:00Z,18,65,0,1,0.5,35,45,40,10,15,12.5,85,95,90,0,1,0.5,,,,86.5,95.75,91.25
CA,121000,82,1,2006,2006-07-03T00:00:00Z,14,122.5,0,1,0.5,35,45,40,3,5,4,85,95,90,0,1,0.5,,,,85.45,95.24999999999999,90.4
CA,121000,83,1,2006,2006-06-29T00:00:00Z,19,132,0,1,0.5,35,45,40,3,5,4,85,95,90,0,1,0.5,,,,85.45,95.24999999999999,90.4
CA,121000,84,1,2006,2006-06-29T00:00:00Z,14,130.5,0,1,0.5,35,45,40,15,25,20,75,85,80,0,1,0.5,,,,78.75,88.75,84.00000000000001
CA,121000,85,1,2006,2006-07-19T00:00:00Z,14,134.5,0,1,0.5,55,65,60,65,75,70,85,95,90,0,1,0.5,,,,94.75,98.75,97
CA,121000,86,1,2006,2006-07-19T00:00:00Z,15,136.5,0,1,0.5,55,65,60,35,45,40,85,95,90,0,1,0.5,,,,90.25,97.24999999999999,94
CA,121000,87,1,2006,2006-07-14T00:00:00Z,20,131,0,1,0.5,65,75,70,5,10,7.5,85,95,90,0,1,0.5,,,,85.75,95.5,90.75
CA,121000,88,1,2006,2006-07-14T00:00:00Z,20,51,0,1,0.5,35,45,40,10,15,12.5,75,85,80,0,1,0.5,,,,77.5,87.25,82.5
CA,121000,89,1,2006,2006-07-12T00:00:00Z,19,101.5,0,1,0.5,85,95,90,10,15,12.5,55,65,60,0,1,0.5,,,,59.5,70.25,64.99999999999999
CA,121000,90,1,2006,2006-07-12T00:00:00Z,21,129.5,0,1,0.5,55,65,60,15,25,20,75,85,80,0,1,0.5,,,,78.75,88.75,84.00000000000001
CA,121000,91,1,2006,2006-07-05T00:00:00Z,16,119.5,1,3,2,25,35,30,55,65,60,85,95,90,0,1,0.5,,,,93.25,98.25,96
CA,121000,92,1,2006,2006-07-05T00:00:00Z,15,96.5,1,3,2,65,75,70,35,45,40,55,65,60,0,1,0.5,,,,70.75,80.75,76
CA,121000,93,1,2006,2006-07-04T00:00:00Z,18,19.5,0,1,0.5,3,5,4,45,55,50,75,85,80,0,1,0.5,,,,86.25,93.25,90
CA,121000,94,1,2006,2006-07-04T00:00:00Z,18,113,0,1,0.5,25,35,30,10,15,12.5,85,95,90,0,1,0.5,,,,86.5,95.75,91.25
CA,121000,95,1,2006,2006-07-03T00:00:00Z,15,123.5,1,3,2,35,45,40,25,35,30,85,95,90,0,1,0.5,,,,88.75,96.75,93
CA,121000,96,1,2006,2006-07-03T00:00:00Z,16,139,0,1,0.5,35,45,40,10,15,12.5,85,95,90,0,1,0.5,,,,86.5,95.75,91.25
CA,121000,97,1,2006,2006-06-29T00:00:00Z,18,139.5,0,1,0.5,45,55,50,5,10,7.5,75,85,80,0,1,0.5,,,,76.25,86.5,81.5
CA,121000,98,1,2006,2006-06-29T00:00:00Z,18,147.5,0,1,0.5,55,65,60,3,5,4,85,95,90,0,1,0.5,,,,85.45,95.24999999999999,90.4
CA,131000,1,1,2006,2006-07-26T00:00:00Z,7,99.5,0,1,0.5,85,95,90,55,65,60,75,85,80,0,1,0.5,,,,88.75,94.75,92
CA,131000,2,1,2006,2006-07-26T00:00:00Z,3,88,0,1,0.5,85,95,90,25,35,30,75,85,80,0,1,0.5,,,,81.25,90.25,86.00000000000001
CA,131000,3,1,2006,2006-07-26T00:00:00Z,6,95.5,0,1,0.5,85,95,90,15,25,20,85,95,90,0,1,0.5,,,,87.25,96.24999999999999,92
CA,131000,4,1,2006,2006-07-26T00:00:00Z,5,93.5,0,1,0.5,85,95,90,5,10,7.5,75,85,80,0,1,0.5,,,,76.25,86.5,81.5
CA,131000,5,1,2006,2006-07-26T00:00:00Z,7,58,0,1,0.5,55,65,60,45,55,50,75,85,80,0,1,0.5,,,,86.25,93.25,90
CA,131000,6,1,2006,2006-08-02T00:00:00Z,6,92.5,0,1,0.5,85,95,90,5,10,7.5,85,95,90,0,1,0.5,,,,85.75,95.5,90.75
CA,131000,7,1,2006,2006-08-02T00:00:00Z,7,94.5,0,1,0.5,85,95,90,55,65,60,85,95,90,0,1,0.5,,,,93.25,98.25,96
CA,131000,8,1,2006,2006-08-02T00:00:00Z,8,95,0,1,0.5,85,95,90,5,10,7.5,85,95,90,0,1,0.5,,,,85.75,95.5,90.75
CA,131000,9,1,2006,2006-08-02T00:00:00Z,7,97.5,0,1,0.5,85,95,90,10,15,12.5,85,95,90,0,1,0.5,,,,86.5,95.75,91.25
CA,131000,10,1,2006,2006-08-02T00:00:00Z,5,113,0,1,0.5,85,95,90,25,35,30,85,95,90,0,1,0.5,,,,88.75,96.75,93
CA,131000,11,1,2006,2006-08-02T00:00:00Z,7,76.5,0,1,0.5,65,75,70,25,35,30,85,95,90,0,1,0.5,,,,88.75,96.75,93
CA,131000,12,1,2006,2006-08-02T00:00:00Z,8,53.5,0,1,0.5,45,55,50,25,35,30,85,95,90,0,1,0.5,,,,88.75,96.75,93
CA,131000,13,1,2006,2006-08-02T00:00:00Z,6,54,0,1,0.5,45,55,50,35,45,40,85,95,90,0,1,0.5,,,,90.25,97.24999999999999,94
CA,131000,14,1,2006,2006-08-02T00:00:00Z,6,62.5,0,1,0.5,55,65,60,55,65,60,85,95,90,0,1,0.5,,,,93.25,98.25,96
CA,131000,15,1,2006,2006-08-02T00:00:00Z,6,82.5,0,1,0.5,75,85,80,15,25,20,75,85,80,0,1,0.5,,,,78.75,88.75,84.00000000000001
CA,131000,16,1,2006,2006-08-02T00:00:00Z,7,54.5,0,1,0.5,45,55,50,55,65,60,85,95,90,0,1,0.5,,,,93.25,98.25,96
CA,131000,17,1,2006,2006-08-03T00:00:00Z,8,86.5,0,1,0.5,75,85,80,10,15,12.5,85,95,90,0,1,0.5,,,,86.5,95.75,91.25
CA,131000,18,1,2006,2006-08-03T00:00:00Z,6,97.5,0,1,0.5,85,95,90,5,10,7.5,85,95,90,0,1,0.5,,,,85.75,95.5,90.75
CA,131000,19,1,2006,2006-08-03T00:00:00Z,6,99.5,0,1,0.5,85,95,90,10,15,12.5,85,95,90,0,1,0.5,,,,86.5,95.75,91.25
CA,131000,20,1,2006,2006-08-03T00:00:00Z,6,66,0,1,0.5,55,65,60,25,35,30,85,95,90,0,1,0.5,,,,88.75,96.75,93
CA,131000,21,1,2006,2006-08-03T00:00:00Z,8,104.5,0,1,0.5,85,95,90,3,5,4,75,85,80,0,1,0.5,,,,75.75,85.75,80.80000000000001
CA,131000,22,1,2006,2006-08-03T00:00:00Z,7,49,0,1,0.5,45,55,50,1,3,2,75,85,80,0,1,0.5,,,,75.25,85.45,80.4
CA,131000,23,1,2006,2006-08-03T00:00:00Z,8,43.5,0,1,0.5,35,45,40,1,3,2,85,95,90,0,1,0.5,,,,85.14999999999999,95.15,90.2
CA,131000,24,1,2006,2006-08-03T00:00:00Z,9,25,0,1,0.5,25,35,30,1,3,2,75,85,80,0,1,0.5,,,,75.25,85.45,80.4
CA,131000,25,1,2006,2006-08-03T00:00:00Z,8,35,0,1,0.5,25,35,30,10,15,12.5,75,85,80,0,1,0.5,,,,77.5,87.25,82.5
CA,131000,26,1,2006,2006-08-03T00:00:00Z,5,95,0,1,0.5,85,95,90,1,3,2,75,85,80,0,1,0.5,,,,75.25,85.45,80.4
CA,131000,27,1,2006,2006-08-03T00:00:00Z,5,99.5,0,1,0.5,95,100,97.5,3,5,4,85,95,90,0,1,0.5,,,,85.45,95.24999999999999,90.4
CA,131000,28,1,2006,2006-08-03T00:00:00Z,15,102.5,0,1,0.5,95,100,97.5,25,35,30,65,75,70,0,1,0.5,,,,73.75,83.75,79
CA,131000,29,1,2006,2006-08-08T00:00:00Z,17,73.5,3,5,4,75,85,80,85,95,90,75,85,80,0,1,0.5,,,,96.25,99.25,98
CA,131000,30,1,2006,2006-08-08T00:00:00Z,21,87.5,5,10,7.5,95,100,97.5,35,45,40,85,95,90,0,1,0.5,,,,90.25,97.24999999999999,94
CA,131000,31,1,2006,2006-08-08T00:00:00Z,19,84,10,15,12.5,95,100,97.5,35,45,40,75,85,80,0,1,0.5,,,,83.75,91.75,88
CA,131000,32,1,2006,2006-08-08T00:00:00Z,21,61.5,1,3,2,75,85,80,25,35,30,65,75,70,0,1,0.5,,,,73.75,83.75,79
CA,131000,33,1,2006,2006-08-08T00:00:00Z,17,85,0,1,0.5,85,95,90,45,55,50,85,95,90,0,1,0.5,,,,91.75,97.75,95
CA,131000,34,1,2006,2006-08-08T00:00:00Z,19,56,1,3,2,55,65,60,75,85,80,65,75,70,0,1,0.5,,,,91.25,96.25,94
CA,141100,1,1,2007,2007-06-18T00:00:00Z,19,64,1,3,2,75,85,80,5,10,7.5,65,75,70,0,1,0.5,,,,66.75,77.5,72.24999999999999
CA,141100,2,1,2007,2007-06-18T00:00:00Z,18,70,0,1,0.5,75,85,80,45,55,50,75,85,80,10,15,12.5,,,,86.25,93.25,90
CA,141100,3,1,2007,2007-06-18T00:00:00Z,26,66,5,10,7.5,55,65,60,25,35,30,75,85,80,0,1,0.5,,,,81.25,90.25,86.00000000000001
CA,141100,4,1,2007,2007-06-18T00:00:00Z,32,50.5,3,5,4,55,65,60,65,75,70,75,85,80,10,15,12.5,,,,91.25,96.25,94
CA,141100,5,1,2007,2007-06-12T00:00:00Z,23,76.5,0,1,0.5,85,95,90,5,10,7.5,85,95,90,3,5,4,,,,85.75,95.5,90.75
CA,141100,6,1,2007,2007-06-12T00:00:00Z,23,89,1,3,2,85,95,90,5,10,7.5,85,95,90,5,10,7.5,,,,85.75,95.5,90.75
CA,141100,7,1,2007,2007-06-12T00:00:00Z,25,112,0,1,0.5,85,95,90,3,5,4,75,85,80,3,5,4,,,,75.75,85.75,80.80000000000001
CA,141100,8,1,2007,2007-06-12T00:00:00Z,25,63.5,0,1,0.5,85,95,90,15,25,20,75,85,80,1,3,2,,,,78.75,88.75,84.00000000000001
CA,141100,9,1,2007,2007-06-11T00:00:00Z,21,71,1,3,2,55,65,60,15,25,20,75,85,80,1,3,2,,,,78.75,88.75,84.00000000000001
CA,141100,10,1,2007,2007-06-11T00:00:00Z,16,31.5,1,3,2,45,55,50,45,55,50,85,95,90,0,1,0.5,,,,91.75,97.75,95
CA,141100,11,1,2007,2007-06-18T00:00:00Z,21,75,0,1,0.5,85,95,90,1,3,2,85,95,90,3,5,4,,,,85.14999999999999,95.15,90.2
CA,141100,12,1,2007,2007-06-18T00:00:00Z,20,96,0,1,0.5,85,95,90,3,5,4,75,85,80,15,25,20,,,,75.75,85.75,80.80000000000001
CA,141100,13,1,2007,2007-06-18T00:00:00Z,25,69,0,1,0.5,65,75,70,25,35,30,75,85,80,0,1,0.5,,,,81.25,90.25,86.00000000000001
CA,141100,14,1,2007,2007-06-12T00:00:00Z,27,58,0,1,0.5,55,65,60,85,95,90,85,95,90,0,1,0.5,,,,97.75,99.75,99
CA,141100,15,1,2007,2007-06-12T00:00:00Z,26,92,0,1,0.5,85,95,90,15,25,20,65,75,70,1,3,2,,,,70.25,81.25,76
CA,141100,16,1,2007,2007-06-12T00:00:00Z,25,74.5,0,1,0.5,95,100,97.5,5,10,7.5,85,95,90,1,3,2,,,,85.75,95.5,90.75
CA,141100,17,1,2007,2007-06-12T00:00:00Z,24,80.5,0,1,0.5,95,100,97.5,0,1,0.5,75,85,80,3,5,4,,,,75,85.14999999999999,80.10000000000001
CA,141100,18,1,2007,2007-06-12T00:00:00Z,23,109,0,1,0.5,85,95,90,3,5,4,85,95,90,1,3,2,,,,85.45,95.24999999999999,90.4
CA,141100,19,1,2007,2007-06-11T00:00:00Z,21,71.5,0,1,0.5,85,95,90,3,5,4,75,85,80,1,3,2,,,,75.75,85.75,80.80000000000001
CA,141100,20,1,2007,2007-06-11T00:00:00Z,19,71.5,0,1,0.5,75,85,80,5,10,7.5,85,95,90,1,3,2,,,,85.75,95.5,90.75
CA,141100,21,1,2007,2007-06-08T00:00:00Z,19,109.5,0,1,0.5,85,95,90,1,3,2,85,95,90,0,1,0.5,,,,85.14999999999999,95.15,90.2
CA,141100,22,1,2007,2007-06-08T00:00:00Z,17,90,0,1,0.5,85,95,90,1,3,2,85,95,90,1,3,2,,,,85.14999999999999,95.15,90.2
CA,141100,23,1,2007,2007-06-08T00:00:00Z,21,99,0,1,0.5,85,95,90,3,5,4,85,95,90,1,3,2,,,,85.45,95.24999999999999,90.4
CA,141100,24,1,2007,2007-06-08T00:00:00Z,20,112,0,1,0.5,95,100,97.5,1,3,2,85,95,90,1,3,2,,,,85.14999999999999,95.15,90.2
CA,141100,25,1,2007,2007-06-08T00:00:00Z,26,93,0,1,0.5,95,100,97.5,1,3,2,85,95,90,0,1,0.5,,,,85.14999999999999,95.15,90.2
CA,141100,26,1,2007,2007-06-11T00:00:00Z,20,97.5,0,1,0.5,95,100,97.5,1,3,2,85,95,90,3,5,4,,,,85.14999999999999,95.15,90.2
CA,141100,27,1,2007,2007-06-11T00:00:00Z,22,88,0,1,0.5,85,95,90,3,5,4,85,95,90,5,10,7.5,,,,85.45,95.24999999999999,90.4
CA,141100,28,1,2007,2007-06-11T00:00:00Z,21,96,0,1,0.5,85,95,90,5,10,7.5,85,95,90,10,15,12.5,,,,85.75,95.5,90.75
CA,141100,29,1,2007,2007-06-11T00:00:00Z,20,108,0,1,0.5,85,95,90,1,3,2,85,95,90,3,5,4,,,,85.14999999999999,95.15,90.2
CA,141100,30,1,2007,2007-06-11T00:00:00Z,20,87.5,0,1,0.5,85,95,90,5,10,7.5,85,95,90,3,5,4,,,,85.75,95.5,90.75
CA,141100,31,1,2007,2007-06-07T00:00:00Z,18,80,0,1,0.5,85,95,90,0,1,0.5,85,95,90,5,10,7.5,,,,85,95.04999999999998,90.05000000000001
CA,141100,32,1,2007,2007-06-07T00:00:00Z,15,72,0,1,0.5,65,75,70,10,15,12.5,65,75,70,25,35,30,,,,68.5,78.75,73.75
CA,141100,33,1,2007,2007-06-07T00:00:00Z,20,96,0,1,0.5,95,100,97.5,3,5,4,85,95,90,10,15,12.5,,,,85.45,95.24999999999999,90.4
CA,141100,34,1,2007,2007-06-07T00:00:00Z,18,89,0,1,0.5,75,85,80,3,5,4,85,95,90,35,45,40,,,,85.45,95.24999999999999,90.4
CA,141100,35,1,2007,2007-06-07T00:00:00Z,29,64,1,3,2,65,75,70,3,5,4,85,95,90,15,25,20,,,,85.45,95.24999999999999,90.4
CA,141100,36,1,2007,2007-06-07T00:00:00Z,22,80.5,0,1,0.5,85,95,90,5,10,7.5,85,95,90,1,3,2,,,,85.75,95.5,90.75
CA,141100,37,1,2007,2007-06-06T00:00:00Z,22,132.5,0,1,0.5,95,100,97.5,1,3,2,85,95,90,0,1,0.5,,,,85.14999999999999,95.15,90.2
CA,141100,38,1,2007,2007-06-06T00:00:00Z,15,81,0,1,0.5,85,95,90,5,10,7.5,85,95,90,0,1,0.5,,,,85.75,95.5,90.75
CA,141100,39,1,2007,2007-06-06T00:00:00Z,21,67,1,3,2,75,85,80,5,10,7.5,65,75,70,10,15,12.5,,,,66.75,77.5,72.24999999999999
CA,141100,40,1,2007,2007-06-06T00:00:00Z,17,91,0,1,0.5,75,85,80,3,5,4,85,95,90,15,25,20,,,,85.45,95.24999999999999,90.4
CA,141100,41,1,2007,2007-06-07T00:00:00Z,20,109.5,0,1,0.5,95,100,97.5,1,3,2,85,95,90,0,1,0.5,,,,85.14999999999999,95.15,90.2
CA,141100,42,1,2007,2007-06-07T00:00:00Z,16,81,0,1,0.5,75,85,80,5,10,7.5,85,95,90,10,15,12.5,,,,85.75,95.5,90.75
CA,141100,43,1,2007,2007-06-07T00:00:00Z,19,75,0,1,0.5,55,65,60,3,5,4,85,95,90,55,65,60,,,,85.45,95.24999999999999,90.4
CA,141100,44,1,2007,2007-06-07T00:00:00Z,17,60.5,0,1,0.5,35,45,40,5,10,7.5,85,95,90,65,75,70,,,,85.75,95.5,90.75
CA,141100,45,1,2007,2007-06-07T00:00:00Z,24,42,1,3,2,35,45,40,25,35,30,85,95,90,55,65,60,,,,88.75,96.75,93
CA,141100,46,1,2007,2007-06-07T00:00:00Z,18,90,0,1,0.5,85,95,90,15,25,20,65,75,70,1,3,2,,,,70.25,81.25,76
CA,141100,47,1,2007,2007-06-06T00:00:00Z,16,76.5,0,1,0.5,85,95,90,35,45,40,35,45,40,0,1,0.5,,,,57.74999999999999,69.75,64
CA,141100,48,1,2007,2007-06-06T00:00:00Z,20,78.5,0,1,0.5,75,85,80,15,25,20,75,85,80,0,1,0.5,,,,78.75,88.75,84.00000000000001
CA,141100,49,1,2007,2007-06-06T00:00:00Z,21,95.5,0,1,0.5,85,95,90,3,5,4,85,95,90,1,3,2,,,,85.45,95.24999999999999,90.4
CA,141100,50,1,2007,2007-06-06T00:00:00Z,15,110,0,1,0.5,95,100,97.5,3,5,4,85,95,90,0,1,0.5,,,,85.45,95.24999999999999,90.4
CA,141200,1,1,2007,2007-07-23T00:00:00Z,11,107.5,1,3,2,85,95,90,5,10,7.5,75,85,80,0,1,0.5,,,,76.25,86.5,81.5
CA,141200,2,1,2007,2007-07-23T00:00:00Z,13,121.5,3,5,4,85,95,90,3,5,4,85,95,90,0,1,0.5,,,,85.45,95.24999999999999,90.4
CA,141200,3,1,2007,2007-07-24T00:00:00Z,12,101,10,15,12.5,75,85,80,15,25,20,75,85,80,0,1,0.5,,,,78.75,88.75,84.00000000000001
CA,141200,4,1,2007,2007-07-24T00:00:00Z,9,102.5,1,3,2,85,95,90,15,25,20,65,75,70,0,1,0.5,,,,70.25,81.25,76
CA,141200,5,1,2007,2007-06-28T00:00:00Z,9,98.5,1,3,2,95,100,97.5,1,3,2,85,95,90,0,1,0.5,,,,85.14999999999999,95.15,90.2
CA,141200,6,1,2007,2007-07-24T00:00:00Z,8,100,1,3,2,85,95,90,5,10,7.5,85,95,90,0,1,0.5,,,,85.75,95.5,90.75
CA,141200,7,1,2007,2007-07-25T00:00:00Z,11,99,5,10,7.5,85,95,90,10,15,12.5,55,65,60,0,1,0.5,,,,59.5,70.25,64.99999999999999
CA,141200,8,1,2007,2007-07-25T00:00:00Z,9,108,1,3,2,95,100,97.5,5,10,7.5,85,95,90,0,1,0.5,,,,85.75,95.5,90.75
CA,141200,9,1,2007,2007-07-30T00:00:00Z,7,86,0,1,0.5,75,85,80,5,10,7.5,85,95,90,0,1,0.5,,,,85.75,95.5,90.75
CA,141200,10,1,2007,2007-07-30T00:00:00Z,8,95,0,1,0.5,85,95,90,1,3,2,75,85,80,0,1,0.5,,,,75.25,85.45,80.4
CA,141200,11,1,2007,2007-07-23T00:00:00Z,11,136,1,3,2,95,100,97.5,10,15,12.5,75,85,80,0,1,0.5,,,,77.5,87.25,82.5
CA,141200,12,1,2007,2007-07-23T00:00:00Z,9,105,0,1,0.5,95,100,97.5,10,15,12.5,85,95,90,0,1,0.5,,,,86.5,95.75,91.25
CA,141200,13,1,2007,2007-07-24T00:00:00Z,9,102.5,0,1,0.5,95,100,97.5,5,10,7.5,75,85,80,0,1,0.5,,,,76.25,86.5,81.5
CA,141200,14,1,2007,2007-07-24T00:00:00Z,9,108,1,3,2,95,100,97.5,10,15,12.5,65,75,70,0,1,0.5,,,,68.5,78.75,73.75
CA,141200,15,1,2007,2007-07-24T00:00:00Z,11,103,3,5,4,85,95,90,15,25,20,75,85,80,0,1,0.5,,,,78.75,88.75,84.00000000000001
CA,141200,16,1,2007,2007-07-24T00:00:00Z,10,80,5,10,7.5,55,65,60,45,55,50,85,95,90,0,1,0.5,,,,91.75,97.75,95
CA,141200,17,1,2007,2007-07-25T00:00:00Z,10,56.5,10,15,12.5,35,45,40,10,15,12.5,75,85,80,0,1,0.5,,,,77.5,87.25,82.5
CA,141200,18,1,2007,2007-07-25T00:00:00Z,9,95,15,25,20,65,75,70,25,35,30,55,65,60,5,10,7.5,,,,66.25000000000001,77.25,72
CA,141200,19,1,2007,2007-07-30T00:00:00Z,7,94,15,25,20,65,75,70,10,15,12.5,75,85,80,1,3,2,,,,77.5,87.25,82.5
CA,141200,20,1,2007,2007-07-30T00:00:00Z,8,101,0,1,0.5,95,100,97.5,3,5,4,85,95,90,0,1,0.5,,,,85.45,95.24999999999999,90.4
CA,141200,21,1,2007,2007-07-23T00:00:00Z,9,106,0,1,0.5,85,95,90,3,5,4,75,85,80,0,1,0.5,,,,75.75,85.75,80.80000000000001
CA,141200,22,1,2007,2007-07-23T00:00:00Z,11,107,1,3,2,95,100,97.5,15,25,20,85,95,90,0,1,0.5,,,,87.25,96.24999999999999,92
CA,141200,23,1,2007,2007-07-24T00:00:00Z,8,103,1,3,2,95,100,97.5,1,3,2,65,75,70,0,1,0.5,,,,65.35,75.75,70.6
CA,141200,24,1,2007,2007-07-24T00:00:00Z,7,103,1,3,2,95,100,97.5,10,15,12.5,85,95,90,0,1,0.5,,,,86.5,95.75,91.25
CA,141200,25,1,2007,2007-07-24T00:00:00Z,7,99,1,3,2,85,95,90,5,10,7.5,85,95,90,0,1,0.5,,,,85.75,95.5,90.75
CA,141200,26,1,2007,2007-07-24T00:00:00Z,7,99.5,1,3,2,85,95,90,3,5,4,85,95,90,0,1,0.5,,,,85.45,95.24999999999999,90.4
CA,141200,27,1,2007,2007-07-25T00:00:00Z,7,78,10,15,12.5,65,75,70,25,35,30,75,85,80,0,1,0.5,,,,81.25,90.25,86.00000000000001
CA,141200,28,1,2007,2007-07-25T00:00:00Z,10,33,5,10,7.5,25,35,30,5,10,7.5,75,85,80,1,3,2,,,,76.25,86.5,81.5
CA,141200,29,1,2007,2007-07-30T00:00:00Z,6,63.5,35,45,40,15,25,20,35,45,40,25,35,30,15,25,20,,,,51.24999999999999,64.25,58.00000000000001
CA,141200,30,1,2007,2007-07-30T00:00:00Z,7,95.5,15,25,20,65,75,70,35,45,40,15,25,20,0,1,0.5,,,,44.75,58.74999999999999,52
CA,141200,31,1,2007,2007-07-23T00:00:00Z,7,105,3,5,4,95,100,97.5,3,5,4,75,85,80,0,1,0.5,,,,75.75,85.75,80.80000000000001
CA,141200,32,1,2007,2007-07-23T00:00:00Z,11,102,0,1,0.5,95,100,97.5,15,25,20,75,85,80,0,1,0.5,,,,78.75,88.75,84.00000000000001
CA,141200,33,1,2007,2007-07-24T00:00:00Z,10,117,1,3,2,85,95,90,10,15,12.5,65,75,70,0,1,0.5,,,,68.5,78.75,73.75
CA,141200,34,1,2007,2007-07-24T00:00:00Z,10,104.5,1,3,2,95,100,97.5,10,15,12.5,65,75,70,0,1,0.5,,,,68.5,78.75,73.75
CA,141200,35,1,2007,2007-07-24T00:00:00Z,9,98.5,0,1,0.5,85,95,90,35,45,40,35,45,40,0,1,0.5,,,,57.74999999999999,69.75,64
CA,141200,36,1,2007,2007-07-24T00:00:00Z,8,130.5,0,1,0.5,95,100,97.5,10,15,12.5,75,85,80,0,1,0.5,,,,77.5,87.25,82.5
CA,141200,37,1,2007,2007-07-25T00:00:00Z,10,96,1,3,2,85,95,90,10,15,12.5,65,75,70,0,1,0.5,,,,68.5,78.75,73.75
CA,141200,38,1,2007,2007-07-25T00:00:00Z,11,55,1,3,2,45,55,50,5,10,7.5,75,85,80,0,1,0.5,,,,76.25,86.5,81.5
CA,141200,39,1,2007,2007-07-30T00:00:00Z,10,53,5,10,7.5,35,45,40,10,15,12.5,85,95,90,15,25,20,,,,86.5,95.75,91.25
CA,141200,40,1,2007,2007-07-30T00:00:00Z,6,113.5,0,1,0.5,85,95,90,15,25,20,15,25,20,3,5,4,,,,27.750000000000007,43.75,35.999999999999986
CA,141200,41,1,2007,2007-07-23T00:00:00Z,11,137.5,1,3,2,95,100,97.5,5,10,7.5,75,85,80,0,1,0.5,,,,76.25,86.5,81.5
CA,141200,42,1,2007,2007-07-23T00:00:00Z,8,103.5,1,3,2,95,100,97.5,1,3,2,75,85,80,0,1,0.5,,,,75.25,85.45,80.4
CA,141200,43,1,2007,2007-07-24T00:00:00Z,7,132.5,0,1,0.5,95,100,97.5,1,3,2,85,95,90,0,1,0.5,,,,85.14999999999999,95.15,90.2
CA,141200,44,1,2007,2007-07-24T00:00:00Z,11,104.5,0,1,0.5,85,95,90,15,25,20,85,95,90,0,1,0.5,,,,87.25,96.24999999999999,92
CA,141200,45,1,2007,2007-07-24T00:00:00Z,8,123.5,0,1,0.5,95,100,97.5,1,3,2,85,95,90,0,1,0.5,,,,85.14999999999999,95.15,90.2
CA,141200,46,1,2007,2007-07-24T00:00:00Z,6,108.5,0,1,0.5,95,100,97.5,10,15,12.5,95,100,97.5,0,1,0.5,,,,95.5,100,97.8125
CA,141200,47,1,2007,2007-07-25T00:00:00Z,6,94,0,1,0.5,85,95,90,5,10,7.5,75,85,80,0,1,0.5,,,,76.25,86.5,81.5
CA,141200,48,1,2007,2007-07-25T00:00:00Z,5,99.5,0,1,0.5,95,100,97.5,1,3,2,75,85,80,0,1,0.5,,,,75.25,85.45,80.4
CA,141200,49,1,2007,2007-07-25T00:00:00Z,7,96,0,1,0.5,85,95,90,3,5,4,75,85,80,0,1,0.5,,,,75.75,85.75,80.80000000000001
CA,141200,50,1,2007,2007-07-30T00:00:00Z,8,95,1,3,2,85,95,90,10,15,12.5,55,65,60,0,1,0.5,,,,59.5,70.25,64.99999999999999
CA,151000,18,1,2008,2008-05-06T00:00:00Z,28,117.5,5,10,7.5,85,95,90,65,75,70,55,65,60,0,1,0.5,,,,84.25,91.25,88
CA,151000,19,1,2008,2008-05-06T00:00:00Z,25,115,1,3,2,75,85,80,65,75,70,45,55,50,0,1,0.5,,,,80.75,88.75,85
CA,151000,20,1,2008,2008-05-06T00:00:00Z,28,111.5,3,5,4,75,85,80,85,95,90,45,55,50,0,1,0.5,,,,91.75,97.75,95
CA,151000,21,1,2008,2008-05-06T00:00:00Z,32,153,5,10,7.5,85,95,90,75,85,80,65,75,70,0,1,0.5,,,,91.25,96.25,94
CA,151000,22,1,2008,2008-05-06T00:00:00Z,28,159.5,5,10,7.5,85,95,90,55,65,60,55,65,60,0,1,0.5,,,,79.75000000000001,87.75,84
CA,151000,23,1,2008,2008-05-06T00:00:00Z,29,136,5,10,7.5,85,95,90,75,85,80,55,65,60,0,1,0.5,,,,88.75,94.75,92
CA,151000,24,1,2008,2008-05-06T00:00:00Z,31,144,3,5,4,75,85,80,55,65,60,55,65,60,0,1,0.5,,,,79.75000000000001,87.75,84
CA,151000,25,1,2008,2008-05-26T00:00:00Z,41,99,3,5,4,85,95,90,10,15,12.5,75,85,80,0,1,0.5,,,,77.5,87.25,82.5
CA,151000,26,1,2008,2008-05-28T00:00:00Z,35,139,0,1,0.5,95,100,97.5,85,95,90,65,75,70,0,1,0.5,,,,94.75,98.75,97
CA,151000,27,1,2008,2008-05-28T00:00:00Z,26,114,0,1,0.5,85,95,90,95,100,97.5,55,65,60,0,1,0.5,,,,97.75,100,99
CA,151000,28,1,2008,2008-06-02T00:00:00Z,28,107,1,3,2,65,75,70,95,100,97.5,35,45,40,0,1,0.5,,,,96.75,100,98.5
CA,151000,29,1,2008,2008-06-02T00:00:00Z,24,70.5,1,3,2,35,45,40,95,100,97.5,25,35,30,0,1,0.5,,,,96.24999999999999,100,98.25
CA,151000,30,1,2008,2008-06-03T00:00:00Z,29,72.5,1,3,2,25,35,30,95,100,97.5,25,35,30,0,1,0.5,,,,96.24999999999999,100,98.25
CA,151000,31,1,2008,2008-06-03T00:00:00Z,25,127.5,1,3,2,65,75,70,95,100,97.5,45,55,50,0,1,0.5,,,,97.24999999999999,100,98.75
CA,151000,32,1,2008,2008-06-04T00:00:00Z,26,113,3,5,4,35,45,40,95,100,97.5,35,45,40,0,1,0.5,,,,96.75,100,98.5
CA,151000,34,1,2008,2008-05-07T00:00:00Z,31,107.5,10,15,12.5,75,85,80,65,75,70,55,65,60,0,1,0.5,,,,84.25,91.25,88
CA,151000,35,1,2008,2008-05-07T00:00:00Z,37,100.5,5,10,7.5,65,75,70,85,95,90,55,65,60,0,1,0.5,,,,93.25,98.25,96
CA,151000,36,1,2008,2008-05-07T00:00:00Z,39,111,,,,75,85,80,85,95,90,15,25,20,0,1,0.5,,,,87.25,96.24999999999999,92
CA,151000,37,1,2008,2008-05-07T00:00:00Z,33,124,5,10,7.5,75,85,80,85,95,90,55,65,60,0,1,0.5,,,,93.25,98.25,96
CA,151000,38,1,2008,2008-05-07T00:00:00Z,37,101,5,10,7.5,65,75,70,85,95,90,55,65,60,0,1,0.5,,,,93.25,98.25,96
CA,151000,39,1,2008,2008-05-07T00:00:00Z,31,88,10,15,12.5,85,95,90,75,85,80,65,75,70,0,1,0.5,,,,91.25,96.25,94
CA,151000,40,1,2008,2008-05-06T00:00:00Z,33,104.5,5,10,7.5,75,85,80,65,75,70,55,65,60,0,1,0.5,,,,84.25,91.25,88
CA,151000,41,1,2008,2008-05-26T00:00:00Z,45,95.5,5,10,7.5,85,95,90,10,15,12.5,65,75,70,0,1,0.5,,,,68.5,78.75,73.75
CA,151000,42,1,2008,2008-05-28T00:00:00Z,32,88,1,3,2,85,95,90,85,95,90,65,75,70,0,1,0.5,,,,94.75,98.75,97
CA,151000,43,1,2008,2008-05-28T00:00:00Z,23,130,1,3,2,95,100,97.5,95,100,97.5,55,65,60,0,1,0.5,,,,97.75,100,99
CA,151000,44,1,2008,2008-06-02T00:00:00Z,28,119.5,1,3,2,85,95,90,75,85,80,35,45,40,0,1,0.5,,,,83.75,91.75,88
CA,151000,45,1,2008,2008-06-02T00:00:00Z,28,75,1,3,2,35,45,40,95,100,97.5,35,45,40,0,1,0.5,,,,96.75,100,98.5
CA,151000,46,1,2008,2008-06-03T00:00:00Z,30,109.5,1,3,2,75,85,80,95,100,97.5,35,45,40,0,1,0.5,,,,96.75,100,98.5
CA,151000,47,1,2008,2008-06-03T00:00:00Z,31,121.5,1,3,2,75,85,80,85,95,90,55,65,60,0,1,0.5,,,,93.25,98.25,96
CA,151000,48,1,2008,2008-06-04T00:00:00Z,32,94.5,3,5,4,55,65,60,85,95,90,45,55,50,0,1,0.5,,,,91.75,97.75,95
CA,151000,50,1,2008,2008-05-07T00:00:00Z,34,81.5,10,15,12.5,65,75,70,75,85,80,35,45,40,0,1,0.5,,,,83.75,91.75,88
CA,151000,51,1,2008,2008-05-07T00:00:00Z,37,106.5,5,10,7.5,75,85,80,65,75,70,55,65,60,0,1,0.5,,,,84.25,91.25,88
CA,151000,52,1,2008,2008-05-21T00:00:00Z,37,111.5,5,10,7.5,85,95,90,95,100,97.5,45,55,50,0,1,0.5,,,,97.24999999999999,100,98.75
CA,151000,53,1,2008,2008-05-21T00:00:00Z,32,127.5,5,10,7.5,85,95,90,85,95,90,65,75,70,0,1,0.5,,,,94.75,98.75,97
CA,151000,54,1,2008,2008-05-21T00:00:00Z,36,115.5,5,10,7.5,75,85,80,75,85,80,75,85,80,0,1,0.5,,,,93.75,97.75,96
CA,151000,55,1,2008,2008-05-21T00:00:00Z,37,107.5,15,25,20,85,95,90,55,65,60,75,85,80,0,1,0.5,,,,88.75,94.75,92
CA,151000,56,1,2008,2008-05-21T00:00:00Z,31,80.5,5,10,7.5,65,75,70,85,95,90,65,75,70,0,1,0.5,,,,94.75,98.75,97
CA,151000,57,1,2008,2008-05-26T00:00:00Z,49,109.5,5,10,7.5,85,95,90,10,15,12.5,75,85,80,0,1,0.5,,,,77.5,87.25,82.5
CA,151000,58,1,2008,2008-05-28T00:00:00Z,34,95,0,1,0.5,95,100,97.5,85,95,90,65,75,70,0,1,0.5,,,,94.75,98.75,97
CA,151000,59,1,2008,2008-05-28T00:00:00Z,33,175,1,3,2,95,100,97.5,75,85,80,25,35,30,0,1,0.5,,,,81.25,90.25,86.00000000000001
CA,151000,60,1,2008,2008-05-29T00:00:00Z,36,178,1,3,2,85,95,90,85,95,90,45,55,50,0,1,0.5,,,,91.75,97.75,95
CA,151000,61,1,2008,2008-06-02T00:00:00Z,29,122,1,3,2,55,65,60,95,100,97.5,45,55,50,0,1,0.5,,,,97.24999999999999,100,98.75
CA,151000,62,1,2008,2008-06-03T00:00:00Z,26,140.5,1,3,2,75,85,80,85,95,90,45,55,50,0,1,0.5,,,,91.75,97.75,95
CA,151000,63,1,2008,2008-06-03T00:00:00Z,30,100,5,10,7.5,75,85,80,85,95,90,35,45,40,0,1,0.5,,,,90.25,97.24999999999999,94
CA,151000,64,1,2008,2008-06-04T00:00:00Z,27,66,3,5,4,35,45,40,85,95,90,35,45,40,0,1,0.5,,,,90.25,97.24999999999999,94
CA,151000,66,1,2008,2008-05-19T00:00:00Z,32,75,5,10,7.5,75,85,80,75,85,80,55,65,60,0,1,0.5,,,,88.75,94.75,92
CA,151000,67,1,2008,2008-05-19T00:00:00Z,39,80.5,10,15,12.5,75,85,80,95,100,97.5,65,75,70,0,1,0.5,,,,98.25,100,99.25
CA,151000,68,1,2008,2008-05-19T00:00:00Z,36,106,10,15,12.5,85,95,90,95,100,97.5,55,65,60,0,1,0.5,,,,97.75,100,99
CA,151000,69,1,2008,2008-05-21T00:00:00Z,35,126,3,5,4,85,95,90,95,100,97.5,55,65,60,0,1,0.5,,,,97.75,100,99
CA,151000,70,1,2008,2008-05-21T00:00:00Z,37,98.5,5,10,7.5,65,75,70,75,85,80,75,85,80,0,1,0.5,,,,93.75,97.75,96
CA,151000,71,1,2008,2008-05-21T00:00:00Z,35,138,10,15,12.5,85,95,90,75,85,80,75,85,80,0,1,0.5,,,,93.75,97.75,96
CA,151000,72,1,2008,2008-05-21T00:00:00Z,33,91,5,10,7.5,75,85,80,95,100,97.5,45,55,50,0,1,0.5,,,,97.24999999999999,100,98.75
CA,151000,73,1,2008,2008-05-26T00:00:00Z,46,113.5,5,10,7.5,85,95,90,25,35,30,55,65,60,0,1,0.5,,,,66.25000000000001,77.25,72
CA,151000,74,1,2008,2008-05-28T00:00:00Z,30,137.5,0,1,0.5,95,100,97.5,85,95,90,75,85,80,0,1,0.5,,,,96.25,99.25,98
CA,151000,75,1,2008,2008-05-29T00:00:00Z,30,145,1,3,2,95,100,97.5,85,95,90,55,65,60,0,1,0.5,,,,93.25,98.25,96
CA,151000,76,1,2008,2008-05-29T00:00:00Z,27,117,1,3,2,95,100,97.5,75,85,80,15,25,20,0,1,0.5,,,,78.75,88.75,84.00000000000001
CA,151000,77,1,2008,2008-06-02T00:00:00Z,20,116.5,1,3,2,75,85,80,95,100,97.5,35,45,40,0,1,0.5,,,,96.75,100,98.5
CA,151000,78,1,2008,2008-06-03T00:00:00Z,20,124.5,1,3,2,75,85,80,85,95,90,35,45,40,0,1,0.5,,,,90.25,97.24999999999999,94
CA,151000,79,1,2008,2008-06-03T00:00:00Z,31,116,1,3,2,75,85,80,95,100,97.5,35,45,40,0,1,0.5,,,,96.75,100,98.5
CA,151000,80,1,2008,2008-06-04T00:00:00Z,30,92.5,1,3,2,65,75,70,75,85,80,35,45,40,0,1,0.5,,,,83.75,91.75,88
CA,151000,82,1,2008,2008-05-19T00:00:00Z,32,77.5,10,15,12.5,75,85,80,55,65,60,55,65,60,0,1,0.5,,,,79.75000000000001,87.75,84
CA,151000,83,1,2008,2008-05-19T00:00:00Z,35,82,5,10,7.5,75,85,80,85,95,90,75,85,80,0,1,0.5,,,,96.25,99.25,98
CA,151000,84,1,2008,2008-05-19T00:00:00Z,31,92,10,15,12.5,75,85,80,95,100,97.5,65,75,70,0,1,0.5,,,,98.25,100,99.25
CA,151000,85,1,2008,2008-05-19T00:00:00Z,29,89,10,15,12.5,65,75,70,95,100,97.5,75,85,80,0,1,0.5,,,,98.75,100,99.5
CA,151000,86,1,2008,2008-05-19T00:00:00Z,41,74,5,10,7.5,65,75,70,75,85,80,75,85,80,0,1,0.5,,,,93.75,97.75,96
CA,151000,87,1,2008,2008-05-19T00:00:00Z,35,115.5,5,10,7.5,85,95,90,75,85,80,75,85,80,0,1,0.5,,,,93.75,97.75,96
CA,151000,88,1,2008,2008-05-19T00:00:00Z,35,129,3,5,4,65,75,70,95,100,97.5,55,65,60,0,1,0.5,,,,97.75,100,99
CA,151000,89,1,2008,2008-05-27T00:00:00Z,46,71.5,1,3,2,75,85,80,35,45,40,75,85,80,0,1,0.5,,,,83.75,91.75,88
CA,151000,90,1,2008,2008-05-28T00:00:00Z,31,114.5,0,1,0.5,95,100,97.5,65,75,70,75,85,80,0,1,0.5,,,,91.25,96.25,94
CA,151000,91,1,2008,2008-05-29T00:00:00Z,27,97,1,3,2,95,100,97.5,85,95,90,55,65,60,0,1,0.5,,,,93.25,98.25,96
CA,151000,92,1,2008,2008-05-29T00:00:00Z,25,110.5,0,1,0.5,85,95,90,85,95,90,65,75,70,0,1,0.5,,,,94.75,98.75,97
CA,151000,93,1,2008,2008-06-02T00:00:00Z,21,96.5,1,3,2,65,75,70,95,100,97.5,35,45,40,0,1,0.5,,,,96.75,100,98.5
CA,151000,94,1,2008,2008-06-02T00:00:00Z,22,110.5,1,3,2,75,85,80,85,95,90,35,45,40,0,1,0.5,,,,90.25,97.24999999999999,94
CA,151000,95,1,2008,2008-06-03T00:00:00Z,25,94,,,,75,85,80,85,95,90,45,55,50,0,1,0.5,,,,91.75,97.75,95
CA,151000,96,1,2008,2008-06-04T00:00:00Z,31,54.5,1,3,2,35,45,40,85,95,90,35,45,40,0,1,0.5,,,,90.25,97.24999999999999,94
CA,151000,98,1,2008,2008-05-16T00:00:00Z,29,92.5,5,10,7.5,75,85,80,95,100,97.5,35,45,40,0,1,0.5,,,,96.75,100,98.5
CA,151000,99,1,2008,2008-05-16T00:00:00Z,34,91,3,5,4,75,85,80,95,100,97.5,65,75,70,0,1,0.5,,,,98.25,100,99.25
CA,151000,100,1,2008,2008-05-15T00:00:00Z,26,110.5,5,10,7.5,85,95,90,95,100,97.5,35,45,40,0,1,0.5,,,,96.75,100,98.5
CA,151000,101,1,2008,2008-05-15T00:00:00Z,29,107,5,10,7.5,85,95,90,65,75,70,95,100,97.5,0,1,0.5,,,,98.25,100,99.25
CA,151000,102,1,2008,2008-05-16T00:00:00Z,33,105.5,3,5,4,85,95,90,95,100,97.5,65,75,70,0,1,0.5,,,,98.25,100,99.25
CA,151000,103,1,2008,2008-05-02T00:00:00Z,30,105.5,10,15,12.5,85,95,90,95,100,97.5,65,75,70,0,1,0.5,,,,98.25,100,99.25
CA,151000,104,1,2008,2008-05-16T00:00:00Z,28,124.5,10,15,12.5,85,95,90,95,100,97.5,35,45,40,0,1,0.5,,,,96.75,100,98.5
CA,151000,105,1,2008,2008-05-27T00:00:00Z,42,72,1,3,2,85,95,90,35,45,40,65,75,70,0,1,0.5,,,,77.25,86.25,82
CA,151000,106,1,2008,2008-05-27T00:00:00Z,34,72.5,0,1,0.5,65,75,70,95,100,97.5,75,85,80,0,1,0.5,,,,98.75,100,99.5
CA,151000,107,1,2008,2008-05-29T00:00:00Z,31,103,0,1,0.5,85,95,90,85,95,90,55,65,60,0,1,0.5,,,,93.25,98.25,96
CA,151000,108,1,2008,2008-05-29T00:00:00Z,28,74.5,0,1,0.5,75,85,80,85,95,90,55,65,60,0,1,0.5,,,,93.25,98.25,96
CA,151000,109,1,2008,2008-06-02T00:00:00Z,23,85,1,3,2,65,75,70,85,95,90,35,45,40,0,1,0.5,,,,90.25,97.24999999999999,94
CA,151000,110,1,2008,2008-06-02T00:00:00Z,22,74.5,1,3,2,75,85,80,85,95,90,35,45,40,0,1,0.5,,,,90.25,97.24999999999999,94
CA,151000,111,1,2008,2008-06-03T00:00:00Z,23,75.5,1,3,2,65,75,70,75,85,80,45,55,50,0,1,0.5,,,,86.25,93.25,90
CA,151000,112,1,2008,2008-06-04T00:00:00Z,28,76,1,3,2,55,65,60,75,85,80,55,65,60,0,1,0.5,,,,88.75,94.75,92
CA,151000,114,1,2008,2008-05-15T00:00:00Z,30,90,5,10,7.5,75,85,80,95,100,97.5,65,75,70,0,1,0.5,,,,98.25,100,99.25
CA,151000,115,1,2008,2008-05-15T00:00:00Z,30,95.5,3,5,4,85,95,90,55,65,60,95,100,97.5,0,1,0.5,,,,97.75,100,99
CA,151000,116,1,2008,2008-05-15T00:00:00Z,29,105,10,15,12.5,75,85,80,95,100,97.5,55,65,60,0,1,0.5,,,,97.75,100,99
CA,151000,117,1,2008,2008-05-15T00:00:00Z,27,83,5,10,7.5,65,75,70,85,95,90,65,75,70,0,1,0.5,,,,94.75,98.75,97
CA,151000,118,1,2008,2008-05-15T00:00:00Z,35,109.5,3,5,4,85,95,90,95,100,97.5,65,75,70,0,1,0.5,,,,98.25,100,99.25
CA,151000,119,1,2008,2008-05-15T00:00:00Z,26,74,3,5,4,65,75,70,95,100,97.5,65,75,70,0,1,0.5,,,,98.25,100,99.25
CA,151000,120,1,2008,2008-05-15T00:00:00Z,27,88,5,10,7.5,75,85,80,95,100,97.5,35,45,40,0,1,0.5,,,,96.75,100,98.5
CA,151000,121,1,2008,2008-05-27T00:00:00Z,51,73,5,10,7.5,85,95,90,65,75,70,65,75,70,0,1,0.5,,,,87.75,93.75,90.99999999999999
CA,151000,122,1,2008,2008-05-27T00:00:00Z,32,91,0,1,0.5,85,95,90,85,95,90,65,75,70,0,1,0.5,,,,94.75,98.75,97
CA,151000,123,1,2008,2008-05-29T00:00:00Z,25,130.5,0,1,0.5,85,95,90,85,95,90,75,85,80,0,1,0.5,,,,96.25,99.25,98
CA,151000,124,1,2008,2008-05-29T00:00:00Z,30,83.5,1,3,2,75,85,80,95,100,97.5,65,75,70,0,1,0.5,,,,98.25,100,99.25
CA,151000,125,1,2008,2008-06-02T00:00:00Z,29,72,1,3,2,65,75,70,85,95,90,35,45,40,0,1,0.5,,,,90.25,97.24999999999999,94
CA,151000,126,1,2008,2008-06-02T00:00:00Z,32,72.5,1,3,2,65,75,70,85,95,90,35,45,40,0,1,0.5,,,,90.25,97.24999999999999,94
CA,151000,127,1,2008,2008-06-03T00:00:00Z,30,67.5,1,3,2,75,85,80,75,85,80,55,65,60,0,1,0.5,,,,88.75,94.75,92
CA,151000,128,1,2008,2008-06-04T00:00:00Z,29,55,1,3,2,65,75,70,85,95,90,45,55,50,0,1,0.5,,,,91.75,97.75,95
CA,171100,1,1,2004,2004-09-28T00:00:00Z,36,58,0,1,0.5,65,75,70,5,10,7.5,55,65,60,,,,,,,57.25,68.5,62.999999999999986
CA,171100,2,1,2004,2004-09-22T00:00:00Z,35,68,0,1,0.5,45,55,50,5,10,7.5,65,75,70,,,,,,,66.75,77.5,72.24999999999999
CA,171100,3,1,2004,2004-09-21T00:00:00Z,35,53.5,1,3,2,55,65,60,10,15,12.5,15,25,20,,,,,,,23.5,36.25000000000001,29.999999999999993
CA,171100,4,1,2004,2004-09-21T00:00:00Z,33,47.5,1,3,2,35,45,40,35,45,40,65,75,70,,,,,,,77.25,86.25,82
CA,171100,5,1,2004,2004-09-07T00:00:00Z,32,42,1,3,2,55,65,60,5,10,7.5,65,75,70,,,,,,,66.75,77.5,72.24999999999999
CA,171100,6,1,2004,2004-09-07T00:00:00Z,37,94.5,0,1,0.5,35,45,40,10,15,12.5,55,65,60,,,,,,,59.5,70.25,64.99999999999999
CA,171100,7,1,2004,2004-09-06T00:00:00Z,37,61.5,1,3,2,35,45,40,3,5,4,65,75,70,,,,,,,66.05000000000001,76.25,71.2
CA,171100,8,1,2004,2004-09-01T00:00:00Z,34,100,0,1,0.5,35,45,40,5,10,7.5,55,65,60,,,,,,,57.25,68.5,62.999999999999986
CA,171100,9,1,2004,2004-08-31T00:00:00Z,35,77,1,3,2,55,65,60,10,15,12.5,35,45,40,,,,,,,41.49999999999999,53.25,47.5
CA,171100,10,1,2004,2004-08-24T00:00:00Z,36,46,3,5,4,45,55,50,5,10,7.5,45,55,50,,,,,,,47.75,59.5,53.75
CA,171100,11,1,2004,2004-09-28T00:00:00Z,35,55,1,3,2,65,75,70,15,25,20,65,75,70,,,,,,,70.25,81.25,76
CA,171100,12,1,2004,2004-09-22T00:00:00Z,35,53.5,1,3,2,45,55,50,1,3,2,65,75,70,,,,,,,65.35,75.75,70.6
CA,171100,13,1,2004,2004-09-21T00:00:00Z,38,51,1,3,2,65,75,70,5,10,7.5,75,85,80,,,,,,,76.25,86.5,81.5
CA,171100,14,1,2004,2004-09-08T00:00:00Z,32,46.5,1,3,2,65,75,70,45,55,50,65,75,70,,,,,,,80.75,88.75,85
CA,171100,15,1,2004,2004-09-07T00:00:00Z,40,77.5,1,3,2,65,75,70,3,5,4,75,85,80,,,,,,,75.75,85.75,80.80000000000001
CA,171100,16,1,2004,2004-09-07T00:00:00Z,40,62.5,1,3,2,25,35,30,5,10,7.5,75,85,80,,,,,,,76.25,86.5,81.5
CA,171100,17,1,2004,2004-09-06T00:00:00Z,38,52.5,1,3,2,45,55,50,1,3,2,85,95,90,,,,,,,85.14999999999999,95.15,90.2
CA,171100,18,1,2004,2004-09-01T00:00:00Z,33,83.5,0,1,0.5,25,35,30,15,25,20,55,65,60,,,,,,,61.75000000000001,73.75,68
CA,171100,19,1,2004,2004-08-31T00:00:00Z,34,90.5,0,1,0.5,55,65,60,5,10,7.5,35,45,40,,,,,,,38.25000000000001,50.499999999999986,44.49999999999999
CA,171100,20,1,2004,2004-08-24T00:00:00Z,30,57.5,0,1,0.5,0,1,0.5,0,1,0.5,0,1,0.5,,,,,,,0,1.9900000000000029,0.9974999999999956
CA,171100,21,1,2004,2004-09-28T00:00:00Z,35,57.5,1,3,2,65,75,70,15,25,20,65,75,70,,,,,,,70.25,81.25,76
CA,171100,22,1,2004,2004-09-22T00:00:00Z,36,56.5,0,1,0.5,45,55,50,3,5,4,45,55,50,,,,,,,46.650000000000006,57.25,52
CA,171100,23,1,2004,2004-09-21T00:00:00Z,28,61,0,1,0.5,65,75,70,0,1,0.5,15,25,20,,,,,,,15.000000000000002,25.750000000000007,20.399999999999995
CA,171100,24,1,2004,2004-09-08T00:00:00Z,36,41,1,3,2,35,45,40,45,55,50,35,45,40,,,,,,,64.25,75.25,70
CA,171100,25,1,2004,2004-09-08T00:00:00Z,35,42,1,3,2,45,55,50,1,3,2,85,95,90,,,,,,,85.14999999999999,95.15,90.2
CA,171100,26,1,2004,2004-09-07T00:00:00Z,34,48.5,0,1,0.5,25,35,30,3,5,4,85,95,90,,,,,,,85.45,95.24999999999999,90.4
CA,171100,27,1,2004,2004-09-06T00:00:00Z,35,52.5,1,3,2,45,55,50,5,10,7.5,55,65,60,,,,,,,57.25,68.5,62.999999999999986
CA,171100,28,1,2004,2004-09-01T00:00:00Z,30,50.5,0,1,0.5,25,35,30,15,25,20,65,75,70,,,,,,,70.25,81.25,76
CA,171100,29,1,2004,2004-08-31T00:00:00Z,38,93.5,1,3,2,55,65,60,1,3,2,45,55,50,,,,,,,45.550000000000004,56.35000000000001,51
CA,171100,30,1,2004,2004-08-24T00:00:00Z,24,46.5,1,3,2,45,55,50,1,3,2,55,65,60,,,,,,,55.45,66.05000000000001,60.8
CA,171100,31,1,2004,2004-09-28T00:00:00Z,37,52.5,0,1,0.5,65,75,70,3,5,4,55,65,60,,,,,,,56.35000000000001,66.75,61.6
CA,171100,32,1,2004,2004-09-22T00:00:00Z,37,50.5,0,1,0.5,35,45,40,3,5,4,65,75,70,,,,,,,66.05000000000001,76.25,71.2
CA,171100,33,1,2004,2004-09-21T00:00:00Z,29,40.5,0,1,0.5,65,75,70,0,1,0.5,55,65,60,,,,,,,55.00000000000001,65.35,60.199999999999996
CA,171100,34,1,2004,2004-09-08T00:00:00Z,36,62.5,1,3,2,35,45,40,35,45,40,35,45,40,,,,,,,57.74999999999999,69.75,64
CA,171100,35,1,2004,2004-09-08T00:00:00Z,29,67,1,3,2,65,75,70,3,5,4,65,75,70,,,,,,,66.05000000000001,76.25,71.2
CA,171100,36,1,2004,2004-09-07T00:00:00Z,36,46.5,0,1,0.5,35,45,40,10,15,12.5,55,65,60,,,,,,,59.5,70.25,64.99999999999999
CA,171100,37,1,2004,2004-09-06T00:00:00Z,31,40,1,3,2,35,45,40,5,10,7.5,75,85,80,,,,,,,76.25,86.5,81.5
CA,171100,38,1,2004,2004-09-01T00:00:00Z,28,43,0,1,0.5,35,45,40,1,3,2,55,65,60,,,,,,,55.45,66.05000000000001,60.8
CA,171100,39,1,2004,2004-09-01T00:00:00Z,33,71.5,0,1,0.5,55,65,60,1,3,2,55,65,60,,,,,,,55.45,66.05000000000001,60.8
CA,171100,40,1,2004,2004-08-24T00:00:00Z,32,53,0,1,0.5,45,55,50,1,3,2,55,65,60,,,,,,,55.45,66.05000000000001,60.8
CA,171100,41,1,2004,2004-09-28T00:00:00Z,26,27.5,0,1,0.5,45,55,50,25,35,30,65,75,70,,,,,,,73.75,83.75,79
CA,171100,42,1,2004,2004-09-22T00:00:00Z,34,39,0,1,0.5,25,35,30,15,25,20,65,75,70,,,,,,,70.25,81.25,76
CA,171100,43,1,2004,2004-09-22T00:00:00Z,38,67,0,1,0.5,45,55,50,3,5,4,65,75,70,,,,,,,66.05000000000001,76.25,71.2
CA,171100,44,1,2004,2004-09-09T00:00:00Z,37,79,1,3,2,35,45,40,3,5,4,65,75,70,,,,,,,66.05000000000001,76.25,71.2
CA,171100,45,1,2004,2004-09-08T00:00:00Z,36,72,1,3,2,55,65,60,3,5,4,85,95,90,,,,,,,85.45,95.24999999999999,90.4
CA,171100,46,1,2004,2004-09-07T00:00:00Z,37,48,0,1,0.5,35,45,40,15,25,20,75,85,80,,,,,,,78.75,88.75,84.00000000000001
CA,171100,47,1,2004,2004-09-06T00:00:00Z,41,56.5,0,1,0.5,45,55,50,15,25,20,55,65,60,,,,,,,61.75000000000001,73.75,68
CA,171100,48,1,2004,2004-09-01T00:00:00Z,34,49.5,0,1,0.5,45,55,50,15,25,20,35,45,40,,,,,,,44.75,58.74999999999999,52
CA,171100,49,1,2004,2004-09-01T00:00:00Z,32,63,0,1,0.5,55,65,60,10,15,12.5,45,55,50,,,,,,,50.499999999999986,61.75000000000001,56.25
CA,171100,50,1,2004,2004-08-24T00:00:00Z,32,86,0,1,0.5,75,85,80,1,3,2,55,65,60,,,,,,,55.45,66.05000000000001,60.8
CA,171200,1,1,2004,2004-08-10T00:00:00Z,21,37.5,0,1,0.5,35,45,40,25,35,30,45,55,50,,,,,,,58.74999999999999,70.75,65
CA,171200,2,1,2004,2004-08-10T00:00:00Z,21,42.5,0,1,0.5,45,55,50,25,35,30,25,35,30,,,,,,,43.75,57.74999999999999,51
CA,171200,3,1,2004,2004-08-10T00:00:00Z,21,34,1,3,2,25,35,30,25,35,30,65,75,70,,,,,,,73.75,83.75,79
CA,171200,4,1,2004,2004-08-10T00:00:00Z,22,21,1,3,2,15,25,20,25,35,30,55,65,60,,,,,,,66.25000000000001,77.25,72
CA,171200,5,1,2004,2004-08-10T00:00:00Z,28,45,1,3,2,45,55,50,10,15,12.5,15,25,20,,,,,,,23.5,36.25000000000001,29.999999999999993
CA,171200,6,1,2004,2004-08-10T00:00:00Z,28,56,0,1,0.5,45,55,50,15,25,20,15,25,20,,,,,,,27.750000000000007,43.75,35.999999999999986
CA,171200,7,1,2004,2004-08-10T00:00:00Z,28,58.5,3,5,4,45,55,50,55,65,60,15,25,20,,,,,,,61.75000000000001,73.75,68
CA,171200,8,1,2004,2004-08-10T00:00:00Z,29,36,1,3,2,35,45,40,35,45,40,35,45,40,,,,,,,57.74999999999999,69.75,64
CA,171200,9,1,2004,2004-08-10T00:00:00Z,28,53,0,1,0.5,55,65,60,25,35,30,15,25,20,,,,,,,36.25000000000001,51.24999999999999,44.00000000000001
CA,171200,10,1,2004,2004-08-10T00:00:00Z,31,42.5,1,3,2,35,45,40,25,35,30,35,45,40,,,,,,,51.24999999999999,64.25,58.00000000000001
CA,171200,11,1,2004,2004-08-10T00:00:00Z,27,35.5,0,1,0.5,35,45,40,10,15,12.5,10,15,12.5,,,,,,,18.999999999999993,27.750000000000007,23.4375
CA,171200,12,1,2004,2004-08-10T00:00:00Z,23,64,0,1,0.5,65,75,70,15,25,20,15,25,20,,,,,,,27.750000000000007,43.75,35.999999999999986
CA,171200,13,1,2004,2004-08-10T00:00:00Z,21,23.5,0,1,0.5,25,35,30,15,25,20,55,65,60,,,,,,,61.75000000000001,73.75,68
CA,171200,14,1,2004,2004-08-10T00:00:00Z,19,26.5,1,3,2,15,25,20,10,15,12.5,65,75,70,,,,,,,68.5,78.75,73.75
CA,171200,15,1,2004,2004-08-10T00:00:00Z,23,25,0,1,0.5,0,1,0.5,0,1,0.5,0,1,0.5,,,,,,,0,1.9900000000000029,0.9974999999999956
CA,171200,16,1,2004,2004-08-10T00:00:00Z,18,19,1,3,2,5,10,7.5,15,25,20,65,75,70,,,,,,,70.25,81.25,76
CA,171200,17,1,2004,2004-08-10T00:00:00Z,19,47,1,3,2,15,25,20,10,15,12.5,55,65,60,,,,,,,59.5,70.25,64.99999999999999
CA,171200,18,1,2004,2004-08-10T00:00:00Z,21,36,1,3,2,15,25,20,15,25,20,5,10,7.5,,,,,,,19.25,32.49999999999999,25.99999999999999
CA,171200,19,1,2004,2004-08-10T00:00:00Z,25,48.5,1,3,2,15,25,20,10,15,12.5,45,55,50,,,,,,,50.499999999999986,61.75000000000001,56.25
CA,171200,20,1,2004,2004-08-10T00:00:00Z,21,48,1,3,2,25,35,30,15,25,20,15,25,20,,,,,,,27.750000000000007,43.75,35.999999999999986
CA,171200,21,1,2004,2004-08-10T00:00:00Z,21,12,1,3,2,5,10,7.5,25,35,30,65,75,70,,,,,,,73.75,83.75,79
CA,171200,22,1,2004,2004-08-10T00:00:00Z,20,11.5,1,3,2,3,5,4,55,65,60,25,35,30,,,,,,,66.25000000000001,77.25,72
CA,171200,23,1,2004,2004-08-10T00:00:00Z,22,12.5,0,1,0.5,1,3,2,15,25,20,55,65,60,,,,,,,61.75000000000001,73.75,68
CA,171200,24,1,2004,2004-08-10T00:00:00Z,15,7.5,0,1,0.5,1,3,2,35,45,40,75,85,80,,,,,,,83.75,91.75,88
CA,171200,25,1,2004,2004-08-10T00:00:00Z,13,6.5,1,3,2,1,3,2,15,25,20,55,65,60,,,,,,,61.75000000000001,73.75,68
CA,171200,26,1,2004,2004-08-10T00:00:00Z,13,8,0,1,0.5,1,3,2,15,25,20,55,65,60,,,,,,,61.75000000000001,73.75,68
CA,171200,27,1,2004,2004-08-10T00:00:00Z,17,12,1,3,2,3,5,4,15,25,20,45,55,50,,,,,,,53.25,66.25000000000001,60
CA,171200,28,1,2004,2004-08-10T00:00:00Z,23,24.5,0,1,0.5,15,25,20,15,25,20,55,65,60,,,,,,,61.75000000000001,73.75,68
CA,171200,29,1,2004,2004-08-10T00:00:00Z,24,22,0,1,0.5,15,25,20,15,25,20,75,85,80,,,,,,,78.75,88.75,84.00000000000001
CA,171200,30,1,2004,2004-08-10T00:00:00Z,27,22,0,1,0.5,10,15,12.5,15,25,20,55,65,60,,,,,,,61.75000000000001,73.75,68
CA,171200,31,1,2004,2004-08-10T00:00:00Z,11,5.5,0,1,0.5,0,1,0.5,45,55,50,55,65,60,,,,,,,75.25,84.25,80
CA,171200,32,1,2004,2004-08-10T00:00:00Z,14,8.5,0,1,0.5,0,1,0.5,15,25,20,75,85,80,,,,,,,78.75,88.75,84.00000000000001
CA,171200,33,1,2004,2004-08-10T00:00:00Z,14,7,1,3,2,0,1,0.5,15,25,20,85,95,90,,,,,,,87.25,96.24999999999999,92
CA,171200,34,1,2004,2004-08-10T00:00:00Z,15,7.5,0,1,0.5,0,1,0.5,25,35,30,75,85,80,,,,,,,81.25,90.25,86.00000000000001
CA,171200,35,1,2004,2004-08-10T00:00:00Z,18,10.5,1,3,2,1,3,2,25,35,30,85,95,90,,,,,,,88.75,96.75,93
CA,171200,36,1,2004,2004-08-10T00:00:00Z,19,23.5,1,3,2,15,25,20,10,15,12.5,75,85,80,,,,,,,77.5,87.25,82.5
CA,171200,37,1,2004,2004-08-10T00:00:00Z,16,8,0,1,0.5,1,3,2,15,25,20,65,75,70,,,,,,,70.25,81.25,76
CA,171200,38,1,2004,2004-08-10T00:00:00Z,19,14,1,3,2,3,5,4,35,45,40,65,75,70,,,,,,,77.25,86.25,82
CA,171200,39,1,2004,2004-08-10T00:00:00Z,17,11.5,1,3,2,1,3,2,15,25,20,75,85,80,,,,,,,78.75,88.75,84.00000000000001
CA,171200,40,1,2004,2004-08-10T00:00:00Z,17,13,0,1,0.5,3,5,4,10,15,12.5,65,75,70,,,,,,,68.5,78.75,73.75
CA,171200,41,1,2004,2004-08-10T00:00:00Z,19,11,1,3,2,1,3,2,15,25,20,85,95,90,,,,,,,87.25,96.24999999999999,92
CA,171200,42,1,2004,2004-08-10T00:00:00Z,15,7.5,1,3,2,1,3,2,5,10,7.5,85,95,90,,,,,,,85.75,95.5,90.75
CA,171200,43,1,2004,2004-08-10T00:00:00Z,18,9,1,3,2,1,3,2,5,10,7.5,75,85,80,,,,,,,76.25,86.5,81.5
CA,171200,44,1,2004,2004-08-10T00:00:00Z,18,12,1,3,2,3,5,4,15,25,20,75,85,80,,,,,,,78.75,88.75,84.00000000000001
CA,171200,45,1,2004,2004-08-10T00:00:00Z,15,14,0,1,0.5,5,10,7.5,5,10,7.5,85,95,90,,,,,,,85.75,95.5,90.75
CA,171200,46,1,2004,2004-08-10T00:00:00Z,23,49.5,0,1,0.5,45,55,50,25,35,30,25,35,30,,,,,,,43.75,57.74999999999999,51
CA,171200,47,1,2004,2004-08-10T00:00:00Z,30,35,0,1,0.5,45,55,50,10,15,12.5,25,35,30,,,,,,,32.49999999999999,44.75,38.75000000000001
CA,171200,48,1,2004,2004-08-10T00:00:00Z,30,33,0,1,0.5,35,45,40,25,35,30,15,25,20,,,,,,,36.25000000000001,51.24999999999999,44.00000000000001
CA,171200,49,1,2004,2004-08-10T00:00:00Z,33,55,0,1,0.5,35,45,40,15,25,20,35,45,40,,,,,,,44.75,58.74999999999999,52
CA,171200,50,1,2004,2004-08-10T00:00:00Z,36,55,0,1,0.5,45,55,50,15,25,20,25,35,30,,,,,,,36.25000000000001,51.24999999999999,44.00000000000001
CP,101,1,2,2013,2013-06-11T00:00:00Z,22,44.5,0,1,0.5,45,55,50,25,35,30,85,95,90,0,1,0.5,,,,88.75,96.75,93
CP,102,1,2,2013,2013-06-11T00:00:00Z,23,33,1,3,2,35,45,40,5,10,7.5,85,95,90,0,1,0.5,,,,85.75,95.5,90.75
CP,103,1,2,2013,2013-06-10T00:00:00Z,21,90,0,1,0.5,75,85,80,35,45,40,65,75,70,0,1,0.5,,,,77.25,86.25,82
CP,104,1,2,2013,2013-06-10T00:00:00Z,28,53,0,1,0.5,55,65,60,45,55,50,85,95,90,0,1,0.5,,,,91.75,97.75,95
CP,105,1,2,2013,2013-06-11T00:00:00Z,25,104,0,1,0.5,75,85,80,35,45,40,65,75,70,0,1,0.5,,,,77.25,86.25,82
CP,106,1,2,2013,2013-06-10T00:00:00Z,23,50.5,0,1,0.5,45,55,50,25,35,30,85,95,90,0,1,0.5,,,,88.75,96.75,93
CP,107,1,2,2013,2013-06-10T00:00:00Z,25,27,0,1,0.5,15,25,20,35,45,40,85,95,90,0,1,0.5,,,,90.25,97.24999999999999,94
CP,108,1,2,2013,2013-06-12T00:00:00Z,20,29.5,0,1,0.5,45,55,50,35,45,40,65,75,70,0,1,0.5,,,,77.25,86.25,82
CP,109,1,2,2013,2013-06-07T00:00:00Z,19,53,0,1,0.5,35,45,40,10,15,12.5,85,95,90,0,1,0.5,,,,86.5,95.75,91.25
CP,110,1,2,2013,2013-06-13T00:00:00Z,22,109.5,0,1,0.5,85,95,90,15,25,20,85,95,90,0,1,0.5,,,,87.25,96.24999999999999,92
CP,111,1,2,2013,2013-06-10T00:00:00Z,9,9.5,0,1,0.5,5,10,7.5,3,5,4,95,100,97.5,0,1,0.5,,,,95.15,100,97.6
CP,112,1,2,2013,2013-06-13T00:00:00Z,24,48,0,1,0.5,35,45,40,35,45,40,95,100,97.5,0,1,0.5,,,,96.75,100,98.5
CP,113,1,2,2013,2013-06-10T00:00:00Z,21,41,1,3,2,25,35,30,25,35,30,85,95,90,0,1,0.5,,,,88.75,96.75,93
CP,114,1,2,2013,2013-06-07T00:00:00Z,23,52.5,1,3,2,35,45,40,10,15,12.5,85,95,90,0,1,0.5,,,,86.5,95.75,91.25
CP,115,1,2,2013,2013-06-07T00:00:00Z,17,176,1,3,2,85,95,90,1,3,2,85,95,90,0,1,0.5,,,,85.14999999999999,95.15,90.2
CP,116,1,2,2013,2013-06-10T00:00:00Z,20,22.5,0,1,0.5,15,25,20,65,75,70,75,85,80,0,1,0.5,,,,91.25,96.25,94
CP,117,1,2,2013,2013-06-10T00:00:00Z,20,38.5,0,1,0.5,45,55,50,25,35,30,85,95,90,0,1,0.5,,,,88.75,96.75,93
CP,118,1,2,2013,2013-06-12T00:00:00Z,19,53,0,1,0.5,55,65,60,25,35,30,85,95,90,0,1,0.5,,,,88.75,96.75,93
CP,119,1,2,2013,2013-06-07T00:00:00Z,20,174,0,1,0.5,75,85,80,25,35,30,85,95,90,0,1,0.5,,,,88.75,96.75,93
CP,120,1,2,2013,2013-06-11T00:00:00Z,21,70,0,1,0.5,65,75,70,15,25,20,55,65,60,0,1,0.5,,,,61.75000000000001,73.75,68
CP,121,1,2,2013,2013-06-12T00:00:00Z,10,8,0,1,0.5,5,10,7.5,5,10,7.5,85,95,90,0,1,0.5,,,,85.75,95.5,90.75
CP,122,1,2,2013,2013-06-12T00:00:00Z,17,14.5,1,3,2,10,15,12.5,10,15,12.5,95,100,97.5,0,1,0.5,,,,95.5,100,97.8125
CP,123,1,2,2013,2013-06-12T00:00:00Z,15,59.5,0,1,0.5,55,65,60,15,25,20,85,95,90,0,1,0.5,,,,87.25,96.24999999999999,92
CP,124,1,2,2013,2013-06-07T00:00:00Z,16,72.5,0,1,0.5,65,75,70,25,35,30,65,75,70,0,1,0.5,,,,73.75,83.75,79
CP,125,1,2,2013,2013-06-13T00:00:00Z,17,16,0,1,0.5,5,10,7.5,15,25,20,65,75,70,0,1,0.5,,,,70.25,81.25,76
CP,126,1,2,2013,2013-06-12T00:00:00Z,4,2,0,1,0.5,1,3,2,1,3,2,95,100,97.5,0,1,0.5,,,,95.04999999999998,100,97.55
CP,127,1,2,2013,2013-06-12T00:00:00Z,14,15,0,1,0.5,15,25,20,55,65,60,85,95,90,0,1,0.5,,,,93.25,98.25,96
CP,128,1,2,2013,2013-06-07T00:00:00Z,22,57.5,0,1,0.5,55,65,60,25,35,30,75,85,80,0,1,0.5,,,,81.25,90.25,86.00000000000001
CP,129,1,2,2013,2013-06-12T00:00:00Z,14,25.5,0,1,0.5,10,15,12.5,3,5,4,95,100,97.5,0,1,0.5,,,,95.15,100,97.6
CP,130,1,2,2013,2013-06-12T00:00:00Z,2,1,0,1,0.5,0,1,0.5,1,3,2,95,100,97.5,0,1,0.5,,,,95.04999999999998,100,97.55
CP,131,1,2,2013,2013-06-06T00:00:00Z,18,40,0,1,0.5,25,35,30,45,55,50,85,95,90,0,1,0.5,,,,91.75,97.75,95
CP,132,1,2,2013,2013-06-06T00:00:00Z,21,53.5,0,1,0.5,55,65,60,15,25,20,95,100,97.5,0,1,0.5,,,,95.75,100,98
CP,133,1,2,2013,2013-06-13T00:00:00Z,14,8.5,0,1,0.5,1,3,2,10,15,12.5,95,100,97.5,0,1,0.5,,,,95.5,100,97.8125
CP,134,1,2,2013,2013-06-13T00:00:00Z,14,19,0,1,0.5,10,15,12.5,45,55,50,85,95,90,0,1,0.5,,,,91.75,97.75,95
CP,135,1,2,2013,2013-06-06T00:00:00Z,7,3.5,0,1,0.5,0,1,0.5,0,1,0.5,95,100,97.5,0,1,0.5,,,,95,100,97.5125
CP,136,1,2,2013,2013-06-06T00:00:00Z,16,56.5,0,1,0.5,65,75,70,15,25,20,75,85,80,0,1,0.5,,,,78.75,88.75,84.00000000000001
CP,137,1,2,2013,2013-06-07T00:00:00Z,19,29.5,0,1,0.5,25,35,30,55,65,60,85,95,90,0,1,0.5,,,,93.25,98.25,96
CP,138,1,2,2013,2013-06-11T00:00:00Z,19,45,0,1,0.5,55,65,60,15,25,20,75,85,80,0,1,0.5,,,,78.75,88.75,84.00000000000001
CP,139,1,2,2013,2013-06-11T00:00:00Z,21,39,0,1,0.5,35,45,40,15,25,20,85,95,90,0,1,0.5,,,,87.25,96.24999999999999,92
CP,140,1,2,2013,2013-06-11T00:00:00Z,20,118,0,1,0.5,65,75,70,55,65,60,75,85,80,0,1,0.5,,,,88.75,94.75,92
CP,141,1,2,2013,2013-06-13T00:00:00Z,13,9.5,0,1,0.5,1,3,2,15,25,20,85,95,90,0,1,0.5,,,,87.25,96.24999999999999,92
CP,142,1,2,2013,2013-06-13T00:00:00Z,14,29.5,0,1,0.5,25,35,30,25,35,30,85,95,90,0,1,0.5,,,,88.75,96.75,93
CP,143,1,2,2013,2013-06-06T00:00:00Z,15,10.5,1,3,2,1,3,2,1,3,2,95,100,97.5,0,1,0.5,,,,95.04999999999998,100,97.55
CP,144,1,2,2013,2013-06-06T00:00:00Z,20,47.5,0,1,0.5,35,45,40,35,45,40,85,95,90,0,1,0.5,,,,90.25,97.24999999999999,94
CP,145,1,2,2013,2013-06-13T00:00:00Z,18,41.5,0,1,0.5,15,25,20,25,35,30,85,95,90,0,1,0.5,,,,88.75,96.75,93
CP,146,1,2,2013,2013-06-06T00:00:00Z,21,55.5,0,1,0.5,55,65,60,15,25,20,65,75,70,0,1,0.5,,,,70.25,81.25,76
CP,147,1,2,2013,2013-06-06T00:00:00Z,19,24.5,0,1,0.5,25,35,30,25,35,30,85,95,90,0,1,0.5,,,,88.75,96.75,93
CP,148,1,2,2013,2013-06-06T00:00:00Z,5,11,0,1,0.5,5,10,7.5,0,1,0.5,95,100,97.5,0,1,0.5,,,,95,100,97.5125
CP,401,1,2,2013,2013-07-25T00:00:00Z,9,11.5,0,1,0.5,5,10,7.5,10,15,12.5,95,100,97.5,0,1,0.5,,,,95.5,100,97.8125
CP,402,1,2,2013,2013-07-25T00:00:00Z,15,19.5,0,1,0.5,10,15,12.5,0,1,0.5,95,100,97.5,0,1,0.5,,,,95,100,97.5125
CP,403,1,2,2013,2013-08-06T00:00:00Z,6,4.5,0,1,0.5,1,3,2,0,1,0.5,95,100,97.5,0,1,0.5,,,,95,100,97.5125
CP,404,1,2,2013,2013-08-06T00:00:00Z,8,5.5,0,1,0.5,1,3,2,3,5,4,95,100,97.5,0,1,0.5,,,,95.15,100,97.6
CP,405,1,2,2013,2013-08-06T00:00:00Z,15,33.5,0,1,0.5,25,35,30,0,1,0.5,95,100,97.5,0,1,0.5,,,,95,100,97.5125
CP,406,1,2,2013,2013-08-06T00:00:00Z,10,9.5,0,1,0.5,3,5,4,15,25,20,95,100,97.5,0,1,0.5,,,,95.75,100,98
CP,407,1,2,2013,2013-07-25T00:00:00Z,10,51,0,1,0.5,45,55,50,0,1,0.5,95,100,97.5,0,1,0.5,,,,95,100,97.5125
CP,408,1,2,2013,2013-07-25T00:00:00Z,8,16,0,1,0.5,15,25,20,15,25,20,85,95,90,0,1,0.5,,,,87.25,96.24999999999999,92
CP,409,1,2,2013,2013-08-06T00:00:00Z,7,5,0,1,0.5,1,3,2,1,3,2,95,100,97.5,0,1,0.5,,,,95.04999999999998,100,97.55
CP,410,1,2,2013,2013-08-14T00:00:00Z,8,4,0,1,0.5,0,1,0.5,0,1,0.5,95,100,97.5,0,1,0.5,,,,95,100,97.5125
CP,411,1,2,2013,2013-08-01T00:00:00Z,14,134,0,1,0.5,75,85,80,0,1,0.5,85,95,90,0,1,0.5,,,,85,95.04999999999998,90.05000000000001
CP,412,1,2,2013,2013-08-05T00:00:00Z,15,91.5,0,1,0.5,75,85,80,3,5,4,95,100,97.5,0,1,0.5,,,,95.15,100,97.6
CP,413,1,2,2013,2013-08-19T00:00:00Z,22,22.5,1,3,2,15,25,20,1,3,2,95,100,97.5,0,1,0.5,,,,95.04999999999998,100,97.55
CP,414,1,2,2013,2013-08-20T00:00:00Z,17,67,0,1,0.5,65,75,70,3,5,4,65,75,70,0,1,0.5,,,,66.05000000000001,76.25,71.2
CP,415,1,2,2013,2013-08-07T00:00:00Z,15,22.5,0,1,0.5,15,25,20,15,25,20,95,100,97.5,0,1,0.5,,,,95.75,100,98
CP,416,1,2,2013,2013-08-07T00:00:00Z,14,71,0,1,0.5,65,75,70,5,10,7.5,75,85,80,0,1,0.5,,,,76.25,86.5,81.5
CP,417,1,2,2013,2013-08-06T00:00:00Z,13,36,0,1,0.5,35,45,40,0,1,0.5,95,100,97.5,0,1,0.5,,,,95,100,97.5125
CP,418,1,2,2013,2013-08-07T00:00:00Z,19,75.5,1,3,2,55,65,60,3,5,4,85,95,90,0,1,0.5,,,,85.45,95.24999999999999,90.4
CP,419,1,2,2013,2013-08-05T00:00:00Z,16,16.5,0,1,0.5,5,10,7.5,45,55,50,55,65,60,0,1,0.5,,,,75.25,84.25,80
CP,420,1,2,2013,2013-08-05T00:00:00Z,12,13.5,0,1,0.5,5,10,7.5,0,1,0.5,95,100,97.5,0,1,0.5,,,,95,100,97.5125
CP,421,1,2,2013,2013-08-14T00:00:00Z,7,59.5,0,1,0.5,45,55,50,3,5,4,85,95,90,0,1,0.5,,,,85.45,95.24999999999999,90.4
CP,422,1,2,2013,2013-08-05T00:00:00Z,15,65.5,0,1,0.5,45,55,50,5,10,7.5,75,85,80,0,1,0.5,,,,76.25,86.5,81.5
CP,423,1,2,2013,2013-08-01T00:00:00Z,19,67.5,0,1,0.5,55,65,60,15,25,20,85,95,90,0,1,0.5,,,,87.25,96.24999999999999,92
CP,425,1,2,2013,2013-08-01T00:00:00Z,4,94.5,0,1,0.5,85,95,90,1,3,2,65,75,70,0,1,0.5,,,,65.35,75.75,70.6
CP,427,1,2,2013,2013-08-01T00:00:00Z,7,41.5,1,3,2,35,45,40,10,15,12.5,95,100,97.5,0,1,0.5,,,,95.5,100,97.8125
CP,428,1,2,2013,2013-08-05T00:00:00Z,14,18.5,0,1,0.5,15,25,20,25,35,30,85,95,90,0,1,0.5,,,,88.75,96.75,93
CP,429,1,2,2013,2013-07-25T00:00:00Z,6,31,0,1,0.5,35,45,40,15,25,20,65,75,70,0,1,0.5,,,,70.25,81.25,76
CP,430,1,2,2013,2013-07-17T00:00:00Z,10,38,0,1,0.5,35,45,40,15,25,20,85,95,90,0,1,0.5,,,,87.25,96.24999999999999,92
CP,431,1,2,2013,2013-07-22T00:00:00Z,13,18.5,0,1,0.5,15,25,20,3,5,4,95,100,97.5,0,1,0.5,,,,95.15,100,97.6
CP,432,1,2,2013,2013-07-17T00:00:00Z,11,12,0,1,0.5,10,15,12.5,10,15,12.5,75,85,80,0,1,0.5,,,,77.5,87.25,82.5
CP,433,1,2,2013,2013-07-09T00:00:00Z,5,103,1,3,2,85,95,90,15,25,20,55,65,60,0,1,0.5,,,,61.75000000000001,73.75,68
CP,434,1,2,2013,2013-07-09T00:00:00Z,3,110,0,1,0.5,85,95,90,1,3,2,75,85,80,0,1,0.5,,,,75.25,85.45,80.4
CP,435,1,2,2013,2013-07-22T00:00:00Z,9,46,1,3,2,35,45,40,1,3,2,95,100,97.5,0,1,0.5,,,,95.04999999999998,100,97.55
CP,436,1,2,2013,2013-07-09T00:00:00Z,3,70,0,1,0.5,75,85,80,15,25,20,55,65,60,0,1,0.5,,,,61.75000000000001,73.75,68
CP,437,1,2,2013,2013-07-09T00:00:00Z,3,72,0,1,0.5,75,85,80,10,15,12.5,65,75,70,0,1,0.5,,,,68.5,78.75,73.75
CP,438,1,2,2013,2013-07-24T00:00:00Z,6,20,0,1,0.5,15,25,20,5,10,7.5,75,85,80,0,1,0.5,,,,76.25,86.5,81.5
CP,439,1,2,2013,2013-07-24T00:00:00Z,8,16,0,1,0.5,25,35,30,0,1,0.5,95,100,97.5,0,1,0.5,,,,95,100,97.5125
CP,440,1,2,2013,2013-07-23T00:00:00Z,4,23,0,1,0.5,15,25,20,0,1,0.5,85,95,90,0,1,0.5,,,,85,95.04999999999998,90.05000000000001
CP,441,1,2,2013,2013-07-23T00:00:00Z,5,47,0,1,0.5,45,55,50,3,5,4,85,95,90,0,1,0.5,,,,85.45,95.24999999999999,90.4
CP,442,1,2,2013,2013-07-23T00:00:00Z,6,70.5,0,1,0.5,65,75,70,15,25,20,85,95,90,0,1,0.5,,,,87.25,96.24999999999999,92
CP,443,1,2,2013,2013-07-23T00:00:00Z,12,18,0,1,0.5,15,25,20,3,5,4,95,100,97.5,0,1,0.5,,,,95.15,100,97.6
CP,444,1,2,2013,2013-07-23T00:00:00Z,8,55.5,0,1,0.5,55,65,60,15,25,20,85,95,90,0,1,0.5,,,,87.25,96.24999999999999,92
CP,445,1,2,2013,2013-08-12T00:00:00Z,18,18.5,0,1,0.5,5,10,7.5,5,10,7.5,95,100,97.5,0,1,0.5,,,,95.24999999999999,100,97.6875
CP,446,1,2,2013,2013-08-13T00:00:00Z,17,77.5,1,3,2,65,75,70,25,35,30,75,85,80,0,1,0.5,,,,81.25,90.25,86.00000000000001
CP,447,1,2,2013,2013-08-13T00:00:00Z,25,110.5,3,5,4,75,85,80,15,25,20,55,65,60,0,1,0.5,,,,61.75000000000001,73.75,68
CP,448,1,2,2013,2013-08-12T00:00:00Z,10,9.5,0,1,0.5,3,5,4,5,10,7.5,95,100,97.5,0,1,0.5,,,,95.24999999999999,100,97.6875
CP,449,1,2,2013,2013-08-12T00:00:00Z,11,17.5,0,1,0.5,5,10,7.5,3,5,4,95,100,97.5,0,1,0.5,,,,95.15,100,97.6
CP,450,1,2,2013,2013-08-13T00:00:00Z,11,52,0,1,0.5,45,55,50,5,10,7.5,75,85,80,0,1,0.5,,,,76.25,86.5,81.5
CP,451,1,2,2013,2013-07-17T00:00:00Z,9,73.5,0,1,0.5,65,75,70,10,15,12.5,85,95,90,0,1,0.5,,,,86.5,95.75,91.25
CP,452,1,2,2013,2013-07-15T00:00:00Z,9,57,1,3,2,45,55,50,5,10,7.5,85,95,90,0,1,0.5,,,,85.75,95.5,90.75
CP,453,1,2,2013,2013-07-09T00:00:00Z,3,120,0,1,0.5,95,100,97.5,0,1,0.5,65,75,70,0,1,0.5,,,,65,75.25,70.15
CP,454,1,2,2013,2013-07-15T00:00:00Z,16,77.5,1,3,2,65,75,70,5,10,7.5,95,100,97.5,0,1,0.5,,,,95.24999999999999,100,97.6875
CP,455,1,2,2013,2013-07-29T00:00:00Z,3,1.5,0,1,0.5,0,1,0.5,0,1,0.5,95,100,97.5,0,1,0.5,,,,95,100,97.5125
CP,456,1,2,2013,2013-07-29T00:00:00Z,6,15,0,1,0.5,10,15,12.5,0,1,0.5,95,100,97.5,0,1,0.5,,,,95,100,97.5125
CP,457,1,2,2013,2013-07-29T00:00:00Z,5,4,0,1,0.5,1,3,2,0,1,0.5,95,100,97.5,0,1,0.5,,,,95,100,97.5125
CP,458,1,2,2013,2013-07-29T00:00:00Z,7,27.5,0,1,0.5,15,25,20,1,3,2,75,85,80,0,1,0.5,,,,75.25,85.45,80.4
CP,459,1,2,2013,2013-07-29T00:00:00Z,3,62.5,0,1,0.5,55,65,60,0,1,0.5,85,95,90,0,1,0.5,,,,85,95.04999999999998,90.05000000000001
CP,460,1,2,2013,2013-07-29T00:00:00Z,5,42,0,1,0.5,35,45,40,1,3,2,95,100,97.5,0,1,0.5,,,,95.04999999999998,100,97.55
CP,461,1,2,2013,2013-07-29T00:00:00Z,4,53,0,1,0.5,45,55,50,3,5,4,85,95,90,0,1,0.5,,,,85.45,95.24999999999999,90.4
CP,462,1,2,2013,2013-07-30T00:00:00Z,3,3,0,1,0.5,1,3,2,0,1,0.5,95,100,97.5,0,1,0.5,,,,95,100,97.5125
CP,463,1,2,2013,2013-07-29T00:00:00Z,2,13,0,1,0.5,10,15,12.5,0,1,0.5,95,100,97.5,0,1,0.5,,,,95,100,97.5125
CP,464,1,2,2013,2013-07-29T00:00:00Z,5,93.5,0,1,0.5,85,95,90,1,3,2,55,65,60,0,1,0.5,,,,55.45,66.05000000000001,60.8
CP,465,1,2,2013,2013-07-29T00:00:00Z,3,5,0,1,0.5,3,5,4,0,1,0.5,95,100,97.5,0,1,0.5,,,,95,100,97.5125
CP,466,1,2,2013,2013-07-29T00:00:00Z,5,77,0,1,0.5,65,75,70,0,1,0.5,85,95,90,0,1,0.5,,,,85,95.04999999999998,90.05000000000001
CP,467,1,2,2013,2013-07-29T00:00:00Z,7,5,0,1,0.5,1,3,2,1,3,2,95,100,97.5,0,1,0.5,,,,95.04999999999998,100,97.55
CP,468,1,2,2013,2013-07-29T00:00:00Z,4,98,0,1,0.5,65,75,70,3,5,4,55,65,60,0,1,0.5,,,,56.35000000000001,66.75,61.6
CP,469,1,2,2013,2013-07-29T00:00:00Z,5,103,0,1,0.5,75,85,80,5,10,7.5,65,75,70,0,1,0.5,,,,66.75,77.5,72.24999999999999
CP,470,1,2,2013,2013-07-09T00:00:00Z,7,95.5,1,3,2,65,75,70,15,25,20,65,75,70,0,1,0.5,,,,70.25,81.25,76
CP,471,1,2,2013,2013-07-09T00:00:00Z,9,45,0,1,0.5,45,55,50,1,3,2,75,85,80,0,1,0.5,,,,75.25,85.45,80.4
CP,472,1,2,2013,2013-07-22T00:00:00Z,5,4,0,1,0.5,3,5,4,0,1,0.5,85,95,90,0,1,0.5,,,,85,95.04999999999998,90.05000000000001
CP,473,1,2,2013,2013-07-17T00:00:00Z,14,15.5,0,1,0.5,10,15,12.5,0,1,0.5,95,100,97.5,0,1,0.5,,,,95,100,97.5125
CP,474,1,2,2013,2013-07-09T00:00:00Z,4,53,0,1,0.5,45,55,50,0,1,0.5,95,100,97.5,0,1,0.5,,,,95,100,97.5125
CP,475,1,2,2013,2013-07-09T00:00:00Z,3,80.5,1,3,2,65,75,70,0,1,0.5,25,35,30,0,1,0.5,,,,25,35.650000000000006,30.349999999999998
CP,476,1,2,2013,2013-07-17T00:00:00Z,15,17,0,1,0.5,15,25,20,15,25,20,85,95,90,0,1,0.5,,,,87.25,96.24999999999999,92
CP,477,1,2,2013,2013-07-15T00:00:00Z,4,21.5,0,1,0.5,15,25,20,3,5,4,95,100,97.5,0,1,0.5,,,,95.15,100,97.6
CP,478,1,2,2013,2013-07-09T00:00:00Z,5,105,0,1,0.5,95,100,97.5,25,35,30,55,65,60,0,1,0.5,,,,66.25000000000001,77.25,72
CP,479,1,2,2013,2013-07-22T00:00:00Z,8,29.5,0,1,0.5,25,35,30,15,25,20,95,100,97.5,0,1,0.5,,,,95.75,100,98
CP,480,1,2,2013,2013-07-17T00:00:00Z,12,12,0,1,0.5,10,15,12.5,5,10,7.5,95,100,97.5,0,1,0.5,,,,95.24999999999999,100,97.6875
CP,481,1,2,2013,2013-07-15T00:00:00Z,10,57.5,0,1,0.5,55,65,60,1,3,2,95,100,97.5,0,1,0.5,,,,95.04999999999998,100,97.55
CP,483,1,2,2013,2013-07-17T00:00:00Z,10,59,0,1,0.5,45,55,50,3,5,4,95,100,97.5,0,1,0.5,,,,95.15,100,97.6
CP,484,1,2,2013,2013-07-09T00:00:00Z,5,41,0,1,0.5,45,55,50,15,25,20,65,75,70,0,1,0.5,,,,70.25,81.25,76
CP,485,1,2,2013,2013-07-30T00:00:00Z,8,11,0,1,0.5,5,10,7.5,1,3,2,95,100,97.5,0,1,0.5,,,,95.04999999999998,100,97.55
CP,486,1,2,2013,2013-07-17T00:00:00Z,17,43.5,1,3,2,45,55,50,5,10,7.5,85,95,90,0,1,0.5,,,,85.75,95.5,90.75
CP,487,1,2,2013,2013-07-24T00:00:00Z,5,73,0,1,0.5,65,75,70,3,5,4,65,75,70,0,1,0.5,,,,66.05000000000001,76.25,71.2
CP,488,1,2,2013,2013-07-22T00:00:00Z,8,77,0,1,0.5,65,75,70,5,10,7.5,55,65,60,0,1,0.5,,,,57.25,68.5,62.999999999999986
CP,489,1,2,2013,2013-07-22T00:00:00Z,12,36.5,0,1,0.5,35,45,40,1,3,2,95,100,97.5,0,1,0.5,,,,95.04999999999998,100,97.55
CP,490,1,2,2013,2013-08-20T00:00:00Z,12,17.5,1,3,2,15,25,20,15,25,20,95,100,97.5,0,1,0.5,,,,95.75,100,98
CP,491,1,2,2013,2013-08-12T00:00:00Z,21,78.5,3,5,4,65,75,70,15,25,20,85,95,90,0,1,0.5,,,,87.25,96.24999999999999,92
CP,492,1,2,2013,2013-08-14T00:00:00Z,16,43,1,3,2,35,45,40,5,10,7.5,95,100,97.5,0,1,0.5,,,,95.24999999999999,100,97.6875
CP,493,1,2,2013,2013-07-30T00:00:00Z,19,72.5,3,5,4,65,75,70,25,35,30,85,95,90,0,1,0.5,,,,88.75,96.75,93
CP,494,1,2,2013,2013-07-30T00:00:00Z,8,45,0,1,0.5,35,45,40,5,10,7.5,95,100,97.5,0,1,0.5,,,,95.24999999999999,100,97.6875
CP,495,1,2,2013,2013-08-20T00:00:00Z,15,44.5,0,1,0.5,35,45,40,10,15,12.5,95,100,97.5,0,1,0.5,,,,95.5,100,97.8125
CP,496,1,2,2013,2013-07-30T00:00:00Z,14,31,0,1,0.5,15,25,20,15,25,20,95,100,97.5,0,1,0.5,,,,95.75,100,98
CP,497,1,2,2013,2013-07-30T00:00:00Z,10,13.5,0,1,0.5,5,10,7.5,1,3,2,95,100,97.5,0,1,0.5,,,,95.04999999999998,100,97.55
CP,498,1,2,2013,2013-07-08T00:00:00Z,6,55.5,0,1,0.5,65,75,70,10,15,12.5,65,75,70,0,1,0.5,,,,68.5,78.75,73.75
CP,499,1,2,2013,2013-07-08T00:00:00Z,11,17.5,1,3,2,10,15,12.5,5,10,7.5,95,100,97.5,0,1,0.5,,,,95.24999999999999,100,97.6875
CP,500,1,2,2013,2013-08-19T00:00:00Z,28,63,1,3,2,65,75,70,1,3,2,95,100,97.5,0,1,0.5,,,,95.04999999999998,100,97.55
CP,501,1,2,2013,2013-07-08T00:00:00Z,13,35.5,0,1,0.5,25,35,30,0,1,0.5,95,100,97.5,0,1,0.5,,,,95,100,97.5125
CP,502,1,2,2013,2013-07-23T00:00:00Z,5,80,0,1,0.5,75,85,80,25,35,30,75,85,80,0,1,0.5,,,,81.25,90.25,86.00000000000001
CP,503,1,2,2013,2013-07-22T00:00:00Z,9,88.5,0,1,0.5,65,75,70,5,10,7.5,85,95,90,0,1,0.5,,,,85.75,95.5,90.75
CP,504,1,2,2013,2013-07-23T00:00:00Z,15,26.5,1,3,2,35,45,40,10,15,12.5,95,100,97.5,0,1,0.5,,,,95.5,100,97.8125
CP,505,1,2,2013,2013-07-23T00:00:00Z,20,82,3,5,4,75,85,80,10,15,12.5,85,95,90,0,1,0.5,,,,86.5,95.75,91.25
CP,506,1,2,2013,2013-07-22T00:00:00Z,13,104,0,1,0.5,75,85,80,15,25,20,85,95,90,0,1,0.5,,,,87.25,96.24999999999999,92
CP,507,1,2,2013,2013-08-14T00:00:00Z,34,56.5,1,3,2,45,55,50,35,45,40,85,95,90,0,1,0.5,,,,90.25,97.24999999999999,94
CP,508,1,2,2013,2013-08-19T00:00:00Z,31,63.5,3,5,4,65,75,70,45,55,50,95,100,97.5,0,1,0.5,,,,97.24999999999999,100,98.75
CP,509,1,2,2013,2013-08-19T00:00:00Z,11,55,1,3,2,45,55,50,5,10,7.5,95,100,97.5,0,1,0.5,,,,95.24999999999999,100,97.6875
CP,510,1,2,2013,2013-07-08T00:00:00Z,5,43.5,0,1,0.5,35,45,40,10,15,12.5,85,95,90,0,1,0.5,,,,86.5,95.75,91.25
CP,511,1,2,2013,2013-07-30T00:00:00Z,6,6,0,1,0.5,3,5,4,3,5,4,85,95,90,0,1,0.5,,,,85.45,95.24999999999999,90.4
CP,512,1,2,2013,2013-08-19T00:00:00Z,12,26,3,5,4,25,35,30,5,10,7.5,95,100,97.5,0,1,0.5,,,,95.24999999999999,100,97.6875
CP,513,1,2,2013,2013-07-22T00:00:00Z,6,39.5,0,1,0.5,35,45,40,10,15,12.5,75,85,80,0,1,0.5,,,,77.5,87.25,82.5
CP,514,1,2,2013,2013-07-23T00:00:00Z,13,77,3,5,4,65,75,70,3,5,4,95,100,97.5,0,1,0.5,,,,95.15,100,97.6
CP,515,1,2,2013,2013-07-22T00:00:00Z,9,50.5,0,1,0.5,45,55,50,5,10,7.5,95,100,97.5,0,1,0.5,,,,95.24999999999999,100,97.6875
CP,516,1,2,2013,2013-08-19T00:00:00Z,10,13.5,0,1,0.5,5,10,7.5,3,5,4,95,100,97.5,0,1,0.5,,,,95.15,100,97.6
CP,517,1,2,2013,2013-08-20T00:00:00Z,16,67,1,3,2,65,75,70,15,25,20,95,100,97.5,0,1,0.5,,,,95.75,100,98
CP,518,1,2,2013,2013-07-24T00:00:00Z,16,42,0,1,0.5,35,45,40,15,25,20,85,95,90,0,1,0.5,,,,87.25,96.24999999999999,92
CP,519,1,2,2013,2013-07-24T00:00:00Z,13,32,1,3,2,25,35,30,15,25,20,95,100,97.5,0,1,0.5,,,,95.75,100,98
CP,520,1,2,2013,2013-07-24T00:00:00Z,17,77,1,3,2,65,75,70,1,3,2,85,95,90,0,1,0.5,,,,85.14999999999999,95.15,90.2
CP,521,1,2,2013,2013-07-24T00:00:00Z,21,54.5,3,5,4,45,55,50,25,35,30,75,85,80,0,1,0.5,,,,81.25,90.25,86.00000000000001
CP,522,1,2,2013,2013-07-24T00:00:00Z,16,40.5,1,3,2,35,45,40,5,10,7.5,95,100,97.5,0,1,0.5,,,,95.24999999999999,100,97.6875
CP,523,1,2,2013,2013-07-23T00:00:00Z,15,89.5,3,5,4,55,65,60,10,15,12.5,55,65,60,0,1,0.5,,,,59.5,70.25,64.99999999999999
CP,701,1,2,2014,2014-08-29T00:00:00Z,14,18.5,1,3,2,15,25,20,95,100,97.5,3,5,4,0,1,0.5,0,1,0.5,95.15,100,97.6
CP,702,1,2,2014,2014-08-21T00:00:00Z,26,40,1,3,2,25,35,30,75,85,80,45,55,50,0,1,0.5,0,1,0.5,86.25,93.25,90
CP,703,1,2,2014,2014-05-26T00:00:00Z,11,15.5,15,25,20,10,15,12.5,0,1,0.5,85,95,90,0,1,0.5,1,3,2,85,95.04999999999998,90.05000000000001
CP,704,1,2,2014,2014-05-26T00:00:00Z,9,6,1,3,2,1,3,2,25,35,30,65,75,70,0,1,0.5,1,3,2,73.75,83.75,79
CP,705,1,2,2014,2014-05-26T00:00:00Z,9,13,0,1,0.5,5,10,7.5,25,35,30,85,95,90,0,1,0.5,0,1,0.5,88.75,96.75,93
CP,706,1,2,2014,2014-06-02T00:00:00Z,6,79,1,3,2,65,75,70,15,25,20,45,55,50,0,1,0.5,0,1,0.5,53.25,66.25000000000001,60
CP,707,1,2,2014,2014-05-26T00:00:00Z,11,46,15,25,20,35,45,40,0,1,0.5,85,95,90,0,1,0.5,1,3,2,85,95.04999999999998,90.05000000000001
CP,708,1,2,2014,2014-05-26T00:00:00Z,26,58,0,1,0.5,65,75,70,55,65,60,15,25,20,0,1,0.5,0,1,0.5,61.75000000000001,73.75,68
CP,709,1,2,2014,2014-08-29T00:00:00Z,10,15,1,3,2,3,5,4,85,95,90,25,35,30,0,1,0.5,1,3,2,88.75,96.75,93
CP,710,1,2,2014,2014-05-26T00:00:00Z,9,9.5,3,5,4,3,5,4,3,5,4,75,85,80,0,1,0.5,1,3,2,75.75,85.75,80.80000000000001
CP,711,1,2,2014,2014-06-30T00:00:00Z,25,41,0,1,0.5,35,45,40,45,55,50,55,65,60,0,1,0.5,0,1,0.5,75.25,84.25,80
CP,712,1,2,2014,2014-08-21T00:00:00Z,25,53,5,10,7.5,45,55,50,55,65,60,45,55,50,0,1,0.5,0,1,0.5,75.25,84.25,80
CP,713,1,2,2014,2014-08-21T00:00:00Z,14,10,15,25,20,3,5,4,75,85,80,75,85,80,0,1,0.5,0,1,0.5,93.75,97.75,96
CP,714,1,2,2014,2014-06-30T00:00:00Z,14,38,1,3,2,25,35,30,15,25,20,75,85,80,0,1,0.5,0,1,0.5,78.75,88.75,84.00000000000001
CP,715,1,2,2014,2014-08-21T00:00:00Z,14,39.5,1,3,2,35,45,40,45,55,50,65,75,70,0,1,0.5,0,1,0.5,80.75,88.75,85
CP,716,1,2,2014,2014-08-21T00:00:00Z,21,15,3,5,4,5,10,7.5,65,75,70,85,95,90,0,1,0.5,0,1,0.5,94.75,98.75,97
CP,717,1,2,2014,2014-08-21T00:00:00Z,20,48,3,5,4,35,45,40,15,25,20,75,85,80,0,1,0.5,0,1,0.5,78.75,88.75,84.00000000000001
CP,718,1,2,2014,2014-08-28T00:00:00Z,23,51,1,3,2,25,35,30,95,100,97.5,75,85,80,25,35,30,0,1,0.5,98.75,100,99.5
CP,719,1,2,2014,2014-05-26T00:00:00Z,10,30.5,1,3,2,25,35,30,15,25,20,55,65,60,0,1,0.5,0,1,0.5,61.75000000000001,73.75,68
CP,720,1,2,2014,2014-06-04T00:00:00Z,12,11,5,10,7.5,5,10,7.5,10,15,12.5,85,95,90,0,1,0.5,1,3,2,86.5,95.75,91.25
CP,721,1,2,2014,2014-06-02T00:00:00Z,11,8.5,1,3,2,3,5,4,10,15,12.5,85,95,90,0,1,0.5,1,3,2,86.5,95.75,91.25
CP,722,1,2,2014,2014-06-04T00:00:00Z,18,98.5,0,1,0.5,85,95,90,15,25,20,85,95,90,0,1,0.5,0,1,0.5,87.25,96.24999999999999,92
CP,723,1,2,2014,2014-06-02T00:00:00Z,9,21,1,3,2,15,25,20,3,5,4,75,85,80,0,1,0.5,0,1,0.5,75.75,85.75,80.80000000000001
CP,724,1,2,2014,2014-06-04T00:00:00Z,15,104,0,1,0.5,55,65,60,45,55,50,85,95,90,0,1,0.5,0,1,0.5,91.75,97.75,95
CP,725,1,2,2014,2014-06-04T00:00:00Z,21,67,1,3,2,75,85,80,10,15,12.5,85,95,90,0,1,0.5,0,1,0.5,86.5,95.75,91.25
CP,726,1,2,2014,2014-06-30T00:00:00Z,17,71.5,1,3,2,65,75,70,55,65,60,55,65,60,0,1,0.5,0,1,0.5,79.75000000000001,87.75,84
CP,727,1,2,2014,2014-05-28T00:00:00Z,13,12.5,1,3,2,5,10,7.5,15,25,20,85,95,90,0,1,0.5,0,1,0.5,87.25,96.24999999999999,92
CP,728,1,2,2014,2014-05-28T00:00:00Z,17,37.5,1,3,2,45,55,50,3,5,4,75,85,80,0,1,0.5,0,1,0.5,75.75,85.75,80.80000000000001
CP,729,1,2,2014,2014-06-02T00:00:00Z,20,52,0,1,0.5,45,55,50,55,65,60,55,65,60,5,10,7.5,0,1,0.5,79.75000000000001,87.75,84
CP,730,1,2,2014,2014-06-11T00:00:00Z,35,60.5,0,1,0.5,45,55,50,55,65,60,15,25,20,45,55,50,0,1,0.5,61.75000000000001,73.75,68
CP,731,1,2,2014,2014-05-27T00:00:00Z,9,14,0,1,0.5,10,15,12.5,3,5,4,85,95,90,0,1,0.5,3,5,4,85.45,95.24999999999999,90.4
CP,732,1,2,2014,2014-05-27T00:00:00Z,8,30.5,0,1,0.5,25,35,30,0,1,0.5,95,100,97.5,0,1,0.5,0,1,0.5,95,100,97.5125
CP,733,1,2,2014,2014-06-11T00:00:00Z,14,17,0,1,0.5,10,15,12.5,5,10,7.5,85,95,90,35,45,40,3,5,4,85.75,95.5,90.75
CP,734,1,2,2014,2014-05-27T00:00:00Z,17,15,0,1,0.5,5,10,7.5,10,15,12.5,85,95,90,0,1,0.5,0,1,0.5,86.5,95.75,91.25
CP,735,1,2,2014,2014-06-11T00:00:00Z,23,18,1,3,2,5,10,7.5,15,25,20,85,95,90,35,45,40,0,1,0.5,87.25,96.24999999999999,92
CP,736,1,2,2014,2014-06-11T00:00:00Z,11,36.5,0,1,0.5,25,35,30,5,10,7.5,85,95,90,0,1,0.5,0,1,0.5,85.75,95.5,90.75
CP,737,1,2,2014,2014-06-11T00:00:00Z,21,29,5,10,7.5,35,45,40,10,15,12.5,85,95,90,25,35,30,0,1,0.5,86.5,95.75,91.25
CP,738,1,2,2014,2014-08-29T00:00:00Z,10,14.5,0,1,0.5,15,25,20,55,65,60,65,75,70,0,1,0.5,0,1,0.5,84.25,91.25,88
CP,739,1,2,2014,2014-08-29T00:00:00Z,17,17.5,10,15,12.5,15,25,20,95,100,97.5,10,15,12.5,0,1,0.5,0,1,0.5,95.5,100,97.8125
CP,740,1,2,2014,2014-08-28T00:00:00Z,15,47.5,3,5,4,45,55,50,65,75,70,35,45,40,0,1,0.5,1,3,2,77.25,86.25,82
CP,741,1,2,2014,2014-08-27T00:00:00Z,15,73.5,0,1,0.5,65,75,70,45,55,50,15,25,20,0,1,0.5,0,1,0.5,53.25,66.25000000000001,60
CP,742,1,2,2014,2014-06-10T00:00:00Z,22,82,1,3,2,75,85,80,35,45,40,95,100,97.5,0,1,0.5,0,1,0.5,96.75,100,98.5
CP,743,1,2,2014,2014-08-26T00:00:00Z,20,85.5,1,3,2,85,95,90,10,15,12.5,10,15,12.5,0,1,0.5,0,1,0.5,18.999999999999993,27.750000000000007,23.4375
CP,744,1,2,2014,2014-08-26T00:00:00Z,28,78.5,0,1,0.5,85,95,90,0,1,0.5,45,55,50,0,1,0.5,0,1,0.5,44.99999999999999,55.45,50.24999999999999
CP,745,1,2,2014,2014-05-27T00:00:00Z,35,44.5,1,3,2,35,45,40,95,100,97.5,3,5,4,0,1,0.5,0,1,0.5,95.15,100,97.6
CP,746,1,2,2014,2014-08-27T00:00:00Z,11,17.5,1,3,2,15,25,20,15,25,20,85,95,90,0,1,0.5,0,1,0.5,87.25,96.24999999999999,92
CP,747,1,2,2014,2014-08-27T00:00:00Z,12,23,1,3,2,15,25,20,35,45,40,75,85,80,5,10,7.5,1,3,2,83.75,91.75,88
CP,748,1,2,2014,2014-08-27T00:00:00Z,5,24.5,15,25,20,15,25,20,35,45,40,75,85,80,3,5,4,0,1,0.5,83.75,91.75,88
CP,749,1,2,2014,2014-08-21T00:00:00Z,24,23.5,1,3,2,10,15,12.5,75,85,80,45,55,50,15,25,20,0,1,0.5,86.25,93.25,90
CP,750,1,2,2014,2014-06-10T00:00:00Z,15,21,0,1,0.5,15,25,20,25,35,30,85,95,90,35,45,40,0,1,0.5,88.75,96.75,93
CP,751,1,2,2014,2014-05-28T00:00:00Z,11,5.5,0,1,0.5,1,3,2,15,25,20,95,100,97.5,0,1,0.5,0,1,0.5,95.75,100,98
CP,752,1,2,2014,2014-08-27T00:00:00Z,12,12.5,5,10,7.5,10,15,12.5,45,55,50,65,75,70,25,35,30,0,1,0.5,80.75,88.75,85
CP,753,1,2,2014,2014-05-28T00:00:00Z,12,22.5,0,1,0.5,15,25,20,0,1,0.5,75,85,80,0,1,0.5,5,10,7.5,75,85.14999999999999,80.10000000000001
CP,754,1,2,2014,2014-08-26T00:00:00Z,13,49.5,1,3,2,45,55,50,55,65,60,45,55,50,0,1,0.5,0,1,0.5,75.25,84.25,80
CP,755,1,2,2014,2014-06-10T00:00:00Z,33,47,1,3,2,25,35,30,65,75,70,45,55,50,10,15,12.5,0,1,0.5,80.75,88.75,85
CP,756,1,2,2014,2014-06-10T00:00:00Z,21,73.5,0,1,0.5,85,95,90,5,10,7.5,95,100,97.5,0,1,0.5,1,3,2,95.24999999999999,100,97.6875
CP,757,1,2,2014,2014-08-26T00:00:00Z,26,59,5,10,7.5,65,75,70,15,25,20,95,100,97.5,0,1,0.5,0,1,0.5,95.75,100,98
CP,758,1,2,2014,2014-08-26T00:00:00Z,29,63.5,0,1,0.5,75,85,80,25,35,30,65,75,70,0,1,0.5,0,1,0.5,73.75,83.75,79
CP,759,1,2,2014,2014-05-27T00:00:00Z,9,28,15,25,20,25,35,30,5,10,7.5,85,95,90,0,1,0.5,3,5,4,85.75,95.5,90.75
CP,760,1,2,2014,2014-05-28T00:00:00Z,8,24.5,1,3,2,25,35,30,10,15,12.5,85,95,90,0,1,0.5,1,3,2,86.5,95.75,91.25
CP,761,1,2,2014,2014-06-10T00:00:00Z,19,45.5,1,3,2,55,65,60,35,45,40,55,65,60,15,25,20,0,1,0.5,70.75,80.75,76
CP,762,1,2,2014,2014-05-27T00:00:00Z,18,59.5,3,5,4,55,65,60,10,15,12.5,95,100,97.5,0,1,0.5,0,1,0.5,95.5,100,97.8125
CP,763,1,2,2014,2014-08-27T00:00:00Z,18,42,15,25,20,25,35,30,15,25,20,65,75,70,10,15,12.5,0,1,0.5,70.25,81.25,76
CP,764,1,2,2014,2014-06-30T00:00:00Z,33,50.5,5,10,7.5,55,65,60,15,25,20,55,65,60,0,1,0.5,0,1,0.5,61.75000000000001,73.75,68
CP,765,1,2,2014,2014-08-28T00:00:00Z,38,52,3,5,4,45,55,50,25,35,30,45,55,50,35,45,40,0,1,0.5,58.74999999999999,70.75,65
CP,766,1,2,2014,2014-08-28T00:00:00Z,35,90,15,25,20,95,100,97.5,25,35,30,75,85,80,1,3,2,0,1,0.5,81.25,90.25,86.00000000000001
CP,767,1,2,2014,2014-08-28T00:00:00Z,31,63,5,10,7.5,55,65,60,45,55,50,65,75,70,25,35,30,0,1,0.5,80.75,88.75,85
CP,768,1,2,2014,2014-08-28T00:00:00Z,26,67,,,,55,65,60,,,,,,,25,35,30,0,1,0.5,,,
CP,801,1,2,2014,2014-05-08T00:00:00Z,14,150,0,1,0.5,85,95,90,0,1,0.5,95,100,97.5,0,1,0.5,0,1,0.5,95,100,97.5125
CP,802,1,2,2014,2014-05-08T00:00:00Z,14,150,0,1,0.5,85,95,90,0,1,0.5,95,100,97.5,0,1,0.5,0,1,0.5,95,100,97.5125
CP,803,1,2,2014,2014-05-08T00:00:00Z,19,91,0,1,0.5,75,85,80,15,25,20,95,100,97.5,0,1,0.5,0,1,0.5,95.75,100,98
CP,804,1,2,2014,2014-05-08T00:00:00Z,15,83,0,1,0.5,65,75,70,3,5,4,95,100,97.5,0,1,0.5,0,1,0.5,95.15,100,97.6
CP,805,1,2,2014,2014-05-13T00:00:00Z,13,115,0,1,0.5,95,100,97.5,15,25,20,85,95,90,0,1,0.5,0,1,0.5,87.25,96.24999999999999,92
CP,806,1,2,2014,2014-05-13T00:00:00Z,16,69.5,0,1,0.5,65,75,70,5,10,7.5,95,100,97.5,0,1,0.5,0,1,0.5,95.24999999999999,100,97.6875
CP,807,1,2,2014,2014-05-13T00:00:00Z,16,121,0,1,0.5,85,95,90,25,35,30,95,100,97.5,0,1,0.5,0,1,0.5,96.24999999999999,100,98.25
CP,808,1,2,2014,2014-05-12T00:00:00Z,9,104.5,0,1,0.5,95,100,97.5,25,35,30,85,95,90,0,1,0.5,0,1,0.5,88.75,96.75,93
CP,809,1,2,2014,2014-05-06T00:00:00Z,13,122.5,0,1,0.5,85,95,90,55,65,60,85,95,90,0,1,0.5,0,1,0.5,93.25,98.25,96
CP,810,1,2,2014,2014-05-08T00:00:00Z,16,100,0,1,0.5,75,85,80,5,10,7.5,95,100,97.5,0,1,0.5,0,1,0.5,95.24999999999999,100,97.6875
CP,811,1,2,2014,2014-05-13T00:00:00Z,16,127,0,1,0.5,95,100,97.5,25,35,30,65,75,70,0,1,0.5,0,1,0.5,73.75,83.75,79
CP,812,1,2,2014,2014-05-12T00:00:00Z,13,108.5,0,1,0.5,85,95,90,45,55,50,75,85,80,0,1,0.5,0,1,0.5,86.25,93.25,90
CP,813,1,2,2014,2014-05-06T00:00:00Z,13,89.5,0,1,0.5,75,85,80,25,35,30,85,95,90,0,1,0.5,1,3,2,88.75,96.75,93
CP,814,1,2,2014,2014-05-05T00:00:00Z,16,137,0,1,0.5,95,100,97.5,15,25,20,75,85,80,0,1,0.5,0,1,0.5,78.75,88.75,84.00000000000001
CP,815,1,2,2014,2014-05-13T00:00:00Z,17,102,0,1,0.5,75,85,80,35,45,40,85,95,90,0,1,0.5,1,3,2,90.25,97.24999999999999,94
CP,816,1,2,2014,2014-05-13T00:00:00Z,18,73,0,1,0.5,65,75,70,45,55,50,85,95,90,0,1,0.5,0,1,0.5,91.75,97.75,95
CP,817,1,2,2014,2014-05-13T00:00:00Z,13,108,0,1,0.5,85,95,90,15,25,20,95,100,97.5,0,1,0.5,1,3,2,95.75,100,98
CP,818,1,2,2014,2014-05-08T00:00:00Z,15,177.5,0,1,0.5,95,100,97.5,5,10,7.5,85,95,90,0,1,0.5,0,1,0.5,85.75,95.5,90.75
CP,819,1,2,2014,2014-05-08T00:00:00Z,18,75.5,0,1,0.5,55,65,60,15,25,20,75,85,80,0,1,0.5,0,1,0.5,78.75,88.75,84.00000000000001
CP,820,1,2,2014,2014-05-06T00:00:00Z,18,97.5,0,1,0.5,85,95,90,10,15,12.5,85,95,90,0,1,0.5,0,1,0.5,86.5,95.75,91.25
CP,821,1,2,2014,2014-05-12T00:00:00Z,18,109,0,1,0.5,75,85,80,55,65,60,85,95,90,0,1,0.5,0,1,0.5,93.25,98.25,96
CP,822,1,2,2014,2014-05-13T00:00:00Z,13,121,0,1,0.5,85,95,90,65,75,70,75,85,80,0,1,0.5,1,3,2,91.25,96.25,94
CP,823,1,2,2014,2014-05-12T00:00:00Z,5,11,0,1,0.5,5,10,7.5,0,1,0.5,95,100,97.5,0,1,0.5,0,1,0.5,95,100,97.5125
CP,824,1,2,2014,2014-05-06T00:00:00Z,14,86.5,0,1,0.5,65,75,70,15,25,20,95,100,97.5,0,1,0.5,0,1,0.5,95.75,100,98
CP,825,1,2,2014,2014-05-08T00:00:00Z,18,43,0,1,0.5,25,35,30,15,25,20,65,75,70,0,1,0.5,0,1,0.5,70.25,81.25,76
CP,826,1,2,2014,2014-05-08T00:00:00Z,10,36,0,1,0.5,25,35,30,0,1,0.5,95,100,97.5,0,1,0.5,1,3,2,95,100,97.5125
CP,827,1,2,2014,2014-05-12T00:00:00Z,11,83,0,1,0.5,65,75,70,3,5,4,95,100,97.5,0,1,0.5,0,1,0.5,95.15,100,97.6
CP,828,1,2,2014,2014-05-12T00:00:00Z,6,44,0,1,0.5,35,45,40,0,1,0.5,95,100,97.5,0,1,0.5,0,1,0.5,95,100,97.5125
CP,829,1,2,2014,2014-06-03T00:00:00Z,14,91,0,1,0.5,95,100,97.5,25,35,30,75,85,80,0,1,0.5,0,1,0.5,81.25,90.25,86.00000000000001
CP,830,1,2,2014,2014-05-12T00:00:00Z,6,82.5,0,1,0.5,75,85,80,0,1,0.5,85,95,90,0,1,0.5,0,1,0.5,85,95.04999999999998,90.05000000000001
CP,831,1,2,2014,2014-05-12T00:00:00Z,8,12.5,0,1,0.5,5,10,7.5,0,1,0.5,95,100,97.5,0,1,0.5,0,1,0.5,95,100,97.5125
CP,832,1,2,2014,2014-05-12T00:00:00Z,9,25.5,0,1,0.5,15,25,20,0,1,0.5,95,100,97.5,0,1,0.5,0,1,0.5,95,100,97.5125
CP,833,1,2,2014,2014-05-12T00:00:00Z,8,109.5,0,1,0.5,95,100,97.5,35,45,40,65,75,70,0,1,0.5,0,1,0.5,77.25,86.25,82
CP,841,1,2,2015,2015-06-08T00:00:00Z,23,171.5,0,1,0.5,85,95,90,3,5,4,85,95,90,0,1,0.5,0,1,0.5,85.45,95.24999999999999,90.4
CP,842,1,2,2015,2015-06-08T00:00:00Z,22,98.5,0,1,0.5,25,35,30,15,25,20,85,95,90,0,1,0.5,0,1,0.5,87.25,96.24999999999999,92
CP,843,1,2,2015,2015-06-17T00:00:00Z,13,156.5,0,1,0.5,3,5,4,1,3,2,95,100,97.5,0,1,0.5,0,1,0.5,95.04999999999998,100,97.55
CP,844,1,2,2015,2015-06-08T00:00:00Z,22,160,0,1,0.5,75,85,80,5,10,7.5,95,100,97.5,0,1,0.5,0,1,0.5,95.24999999999999,100,97.6875
CP,845,1,2,2015,2015-06-30T00:00:00Z,20,242.5,1,3,2,85,95,90,1,3,2,75,85,80,0,1,0.5,0,1,0.5,75.25,85.45,80.4
CP,846,1,2,2015,2015-06-17T00:00:00Z,13,163,0,1,0.5,10,15,12.5,0,1,0.5,95,100,97.5,0,1,0.5,0,1,0.5,95,100,97.5125
CP,847,1,2,2015,2015-06-17T00:00:00Z,21,143.5,0,1,0.5,85,95,90,35,45,40,75,85,80,0,1,0.5,0,1,0.5,83.75,91.75,88
CP,848,1,2,2015,2015-06-30T00:00:00Z,12,162.5,0,1,0.5,0,1,0.5,1,3,2,95,100,97.5,0,1,0.5,0,1,0.5,95.04999999999998,100,97.55
CP,849,1,2,2015,2015-06-17T00:00:00Z,21,232.5,1,3,2,85,95,90,15,25,20,65,75,70,0,1,0.5,0,1,0.5,70.25,81.25,76
CP,850,1,2,2015,2015-06-17T00:00:00Z,19,139.5,0,1,0.5,75,85,80,45,55,50,95,100,97.5,0,1,0.5,0,1,0.5,97.24999999999999,100,98.75
CP,851,1,2,2015,2015-06-08T00:00:00Z,27,168,0,1,0.5,85,95,90,3,5,4,95,100,97.5,0,1,0.5,0,1,0.5,95.15,100,97.6
CP,852,1,2,2015,2015-06-30T00:00:00Z,9,143.5,0,1,0.5,0,1,0.5,0,1,0.5,95,100,97.5,0,1,0.5,0,1,0.5,95,100,97.5125
CP,853,1,2,2015,2015-07-02T00:00:00Z,12,154,0,1,0.5,1,3,2,1,3,2,95,100,97.5,0,1,0.5,0,1,0.5,95.04999999999998,100,97.55
CP,854,1,2,2015,2015-06-17T00:00:00Z,11,102.5,0,1,0.5,85,95,90,15,25,20,75,85,80,0,1,0.5,0,1,0.5,78.75,88.75,84.00000000000001
CP,855,1,2,2015,2015-06-30T00:00:00Z,11,168.5,0,1,0.5,3,5,4,10,15,12.5,95,100,97.5,0,1,0.5,0,1,0.5,95.5,100,97.8125
CP,856,1,2,2015,2015-07-02T00:00:00Z,14,158,0,1,0.5,5,10,7.5,0,1,0.5,95,100,97.5,0,1,0.5,0,1,0.5,95,100,97.5125
CP,857,1,2,2015,2015-06-08T00:00:00Z,15,130,0,1,0.5,95,100,97.5,3,5,4,95,100,97.5,0,1,0.5,0,1,0.5,95.15,100,97.6
CP,858,1,2,2015,2015-06-30T00:00:00Z,13,28.5,0,1,0.5,3,5,4,0,1,0.5,95,100,97.5,0,1,0.5,0,1,0.5,95,100,97.5125
CP,859,1,2,2015,2015-07-02T00:00:00Z,14,88,0,1,0.5,15,25,20,15,25,20,95,100,97.5,0,1,0.5,0,1,0.5,95.75,100,98
CP,860,1,2,2015,2015-06-30T00:00:00Z,29,76,0,1,0.5,15,25,20,15,25,20,85,95,90,0,1,0.5,0,1,0.5,87.25,96.24999999999999,92
CP,861,1,2,2015,2015-07-02T00:00:00Z,12,103,0,1,0.5,65,75,70,10,15,12.5,95,100,97.5,0,1,0.5,1,3,2,95.5,100,97.8125
CP,862,1,2,2015,2015-06-08T00:00:00Z,17,157,0,1,0.5,95,100,97.5,1,3,2,55,65,60,0,1,0.5,0,1,0.5,55.45,66.05000000000001,60.8
CP,863,1,2,2015,2015-06-30T00:00:00Z,21,202,1,3,2,85,95,90,1,3,2,85,95,90,0,1,0.5,0,1,0.5,85.14999999999999,95.15,90.2
CP,864,1,2,2015,2015-07-02T00:00:00Z,20,222,0,1,0.5,85,95,90,25,35,30,95,100,97.5,0,1,0.5,0,1,0.5,96.24999999999999,100,98.25
CP,865,1,2,2015,2015-06-30T00:00:00Z,14,226.5,0,1,0.5,75,85,80,15,25,20,65,75,70,0,1,0.5,0,1,0.5,70.25,81.25,76
CP,866,1,2,2015,2015-07-02T00:00:00Z,19,176.5,0,1,0.5,55,65,60,25,35,30,85,95,90,0,1,0.5,0,1,0.5,88.75,96.75,93
CP,867,1,2,2015,2015-06-23T00:00:00Z,16,95,0,1,0.5,45,55,50,5,10,7.5,95,100,97.5,0,1,0.5,0,1,0.5,95.24999999999999,100,97.6875
CP,868,1,2,2015,2015-06-23T00:00:00Z,16,153,0,1,0.5,65,75,70,10,15,12.5,65,75,70,0,1,0.5,0,1,0.5,68.5,78.75,73.75
CP,869,1,2,2015,2015-07-02T00:00:00Z,19,193.5,0,1,0.5,45,55,50,25,35,30,95,100,97.5,0,1,0.5,0,1,0.5,96.24999999999999,100,98.25
CP,870,1,2,2015,2015-06-23T00:00:00Z,16,225,1,3,2,75,85,80,15,25,20,85,95,90,0,1,0.5,0,1,0.5,87.25,96.24999999999999,92
CP,871,1,2,2015,2015-06-23T00:00:00Z,17,210.5,0,1,0.5,65,75,70,10,15,12.5,95,100,97.5,0,1,0.5,0,1,0.5,95.5,100,97.8125
CP,872,1,2,2015,2015-06-23T00:00:00Z,19,169,0,1,0.5,55,65,60,3,5,4,85,95,90,0,1,0.5,0,1,0.5,85.45,95.24999999999999,90.4
CP,873,1,2,2015,2015-06-23T00:00:00Z,19,200.5,3,5,4,65,75,70,15,25,20,95,100,97.5,0,1,0.5,0,1,0.5,95.75,100,98
CP,874,1,2,2015,2015-06-18T00:00:00Z,18,72,1,3,2,65,75,70,5,10,7.5,95,100,97.5,0,1,0.5,0,1,0.5,95.24999999999999,100,97.6875
CP,875,1,2,2015,2015-06-18T00:00:00Z,19,196,1,3,2,85,95,90,25,35,30,85,95,90,0,1,0.5,0,1,0.5,88.75,96.75,93
CP,876,1,2,2015,2015-06-18T00:00:00Z,24,156,0,1,0.5,65,75,70,1,3,2,95,100,97.5,0,1,0.5,0,1,0.5,95.04999999999998,100,97.55
CP,877,1,2,2015,2015-06-18T00:00:00Z,15,180.5,0,1,0.5,75,85,80,1,3,2,95,100,97.5,0,1,0.5,0,1,0.5,95.04999999999998,100,97.55
CP,878,1,2,2015,2015-06-18T00:00:00Z,11,188.5,0,1,0.5,85,95,90,1,3,2,85,95,90,0,1,0.5,0,1,0.5,85.14999999999999,95.15,90.2
CP,879,1,2,2015,2015-06-18T00:00:00Z,24,147.5,0,1,0.5,85,95,90,3,5,4,95,100,97.5,0,1,0.5,0,1,0.5,95.15,100,97.6
CP,880,1,2,2015,2015-06-18T00:00:00Z,20,176,0,1,0.5,75,85,80,3,5,4,95,100,97.5,0,1,0.5,0,1,0.5,95.15,100,97.6
CP,881,1,2,2015,2015-06-11T00:00:00Z,17,119,0,1,0.5,85,95,90,1,3,2,85,95,90,0,1,0.5,0,1,0.5,85.14999999999999,95.15,90.2
CP,882,1,2,2015,2015-06-18T00:00:00Z,13,105,1,3,2,85,95,90,25,35,30,85,95,90,3,5,4,0,1,0.5,88.75,96.75,93
CP,883,1,2,2015,2015-06-11T00:00:00Z,18,116,0,1,0.5,65,75,70,1,3,2,85,95,90,0,1,0.5,0,1,0.5,85.14999999999999,95.15,90.2
CP,884,1,2,2015,2015-06-11T00:00:00Z,32,128,0,1,0.5,85,95,90,15,25,20,95,100,97.5,0,1,0.5,0,1,0.5,95.75,100,98
CP,885,1,2,2015,2015-06-11T00:00:00Z,16,70.5,0,1,0.5,35,45,40,3,5,4,95,100,97.5,0,1,0.5,0,1,0.5,95.15,100,97.6
CP,886,1,2,2015,2015-06-11T00:00:00Z,28,208,0,1,0.5,75,85,80,15,25,20,75,85,80,0,1,0.5,0,1,0.5,78.75,88.75,84.00000000000001
CP,887,1,2,2015,2015-06-11T00:00:00Z,21,106.5,0,1,0.5,65,75,70,10,15,12.5,95,100,97.5,0,1,0.5,0,1,0.5,95.5,100,97.8125
CP,888,1,2,2015,2015-06-11T00:00:00Z,27,97,1,3,2,85,95,90,65,75,70,75,85,80,0,1,0.5,0,1,0.5,91.25,96.25,94
CP,889,1,2,2015,2015-06-11T00:00:00Z,24,86,0,1,0.5,65,75,70,5,10,7.5,65,75,70,0,1,0.5,0,1,0.5,66.75,77.5,72.24999999999999
CP,890,1,2,2015,2015-06-23T00:00:00Z,17,104.5,0,1,0.5,55,65,60,15,25,20,85,95,90,0,1,0.5,0,1,0.5,87.25,96.24999999999999,92
CP,901,1,2,2016,2016-07-04T00:00:00Z,34,80,1,3,2,45,55,50,35,45,40,85,95,90,0,1,0.5,0,1,0.5,90.25,97.24999999999999,94
CP,902,1,2,2016,2016-06-20T00:00:00Z,26,78.5,1,3,2,15,25,20,35,45,40,65,75,70,0,1,0.5,1,3,2,77.25,86.25,82
CP,903,1,2,2016,2016-06-09T00:00:00Z,24,136.5,0,1,0.5,45,55,50,45,55,50,85,95,90,0,1,0.5,0,1,0.5,91.75,97.75,95
CP,904,1,2,2016,2016-06-29T00:00:00Z,15,7.5,3,5,4,1,3,2,3,5,4,95,100,97.5,0,1,0.5,0,1,0.5,95.15,100,97.6
CP,905,1,2,2016,2016-07-04T00:00:00Z,11,5.5,1,3,2,0,1,0.5,10,15,12.5,95,100,97.5,0,1,0.5,0,1,0.5,95.5,100,97.8125
CP,906,1,2,2016,2016-06-20T00:00:00Z,23,39.5,1,3,2,15,25,20,15,25,20,85,95,90,0,1,0.5,0,1,0.5,87.25,96.24999999999999,92
CP,907,1,2,2016,2016-06-09T00:00:00Z,22,115,0,1,0.5,15,25,20,35,45,40,85,95,90,0,1,0.5,5,10,7.5,90.25,97.24999999999999,94
CP,908,1,2,2016,2016-06-09T00:00:00Z,24,134,0,1,0.5,35,45,40,10,15,12.5,85,95,90,0,1,0.5,0,1,0.5,86.5,95.75,91.25
CP,909,1,2,2016,2016-06-22T00:00:00Z,8,86.5,1,3,2,65,75,70,45,55,50,65,75,70,0,1,0.5,0,1,0.5,80.75,88.75,85
CP,910,1,2,2016,2016-06-22T00:00:00Z,16,17.5,0,1,0.5,15,25,20,0,1,0.5,95,100,97.5,0,1,0.5,0,1,0.5,95,100,97.5125
CP,911,1,2,2016,2016-07-04T00:00:00Z,16,9.5,0,1,0.5,1,3,2,0,1,0.5,95,100,97.5,0,1,0.5,0,1,0.5,95,100,97.5125
CP,912,1,2,2016,2016-07-01T00:00:00Z,26,112,0,1,0.5,35,45,40,10,15,12.5,85,95,90,0,1,0.5,0,1,0.5,86.5,95.75,91.25
CP,913,1,2,2016,2016-06-09T00:00:00Z,25,119,0,1,0.5,25,35,30,45,55,50,85,95,90,0,1,0.5,0,1,0.5,91.75,97.75,95
CP,914,1,2,2016,2016-06-15T00:00:00Z,8,5.5,0,1,0.5,1,3,2,1,3,2,95,100,97.5,0,1,0.5,0,1,0.5,95.04999999999998,100,97.55
CP,915,1,2,2016,2016-06-15T00:00:00Z,15,7.5,1,3,2,1,3,2,3,5,4,95,100,97.5,0,1,0.5,0,1,0.5,95.15,100,97.6
CP,916,1,2,2016,2016-06-29T00:00:00Z,10,113,15,25,20,95,100,97.5,25,35,30,65,75,70,0,1,0.5,1,3,2,73.75,83.75,79
CP,917,1,2,2016,2016-07-04T00:00:00Z,14,46.5,15,25,20,45,55,50,5,10,7.5,85,95,90,0,1,0.5,0,1,0.5,85.75,95.5,90.75
CP,918,1,2,2016,2016-07-01T00:00:00Z,16,23,1,3,2,3,5,4,15,25,20,85,95,90,0,1,0.5,0,1,0.5,87.25,96.24999999999999,92
CP,919,1,2,2016,2016-06-09T00:00:00Z,30,162,0,1,0.5,75,85,80,1,3,2,85,95,90,0,1,0.5,0,1,0.5,85.14999999999999,95.15,90.2
CP,920,1,2,2016,2016-06-20T00:00:00Z,20,137,1,3,2,55,65,60,15,25,20,85,95,90,0,1,0.5,0,1,0.5,87.25,96.24999999999999,92
CP,921,1,2,2016,2016-06-15T00:00:00Z,9,4.5,0,1,0.5,0,1,0.5,1,3,2,95,100,97.5,0,1,0.5,0,1,0.5,95.04999999999998,100,97.55
CP,922,1,2,2016,2016-06-15T00:00:00Z,21,69,0,1,0.5,5,10,7.5,5,10,7.5,15,25,20,85,95,90,0,1,0.5,19.25,32.49999999999999,25.99999999999999
CP,923,1,2,2016,2016-06-29T00:00:00Z,12,42,0,1,0.5,35,45,40,10,15,12.5,65,75,70,0,1,0.5,0,1,0.5,68.5,78.75,73.75
CP,924,1,2,2016,2016-07-04T00:00:00Z,14,89,5,10,7.5,65,75,70,25,35,30,10,15,12.5,0,1,0.5,0,1,0.5,32.49999999999999,44.75,38.75000000000001
CP,925,1,2,2016,2016-07-01T00:00:00Z,10,6.5,0,1,0.5,0,1,0.5,0,1,0.5,95,100,97.5,0,1,0.5,0,1,0.5,95,100,97.5125
CP,926,1,2,2016,2016-06-20T00:00:00Z,21,100.5,0,1,0.5,15,25,20,25,35,30,95,100,97.5,0,1,0.5,1,3,2,96.24999999999999,100,98.25
CP,927,1,2,2016,2016-06-20T00:00:00Z,18,110,0,1,0.5,15,25,20,25,35,30,75,85,80,0,1,0.5,3,5,4,81.25,90.25,86.00000000000001
CP,928,1,2,2016,2016-06-22T00:00:00Z,22,171.5,1,3,2,45,55,50,15,25,20,85,95,90,0,1,0.5,0,1,0.5,87.25,96.24999999999999,92
CP,929,1,2,2016,2016-06-22T00:00:00Z,26,90,1,3,2,35,45,40,0,1,0.5,55,65,60,0,1,0.5,0,1,0.5,55.00000000000001,65.35,60.199999999999996
CP,930,1,2,2016,2016-06-29T00:00:00Z,24,22,0,1,0.5,15,25,20,10,15,12.5,95,100,97.5,0,1,0.5,0,1,0.5,95.5,100,97.8125
CP,931,1,2,2016,2016-06-29T00:00:00Z,8,63.5,0,1,0.5,0,1,0.5,1,3,2,95,100,97.5,0,1,0.5,0,1,0.5,95.04999999999998,100,97.55
CP,932,1,2,2016,2016-07-01T00:00:00Z,7,8.5,0,1,0.5,3,5,4,1,3,2,95,100,97.5,0,1,0.5,0,1,0.5,95.04999999999998,100,97.55
CP,933,1,2,2016,2016-07-01T00:00:00Z,23,115,1,3,2,25,35,30,15,25,20,85,95,90,0,1,0.5,1,3,2,87.25,96.24999999999999,92
CP,934,1,2,2016,2016-06-20T00:00:00Z,19,120.5,1,3,2,35,45,40,25,35,30,75,85,80,0,1,0.5,1,3,2,81.25,90.25,86.00000000000001
CP,935,1,2,2016,2016-06-22T00:00:00Z,26,131,1,3,2,65,75,70,35,45,40,85,95,90,0,1,0.5,3,5,4,90.25,97.24999999999999,94
CP,936,1,2,2016,2016-06-29T00:00:00Z,23,99.5,0,1,0.5,45,55,50,35,45,40,85,95,90,0,1,0.5,1,3,2,90.25,97.24999999999999,94
CP,937,1,2,2016,2016-06-29T00:00:00Z,28,86.5,0,1,0.5,25,35,30,5,10,7.5,85,95,90,0,1,0.5,0,1,0.5,85.75,95.5,90.75
CP,938,1,2,2016,2016-06-29T00:00:00Z,5,2.5,0,1,0.5,0,1,0.5,1,3,2,95,100,97.5,0,1,0.5,0,1,0.5,95.04999999999998,100,97.55
CP,939,1,2,2016,2016-07-01T00:00:00Z,8,5.5,0,1,0.5,3,5,4,35,45,40,65,75,70,0,1,0.5,1,3,2,77.25,86.25,82
CP,940,1,2,2016,2016-07-01T00:00:00Z,15,107,1,3,2,10,15,12.5,55,65,60,85,95,90,0,1,0.5,1,3,2,93.25,98.25,96
CP,941,1,2,2016,2016-06-20T00:00:00Z,18,111.5,0,1,0.5,15,25,20,15,25,20,85,95,90,0,1,0.5,0,1,0.5,87.25,96.24999999999999,92
CP,942,1,2,2016,2016-06-22T00:00:00Z,22,119,0,1,0.5,35,45,40,35,45,40,85,95,90,0,1,0.5,1,3,2,90.25,97.24999999999999,94
CP,943,1,2,2016,2016-07-04T00:00:00Z,24,144.5,0,1,0.5,75,85,80,15,25,20,85,95,90,0,1,0.5,0,1,0.5,87.25,96.24999999999999,92
CP,944,1,2,2016,2016-07-06T00:00:00Z,15,119.5,0,1,0.5,25,35,30,35,45,40,85,95,90,0,1,0.5,1,3,2,90.25,97.24999999999999,94
CP,945,1,2,2016,2016-07-06T00:00:00Z,18,105.5,0,1,0.5,35,45,40,45,55,50,85,95,90,0,1,0.5,10,15,12.5,91.75,97.75,95
CP,946,1,2,2016,2016-07-07T00:00:00Z,19,104,0,1,0.5,35,45,40,25,35,30,85,95,90,0,1,0.5,0,1,0.5,88.75,96.75,93
CP,947,1,2,2016,2016-07-14T00:00:00Z,23,138,0,1,0.5,45,55,50,45,55,50,85,95,90,0,1,0.5,0,1,0.5,91.75,97.75,95
CP,948,1,2,2016,2016-07-13T00:00:00Z,19,88.5,0,1,0.5,10,15,12.5,45,55,50,85,95,90,0,1,0.5,0,1,0.5,91.75,97.75,95
CP,949,1,2,2016,2016-07-06T00:00:00Z,20,74,0,1,0.5,45,55,50,45,55,50,85,95,90,0,1,0.5,0,1,0.5,91.75,97.75,95
CP,950,1,2,2016,2016-07-06T00:00:00Z,19,80,0,1,0.5,25,35,30,5,10,7.5,85,95,90,0,1,0.5,1,3,2,85.75,95.5,90.75
CP,951,1,2,2016,2016-07-06T00:00:00Z,18,97,0,1,0.5,35,45,40,25,35,30,85,95,90,0,1,0.5,1,3,2,88.75,96.75,93
CP,952,1,2,2016,2016-07-07T00:00:00Z,19,116.5,0,1,0.5,45,55,50,15,25,20,85,95,90,0,1,0.5,0,1,0.5,87.25,96.24999999999999,92
CP,953,1,2,2016,2016-07-13T00:00:00Z,19,91,1,3,2,25,35,30,55,65,60,65,75,70,0,1,0.5,1,3,2,84.25,91.25,88
CP,954,1,2,2016,2016-07-13T00:00:00Z,22,92.5,0,1,0.5,25,35,30,25,35,30,75,85,80,0,1,0.5,0,1,0.5,81.25,90.25,86.00000000000001
CP,955,1,2,2016,2016-07-06T00:00:00Z,27,97,0,1,0.5,35,45,40,55,65,60,85,95,90,0,1,0.5,0,1,0.5,93.25,98.25,96
CP,956,1,2,2016,2016-07-06T00:00:00Z,20,127.5,0,1,0.5,55,65,60,1,3,2,85,95,90,0,1,0.5,0,1,0.5,85.14999999999999,95.15,90.2
CP,957,1,2,2016,2016-07-07T00:00:00Z,20,112.5,0,1,0.5,55,65,60,10,15,12.5,85,95,90,0,1,0.5,1,3,2,86.5,95.75,91.25
CP,958,1,2,2016,2016-07-14T00:00:00Z,20,121.5,0,1,0.5,45,55,50,15,25,20,85,95,90,0,1,0.5,0,1,0.5,87.25,96.24999999999999,92
CP,959,1,2,2016,2016-07-13T00:00:00Z,19,101.5,0,1,0.5,25,35,30,55,65,60,65,75,70,0,1,0.5,1,3,2,84.25,91.25,88
CP,960,1,2,2016,2016-07-06T00:00:00Z,16,60,0,1,0.5,15,25,20,45,55,50,85,95,90,0,1,0.5,1,3,2,91.75,97.75,95
CP,961,1,2,2016,2016-07-07T00:00:00Z,20,65.5,0,1,0.5,15,25,20,15,25,20,85,95,90,0,1,0.5,1,3,2,87.25,96.24999999999999,92
CP,962,1,2,2016,2016-07-07T00:00:00Z,19,85.5,0,1,0.5,25,35,30,45,55,50,85,95,90,0,1,0.5,5,10,7.5,91.75,97.75,95
CP,963,1,2,2016,2016-07-13T00:00:00Z,17,126.5,0,1,0.5,45,55,50,55,65,60,85,95,90,0,1,0.5,1,3,2,93.25,98.25,96
CP,964,1,2,2016,2016-07-07T00:00:00Z,16,117,0,1,0.5,55,65,60,10,15,12.5,85,95,90,0,1,0.5,0,1,0.5,86.5,95.75,91.25
CP,965,1,2,2016,2016-07-07T00:00:00Z,18,92,0,1,0.5,15,25,20,35,45,40,85,95,90,0,1,0.5,0,1,0.5,90.25,97.24999999999999,94
CP,966,1,2,2016,2016-07-14T00:00:00Z,17,154,0,1,0.5,55,65,60,25,35,30,85,95,90,0,1,0.5,1,3,2,88.75,96.75,93
CP,1003,1,2,2016,2016-06-17T13:02:33Z,4,99,0,1,0.5,95,100,97.5,1,3,2,75,85,80,0,1,0.5,0,1,0.5,75.25,85.45,80.4
CP,1004,1,2,2016,2016-06-17T12:50:14Z,8,65,0,1,0.5,55,65,60,25,35,30,75,85,80,0,1,0.5,0,1,0.5,81.25,90.25,86.00000000000001
CP,1005,1,2,2016,2016-06-17T00:00:00Z,5,92,,,,85,95,90,,,,,,,0,1,0.5,0,1,0.5,,,
CP,1008,1,2,2016,2016-06-17T00:00:00Z,7,73,0,1,0.5,65,75,70,3,5,4,95,100,97.5,0,1,0.5,0,1,0.5,95.15,100,97.6
CP,1009,1,2,2016,2016-06-17T00:00:00Z,4,91.5,0,1,0.5,85,95,90,1,3,2,85,95,90,0,1,0.5,1,3,2,85.14999999999999,95.15,90.2
CP,1011,1,2,2016,2016-06-17T00:00:00Z,2,92,0,1,0.5,95,100,97.5,25,35,30,65,75,70,0,1,0.5,0,1,0.5,73.75,83.75,79
CP,1018,1,2,2016,2016-06-13T00:00:00Z,6,105,0,1,0.5,95,100,97.5,5,10,7.5,65,75,70,0,1,0.5,0,1,0.5,66.75,77.5,72.24999999999999
CP,1019,1,2,2016,2016-06-13T00:00:00Z,9,70.5,1,3,2,65,75,70,1,3,2,85,95,90,0,1,0.5,1,3,2,85.14999999999999,95.15,90.2
CP,1022,1,2,2016,2016-06-17T00:00:00Z,8,90,0,1,0.5,65,75,70,15,25,20,65,75,70,0,1,0.5,1,3,2,70.25,81.25,76
CP,1023,1,2,2016,2016-06-13T00:00:00Z,7,78,0,1,0.5,65,75,70,25,35,30,65,75,70,0,1,0.5,1,3,2,73.75,83.75,79
CP,1024,1,2,2016,2016-06-17T00:00:00Z,7,93,0,1,0.5,85,95,90,3,5,4,75,85,80,0,1,0.5,0,1,0.5,75.75,85.75,80.80000000000001
CP,1026,1,2,2016,2016-06-17T00:00:00Z,4,112.5,0,1,0.5,95,100,97.5,5,10,7.5,85,95,90,0,1,0.5,0,1,0.5,85.75,95.5,90.75
CP,1027,1,2,2016,2016-06-13T00:00:00Z,6,85.5,0,1,0.5,,,,15,25,20,75,85,80,0,1,0.5,0,1,0.5,78.75,88.75,84.00000000000001
CP,1028,1,2,2016,2016-06-10T00:00:00Z,6,94,0,1,0.5,85,95,90,15,25,20,85,95,90,0,1,0.5,0,1,0.5,87.25,96.24999999999999,92
CP,1029,1,2,2016,2016-06-10T00:00:00Z,9,75.5,0,1,0.5,65,75,70,35,45,40,85,95,90,0,1,0.5,0,1,0.5,90.25,97.24999999999999,94
CP,1032,1,2,2016,2016-06-10T00:00:00Z,4,84.5,,,,75,85,80,25,35,30,75,85,80,0,1,0.5,0,1,0.5,81.25,90.25,86.00000000000001
CP,1035,1,2,2016,2016-06-10T00:00:00Z,13,47,0,1,0.5,45,55,50,35,45,40,85,95,90,0,1,0.5,1,3,2,90.25,97.24999999999999,94
CP,1037,1,2,2016,2016-06-10T00:00:00Z,7,73,0,1,0.5,65,75,70,5,10,7.5,55,65,60,0,1,0.5,1,3,2,57.25,68.5,62.999999999999986
CP,1041,1,2,2016,2016-06-17T00:00:00Z,5,92,0,1,0.5,85,95,90,3,5,4,85,95,90,0,1,0.5,0,1,0.5,85.45,95.24999999999999,90.4
CP,1044,1,2,2016,2016-06-13T00:00:00Z,7,102,0,1,0.5,95,100,97.5,25,35,30,55,65,60,0,1,0.5,1,3,2,66.25000000000001,77.25,72
CP,1046,1,2,2016,2016-06-13T00:00:00Z,7,96,0,1,0.5,85,95,90,15,25,20,85,95,90,0,1,0.5,1,3,2,87.25,96.24999999999999,92
CP,1051,1,2,2016,2016-06-13T00:00:00Z,7,84.5,0,1,0.5,75,85,80,5,10,7.5,85,95,90,0,1,0.5,0,1,0.5,85.75,95.5,90.75
CP,1052,1,2,2016,2016-06-13T00:00:00Z,7,93,0,1,0.5,85,95,90,25,35,30,85,95,90,0,1,0.5,0,1,0.5,88.75,96.75,93
CP,1053,1,2,2016,2016-06-13T00:00:00Z,7,102,0,1,0.5,95,100,97.5,10,15,12.5,75,85,80,0,1,0.5,0,1,0.5,77.5,87.25,82.5
CP,1058,1,2,2016,2016-06-10T00:00:00Z,11,55,0,1,0.5,45,55,50,15,25,20,85,95,90,0,1,0.5,0,1,0.5,87.25,96.24999999999999,92
CP,1059,1,2,2016,2016-06-10T00:00:00Z,3,98.5,,,,95,100,97.5,,,,,,,0,1,0.5,0,1,0.5,,,
CP,1060,1,2,2016,2016-06-10T00:00:00Z,5,99.5,,,,95,100,97.5,1,3,2,85,95,90,0,1,0.5,1,3,2,85.14999999999999,95.15,90.2
CP,1062,1,2,2016,2016-06-10T00:00:00Z,7,84.5,1,3,2,75,85,80,10,15,12.5,85,95,90,0,1,0.5,0,1,0.5,86.5,95.75,91.25
CP,1063,1,2,2016,2016-06-10T00:00:00Z,7,94.5,0,1,0.5,85,95,90,10,15,12.5,85,95,90,0,1,0.5,1,3,2,86.5,95.75,91.25
CP,1065,1,2,2016,2016-06-10T00:00:00Z,4,100.5,0,1,0.5,95,100,97.5,1,3,2,85,95,90,0,1,0.5,1,3,2,85.14999999999999,95.15,90.2
CP,1101,1,2,2017,2017-08-08T00:00:00Z,31,87,0,1,0.5,65,75,70,15,25,20,75,85,80,75,85,80,0,1,0.5,78.75,88.75,84.00000000000001
CP,1102,1,2,2017,2017-07-13T00:00:00Z,21,56,1,3,2,55,65,60,35,45,40,75,85,80,3,5,4,0,1,0.5,83.75,91.75,88
CP,1103,1,2,2017,2017-06-14T00:00:00Z,13,79,5,10,7.5,75,85,80,15,25,20,65,75,70,0,1,0.5,0,1,0.5,70.25,81.25,76
CP,1104,1,2,2017,2017-07-17T00:00:00Z,9,85.5,10,15,12.5,75,85,80,15,25,20,65,75,70,0,1,0.5,0,1,0.5,70.25,81.25,76
CP,1105,1,2,2017,2017-06-16T00:00:00Z,26,83.5,0,1,0.5,75,85,80,5,10,7.5,55,65,60,0,1,0.5,0,1,0.5,57.25,68.5,62.999999999999986
CP,1106,1,2,2017,2017-06-14T00:00:00Z,6,81,45,55,50,65,75,70,45,55,50,65,75,70,0,1,0.5,0,1,0.5,80.75,88.75,85
CP,1107,1,2,2017,2017-06-14T00:00:00Z,9,65.5,15,25,20,55,65,60,25,35,30,75,85,80,0,1,0.5,0,1,0.5,81.25,90.25,86.00000000000001
CP,1108,1,2,2017,2017-08-08T00:00:00Z,20,88.5,0,1,0.5,75,85,80,15,25,20,75,85,80,75,85,80,0,1,0.5,78.75,88.75,84.00000000000001
CP,1109,1,2,2017,2017-06-14T00:00:00Z,12,48.5,45,55,50,25,35,30,75,85,80,75,85,80,0,1,0.5,0,1,0.5,93.75,97.75,96
CP,1110,1,2,2017,2017-08-10T00:00:00Z,22,139.5,0,1,0.5,95,100,97.5,5,10,7.5,65,75,70,85,95,90,0,1,0.5,66.75,77.5,72.24999999999999
CP,1111,1,2,2017,2017-08-10T00:00:00Z,27,82,0,1,0.5,95,100,97.5,5,10,7.5,85,95,90,10,15,12.5,0,1,0.5,85.75,95.5,90.75
CP,1112,1,2,2017,2017-08-17T00:00:00Z,24,43.5,1,3,2,45,55,50,25,35,30,75,85,80,0,1,0.5,0,1,0.5,81.25,90.25,86.00000000000001
CP,1113,1,2,2017,2017-08-08T00:00:00Z,21,77,0,1,0.5,45,55,50,45,55,50,45,55,50,85,95,90,0,1,0.5,69.75,79.75000000000001,75
CP,1114,1,2,2017,2017-08-10T00:00:00Z,24,83.5,1,3,2,55,65,60,35,45,40,55,65,60,75,85,80,0,1,0.5,70.75,80.75,76
CP,1115,1,2,2017,2017-06-12T00:00:00Z,29,105.5,0,1,0.5,85,95,90,15,25,20,75,85,80,85,95,90,0,1,0.5,78.75,88.75,84.00000000000001
CP,1116,1,2,2017,2017-06-12T00:00:00Z,29,76,0,1,0.5,75,85,80,35,45,40,75,85,80,55,65,60,0,1,0.5,83.75,91.75,88
CP,1117,1,2,2017,2017-06-12T13:00:11Z,37,108.5,0,1,0.5,85,95,90,5,10,7.5,75,85,80,5,10,7.5,0,1,0.5,76.25,86.5,81.5
CP,1118,1,2,2017,2017-06-12T12:35:03Z,21,110,0,1,0.5,95,100,97.5,5,10,7.5,85,95,90,25,35,30,0,1,0.5,85.75,95.5,90.75
CP,1119,1,2,2017,2017-08-04T00:00:00Z,23,112,0,1,0.5,95,100,97.5,3,5,4,85,95,90,75,85,80,0,1,0.5,85.45,95.24999999999999,90.4
CP,1120,1,2,2017,2017-08-04T00:00:00Z,27,120.5,0,1,0.5,95,100,97.5,15,25,20,65,75,70,65,75,70,0,1,0.5,70.25,81.25,76
CP,1121,1,2,2017,2017-08-04T14:41:54Z,22,109.5,1,3,2,85,95,90,45,55,50,75,85,80,25,35,30,0,1,0.5,86.25,93.25,90
CP,1122,1,2,2017,2017-08-03T00:00:00Z,17,106,0,1,0.5,95,100,97.5,0,1,0.5,75,85,80,85,95,90,0,1,0.5,75,85.14999999999999,80.10000000000001
CP,1123,1,2,2017,2017-08-03T00:00:00Z,29,100.5,0,1,0.5,85,95,90,15,25,20,85,95,90,1,3,2,0,1,0.5,87.25,96.24999999999999,92
CP,1124,1,2,2017,2017-08-03T00:00:00Z,28,60,0,1,0.5,65,75,70,,,,,,,0,1,0.5,0,1,0.5,,,
CP,1125,1,2,2017,2017-06-08T13:32:40Z,23,98.5,1,3,2,75,85,80,65,75,70,55,65,60,15,25,20,0,1,0.5,84.25,91.25,88
CP,1126,1,2,2017,2017-07-13T00:00:00Z,27,113,1,3,2,85,95,90,15,25,20,75,85,80,25,35,30,0,1,0.5,78.75,88.75,84.00000000000001
CP,1127,1,2,2017,2017-08-02T00:00:00Z,28,129,0,1,0.5,95,100,97.5,5,10,7.5,75,85,80,85,95,90,0,1,0.5,76.25,86.5,81.5
CP,1128,1,2,2017,2017-08-02T00:00:00Z,22,95,0,1,0.5,95,100,97.5,10,15,12.5,85,95,90,95,100,97.5,0,1,0.5,86.5,95.75,91.25
CP,1129,1,2,2017,2017-08-16T12:44:23Z,20,87.5,1,3,2,85,95,90,25,35,30,65,75,70,1,3,2,0,1,0.5,73.75,83.75,79
CP,1130,1,2,2017,2017-08-16T13:34:01Z,20,31.5,1,3,2,35,45,40,65,75,70,15,25,20,0,1,0.5,0,1,0.5,70.25,81.25,76
CP,1131,1,2,2017,2017-08-16T11:24:00Z,25,41.5,1,3,2,35,45,40,85,95,90,15,25,20,85,95,90,0,1,0.5,87.25,96.24999999999999,92
CP,1132,1,2,2017,2017-05-29T13:30:24Z,10,64,1,3,2,75,85,80,15,25,20,75,85,80,0,1,0.5,0,1,0.5,78.75,88.75,84.00000000000001
CP,1133,1,2,2017,2017-07-14T00:00:00Z,16,67,0,1,0.5,65,75,70,25,35,30,85,95,90,0,1,0.5,0,1,0.5,88.75,96.75,93
CP,1134,1,2,2017,2017-05-29T13:09:31Z,8,66.5,1,3,2,85,95,90,15,25,20,75,85,80,0,1,0.5,0,1,0.5,78.75,88.75,84.00000000000001
CP,1135,1,2,2017,2017-07-14T00:00:00Z,14,89.5,0,1,0.5,95,100,97.5,45,55,50,55,65,60,0,1,0.5,0,1,0.5,75.25,84.25,80
CP,1136,1,2,2017,2017-05-31T00:00:00Z,19,57,1,3,2,45,55,50,45,55,50,65,75,70,0,1,0.5,0,1,0.5,80.75,88.75,85
CP,1137,1,2,2017,2017-05-29T12:54:08Z,9,93.5,10,15,12.5,85,95,90,15,25,20,65,75,70,0,1,0.5,0,1,0.5,70.25,81.25,76
CP,1138,1,2,2017,2017-05-22T11:29:48Z,12,68.5,10,15,12.5,65,75,70,10,15,12.5,55,65,60,0,1,0.5,0,1,0.5,59.5,70.25,64.99999999999999
CP,1139,1,2,2017,2017-05-22T10:46:56Z,20,37.5,1,3,2,35,45,40,35,45,40,75,85,80,0,1,0.5,0,1,0.5,83.75,91.75,88
CP,1140,1,2,2017,2017-05-29T12:23:54Z,8,85.5,3,5,4,85,95,90,10,15,12.5,75,85,80,0,1,0.5,0,1,0.5,77.5,87.25,82.5
CP,1141,1,2,2017,2017-05-22T12:11:34Z,14,69.5,0,1,0.5,65,75,70,5,10,7.5,75,85,80,0,1,0.5,0,1,0.5,76.25,86.5,81.5
CP,1142,1,2,2017,2017-05-18T12:26:10Z,10,56,0,1,0.5,45,55,50,5,10,7.5,55,65,60,0,1,0.5,0,1,0.5,57.25,68.5,62.999999999999986
CP,1143,1,2,2017,2017-05-18T11:20:10Z,11,59.5,15,25,20,55,65,60,75,85,80,35,45,40,0,1,0.5,0,1,0.5,83.75,91.75,88
CP,1144,1,2,2017,2017-05-29T12:00:20Z,11,61,15,25,20,65,75,70,3,5,4,65,75,70,0,1,0.5,1,3,2,66.05000000000001,76.25,71.2
CP,1145,1,2,2017,2017-05-29T10:45:37Z,9,94,3,5,4,75,85,80,5,10,7.5,65,75,70,0,1,0.5,0,1,0.5,66.75,77.5,72.24999999999999
CP,1146,1,2,2017,2017-05-22T13:34:33Z,9,38,10,15,12.5,25,35,30,10,15,12.5,65,75,70,0,1,0.5,0,1,0.5,68.5,78.75,73.75
CP,1147,1,2,2017,2017-05-22T12:40:45Z,13,72,0,1,0.5,55,65,60,10,15,12.5,85,95,90,0,1,0.5,1,3,2,86.5,95.75,91.25
CP,1148,1,2,2017,2017-05-18T13:07:31Z,14,20,3,5,4,25,35,30,45,55,50,65,75,70,0,1,0.5,1,3,2,80.75,88.75,85
CP,1149,1,2,2017,2017-05-29T11:28:26Z,7,85.5,3,5,4,85,95,90,15,25,20,85,95,90,0,1,0.5,0,1,0.5,87.25,96.24999999999999,92
CP,1150,1,2,2017,2017-05-29T11:07:46Z,11,84.5,1,3,2,85,95,90,10,15,12.5,75,85,80,0,1,0.5,0,1,0.5,77.5,87.25,82.5
CP,1151,1,2,2017,2017-06-15T12:29:36Z,7,75,10,15,12.5,65,75,70,3,5,4,65,75,70,0,1,0.5,0,1,0.5,66.05000000000001,76.25,71.2
CP,1152,1,2,2017,2017-05-24T13:21:28Z,18,71.5,5,10,7.5,65,75,70,3,5,4,75,85,80,0,1,0.5,1,3,2,75.75,85.75,80.80000000000001
CP,1153,1,2,2017,2017-05-24T12:53:26Z,9,98.5,1,3,2,85,95,90,15,25,20,65,75,70,0,1,0.5,0,1,0.5,70.25,81.25,76
CP,1154,1,2,2017,2017-05-24T11:33:47Z,20,44.5,3,5,4,45,55,50,1,3,2,65,75,70,0,1,0.5,0,1,0.5,65.35,75.75,70.6
CP,1155,1,2,2017,2017-05-24T11:09:29Z,13,86,5,10,7.5,75,85,80,10,15,12.5,25,35,30,0,1,0.5,0,1,0.5,32.49999999999999,44.75,38.75000000000001
CP,1156,1,2,2017,2017-06-15T13:36:19Z,11,78,5,10,7.5,65,75,70,25,35,30,65,75,70,0,1,0.5,1,3,2,73.75,83.75,79
CP,1157,1,2,2017,2017-06-15T13:19:08Z,9,88.5,1,3,2,75,85,80,35,45,40,75,85,80,0,1,0.5,0,1,0.5,83.75,91.75,88
CP,1158,1,2,2017,2017-06-16T11:50:30Z,10,72.5,1,3,2,55,65,60,35,45,40,75,85,80,0,1,0.5,0,1,0.5,83.75,91.75,88
CP,1159,1,2,2017,2017-06-14T12:08:04Z,17,55.5,1,3,2,45,55,50,55,65,60,55,65,60,0,1,0.5,0,1,0.5,79.75000000000001,87.75,84
CP,1160,1,2,2017,2017-06-14T12:46:34Z,19,67.5,0,1,0.5,65,75,70,65,75,70,55,65,60,0,1,0.5,0,1,0.5,84.25,91.25,88
CP,1161,1,2,2017,2017-05-24T10:49:02Z,9,78.5,1,3,2,65,75,70,25,35,30,65,75,70,0,1,0.5,0,1,0.5,73.75,83.75,79
CP,1162,1,2,2017,2017-06-16T12:13:03Z,24,86,1,3,2,75,85,80,5,10,7.5,65,75,70,0,1,0.5,0,1,0.5,66.75,77.5,72.24999999999999
CP,1163,1,2,2017,2017-07-14T00:00:00Z,18,68,1,3,2,65,75,70,35,45,40,75,85,80,0,1,0.5,1,3,2,83.75,91.75,88
CP,1164,1,2,2017,2017-07-14T00:00:00Z,11,35,3,5,4,35,45,40,25,35,30,75,85,80,0,1,0.5,1,3,2,81.25,90.25,86.00000000000001
CP,1165,1,2,2017,2017-07-31T00:00:00Z,14,80,1,3,2,75,85,80,55,65,60,25,35,30,0,1,0.5,0,1,0.5,66.25000000000001,77.25,72
CP,1166,1,2,2017,2017-05-31T11:33:10Z,26,71,0,1,0.5,65,75,70,15,25,20,75,85,80,0,1,0.5,0,1,0.5,78.75,88.75,84.00000000000001
CP,1167,1,2,2017,2017-06-01T13:30:55Z,24,36,0,1,0.5,35,45,40,55,65,60,65,75,70,0,1,0.5,0,1,0.5,84.25,91.25,88
CP,1168,1,2,2017,2017-07-31T00:00:00Z,40,73,0,1,0.5,75,85,80,5,10,7.5,75,85,80,0,1,0.5,0,1,0.5,76.25,86.5,81.5
CP,1169,1,2,2017,2017-06-07T12:59:34Z,41,58,3,5,4,85,95,90,25,35,30,75,85,80,0,1,0.5,0,1,0.5,81.25,90.25,86.00000000000001
CP,1170,1,2,2017,2017-06-08T11:00:36Z,28,87.5,1,3,2,75,85,80,35,45,40,25,35,30,0,1,0.5,0,1,0.5,51.24999999999999,64.25,58.00000000000001
CP,1171,1,2,2017,2017-06-07T12:19:52Z,10,39,1,3,2,25,35,30,5,10,7.5,75,85,80,0,1,0.5,1,3,2,76.25,86.5,81.5
CP,1172,1,2,2017,2017-06-08T11:57:17Z,22,12.5,0,1,0.5,3,5,4,85,95,90,3,5,4,75,85,80,0,1,0.5,85.45,95.24999999999999,90.4
CP,1173,1,2,2017,2017-06-07T10:38:12Z,11,93.5,3,5,4,85,95,90,25,35,30,45,55,50,0,1,0.5,0,1,0.5,58.74999999999999,70.75,65
CP,1174,1,2,2017,2017-06-07T11:08:29Z,30,44.5,3,5,4,35,45,40,35,45,40,75,85,80,3,5,4,0,1,0.5,83.75,91.75,88
CP,1175,1,2,2017,2017-06-08T12:47:17Z,31,97.5,1,3,2,75,85,80,25,35,30,65,75,70,0,1,0.5,0,1,0.5,73.75,83.75,79
CP,1176,1,2,2017,2017-08-02T00:00:00Z,10,74.5,1,3,2,75,85,80,35,45,40,75,85,80,0,1,0.5,1,3,2,83.75,91.75,88
CP,1177,1,2,2017,2017-08-02T00:00:00Z,10,41,1,3,2,45,55,50,55,65,60,75,85,80,0,1,0.5,0,1,0.5,88.75,94.75,92
CP,1178,1,2,2017,2017-06-01T13:00:16Z,27,90,0,1,0.5,75,85,80,45,55,50,75,85,80,0,1,0.5,0,1,0.5,86.25,93.25,90
CP,1201,1,2,2018,2018-06-12T10:33:25Z,24,135,0,1,0.5,45,55,50,55,65,60,85,95,90,0,1,0.5,0,1,0.5,93.25,98.25,96
CP,1202,1,2,2018,2018-06-12T00:00:00Z,36,183.5,3,5,4,95,100,97.5,15,25,20,65,75,70,0,1,0.5,0,1,0.5,70.25,81.25,76
CP,1203,1,2,2018,2018-06-12T12:49:40Z,41,178.5,15,25,20,95,100,97.5,75,85,80,45,55,50,0,1,0.5,0,1,0.5,86.25,93.25,90
CP,1204,1,2,2018,2018-06-12T13:30:39Z,24,161.5,1,3,2,85,95,90,55,65,60,65,75,70,0,1,0.5,0,1,0.5,84.25,91.25,88
CP,1205,1,2,2018,2018-06-13T00:00:00Z,34,81,1,3,2,75,85,80,75,85,80,65,75,70,0,1,0.5,0,1,0.5,91.25,96.25,94
CP,1206,1,2,2018,2018-06-13T00:00:00Z,35,63.5,0,1,0.5,55,65,60,65,75,70,65,75,70,0,1,0.5,0,1,0.5,87.75,93.75,90.99999999999999
CP,1207,1,2,2018,2018-06-13T00:00:00Z,34,151,1,3,2,85,95,90,65,75,70,45,55,50,0,1,0.5,0,1,0.5,80.75,88.75,85
CP,1208,1,2,2018,2018-05-22T11:49:35Z,31,142.5,0,1,0.5,85,95,90,15,25,20,85,95,90,0,1,0.5,0,1,0.5,87.25,96.24999999999999,92
CP,1209,1,2,2018,2018-05-22T12:37:27Z,40,194,0,1,0.5,65,75,70,15,25,20,85,95,90,0,1,0.5,0,1,0.5,87.25,96.24999999999999,92
CP,1210,1,2,2018,2018-05-31T13:24:41Z,19,262.5,0,1,0.5,95,100,97.5,55,65,60,65,75,70,0,1,0.5,0,1,0.5,84.25,91.25,88
CP,1211,1,2,2018,2018-05-31T00:00:00Z,19,60.5,0,1,0.5,45,55,50,10,15,12.5,95,100,97.5,0,1,0.5,0,1,0.5,95.5,100,97.8125
CP,1212,1,2,2018,2018-06-05T10:35:50Z,22,177,0,1,0.5,85,95,90,25,35,30,85,95,90,0,1,0.5,0,1,0.5,88.75,96.75,93
CP,1213,1,2,2018,2018-06-05T12:38:13Z,38,202,15,25,20,85,95,90,45,55,50,65,75,70,0,1,0.5,0,1,0.5,80.75,88.75,85
CP,1214,1,2,2018,2018-06-05T11:58:15Z,33,182,10,15,12.5,95,100,97.5,15,25,20,55,65,60,0,1,0.5,0,1,0.5,61.75000000000001,73.75,68
CP,1215,1,2,2018,2018-06-05T11:01:55Z,36,171.5,15,25,20,95,100,97.5,25,35,30,65,75,70,0,1,0.5,0,1,0.5,73.75,83.75,79
CP,1216,1,2,2018,2018-05-31T12:38:33Z,32,138,0,1,0.5,85,95,90,15,25,20,85,95,90,0,1,0.5,0,1,0.5,87.25,96.24999999999999,92
CP,1217,1,2,2018,2018-06-06T00:00:00Z,38,112,3,5,4,65,75,70,85,95,90,35,45,40,0,1,0.5,0,1,0.5,90.25,97.24999999999999,94
CP,1218,1,2,2018,2018-06-06T00:00:00Z,35,158,3,5,4,95,100,97.5,65,75,70,65,75,70,0,1,0.5,0,1,0.5,87.75,93.75,90.99999999999999
CP,1219,1,2,2018,2018-06-06T00:00:00Z,39,94,1,3,2,85,95,90,75,85,80,35,45,40,0,1,0.5,0,1,0.5,83.75,91.75,88
CP,1220,1,2,2018,2018-05-22T10:55:39Z,30,138,0,1,0.5,95,100,97.5,35,45,40,65,75,70,0,1,0.5,0,1,0.5,77.25,86.25,82
CP,1221,1,2,2018,2018-05-22T13:02:03Z,29,176.5,1,3,2,35,45,40,15,25,20,85,95,90,0,1,0.5,0,1,0.5,87.25,96.24999999999999,92
CP,1222,1,2,2018,2018-05-28T00:00:00Z,13,126,0,1,0.5,95,100,97.5,0,1,0.5,55,65,60,0,1,0.5,0,1,0.5,55.00000000000001,65.35,60.199999999999996
CP,1223,1,2,2018,2018-05-28T11:13:09Z,29,86.5,3,5,4,75,85,80,65,75,70,65,75,70,0,1,0.5,0,1,0.5,87.75,93.75,90.99999999999999
CP,1224,1,2,2018,2018-05-23T12:05:26Z,21,124.5,0,1,0.5,65,75,70,85,95,90,55,65,60,0,1,0.5,0,1,0.5,93.25,98.25,96
CP,1225,1,2,2018,2018-05-23T00:00:00Z,33,160,1,3,2,45,55,50,65,75,70,25,35,30,0,1,0.5,0,1,0.5,73.75,83.75,79
CP,1226,1,2,2018,2018-05-23T00:00:00Z,30,133,0,1,0.5,75,85,80,5,10,7.5,15,25,20,0,1,0.5,0,1,0.5,19.25,32.49999999999999,25.99999999999999
CP,1227,1,2,2018,2018-05-23T11:36:18Z,28,82.5,0,1,0.5,65,75,70,45,55,50,55,65,60,0,1,0.5,0,1,0.5,75.25,84.25,80
CP,1228,1,2,2018,2018-05-23T10:50:53Z,17,113.5,0,1,0.5,75,85,80,15,25,20,75,85,80,0,1,0.5,0,1,0.5,78.75,88.75,84.00000000000001
CP,1229,1,2,2018,2018-05-30T11:22:09Z,16,41,0,1,0.5,45,55,50,35,45,40,65,75,70,0,1,0.5,0,1,0.5,77.25,86.25,82
CP,1230,1,2,2018,2018-05-23T00:00:00Z,40,84.5,0,1,0.5,75,85,80,55,65,60,65,75,70,0,1,0.5,0,1,0.5,84.25,91.25,88
CP,1231,1,2,2018,2018-05-29T13:44:21Z,37,68,0,1,0.5,65,75,70,55,65,60,45,55,50,0,1,0.5,0,1,0.5,75.25,84.25,80
CP,1232,1,2,2018,2018-05-30T10:36:56Z,38,56,1,3,2,55,65,60,25,35,30,55,65,60,0,1,0.5,0,1,0.5,66.25000000000001,77.25,72
CP,1233,1,2,2018,2018-05-29T12:50:05Z,37,57,0,1,0.5,65,75,70,75,85,80,55,65,60,0,1,0.5,0,1,0.5,88.75,94.75,92
CP,1234,1,2,2018,2018-05-30T12:07:51Z,43,83.5,0,1,0.5,65,75,70,25,35,30,65,75,70,0,1,0.5,0,1,0.5,73.75,83.75,79
CP,1235,1,2,2018,2018-05-25T11:49:01Z,39,145,0,1,0.5,85,95,90,65,75,70,25,35,30,0,1,0.5,0,1,0.5,73.75,83.75,79
CP,1236,1,2,2018,2018-05-25T11:11:01Z,21,118.5,0,1,0.5,85,95,90,3,5,4,85,95,90,0,1,0.5,0,1,0.5,85.45,95.24999999999999,90.4
CP,1237,1,2,2018,2018-05-25T12:26:48Z,34,50,1,3,2,65,75,70,65,75,70,35,45,40,0,1,0.5,0,1,0.5,77.25,86.25,82
CP,1238,1,2,2018,2018-05-25T10:36:05Z,27,101.5,1,3,2,15,25,20,75,85,80,85,95,90,0,1,0.5,0,1,0.5,96.25,99.25,98
CP,1239,1,2,2018,2018-05-28T00:00:00Z,42,129.5,15,25,20,85,95,90,65,75,70,35,45,40,0,1,0.5,0,1,0.5,77.25,86.25,82
CP,1240,1,2,2018,2018-05-30T13:00:13Z,28,158,0,1,0.5,95,100,97.5,55,65,60,55,65,60,0,1,0.5,0,1,0.5,79.75000000000001,87.75,84
CP,1241,1,2,2018,2018-05-22T11:13:35Z,32,84.5,3,5,4,85,95,90,65,75,70,75,85,80,0,1,0.5,0,1,0.5,91.25,96.25,94
CP,1242,1,2,2018,2018-05-31T11:20:07Z,33,61.5,0,1,0.5,35,45,40,45,55,50,85,95,90,0,1,0.5,0,1,0.5,91.75,97.75,95
CP,1243,1,2,2018,2018-05-29T12:08:16Z,17,156,0,1,0.5,85,95,90,5,10,7.5,85,95,90,0,1,0.5,0,1,0.5,85.75,95.5,90.75
CP,1244,1,2,2018,2018-05-28T00:00:00Z,28,140,1,3,2,75,85,80,95,100,97.5,25,35,30,0,1,0.5,0,1,0.5,96.24999999999999,100,98.25
CP,1245,1,2,2018,2018-06-13T00:00:00Z,29,73.5,0,1,0.5,75,85,80,65,75,70,55,65,60,0,1,0.5,0,1,0.5,84.25,91.25,88
CP,1246,1,2,2018,2018-05-28T00:00:00Z,33,85,1,3,2,75,85,80,45,55,50,55,65,60,0,1,0.5,0,1,0.5,75.25,84.25,80
CP,1301,1,2,2016,2016-06-28T00:00:00Z,27,143.5,0,1,0.5,95,100,97.5,25,35,30,65,75,70,0,1,0.5,0,1,0.5,73.75,83.75,79
CP,1302,1,2,2016,2016-06-28T00:00:00Z,18,114,1,3,2,95,100,97.5,25,35,30,75,85,80,0,1,0.5,0,1,0.5,81.25,90.25,86.00000000000001
CP,1303,1,2,2016,2016-06-28T00:00:00Z,10,97.5,1,3,2,85,95,90,3,5,4,75,85,80,0,1,0.5,0,1,0.5,75.75,85.75,80.80000000000001
CP,1304,1,2,2016,2016-06-28T00:00:00Z,16,95.5,0,1,0.5,75,85,80,1,3,2,95,100,97.5,0,1,0.5,0,1,0.5,95.04999999999998,100,97.55
CP,1305,1,2,2016,2016-06-28T00:00:00Z,12,126,1,3,2,95,100,97.5,35,45,40,65,75,70,0,1,0.5,0,1,0.5,77.25,86.25,82
CP,1306,1,2,2016,2016-06-30T00:00:00Z,11,104,1,3,2,95,100,97.5,45,55,50,85,95,90,0,1,0.5,0,1,0.5,91.75,97.75,95
CP,1307,1,2,2016,2016-06-28T00:00:00Z,20,158.5,1,3,2,85,95,90,45,55,50,95,100,97.5,0,1,0.5,0,1,0.5,97.24999999999999,100,98.75
CP,1308,1,2,2016,2016-06-30T00:00:00Z,25,114.5,1,3,2,65,75,70,25,35,30,85,95,90,0,1,0.5,0,1,0.5,88.75,96.75,93
CP,1309,1,2,2016,2016-06-30T00:00:00Z,11,173.5,0,1,0.5,95,100,97.5,5,10,7.5,85,95,90,0,1,0.5,0,1,0.5,85.75,95.5,90.75
CP,1310,1,2,2016,2016-06-30T00:00:00Z,21,211.5,3,5,4,85,95,90,15,25,20,45,55,50,0,1,0.5,0,1,0.5,53.25,66.25000000000001,60
CP,1311,1,2,2016,2016-08-30T00:00:00Z,22,112.5,0,1,0.5,95,100,97.5,,,,,,,0,1,0.5,0,1,0.5,,,
CP,1312,1,2,2016,2016-07-29T00:00:00Z,41,161.5,0,1,0.5,95,100,97.5,25,35,30,65,75,70,0,1,0.5,0,1,0.5,73.75,83.75,79
CP,1313,1,2,2016,2016-08-29T00:00:00Z,35,133,0,1,0.5,95,100,97.5,5,10,7.5,10,15,12.5,0,1,0.5,0,1,0.5,14.500000000000002,23.5,19.062499999999993
CP,1314,1,2,2016,2016-08-30T00:00:00Z,29,123.5,0,1,0.5,95,100,97.5,,,,,,,0,1,0.5,0,1,0.5,,,
CP,1315,1,2,2016,2016-08-30T00:00:00Z,29,127,0,1,0.5,95,100,97.5,0,1,0.5,1,3,2,0,1,0.5,0,1,0.5,1.0000000000000009,3.970000000000007,2.4900000000000033
CP,1316,1,2,2016,2016-07-29T00:00:00Z,25,57.5,0,1,0.5,35,45,40,5,10,7.5,95,100,97.5,0,1,0.5,0,1,0.5,95.24999999999999,100,97.6875
CP,1317,1,2,2016,2016-08-29T00:00:00Z,26,117,0,1,0.5,95,100,97.5,0,1,0.5,0,1,0.5,0,1,0.5,0,1,0.5,0,1.9900000000000029,0.9974999999999956
CP,1318,1,2,2016,2016-08-30T00:00:00Z,53,121,10,15,12.5,75,85,80,95,100,97.5,15,25,20,0,1,0.5,0,1,0.5,95.75,100,98
CP,1319,1,2,2016,2016-08-01T00:00:00Z,44,137.5,1,3,2,95,100,97.5,3,5,4,25,35,30,0,1,0.5,0,1,0.5,27.249999999999996,38.25000000000001,32.800000000000004
CP,1320,1,2,2016,2016-08-04T00:00:00Z,44,103.5,10,15,12.5,95,100,97.5,75,85,80,15,25,20,0,1,0.5,0,1,0.5,78.75,88.75,84.00000000000001
CP,1321,1,2,2016,2016-07-05T00:00:00Z,17,65,0,1,0.5,45,55,50,45,55,50,75,85,80,0,1,0.5,0,1,0.5,86.25,93.25,90
CP,1322,1,2,2016,2016-08-01T00:00:00Z,49,168,0,1,0.5,95,100,97.5,15,25,20,35,45,40,0,1,0.5,0,1,0.5,44.75,58.74999999999999,52
CP,1323,1,2,2016,2016-08-04T00:00:00Z,21,114,0,1,0.5,95,100,97.5,3,5,4,,,,0,1,0.5,0,1,0.5,,,
CP,1324,1,2,2016,2016-07-05T00:00:00Z,8,101,0,1,0.5,95,100,97.5,10,15,12.5,85,95,90,0,1,0.5,0,1,0.5,86.5,95.75,91.25
CP,1325,1,2,2016,2016-08-26T00:00:00Z,38,112.5,0,1,0.5,95,100,97.5,1,3,2,,,,0,1,0.5,0,1,0.5,,,
CP,1326,1,2,2016,2016-08-01T00:00:00Z,23,34.5,0,1,0.5,25,35,30,25,35,30,65,75,70,0,1,0.5,0,1,0.5,73.75,83.75,79
CP,1327,1,2,2016,2016-08-01T00:00:00Z,15,109.5,1,3,2,75,85,80,45,55,50,65,75,70,0,1,0.5,1,3,2,80.75,88.75,85
CP,1328,1,2,2016,2016-07-05T00:00:00Z,20,189.5,0,1,0.5,85,95,90,35,45,40,85,95,90,0,1,0.5,0,1,0.5,90.25,97.24999999999999,94
CP,1329,1,2,2016,2016-08-04T00:00:00Z,31,165.5,10,15,12.5,75,85,80,65,75,70,65,75,70,3,5,4,0,1,0.5,87.75,93.75,90.99999999999999
CP,1330,1,2,2016,2016-08-22T00:00:00Z,37,99.5,1,3,2,55,65,60,55,65,60,1,3,2,0,1,0.5,0,1,0.5,55.45,66.05000000000001,60.8
CP,1331,1,2,2016,2016-05-03T00:00:00Z,29,104.5,1,3,2,85,95,90,15,25,20,75,85,80,0,1,0.5,0,1,0.5,78.75,88.75,84.00000000000001
CP,1332,1,2,2016,2016-05-03T00:00:00Z,26,162,0,1,0.5,85,95,90,3,5,4,35,45,40,0,1,0.5,0,1,0.5,36.95,47.75,42.400000000000006
CP,1333,1,2,2016,2016-07-05T00:00:00Z,21,36,1,3,2,25,35,30,95,100,97.5,5,10,7.5,0,1,0.5,0,1,0.5,95.24999999999999,100,97.6875
CP,1334,1,2,2016,2016-08-23T00:00:00Z,41,133.5,0,1,0.5,95,100,97.5,3,5,4,,,,0,1,0.5,0,1,0.5,,,
CP,1335,1,2,2016,2016-08-31T00:00:00Z,27,113,0,1,0.5,95,100,97.5,0,1,0.5,,,,0,1,0.5,0,1,0.5,,,
CP,1336,1,2,2016,2016-08-22T00:00:00Z,31,86,0,1,0.5,95,100,97.5,1,3,2,0,1,0.5,0,1,0.5,0,1,0.5,1.0000000000000009,3.970000000000007,2.4900000000000033
CP,1337,1,2,2016,2016-08-23T00:00:00Z,21,143.5,1,3,2,95,100,97.5,1,3,2,65,75,70,0,1,0.5,0,1,0.5,65.35,75.75,70.6
CP,1338,1,2,2016,2016-07-05T00:00:00Z,23,114,3,5,4,65,75,70,35,45,40,85,95,90,0,1,0.5,0,1,0.5,90.25,97.24999999999999,94
CP,1339,1,2,2016,2016-08-26T00:00:00Z,18,120.5,0,1,0.5,95,100,97.5,3,5,4,,,,0,1,0.5,0,1,0.5,,,
CP,1340,1,2,2016,2016-08-01T00:00:00Z,18,115,1,3,2,95,100,97.5,0,1,0.5,1,3,2,0,1,0.5,0,1,0.5,1.0000000000000009,3.970000000000007,2.4900000000000033
CP,1341,1,2,2016,2016-08-22T00:00:00Z,27,130.5,1,3,2,95,100,97.5,3,5,4,0,1,0.5,0,1,0.5,0,1,0.5,3.0000000000000027,5.949999999999999,4.480000000000006
CP,1342,1,2,2016,2016-06-23T00:00:00Z,35,84.5,1,3,2,65,75,70,15,25,20,65,75,70,0,1,0.5,0,1,0.5,70.25,81.25,76
CP,1343,1,2,2016,2016-06-23T00:00:00Z,11,70,0,1,0.5,65,75,70,15,25,20,85,95,90,0,1,0.5,0,1,0.5,87.25,96.24999999999999,92
CP,1344,1,2,2016,2016-07-05T00:00:00Z,18,163,0,1,0.5,95,100,97.5,15,25,20,85,95,90,0,1,0.5,0,1,0.5,87.25,96.24999999999999,92
CP,1345,1,2,2016,2016-08-08T00:00:00Z,37,244,1,3,2,95,100,97.5,65,75,70,35,45,40,0,1,0.5,0,1,0.5,77.25,86.25,82
CP,1346,1,2,2016,2016-06-23T00:00:00Z,14,119,0,1,0.5,75,85,80,35,45,40,75,85,80,0,1,0.5,0,1,0.5,83.75,91.75,88
CP,1347,1,2,2016,2016-06-23T00:00:00Z,6,92.5,0,1,0.5,85,95,90,25,35,30,85,95,90,0,1,0.5,0,1,0.5,88.75,96.75,93
CP,1348,1,2,2016,2016-08-18T00:00:00Z,21,111.5,0,1,0.5,95,100,97.5,,,,,,,0,1,0.5,0,1,0.5,,,
CP,1349,1,2,2016,2016-08-18T00:00:00Z,21,113,0,1,0.5,95,100,97.5,,,,,,,0,1,0.5,0,1,0.5,,,
CP,1350,1,2,2016,2016-08-18T00:00:00Z,26,130.5,0,1,0.5,95,100,97.5,0,1,0.5,,,,0,1,0.5,0,1,0.5,,,
CP,1351,1,2,2016,2016-08-08T00:00:00Z,38,168,45,55,50,85,95,90,65,75,70,35,45,40,0,1,0.5,0,1,0.5,77.25,86.25,82
CP,1352,1,2,2016,2016-06-23T00:00:00Z,28,148,3,5,4,55,65,60,15,25,20,85,95,90,0,1,0.5,0,1,0.5,87.25,96.24999999999999,92
CP,1353,1,2,2016,2016-06-23T00:00:00Z,13,221,0,1,0.5,95,100,97.5,1,3,2,85,95,90,0,1,0.5,0,1,0.5,85.14999999999999,95.15,90.2
CP,1354,1,2,2016,2016-08-18T00:00:00Z,16,114,0,1,0.5,95,100,97.5,,,,,,,0,1,0.5,0,1,0.5,,,
CP,1355,1,2,2016,2016-08-18T00:00:00Z,17,113.5,1,3,2,95,100,97.5,,,,,,,0,1,0.5,0,1,0.5,,,
CP,1356,1,2,2016,2016-08-09T00:00:00Z,26,223,1,3,2,85,95,90,15,25,20,75,85,80,0,1,0.5,0,1,0.5,78.75,88.75,84.00000000000001
CP,1357,1,2,2016,2016-06-24T00:00:00Z,22,155.5,1,3,2,95,100,97.5,5,10,7.5,85,95,90,0,1,0.5,0,1,0.5,85.75,95.5,90.75
CP,1358,1,2,2016,2016-06-24T00:00:00Z,17,187,0,1,0.5,65,75,70,1,3,2,95,100,97.5,0,1,0.5,0,1,0.5,95.04999999999998,100,97.55
CP,1359,1,2,2016,2016-08-18T00:00:00Z,24,98.5,15,25,20,95,100,97.5,1,3,2,,,,0,1,0.5,0,1,0.5,,,
CP,1360,1,2,2016,2016-06-24T00:00:00Z,28,141,3,5,4,85,95,90,5,10,7.5,85,95,90,0,1,0.5,0,1,0.5,85.75,95.5,90.75
CP,1361,1,2,2016,2016-06-24T00:00:00Z,25,76.5,1,3,2,15,25,20,15,25,20,85,95,90,0,1,0.5,0,1,0.5,87.25,96.24999999999999,92
CP,1362,1,2,2016,2016-06-24T00:00:00Z,27,147.5,0,1,0.5,65,75,70,45,55,50,25,35,30,0,1,0.5,0,1,0.5,58.74999999999999,70.75,65
CP,1363,1,2,2016,2016-08-18T00:00:00Z,43,105.5,0,1,0.5,95,100,97.5,0,1,0.5,0,1,0.5,0,1,0.5,0,1,0.5,0,1.9900000000000029,0.9974999999999956
CP,1364,1,2,2016,2016-08-09T00:00:00Z,52,142.5,0,1,0.5,95,100,97.5,3,5,4,3,5,4,0,1,0.5,0,1,0.5,5.910000000000004,9.750000000000004,7.8400000000000025
CP,1365,1,2,2016,2016-06-24T00:00:00Z,24,61,1,3,2,45,55,50,10,15,12.5,85,95,90,0,1,0.5,0,1,0.5,86.5,95.75,91.25
CP,1366,1,2,2016,2016-08-11T00:00:00Z,37,121,15,25,20,95,100,97.5,45,55,50,75,85,80,0,1,0.5,0,1,0.5,86.25,93.25,90
CP,1367,1,2,2016,2016-08-17T00:00:00Z,54,78.5,0,1,0.5,45,55,50,1,3,2,45,55,50,1,3,2,0,1,0.5,45.550000000000004,56.35000000000001,51
CP,1368,1,2,2016,2016-08-17T00:00:00Z,36,143.5,0,1,0.5,95,100,97.5,3,5,4,0,1,0.5,0,1,0.5,0,1,0.5,3.0000000000000027,5.949999999999999,4.480000000000006
CP,1369,1,2,2016,2016-08-11T00:00:00Z,29,225,45,55,50,95,100,97.5,25,35,30,65,75,70,0,1,0.5,0,1,0.5,73.75,83.75,79
CP,1370,1,2,2016,2016-08-17T00:00:00Z,21,109.5,0,1,0.5,95,100,97.5,0,1,0.5,0,1,0.5,0,1,0.5,0,1,0.5,0,1.9900000000000029,0.9974999999999956
CP,1371,1,2,2016,2016-08-17T00:00:00Z,27,128.5,0,1,0.5,95,100,97.5,0,1,0.5,0,1,0.5,0,1,0.5,0,1,0.5,0,1.9900000000000029,0.9974999999999956
CP,1372,1,2,2016,2016-08-11T00:00:00Z,35,252,3,5,4,95,100,97.5,3,5,4,85,95,90,0,1,0.5,3,5,4,85.45,95.24999999999999,90.4
CP,1373,1,2,2016,2016-08-04T00:00:00Z,40,119.5,3,5,4,95,100,97.5,5,10,7.5,65,75,70,0,1,0.5,0,1,0.5,66.75,77.5,72.24999999999999
CP,1401,1,2,2016,2016-07-22T00:00:00Z,12,136,0,1,0.5,95,100,97.5,15,25,20,35,45,40,0,1,0.5,0,1,0.5,44.75,58.74999999999999,52
CP,1402,1,2,2016,2016-07-22T00:00:00Z,43,128,0,1,0.5,95,100,97.5,15,25,20,10,15,12.5,0,1,0.5,0,1,0.5,23.5,36.25000000000001,29.999999999999993
CP,1403,1,2,2016,2016-07-22T00:00:00Z,22,91.5,0,1,0.5,35,45,40,55,65,60,25,35,30,0,1,0.5,0,1,0.5,66.25000000000001,77.25,72
CP,1404,1,2,2016,2016-07-22T00:00:00Z,21,93.5,0,1,0.5,25,35,30,65,75,70,45,55,50,0,1,0.5,0,1,0.5,80.75,88.75,85
CP,1405,1,2,2016,2016-07-26T00:00:00Z,29,90,0,1,0.5,35,45,40,15,25,20,35,45,40,0,1,0.5,0,1,0.5,44.75,58.74999999999999,52
CP,1406,1,2,2016,2016-07-26T00:00:00Z,35,85.5,0,1,0.5,45,55,50,35,45,40,15,25,20,0,1,0.5,0,1,0.5,44.75,58.74999999999999,52
CP,1407,1,2,2016,2016-07-22T00:00:00Z,18,53.5,0,1,0.5,35,45,40,5,10,7.5,85,95,90,0,1,0.5,1,3,2,85.75,95.5,90.75
CP,1408,1,2,2016,2016-07-22T00:00:00Z,21,25.5,0,1,0.5,10,15,12.5,55,65,60,85,95,90,0,1,0.5,0,1,0.5,93.25,98.25,96
CP,1409,1,2,2016,2016-07-22T00:00:00Z,17,23.5,0,1,0.5,15,25,20,75,85,80,55,65,60,0,1,0.5,0,1,0.5,88.75,94.75,92
CP,1410,1,2,2016,2016-07-22T00:00:00Z,16,58,0,1,0.5,35,45,40,55,65,60,65,75,70,0,1,0.5,0,1,0.5,84.25,91.25,88
CP,1411,1,2,2016,2016-07-20T00:00:00Z,17,85,0,1,0.5,15,25,20,3,5,4,95,100,97.5,0,1,0.5,1,3,2,95.15,100,97.6
CP,1412,1,2,2016,2016-07-20T00:00:00Z,16,83,0,1,0.5,15,25,20,3,5,4,85,95,90,0,1,0.5,1,3,2,85.45,95.24999999999999,90.4
CP,1413,1,2,2016,2016-07-20T00:00:00Z,24,18.5,0,1,0.5,10,15,12.5,25,35,30,85,95,90,0,1,0.5,0,1,0.5,88.75,96.75,93
CP,1414,1,2,2016,2016-07-20T00:00:00Z,15,16,0,1,0.5,5,10,7.5,55,65,60,85,95,90,0,1,0.5,0,1,0.5,93.25,98.25,96
CP,1415,1,2,2016,2016-07-20T00:00:00Z,16,21.5,0,1,0.5,15,25,20,10,15,12.5,75,85,80,0,1,0.5,0,1,0.5,77.5,87.25,82.5
CP,1416,1,2,2016,2016-07-20T00:00:00Z,20,48.5,0,1,0.5,35,45,40,25,35,30,85,95,90,0,1,0.5,0,1,0.5,88.75,96.75,93
CP,1417,1,2,2016,2016-07-20T00:00:00Z,16,96,0,1,0.5,25,35,30,25,35,30,75,85,80,0,1,0.5,0,1,0.5,81.25,90.25,86.00000000000001
CP,1418,1,2,2016,2016-04-05T00:00:00Z,22,89,0,1,0.5,35,45,40,45,55,50,65,75,70,0,1,0.5,0,1,0.5,80.75,88.75,85
CP,1419,1,2,2016,2016-07-20T00:00:00Z,23,69,0,1,0.5,15,25,20,15,25,20,95,100,97.5,0,1,0.5,0,1,0.5,95.75,100,98
CP,1420,1,2,2016,2016-07-26T00:00:00Z,22,95,0,1,0.5,25,35,30,10,15,12.5,85,95,90,0,1,0.5,0,1,0.5,86.5,95.75,91.25
CP,1421,1,2,2016,2016-07-19T00:00:00Z,20,51.5,0,1,0.5,15,25,20,75,85,80,25,35,30,0,1,0.5,0,1,0.5,81.25,90.25,86.00000000000001
CP,1422,1,2,2016,2016-07-19T00:00:00Z,20,85,0,1,0.5,15,25,20,35,45,40,75,85,80,0,1,0.5,0,1,0.5,83.75,91.75,88
CP,1423,1,2,2016,2016-07-19T00:00:00Z,25,89,0,1,0.5,35,45,40,65,75,70,65,75,70,0,1,0.5,0,1,0.5,87.75,93.75,90.99999999999999
CP,1424,1,2,2016,2016-07-19T00:00:00Z,19,93,0,1,0.5,15,25,20,65,75,70,85,95,90,0,1,0.5,0,1,0.5,94.75,98.75,97
CP,1425,1,2,2016,2016-07-26T00:00:00Z,18,72,0,1,0.5,15,25,20,55,65,60,75,85,80,0,1,0.5,0,1,0.5,88.75,94.75,92
CP,1426,1,2,2016,2016-07-26T00:00:00Z,23,78.5,0,1,0.5,15,25,20,45,55,50,65,75,70,0,1,0.5,0,1,0.5,80.75,88.75,85
CP,1427,1,2,2016,2016-07-19T00:00:00Z,17,90,0,1,0.5,15,25,20,5,10,7.5,95,100,97.5,0,1,0.5,1,3,2,95.24999999999999,100,97.6875
CP,1428,1,2,2016,2016-07-19T00:00:00Z,16,85.5,0,1,0.5,10,15,12.5,15,25,20,85,95,90,0,1,0.5,3,5,4,87.25,96.24999999999999,92
CP,1429,1,2,2016,2016-07-19T00:00:00Z,20,22,0,1,0.5,1,3,2,65,75,70,85,95,90,0,1,0.5,1,3,2,94.75,98.75,97
CP,1430,1,2,2016,2016-07-19T00:00:00Z,22,57.5,0,1,0.5,15,25,20,65,75,70,75,85,80,0,1,0.5,1,3,2,91.25,96.25,94
CP,1431,1,2,2016,2016-07-19T00:00:00Z,11,104.5,0,1,0.5,15,25,20,0,1,0.5,95,100,97.5,0,1,0.5,0,1,0.5,95,100,97.5125
CP,1432,1,2,2016,2016-07-19T00:00:00Z,14,46,0,1,0.5,10,15,12.5,45,55,50,85,95,90,0,1,0.5,0,1,0.5,91.75,97.75,95
CP,1433,1,2,2016,2016-07-25T00:00:00Z,12,18,,,,1,3,2,55,65,60,45,55,50,0,1,0.5,0,1,0.5,75.25,84.25,80
CP,1434,1,2,2016,2016-07-25T00:00:00Z,19,40.5,,,,5,10,7.5,75,85,80,55,65,60,0,1,0.5,0,1,0.5,88.75,94.75,92
CP,1435,1,2,2016,2016-07-25T00:00:00Z,15,47,,,,3,5,4,75,85,80,55,65,60,0,1,0.5,0,1,0.5,88.75,94.75,92
CP,1436,1,2,2016,2016-07-20T00:00:00Z,14,49.5,0,1,0.5,3,5,4,25,35,30,75,85,80,0,1,0.5,0,1,0.5,81.25,90.25,86.00000000000001
CP,1437,1,2,2016,2016-07-20T00:00:00Z,14,36.5,0,1,0.5,1,3,2,75,85,80,75,85,80,0,1,0.5,0,1,0.5,93.75,97.75,96
CP,1438,1,2,2016,2016-07-25T00:00:00Z,23,42.5,,,,3,5,4,85,95,90,15,25,20,0,1,0.5,0,1,0.5,87.25,96.24999999999999,92
CP,1439,1,2,2016,2016-07-25T00:00:00Z,16,59,,,,5,10,7.5,75,85,80,25,35,30,0,1,0.5,0,1,0.5,81.25,90.25,86.00000000000001
CP,1440,1,2,2016,2016-07-27T00:00:00Z,18,48.5,0,1,0.5,1,3,2,85,95,90,45,55,50,0,1,0.5,0,1,0.5,91.75,97.75,95
CP,1441,1,2,2016,2016-07-27T00:00:00Z,24,33,0,1,0.5,10,15,12.5,35,45,40,45,55,50,0,1,0.5,0,1,0.5,64.25,75.25,70
CP,1442,1,2,2016,2016-07-25T00:00:00Z,19,39,,,,1,3,2,55,65,60,45,55,50,0,1,0.5,0,1,0.5,75.25,84.25,80
CP,1443,1,2,2016,2016-07-25T00:00:00Z,22,130,,,,65,75,70,25,35,30,45,55,50,0,1,0.5,0,1,0.5,58.74999999999999,70.75,65
CP,1444,1,2,2016,2016-07-25T00:00:00Z,19,90.5,,,,15,25,20,75,85,80,55,65,60,0,1,0.5,0,1,0.5,88.75,94.75,92
CP,1445,1,2,2016,2016-07-25T00:00:00Z,23,83.5,,,,25,35,30,55,65,60,15,25,20,0,1,0.5,0,1,0.5,61.75000000000001,73.75,68
CP,1446,1,2,2016,2016-07-25T00:00:00Z,22,83.5,,,,10,15,12.5,85,95,90,10,15,12.5,0,1,0.5,0,1,0.5,86.5,95.75,91.25
CP,1447,1,2,2016,2016-07-25T00:00:00Z,30,67.5,,,,5,10,7.5,95,100,97.5,10,15,12.5,0,1,0.5,0,1,0.5,95.5,100,97.8125
CP,1448,1,2,2016,2016-07-27T00:00:00Z,16,27,0,1,0.5,15,25,20,55,65,60,45,55,50,0,1,0.5,0,1,0.5,75.25,84.25,80
CP,1449,1,2,2016,2016-07-25T00:00:00Z,28,70,,,,15,25,20,75,85,80,5,10,7.5,0,1,0.5,0,1,0.5,76.25,86.5,81.5
CP,1450,1,2,2016,2016-07-25T00:00:00Z,22,40,,,,25,35,30,75,85,80,10,15,12.5,0,1,0.5,1,3,2,77.5,87.25,82.5
CP,1451,1,2,2016,2016-07-27T00:00:00Z,30,30.5,0,1,0.5,10,15,12.5,25,35,30,45,55,50,0,1,0.5,5,10,7.5,58.74999999999999,70.75,65
CP,1452,1,2,2016,2016-07-27T00:00:00Z,18,40.5,0,1,0.5,25,35,30,25,35,30,55,65,60,0,1,0.5,0,1,0.5,66.25000000000001,77.25,72
CP,1501,1,2,2019,2019-05-20T09:24:04Z,31,97.5,1,3,2,85,95,90,65,75,70,55,65,60,0,1,0.5,0,1,0.5,84.25,91.25,88
CP,1502,1,2,2019,2019-05-15T11:42:46Z,22,117.5,1,3,2,95,100,97.5,15,25,20,65,75,70,0,1,0.5,0,1,0.5,70.25,81.25,76
CP,1503,1,2,2019,2019-05-20T10:13:32Z,13,59.5,0,1,0.5,65,75,70,55,65,60,75,85,80,0,1,0.5,0,1,0.5,88.75,94.75,92
CP,1504,1,2,2019,2019-05-20T10:25:19Z,18,75.5,0,1,0.5,65,75,70,75,85,80,65,75,70,0,1,0.5,0,1,0.5,91.25,96.25,94
CP,1505,1,2,2019,2019-05-15T10:47:13Z,28,68,1,3,2,85,95,90,35,45,40,85,95,90,0,1,0.5,0,1,0.5,90.25,97.24999999999999,94
CP,1506,1,2,2019,2019-05-15T13:15:37Z,23,77,1,3,2,85,95,90,45,55,50,65,75,70,0,1,0.5,0,1,0.5,80.75,88.75,85
CP,1507,1,2,2019,2019-05-20T10:52:40Z,15,56.5,0,1,0.5,55,65,60,35,45,40,75,85,80,0,1,0.5,0,1,0.5,83.75,91.75,88
CP,1508,1,2,2019,2019-05-15T09:40:31Z,34,60,0,1,0.5,65,75,70,65,75,70,55,65,60,0,1,0.5,0,1,0.5,84.25,91.25,88
CP,1509,1,2,2019,2019-05-20T11:38:21Z,19,72.5,0,1,0.5,55,65,60,10,15,12.5,95,100,97.5,0,1,0.5,0,1,0.5,95.5,100,97.8125
CP,1510,1,2,2019,2019-05-15T12:43:35Z,17,89.5,0,1,0.5,75,85,80,45,55,50,65,75,70,0,1,0.5,1,3,2,80.75,88.75,85
CP,1511,1,2,2019,2019-05-20T12:33:39Z,15,69.5,0,1,0.5,55,65,60,1,3,2,95,100,97.5,0,1,0.5,0,1,0.5,95.04999999999998,100,97.55
CP,1512,1,2,2019,2019-06-25T11:59:34Z,16,127.5,0,1,0.5,75,85,80,65,75,70,65,75,70,0,1,0.5,0,1,0.5,87.75,93.75,90.99999999999999
CP,1513,1,2,2019,2019-07-03T10:51:49Z,7,121.5,0,1,0.5,95,100,97.5,3,5,4,85,95,90,0,1,0.5,0,1,0.5,85.45,95.24999999999999,90.4
CP,1514,1,2,2019,2019-06-25T11:35:40Z,14,81,0,1,0.5,35,45,40,45,55,50,95,100,97.5,0,1,0.5,0,1,0.5,97.24999999999999,100,98.75
CP,1515,1,2,2019,2019-07-03T10:24:47Z,8,77.5,0,1,0.5,15,25,20,5,10,7.5,85,95,90,0,1,0.5,0,1,0.5,85.75,95.5,90.75
CP,1516,1,2,2019,2019-06-25T10:46:45Z,22,94,1,3,2,55,65,60,75,85,80,85,95,90,0,1,0.5,0,1,0.5,96.25,99.25,98
CP,1517,1,2,2019,2019-06-25T12:18:28Z,10,79,0,1,0.5,65,75,70,55,65,60,85,95,90,0,1,0.5,0,1,0.5,93.25,98.25,96
CP,1518,1,2,2019,2019-06-25T10:29:23Z,11,172.5,0,1,0.5,85,95,90,5,10,7.5,95,100,97.5,0,1,0.5,0,1,0.5,95.24999999999999,100,97.6875
CP,1519,1,2,2019,2019-06-25T12:47:42Z,12,100,3,5,4,45,55,50,35,45,40,95,100,97.5,0,1,0.5,0,1,0.5,96.75,100,98.5
CP,1520,1,2,2019,2019-06-25T10:09:43Z,14,76,0,1,0.5,65,75,70,65,75,70,75,85,80,0,1,0.5,0,1,0.5,91.25,96.25,94
CP,1521,1,2,2019,2019-06-25T00:00:00Z,14,58,0,1,0.5,45,55,50,0,1,0.5,95,100,97.5,0,1,0.5,0,1,0.5,95,100,97.5125
CP,1522,1,2,2019,2019-06-25T13:08:03Z,10,41,0,1,0.5,45,55,50,35,45,40,95,100,97.5,0,1,0.5,0,1,0.5,96.75,100,98.5
CP,1523,1,2,2019,2019-07-03T09:43:10Z,9,116.5,0,1,0.5,85,95,90,35,45,40,95,100,97.5,0,1,0.5,0,1,0.5,96.75,100,98.5
CP,1524,1,2,2019,2019-06-25T10:03:38Z,5,73.5,0,1,0.5,65,75,70,1,3,2,85,95,90,0,1,0.5,0,1,0.5,85.14999999999999,95.15,90.2
CP,1525,1,2,2019,2019-07-03T09:23:23Z,5,43.5,0,1,0.5,35,45,40,45,55,50,55,65,60,0,1,0.5,0,1,0.5,75.25,84.25,80
CP,1526,1,2,2019,2019-06-25T09:57:12Z,10,8.5,0,1,0.5,1,3,2,25,35,30,95,100,97.5,0,1,0.5,0,1,0.5,96.24999999999999,100,98.25
CP,1527,1,2,2019,2019-06-18T12:57:12Z,8,91.5,0,1,0.5,75,85,80,5,10,7.5,95,100,97.5,0,1,0.5,0,1,0.5,95.24999999999999,100,97.6875
CP,1528,1,2,2019,2019-06-18T13:22:17Z,7,15.5,0,1,0.5,10,15,12.5,0,1,0.5,95,100,97.5,0,1,0.5,0,1,0.5,95,100,97.5125
CP,1529,1,2,2019,2019-06-11T12:51:03Z,20,122,1,3,2,35,45,40,45,55,50,85,95,90,0,1,0.5,0,1,0.5,91.75,97.75,95
CP,1530,1,2,2019,2019-06-18T12:39:44Z,10,15.5,0,1,0.5,10,15,12.5,0,1,0.5,95,100,97.5,0,1,0.5,0,1,0.5,95,100,97.5125
CP,1531,1,2,2019,2019-06-18T12:09:26Z,12,191,0,1,0.5,75,85,80,55,65,60,85,95,90,0,1,0.5,0,1,0.5,93.25,98.25,96
CP,1532,1,2,2019,2019-06-18T11:10:30Z,11,12.5,1,3,2,5,10,7.5,3,5,4,85,95,90,0,1,0.5,0,1,0.5,85.45,95.24999999999999,90.4
CP,1533,1,2,2019,2019-06-11T10:25:32Z,11,26.5,0,1,0.5,15,25,20,55,65,60,55,65,60,0,1,0.5,0,1,0.5,79.75000000000001,87.75,84
CP,1534,1,2,2019,2019-06-11T10:06:59Z,12,40.5,1,3,2,15,25,20,0,1,0.5,95,100,97.5,0,1,0.5,0,1,0.5,95,100,97.5125
CP,1535,1,2,2019,2019-06-11T12:23:01Z,14,59,3,5,4,15,25,20,15,25,20,95,100,97.5,0,1,0.5,1,3,2,95.75,100,98
CP,1536,1,2,2019,2019-06-11T11:34:43Z,7,77.5,0,1,0.5,65,75,70,1,3,2,95,100,97.5,0,1,0.5,0,1,0.5,95.04999999999998,100,97.55
CP,1537,1,2,2019,2019-06-18T10:32:09Z,7,7,0,1,0.5,3,5,4,0,1,0.5,85,95,90,0,1,0.5,0,1,0.5,85,95.04999999999998,90.05000000000001
CP,1538,1,2,2019,2019-05-28T13:48:49Z,13,154,0,1,0.5,55,65,60,5,10,7.5,95,100,97.5,0,1,0.5,0,1,0.5,95.24999999999999,100,97.6875
CP,1539,1,2,2019,2019-06-11T10:51:13Z,14,70,1,3,2,55,65,60,0,1,0.5,85,95,90,0,1,0.5,0,1,0.5,85,95.04999999999998,90.05000000000001
CP,1540,1,2,2019,2019-05-22T11:20:03Z,18,58.5,0,1,0.5,55,65,60,25,35,30,85,95,90,0,1,0.5,1,3,2,88.75,96.75,93
CP,1541,1,2,2019,2019-05-22T11:56:50Z,17,78,0,1,0.5,65,75,70,1,3,2,85,95,90,0,1,0.5,1,3,2,85.14999999999999,95.15,90.2
CP,1542,1,2,2019,2019-05-28T13:26:44Z,9,67,0,1,0.5,55,65,60,1,3,2,95,100,97.5,0,1,0.5,0,1,0.5,95.04999999999998,100,97.55
CP,1543,1,2,2019,2019-05-29T11:02:54Z,7,8,1,3,2,5,10,7.5,15,25,20,95,100,97.5,0,1,0.5,0,1,0.5,95.75,100,98
CP,1544,1,2,2019,2019-06-18T10:08:14Z,9,4.5,0,1,0.5,0,1,0.5,0,1,0.5,95,100,97.5,0,1,0.5,0,1,0.5,95,100,97.5125
CP,1545,1,2,2019,2019-05-22T10:26:22Z,14,149,0,1,0.5,95,100,97.5,15,25,20,95,100,97.5,0,1,0.5,0,1,0.5,95.75,100,98
CP,1546,1,2,2019,2019-05-28T12:20:44Z,9,56,0,1,0.5,45,55,50,3,5,4,85,95,90,0,1,0.5,0,1,0.5,85.45,95.24999999999999,90.4
CP,1547,1,2,2019,2019-05-13T13:03:17Z,11,40,0,1,0.5,35,45,40,1,3,2,95,100,97.5,0,1,0.5,0,1,0.5,95.04999999999998,100,97.55
CP,1548,1,2,2019,2019-05-28T13:07:34Z,8,25,0,1,0.5,25,35,30,3,5,4,95,100,97.5,0,1,0.5,0,1,0.5,95.15,100,97.6
CP,1549,1,2,2019,2019-07-15T00:00:00Z,6,25.5,0,1,0.5,15,25,20,15,25,20,85,95,90,0,1,0.5,0,1,0.5,87.25,96.24999999999999,92
CP,1550,1,2,2019,2019-05-22T09:41:25Z,10,21.5,0,1,0.5,15,25,20,35,45,40,95,100,97.5,0,1,0.5,0,1,0.5,96.75,100,98.5
CP,1551,1,2,2019,2019-05-29T10:20:29Z,9,94,0,1,0.5,85,95,90,1,3,2,85,95,90,0,1,0.5,0,1,0.5,85.14999999999999,95.15,90.2
CP,1552,1,2,2019,2019-05-27T09:56:39Z,9,19.5,0,1,0.5,10,15,12.5,15,25,20,75,85,80,0,1,0.5,0,1,0.5,78.75,88.75,84.00000000000001
CP,1553,1,2,2019,2019-05-13T12:43:59Z,12,37,0,1,0.5,25,35,30,0,1,0.5,95,100,97.5,0,1,0.5,0,1,0.5,95,100,97.5125
CP,1554,1,2,2019,2019-06-18T10:19:02Z,9,6,0,1,0.5,1,3,2,0,1,0.5,95,100,97.5,0,1,0.5,0,1,0.5,95,100,97.5125
CP,1555,1,2,2019,2019-05-27T09:51:47Z,3,1.5,0,1,0.5,0,1,0.5,0,1,0.5,95,100,97.5,0,1,0.5,0,1,0.5,95,100,97.5125
CP,1556,1,2,2019,2019-05-29T10:42:20Z,7,86,0,1,0.5,75,85,80,1,3,2,75,85,80,0,1,0.5,0,1,0.5,75.25,85.45,80.4
CP,1557,1,2,2019,2019-05-29T12:11:20Z,7,5,1,3,2,1,3,2,0,1,0.5,95,100,97.5,0,1,0.5,0,1,0.5,95,100,97.5125
CP,1558,1,2,2019,2019-05-27T10:17:50Z,8,97,0,1,0.5,75,85,80,45,55,50,85,95,90,0,1,0.5,1,3,2,91.75,97.75,95
CP,1559,1,2,2019,2019-05-29T12:30:56Z,9,59,0,1,0.5,55,65,60,0,1,0.5,95,100,97.5,0,1,0.5,0,1,0.5,95,100,97.5125
CP,1560,1,2,2019,2019-05-29T12:56:09Z,6,4.5,0,1,0.5,1,3,2,1,3,2,95,100,97.5,0,1,0.5,0,1,0.5,95.04999999999998,100,97.55
CP,1561,1,2,2019,2019-05-27T10:47:01Z,12,120,1,3,2,75,85,80,55,65,60,75,85,80,0,1,0.5,1,3,2,88.75,94.75,92
CP,1562,1,2,2019,2019-05-13T12:26:50Z,6,15,0,1,0.5,10,15,12.5,0,1,0.5,95,100,97.5,0,1,0.5,0,1,0.5,95,100,97.5125
CP,1563,1,2,2019,2019-05-27T11:12:50Z,8,67,0,1,0.5,55,65,60,0,1,0.5,95,100,97.5,0,1,0.5,0,1,0.5,95,100,97.5125
CP,1564,1,2,2019,2019-05-27T12:33:33Z,6,107,0,1,0.5,95,100,97.5,5,10,7.5,95,100,97.5,0,1,0.5,0,1,0.5,95.24999999999999,100,97.6875
CP,1565,1,2,2019,2019-05-29T13:09:51Z,8,5.5,0,1,0.5,1,3,2,0,1,0.5,95,100,97.5,0,1,0.5,0,1,0.5,95,100,97.5125
CP,1566,1,2,2019,2019-05-27T11:57:33Z,14,57,0,1,0.5,65,75,70,35,45,40,95,100,97.5,0,1,0.5,1,3,2,96.75,100,98.5
CP,1567,1,2,2019,2019-05-13T12:03:03Z,7,12,0,1,0.5,10,15,12.5,1,3,2,85,95,90,0,1,0.5,0,1,0.5,85.14999999999999,95.15,90.2
CP,1568,1,2,2019,2019-05-13T11:08:26Z,9,9,0,1,0.5,3,5,4,3,5,4,95,100,97.5,0,1,0.5,0,1,0.5,95.15,100,97.6
CP,1569,1,2,2019,2019-05-29T13:18:11Z,12,40,0,1,0.5,1,3,2,1,3,2,95,100,97.5,0,1,0.5,0,1,0.5,95.04999999999998,100,97.55
CP,1570,1,2,2019,2019-05-13T10:59:00Z,5,2.5,0,1,0.5,1,3,2,0,1,0.5,95,100,97.5,0,1,0.5,0,1,0.5,95,100,97.5125
CP,1571,1,2,2019,2019-05-27T12:44:46Z,5,2.5,0,1,0.5,0,1,0.5,0,1,0.5,95,100,97.5,0,1,0.5,0,1,0.5,95,100,97.5125
CP,1572,1,2,2019,2019-05-13T10:45:59Z,4,9,0,1,0.5,5,10,7.5,0,1,0.5,95,100,97.5,0,1,0.5,0,1,0.5,95,100,97.5125
CP,1573,1,2,2019,2019-05-27T12:56:54Z,10,18.5,0,1,0.5,15,25,20,0,1,0.5,75,85,80,0,1,0.5,0,1,0.5,75,85.14999999999999,80.10000000000001
CP,1574,1,2,2019,2019-05-21T13:36:46Z,12,57,0,1,0.5,35,45,40,1,3,2,85,95,90,0,1,0.5,0,1,0.5,85.14999999999999,95.15,90.2
CP,1575,1,2,2019,2019-05-21T13:45:38Z,12,9,1,3,2,3,5,4,1,3,2,95,100,97.5,0,1,0.5,0,1,0.5,95.04999999999998,100,97.55
CP,1576,1,2,2019,2019-05-21T13:02:22Z,11,101.5,0,1,0.5,85,95,90,25,35,30,55,65,60,0,1,0.5,0,1,0.5,66.25000000000001,77.25,72
CP,1577,1,2,2019,2019-07-05T11:54:05Z,4,2,0,1,0.5,0,1,0.5,0,1,0.5,95,100,97.5,0,1,0.5,0,1,0.5,95,100,97.5125
CP,1578,1,2,2019,2019-07-05T12:17:18Z,10,46,0,1,0.5,35,45,40,0,1,0.5,75,85,80,0,1,0.5,0,1,0.5,75,85.14999999999999,80.10000000000001
CP,1579,1,2,2019,2019-05-21T12:40:31Z,8,28,0,1,0.5,15,25,20,75,85,80,75,85,80,0,1,0.5,0,1,0.5,93.75,97.75,96
CP,1580,1,2,2019,2019-07-05T10:49:34Z,7,86,1,3,2,75,85,80,3,5,4,95,100,97.5,0,1,0.5,0,1,0.5,95.15,100,97.6
CP,1581,1,2,2019,2019-07-05T00:00:00Z,7,96,0,1,0.5,85,95,90,1,3,2,85,95,90,0,1,0.5,0,1,0.5,85.14999999999999,95.15,90.2
CP,1582,1,2,2019,2019-05-21T12:25:49Z,12,13,0,1,0.5,5,10,7.5,0,1,0.5,85,95,90,0,1,0.5,0,1,0.5,85,95.04999999999998,90.05000000000001
CP,1583,1,2,2019,2019-07-05T11:46:24Z,10,49.5,0,1,0.5,35,45,40,1,3,2,95,100,97.5,0,1,0.5,0,1,0.5,95.04999999999998,100,97.55
CP,1584,1,2,2019,2019-07-05T10:32:21Z,12,72.5,0,1,0.5,25,35,30,45,55,50,85,95,90,0,1,0.5,0,1,0.5,91.75,97.75,95
CP,1585,1,2,2019,2019-07-05T12:37:25Z,9,106.5,0,1,0.5,85,95,90,1,3,2,85,95,90,0,1,0.5,0,1,0.5,85.14999999999999,95.15,90.2
CP,1586,1,2,2019,2019-07-05T13:05:23Z,7,7,1,3,2,5,10,7.5,0,1,0.5,65,75,70,0,1,0.5,0,1,0.5,65,75.25,70.15
CP,1587,1,2,2019,2019-07-31T00:00:00Z,13,64.5,0,1,0.5,35,45,40,15,25,20,75,85,80,0,1,0.5,0,1,0.5,78.75,88.75,84.00000000000001
CP,1588,1,2,2019,2019-08-05T11:17:16Z,18,98.5,1,3,2,75,85,80,0,1,0.5,75,85,80,0,1,0.5,0,1,0.5,75,85.14999999999999,80.10000000000001
CP,1589,1,2,2019,2019-07-05T12:51:00Z,6,10,0,1,0.5,5,10,7.5,10,15,12.5,95,100,97.5,0,1,0.5,0,1,0.5,95.5,100,97.8125
CP,1590,1,2,2019,2019-05-21T11:12:18Z,14,86,0,1,0.5,75,85,80,1,3,2,55,65,60,0,1,0.5,0,1,0.5,55.45,66.05000000000001,60.8
CP,1591,1,2,2019,2019-07-29T09:43:20Z,23,127,0,1,0.5,95,100,97.5,0,1,0.5,75,85,80,0,1,0.5,0,1,0.5,75,85.14999999999999,80.10000000000001
CP,1592,1,2,2019,2019-07-05T10:03:06Z,17,75,1,3,2,55,65,60,1,3,2,85,95,90,0,1,0.5,0,1,0.5,85.14999999999999,95.15,90.2
CP,1593,1,2,2019,2019-08-02T00:00:00Z,8,11,0,1,0.5,95,100,97.5,3,5,4,75,85,80,0,1,0.5,0,1,0.5,75.75,85.75,80.80000000000001
CP,1594,1,2,2019,2019-07-29T10:41:01Z,9,123.5,0,1,0.5,85,95,90,5,10,7.5,75,85,80,0,1,0.5,0,1,0.5,76.25,86.5,81.5
CP,1595,1,2,2019,2019-06-21T11:14:49Z,11,13.5,1,3,2,3,5,4,3,5,4,95,100,97.5,0,1,0.5,0,1,0.5,95.15,100,97.6
CP,1596,1,2,2019,2019-06-21T12:05:40Z,25,28.5,0,1,0.5,15,25,20,15,25,20,95,100,97.5,0,1,0.5,1,3,2,95.75,100,98
CP,1597,1,2,2019,2019-06-21T10:50:10Z,12,21,0,1,0.5,10,15,12.5,5,10,7.5,95,100,97.5,0,1,0.5,1,3,2,95.24999999999999,100,97.6875
CP,1598,1,2,2019,2019-06-21T12:29:34Z,24,99,0,1,0.5,85,95,90,35,45,40,65,75,70,0,1,0.5,0,1,0.5,77.25,86.25,82
CP,1599,1,2,2019,2019-06-21T00:00:00Z,11,84.5,0,1,0.5,25,35,30,3,5,4,95,100,97.5,0,1,0.5,1,3,2,95.15,100,97.6
CP,1600,1,2,2019,2019-07-02T13:10:36Z,9,134,0,1,0.5,95,100,97.5,10,15,12.5,25,35,30,0,1,0.5,0,1,0.5,32.49999999999999,44.75,38.75000000000001
CP,1601,1,2,2019,2019-06-21T09:49:42Z,12,77,0,1,0.5,65,75,70,10,15,12.5,95,100,97.5,0,1,0.5,1,3,2,95.5,100,97.8125
CP,1602,1,2,2019,2019-06-21T10:17:49Z,10,98.5,0,1,0.5,75,85,80,5,10,7.5,95,100,97.5,0,1,0.5,0,1,0.5,95.24999999999999,100,97.6875
CP,1603,1,2,2019,2019-07-02T12:49:35Z,8,85,1,3,2,85,95,90,55,65,60,95,100,97.5,0,1,0.5,0,1,0.5,97.75,100,99
CP,1604,1,2,2019,2019-06-21T13:01:32Z,16,72,1,3,2,65,75,70,35,45,40,75,85,80,0,1,0.5,0,1,0.5,83.75,91.75,88
CP,1605,1,2,2019,2019-07-02T12:30:29Z,6,56,0,1,0.5,45,55,50,25,35,30,75,85,80,0,1,0.5,0,1,0.5,81.25,90.25,86.00000000000001
CP,1606,1,2,2019,2019-06-21T13:38:16Z,7,24.5,1,3,2,25,35,30,1,3,2,95,100,97.5,0,1,0.5,0,1,0.5,95.04999999999998,100,97.55
CP,1607,1,2,2019,2019-07-02T09:55:40Z,17,55.5,0,1,0.5,55,65,60,35,45,40,85,95,90,0,1,0.5,0,1,0.5,90.25,97.24999999999999,94
CP,1608,1,2,2019,2019-07-02T12:11:40Z,13,20,0,1,0.5,15,25,20,5,10,7.5,25,35,30,0,1,0.5,0,1,0.5,28.750000000000007,41.49999999999999,35.25
CP,1609,1,2,2019,2019-07-02T10:31:01Z,7,102.5,0,1,0.5,75,85,80,25,35,30,65,75,70,0,1,0.5,0,1,0.5,73.75,83.75,79
CP,1610,1,2,2019,2019-07-02T11:12:30Z,7,87.5,0,1,0.5,75,85,80,0,1,0.5,55,65,60,0,1,0.5,0,1,0.5,55.00000000000001,65.35,60.199999999999996
CP,1611,1,2,2019,2019-07-02T11:48:25Z,15,68,0,1,0.5,65,75,70,1,3,2,15,25,20,0,1,0.5,0,1,0.5,15.849999999999998,27.249999999999996,21.599999999999998
CP,1612,1,2,2019,2019-07-02T10:11:40Z,11,54.5,0,1,0.5,55,65,60,15,25,20,85,95,90,0,1,0.5,0,1,0.5,87.25,96.24999999999999,92
CP,1613,1,2,2019,2019-06-28T11:02:35Z,12,89,0,1,0.5,85,95,90,25,35,30,35,45,40,0,1,0.5,0,1,0.5,51.24999999999999,64.25,58.00000000000001
CP,1614,1,2,2019,2019-06-28T10:48:56Z,4,68.5,0,1,0.5,45,55,50,45,55,50,65,75,70,0,1,0.5,0,1,0.5,80.75,88.75,85
CP,1615,1,2,2019,2019-06-28T11:23:45Z,16,70,0,1,0.5,65,75,70,1,3,2,75,85,80,0,1,0.5,0,1,0.5,75.25,85.45,80.4
CP,1616,1,2,2019,2019-06-28T12:59:57Z,8,77,0,1,0.5,65,75,70,0,1,0.5,75,85,80,0,1,0.5,0,1,0.5,75,85.14999999999999,80.10000000000001
CP,1617,1,2,2019,2019-06-28T12:31:40Z,12,60.5,0,1,0.5,45,55,50,65,75,70,85,95,90,0,1,0.5,0,1,0.5,94.75,98.75,97
CP,1618,1,2,2019,2019-06-28T12:19:12Z,6,72.5,1,3,2,65,75,70,35,45,40,65,75,70,0,1,0.5,0,1,0.5,77.25,86.25,82
CP,1619,1,2,2019,2019-05-14T13:04:10Z,9,118,0,1,0.5,85,95,90,1,3,2,75,85,80,0,1,0.5,0,1,0.5,75.25,85.45,80.4
CP,1620,1,2,2019,2019-05-14T12:46:34Z,7,13.5,0,1,0.5,10,15,12.5,0,1,0.5,65,75,70,0,1,0.5,0,1,0.5,65,75.25,70.15
CP,1621,1,2,2019,2019-07-08T10:57:21Z,11,36.5,0,1,0.5,25,35,30,35,45,40,95,100,97.5,0,1,0.5,0,1,0.5,96.75,100,98.5
CP,1622,1,2,2019,2019-05-14T13:19:28Z,12,157,0,1,0.5,95,100,97.5,5,10,7.5,85,95,90,0,1,0.5,0,1,0.5,85.75,95.5,90.75
CP,1623,1,2,2019,2019-07-08T10:39:51Z,7,72.5,0,1,0.5,55,65,60,15,25,20,75,85,80,0,1,0.5,1,3,2,78.75,88.75,84.00000000000001
CP,1624,1,2,2019,2019-07-08T09:35:10Z,5,101.5,0,1,0.5,65,75,70,10,15,12.5,75,85,80,0,1,0.5,0,1,0.5,77.5,87.25,82.5
CP,1625,1,2,2019,2019-07-08T00:00:00Z,11,9,0,1,0.5,5,10,7.5,10,15,12.5,85,95,90,0,1,0.5,0,1,0.5,86.5,95.75,91.25
CP,1626,1,2,2019,2019-07-08T00:00:00Z,10,51.5,0,1,0.5,55,65,60,45,55,50,75,85,80,0,1,0.5,1,3,2,86.25,93.25,90
CP,1627,1,2,2019,2019-05-14T12:18:40Z,8,35.5,0,1,0.5,25,35,30,1,3,2,95,100,97.5,0,1,0.5,1,3,2,95.04999999999998,100,97.55
CP,1628,1,2,2019,2019-05-14T12:03:14Z,14,10,0,1,0.5,3,5,4,3,5,4,65,75,70,0,1,0.5,0,1,0.5,66.05000000000001,76.25,71.2
CP,2001,1,2,2011,2011-05-26T00:00:00Z,7,3.5,0,1,0.5,0,1,0.5,0,1,0.5,95,100,97.5,0,1,0.5,,,,95,100,97.5125
CP,2002,1,2,2011,2011-05-26T00:00:00Z,10,6.5,0,1,0.5,1,3,2,1,3,2,95,100,97.5,0,1,0.5,,,,95.04999999999998,100,97.55
CP,2003,1,2,2011,2011-06-06T00:00:00Z,11,9,0,1,0.5,5,10,7.5,0,1,0.5,95,100,97.5,0,1,0.5,,,,95,100,97.5125
CP,2004,1,2,2011,2011-05-27T00:00:00Z,9,4.5,0,1,0.5,0,1,0.5,0,1,0.5,95,100,97.5,0,1,0.5,,,,95,100,97.5125
CP,2005,1,2,2011,2011-05-27T00:00:00Z,10,5,0,1,0.5,0,1,0.5,3,5,4,85,95,90,0,1,0.5,,,,85.45,95.24999999999999,90.4
CP,2006,1,2,2011,2011-05-27T00:00:00Z,11,22.5,1,3,2,15,25,20,0,1,0.5,85,95,90,0,1,0.5,,,,85,95.04999999999998,90.05000000000001
CP,2007,1,2,2011,2011-06-06T00:00:00Z,10,5,0,1,0.5,1,3,2,10,15,12.5,95,100,97.5,0,1,0.5,,,,95.5,100,97.8125
CP,2008,1,2,2011,2011-06-06T00:00:00Z,12,27,0,1,0.5,15,25,20,10,15,12.5,95,100,97.5,0,1,0.5,,,,95.5,100,97.8125
CP,2009,1,2,2011,2011-06-06T00:00:00Z,6,3,0,1,0.5,1,3,2,15,25,20,95,100,97.5,0,1,0.5,,,,95.75,100,98
CP,2010,1,2,2011,2011-06-06T00:00:00Z,6,3,0,1,0.5,0,1,0.5,3,5,4,95,100,97.5,0,1,0.5,,,,95.15,100,97.6
CP,2011,1,2,2011,2011-06-06T00:00:00Z,11,26.5,0,1,0.5,15,25,20,0,1,0.5,95,100,97.5,0,1,0.5,,,,95,100,97.5125
CP,2012,1,2,2011,2011-06-06T00:00:00Z,11,5.5,0,1,0.5,0,1,0.5,0,1,0.5,95,100,97.5,0,1,0.5,,,,95,100,97.5125
CP,2013,1,2,2011,2011-06-06T00:00:00Z,3,1.5,0,1,0.5,0,1,0.5,3,5,4,95,100,97.5,0,1,0.5,,,,95.15,100,97.6
CP,2014,1,2,2011,2011-06-09T00:00:00Z,11,5.5,0,1,0.5,0,1,0.5,15,25,20,65,75,70,0,1,0.5,,,,70.25,81.25,76
CP,2015,1,2,2011,2011-06-09T00:00:00Z,3,1.5,0,1,0.5,0,1,0.5,15,25,20,95,100,97.5,0,1,0.5,,,,95.75,100,98
CP,2016,1,2,2011,2011-04-26T00:00:00Z,12,13.5,0,1,0.5,5,10,7.5,15,25,20,85,95,90,0,1,0.5,,,,87.25,96.24999999999999,92
CP,2017,1,2,2011,2011-06-09T00:00:00Z,12,16.5,0,1,0.5,15,25,20,0,1,0.5,75,85,80,0,1,0.5,,,,75,85.14999999999999,80.10000000000001
CP,2018,1,2,2011,2011-05-26T00:00:00Z,12,6,0,1,0.5,1,3,2,1,3,2,95,100,97.5,0,1,0.5,,,,95.04999999999998,100,97.55
CP,2019,1,2,2011,2011-05-26T00:00:00Z,19,43.5,0,1,0.5,35,45,40,0,1,0.5,95,100,97.5,0,1,0.5,,,,95,100,97.5125
CP,2020,1,2,2011,2011-05-27T00:00:00Z,13,8,0,1,0.5,1,3,2,3,5,4,95,100,97.5,0,1,0.5,,,,95.15,100,97.6
CP,2021,1,2,2011,2011-06-06T00:00:00Z,12,25,0,1,0.5,25,35,30,0,1,0.5,85,95,90,0,1,0.5,,,,85,95.04999999999998,90.05000000000001
CP,2022,1,2,2011,2011-05-27T00:00:00Z,10,8,0,1,0.5,3,5,4,0,1,0.5,95,100,97.5,0,1,0.5,,,,95,100,97.5125
CP,2023,1,2,2011,2011-06-06T00:00:00Z,16,12.5,0,1,0.5,5,10,7.5,0,1,0.5,95,100,97.5,0,1,0.5,,,,95,100,97.5125
CP,2024,1,2,2011,2011-05-27T00:00:00Z,7,7,0,1,0.5,3,5,4,0,1,0.5,95,100,97.5,0,1,0.5,,,,95,100,97.5125
CP,2025,1,2,2011,2011-05-27T00:00:00Z,14,25,0,1,0.5,15,25,20,15,25,20,85,95,90,0,1,0.5,,,,87.25,96.24999999999999,92
CP,2026,1,2,2011,2011-05-27T00:00:00Z,12,9,0,1,0.5,3,5,4,1,3,2,95,100,97.5,0,1,0.5,,,,95.04999999999998,100,97.55
CP,2027,1,2,2011,2011-05-26T00:00:00Z,9,6,0,1,0.5,1,3,2,15,25,20,95,100,97.5,0,1,0.5,,,,95.75,100,98
CP,2028,1,2,2011,2011-05-26T00:00:00Z,15,101.5,0,1,0.5,95,100,97.5,10,15,12.5,65,75,70,0,1,0.5,,,,68.5,78.75,73.75
CP,2029,1,2,2011,2011-05-26T00:00:00Z,13,9.5,0,1,0.5,3,5,4,1,3,2,95,100,97.5,0,1,0.5,,,,95.04999999999998,100,97.55
CP,2030,1,2,2011,2011-05-26T00:00:00Z,19,52,0,1,0.5,45,55,50,35,45,40,75,85,80,0,1,0.5,,,,83.75,91.75,88
CP,2031,1,2,2011,2011-05-27T00:00:00Z,9,4.5,0,1,0.5,1,3,2,3,5,4,95,100,97.5,0,1,0.5,,,,95.15,100,97.6
CP,2032,1,2,2011,2011-06-09T00:00:00Z,19,22.5,1,3,2,15,25,20,10,15,12.5,95,100,97.5,0,1,0.5,,,,95.5,100,97.8125
CP,2033,1,2,2011,2011-06-09T00:00:00Z,6,3,0,1,0.5,0,1,0.5,1,3,2,95,100,97.5,0,1,0.5,,,,95.04999999999998,100,97.55
CP,2034,1,2,2011,2011-06-21T00:00:00Z,19,18,0,1,0.5,1,3,2,1,3,2,95,100,97.5,0,1,0.5,,,,95.04999999999998,100,97.55
CP,2035,1,2,2011,2011-06-21T00:00:00Z,14,41,0,1,0.5,3,5,4,5,10,7.5,95,100,97.5,0,1,0.5,,,,95.24999999999999,100,97.6875
CP,2036,1,2,2011,2011-06-10T00:00:00Z,19,39,1,3,2,25,35,30,10,15,12.5,85,95,90,0,1,0.5,,,,86.5,95.75,91.25
CP,2037,1,2,2011,2011-06-10T00:00:00Z,13,8,0,1,0.5,1,3,2,5,10,7.5,95,100,97.5,0,1,0.5,,,,95.24999999999999,100,97.6875
CP,2038,1,2,2011,2011-06-10T00:00:00Z,4,2,0,1,0.5,0,1,0.5,5,10,7.5,95,100,97.5,0,1,0.5,,,,95.24999999999999,100,97.6875
CP,2039,1,2,2011,2011-06-10T00:00:00Z,12,45.5,0,1,0.5,35,45,40,0,1,0.5,65,75,70,0,1,0.5,,,,65,75.25,70.15
CP,2040,1,2,2011,2011-06-10T00:00:00Z,8,4,1,3,2,0,1,0.5,0,1,0.5,95,100,97.5,0,1,0.5,,,,95,100,97.5125
CP,2041,1,2,2011,2011-06-23T00:00:00Z,11,7,0,1,0.5,0,1,0.5,1,3,2,95,100,97.5,0,1,0.5,,,,95.04999999999998,100,97.55
CP,2042,1,2,2011,2011-06-23T00:00:00Z,8,5.5,0,1,0.5,0,1,0.5,3,5,4,95,100,97.5,0,1,0.5,,,,95.15,100,97.6
CP,2043,1,2,2011,2011-06-23T00:00:00Z,13,15,0,1,0.5,3,5,4,0,1,0.5,95,100,97.5,0,1,0.5,,,,95,100,97.5125
CP,2044,1,2,2011,2011-06-23T00:00:00Z,3,5,0,1,0.5,1,3,2,3,5,4,95,100,97.5,0,1,0.5,,,,95.15,100,97.6
CP,2045,1,2,2011,2011-06-23T00:00:00Z,10,136,0,1,0.5,85,95,90,0,1,0.5,15,25,20,0,1,0.5,,,,15.000000000000002,25.750000000000007,20.399999999999995
CP,2046,1,2,2011,2011-06-23T00:00:00Z,4,2,0,1,0.5,0,1,0.5,0,1,0.5,95,100,97.5,0,1,0.5,,,,95,100,97.5125
CP,2047,1,2,2011,2011-06-23T00:00:00Z,6,10,0,1,0.5,5,10,7.5,45,55,50,,,,0,1,0.5,,,,,,
CP,2048,1,2,2011,2011-06-10T00:00:00Z,32,112.5,0,1,0.5,95,100,97.5,1,3,2,95,100,97.5,0,1,0.5,,,,95.04999999999998,100,97.55
CP,2049,1,2,2011,2011-06-09T00:00:00Z,3,1.5,0,1,0.5,0,1,0.5,0,1,0.5,95,100,97.5,0,1,0.5,,,,95,100,97.5125
CP,2050,1,2,2011,2011-06-09T00:00:00Z,18,36.5,0,1,0.5,35,45,40,1,3,2,65,75,70,0,1,0.5,,,,65.35,75.75,70.6
CP,2051,1,2,2011,2011-06-09T00:00:00Z,21,65.5,0,1,0.5,55,65,60,15,25,20,75,85,80,0,1,0.5,,,,78.75,88.75,84.00000000000001
CP,2053,1,2,2011,2011-06-09T00:00:00Z,21,17,0,1,0.5,5,10,7.5,65,75,70,85,95,90,0,1,0.5,,,,94.75,98.75,97
CP,2054,1,2,2011,2011-06-09T00:00:00Z,11,12.5,0,1,0.5,10,15,12.5,0,1,0.5,95,100,97.5,0,1,0.5,,,,95,100,97.5125
CP,2055,1,2,2011,2011-06-23T00:00:00Z,8,7,0,1,0.5,3,5,4,25,35,30,95,100,97.5,0,1,0.5,,,,96.24999999999999,100,98.25
CP,2056,1,2,2011,2011-06-23T00:00:00Z,26,64.5,0,1,0.5,55,65,60,10,15,12.5,65,75,70,0,1,0.5,,,,68.5,78.75,73.75
CP,2057,1,2,2011,2011-06-21T00:00:00Z,23,43,1,3,2,35,45,40,0,1,0.5,65,75,70,0,1,0.5,,,,65,75.25,70.15
CP,2058,1,2,2011,2011-06-21T00:00:00Z,18,113.5,0,1,0.5,85,95,90,0,1,0.5,35,45,40,0,1,0.5,,,,35,45.550000000000004,40.300000000000004
CP,2059,1,2,2011,2011-06-21T00:00:00Z,20,99,0,1,0.5,65,75,70,1,3,2,95,100,97.5,0,1,0.5,,,,95.04999999999998,100,97.55
CP,2060,1,2,2011,2011-06-21T00:00:00Z,19,48.5,0,1,0.5,45,55,50,0,1,0.5,75,85,80,0,1,0.5,,,,75,85.14999999999999,80.10000000000001
CP,2061,1,2,2011,2011-06-21T00:00:00Z,20,132.5,0,1,0.5,75,85,80,0,1,0.5,75,85,80,0,1,0.5,,,,75,85.14999999999999,80.10000000000001
CP,2062,1,2,2011,2011-06-21T00:00:00Z,23,34.5,1,3,2,35,45,40,3,5,4,65,75,70,0,1,0.5,,,,66.05000000000001,76.25,71.2
CP,2063,1,2,2011,2011-06-21T00:00:00Z,17,36,0,1,0.5,15,25,20,35,45,40,65,75,70,0,1,0.5,,,,77.25,86.25,82
CP,2064,1,2,2011,2011-06-10T00:00:00Z,22,82,1,3,2,75,85,80,5,10,7.5,75,85,80,0,1,0.5,,,,76.25,86.5,81.5
CP,2065,1,2,2011,2011-06-10T00:00:00Z,18,17.5,0,1,0.5,5,10,7.5,1,3,2,95,100,97.5,0,1,0.5,,,,95.04999999999998,100,97.55
CA,11000,155511,2,2011,2011-06-24T00:00:00Z,3,71,0,1,0.5,65,75,70,0,1,0.5,65,75,70,0,1,0.5,,,,65,75.25,70.15
CA,11000,155521,2,2011,2011-06-24T00:00:00Z,6,66,0,1,0.5,55,65,60,0,1,0.5,85,95,90,0,1,0.5,,,,85,95.04999999999998,90.05000000000001
CA,11000,155531,2,2011,2011-06-24T00:00:00Z,8,9,0,1,0.5,3,5,4,0,1,0.5,95,100,97.5,0,1,0.5,,,,95,100,97.5125
CA,11000,155541,2,2011,2011-06-24T00:00:00Z,4,3.5,0,1,0.5,1,3,2,3,5,4,95,100,97.5,0,1,0.5,,,,95.15,100,97.6
CA,11000,155551,2,2011,2011-06-24T00:00:00Z,4,2,0,1,0.5,0,1,0.5,3,5,4,95,100,97.5,0,1,0.5,,,,95.15,100,97.6
CA,11000,156011,2,2011,2011-06-24T00:00:00Z,8,14,1,3,2,10,15,12.5,0,1,0.5,75,85,80,0,1,0.5,,,,75,85.14999999999999,80.10000000000001
CA,11000,156021,2,2011,2011-06-24T00:00:00Z,9,7.5,0,1,0.5,3,5,4,0,1,0.5,95,100,97.5,0,1,0.5,,,,95,100,97.5125
CA,11000,156031,2,2011,2011-06-24T00:00:00Z,8,65.5,0,1,0.5,55,65,60,0,1,0.5,25,35,30,0,1,0.5,,,,25,35.650000000000006,30.349999999999998
CA,11000,156041,2,2011,2011-06-24T00:00:00Z,9,93.5,0,1,0.5,65,75,70,0,1,0.5,35,45,40,0,1,0.5,,,,35,45.550000000000004,40.300000000000004
CA,11000,156051,2,2011,2011-06-24T00:00:00Z,7,175.5,0,1,0.5,95,100,97.5,0,1,0.5,0,1,0.5,0,1,0.5,,,,0,1.9900000000000029,0.9974999999999956
CA,11000,156511,2,2011,2011-08-10T00:00:00Z,17,150.5,0,1,0.5,95,100,97.5,0,1,0.5,5,10,7.5,0,1,0.5,,,,5.000000000000004,10.899999999999999,7.962499999999995
CA,11000,156521,2,2011,2011-08-10T00:00:00Z,11,119.5,0,1,0.5,95,100,97.5,0,1,0.5,25,35,30,0,1,0.5,,,,25,35.650000000000006,30.349999999999998
CA,11000,156531,2,2011,2011-08-10T00:00:00Z,12,87,0,1,0.5,75,85,80,0,1,0.5,85,95,90,0,1,0.5,,,,85,95.04999999999998,90.05000000000001
CA,11000,156541,2,2011,2011-08-10T00:00:00Z,12,73,0,1,0.5,65,75,70,0,1,0.5,75,85,80,0,1,0.5,,,,75,85.14999999999999,80.10000000000001
CA,11000,156551,2,2011,2011-08-10T00:00:00Z,6,10,0,1,0.5,5,10,7.5,15,25,20,95,100,97.5,0,1,0.5,,,,95.75,100,98
CA,11000,205511,2,2011,2011-06-24T00:00:00Z,7,114,1,3,2,95,100,97.5,0,1,0.5,0,1,0.5,0,1,0.5,,,,0,1.9900000000000029,0.9974999999999956
CA,11000,205521,2,2011,2011-06-24T00:00:00Z,7,94.5,0,1,0.5,85,95,90,0,1,0.5,0,1,0.5,0,1,0.5,,,,0,1.9900000000000029,0.9974999999999956
CA,11000,205531,2,2011,2011-06-24T00:00:00Z,2,90.5,0,1,0.5,85,95,90,0,1,0.5,45,55,50,0,1,0.5,,,,44.99999999999999,55.45,50.24999999999999
CA,11000,205541,2,2011,2011-06-24T00:00:00Z,2,60.5,0,1,0.5,55,65,60,0,1,0.5,35,45,40,0,1,0.5,,,,35,45.550000000000004,40.300000000000004
CA,11000,205551,2,2011,2011-06-24T00:00:00Z,4,61.5,0,1,0.5,55,65,60,0,1,0.5,65,75,70,0,1,0.5,,,,65,75.25,70.15
CA,11000,206011,2,2011,2011-06-24T00:00:00Z,4,14,0,1,0.5,10,15,12.5,0,1,0.5,45,55,50,0,1,0.5,,,,44.99999999999999,55.45,50.24999999999999
CA,11000,206021,2,2011,2011-06-24T00:00:00Z,11,55,1,3,2,45,55,50,15,25,20,0,1,0.5,0,1,0.5,,,,15.000000000000002,25.750000000000007,20.399999999999995
CA,11000,206031,2,2011,2011-06-24T00:00:00Z,11,75,1,3,2,65,75,70,10,15,12.5,0,1,0.5,0,1,0.5,,,,9.999999999999998,15.849999999999998,12.937500000000002
CA,11000,206041,2,2011,2011-06-24T00:00:00Z,5,62,0,1,0.5,55,65,60,0,1,0.5,25,35,30,0,1,0.5,,,,25,35.650000000000006,30.349999999999998
CA,11000,206051,2,2011,2011-06-24T00:00:00Z,5,72,0,1,0.5,65,75,70,0,1,0.5,35,45,40,0,1,0.5,,,,35,45.550000000000004,40.300000000000004
CA,11000,206511,2,2011,2011-08-10T00:00:00Z,13,28.5,3,5,4,15,25,20,65,75,70,75,85,80,0,1,0.5,,,,91.25,96.25,94
CA,11000,206521,2,2011,2011-08-10T00:00:00Z,13,170.5,0,1,0.5,85,95,90,0,1,0.5,55,65,60,0,1,0.5,,,,55.00000000000001,65.35,60.199999999999996
CA,11000,206531,2,2011,2011-08-10T00:00:00Z,12,179,1,3,2,95,100,97.5,0,1,0.5,45,55,50,0,1,0.5,,,,44.99999999999999,55.45,50.24999999999999
CA,11000,206541,2,2011,2011-08-10T00:00:00Z,15,98.5,0,1,0.5,85,95,90,0,1,0.5,75,85,80,0,1,0.5,,,,75,85.14999999999999,80.10000000000001
CA,11000,206551,2,2011,2011-08-10T00:00:00Z,19,130,0,1,0.5,95,100,97.5,0,1,0.5,10,15,12.5,0,1,0.5,,,,9.999999999999998,15.849999999999998,12.937500000000002
CA,11000,207011,2,2011,2011-08-10T00:00:00Z,6,3,0,1,0.5,0,1,0.5,5,10,7.5,95,100,97.5,0,1,0.5,,,,95.24999999999999,100,97.6875
CA,11000,207021,2,2011,2011-08-10T00:00:00Z,4,2,0,1,0.5,0,1,0.5,35,45,40,85,95,90,0,1,0.5,,,,90.25,97.24999999999999,94
CA,11000,207031,2,2011,2011-08-10T00:00:00Z,4,2,0,1,0.5,0,1,0.5,25,35,30,85,95,90,0,1,0.5,,,,88.75,96.75,93
CA,11000,207041,2,2011,2011-08-10T00:00:00Z,2,1,0,1,0.5,0,1,0.5,3,5,4,95,100,97.5,0,1,0.5,,,,95.15,100,97.6
CA,11000,207051,2,2011,2011-08-10T00:00:00Z,4,5.5,0,1,0.5,3,5,4,25,35,30,95,100,97.5,0,1,0.5,,,,96.24999999999999,100,98.25
CA,11000,255511,2,2011,2011-06-24T00:00:00Z,8,46.5,0,1,0.5,35,45,40,0,1,0.5,55,65,60,0,1,0.5,,,,55.00000000000001,65.35,60.199999999999996
CA,11000,255521,2,2011,2011-06-24T00:00:00Z,7,43,0,1,0.5,35,45,40,0,1,0.5,10,15,12.5,0,1,0.5,,,,9.999999999999998,15.849999999999998,12.937500000000002
CA,11000,255531,2,2011,2011-06-24T00:00:00Z,14,71,0,1,0.5,55,65,60,0,1,0.5,0,1,0.5,0,1,0.5,,,,0,1.9900000000000029,0.9974999999999956
CA,11000,255541,2,2011,2011-06-24T00:00:00Z,11,78,0,1,0.5,65,75,70,0,1,0.5,0,1,0.5,0,1,0.5,,,,0,1.9900000000000029,0.9974999999999956
CA,11000,255551,2,2011,2011-06-24T00:00:00Z,6,103,0,1,0.5,85,95,90,0,1,0.5,0,1,0.5,0,1,0.5,,,,0,1.9900000000000029,0.9974999999999956
CA,11000,256011,2,2011,2011-06-24T00:00:00Z,8,24,1,3,2,15,25,20,0,1,0.5,15,25,20,0,1,0.5,,,,15.000000000000002,25.750000000000007,20.399999999999995
CA,11000,256021,2,2011,2011-06-24T00:00:00Z,7,36,0,1,0.5,25,35,30,0,1,0.5,15,25,20,0,1,0.5,,,,15.000000000000002,25.750000000000007,20.399999999999995
CA,11000,256031,2,2011,2011-06-24T00:00:00Z,5,14.5,0,1,0.5,10,15,12.5,0,1,0.5,85,95,90,0,1,0.5,,,,85,95.04999999999998,90.05000000000001
CA,11000,256041,2,2011,2011-06-24T00:00:00Z,5,40.5,0,1,0.5,25,35,30,0,1,0.5,15,25,20,0,1,0.5,,,,15.000000000000002,25.750000000000007,20.399999999999995
CA,11000,256051,2,2011,2011-06-24T00:00:00Z,5,14.5,0,1,0.5,10,15,12.5,0,1,0.5,15,25,20,0,1,0.5,,,,15.000000000000002,25.750000000000007,20.399999999999995
CA,11000,256511,2,2011,2011-08-12T00:00:00Z,7,17,1,3,2,10,15,12.5,3,5,4,95,100,97.5,0,1,0.5,,,,95.15,100,97.6
CA,11000,256521,2,2011,2011-08-10T00:00:00Z,11,12,1,3,2,3,5,4,1,3,2,95,100,97.5,0,1,0.5,,,,95.04999999999998,100,97.55
CA,11000,256531,2,2011,2011-08-10T00:00:00Z,9,25,0,1,0.5,15,25,20,0,1,0.5,95,100,97.5,0,1,0.5,,,,95,100,97.5125
CA,11000,256541,2,2011,2011-08-10T00:00:00Z,9,18,0,1,0.5,15,25,20,10,15,12.5,95,100,97.5,0,1,0.5,,,,95.5,100,97.8125
CA,11000,256551,2,2011,2011-08-10T00:00:00Z,11,10,0,1,0.5,3,5,4,5,10,7.5,95,100,97.5,0,1,0.5,,,,95.24999999999999,100,97.6875
CA,11000,257011,2,2011,2011-08-03T00:00:00Z,9,6,1,3,2,1,3,2,15,25,20,95,100,97.5,0,1,0.5,,,,95.75,100,98
CA,11000,257021,2,2011,2011-08-10T00:00:00Z,8,18,0,1,0.5,10,15,12.5,0,1,0.5,95,100,97.5,0,1,0.5,,,,95,100,97.5125
CA,11000,257031,2,2011,2011-08-10T00:00:00Z,5,5.5,0,1,0.5,3,5,4,3,5,4,95,100,97.5,0,1,0.5,,,,95.15,100,97.6
CA,11000,257041,2,2011,2011-08-10T00:00:00Z,5,2.5,0,1,0.5,1,3,2,25,35,30,95,100,97.5,0,1,0.5,,,,96.24999999999999,100,98.25
CA,11000,257051,2,2011,2011-08-10T00:00:00Z,4,2,0,1,0.5,1,3,2,35,45,40,95,100,97.5,0,1,0.5,,,,96.75,100,98.5
CA,11000,305511,2,2011,2011-05-30T00:00:00Z,4,2,0,1,0.5,0,1,0.5,0,1,0.5,95,100,97.5,0,1,0.5,,,,95,100,97.5125
CA,11000,305521,2,2011,2011-05-30T00:00:00Z,4,2,0,1,0.5,0,1,0.5,3,5,4,95,100,97.5,0,1,0.5,,,,95.15,100,97.6
CA,11000,305531,2,2011,2011-05-30T00:00:00Z,7,3.5,0,1,0.5,0,1,0.5,5,10,7.5,95,100,97.5,0,1,0.5,,,,95.24999999999999,100,97.6875
CA,11000,305541,2,2011,2011-05-30T00:00:00Z,5,29,0,1,0.5,25,35,30,0,1,0.5,85,95,90,0,1,0.5,,,,85,95.04999999999998,90.05000000000001
CA,11000,305551,2,2011,2011-06-24T00:00:00Z,6,64.5,0,1,0.5,55,65,60,0,1,0.5,85,95,90,0,1,0.5,,,,85,95.04999999999998,90.05000000000001
CA,11000,306011,2,2011,2011-05-30T00:00:00Z,4,2,0,1,0.5,0,1,0.5,0,1,0.5,95,100,97.5,0,1,0.5,,,,95,100,97.5125
CA,11000,306021,2,2011,2011-05-30T00:00:00Z,1,0.5,0,1,0.5,0,1,0.5,1,3,2,95,100,97.5,0,1,0.5,,,,95.04999999999998,100,97.55
CA,11000,306031,2,2011,2011-05-30T00:00:00Z,3,1.5,0,1,0.5,0,1,0.5,3,5,4,95,100,97.5,0,1,0.5,,,,95.15,100,97.6
CA,11000,306041,2,2011,2011-06-24T00:00:00Z,4,3.5,1,3,2,1,3,2,0,1,0.5,95,100,97.5,0,1,0.5,,,,95,100,97.5125
CA,11000,306051,2,2011,2011-06-24T00:00:00Z,6,10,0,1,0.5,5,10,7.5,0,1,0.5,85,95,90,0,1,0.5,,,,85,95.04999999999998,90.05000000000001
CA,11000,306511,2,2011,2011-08-12T00:00:00Z,12,33,0,1,0.5,25,35,30,5,10,7.5,95,100,97.5,0,1,0.5,,,,95.24999999999999,100,97.6875
CA,11000,306521,2,2011,2011-08-12T00:00:00Z,14,25.5,0,1,0.5,15,25,20,0,1,0.5,95,100,97.5,0,1,0.5,,,,95,100,97.5125
CA,11000,306531,2,2011,2011-08-12T00:00:00Z,9,9,0,1,0.5,3,5,4,0,1,0.5,95,100,97.5,0,1,0.5,,,,95,100,97.5125
CA,11000,306541,2,2011,2011-08-12T00:00:00Z,10,11,1,3,2,5,10,7.5,0,1,0.5,95,100,97.5,0,1,0.5,,,,95,100,97.5125
CA,11000,306551,2,2011,2011-08-12T00:00:00Z,10,18,1,3,2,10,15,12.5,0,1,0.5,95,100,97.5,0,1,0.5,,,,95,100,97.5125
CA,11000,307011,2,2011,2011-08-03T00:00:00Z,15,36,0,1,0.5,35,45,40,25,35,30,85,95,90,0,1,0.5,,,,88.75,96.75,93
CA,11000,307021,2,2011,2011-08-03T00:00:00Z,4,2,0,1,0.5,0,1,0.5,15,25,20,95,100,97.5,0,1,0.5,,,,95.75,100,98
CA,11000,307031,2,2011,2011-08-03T00:00:00Z,3,1.5,0,1,0.5,0,1,0.5,25,35,30,95,100,97.5,0,1,0.5,,,,96.24999999999999,100,98.25
CA,11000,307041,2,2011,2011-08-03T00:00:00Z,6,4.5,1,3,2,1,3,2,25,35,30,75,85,80,0,1,0.5,,,,81.25,90.25,86.00000000000001
CA,11000,307051,2,2011,2011-08-03T00:00:00Z,6,4.5,0,1,0.5,1,3,2,45,55,50,85,95,90,0,1,0.5,,,,91.75,97.75,95
CA,11000,307511,2,2011,2011-08-03T00:00:00Z,4,2,0,1,0.5,0,1,0.5,0,1,0.5,95,100,97.5,0,1,0.5,,,,95,100,97.5125
CA,11000,307521,2,2011,2011-08-03T00:00:00Z,9,24,0,1,0.5,15,25,20,0,1,0.5,75,85,80,0,1,0.5,,,,75,85.14999999999999,80.10000000000001
CA,11000,307531,2,2011,2011-08-03T00:00:00Z,16,145,3,5,4,95,100,97.5,0,1,0.5,0,1,0.5,0,1,0.5,,,,0,1.9900000000000029,0.9974999999999956
CA,11000,307541,2,2011,2011-08-03T00:00:00Z,12,167,3,5,4,95,100,97.5,0,1,0.5,0,1,0.5,0,1,0.5,,,,0,1.9900000000000029,0.9974999999999956
CA,11000,307551,2,2011,2011-08-03T00:00:00Z,12,147,0,1,0.5,85,95,90,1,3,2,15,25,20,0,1,0.5,,,,15.849999999999998,27.249999999999996,21.599999999999998
CA,11000,355511,2,2011,2011-05-30T00:00:00Z,4,3.5,0,1,0.5,1,3,2,10,15,12.5,85,95,90,0,1,0.5,,,,86.5,95.75,91.25
CA,11000,355521,2,2011,2011-05-30T00:00:00Z,1,0.5,0,1,0.5,0,1,0.5,0,1,0.5,95,100,97.5,0,1,0.5,,,,95,100,97.5125
CA,11000,355531,2,2011,2011-05-30T00:00:00Z,2,1,0,1,0.5,0,1,0.5,0,1,0.5,95,100,97.5,0,1,0.5,,,,95,100,97.5125
CA,11000,355541,2,2011,2011-05-30T00:00:00Z,4,2,0,1,0.5,0,1,0.5,0,1,0.5,95,100,97.5,0,1,0.5,,,,95,100,97.5125
CA,11000,355551,2,2011,2011-05-30T00:00:00Z,3,1.5,0,1,0.5,0,1,0.5,0,1,0.5,95,100,97.5,0,1,0.5,,,,95,100,97.5125
CA,11000,356011,2,2011,2011-05-30T00:00:00Z,2,1,0,1,0.5,0,1,0.5,5,10,7.5,95,100,97.5,0,1,0.5,,,,95.24999999999999,100,97.6875
CA,11000,356021,2,2011,2011-05-30T00:00:00Z,3,1.5,0,1,0.5,0,1,0.5,1,3,2,95,100,97.5,0,1,0.5,,,,95.04999999999998,100,97.55
CA,11000,356031,2,2011,2011-05-30T00:00:00Z,4,2,0,1,0.5,0,1,0.5,5,10,7.5,95,100,97.5,0,1,0.5,,,,95.24999999999999,100,97.6875
CA,11000,356041,2,2011,2011-05-30T00:00:00Z,3,1.5,0,1,0.5,0,1,0.5,5,10,7.5,95,100,97.5,0,1,0.5,,,,95.24999999999999,100,97.6875
CA,11000,356051,2,2011,2011-05-30T00:00:00Z,3,1.5,0,1,0.5,0,1,0.5,0,1,0.5,95,100,97.5,0,1,0.5,,,,95,100,97.5125
CA,11000,356511,2,2011,2011-08-12T00:00:00Z,10,8,0,1,0.5,3,5,4,0,1,0.5,95,100,97.5,0,1,0.5,,,,95,100,97.5125
CA,11000,356521,2,2011,2011-08-12T00:00:00Z,2,1,0,1,0.5,0,1,0.5,1,3,2,95,100,97.5,0,1,0.5,,,,95.04999999999998,100,97.55
CA,11000,356531,2,2011,2011-08-12T00:00:00Z,3,1.5,0,1,0.5,0,1,0.5,5,10,7.5,95,100,97.5,0,1,0.5,,,,95.24999999999999,100,97.6875
CA,11000,356541,2,2011,2011-08-12T00:00:00Z,10,11.5,0,1,0.5,5,10,7.5,0,1,0.5,95,100,97.5,0,1,0.5,,,,95,100,97.5125
CA,11000,356551,2,2011,2011-08-12T00:00:00Z,9,7.5,,,,3,5,4,25,35,30,95,100,97.5,0,1,0.5,,,,96.24999999999999,100,98.25
CA,11000,357011,2,2011,2011-07-08T00:00:00Z,16,19,0,1,0.5,10,15,12.5,0,1,0.5,75,85,80,0,1,0.5,,,,75,85.14999999999999,80.10000000000001
CA,11000,357021,2,2011,2011-07-08T00:00:00Z,15,14,0,1,0.5,5,10,7.5,0,1,0.5,95,100,97.5,0,1,0.5,,,,95,100,97.5125
CA,11000,357031,2,2011,2011-07-08T00:00:00Z,16,37,1,3,2,35,45,40,0,1,0.5,85,95,90,0,1,0.5,,,,85,95.04999999999998,90.05000000000001
CA,11000,357041,2,2011,2011-08-03T00:00:00Z,13,8,3,5,4,1,3,2,5,10,7.5,95,100,97.5,0,1,0.5,,,,95.24999999999999,100,97.6875
CA,11000,357051,2,2011,2011-08-03T00:00:00Z,12,7.5,0,1,0.5,3,5,4,35,45,40,85,95,90,0,1,0.5,,,,90.25,97.24999999999999,94
CA,11000,357511,2,2011,2011-08-02T00:00:00Z,2,2.5,0,1,0.5,1,3,2,15,25,20,85,95,90,0,1,0.5,,,,87.25,96.24999999999999,92
CA,11000,357521,2,2011,2011-08-02T00:00:00Z,7,3.5,0,1,0.5,1,3,2,45,55,50,85,95,90,0,1,0.5,,,,91.75,97.75,95
CA,11000,357531,2,2011,2011-08-02T00:00:00Z,14,10,1,3,2,3,5,4,0,1,0.5,95,100,97.5,0,1,0.5,,,,95,100,97.5125
CA,11000,357541,2,2011,2011-08-03T00:00:00Z,14,17,1,3,2,10,15,12.5,0,1,0.5,95,100,97.5,0,1,0.5,,,,95,100,97.5125
CA,11000,357551,2,2011,2011-08-03T00:00:00Z,3,3,1,3,2,0,1,0.5,0,1,0.5,95,100,97.5,0,1,0.5,,,,95,100,97.5125
CA,11000,358011,2,2011,2011-08-02T00:00:00Z,10,13.5,0,1,0.5,5,10,7.5,0,1,0.5,95,100,97.5,0,1,0.5,,,,95,100,97.5125
CA,11000,358021,2,2011,2011-08-02T00:00:00Z,9,4.5,0,1,0.5,1,3,2,25,35,30,85,95,90,0,1,0.5,,,,88.75,96.75,93
CA,11000,358031,2,2011,2011-07-05T00:00:00Z,13,53.5,0,1,0.5,55,65,60,5,10,7.5,95,100,97.5,0,1,0.5,,,,95.24999999999999,100,97.6875
CA,11000,358041,2,2011,2011-07-05T00:00:00Z,15,94.5,0,1,0.5,75,85,80,0,1,0.5,85,95,90,0,1,0.5,,,,85,95.04999999999998,90.05000000000001
CA,11000,358051,2,2011,2011-07-05T00:00:00Z,15,66,0,1,0.5,65,75,70,0,1,0.5,95,100,97.5,0,1,0.5,,,,95,100,97.5125
CA,11000,405511,2,2011,2011-05-30T00:00:00Z,14,13.5,1,3,2,15,25,20,3,5,4,85,95,90,0,1,0.5,,,,85.45,95.24999999999999,90.4
CA,11000,405521,2,2011,2011-05-30T00:00:00Z,8,4,0,1,0.5,1,3,2,35,45,40,95,100,97.5,0,1,0.5,,,,96.75,100,98.5
CA,11000,405531,2,2011,2011-05-30T00:00:00Z,6,3,0,1,0.5,0,1,0.5,15,25,20,95,100,97.5,0,1,0.5,,,,95.75,100,98
CA,11000,405541,2,2011,2011-05-30T00:00:00Z,1,0.5,0,1,0.5,0,1,0.5,0,1,0.5,95,100,97.5,0,1,0.5,,,,95,100,97.5125
CA,11000,405551,2,2011,2011-05-30T00:00:00Z,6,3,0,1,0.5,0,1,0.5,0,1,0.5,95,100,97.5,0,1,0.5,,,,95,100,97.5125
CA,11000,406011,2,2011,2011-05-30T00:00:00Z,13,6.5,0,1,0.5,1,3,2,35,45,40,95,100,97.5,0,1,0.5,,,,96.75,100,98.5
CA,11000,406021,2,2011,2011-05-30T00:00:00Z,19,14,0,1,0.5,5,10,7.5,0,1,0.5,95,100,97.5,0,1,0.5,,,,95,100,97.5125
CA,11000,406031,2,2011,2011-05-30T00:00:00Z,12,18,0,1,0.5,15,25,20,25,35,30,85,95,90,0,1,0.5,,,,88.75,96.75,93
CA,11000,406041,2,2011,2011-05-30T00:00:00Z,9,11.5,0,1,0.5,5,10,7.5,15,25,20,75,85,80,0,1,0.5,,,,78.75,88.75,84.00000000000001
CA,11000,406051,2,2011,2011-05-30T00:00:00Z,5,5.5,,,,1,3,2,25,35,30,95,100,97.5,0,1,0.5,,,,96.24999999999999,100,98.25
CA,11000,406511,2,2011,2011-08-12T00:00:00Z,13,18,0,1,0.5,5,10,7.5,0,1,0.5,95,100,97.5,0,1,0.5,,,,95,100,97.5125
CA,11000,406521,2,2011,2011-08-12T00:00:00Z,16,25,3,5,4,15,25,20,0,1,0.5,95,100,97.5,0,1,0.5,,,,95,100,97.5125
CA,11000,406531,2,2011,2011-08-12T00:00:00Z,16,23,1,3,2,15,25,20,0,1,0.5,85,95,90,0,1,0.5,,,,85,95.04999999999998,90.05000000000001
CA,11000,406541,2,2011,2011-08-12T00:00:00Z,14,13,0,1,0.5,5,10,7.5,0,1,0.5,95,100,97.5,0,1,0.5,,,,95,100,97.5125
CA,11000,406551,2,2011,2011-08-12T00:00:00Z,10,8,0,1,0.5,1,3,2,1,3,2,95,100,97.5,0,1,0.5,,,,95.04999999999998,100,97.55
CA,11000,407011,2,2011,2011-07-08T00:00:00Z,12,19.5,1,3,2,10,15,12.5,0,1,0.5,95,100,97.5,0,1,0.5,,,,95,100,97.5125
CA,11000,407021,2,2011,2011-07-08T00:00:00Z,4,3.5,0,1,0.5,1,3,2,25,35,30,95,100,97.5,0,1,0.5,,,,96.24999999999999,100,98.25
CA,11000,407031,2,2011,2011-07-08T00:00:00Z,7,5,0,1,0.5,5,10,7.5,10,15,12.5,85,95,90,0,1,0.5,,,,86.5,95.75,91.25
CA,11000,407041,2,2011,2011-07-08T00:00:00Z,10,10,0,1,0.5,5,10,7.5,1,3,2,95,100,97.5,0,1,0.5,,,,95.04999999999998,100,97.55
CA,11000,407051,2,2011,2011-07-08T00:00:00Z,12,10.5,1,3,2,3,5,4,0,1,0.5,95,100,97.5,0,1,0.5,,,,95,100,97.5125
CA,11000,407511,2,2011,2011-08-02T00:00:00Z,10,66,0,1,0.5,65,75,70,15,25,20,75,85,80,0,1,0.5,,,,78.75,88.75,84.00000000000001
CA,11000,407521,2,2011,2011-08-02T00:00:00Z,14,110,0,1,0.5,95,100,97.5,0,1,0.5,25,35,30,0,1,0.5,,,,25,35.650000000000006,30.349999999999998
CA,11000,407531,2,2011,2011-08-02T00:00:00Z,13,83,0,1,0.5,75,85,80,0,1,0.5,45,55,50,0,1,0.5,,,,44.99999999999999,55.45,50.24999999999999
CA,11000,407541,2,2011,2011-08-02T00:00:00Z,8,5.5,0,1,0.5,1,3,2,1,3,2,95,100,97.5,0,1,0.5,,,,95.04999999999998,100,97.55
CA,11000,407551,2,2011,2011-08-02T00:00:00Z,8,5.5,0,1,0.5,1,3,2,35,45,40,95,100,97.5,0,1,0.5,,,,96.75,100,98.5
CA,11000,408011,2,2011,2011-07-19T00:00:00Z,6,3,0,1,0.5,1,3,2,1,3,2,95,100,97.5,0,1,0.5,,,,95.04999999999998,100,97.55
CA,11000,408021,2,2011,2011-08-02T00:00:00Z,2,1,0,1,0.5,1,3,2,3,5,4,95,100,97.5,0,1,0.5,,,,95.15,100,97.6
CA,11000,408031,2,2011,2011-08-02T00:00:00Z,1,0.5,0,1,0.5,0,1,0.5,3,5,4,95,100,97.5,0,1,0.5,,,,95.15,100,97.6
CA,11000,408041,2,2011,2011-08-02T00:00:00Z,5,2.5,0,1,0.5,0,1,0.5,5,10,7.5,95,100,97.5,0,1,0.5,,,,95.24999999999999,100,97.6875
CA,11000,408051,2,2011,2011-08-02T00:00:00Z,8,4,0,1,0.5,0,1,0.5,25,35,30,95,100,97.5,0,1,0.5,,,,96.24999999999999,100,98.25
CA,21000,17,2,2019,2019-06-17T11:14:01Z,8,56.5,0,1,0.5,45,55,50,5,10,7.5,95,100,97.5,0,1,0.5,,,,95.24999999999999,100,97.6875
CA,21000,18,2,2019,2019-06-17T13:30:37Z,6,69.5,0,1,0.5,65,75,70,0,1,0.5,95,100,97.5,0,1,0.5,,,,95,100,97.5125
CA,21000,19,2,2019,2019-06-17T13:35:03Z,8,132.5,0,1,0.5,75,85,80,1,3,2,95,100,97.5,0,1,0.5,,,,95.04999999999998,100,97.55
CA,21000,20,2,2019,2019-06-19T10:43:47Z,10,133.5,0,1,0.5,85,95,90,5,10,7.5,95,100,97.5,0,1,0.5,,,,95.24999999999999,100,97.6875
CA,21000,21,2,2019,2019-06-19T13:09:00Z,11,124,0,1,0.5,65,75,70,15,25,20,95,100,97.5,0,1,0.5,,,,95.75,100,98
CA,21000,22,2,2019,2019-06-19T13:16:50Z,9,145.5,0,1,0.5,85,95,90,0,1,0.5,95,100,97.5,0,1,0.5,,,,95,100,97.5125
CA,21000,23,2,2019,2019-06-24T13:16:43Z,6,121.5,0,1,0.5,65,75,70,0,1,0.5,95,100,97.5,0,1,0.5,,,,95,100,97.5125
CA,21000,24,2,2019,2019-06-24T10:39:39Z,10,71,0,1,0.5,35,45,40,1,3,2,95,100,97.5,0,1,0.5,,,,95.04999999999998,100,97.55
CA,21000,25,2,2019,2019-06-24T00:00:00Z,11,145.5,0,1,0.5,75,85,80,0,1,0.5,95,100,97.5,0,1,0.5,,,,95,100,97.5125
CA,21000,26,2,2019,2019-06-26T10:27:24Z,12,136,0,1,0.5,95,100,97.5,15,25,20,95,100,97.5,0,1,0.5,,,,95.75,100,98
CA,21000,27,2,2019,2019-06-26T13:40:35Z,8,134,0,1,0.5,85,95,90,0,1,0.5,95,100,97.5,0,1,0.5,,,,95,100,97.5125
CA,21000,28,2,2019,2019-06-26T13:55:12Z,6,151.5,0,1,0.5,45,55,50,25,35,30,95,100,97.5,0,1,0.5,,,,96.24999999999999,100,98.25
CA,21000,29,2,2019,2019-06-27T11:15:43Z,14,150.5,0,1,0.5,45,55,50,5,10,7.5,95,100,97.5,0,1,0.5,,,,95.24999999999999,100,97.6875
CA,21000,30,2,2019,2019-06-27T13:54:52Z,17,182,0,1,0.5,85,95,90,0,1,0.5,0,1,0.5,0,1,0.5,,,,0,1.9900000000000029,0.9974999999999956
CA,21000,32,2,2019,2019-06-17T11:28:09Z,7,53.5,0,1,0.5,65,75,70,5,10,7.5,95,100,97.5,0,1,0.5,,,,95.24999999999999,100,97.6875
CA,21000,33,2,2019,2019-06-17T13:28:53Z,7,123.5,0,1,0.5,85,95,90,1,3,2,95,100,97.5,0,1,0.5,,,,95.04999999999998,100,97.55
CA,21000,34,2,2019,2019-06-17T13:51:33Z,9,113,0,1,0.5,65,75,70,0,1,0.5,95,100,97.5,0,1,0.5,,,,95,100,97.5125
CA,21000,35,2,2019,2019-06-19T13:04:30Z,10,103.5,0,1,0.5,75,85,80,0,1,0.5,95,100,97.5,0,1,0.5,,,,95,100,97.5125
CA,21000,36,2,2019,2019-06-19T13:04:24Z,6,131.5,0,1,0.5,95,100,97.5,5,10,7.5,95,100,97.5,0,1,0.5,,,,95.24999999999999,100,97.6875
CA,21000,37,2,2019,2019-06-19T13:20:19Z,6,131.5,0,1,0.5,95,100,97.5,3,5,4,95,100,97.5,0,1,0.5,,,,95.15,100,97.6
CA,21000,38,2,2019,2019-06-24T13:39:59Z,6,89,0,1,0.5,85,95,90,1,3,2,95,100,97.5,0,1,0.5,,,,95.04999999999998,100,97.55
CA,21000,39,2,2019,2019-06-24T10:46:37Z,7,69.5,0,1,0.5,25,35,30,95,100,97.5,95,100,97.5,0,1,0.5,,,,99.75,100,99.9375
CA,21000,40,2,2019,2019-06-24T10:50:09Z,13,123,0,1,0.5,85,95,90,0,1,0.5,85,95,90,0,1,0.5,,,,85,95.04999999999998,90.05000000000001
CA,21000,41,2,2019,2019-06-26T10:45:32Z,17,180.5,0,1,0.5,95,100,97.5,15,25,20,95,100,97.5,0,1,0.5,,,,95.75,100,98
CA,21000,42,2,2019,2019-06-26T13:29:40Z,14,192.5,0,1,0.5,95,100,97.5,15,25,20,95,100,97.5,0,1,0.5,,,,95.75,100,98
CA,21000,43,2,2019,2019-06-26T13:56:07Z,10,173.5,0,1,0.5,95,100,97.5,10,15,12.5,95,100,97.5,0,1,0.5,,,,95.5,100,97.8125
CA,21000,44,2,2019,2019-06-27T13:53:33Z,12,171,0,1,0.5,65,75,70,0,1,0.5,95,100,97.5,0,1,0.5,,,,95,100,97.5125
CA,21000,45,2,2019,2019-06-27T13:44:35Z,13,178,1,3,2,85,95,90,1,3,2,95,100,97.5,0,1,0.5,,,,95.04999999999998,100,97.55
CA,21000,47,2,2019,2019-06-17T11:43:27Z,7,91,0,1,0.5,75,85,80,0,1,0.5,95,100,97.5,0,1,0.5,,,,95,100,97.5125
CA,21000,48,2,2019,2019-06-17T13:10:37Z,6,119,0,1,0.5,75,85,80,3,5,4,95,100,97.5,0,1,0.5,,,,95.15,100,97.6
CA,21000,49,2,2019,2019-06-17T10:58:25Z,9,123,0,1,0.5,75,85,80,0,1,0.5,95,100,97.5,0,1,0.5,,,,95,100,97.5125
CA,21000,50,2,2019,2019-06-19T10:58:18Z,14,97,0,1,0.5,75,85,80,0,1,0.5,95,100,97.5,0,1,0.5,,,,95,100,97.5125
CA,21000,51,2,2019,2019-06-19T13:00:30Z,8,122.5,0,1,0.5,95,100,97.5,0,1,0.5,95,100,97.5,0,1,0.5,,,,95,100,97.5125
CA,21000,52,2,2019,2019-06-19T13:23:51Z,10,116,0,1,0.5,95,100,97.5,5,10,7.5,95,100,97.5,0,1,0.5,,,,95.24999999999999,100,97.6875
CA,21000,53,2,2019,2019-06-24T13:34:02Z,11,71.5,0,1,0.5,65,75,70,1,3,2,95,100,97.5,0,1,0.5,,,,95.04999999999998,100,97.55
CA,21000,54,2,2019,2019-06-24T10:51:03Z,9,85.5,0,1,0.5,35,45,40,0,1,0.5,95,100,97.5,0,1,0.5,,,,95,100,97.5125
CA,21000,55,2,2019,2019-06-24T12:47:06Z,13,146.5,0,1,0.5,95,100,97.5,3,5,4,95,100,97.5,0,1,0.5,,,,95.15,100,97.6
CA,21000,56,2,2019,2019-06-26T10:49:41Z,16,188.5,0,1,0.5,85,95,90,0,1,0.5,95,100,97.5,0,1,0.5,,,,95,100,97.5125
CA,21000,57,2,2019,2019-06-26T13:20:03Z,19,184,0,1,0.5,95,100,97.5,0,1,0.5,95,100,97.5,0,1,0.5,,,,95,100,97.5125
CA,21000,58,2,2019,2019-06-26T14:03:34Z,17,177.5,0,1,0.5,95,100,97.5,1,3,2,95,100,97.5,0,1,0.5,,,,95.04999999999998,100,97.55
CA,21000,59,2,2019,2019-06-27T00:00:00Z,11,156,0,1,0.5,75,85,80,0,1,0.5,95,100,97.5,0,1,0.5,,,,95,100,97.5125
CA,21000,60,2,2019,2019-06-27T13:35:23Z,14,190,0,1,0.5,75,85,80,3,5,4,95,100,97.5,0,1,0.5,,,,95.15,100,97.6
CA,21000,62,2,2019,2019-06-17T14:12:45Z,9,93.5,0,1,0.5,55,65,60,3,5,4,95,100,97.5,0,1,0.5,,,,95.15,100,97.6
CA,21000,63,2,2019,2019-06-17T13:02:56Z,11,138,0,1,0.5,85,95,90,3,5,4,95,100,97.5,0,1,0.5,,,,95.15,100,97.6
CA,21000,64,2,2019,2019-06-17T14:02:33Z,13,162,0,1,0.5,75,85,80,0,1,0.5,95,100,97.5,0,1,0.5,,,,95,100,97.5125
CA,21000,65,2,2019,2019-06-19T11:17:55Z,14,127.5,0,1,0.5,75,85,80,3,5,4,95,100,97.5,0,1,0.5,,,,95.15,100,97.6
CA,21000,66,2,2019,2019-06-19T12:46:42Z,11,125.5,0,1,0.5,85,95,90,3,5,4,95,100,97.5,0,1,0.5,,,,95.15,100,97.6
CA,21000,67,2,2019,2019-06-19T13:30:41Z,12,114.5,0,1,0.5,95,100,97.5,0,1,0.5,95,100,97.5,0,1,0.5,,,,95,100,97.5125
CA,21000,68,2,2019,2019-06-24T13:35:38Z,9,83,0,1,0.5,65,75,70,0,1,0.5,95,100,97.5,0,1,0.5,,,,95,100,97.5125
CA,21000,69,2,2019,2019-06-24T10:56:21Z,9,103,0,1,0.5,65,75,70,5,10,7.5,95,100,97.5,0,1,0.5,,,,95.24999999999999,100,97.6875
CA,21000,70,2,2019,2019-06-24T12:38:48Z,12,160.5,0,1,0.5,95,100,97.5,35,45,40,95,100,97.5,0,1,0.5,,,,96.75,100,98.5
CA,21000,71,2,2019,2019-06-26T11:00:16Z,16,153,0,1,0.5,95,100,97.5,0,1,0.5,95,100,97.5,0,1,0.5,,,,95,100,97.5125
CA,21000,72,2,2019,2019-06-26T13:08:15Z,17,194.5,0,1,0.5,95,100,97.5,1,3,2,95,100,97.5,0,1,0.5,,,,95.04999999999998,100,97.55
CA,21000,73,2,2019,2019-06-26T14:11:06Z,15,152.5,0,1,0.5,95,100,97.5,15,25,20,95,100,97.5,0,1,0.5,,,,95.75,100,98
CA,21000,74,2,2019,2019-06-27T11:45:40Z,13,110,0,1,0.5,65,75,70,5,10,7.5,95,100,97.5,0,1,0.5,,,,95.24999999999999,100,97.6875
CA,21000,75,2,2019,2019-06-27T13:30:45Z,11,118,0,1,0.5,65,75,70,1,3,2,95,100,97.5,0,1,0.5,,,,95.04999999999998,100,97.55
CA,21000,77,2,2019,2019-06-17T14:06:40Z,9,153.5,0,1,0.5,65,75,70,1,3,2,95,100,97.5,0,1,0.5,,,,95.04999999999998,100,97.55
CA,21000,78,2,2019,2019-06-17T12:54:02Z,10,165.5,0,1,0.5,85,95,90,3,5,4,95,100,97.5,0,1,0.5,,,,95.15,100,97.6
CA,21000,79,2,2019,2019-06-17T14:12:32Z,11,122.5,0,1,0.5,85,95,90,10,15,12.5,95,100,97.5,0,1,0.5,,,,95.5,100,97.8125
CA,21000,80,2,2019,2019-06-19T11:21:15Z,13,108.5,0,1,0.5,75,85,80,15,25,20,95,100,97.5,0,1,0.5,,,,95.75,100,98
CA,21000,81,2,2019,2019-06-19T12:39:24Z,8,85,0,1,0.5,75,85,80,0,1,0.5,95,100,97.5,0,1,0.5,,,,95,100,97.5125
CA,21000,82,2,2019,2019-06-19T13:50:05Z,11,73,1,3,2,55,65,60,0,1,0.5,95,100,97.5,0,1,0.5,,,,95,100,97.5125
CA,21000,83,2,2019,2019-06-24T13:39:48Z,8,102.5,0,1,0.5,75,85,80,1,3,2,95,100,97.5,0,1,0.5,,,,95.04999999999998,100,97.55
CA,21000,84,2,2019,2019-06-24T11:03:05Z,9,115.5,0,1,0.5,95,100,97.5,5,10,7.5,95,100,97.5,0,1,0.5,,,,95.24999999999999,100,97.6875
CA,21000,85,2,2019,2019-06-24T12:24:38Z,15,149.5,0,1,0.5,85,95,90,45,55,50,95,100,97.5,0,1,0.5,,,,97.24999999999999,100,98.75
CA,21000,86,2,2019,2019-06-26T11:15:29Z,15,134.5,1,3,2,95,100,97.5,0,1,0.5,85,95,90,0,1,0.5,,,,85,95.04999999999998,90.05000000000001
CA,21000,87,2,2019,2019-06-26T12:54:43Z,17,177.5,1,3,2,95,100,97.5,10,15,12.5,95,100,97.5,0,1,0.5,,,,95.5,100,97.8125
CA,21000,88,2,2019,2019-06-26T12:00:43Z,17,178,1,3,2,95,100,97.5,55,65,60,85,95,90,0,1,0.5,,,,93.25,98.25,96
CA,21000,89,2,2019,2019-06-27T11:50:14Z,18,137.5,0,1,0.5,55,65,60,15,25,20,95,100,97.5,0,1,0.5,,,,95.75,100,98
CA,21000,90,2,2019,2019-06-27T13:35:01Z,10,141.5,0,1,0.5,55,65,60,0,1,0.5,95,100,97.5,0,1,0.5,,,,95,100,97.5125
CA,21000,92,2,2019,2019-06-17T11:58:15Z,7,131,0,1,0.5,85,95,90,5,10,7.5,95,100,97.5,0,1,0.5,,,,95.24999999999999,100,97.6875
CA,21000,93,2,2019,2019-06-17T12:48:00Z,8,162.5,0,1,0.5,85,95,90,5,10,7.5,95,100,97.5,0,1,0.5,,,,95.24999999999999,100,97.6875
CA,21000,94,2,2019,2019-06-17T14:20:51Z,11,154,0,1,0.5,85,95,90,45,55,50,95,100,97.5,0,1,0.5,,,,97.24999999999999,100,98.75
CA,21000,95,2,2019,2019-06-19T14:06:14Z,16,124,1,3,2,85,95,90,10,15,12.5,95,100,97.5,0,1,0.5,,,,95.5,100,97.8125
CA,21000,96,2,2019,2019-06-19T12:37:17Z,14,125.5,0,1,0.5,95,100,97.5,10,15,12.5,95,100,97.5,0,1,0.5,,,,95.5,100,97.8125
CA,21000,97,2,2019,2019-06-19T13:40:11Z,9,133,0,1,0.5,95,100,97.5,15,25,20,95,100,97.5,0,1,0.5,,,,95.75,100,98
CA,21000,98,2,2019,2019-06-24T12:48:13Z,13,130,0,1,0.5,65,75,70,15,25,20,95,100,97.5,0,1,0.5,,,,95.75,100,98
CA,21000,99,2,2019,2019-06-24T11:11:44Z,15,174.5,0,1,0.5,85,95,90,15,25,20,85,95,90,0,1,0.5,,,,87.25,96.24999999999999,92
CA,21000,100,2,2019,2019-06-24T12:14:02Z,19,157.5,0,1,0.5,95,100,97.5,15,25,20,75,85,80,0,1,0.5,,,,78.75,88.75,84.00000000000001
CA,21000,101,2,2019,2019-06-26T11:30:04Z,17,137,0,1,0.5,95,100,97.5,3,5,4,85,95,90,0,1,0.5,,,,85.45,95.24999999999999,90.4
CA,21000,102,2,2019,2019-06-26T12:48:03Z,13,105,0,1,0.5,65,75,70,45,55,50,95,100,97.5,0,1,0.5,,,,97.24999999999999,100,98.75
CA,21000,103,2,2019,2019-06-26T14:36:53Z,16,166,0,1,0.5,85,95,90,5,10,7.5,85,95,90,0,1,0.5,,,,85.75,95.5,90.75
CA,21000,104,2,2019,2019-06-27T13:13:32Z,17,155.5,0,1,0.5,85,95,90,15,25,20,95,100,97.5,0,1,0.5,,,,95.75,100,98
CA,21000,105,2,2019,2019-06-27T13:13:23Z,13,83,0,1,0.5,15,25,20,0,1,0.5,95,100,97.5,0,1,0.5,,,,95,100,97.5125
CA,21000,107,2,2019,2019-06-17T12:07:32Z,6,101.5,0,1,0.5,85,95,90,1,3,2,95,100,97.5,0,1,0.5,,,,95.04999999999998,100,97.55
CA,21000,108,2,2019,2019-06-17T12:42:16Z,9,112,0,1,0.5,95,100,97.5,5,10,7.5,85,95,90,0,1,0.5,,,,85.75,95.5,90.75
CA,21000,109,2,2019,2019-06-17T14:33:57Z,13,149,0,1,0.5,85,95,90,15,25,20,85,95,90,0,1,0.5,,,,87.25,96.24999999999999,92
CA,21000,110,2,2019,2019-06-19T11:44:08Z,14,98,0,1,0.5,85,95,90,5,10,7.5,95,100,97.5,0,1,0.5,,,,95.24999999999999,100,97.6875
CA,21000,111,2,2019,2019-06-19T12:18:54Z,14,117,0,1,0.5,85,95,90,10,15,12.5,95,100,97.5,0,1,0.5,,,,95.5,100,97.8125
CA,21000,112,2,2019,2019-06-19T14:06:09Z,11,102,0,1,0.5,65,75,70,15,25,20,95,100,97.5,0,1,0.5,,,,95.75,100,98
CA,21000,113,2,2019,2019-06-24T14:46:02Z,15,129.5,1,3,2,75,85,80,35,45,40,95,100,97.5,0,1,0.5,,,,96.75,100,98.5
CA,21000,114,2,2019,2019-06-24T11:36:28Z,18,163.5,0,1,0.5,85,95,90,15,25,20,85,95,90,0,1,0.5,,,,87.25,96.24999999999999,92
CA,21000,115,2,2019,2019-06-24T12:24:44Z,15,111.5,0,1,0.5,75,85,80,15,25,20,35,45,40,0,1,0.5,,,,44.75,58.74999999999999,52
CA,21000,116,2,2019,2019-06-26T12:15:26Z,14,53.5,0,1,0.5,15,25,20,5,10,7.5,55,65,60,0,1,0.5,,,,57.25,68.5,62.999999999999986
CA,21000,117,2,2019,2019-06-26T12:23:42Z,13,135,0,1,0.5,75,85,80,45,55,50,95,100,97.5,0,1,0.5,,,,97.24999999999999,100,98.75
CA,21000,118,2,2019,2019-06-26T14:45:54Z,10,129.5,0,1,0.5,95,100,97.5,5,10,7.5,95,100,97.5,0,1,0.5,,,,95.24999999999999,100,97.6875
CA,21000,119,2,2019,2019-06-27T12:58:13Z,12,75,0,1,0.5,45,55,50,0,1,0.5,95,100,97.5,0,1,0.5,,,,95,100,97.5125
CA,21000,120,2,2019,2019-06-27T13:07:41Z,11,93.5,0,1,0.5,5,10,7.5,1,3,2,95,100,97.5,0,1,0.5,,,,95.04999999999998,100,97.55
CA,31000,1,2,2012,2012-05-24T00:00:00Z,15,97.5,0,1,0.5,95,100,97.5,95,100,97.5,55,65,60,0,1,0.5,,,,97.75,100,99
CA,31000,2,2,2012,2012-05-24T00:00:00Z,18,107.5,0,1,0.5,95,100,97.5,95,100,97.5,25,35,30,0,1,0.5,,,,96.24999999999999,100,98.25
CA,31000,3,2,2012,2012-05-24T00:00:00Z,12,84.5,0,1,0.5,85,95,90,55,65,60,75,85,80,0,1,0.5,,,,88.75,94.75,92
CA,31000,4,2,2012,2012-05-24T00:00:00Z,17,98.5,0,1,0.5,75,85,80,65,75,70,75,85,80,0,1,0.5,,,,91.25,96.25,94
CA,31000,5,2,2012,2012-05-24T00:00:00Z,13,90.5,0,1,0.5,75,85,80,95,100,97.5,15,25,20,0,1,0.5,,,,95.75,100,98
CA,31000,6,2,2012,2012-05-24T00:00:00Z,7,70,0,1,0.5,55,65,60,85,95,90,0,1,0.5,0,1,0.5,,,,85,95.04999999999998,90.05000000000001
CA,31000,7,2,2012,2012-05-24T00:00:00Z,7,91,3,5,4,75,85,80,85,95,90,0,1,0.5,0,1,0.5,,,,85,95.04999999999998,90.05000000000001
CA,31000,8,2,2012,2012-05-24T00:00:00Z,10,106,0,1,0.5,95,100,97.5,65,75,70,0,1,0.5,0,1,0.5,,,,65,75.25,70.15
CA,31000,9,2,2012,2012-05-30T00:00:00Z,12,112,0,1,0.5,85,95,90,75,85,80,0,1,0.5,0,1,0.5,,,,75,85.14999999999999,80.10000000000001
CA,31000,10,2,2012,2012-05-24T00:00:00Z,10,100.5,0,1,0.5,85,95,90,95,100,97.5,0,1,0.5,0,1,0.5,,,,95,100,97.5125
CA,31000,11,2,2012,2012-05-25T00:00:00Z,19,77,0,1,0.5,75,85,80,95,100,97.5,10,15,12.5,0,1,0.5,,,,95.5,100,97.8125
CA,31000,12,2,2012,2012-05-25T00:00:00Z,17,74,0,1,0.5,65,75,70,95,100,97.5,0,1,0.5,0,1,0.5,,,,95,100,97.5125
CA,31000,13,2,2012,2012-05-25T00:00:00Z,10,73.5,0,1,0.5,65,75,70,85,95,90,5,10,7.5,0,1,0.5,,,,85.75,95.5,90.75
CA,31000,14,2,2012,2012-05-24T00:00:00Z,10,103,0,1,0.5,85,95,90,85,95,90,15,25,20,0,1,0.5,,,,87.25,96.24999999999999,92
CA,31000,15,2,2012,2012-05-24T00:00:00Z,13,56,0,1,0.5,55,65,60,95,100,97.5,0,1,0.5,0,1,0.5,,,,95,100,97.5125
CA,31000,16,2,2012,2012-05-24T00:00:00Z,5,70.5,0,1,0.5,65,75,70,75,85,80,0,1,0.5,0,1,0.5,,,,75,85.14999999999999,80.10000000000001
CA,31000,17,2,2012,2012-05-24T00:00:00Z,7,97,3,5,4,85,95,90,75,85,80,0,1,0.5,0,1,0.5,,,,75,85.14999999999999,80.10000000000001
CA,31000,18,2,2012,2012-05-24T00:00:00Z,12,103.5,3,5,4,95,100,97.5,45,55,50,0,1,0.5,0,1,0.5,,,,44.99999999999999,55.45,50.24999999999999
CA,31000,19,2,2012,2012-05-24T00:00:00Z,19,111,0,1,0.5,95,100,97.5,65,75,70,0,1,0.5,0,1,0.5,,,,65,75.25,70.15
CA,31000,20,2,2012,2012-05-24T00:00:00Z,10,100,0,1,0.5,95,100,97.5,25,35,30,0,1,0.5,0,1,0.5,,,,25,35.650000000000006,30.349999999999998
CA,31000,21,2,2012,2012-05-25T00:00:00Z,20,103,0,1,0.5,85,95,90,95,100,97.5,0,1,0.5,0,1,0.5,,,,95,100,97.5125
CA,31000,22,2,2012,2012-05-25T00:00:00Z,18,63,0,1,0.5,55,65,60,85,95,90,0,1,0.5,0,1,0.5,,,,85,95.04999999999998,90.05000000000001
CA,31000,23,2,2012,2012-05-25T00:00:00Z,9,27,0,1,0.5,35,45,40,85,95,90,0,1,0.5,0,1,0.5,,,,85,95.04999999999998,90.05000000000001
CA,31000,24,2,2012,2012-05-25T00:00:00Z,18,66.5,0,1,0.5,65,75,70,75,85,80,0,1,0.5,0,1,0.5,,,,75,85.14999999999999,80.10000000000001
CA,31000,25,2,2012,2012-05-25T00:00:00Z,17,77.5,0,1,0.5,65,75,70,95,100,97.5,0,1,0.5,0,1,0.5,,,,95,100,97.5125
CA,31000,26,2,2012,2012-05-25T00:00:00Z,10,76,0,1,0.5,65,75,70,75,85,80,0,1,0.5,0,1,0.5,,,,75,85.14999999999999,80.10000000000001
CA,31000,27,2,2012,2012-05-25T00:00:00Z,11,87.5,0,1,0.5,75,85,80,85,95,90,0,1,0.5,0,1,0.5,,,,85,95.04999999999998,90.05000000000001
CA,31000,28,2,2012,2012-05-25T00:00:00Z,8,107,0,1,0.5,95,100,97.5,35,45,40,0,1,0.5,0,1,0.5,,,,35,45.550000000000004,40.300000000000004
CA,31000,29,2,2012,2012-05-25T00:00:00Z,9,89,0,1,0.5,75,85,80,65,75,70,0,1,0.5,0,1,0.5,,,,65,75.25,70.15
CA,31000,30,2,2012,2012-05-25T00:00:00Z,17,61.5,0,1,0.5,55,65,60,75,85,80,0,1,0.5,0,1,0.5,,,,75,85.14999999999999,80.10000000000001
CA,31000,31,2,2012,2012-05-22T00:00:00Z,21,42,0,1,0.5,45,55,50,85,95,90,0,1,0.5,0,1,0.5,,,,85,95.04999999999998,90.05000000000001
CA,31000,32,2,2012,2012-05-22T00:00:00Z,23,48,0,1,0.5,45,55,50,95,100,97.5,0,1,0.5,0,1,0.5,,,,95,100,97.5125
CA,31000,33,2,2012,2012-05-22T00:00:00Z,16,30.5,1,3,2,25,35,30,95,100,97.5,0,1,0.5,0,1,0.5,,,,95,100,97.5125
CA,31000,34,2,2012,2012-05-22T00:00:00Z,15,76.5,1,3,2,55,65,60,95,100,97.5,0,1,0.5,0,1,0.5,,,,95,100,97.5125
CA,31000,35,2,2012,2012-05-22T00:00:00Z,23,95,0,1,0.5,85,95,90,85,95,90,0,1,0.5,0,1,0.5,,,,85,95.04999999999998,90.05000000000001
CA,31000,36,2,2012,2012-05-22T00:00:00Z,17,85,0,1,0.5,75,85,80,75,85,80,0,1,0.5,0,1,0.5,,,,75,85.14999999999999,80.10000000000001
CA,31000,37,2,2012,2012-05-22T00:00:00Z,9,103.5,0,1,0.5,95,100,97.5,45,55,50,0,1,0.5,0,1,0.5,,,,44.99999999999999,55.45,50.24999999999999
CA,31000,38,2,2012,2012-05-22T00:00:00Z,13,93,1,3,2,85,95,90,65,75,70,0,1,0.5,0,1,0.5,,,,65,75.25,70.15
CA,31000,39,2,2012,2012-05-22T00:00:00Z,16,105,1,3,2,85,95,90,15,25,20,0,1,0.5,0,1,0.5,,,,15.000000000000002,25.750000000000007,20.399999999999995
CA,31000,40,2,2012,2012-05-22T00:00:00Z,18,90.5,3,5,4,85,95,90,45,55,50,0,1,0.5,0,1,0.5,,,,44.99999999999999,55.45,50.24999999999999
CA,31000,41,2,2012,2012-05-29T00:00:00Z,22,100,0,1,0.5,75,85,80,55,65,60,0,1,0.5,0,1,0.5,,,,55.00000000000001,65.35,60.199999999999996
CA,31000,42,2,2012,2012-05-29T00:00:00Z,23,64,0,1,0.5,65,75,70,95,100,97.5,0,1,0.5,0,1,0.5,,,,95,100,97.5125
CA,31000,43,2,2012,2012-05-29T00:00:00Z,14,47,0,1,0.5,45,55,50,95,100,97.5,0,1,0.5,0,1,0.5,,,,95,100,97.5125
CA,31000,44,2,2012,2012-05-29T00:00:00Z,21,69.5,3,5,4,65,75,70,85,95,90,0,1,0.5,0,1,0.5,,,,85,95.04999999999998,90.05000000000001
CA,31000,45,2,2012,2012-05-29T00:00:00Z,20,94.5,1,3,2,75,85,80,95,100,97.5,0,1,0.5,0,1,0.5,,,,95,100,97.5125
CA,31000,46,2,2012,2012-05-29T00:00:00Z,17,94.5,10,15,12.5,75,85,80,95,100,97.5,0,1,0.5,0,1,0.5,,,,95,100,97.5125
CA,31000,47,2,2012,2012-05-29T00:00:00Z,9,113.5,5,10,7.5,95,100,97.5,75,85,80,0,1,0.5,0,1,0.5,,,,75,85.14999999999999,80.10000000000001
CA,31000,48,2,2012,2012-05-29T00:00:00Z,9,113,10,15,12.5,95,100,97.5,85,95,90,0,1,0.5,0,1,0.5,,,,85,95.04999999999998,90.05000000000001
CA,31000,49,2,2012,2012-05-29T00:00:00Z,13,107.5,25,35,30,85,95,90,85,95,90,0,1,0.5,0,1,0.5,,,,85,95.04999999999998,90.05000000000001
CA,31000,50,2,2012,2012-05-29T00:00:00Z,18,84,45,55,50,75,85,80,85,95,90,0,1,0.5,0,1,0.5,,,,85,95.04999999999998,90.05000000000001
CA,41000,1,2,2012,2012-05-25T00:00:00Z,10,48.5,0,1,0.5,35,45,40,15,25,20,75,85,80,0,1,0.5,,,,78.75,88.75,84.00000000000001
CA,41000,2,2,2012,2012-05-30T00:00:00Z,12,13,0,1,0.5,10,15,12.5,25,35,30,85,95,90,0,1,0.5,,,,88.75,96.75,93
CA,41000,3,2,2012,2012-05-25T00:00:00Z,11,56,0,1,0.5,45,55,50,15,25,20,85,95,90,0,1,0.5,,,,87.25,96.24999999999999,92
CA,41000,4,2,2012,2012-05-30T00:00:00Z,5,6,0,1,0.5,3,5,4,35,45,40,85,95,90,0,1,0.5,,,,90.25,97.24999999999999,94
CA,41000,5,2,2012,2012-05-30T00:00:00Z,11,57.5,0,1,0.5,25,35,30,25,35,30,85,95,90,0,1,0.5,,,,88.75,96.75,93
CA,41000,6,2,2012,2012-05-25T00:00:00Z,8,36.5,0,1,0.5,25,35,30,65,75,70,75,85,80,0,1,0.5,,,,91.25,96.25,94
CA,41000,7,2,2012,2012-06-14T00:00:00Z,5,6,0,1,0.5,5,10,7.5,75,85,80,65,75,70,0,1,0.5,,,,91.25,96.25,94
CA,41000,8,2,2012,2012-05-30T00:00:00Z,5,6,0,1,0.5,3,5,4,35,45,40,85,95,90,0,1,0.5,,,,90.25,97.24999999999999,94
CA,41000,9,2,2012,2012-05-30T00:00:00Z,11,31,0,1,0.5,15,25,20,75,85,80,75,85,80,0,1,0.5,,,,93.75,97.75,96
CA,41000,10,2,2012,2012-05-25T00:00:00Z,8,36.5,0,1,0.5,25,35,30,10,15,12.5,85,95,90,0,1,0.5,,,,86.5,95.75,91.25
CA,41000,11,2,2012,2012-06-14T00:00:00Z,8,15.5,0,1,0.5,10,15,12.5,85,95,90,75,85,80,0,1,0.5,,,,96.25,99.25,98
CA,41000,12,2,2012,2012-06-14T00:00:00Z,9,16.5,0,1,0.5,10,15,12.5,35,45,40,85,95,90,0,1,0.5,,,,90.25,97.24999999999999,94
CA,41000,13,2,2012,2012-05-30T00:00:00Z,7,12,0,1,0.5,5,10,7.5,35,45,40,85,95,90,0,1,0.5,,,,90.25,97.24999999999999,94
CA,41000,14,2,2012,2012-05-30T00:00:00Z,7,7,0,1,0.5,3,5,4,10,15,12.5,85,95,90,0,1,0.5,,,,86.5,95.75,91.25
CA,41000,15,2,2012,2012-05-25T00:00:00Z,7,3.5,0,1,0.5,1,3,2,3,5,4,85,95,90,0,1,0.5,,,,85.45,95.24999999999999,90.4
CA,41000,16,2,2012,2012-06-21T00:00:00Z,5,16.5,1,3,2,15,25,20,35,45,40,85,95,90,0,1,0.5,,,,90.25,97.24999999999999,94
CA,41000,17,2,2012,2012-06-14T00:00:00Z,6,18,0,1,0.5,15,25,20,75,85,80,55,65,60,0,1,0.5,,,,88.75,94.75,92
CA,41000,18,2,2012,2012-06-14T00:00:00Z,7,12,0,1,0.5,5,10,7.5,55,65,60,85,95,90,0,1,0.5,,,,93.25,98.25,96
CA,41000,19,2,2012,2012-05-30T00:00:00Z,8,9,0,1,0.5,3,5,4,1,3,2,85,95,90,0,1,0.5,,,,85.14999999999999,95.15,90.2
CA,41000,20,2,2012,2012-05-30T00:00:00Z,6,6.5,0,1,0.5,3,5,4,0,1,0.5,95,100,97.5,0,1,0.5,,,,95,100,97.5125
CA,41000,21,2,2012,2012-05-25T00:00:00Z,7,6.5,0,1,0.5,1,3,2,45,55,50,85,95,90,0,1,0.5,,,,91.75,97.75,95
CA,41000,22,2,2012,2012-06-21T00:00:00Z,3,1.5,0,1,0.5,0,1,0.5,1,3,2,95,100,97.5,0,1,0.5,,,,95.04999999999998,100,97.55
CA,41000,23,2,2012,2012-06-21T00:00:00Z,7,22,0,1,0.5,15,25,20,5,10,7.5,85,95,90,0,1,0.5,,,,85.75,95.5,90.75
CA,41000,24,2,2012,2012-06-14T00:00:00Z,12,48.5,0,1,0.5,35,45,40,45,55,50,65,75,70,0,1,0.5,,,,80.75,88.75,85
CA,41000,25,2,2012,2012-06-14T00:00:00Z,12,18,0,1,0.5,10,15,12.5,15,25,20,85,95,90,0,1,0.5,,,,87.25,96.24999999999999,92
CA,41000,26,2,2012,2012-05-30T00:00:00Z,4,9,0,1,0.5,5,10,7.5,1,3,2,95,100,97.5,0,1,0.5,,,,95.04999999999998,100,97.55
CA,41000,27,2,2012,2012-05-30T00:00:00Z,8,12.5,0,1,0.5,5,10,7.5,3,5,4,95,100,97.5,0,1,0.5,,,,95.15,100,97.6
CA,41000,28,2,2012,2012-05-25T00:00:00Z,9,4.5,0,1,0.5,1,3,2,25,35,30,75,85,80,0,1,0.5,,,,81.25,90.25,86.00000000000001
CA,41000,29,2,2012,2012-06-21T00:00:00Z,2,1,0,1,0.5,0,1,0.5,1,3,2,95,100,97.5,0,1,0.5,,,,95.04999999999998,100,97.55
CA,41000,30,2,2012,2012-06-21T00:00:00Z,10,31.5,0,1,0.5,25,35,30,25,35,30,75,85,80,0,1,0.5,,,,81.25,90.25,86.00000000000001
CA,41000,31,2,2012,2012-06-14T00:00:00Z,8,46.5,0,1,0.5,35,45,40,65,75,70,75,85,80,0,1,0.5,,,,91.25,96.25,94
CA,41000,32,2,2012,2012-06-14T00:00:00Z,7,10.5,0,1,0.5,5,10,7.5,1,3,2,85,95,90,0,1,0.5,,,,85.14999999999999,95.15,90.2
CA,41000,33,2,2012,2012-05-30T00:00:00Z,7,10.5,0,1,0.5,5,10,7.5,0,1,0.5,95,100,97.5,0,1,0.5,,,,95,100,97.5125
CA,41000,34,2,2012,2012-05-30T00:00:00Z,13,21.5,0,1,0.5,15,25,20,3,5,4,65,75,70,0,1,0.5,,,,66.05000000000001,76.25,71.2
CA,41000,35,2,2012,2012-05-25T00:00:00Z,14,11.5,1,3,2,3,5,4,25,35,30,35,45,40,0,1,0.5,,,,51.24999999999999,64.25,58.00000000000001
CA,41000,36,2,2012,2012-06-21T00:00:00Z,4,5.5,0,1,0.5,3,5,4,0,1,0.5,95,100,97.5,0,1,0.5,,,,95,100,97.5125
CA,41000,37,2,2012,2012-06-21T00:00:00Z,9,69,0,1,0.5,65,75,70,3,5,4,85,95,90,0,1,0.5,,,,85.45,95.24999999999999,90.4
CA,41000,38,2,2012,2012-06-14T00:00:00Z,10,32.5,0,1,0.5,35,45,40,10,15,12.5,75,85,80,0,1,0.5,,,,77.5,87.25,82.5
CA,41000,39,2,2012,2012-06-01T00:00:00Z,6,15,0,1,0.5,15,25,20,0,1,0.5,85,95,90,0,1,0.5,,,,85,95.04999999999998,90.05000000000001
CA,41000,40,2,2012,2012-05-30T00:00:00Z,11,21,0,1,0.5,10,15,12.5,5,10,7.5,65,75,70,0,1,0.5,,,,66.75,77.5,72.24999999999999
CA,41000,41,2,2012,2012-05-25T00:00:00Z,11,17,0,1,0.5,10,15,12.5,1,3,2,65,75,70,0,1,0.5,,,,65.35,75.75,70.6
CA,41000,42,2,2012,2012-05-25T00:00:00Z,5,2.5,0,1,0.5,1,3,2,25,35,30,85,95,90,0,1,0.5,,,,88.75,96.75,93
CA,41000,43,2,2012,2012-06-21T00:00:00Z,6,8,0,1,0.5,3,5,4,0,1,0.5,95,100,97.5,0,1,0.5,,,,95,100,97.5125
CA,41000,44,2,2012,2012-06-21T00:00:00Z,8,38.5,0,1,0.5,25,35,30,1,3,2,75,85,80,0,1,0.5,,,,75.25,85.45,80.4
CA,41000,45,2,2012,2012-06-14T00:00:00Z,5,14.5,0,1,0.5,10,15,12.5,15,25,20,75,85,80,0,1,0.5,,,,78.75,88.75,84.00000000000001
CA,41000,46,2,2012,2012-06-01T00:00:00Z,11,16,1,3,2,10,15,12.5,10,15,12.5,85,95,90,0,1,0.5,,,,86.5,95.75,91.25
CA,41000,47,2,2012,2012-05-30T00:00:00Z,9,9,0,1,0.5,5,10,7.5,1,3,2,95,100,97.5,0,1,0.5,,,,95.04999999999998,100,97.55
CA,41000,48,2,2012,2012-05-25T00:00:00Z,6,3,0,1,0.5,1,3,2,5,10,7.5,85,95,90,0,1,0.5,,,,85.75,95.5,90.75
CA,41000,49,2,2012,2012-05-25T00:00:00Z,5,2.5,0,1,0.5,1,3,2,3,5,4,95,100,97.5,0,1,0.5,,,,95.15,100,97.6
CA,41000,50,2,2012,2012-06-21T00:00:00Z,5,4,0,1,0.5,1,3,2,0,1,0.5,95,100,97.5,0,1,0.5,,,,95,100,97.5125
CA,41000,51,2,2012,2012-06-21T00:00:00Z,5,4,0,1,0.5,1,3,2,5,10,7.5,95,100,97.5,0,1,0.5,,,,95.24999999999999,100,97.6875
CA,41000,52,2,2012,2012-06-14T00:00:00Z,11,21,1,3,2,15,25,20,25,35,30,85,95,90,0,1,0.5,,,,88.75,96.75,93
CA,41000,53,2,2012,2012-06-01T00:00:00Z,6,4.5,0,1,0.5,1,3,2,10,15,12.5,85,95,90,0,1,0.5,,,,86.5,95.75,91.25
CA,41000,54,2,2012,2012-05-30T00:00:00Z,10,6.5,1,3,2,1,3,2,0,1,0.5,75,85,80,0,1,0.5,,,,75,85.14999999999999,80.10000000000001
CA,41000,55,2,2012,2012-05-25T00:00:00Z,5,7,0,1,0.5,3,5,4,0,1,0.5,95,100,97.5,0,1,0.5,,,,95,100,97.5125
CA,41000,56,2,2012,2012-05-25T00:00:00Z,7,3.5,0,1,0.5,0,1,0.5,5,10,7.5,85,95,90,0,1,0.5,,,,85.75,95.5,90.75
CA,41000,57,2,2012,2012-06-21T00:00:00Z,4,3.5,0,1,0.5,1,3,2,0,1,0.5,95,100,97.5,0,1,0.5,,,,95,100,97.5125
CA,41000,58,2,2012,2012-06-21T00:00:00Z,13,16.5,0,1,0.5,5,10,7.5,1,3,2,95,100,97.5,0,1,0.5,,,,95.04999999999998,100,97.55
CA,41000,59,2,2012,2012-06-14T00:00:00Z,8,12.5,0,1,0.5,5,10,7.5,5,10,7.5,85,95,90,0,1,0.5,,,,85.75,95.5,90.75
CA,41000,60,2,2012,2012-06-01T00:00:00Z,7,5,1,3,2,1,3,2,1,3,2,95,100,97.5,0,1,0.5,,,,95.04999999999998,100,97.55
CA,41000,61,2,2012,2012-05-30T00:00:00Z,9,11,0,1,0.5,5,10,7.5,1,3,2,95,100,97.5,0,1,0.5,,,,95.04999999999998,100,97.55
CA,41000,62,2,2012,2012-05-25T00:00:00Z,7,12,0,1,0.5,5,10,7.5,5,10,7.5,75,85,80,0,1,0.5,,,,76.25,86.5,81.5
CA,41000,63,2,2012,2012-05-25T00:00:00Z,11,8.5,0,1,0.5,3,5,4,35,45,40,85,95,90,0,1,0.5,,,,90.25,97.24999999999999,94
CA,41000,64,2,2012,2012-06-21T00:00:00Z,5,2.5,0,1,0.5,0,1,0.5,0,1,0.5,95,100,97.5,0,1,0.5,,,,95,100,97.5125
CA,41000,65,2,2012,2012-06-21T00:00:00Z,10,6.5,0,1,0.5,1,3,2,3,5,4,95,100,97.5,0,1,0.5,,,,95.15,100,97.6
CA,41000,66,2,2012,2012-06-14T00:00:00Z,4,5.5,0,1,0.5,3,5,4,0,1,0.5,95,100,97.5,0,1,0.5,,,,95,100,97.5125
CA,41000,67,2,2012,2012-06-01T00:00:00Z,10,16.5,1,3,2,10,15,12.5,5,10,7.5,85,95,90,0,1,0.5,,,,85.75,95.5,90.75
CA,41000,68,2,2012,2012-05-30T00:00:00Z,9,19.5,0,1,0.5,15,25,20,55,65,60,75,85,80,0,1,0.5,,,,88.75,94.75,92
CA,41000,69,2,2012,2012-05-25T00:00:00Z,8,5.5,0,1,0.5,1,3,2,55,65,60,85,95,90,0,1,0.5,,,,93.25,98.25,96
CA,41000,70,2,2012,2012-05-25T00:00:00Z,10,20,0,1,0.5,15,25,20,35,45,40,75,85,80,0,1,0.5,,,,83.75,91.75,88
CA,41000,71,2,2012,2012-06-21T00:00:00Z,6,3,0,1,0.5,0,1,0.5,0,1,0.5,95,100,97.5,0,1,0.5,,,,95,100,97.5125
CA,41000,72,2,2012,2012-06-21T00:00:00Z,7,17.5,0,1,0.5,15,25,20,1,3,2,95,100,97.5,0,1,0.5,,,,95.04999999999998,100,97.55
CA,41000,73,2,2012,2012-06-14T00:00:00Z,9,27,1,3,2,25,35,30,85,95,90,45,55,50,0,1,0.5,,,,91.75,97.75,95
CA,41000,74,2,2012,2012-06-01T00:00:00Z,8,12.5,0,1,0.5,5,10,7.5,55,65,60,75,85,80,0,1,0.5,,,,88.75,94.75,92
CA,41000,75,2,2012,2012-06-01T00:00:00Z,9,9,0,1,0.5,5,10,7.5,15,25,20,35,45,40,0,1,0.5,,,,44.75,58.74999999999999,52
CA,41000,76,2,2012,2012-05-25T00:00:00Z,5,2.5,0,1,0.5,0,1,0.5,65,75,70,75,85,80,0,1,0.5,,,,91.25,96.25,94
CA,41000,77,2,2012,2012-05-25T00:00:00Z,5,2.5,0,1,0.5,1,3,2,5,10,7.5,85,95,90,0,1,0.5,,,,85.75,95.5,90.75
CA,41000,78,2,2012,2012-06-21T00:00:00Z,5,2.5,0,1,0.5,0,1,0.5,10,15,12.5,95,100,97.5,0,1,0.5,,,,95.5,100,97.8125
CA,41000,79,2,2012,2012-06-21T00:00:00Z,9,18,0,1,0.5,10,15,12.5,35,45,40,95,100,97.5,0,1,0.5,,,,96.75,100,98.5
CA,41000,80,2,2012,2012-06-14T00:00:00Z,11,18.5,0,1,0.5,10,15,12.5,85,95,90,75,85,80,0,1,0.5,,,,96.25,99.25,98
CA,41000,81,2,2012,2012-06-01T00:00:00Z,6,10,0,1,0.5,5,10,7.5,75,85,80,75,85,80,0,1,0.5,,,,93.75,97.75,96
CA,41000,82,2,2012,2012-06-01T00:00:00Z,7,3.5,0,1,0.5,1,3,2,75,85,80,75,85,80,0,1,0.5,,,,93.75,97.75,96
CA,41000,83,2,2012,2012-05-25T00:00:00Z,9,4.5,0,1,0.5,0,1,0.5,10,15,12.5,85,95,90,0,1,0.5,,,,86.5,95.75,91.25
CA,41000,84,2,2012,2012-06-21T00:00:00Z,8,7.5,0,1,0.5,3,5,4,3,5,4,85,95,90,0,1,0.5,,,,85.45,95.24999999999999,90.4
CA,41000,85,2,2012,2012-06-21T00:00:00Z,14,71,0,1,0.5,55,65,60,5,10,7.5,85,95,90,0,1,0.5,,,,85.75,95.5,90.75
CA,41000,86,2,2012,2012-06-14T00:00:00Z,9,13,0,1,0.5,10,15,12.5,85,95,90,75,85,80,0,1,0.5,,,,96.25,99.25,98
CA,41000,87,2,2012,2012-06-01T00:00:00Z,5,6,0,1,0.5,3,5,4,55,65,60,85,95,90,0,1,0.5,,,,93.25,98.25,96
CA,41000,88,2,2012,2012-06-01T00:00:00Z,7,5,0,1,0.5,1,3,2,25,35,30,85,95,90,0,1,0.5,,,,88.75,96.75,93
CA,41000,89,2,2012,2012-06-21T00:00:00Z,10,20.5,1,3,2,15,25,20,15,25,20,85,95,90,0,1,0.5,,,,87.25,96.24999999999999,92
CA,41000,90,2,2012,2012-06-21T00:00:00Z,13,21.5,1,3,2,15,25,20,15,25,20,75,85,80,0,1,0.5,,,,78.75,88.75,84.00000000000001
CA,41000,91,2,2012,2012-06-14T00:00:00Z,7,10.5,0,1,0.5,5,10,7.5,85,95,90,85,95,90,0,1,0.5,,,,97.75,99.75,99
CA,41000,92,2,2012,2012-06-01T00:00:00Z,5,4,0,1,0.5,1,3,2,1,3,2,95,100,97.5,0,1,0.5,,,,95.04999999999998,100,97.55
CA,41000,93,2,2012,2012-06-21T00:00:00Z,9,42,0,1,0.5,35,45,40,5,10,7.5,75,85,80,0,1,0.5,,,,76.25,86.5,81.5
CA,41000,94,2,2012,2012-06-21T00:00:00Z,11,14,0,1,0.5,5,10,7.5,85,95,90,85,95,90,0,1,0.5,,,,97.75,99.75,99
CA,41000,95,2,2012,2012-06-14T00:00:00Z,7,5,0,1,0.5,3,5,4,85,95,90,75,85,80,0,1,0.5,,,,96.25,99.25,98
CA,41000,96,2,2012,2012-06-21T00:00:00Z,8,13.5,0,1,0.5,10,15,12.5,15,25,20,85,95,90,0,1,0.5,,,,87.25,96.24999999999999,92
CA,41000,97,2,2012,2012-06-21T00:00:00Z,11,15.5,0,1,0.5,5,10,7.5,75,85,80,75,85,80,0,1,0.5,,,,93.75,97.75,96
CA,41000,98,2,2012,2012-06-21T00:00:00Z,9,12,0,1,0.5,5,10,7.5,25,35,30,85,95,90,0,1,0.5,,,,88.75,96.75,93
CA,43000,1,2,2012,2012-05-15T00:00:00Z,10,36.5,0,1,0.5,25,35,30,25,35,30,85,95,90,0,1,0.5,,,,88.75,96.75,93
CA,43000,2,2,2012,2012-05-14T00:00:00Z,16,64,0,1,0.5,45,55,50,15,25,20,85,95,90,0,1,0.5,,,,87.25,96.24999999999999,92
CA,43000,3,2,2012,2012-05-14T00:00:00Z,23,61,0,1,0.5,65,75,70,55,65,60,75,85,80,0,1,0.5,,,,88.75,94.75,92
CA,43000,4,2,2012,2012-05-14T00:00:00Z,25,50.5,0,1,0.5,65,75,70,75,85,80,75,85,80,0,1,0.5,,,,93.75,97.75,96
CA,43000,5,2,2012,2012-05-14T00:00:00Z,24,28.5,0,1,0.5,25,35,30,65,75,70,85,95,90,5,10,7.5,,,,94.75,98.75,97
CA,43000,6,2,2012,2012-05-14T00:00:00Z,10,15,0,1,0.5,5,10,7.5,10,15,12.5,85,95,90,0,1,0.5,,,,86.5,95.75,91.25
CA,43000,7,2,2012,2012-05-14T00:00:00Z,12,13,1,3,2,5,10,7.5,35,45,40,85,95,90,0,1,0.5,,,,90.25,97.24999999999999,94
CA,43000,8,2,2012,2012-05-14T00:00:00Z,11,37,1,3,2,35,45,40,65,75,70,85,95,90,0,1,0.5,,,,94.75,98.75,97
CA,43000,9,2,2012,2012-05-14T00:00:00Z,18,43.5,15,25,20,35,45,40,35,45,40,65,75,70,0,1,0.5,,,,77.25,86.25,82
CA,43000,10,2,2012,2012-05-14T00:00:00Z,21,57,0,1,0.5,55,65,60,15,25,20,65,75,70,0,1,0.5,,,,70.25,81.25,76
CA,43000,11,2,2012,2012-05-15T00:00:00Z,11,54.5,1,3,2,35,45,40,65,75,70,75,85,80,0,1,0.5,,,,91.25,96.25,94
CA,43000,12,2,2012,2012-05-15T00:00:00Z,12,97.5,1,3,2,75,85,80,75,85,80,85,95,90,0,1,0.5,,,,96.25,99.25,98
CA,43000,13,2,2012,2012-05-15T00:00:00Z,19,64.5,1,3,2,65,75,70,75,85,80,75,85,80,0,1,0.5,,,,93.75,97.75,96
CA,43000,14,2,2012,2012-05-15T00:00:00Z,21,55,1,3,2,55,65,60,45,55,50,75,85,80,0,1,0.5,,,,86.25,93.25,90
CA,43000,15,2,2012,2012-05-15T00:00:00Z,21,27,10,15,12.5,15,25,20,45,55,50,75,85,80,0,1,0.5,,,,86.25,93.25,90
CA,43000,16,2,2012,2012-05-15T00:00:00Z,12,18,0,1,0.5,10,15,12.5,10,15,12.5,75,85,80,0,1,0.5,,,,77.5,87.25,82.5
CA,43000,17,2,2012,2012-05-15T00:00:00Z,11,25,0,1,0.5,15,25,20,15,25,20,75,85,80,0,1,0.5,,,,78.75,88.75,84.00000000000001
CA,43000,18,2,2012,2012-05-15T00:00:00Z,17,25.5,5,10,7.5,15,25,20,10,15,12.5,95,100,97.5,0,1,0.5,,,,95.5,100,97.8125
CA,43000,19,2,2012,2012-05-15T00:00:00Z,18,29,1,3,2,15,25,20,55,65,60,85,95,90,0,1,0.5,,,,93.25,98.25,96
CA,43000,20,2,2012,2012-05-15T00:00:00Z,16,63,0,1,0.5,55,65,60,5,10,7.5,85,95,90,0,1,0.5,,,,85.75,95.5,90.75
CA,43000,21,2,2012,2012-05-21T00:00:00Z,17,37.5,1,3,2,35,45,40,55,65,60,65,75,70,0,1,0.5,,,,84.25,91.25,88
CA,43000,22,2,2012,2012-05-21T00:00:00Z,15,74,3,5,4,55,65,60,85,95,90,65,75,70,0,1,0.5,,,,94.75,98.75,97
CA,43000,23,2,2012,2012-05-21T00:00:00Z,13,107.5,0,1,0.5,75,85,80,45,55,50,75,85,80,0,1,0.5,,,,86.25,93.25,90
CA,43000,24,2,2012,2012-05-21T00:00:00Z,16,44,5,10,7.5,25,35,30,25,35,30,85,95,90,0,1,0.5,,,,88.75,96.75,93
CA,43000,25,2,2012,2012-05-21T00:00:00Z,13,92.5,5,10,7.5,65,75,70,10,15,12.5,75,85,80,5,10,7.5,,,,77.5,87.25,82.5
CA,43000,26,2,2012,2012-05-21T00:00:00Z,17,76,0,1,0.5,65,75,70,10,15,12.5,65,75,70,0,1,0.5,,,,68.5,78.75,73.75
CA,43000,27,2,2012,2012-05-21T00:00:00Z,10,64,0,1,0.5,55,65,60,25,35,30,55,65,60,0,1,0.5,,,,66.25000000000001,77.25,72
CA,43000,28,2,2012,2012-05-21T00:00:00Z,17,38.5,3,5,4,35,45,40,75,85,80,85,95,90,0,1,0.5,,,,96.25,99.25,98
CA,43000,29,2,2012,2012-05-21T00:00:00Z,15,40.5,1,3,2,35,45,40,25,35,30,85,95,90,0,1,0.5,,,,88.75,96.75,93
CA,43000,30,2,2012,2012-05-21T00:00:00Z,13,53,0,1,0.5,35,45,40,35,45,40,75,85,80,0,1,0.5,,,,83.75,91.75,88
CA,43000,31,2,2012,2012-05-21T00:00:00Z,14,29,1,3,2,35,45,40,55,65,60,85,95,90,0,1,0.5,,,,93.25,98.25,96
CA,43000,32,2,2012,2012-05-21T00:00:00Z,15,112.5,0,1,0.5,85,95,90,45,55,50,85,95,90,0,1,0.5,,,,91.75,97.75,95
CA,43000,33,2,2012,2012-05-21T00:00:00Z,11,97.5,0,1,0.5,65,75,70,55,65,60,85,95,90,0,1,0.5,,,,93.25,98.25,96
CA,43000,34,2,2012,2012-05-21T00:00:00Z,9,14.5,1,3,2,10,15,12.5,45,55,50,85,95,90,0,1,0.5,,,,91.75,97.75,95
CA,43000,35,2,2012,2012-05-21T00:00:00Z,12,29.5,10,15,12.5,35,45,40,5,10,7.5,85,95,90,0,1,0.5,,,,85.75,95.5,90.75
CA,43000,36,2,2012,2012-05-21T00:00:00Z,16,51.5,1,3,2,45,55,50,15,25,20,95,100,97.5,0,1,0.5,,,,95.75,100,98
CA,43000,37,2,2012,2012-05-21T00:00:00Z,12,42,1,3,2,45,55,50,55,65,60,95,100,97.5,0,1,0.5,,,,97.75,100,99
CA,43000,38,2,2012,2012-05-21T00:00:00Z,17,51.5,3,5,4,55,65,60,75,85,80,95,100,97.5,0,1,0.5,,,,98.75,100,99.5
CA,43000,39,2,2012,2012-05-21T00:00:00Z,11,57.5,1,3,2,65,75,70,25,35,30,65,75,70,0,1,0.5,,,,73.75,83.75,79
CA,43000,40,2,2012,2012-05-21T00:00:00Z,9,25.5,1,3,2,15,25,20,1,3,2,85,95,90,0,1,0.5,,,,85.14999999999999,95.15,90.2
CA,43000,41,2,2012,2012-05-22T00:00:00Z,12,24.5,0,1,0.5,15,25,20,25,35,30,95,100,97.5,0,1,0.5,,,,96.24999999999999,100,98.25
CA,43000,42,2,2012,2012-05-22T00:00:00Z,19,71.5,1,3,2,45,55,50,65,75,70,85,95,90,0,1,0.5,,,,94.75,98.75,97
CA,43000,43,2,2012,2012-05-22T00:00:00Z,8,62,0,1,0.5,45,55,50,75,85,80,85,95,90,0,1,0.5,,,,96.25,99.25,98
CA,43000,44,2,2012,2012-05-22T00:00:00Z,13,49,1,3,2,25,35,30,95,100,97.5,65,75,70,0,1,0.5,,,,98.25,100,99.25
CA,43000,45,2,2012,2012-05-22T00:00:00Z,16,27,1,3,2,15,25,20,55,65,60,75,85,80,0,1,0.5,,,,88.75,94.75,92
CA,43000,46,2,2012,2012-05-22T00:00:00Z,16,87,1,3,2,65,75,70,35,45,40,85,95,90,0,1,0.5,,,,90.25,97.24999999999999,94
CA,43000,47,2,2012,2012-05-22T00:00:00Z,19,57.5,3,5,4,65,75,70,75,85,80,75,85,80,0,1,0.5,,,,93.75,97.75,96
CA,43000,48,2,2012,2012-05-22T00:00:00Z,20,72,3,5,4,65,75,70,15,25,20,65,75,70,0,1,0.5,,,,70.25,81.25,76
CA,43000,49,2,2012,2012-05-22T00:00:00Z,14,40.5,1,3,2,25,35,30,25,35,30,55,65,60,0,1,0.5,,,,66.25000000000001,77.25,72
CA,43000,50,2,2012,2012-05-22T00:00:00Z,10,5,10,15,12.5,1,3,2,1,3,2,85,95,90,0,1,0.5,,,,85.14999999999999,95.15,90.2
CA,51000,1,2,2012,2012-06-05T00:00:00Z,13,101,,,,85,95,90,5,10,7.5,10,15,12.5,0,1,0.5,,,,14.500000000000002,23.5,19.062499999999993
CA,51000,2,2,2012,2012-06-05T00:00:00Z,21,106,0,1,0.5,85,95,90,15,25,20,5,10,7.5,0,1,0.5,,,,19.25,32.49999999999999,25.99999999999999
CA,51000,3,2,2012,2012-06-11T00:00:00Z,22,102,,,,85,95,90,25,35,30,25,35,30,0,1,0.5,,,,43.75,57.74999999999999,51
CA,51000,4,2,2012,2012-06-11T00:00:00Z,8,95,,,,85,95,90,10,15,12.5,35,45,40,0,1,0.5,,,,41.49999999999999,53.25,47.5
CA,51000,5,2,2012,2012-06-12T00:00:00Z,7,103.5,0,1,0.5,95,100,97.5,5,10,7.5,15,25,20,0,1,0.5,,,,19.25,32.49999999999999,25.99999999999999
CA,51000,6,2,2012,2012-06-12T00:00:00Z,7,102,0,1,0.5,95,100,97.5,25,35,30,25,35,30,0,1,0.5,,,,43.75,57.74999999999999,51
CA,51000,7,2,2012,2012-06-18T00:00:00Z,12,100.5,0,1,0.5,95,100,97.5,5,10,7.5,35,45,40,0,1,0.5,,,,38.25000000000001,50.499999999999986,44.49999999999999
CA,51000,8,2,2012,2012-06-18T00:00:00Z,9,100.5,0,1,0.5,95,100,97.5,3,5,4,35,45,40,0,1,0.5,,,,36.95,47.75,42.400000000000006
CA,51000,9,2,2012,2012-06-21T00:00:00Z,19,99.5,,,,75,85,80,10,15,12.5,45,55,50,0,1,0.5,,,,50.499999999999986,61.75000000000001,56.25
CA,51000,10,2,2012,2012-06-21T00:00:00Z,22,79,,,,65,75,70,25,35,30,25,35,30,0,1,0.5,,,,43.75,57.74999999999999,51
CA,51000,11,2,2012,2012-06-21T00:00:00Z,14,91.5,1,3,2,75,85,80,45,55,50,10,15,12.5,0,1,0.5,,,,50.499999999999986,61.75000000000001,56.25
CA,51000,12,2,2012,2012-06-21T00:00:00Z,16,99.5,,,,75,85,80,35,45,40,10,15,12.5,0,1,0.5,,,,41.49999999999999,53.25,47.5
CA,51000,13,2,2012,2012-06-21T00:00:00Z,29,64,,,,55,65,60,65,75,70,25,35,30,0,1,0.5,,,,73.75,83.75,79
CA,51000,14,2,2012,2012-06-21T00:00:00Z,28,55,,,,55,65,60,55,65,60,25,35,30,0,1,0.5,,,,66.25000000000001,77.25,72
CA,51000,15,2,2012,2012-06-04T00:00:00Z,10,98,,,,85,95,90,5,10,7.5,25,35,30,0,1,0.5,,,,28.750000000000007,41.49999999999999,35.25
CA,51000,16,2,2012,2012-06-05T00:00:00Z,14,99.5,,,,85,95,90,35,45,40,10,15,12.5,0,1,0.5,,,,41.49999999999999,53.25,47.5
CA,51000,17,2,2012,2012-06-11T00:00:00Z,17,101,,,,85,95,90,35,45,40,10,15,12.5,0,1,0.5,,,,41.49999999999999,53.25,47.5
CA,51000,18,2,2012,2012-06-11T00:00:00Z,5,102.5,,,,95,100,97.5,25,35,30,45,55,50,0,1,0.5,,,,58.74999999999999,70.75,65
CA,51000,19,2,2012,2012-06-12T00:00:00Z,9,103,0,1,0.5,95,100,97.5,5,10,7.5,25,35,30,0,1,0.5,,,,28.750000000000007,41.49999999999999,35.25
CA,51000,20,2,2012,2012-06-12T00:00:00Z,9,104.5,0,1,0.5,95,100,97.5,15,25,20,15,25,20,0,1,0.5,,,,27.750000000000007,43.75,35.999999999999986
CA,51000,21,2,2012,2012-06-18T00:00:00Z,10,104,0,1,0.5,95,100,97.5,15,25,20,35,45,40,0,1,0.5,,,,44.75,58.74999999999999,52
CA,51000,22,2,2012,2012-06-18T00:00:00Z,10,97.5,0,1,0.5,95,100,97.5,15,25,20,35,45,40,0,1,0.5,,,,44.75,58.74999999999999,52
CA,51000,23,2,2012,2012-06-21T00:00:00Z,14,73.5,,,,65,75,70,15,25,20,55,65,60,0,1,0.5,,,,61.75000000000001,73.75,68
CA,51000,24,2,2012,2012-08-23T00:00:00Z,25,98,3,5,4,85,95,90,25,35,30,65,75,70,0,1,0.5,,,,73.75,83.75,79
CA,51000,25,2,2012,2012-08-23T00:00:00Z,17,108.5,0,1,0.5,95,100,97.5,35,45,40,45,55,50,0,1,0.5,,,,64.25,75.25,70
CA,51000,26,2,2012,2012-08-23T00:00:00Z,17,113,3,5,4,95,100,97.5,25,35,30,45,55,50,0,1,0.5,,,,58.74999999999999,70.75,65
CA,51000,27,2,2012,2012-08-23T00:00:00Z,25,70,10,15,12.5,85,95,90,75,85,80,55,65,60,0,1,0.5,,,,88.75,94.75,92
CA,51000,28,2,2012,2012-08-23T00:00:00Z,29,82.5,35,45,40,85,95,90,55,65,60,35,45,40,0,1,0.5,,,,70.75,80.75,76
CA,51000,29,2,2012,2012-06-04T00:00:00Z,16,97.5,,,,85,95,90,15,25,20,25,35,30,0,1,0.5,,,,36.25000000000001,51.24999999999999,44.00000000000001
CA,51000,30,2,2012,2012-06-05T00:00:00Z,7,93,,,,85,95,90,3,5,4,10,15,12.5,0,1,0.5,,,,12.7,19.25,16.000000000000004
CA,51000,31,2,2012,2012-06-11T00:00:00Z,16,100.5,,,,95,100,97.5,35,45,40,3,5,4,0,1,0.5,,,,36.95,47.75,42.400000000000006
CA,51000,32,2,2012,2012-06-11T00:00:00Z,6,95.5,,,,85,95,90,15,25,20,10,15,12.5,0,1,0.5,,,,23.5,36.25000000000001,29.999999999999993
CA,51000,33,2,2012,2012-06-12T00:00:00Z,7,101.5,0,1,0.5,85,95,90,15,25,20,25,35,30,0,1,0.5,,,,36.25000000000001,51.24999999999999,44.00000000000001
CA,51000,34,2,2012,2012-06-12T00:00:00Z,13,102,0,1,0.5,85,95,90,15,25,20,10,15,12.5,0,1,0.5,,,,23.5,36.25000000000001,29.999999999999993
CA,51000,35,2,2012,2012-06-18T00:00:00Z,12,103.5,0,1,0.5,95,100,97.5,3,5,4,10,15,12.5,0,1,0.5,,,,12.7,19.25,16.000000000000004
CA,51000,36,2,2012,2012-06-18T00:00:00Z,10,97.5,,,,95,100,97.5,15,25,20,15,25,20,0,1,0.5,,,,27.750000000000007,43.75,35.999999999999986
CA,51000,37,2,2012,2012-06-18T00:00:00Z,12,94,0,1,0.5,75,85,80,3,5,4,10,15,12.5,0,1,0.5,,,,12.7,19.25,16.000000000000004
CA,51000,38,2,2012,2012-08-21T00:00:00Z,24,103,25,35,30,95,100,97.5,15,25,20,65,75,70,0,1,0.5,,,,70.25,81.25,76
CA,51000,39,2,2012,2012-08-21T00:00:00Z,28,88.5,10,15,12.5,75,85,80,35,45,40,75,85,80,0,1,0.5,,,,83.75,91.75,88
CA,51000,40,2,2012,2012-08-21T00:00:00Z,32,95,5,10,7.5,85,95,90,45,55,50,65,75,70,0,1,0.5,,,,80.75,88.75,85
CA,51000,41,2,2012,2012-08-21T00:00:00Z,34,58,5,10,7.5,85,95,90,35,45,40,75,85,80,0,1,0.5,,,,83.75,91.75,88
CA,51000,42,2,2012,2012-08-23T00:00:00Z,32,77,3,5,4,85,95,90,35,45,40,55,65,60,0,1,0.5,,,,70.75,80.75,76
CA,51000,43,2,2012,2012-06-04T00:00:00Z,10,105,,,,95,100,97.5,25,35,30,25,35,30,0,1,0.5,,,,43.75,57.74999999999999,51
CA,51000,44,2,2012,2012-06-05T00:00:00Z,15,101.5,,,,85,95,90,15,25,20,3,5,4,0,1,0.5,,,,17.549999999999997,28.750000000000007,23.2
CA,51000,45,2,2012,2012-06-05T00:00:00Z,13,102,,,,85,95,90,10,15,12.5,10,15,12.5,0,1,0.5,,,,18.999999999999993,27.750000000000007,23.4375
CA,51000,46,2,2012,2012-06-11T00:00:00Z,9,96,0,1,0.5,85,95,90,65,75,70,25,35,30,0,1,0.5,,,,73.75,83.75,79
CA,51000,47,2,2012,2012-06-12T00:00:00Z,14,86.5,0,1,0.5,85,95,90,10,15,12.5,15,25,20,0,1,0.5,,,,23.5,36.25000000000001,29.999999999999993
CA,51000,48,2,2012,2012-06-12T00:00:00Z,18,111.5,0,1,0.5,85,95,90,25,35,30,10,15,12.5,0,1,0.5,,,,32.49999999999999,44.75,38.75000000000001
CA,51000,49,2,2012,2012-06-18T00:00:00Z,15,91.5,0,1,0.5,75,85,80,25,35,30,15,25,20,0,1,0.5,,,,36.25000000000001,51.24999999999999,44.00000000000001
CA,51000,50,2,2012,2012-06-18T00:00:00Z,10,99.5,0,1,0.5,95,100,97.5,10,15,12.5,5,10,7.5,0,1,0.5,,,,14.500000000000002,23.5,19.062499999999993
CA,51000,51,2,2012,2012-06-18T00:00:00Z,16,97,0,1,0.5,85,95,90,25,35,30,5,10,7.5,0,1,0.5,,,,28.750000000000007,41.49999999999999,35.25
CA,51000,52,2,2012,2012-08-21T00:00:00Z,26,94,3,5,4,85,95,90,65,75,70,45,55,50,0,1,0.5,,,,80.75,88.75,85
CA,51000,53,2,2012,2012-08-13T00:00:00Z,29,95,1,3,2,85,95,90,25,35,30,65,75,70,0,1,0.5,,,,73.75,83.75,79
CA,51000,54,2,2012,2012-08-13T00:00:00Z,27,71.5,1,3,2,75,85,80,45,55,50,65,75,70,0,1,0.5,,,,80.75,88.75,85
CA,51000,55,2,2012,2012-08-13T00:00:00Z,30,67,10,15,12.5,75,85,80,5,10,7.5,65,75,70,0,1,0.5,,,,66.75,77.5,72.24999999999999
CA,51000,56,2,2012,2012-08-13T00:00:00Z,26,55.5,10,15,12.5,95,100,97.5,55,65,60,65,75,70,0,1,0.5,,,,84.25,91.25,88
CA,51000,57,2,2012,2012-06-04T00:00:00Z,7,100.5,0,1,0.5,95,100,97.5,10,15,12.5,15,25,20,0,1,0.5,,,,23.5,36.25000000000001,29.999999999999993
CA,51000,58,2,2012,2012-06-05T00:00:00Z,11,96.5,,,,85,95,90,1,3,2,3,5,4,0,1,0.5,,,,3.970000000000007,7.850000000000001,5.9200000000000035
CA,51000,59,2,2012,2012-06-05T00:00:00Z,10,94.5,,,,85,95,90,3,5,4,5,10,7.5,0,1,0.5,,,,7.850000000000001,14.500000000000002,11.2
CA,51000,60,2,2012,2012-06-11T00:00:00Z,13,108,,,,95,100,97.5,15,25,20,10,15,12.5,0,1,0.5,,,,23.5,36.25000000000001,29.999999999999993
CA,51000,61,2,2012,2012-06-12T00:00:00Z,20,87.5,,,,75,85,80,25,35,30,25,35,30,5,10,7.5,,,,43.75,57.74999999999999,51
CA,51000,62,2,2012,2012-06-12T00:00:00Z,16,103,0,1,0.5,85,95,90,25,35,30,25,35,30,0,1,0.5,,,,43.75,57.74999999999999,51
CA,51000,63,2,2012,2012-06-18T00:00:00Z,17,95.5,,,,75,85,80,25,35,30,15,25,20,0,1,0.5,,,,36.25000000000001,51.24999999999999,44.00000000000001
CA,51000,64,2,2012,2012-06-18T00:00:00Z,18,108.5,0,1,0.5,95,100,97.5,15,25,20,10,15,12.5,0,1,0.5,,,,23.5,36.25000000000001,29.999999999999993
CA,51000,65,2,2012,2012-06-18T00:00:00Z,10,96,0,1,0.5,85,95,90,5,10,7.5,15,25,20,0,1,0.5,,,,19.25,32.49999999999999,25.99999999999999
CA,51000,66,2,2012,2012-08-21T00:00:00Z,17,113,0,1,0.5,95,100,97.5,55,65,60,25,35,30,0,1,0.5,,,,66.25000000000001,77.25,72
CA,51000,67,2,2012,2012-08-08T00:00:00Z,27,118,0,1,0.5,95,100,97.5,35,45,40,45,55,50,0,1,0.5,,,,64.25,75.25,70
CA,51000,68,2,2012,2012-08-08T00:00:00Z,30,86,1,3,2,85,95,90,45,55,50,65,75,70,0,1,0.5,,,,80.75,88.75,85
CA,51000,69,2,2012,2012-08-08T00:00:00Z,28,120.5,3,5,4,95,100,97.5,15,25,20,35,45,40,0,1,0.5,,,,44.75,58.74999999999999,52
CA,51000,70,2,2012,2012-08-08T00:00:00Z,28,115.5,15,25,20,95,100,97.5,45,55,50,35,45,40,0,1,0.5,,,,64.25,75.25,70
CA,51000,71,2,2012,2012-06-04T00:00:00Z,18,110.5,0,1,0.5,95,100,97.5,15,25,20,5,10,7.5,0,1,0.5,,,,19.25,32.49999999999999,25.99999999999999
CA,51000,72,2,2012,2012-06-05T00:00:00Z,11,102,,,,85,95,90,3,5,4,3,5,4,0,1,0.5,,,,5.910000000000004,9.750000000000004,7.8400000000000025
CA,51000,73,2,2012,2012-06-05T00:00:00Z,12,97,,,,85,95,90,5,10,7.5,15,25,20,0,1,0.5,,,,19.25,32.49999999999999,25.99999999999999
CA,51000,74,2,2012,2012-06-11T00:00:00Z,15,109,,,,95,100,97.5,15,25,20,15,25,20,0,1,0.5,,,,27.750000000000007,43.75,35.999999999999986
CA,51000,75,2,2012,2012-06-12T00:00:00Z,25,81,0,1,0.5,65,75,70,65,75,70,25,35,30,15,25,20,,,,73.75,83.75,79
CA,51000,76,2,2012,2012-06-12T00:00:00Z,19,106.5,0,1,0.5,85,95,90,25,35,30,25,35,30,0,1,0.5,,,,43.75,57.74999999999999,51
CA,51000,77,2,2012,2012-06-12T00:00:00Z,11,99.5,0,1,0.5,85,95,90,25,35,30,10,15,12.5,0,1,0.5,,,,32.49999999999999,44.75,38.75000000000001
CA,51000,78,2,2012,2012-06-18T00:00:00Z,9,102,0,1,0.5,95,100,97.5,35,45,40,10,15,12.5,0,1,0.5,,,,41.49999999999999,53.25,47.5
CA,51000,79,2,2012,2012-06-18T00:00:00Z,10,101,0,1,0.5,95,100,97.5,35,45,40,15,25,20,0,1,0.5,,,,44.75,58.74999999999999,52
CA,51000,80,2,2012,2012-08-08T00:00:00Z,9,101.5,0,1,0.5,95,100,97.5,65,75,70,15,25,20,0,1,0.5,,,,70.25,81.25,76
CA,51000,81,2,2012,2012-08-08T00:00:00Z,23,113,0,1,0.5,95,100,97.5,55,65,60,25,35,30,0,1,0.5,,,,66.25000000000001,77.25,72
CA,51000,82,2,2012,2012-08-06T00:00:00Z,22,103.5,1,3,2,95,100,97.5,35,45,40,35,45,40,0,1,0.5,,,,57.74999999999999,69.75,64
CA,51000,83,2,2012,2012-08-06T00:00:00Z,22,93.5,1,3,2,95,100,97.5,35,45,40,65,75,70,0,1,0.5,,,,77.25,86.25,82
CA,51000,84,2,2012,2012-08-06T00:00:00Z,24,114.5,0,1,0.5,95,100,97.5,3,5,4,65,75,70,0,1,0.5,,,,66.05000000000001,76.25,71.2
CA,51000,85,2,2012,2012-06-04T00:00:00Z,18,112.5,0,1,0.5,95,100,97.5,10,15,12.5,10,15,12.5,0,1,0.5,,,,18.999999999999993,27.750000000000007,23.4375
CA,51000,86,2,2012,2012-06-05T00:00:00Z,14,103,,,,85,95,90,3,5,4,5,10,7.5,0,1,0.5,,,,7.850000000000001,14.500000000000002,11.2
CA,51000,87,2,2012,2012-06-05T00:00:00Z,11,98,,,,85,95,90,3,5,4,35,45,40,0,1,0.5,,,,36.95,47.75,42.400000000000006
CA,51000,88,2,2012,2012-06-12T00:00:00Z,19,87,0,1,0.5,85,95,90,55,65,60,15,25,20,0,1,0.5,,,,61.75000000000001,73.75,68
CA,51000,89,2,2012,2012-06-12T00:00:00Z,30,66,0,1,0.5,65,75,70,25,35,30,35,45,40,10,15,12.5,,,,51.24999999999999,64.25,58.00000000000001
CA,51000,90,2,2012,2012-06-12T00:00:00Z,17,108,0,1,0.5,85,95,90,55,65,60,5,10,7.5,0,1,0.5,,,,57.25,68.5,62.999999999999986
CA,51000,91,2,2012,2012-06-12T00:00:00Z,11,101,0,1,0.5,95,100,97.5,10,15,12.5,10,15,12.5,0,1,0.5,,,,18.999999999999993,27.750000000000007,23.4375
CA,51000,92,2,2012,2012-06-18T00:00:00Z,9,97,0,1,0.5,95,100,97.5,35,45,40,10,15,12.5,0,1,0.5,,,,41.49999999999999,53.25,47.5
CA,51000,93,2,2012,2012-06-18T00:00:00Z,10,100.5,0,1,0.5,95,100,97.5,35,45,40,35,45,40,0,1,0.5,,,,57.74999999999999,69.75,64
CA,51000,94,2,2012,2012-08-08T00:00:00Z,13,106.5,5,10,7.5,95,100,97.5,85,95,90,25,35,30,0,1,0.5,,,,88.75,96.75,93
CA,51000,95,2,2012,2012-08-08T00:00:00Z,19,103.5,3,5,4,95,100,97.5,75,85,80,25,35,30,0,1,0.5,,,,81.25,90.25,86.00000000000001
CA,51000,96,2,2012,2012-08-06T00:00:00Z,12,104.5,1,3,2,95,100,97.5,55,65,60,25,35,30,0,1,0.5,,,,66.25000000000001,77.25,72
CA,51000,97,2,2012,2012-08-06T00:00:00Z,23,113.5,0,1,0.5,95,100,97.5,25,35,30,65,75,70,0,1,0.5,,,,73.75,83.75,79
CA,51000,98,2,2012,2012-08-06T00:00:00Z,27,111,1,3,2,85,95,90,25,35,30,75,85,80,0,1,0.5,,,,81.25,90.25,86.00000000000001
CA,53000,1,2,2012,2012-06-14T00:00:00Z,27,37,15,25,20,25,35,30,,,,75,85,80,10,15,12.5,,,,,,
CA,53000,2,2,2012,2012-06-14T00:00:00Z,22,49,15,25,20,15,25,20,,,,75,85,80,0,1,0.5,,,,,,
CA,53000,3,2,2012,2012-06-14T00:00:00Z,23,40,15,25,20,25,35,30,,,,75,85,80,0,1,0.5,,,,,,
CA,53000,4,2,2012,2012-06-14T00:00:00Z,23,65,10,15,12.5,35,45,40,,,,55,65,60,0,1,0.5,,,,,,
CA,53000,5,2,2012,2012-06-14T00:00:00Z,15,62,5,10,7.5,55,65,60,,,,45,55,50,35,45,40,,,,,,
CA,53000,6,2,2012,2012-06-14T00:00:00Z,20,57.5,3,5,4,15,25,20,,,,55,65,60,65,75,70,,,,,,
CA,53000,7,2,2012,2012-06-15T00:00:00Z,27,37.5,1,3,2,25,35,30,,,,45,55,50,75,85,80,,,,,,
CA,53000,8,2,2012,2012-06-15T00:00:00Z,28,43.5,1,3,2,35,45,40,,,,35,45,40,65,75,70,,,,,,
CA,53000,9,2,2012,2012-06-15T00:00:00Z,20,40.5,1,3,2,25,35,30,,,,45,55,50,35,45,40,,,,,,
CA,53000,10,2,2012,2012-06-15T00:00:00Z,23,40.5,15,25,20,25,35,30,,,,75,85,80,10,15,12.5,,,,,,
CA,71000,1,2,2013,2013-06-18T00:00:00Z,4,5.5,0,1,0.5,3,5,4,0,1,0.5,95,100,97.5,0,1,0.5,,,,95,100,97.5125
CA,71000,2,2,2013,2013-06-18T00:00:00Z,11,51.5,0,1,0.5,45,55,50,1,3,2,95,100,97.5,0,1,0.5,,,,95.04999999999998,100,97.55
CA,71000,3,2,2013,2013-06-18T00:00:00Z,12,27,0,1,0.5,15,25,20,15,25,20,95,100,97.5,10,15,12.5,,,,95.75,100,98
CA,71000,4,2,2013,2013-06-18T00:00:00Z,8,7.5,0,1,0.5,3,5,4,5,10,7.5,95,100,97.5,0,1,0.5,,,,95.24999999999999,100,97.6875
CA,71000,5,2,2013,2013-06-18T00:00:00Z,3,1.5,0,1,0.5,0,1,0.5,5,10,7.5,95,100,97.5,0,1,0.5,,,,95.24999999999999,100,97.6875
CA,71000,6,2,2013,2013-06-18T00:00:00Z,2,2.5,0,1,0.5,1,3,2,0,1,0.5,95,100,97.5,0,1,0.5,,,,95,100,97.5125
CA,71000,7,2,2013,2013-06-18T00:00:00Z,4,3.5,0,1,0.5,1,3,2,0,1,0.5,95,100,97.5,0,1,0.5,,,,95,100,97.5125
CA,71000,8,2,2013,2013-06-18T00:00:00Z,7,3.5,0,1,0.5,0,1,0.5,0,1,0.5,95,100,97.5,0,1,0.5,,,,95,100,97.5125
CA,71000,9,2,2013,2013-06-18T00:00:00Z,7,15.5,0,1,0.5,10,15,12.5,0,1,0.5,95,100,97.5,0,1,0.5,,,,95,100,97.5125
CA,71000,10,2,2013,2013-06-18T00:00:00Z,7,53,0,1,0.5,45,55,50,5,10,7.5,95,100,97.5,5,10,7.5,,,,95.24999999999999,100,97.6875
CA,71000,11,2,2013,2013-06-18T00:00:00Z,7,33,0,1,0.5,25,35,30,3,5,4,95,100,97.5,1,3,2,,,,95.15,100,97.6
CA,71000,12,2,2013,2013-06-18T00:00:00Z,7,5,0,1,0.5,1,3,2,0,1,0.5,95,100,97.5,0,1,0.5,,,,95,100,97.5125
CA,71000,13,2,2013,2013-06-18T00:00:00Z,4,3.5,0,1,0.5,1,3,2,3,5,4,95,100,97.5,0,1,0.5,,,,95.15,100,97.6
CA,71000,14,2,2013,2013-06-18T00:00:00Z,4,9,0,1,0.5,5,10,7.5,0,1,0.5,95,100,97.5,0,1,0.5,,,,95,100,97.5125
CA,71000,15,2,2013,2013-06-18T00:00:00Z,6,3,0,1,0.5,0,1,0.5,1,3,2,95,100,97.5,0,1,0.5,,,,95.04999999999998,100,97.55
CA,71000,16,2,2013,2013-06-18T00:00:00Z,6,3,0,1,0.5,0,1,0.5,5,10,7.5,95,100,97.5,0,1,0.5,,,,95.24999999999999,100,97.6875
CA,71000,17,2,2013,2013-06-18T00:00:00Z,6,4.5,0,1,0.5,1,3,2,15,25,20,95,100,97.5,0,1,0.5,,,,95.75,100,98
CA,71000,18,2,2013,2013-06-18T00:00:00Z,8,35,0,1,0.5,25,35,30,3,5,4,95,100,97.5,10,15,12.5,,,,95.15,100,97.6
CA,71000,19,2,2013,2013-06-18T00:00:00Z,4,5.5,0,1,0.5,3,5,4,3,5,4,95,100,97.5,0,1,0.5,,,,95.15,100,97.6
CA,71000,20,2,2013,2013-06-18T00:00:00Z,3,1.5,0,1,0.5,0,1,0.5,15,25,20,95,100,97.5,0,1,0.5,,,,95.75,100,98
CA,71000,21,2,2013,2013-06-18T00:00:00Z,4,3.5,0,1,0.5,1,3,2,0,1,0.5,95,100,97.5,0,1,0.5,,,,95,100,97.5125
CA,71000,22,2,2013,2013-06-18T00:00:00Z,7,3.5,0,1,0.5,0,1,0.5,0,1,0.5,95,100,97.5,0,1,0.5,,,,95,100,97.5125
CA,71000,23,2,2013,2013-06-18T00:00:00Z,5,4,0,1,0.5,1,3,2,5,10,7.5,95,100,97.5,0,1,0.5,,,,95.24999999999999,100,97.6875
CA,71000,24,2,2013,2013-06-18T00:00:00Z,8,5.5,0,1,0.5,1,3,2,0,1,0.5,95,100,97.5,0,1,0.5,,,,95,100,97.5125
CA,71000,25,2,2013,2013-06-18T00:00:00Z,11,20.5,1,3,2,10,15,12.5,15,25,20,95,100,97.5,10,15,12.5,,,,95.75,100,98
CA,71000,26,2,2013,2013-06-18T00:00:00Z,10,16.5,0,1,0.5,5,10,7.5,1,3,2,95,100,97.5,0,1,0.5,,,,95.04999999999998,100,97.55
CA,71000,27,2,2013,2013-06-19T00:00:00Z,4,2,0,1,0.5,0,1,0.5,1,3,2,95,100,97.5,0,1,0.5,,,,95.04999999999998,100,97.55
CA,71000,28,2,2013,2013-06-19T00:00:00Z,3,3,0,1,0.5,1,3,2,0,1,0.5,95,100,97.5,0,1,0.5,,,,95,100,97.5125
CA,71000,29,2,2013,2013-06-19T00:00:00Z,5,2.5,0,1,0.5,0,1,0.5,0,1,0.5,95,100,97.5,0,1,0.5,,,,95,100,97.5125
CA,71000,30,2,2013,2013-06-19T00:00:00Z,6,6,0,1,0.5,3,5,4,1,3,2,95,100,97.5,0,1,0.5,,,,95.04999999999998,100,97.55
CA,71000,31,2,2013,2013-06-19T00:00:00Z,9,7.5,1,3,2,1,3,2,1,3,2,95,100,97.5,10,15,12.5,,,,95.04999999999998,100,97.55
CA,71000,32,2,2013,2013-06-19T00:00:00Z,10,20.5,0,1,0.5,15,25,20,5,10,7.5,95,100,97.5,3,5,4,,,,95.24999999999999,100,97.6875
CA,71000,33,2,2013,2013-06-19T00:00:00Z,10,20,0,1,0.5,10,15,12.5,10,15,12.5,95,100,97.5,0,1,0.5,,,,95.5,100,97.8125
CA,71000,34,2,2013,2013-06-19T00:00:00Z,8,9,0,1,0.5,3,5,4,15,25,20,95,100,97.5,0,1,0.5,,,,95.75,100,98
CA,71000,35,2,2013,2013-06-19T00:00:00Z,6,6,0,1,0.5,1,3,2,5,10,7.5,95,100,97.5,0,1,0.5,,,,95.24999999999999,100,97.6875
CA,71000,36,2,2013,2013-06-19T00:00:00Z,6,57.5,0,1,0.5,55,65,60,0,1,0.5,85,95,90,0,1,0.5,,,,85,95.04999999999998,90.05000000000001
CA,71000,37,2,2013,2013-06-19T00:00:00Z,9,9.5,0,1,0.5,3,5,4,15,25,20,95,100,97.5,0,1,0.5,,,,95.75,100,98
CA,71000,38,2,2013,2013-06-21T00:00:00Z,10,17,1,3,2,10,15,12.5,5,10,7.5,85,95,90,10,15,12.5,,,,85.75,95.5,90.75
CA,71000,39,2,2013,2013-06-21T00:00:00Z,9,16.5,0,1,0.5,10,15,12.5,1,3,2,95,100,97.5,0,1,0.5,,,,95.04999999999998,100,97.55
CA,71000,40,2,2013,2013-06-21T00:00:00Z,8,23.5,0,1,0.5,15,25,20,1,3,2,95,100,97.5,0,1,0.5,,,,95.04999999999998,100,97.55
CA,71000,41,2,2013,2013-06-21T00:00:00Z,7,28,0,1,0.5,15,25,20,3,5,4,85,95,90,5,10,7.5,,,,85.45,95.24999999999999,90.4
CA,71000,42,2,2013,2013-06-21T00:00:00Z,6,34,0,1,0.5,35,45,40,0,1,0.5,95,100,97.5,0,1,0.5,,,,95,100,97.5125
CA,71000,43,2,2013,2013-06-28T00:00:00Z,9,25,0,1,0.5,15,25,20,1,3,2,85,95,90,0,1,0.5,,,,85.14999999999999,95.15,90.2
CA,71000,44,2,2013,2013-06-28T00:00:00Z,11,14,1,3,2,5,10,7.5,15,25,20,95,100,97.5,5,10,7.5,,,,95.75,100,98
CA,71000,45,2,2013,2013-06-28T00:00:00Z,11,17.5,1,3,2,10,15,12.5,15,25,20,85,95,90,5,10,7.5,,,,87.25,96.24999999999999,92
CA,71000,46,2,2013,2013-06-28T00:00:00Z,7,24.5,0,1,0.5,15,25,20,5,10,7.5,95,100,97.5,0,1,0.5,,,,95.24999999999999,100,97.6875
CA,71000,47,2,2013,2013-06-21T00:00:00Z,4,41.5,0,1,0.5,35,45,40,3,5,4,85,95,90,0,1,0.5,,,,85.45,95.24999999999999,90.4
CA,71000,48,2,2013,2013-06-21T00:00:00Z,6,16.5,0,1,0.5,15,25,20,1,3,2,95,100,97.5,1,3,2,,,,95.04999999999998,100,97.55
CA,71000,49,2,2013,2013-06-21T00:00:00Z,5,19.5,0,1,0.5,15,25,20,1,3,2,95,100,97.5,5,10,7.5,,,,95.04999999999998,100,97.55
CA,71000,50,2,2013,2013-06-28T00:00:00Z,9,14.5,0,1,0.5,10,15,12.5,0,1,0.5,95,100,97.5,0,1,0.5,,,,95,100,97.5125
CA,71000,51,2,2013,2013-06-28T00:00:00Z,10,29,0,1,0.5,25,35,30,15,25,20,95,100,97.5,10,15,12.5,,,,95.75,100,98
CA,71000,52,2,2013,2013-06-28T00:00:00Z,6,45.5,0,1,0.5,35,45,40,15,25,20,85,95,90,0,1,0.5,,,,87.25,96.24999999999999,92
CA,71000,53,2,2013,2013-06-28T00:00:00Z,4,24.5,0,1,0.5,15,25,20,5,10,7.5,95,100,97.5,0,1,0.5,,,,95.24999999999999,100,97.6875
CA,71000,54,2,2013,2013-06-28T00:00:00Z,6,8,0,1,0.5,5,10,7.5,0,1,0.5,95,100,97.5,0,1,0.5,,,,95,100,97.5125
CA,71000,55,2,2013,2013-06-28T00:00:00Z,6,10,0,1,0.5,5,10,7.5,0,1,0.5,95,100,97.5,0,1,0.5,,,,95,100,97.5125
CA,71000,56,2,2013,2013-06-28T00:00:00Z,5,17.5,0,1,0.5,10,15,12.5,5,10,7.5,95,100,97.5,1,3,2,,,,95.24999999999999,100,97.6875
CA,71000,57,2,2013,2013-07-01T00:00:00Z,12,16,1,3,2,5,10,7.5,0,1,0.5,95,100,97.5,5,10,7.5,,,,95,100,97.5125
CA,71000,58,2,2013,2013-07-01T00:00:00Z,12,32,0,1,0.5,25,35,30,5,10,7.5,95,100,97.5,1,3,2,,,,95.24999999999999,100,97.6875
CA,71000,59,2,2013,2013-07-01T00:00:00Z,6,75.5,0,1,0.5,65,75,70,5,10,7.5,95,100,97.5,0,1,0.5,,,,95.24999999999999,100,97.6875
CA,71000,60,2,2013,2013-07-01T00:00:00Z,6,15,0,1,0.5,10,15,12.5,1,3,2,95,100,97.5,0,1,0.5,,,,95.04999999999998,100,97.55
CA,71000,61,2,2013,2013-07-01T00:00:00Z,8,14,0,1,0.5,5,10,7.5,5,10,7.5,95,100,97.5,0,1,0.5,,,,95.24999999999999,100,97.6875
CA,71000,62,2,2013,2013-06-28T00:00:00Z,5,34,0,1,0.5,25,35,30,1,3,2,85,95,90,0,1,0.5,,,,85.14999999999999,95.15,90.2
CA,71000,63,2,2013,2013-06-28T00:00:00Z,8,26,0,1,0.5,25,35,30,0,1,0.5,95,100,97.5,0,1,0.5,,,,95,100,97.5125
CA,71000,64,2,2013,2013-07-01T00:00:00Z,10,20.5,1,3,2,15,25,20,10,15,12.5,95,100,97.5,10,15,12.5,,,,95.5,100,97.8125
CA,71000,65,2,2013,2013-07-01T00:00:00Z,8,54.5,0,1,0.5,45,55,50,5,10,7.5,75,85,80,0,1,0.5,,,,76.25,86.5,81.5
CA,71000,66,2,2013,2013-07-01T00:00:00Z,6,131.5,0,1,0.5,85,95,90,1,3,2,15,25,20,0,1,0.5,,,,15.849999999999998,27.249999999999996,21.599999999999998
CA,71000,67,2,2013,2013-07-01T00:00:00Z,5,98.5,0,1,0.5,75,85,80,3,5,4,45,55,50,0,1,0.5,,,,46.650000000000006,57.25,52
CA,71000,68,2,2013,2013-07-01T00:00:00Z,6,69,0,1,0.5,55,65,60,15,25,20,65,75,70,0,1,0.5,,,,70.25,81.25,76
CA,71000,69,2,2013,2013-07-01T00:00:00Z,8,35,0,1,0.5,35,45,40,15,25,20,65,75,70,0,1,0.5,,,,70.25,81.25,76
CA,71000,70,2,2013,2013-07-01T00:00:00Z,8,38.5,0,1,0.5,25,35,30,0,1,0.5,85,95,90,0,1,0.5,,,,85,95.04999999999998,90.05000000000001
CA,71000,71,2,2013,2013-07-01T00:00:00Z,8,50,0,1,0.5,45,55,50,15,25,20,85,95,90,3,5,4,,,,87.25,96.24999999999999,92
CA,71000,72,2,2013,2013-07-01T00:00:00Z,6,85,0,1,0.5,65,75,70,15,25,20,55,65,60,0,1,0.5,,,,61.75000000000001,73.75,68
CA,71000,73,2,2013,2013-07-01T00:00:00Z,4,89.5,0,1,0.5,75,85,80,35,45,40,15,25,20,0,1,0.5,,,,44.75,58.74999999999999,52
CA,71000,74,2,2013,2013-07-01T00:00:00Z,5,73.5,0,1,0.5,65,75,70,15,25,20,45,55,50,0,1,0.5,,,,53.25,66.25000000000001,60
CA,71000,75,2,2013,2013-07-01T00:00:00Z,7,102,0,1,0.5,85,95,90,10,15,12.5,65,75,70,0,1,0.5,,,,68.5,78.75,73.75
CA,71000,76,2,2013,2013-07-01T00:00:00Z,8,24.5,0,1,0.5,25,35,30,1,3,2,95,100,97.5,0,1,0.5,,,,95.04999999999998,100,97.55
CA,71000,77,2,2013,2013-07-01T00:00:00Z,11,26,0,1,0.5,25,35,30,5,10,7.5,95,100,97.5,0,1,0.5,,,,95.24999999999999,100,97.6875
CA,71000,78,2,2013,2013-07-05T00:00:00Z,8,46.5,0,1,0.5,35,45,40,15,25,20,95,100,97.5,0,1,0.5,,,,95.75,100,98
CA,71000,79,2,2013,2013-07-05T00:00:00Z,4,82.5,0,1,0.5,65,75,70,10,15,12.5,85,95,90,0,1,0.5,,,,86.5,95.75,91.25
CA,71000,80,2,2013,2013-07-05T00:00:00Z,5,103,,,,,,,,,,,,,0,1,0.5,,,,,,
CA,71000,81,2,2013,2013-07-05T00:00:00Z,4,72,0,1,0.5,65,75,70,25,35,30,45,55,50,0,1,0.5,,,,58.74999999999999,70.75,65
CA,71000,82,2,2013,2013-07-05T00:00:00Z,4,60,1,3,2,55,65,60,45,55,50,65,75,70,0,1,0.5,,,,80.75,88.75,85
CA,71000,83,2,2013,2013-07-05T00:00:00Z,8,57,0,1,0.5,55,65,60,3,5,4,85,95,90,0,1,0.5,,,,85.45,95.24999999999999,90.4
CA,71000,84,2,2013,2013-07-05T00:00:00Z,7,56,0,1,0.5,45,55,50,1,3,2,95,100,97.5,0,1,0.5,,,,95.04999999999998,100,97.55
CA,71000,85,2,2013,2013-07-08T00:00:00Z,8,55,0,1,0.5,45,55,50,10,15,12.5,95,100,97.5,0,1,0.5,,,,95.5,100,97.8125
CA,71000,86,2,2013,2013-07-08T00:00:00Z,4,65,0,1,0.5,55,65,60,5,10,7.5,85,95,90,0,1,0.5,,,,85.75,95.5,90.75
CA,71000,87,2,2013,2013-07-08T00:00:00Z,4,94,0,1,0.5,75,85,80,3,5,4,85,95,90,0,1,0.5,,,,85.45,95.24999999999999,90.4
CA,71000,88,2,2013,2013-07-05T00:00:00Z,6,75.5,0,1,0.5,65,75,70,3,5,4,85,95,90,0,1,0.5,,,,85.45,95.24999999999999,90.4
CA,71000,89,2,2013,2013-07-05T00:00:00Z,5,73,1,3,2,45,55,50,3,5,4,45,55,50,0,1,0.5,,,,46.650000000000006,57.25,52
CA,71000,90,2,2013,2013-07-05T00:00:00Z,4,93,1,3,2,85,95,90,5,10,7.5,5,10,7.5,0,1,0.5,,,,9.750000000000004,18.999999999999993,14.437499999999993
CA,71000,91,2,2013,2013-07-05T00:00:00Z,13,49,0,1,0.5,45,55,50,3,5,4,95,100,97.5,0,1,0.5,,,,95.15,100,97.6
CA,71000,92,2,2013,2013-07-08T00:00:00Z,10,47.5,3,5,4,35,45,40,5,10,7.5,85,95,90,5,10,7.5,,,,85.75,95.5,90.75
CA,71000,93,2,2013,2013-07-08T00:00:00Z,9,52.5,0,1,0.5,45,55,50,1,3,2,95,100,97.5,0,1,0.5,,,,95.04999999999998,100,97.55
CA,71000,94,2,2013,2013-07-08T00:00:00Z,8,38.5,0,1,0.5,35,45,40,1,3,2,85,95,90,0,1,0.5,,,,85.14999999999999,95.15,90.2
CA,71000,95,2,2013,2013-07-08T00:00:00Z,7,29,0,1,0.5,35,45,40,5,10,7.5,95,100,97.5,0,1,0.5,,,,95.24999999999999,100,97.6875
CA,71000,96,2,2013,2013-07-08T00:00:00Z,9,65,1,3,2,45,55,50,5,10,7.5,85,95,90,0,1,0.5,,,,85.75,95.5,90.75
CA,71000,97,2,2013,2013-07-08T00:00:00Z,8,98,0,1,0.5,65,75,70,5,10,7.5,95,100,97.5,0,1,0.5,,,,95.24999999999999,100,97.6875
CA,71000,98,2,2013,2013-07-08T00:00:00Z,11,69,1,3,2,55,65,60,1,3,2,95,100,97.5,0,1,0.5,,,,95.04999999999998,100,97.55
CA,81000,1,2,2013,2013-05-21T00:00:00Z,13,26.5,0,1,0.5,25,35,30,85,95,90,25,35,30,0,1,0.5,,,,88.75,96.75,93
CA,81000,2,2,2013,2013-05-21T00:00:00Z,14,28.5,0,1,0.5,25,35,30,95,100,97.5,75,85,80,0,1,0.5,,,,98.75,100,99.5
CA,81000,3,2,2013,2013-05-22T00:00:00Z,17,54,0,1,0.5,45,55,50,15,25,20,85,95,90,0,1,0.5,,,,87.25,96.24999999999999,92
CA,81000,4,2,2013,2013-05-22T00:00:00Z,17,57,1,3,2,55,65,60,65,75,70,75,85,80,0,1,0.5,,,,91.25,96.25,94
CA,81000,5,2,2013,2013-05-23T00:00:00Z,18,44.5,0,1,0.5,55,65,60,25,35,30,85,95,90,0,1,0.5,,,,88.75,96.75,93
CA,81000,6,2,2013,2013-05-23T00:00:00Z,16,45.5,0,1,0.5,45,55,50,15,25,20,85,95,90,0,1,0.5,,,,87.25,96.24999999999999,92
CA,81000,7,2,2013,2013-05-28T00:00:00Z,17,46,0,1,0.5,45,55,50,15,25,20,85,95,90,0,1,0.5,,,,87.25,96.24999999999999,92
CA,81000,8,2,2013,2013-05-29T00:00:00Z,14,82,1,3,2,65,75,70,35,45,40,75,85,80,0,1,0.5,,,,83.75,91.75,88
CA,81000,9,2,2013,2013-05-29T00:00:00Z,14,54,0,1,0.5,45,55,50,45,55,50,85,95,90,0,1,0.5,,,,91.75,97.75,95
CA,81000,10,2,2013,2013-05-30T00:00:00Z,14,54.5,0,1,0.5,45,55,50,65,75,70,75,85,80,0,1,0.5,,,,91.25,96.25,94
CA,81000,11,2,2013,2013-05-30T00:00:00Z,15,44,0,1,0.5,45,55,50,25,35,30,75,85,80,0,1,0.5,,,,81.25,90.25,86.00000000000001
CA,81000,12,2,2013,2013-05-30T00:00:00Z,16,40.5,0,1,0.5,35,45,40,35,45,40,95,100,97.5,0,1,0.5,,,,96.75,100,98.5
CA,81000,13,2,2013,2013-06-03T00:00:00Z,16,58.5,0,1,0.5,55,65,60,15,25,20,85,95,90,0,1,0.5,,,,87.25,96.24999999999999,92
CA,81000,14,2,2013,2013-06-03T00:00:00Z,16,28.5,0,1,0.5,25,35,30,35,45,40,85,95,90,0,1,0.5,,,,90.25,97.24999999999999,94
CA,81000,15,2,2013,2013-05-21T00:00:00Z,14,23,0,1,0.5,15,25,20,75,85,80,10,15,12.5,0,1,0.5,,,,77.5,87.25,82.5
CA,81000,16,2,2013,2013-05-21T00:00:00Z,16,17.5,0,1,0.5,5,10,7.5,85,95,90,55,65,60,0,1,0.5,,,,93.25,98.25,96
CA,81000,17,2,2013,2013-05-22T00:00:00Z,17,44,1,3,2,35,45,40,25,35,30,75,85,80,0,1,0.5,,,,81.25,90.25,86.00000000000001
CA,81000,18,2,2013,2013-05-22T00:00:00Z,16,67.5,0,1,0.5,55,65,60,5,10,7.5,85,95,90,0,1,0.5,,,,85.75,95.5,90.75
CA,81000,19,2,2013,2013-05-23T00:00:00Z,21,58,1,3,2,55,65,60,10,15,12.5,85,95,90,0,1,0.5,,,,86.5,95.75,91.25
CA,81000,20,2,2013,2013-05-28T00:00:00Z,20,49,0,1,0.5,45,55,50,25,35,30,85,95,90,0,1,0.5,,,,88.75,96.75,93
CA,81000,21,2,2013,2013-05-28T00:00:00Z,17,48,0,1,0.5,55,65,60,35,45,40,95,100,97.5,0,1,0.5,,,,96.75,100,98.5
CA,81000,22,2,2013,2013-05-29T00:00:00Z,16,48.5,0,1,0.5,55,65,60,10,15,12.5,85,95,90,0,1,0.5,,,,86.5,95.75,91.25
CA,81000,23,2,2013,2013-05-29T00:00:00Z,15,34,0,1,0.5,25,35,30,45,55,50,75,85,80,0,1,0.5,,,,86.25,93.25,90
CA,81000,24,2,2013,2013-05-30T00:00:00Z,19,57.5,0,1,0.5,45,55,50,5,10,7.5,85,95,90,0,1,0.5,,,,85.75,95.5,90.75
CA,81000,25,2,2013,2013-05-30T00:00:00Z,17,35.5,0,1,0.5,25,35,30,10,15,12.5,85,95,90,0,1,0.5,,,,86.5,95.75,91.25
CA,81000,26,2,2013,2013-05-30T00:00:00Z,19,48.5,0,1,0.5,55,65,60,5,10,7.5,95,100,97.5,0,1,0.5,,,,95.24999999999999,100,97.6875
CA,81000,27,2,2013,2013-06-03T00:00:00Z,18,67.5,0,1,0.5,65,75,70,1,3,2,85,95,90,0,1,0.5,,,,85.14999999999999,95.15,90.2
CA,81000,28,2,2013,2013-06-03T00:00:00Z,16,47,0,1,0.5,55,65,60,10,15,12.5,85,95,90,0,1,0.5,,,,86.5,95.75,91.25
CA,81000,29,2,2013,2013-05-21T00:00:00Z,15,30.5,0,1,0.5,25,35,30,5,10,7.5,85,95,90,0,1,0.5,,,,85.75,95.5,90.75
CA,81000,30,2,2013,2013-05-21T00:00:00Z,15,34.5,0,1,0.5,25,35,30,5,10,7.5,85,95,90,0,1,0.5,,,,85.75,95.5,90.75
CA,81000,31,2,2013,2013-05-22T00:00:00Z,17,38.5,1,3,2,45,55,50,5,10,7.5,85,95,90,0,1,0.5,,,,85.75,95.5,90.75
CA,81000,32,2,2013,2013-05-22T00:00:00Z,15,43,0,1,0.5,25,35,30,15,25,20,75,85,80,0,1,0.5,,,,78.75,88.75,84.00000000000001
CA,81000,33,2,2013,2013-05-23T00:00:00Z,16,69,0,1,0.5,65,75,70,10,15,12.5,75,85,80,0,1,0.5,,,,77.5,87.25,82.5
CA,81000,34,2,2013,2013-05-28T00:00:00Z,15,106.5,0,1,0.5,75,85,80,15,25,20,85,95,90,0,1,0.5,,,,87.25,96.24999999999999,92
CA,81000,35,2,2013,2013-05-28T00:00:00Z,15,45.5,0,1,0.5,45,55,50,45,55,50,85,95,90,0,1,0.5,,,,91.75,97.75,95
CA,81000,36,2,2013,2013-05-29T00:00:00Z,18,88.5,0,1,0.5,75,85,80,15,25,20,85,95,90,0,1,0.5,,,,87.25,96.24999999999999,92
CA,81000,37,2,2013,2013-05-29T00:00:00Z,18,59,0,1,0.5,45,55,50,3,5,4,85,95,90,0,1,0.5,,,,85.45,95.24999999999999,90.4
CA,81000,38,2,2013,2013-05-30T00:00:00Z,16,34.5,0,1,0.5,25,35,30,3,5,4,85,95,90,0,1,0.5,,,,85.45,95.24999999999999,90.4
CA,81000,39,2,2013,2013-05-30T00:00:00Z,14,29,0,1,0.5,25,35,30,5,10,7.5,75,85,80,0,1,0.5,,,,76.25,86.5,81.5
CA,81000,40,2,2013,2013-05-31T00:00:00Z,17,16.5,0,1,0.5,5,10,7.5,35,45,40,85,95,90,0,1,0.5,,,,90.25,97.24999999999999,94
CA,81000,41,2,2013,2013-06-03T00:00:00Z,17,23,0,1,0.5,15,25,20,25,35,30,85,95,90,0,1,0.5,,,,88.75,96.75,93
CA,81000,42,2,2013,2013-06-03T00:00:00Z,16,63,0,1,0.5,55,65,60,10,15,12.5,85,95,90,0,1,0.5,,,,86.5,95.75,91.25
CA,81000,43,2,2013,2013-05-21T00:00:00Z,16,38.5,0,1,0.5,45,55,50,3,5,4,85,95,90,0,1,0.5,,,,85.45,95.24999999999999,90.4
CA,81000,44,2,2013,2013-05-22T00:00:00Z,18,35.5,0,1,0.5,25,35,30,0,1,0.5,75,85,80,0,1,0.5,,,,75,85.14999999999999,80.10000000000001
CA,81000,45,2,2013,2013-05-22T00:00:00Z,18,28,1,3,2,15,25,20,25,35,30,65,75,70,0,1,0.5,,,,73.75,83.75,79
CA,81000,46,2,2013,2013-05-23T00:00:00Z,16,48,0,1,0.5,45,55,50,55,65,60,65,75,70,0,1,0.5,,,,84.25,91.25,88
CA,81000,47,2,2013,2013-05-23T00:00:00Z,14,58,1,3,2,55,65,60,10,15,12.5,85,95,90,0,1,0.5,,,,86.5,95.75,91.25
CA,81000,48,2,2013,2013-05-28T00:00:00Z,15,86.5,0,1,0.5,75,85,80,25,35,30,85,95,90,0,1,0.5,,,,88.75,96.75,93
CA,81000,49,2,2013,2013-05-28T00:00:00Z,14,54.5,0,1,0.5,45,55,50,65,75,70,65,75,70,0,1,0.5,,,,87.75,93.75,90.99999999999999
CA,81000,50,2,2013,2013-05-29T00:00:00Z,14,73.5,0,1,0.5,55,65,60,45,55,50,85,95,90,0,1,0.5,,,,91.75,97.75,95
CA,81000,51,2,2013,2013-05-29T00:00:00Z,13,108.5,1,3,2,85,95,90,10,15,12.5,85,95,90,0,1,0.5,,,,86.5,95.75,91.25
CA,81000,52,2,2013,2013-05-30T00:00:00Z,17,46,0,1,0.5,35,45,40,0,1,0.5,95,100,97.5,0,1,0.5,,,,95,100,97.5125
CA,81000,53,2,2013,2013-05-30T00:00:00Z,17,60.5,0,1,0.5,55,65,60,3,5,4,85,95,90,0,1,0.5,,,,85.45,95.24999999999999,90.4
CA,81000,54,2,2013,2013-05-31T00:00:00Z,16,27.5,0,1,0.5,25,35,30,25,35,30,85,95,90,0,1,0.5,,,,88.75,96.75,93
CA,81000,55,2,2013,2013-05-31T00:00:00Z,20,56.5,0,1,0.5,35,45,40,15,25,20,75,85,80,0,1,0.5,,,,78.75,88.75,84.00000000000001
CA,81000,56,2,2013,2013-06-03T00:00:00Z,15,47.5,0,1,0.5,45,55,50,45,55,50,85,95,90,0,1,0.5,,,,91.75,97.75,95
CA,81000,57,2,2013,2013-05-21T00:00:00Z,14,44.5,0,1,0.5,45,55,50,3,5,4,85,95,90,0,1,0.5,,,,85.45,95.24999999999999,90.4
CA,81000,58,2,2013,2013-05-22T00:00:00Z,16,34,0,1,0.5,35,45,40,1,3,2,85,95,90,0,1,0.5,,,,85.14999999999999,95.15,90.2
CA,81000,59,2,2013,2013-05-22T00:00:00Z,16,54,1,3,2,35,45,40,3,5,4,85,95,90,0,1,0.5,,,,85.45,95.24999999999999,90.4
CA,81000,60,2,2013,2013-05-22T00:00:00Z,16,25.5,1,3,2,35,45,40,10,15,12.5,85,95,90,0,1,0.5,,,,86.5,95.75,91.25
CA,81000,61,2,2013,2013-05-23T00:00:00Z,17,31.5,1,3,2,15,25,20,15,25,20,85,95,90,0,1,0.5,,,,87.25,96.24999999999999,92
CA,81000,62,2,2013,2013-05-28T00:00:00Z,18,31,0,1,0.5,25,35,30,25,35,30,65,75,70,0,1,0.5,,,,73.75,83.75,79
CA,81000,63,2,2013,2013-05-28T00:00:00Z,19,50,0,1,0.5,45,55,50,65,75,70,55,65,60,0,1,0.5,,,,84.25,91.25,88
CA,81000,64,2,2013,2013-05-29T00:00:00Z,15,61.5,0,1,0.5,55,65,60,75,85,80,85,95,90,0,1,0.5,,,,96.25,99.25,98
CA,81000,65,2,2013,2013-05-29T00:00:00Z,12,41.5,0,1,0.5,35,45,40,85,95,90,85,95,90,0,1,0.5,,,,97.75,99.75,99
CA,81000,66,2,2013,2013-05-30T00:00:00Z,18,40.5,0,1,0.5,35,45,40,3,5,4,85,95,90,0,1,0.5,,,,85.45,95.24999999999999,90.4
CA,81000,67,2,2013,2013-05-30T00:00:00Z,16,66,1,3,2,65,75,70,15,25,20,85,95,90,0,1,0.5,,,,87.25,96.24999999999999,92
CA,81000,68,2,2013,2013-05-31T00:00:00Z,20,35,,,,25,35,30,25,35,30,25,35,30,0,1,0.5,,,,43.75,57.74999999999999,51
CA,81000,69,2,2013,2013-05-31T00:00:00Z,17,68.5,0,1,0.5,45,55,50,35,45,40,55,65,60,0,1,0.5,,,,70.75,80.75,76
CA,81000,70,2,2013,2013-06-03T00:00:00Z,15,40,0,1,0.5,35,45,40,10,15,12.5,75,85,80,0,1,0.5,,,,77.5,87.25,82.5
CA,81000,71,2,2013,2013-05-21T00:00:00Z,15,24.5,0,1,0.5,25,35,30,15,25,20,85,95,90,0,1,0.5,,,,87.25,96.24999999999999,92
CA,81000,72,2,2013,2013-05-22T00:00:00Z,18,33.5,1,3,2,25,35,30,15,25,20,85,95,90,0,1,0.5,,,,87.25,96.24999999999999,92
CA,81000,73,2,2013,2013-05-22T00:00:00Z,21,33,,,,35,45,40,3,5,4,85,95,90,0,1,0.5,,,,85.45,95.24999999999999,90.4
CA,81000,74,2,2013,2013-05-23T00:00:00Z,17,37,0,1,0.5,25,35,30,10,15,12.5,85,95,90,0,1,0.5,,,,86.5,95.75,91.25
CA,81000,75,2,2013,2013-05-23T00:00:00Z,18,72,0,1,0.5,65,75,70,10,15,12.5,85,95,90,0,1,0.5,,,,86.5,95.75,91.25
CA,81000,76,2,2013,2013-05-28T00:00:00Z,15,60.5,0,1,0.5,45,55,50,15,25,20,75,85,80,0,1,0.5,,,,78.75,88.75,84.00000000000001
CA,81000,77,2,2013,2013-05-28T00:00:00Z,17,25,0,1,0.5,25,35,30,65,75,70,15,25,20,0,1,0.5,,,,70.25,81.25,76
CA,81000,78,2,2013,2013-05-29T00:00:00Z,16,33,1,3,2,35,45,40,65,75,70,75,85,80,0,1,0.5,,,,91.25,96.25,94
CA,81000,79,2,2013,2013-05-29T00:00:00Z,15,51,0,1,0.5,35,45,40,25,35,30,85,95,90,0,1,0.5,,,,88.75,96.75,93
CA,81000,80,2,2013,2013-05-30T00:00:00Z,17,59,,,,55,65,60,25,35,30,85,95,90,0,1,0.5,,,,88.75,96.75,93
CA,81000,81,2,2013,2013-05-30T00:00:00Z,20,51,0,1,0.5,45,55,50,10,15,12.5,85,95,90,0,1,0.5,,,,86.5,95.75,91.25
CA,81000,82,2,2013,2013-05-31T00:00:00Z,15,22,0,1,0.5,25,35,30,10,15,12.5,75,85,80,0,1,0.5,,,,77.5,87.25,82.5
CA,81000,83,2,2013,2013-05-31T00:00:00Z,20,38.5,0,1,0.5,35,45,40,15,25,20,85,95,90,0,1,0.5,,,,87.25,96.24999999999999,92
CA,81000,84,2,2013,2013-06-03T00:00:00Z,16,47.5,0,1,0.5,35,45,40,3,5,4,95,100,97.5,0,1,0.5,,,,95.15,100,97.6
CA,81000,85,2,2013,2013-05-21T00:00:00Z,20,35,0,1,0.5,15,25,20,5,10,7.5,85,95,90,0,1,0.5,,,,85.75,95.5,90.75
CA,81000,86,2,2013,2013-05-22T00:00:00Z,22,31,1,3,2,35,45,40,5,10,7.5,85,95,90,0,1,0.5,,,,85.75,95.5,90.75
CA,81000,87,2,2013,2013-05-22T00:00:00Z,19,33.5,1,3,2,35,45,40,15,25,20,85,95,90,0,1,0.5,,,,87.25,96.24999999999999,92
CA,81000,88,2,2013,2013-05-23T00:00:00Z,17,46,1,3,2,35,45,40,25,35,30,85,95,90,0,1,0.5,,,,88.75,96.75,93
CA,81000,89,2,2013,2013-05-23T00:00:00Z,14,46,1,3,2,45,55,50,25,35,30,85,95,90,0,1,0.5,,,,88.75,96.75,93
CA,81000,90,2,2013,2013-05-28T00:00:00Z,15,41,,,,,,,,,,,,,0,1,0.5,,,,,,
CA,81000,91,2,2013,2013-05-28T00:00:00Z,13,16.5,0,1,0.5,15,25,20,55,65,60,35,45,40,0,1,0.5,,,,70.75,80.75,76
CA,81000,92,2,2013,2013-05-29T00:00:00Z,12,43.5,0,1,0.5,35,45,40,35,45,40,85,95,90,0,1,0.5,,,,90.25,97.24999999999999,94
CA,81000,93,2,2013,2013-05-29T00:00:00Z,18,74,0,1,0.5,65,75,70,5,10,7.5,85,95,90,0,1,0.5,,,,85.75,95.5,90.75
CA,81000,94,2,2013,2013-05-30T00:00:00Z,14,48,0,1,0.5,45,55,50,45,55,50,85,95,90,0,1,0.5,,,,91.75,97.75,95
CA,81000,95,2,2013,2013-05-30T00:00:00Z,18,72.5,0,1,0.5,65,75,70,65,75,70,85,95,90,0,1,0.5,,,,94.75,98.75,97
CA,81000,96,2,2013,2013-05-31T00:00:00Z,16,56.5,0,1,0.5,45,55,50,10,15,12.5,85,95,90,0,1,0.5,,,,86.5,95.75,91.25
CA,81000,97,2,2013,2013-05-31T00:00:00Z,19,40.5,0,1,0.5,25,35,30,35,45,40,85,95,90,0,1,0.5,,,,90.25,97.24999999999999,94
CA,81000,98,2,2013,2013-06-03T00:00:00Z,15,40.5,0,1,0.5,35,45,40,10,15,12.5,85,95,90,0,1,0.5,,,,86.5,95.75,91.25
CA,91000,1,2,2014,2014-06-16T00:00:00Z,10,61.5,3,5,4,65,75,70,1,3,2,65,75,70,5,10,7.5,0,1,0.5,65.35,75.75,70.6
CA,91000,2,2,2014,2014-07-16T00:00:00Z,6,18,5,10,7.5,10,15,12.5,25,35,30,75,85,80,0,1,0.5,0,1,0.5,81.25,90.25,86.00000000000001
CA,91000,3,2,2014,2014-07-16T00:00:00Z,7,27.5,10,15,12.5,15,25,20,1,3,2,65,75,70,0,1,0.5,1,3,2,65.35,75.75,70.6
CA,91000,4,2,2014,2014-07-22T00:00:00Z,7,13.5,10,15,12.5,5,10,7.5,15,25,20,75,85,80,0,1,0.5,1,3,2,78.75,88.75,84.00000000000001
CA,91000,5,2,2014,2014-07-31T00:00:00Z,8,10.5,5,10,7.5,5,10,7.5,25,35,30,75,85,80,0,1,0.5,0,1,0.5,81.25,90.25,86.00000000000001
CA,91000,6,2,2014,2014-07-31T00:00:00Z,5,9,1,3,2,3,5,4,25,35,30,85,95,90,0,1,0.5,0,1,0.5,88.75,96.75,93
CA,91000,7,2,2014,2014-09-01T00:00:00Z,7,11.5,1,3,2,3,5,4,25,35,30,85,95,90,0,1,0.5,0,1,0.5,88.75,96.75,93
CA,91000,8,2,2014,2014-09-01T00:00:00Z,9,10.5,1,3,2,1,3,2,15,25,20,85,95,90,0,1,0.5,0,1,0.5,87.25,96.24999999999999,92
CA,91000,9,2,2014,2014-09-01T00:00:00Z,14,46.5,3,5,4,45,55,50,45,55,50,45,55,50,0,1,0.5,0,1,0.5,69.75,79.75000000000001,75
CA,91000,10,2,2014,2014-09-05T00:00:00Z,19,40,3,5,4,65,75,70,45,55,50,0,1,0.5,0,1,0.5,0,1,0.5,44.99999999999999,55.45,50.24999999999999
CA,91000,11,2,2014,2014-09-08T00:00:00Z,24,38,1,3,2,45,55,50,55,65,60,75,85,80,0,1,0.5,0,1,0.5,88.75,94.75,92
CA,91000,12,2,2014,2014-09-10T00:00:00Z,22,48.5,1,3,2,35,45,40,55,65,60,65,75,70,0,1,0.5,0,1,0.5,84.25,91.25,88
CA,91000,13,2,2014,2014-09-10T00:00:00Z,16,43,3,5,4,45,55,50,55,65,60,45,55,50,0,1,0.5,0,1,0.5,75.25,84.25,80
CA,91000,14,2,2014,2014-09-10T00:00:00Z,17,50,1,3,2,45,55,50,10,15,12.5,75,85,80,0,1,0.5,0,1,0.5,77.5,87.25,82.5
CA,91000,15,2,2014,2014-06-16T00:00:00Z,9,34,1,3,2,45,55,50,10,15,12.5,85,95,90,0,1,0.5,1,3,2,86.5,95.75,91.25
CA,91000,16,2,2014,2014-07-16T00:00:00Z,7,13.5,5,10,7.5,5,10,7.5,15,25,20,55,65,60,0,1,0.5,1,3,2,61.75000000000001,73.75,68
CA,91000,17,2,2014,2014-07-16T00:00:00Z,6,16.5,3,5,4,5,10,7.5,15,25,20,75,85,80,0,1,0.5,1,3,2,78.75,88.75,84.00000000000001
CA,91000,18,2,2014,2014-07-22T00:00:00Z,8,15.5,10,15,12.5,15,25,20,35,45,40,75,85,80,0,1,0.5,0,1,0.5,83.75,91.75,88
CA,91000,19,2,2014,2014-07-31T00:00:00Z,7,8,3,5,4,5,10,7.5,35,45,40,75,85,80,0,1,0.5,0,1,0.5,83.75,91.75,88
CA,91000,20,2,2014,2014-07-31T00:00:00Z,7,8,1,3,2,3,5,4,25,35,30,85,95,90,0,1,0.5,0,1,0.5,88.75,96.75,93
CA,91000,21,2,2014,2014-09-01T00:00:00Z,14,38.5,1,3,2,35,45,40,25,35,30,85,95,90,0,1,0.5,0,1,0.5,88.75,96.75,93
CA,91000,22,2,2014,2014-09-01T00:00:00Z,15,55,3,5,4,35,45,40,25,35,30,75,85,80,0,1,0.5,0,1,0.5,81.25,90.25,86.00000000000001
CA,91000,23,2,2014,2014-09-01T00:00:00Z,13,40.5,1,3,2,35,45,40,25,35,30,65,75,70,0,1,0.5,0,1,0.5,73.75,83.75,79
CA,91000,24,2,2014,2014-09-05T00:00:00Z,26,48.5,3,5,4,45,55,50,15,25,20,55,65,60,0,1,0.5,0,1,0.5,61.75000000000001,73.75,68
CA,91000,25,2,2014,2014-09-08T00:00:00Z,28,48,0,1,0.5,45,55,50,55,65,60,65,75,70,0,1,0.5,0,1,0.5,84.25,91.25,88
CA,91000,26,2,2014,2014-09-08T00:00:00Z,21,55,1,3,2,55,65,60,35,45,40,75,85,80,0,1,0.5,0,1,0.5,83.75,91.75,88
CA,91000,27,2,2014,2014-09-10T00:00:00Z,19,60,1,3,2,65,75,70,45,55,50,65,75,70,0,1,0.5,0,1,0.5,80.75,88.75,85
CA,91000,28,2,2014,2014-09-10T00:00:00Z,20,70.5,0,1,0.5,55,65,60,15,25,20,75,85,80,0,1,0.5,0,1,0.5,78.75,88.75,84.00000000000001
CA,91000,29,2,2014,2014-06-16T00:00:00Z,10,58.5,0,1,0.5,55,65,60,0,1,0.5,75,85,80,5,10,7.5,1,3,2,75,85.14999999999999,80.10000000000001
CA,91000,30,2,2014,2014-07-16T00:00:00Z,8,24.5,5,10,7.5,15,25,20,35,45,40,65,75,70,0,1,0.5,1,3,2,77.25,86.25,82
CA,91000,31,2,2014,2014-07-16T00:00:00Z,10,63,3,5,4,35,45,40,75,85,80,45,55,50,0,1,0.5,0,1,0.5,86.25,93.25,90
CA,91000,32,2,2014,2014-07-22T00:00:00Z,10,31,5,10,7.5,35,45,40,55,65,60,75,85,80,0,1,0.5,0,1,0.5,88.75,94.75,92
CA,91000,33,2,2014,2014-07-31T00:00:00Z,7,11.5,3,5,4,10,15,12.5,55,65,60,75,85,80,0,1,0.5,0,1,0.5,88.75,94.75,92
CA,91000,34,2,2014,2014-07-31T00:00:00Z,11,24,3,5,4,15,25,20,65,75,70,75,85,80,0,1,0.5,0,1,0.5,91.25,96.25,94
CA,91000,35,2,2014,2014-08-07T00:00:00Z,17,53,15,25,20,55,65,60,45,55,50,75,85,80,0,1,0.5,0,1,0.5,86.25,93.25,90
CA,91000,36,2,2014,2014-09-01T00:00:00Z,22,82,3,5,4,75,85,80,35,45,40,65,75,70,0,1,0.5,0,1,0.5,77.25,86.25,82
CA,91000,37,2,2014,2014-09-01T00:00:00Z,24,159.5,3,5,4,85,95,90,10,15,12.5,75,85,80,0,1,0.5,0,1,0.5,77.5,87.25,82.5
CA,91000,38,2,2014,2014-09-05T00:00:00Z,30,54.5,1,3,2,55,65,60,15,25,20,75,85,80,0,1,0.5,0,1,0.5,78.75,88.75,84.00000000000001
CA,91000,39,2,2014,2014-09-08T00:00:00Z,22,22.5,0,1,0.5,10,15,12.5,65,75,70,85,95,90,0,1,0.5,0,1,0.5,94.75,98.75,97
CA,91000,40,2,2014,2014-09-08T00:00:00Z,19,55.5,1,3,2,65,75,70,25,35,30,75,85,80,0,1,0.5,0,1,0.5,81.25,90.25,86.00000000000001
CA,91000,41,2,2014,2014-09-10T00:00:00Z,18,78.5,3,5,4,55,65,60,65,75,70,65,75,70,0,1,0.5,0,1,0.5,87.75,93.75,90.99999999999999
CA,91000,42,2,2014,2014-09-10T00:00:00Z,22,55.5,1,3,2,35,45,40,15,25,20,85,95,90,0,1,0.5,0,1,0.5,87.25,96.24999999999999,92
CA,91000,43,2,2014,2014-06-16T00:00:00Z,8,24,1,3,2,25,35,30,15,25,20,85,95,90,5,10,7.5,0,1,0.5,87.25,96.24999999999999,92
CA,91000,44,2,2014,2014-07-16T00:00:00Z,12,40.5,3,5,4,45,55,50,25,35,30,65,75,70,0,1,0.5,0,1,0.5,73.75,83.75,79
CA,91000,45,2,2014,2014-07-16T00:00:00Z,11,124,1,3,2,95,100,97.5,75,85,80,65,75,70,0,1,0.5,0,1,0.5,91.25,96.25,94
CA,91000,46,2,2014,2014-07-22T00:00:00Z,11,102.5,15,25,20,75,85,80,55,65,60,65,75,70,0,1,0.5,0,1,0.5,84.25,91.25,88
CA,91000,47,2,2014,2014-07-31T00:00:00Z,9,40.5,3,5,4,35,45,40,45,55,50,75,85,80,0,1,0.5,0,1,0.5,86.25,93.25,90
CA,91000,48,2,2014,2014-07-31T00:00:00Z,21,47.5,3,5,4,45,55,50,25,35,30,75,85,80,0,1,0.5,0,1,0.5,81.25,90.25,86.00000000000001
CA,91000,49,2,2014,2014-08-07T00:00:00Z,29,75,25,35,30,55,65,60,45,55,50,65,75,70,0,1,0.5,0,1,0.5,80.75,88.75,85
CA,91000,50,2,2014,2014-09-01T00:00:00Z,22,49,1,3,2,45,55,50,35,45,40,85,95,90,0,1,0.5,0,1,0.5,90.25,97.24999999999999,94
CA,91000,51,2,2014,2014-09-01T00:00:00Z,20,84,1,3,2,65,75,70,35,45,40,85,95,90,0,1,0.5,0,1,0.5,90.25,97.24999999999999,94
CA,91000,52,2,2014,2014-09-03T00:00:00Z,23,39,1,3,2,45,55,50,45,55,50,85,95,90,0,1,0.5,0,1,0.5,91.75,97.75,95
CA,91000,53,2,2014,2014-09-08T00:00:00Z,19,73,1,3,2,55,65,60,25,35,30,85,95,90,0,1,0.5,0,1,0.5,88.75,96.75,93
CA,91000,54,2,2014,2014-09-08T00:00:00Z,18,38.5,0,1,0.5,35,45,40,25,35,30,85,95,90,0,1,0.5,0,1,0.5,88.75,96.75,93
CA,91000,55,2,2014,2014-09-10T00:00:00Z,23,45.5,1,3,2,35,45,40,15,25,20,85,95,90,0,1,0.5,0,1,0.5,87.25,96.24999999999999,92
CA,91000,56,2,2014,2014-09-10T00:00:00Z,20,20,0,1,0.5,10,15,12.5,15,25,20,85,95,90,0,1,0.5,0,1,0.5,87.25,96.24999999999999,92
CA,91000,57,2,2014,2014-06-16T00:00:00Z,8,99.5,0,1,0.5,85,95,90,5,10,7.5,85,95,90,5,10,7.5,0,1,0.5,85.75,95.5,90.75
CA,91000,58,2,2014,2014-07-16T00:00:00Z,13,61,0,1,0.5,55,65,60,45,55,50,75,85,80,0,1,0.5,0,1,0.5,86.25,93.25,90
CA,91000,59,2,2014,2014-07-16T00:00:00Z,12,108.5,3,5,4,95,100,97.5,45,55,50,85,95,90,0,1,0.5,0,1,0.5,91.75,97.75,95
CA,91000,60,2,2014,2014-07-22T00:00:00Z,10,98.5,5,10,7.5,75,85,80,25,35,30,65,75,70,0,1,0.5,0,1,0.5,73.75,83.75,79
CA,91000,61,2,2014,2014-07-31T00:00:00Z,12,82,5,10,7.5,65,75,70,15,25,20,85,95,90,0,1,0.5,0,1,0.5,87.25,96.24999999999999,92
CA,91000,62,2,2014,2014-08-05T00:00:00Z,19,55,1,3,2,55,65,60,45,55,50,65,75,70,0,1,0.5,0,1,0.5,80.75,88.75,85
CA,91000,63,2,2014,2014-08-07T00:00:00Z,22,62,5,10,7.5,65,75,70,,,,,,,0,1,0.5,0,1,0.5,,,
CA,91000,64,2,2014,2014-09-01T00:00:00Z,21,59.5,1,3,2,55,65,60,75,85,80,75,85,80,5,10,7.5,0,1,0.5,93.75,97.75,96
CA,91000,65,2,2014,2014-09-03T00:00:00Z,16,32.5,3,5,4,15,25,20,45,55,50,85,95,90,0,1,0.5,0,1,0.5,91.75,97.75,95
CA,91000,66,2,2014,2014-09-03T00:00:00Z,21,76,0,1,0.5,75,85,80,10,15,12.5,65,75,70,0,1,0.5,0,1,0.5,68.5,78.75,73.75
CA,91000,67,2,2014,2014-09-08T00:00:00Z,20,65,1,3,2,55,65,60,10,15,12.5,65,75,70,0,1,0.5,0,1,0.5,68.5,78.75,73.75
CA,91000,68,2,2014,2014-09-08T00:00:00Z,20,51.5,0,1,0.5,35,45,40,15,25,20,85,95,90,0,1,0.5,0,1,0.5,87.25,96.24999999999999,92
CA,91000,69,2,2014,2014-09-10T00:00:00Z,12,30,1,3,2,35,45,40,25,35,30,95,100,97.5,0,1,0.5,0,1,0.5,96.24999999999999,100,98.25
CA,91000,70,2,2014,2014-09-10T00:00:00Z,6,22.5,0,1,0.5,15,25,20,65,75,70,95,100,97.5,0,1,0.5,0,1,0.5,98.25,100,99.25
CA,91000,71,2,2014,2014-06-16T00:00:00Z,16,32,1,3,2,15,25,20,3,5,4,95,100,97.5,5,10,7.5,0,1,0.5,95.15,100,97.6
CA,91000,72,2,2014,2014-07-16T00:00:00Z,11,42.5,1,3,2,35,45,40,15,25,20,85,95,90,0,1,0.5,0,1,0.5,87.25,96.24999999999999,92
CA,91000,73,2,2014,2014-07-16T00:00:00Z,12,75,5,10,7.5,65,75,70,55,65,60,65,75,70,0,1,0.5,1,3,2,84.25,91.25,88
CA,91000,74,2,2014,2014-07-22T00:00:00Z,13,102,3,5,4,75,85,80,25,35,30,75,85,80,0,1,0.5,0,1,0.5,81.25,90.25,86.00000000000001
CA,91000,75,2,2014,2014-07-31T00:00:00Z,12,52,3,5,4,55,65,60,45,55,50,95,100,97.5,0,1,0.5,0,1,0.5,97.24999999999999,100,98.75
CA,91000,76,2,2014,2014-08-05T00:00:00Z,16,75.5,3,5,4,55,65,60,45,55,50,85,95,90,0,1,0.5,0,1,0.5,91.75,97.75,95
CA,91000,77,2,2014,2014-08-05T00:00:00Z,21,74.5,3,5,4,65,75,70,25,35,30,65,75,70,0,1,0.5,0,1,0.5,73.75,83.75,79
CA,91000,78,2,2014,2014-09-01T00:00:00Z,20,60.5,0,1,0.5,65,75,70,15,25,20,85,95,90,15,25,20,0,1,0.5,87.25,96.24999999999999,92
CA,91000,79,2,2014,2014-09-03T00:00:00Z,26,77.5,1,3,2,65,75,70,25,35,30,75,85,80,0,1,0.5,0,1,0.5,81.25,90.25,86.00000000000001
CA,91000,80,2,2014,2014-09-03T00:00:00Z,17,76,0,1,0.5,75,85,80,5,10,7.5,75,85,80,0,1,0.5,0,1,0.5,76.25,86.5,81.5
CA,91000,81,2,2014,2014-09-08T00:00:00Z,12,83.5,1,3,2,65,75,70,5,10,7.5,85,95,90,0,1,0.5,0,1,0.5,85.75,95.5,90.75
CA,91000,82,2,2014,2014-09-08T00:00:00Z,20,46.5,1,3,2,35,45,40,10,15,12.5,85,95,90,0,1,0.5,0,1,0.5,86.5,95.75,91.25
CA,91000,83,2,2014,2014-09-10T00:00:00Z,15,42,0,1,0.5,25,35,30,35,45,40,75,85,80,0,1,0.5,0,1,0.5,83.75,91.75,88
CA,91000,84,2,2014,2014-09-10T00:00:00Z,11,15,1,3,2,5,10,7.5,45,55,50,85,95,90,0,1,0.5,0,1,0.5,91.75,97.75,95
CA,91000,85,2,2014,2014-06-16T00:00:00Z,27,36.5,1,3,2,25,35,30,0,1,0.5,95,100,97.5,10,15,12.5,0,1,0.5,95,100,97.5125
CA,91000,86,2,2014,2014-07-16T00:00:00Z,23,65.5,0,1,0.5,65,75,70,15,25,20,85,95,90,0,1,0.5,0,1,0.5,87.25,96.24999999999999,92
CA,91000,87,2,2014,2014-07-16T00:00:00Z,17,36,1,3,2,35,45,40,45,55,50,85,95,90,0,1,0.5,0,1,0.5,91.75,97.75,95
CA,91000,88,2,2014,2014-07-22T00:00:00Z,14,72.5,3,5,4,65,75,70,35,45,40,85,95,90,0,1,0.5,0,1,0.5,90.25,97.24999999999999,94
CA,91000,89,2,2014,2014-07-31T00:00:00Z,16,54,1,3,2,45,55,50,45,55,50,95,100,97.5,0,1,0.5,0,1,0.5,97.24999999999999,100,98.75
CA,91000,90,2,2014,2014-07-31T00:00:00Z,17,44,3,5,4,55,65,60,65,75,70,85,95,90,0,1,0.5,0,1,0.5,94.75,98.75,97
CA,91000,91,2,2014,2014-08-07T00:00:00Z,19,55,0,1,0.5,35,45,40,65,75,70,85,95,90,0,1,0.5,0,1,0.5,94.75,98.75,97
CA,91000,92,2,2014,2014-09-01T00:00:00Z,21,36.5,1,3,2,25,35,30,35,45,40,75,85,80,15,25,20,0,1,0.5,83.75,91.75,88
CA,91000,93,2,2014,2014-09-03T00:00:00Z,22,58.5,1,3,2,65,75,70,35,45,40,95,100,97.5,5,10,7.5,0,1,0.5,96.75,100,98.5
CA,91000,94,2,2014,2014-09-03T00:00:00Z,19,59,1,3,2,55,65,60,25,35,30,85,95,90,0,1,0.5,0,1,0.5,88.75,96.75,93
CA,91000,95,2,2014,2014-09-08T00:00:00Z,19,54,3,5,4,55,65,60,45,55,50,85,95,90,0,1,0.5,0,1,0.5,91.75,97.75,95
CA,91000,96,2,2014,2014-09-08T00:00:00Z,20,47.5,0,1,0.5,65,75,70,55,65,60,75,85,80,0,1,0.5,0,1,0.5,88.75,94.75,92
CA,91000,97,2,2014,2014-09-10T00:00:00Z,14,53.5,1,3,2,15,25,20,55,65,60,85,95,90,0,1,0.5,0,1,0.5,93.25,98.25,96
CA,91000,98,2,2014,2014-09-10T00:00:00Z,14,52.5,1,3,2,35,45,40,45,55,50,85,95,90,0,1,0.5,0,1,0.5,91.75,97.75,95
CA,101000,1,2,2014,2014-05-21T00:00:00Z,18,93,0,1,0.5,75,85,80,35,45,40,95,100,97.5,,,,0,1,0.5,96.75,100,98.5
CA,101000,2,2,2014,2014-05-20T00:00:00Z,15,95,0,1,0.5,75,85,80,45,55,50,95,100,97.5,,,,0,1,0.5,97.24999999999999,100,98.75
CA,101000,3,2,2014,2014-05-20T00:00:00Z,14,103,0,1,0.5,75,85,80,25,35,30,95,100,97.5,,,,0,1,0.5,96.24999999999999,100,98.25
CA,101000,4,2,2014,2014-05-19T00:00:00Z,10,98,0,1,0.5,75,85,80,55,65,60,85,95,90,,,,0,1,0.5,93.25,98.25,96
CA,101000,5,2,2014,2014-05-19T00:00:00Z,10,90.5,0,1,0.5,75,85,80,25,35,30,95,100,97.5,,,,0,1,0.5,96.24999999999999,100,98.25
CA,101000,6,2,2014,2014-05-19T00:00:00Z,11,89.5,0,1,0.5,75,85,80,65,75,70,85,95,90,,,,0,1,0.5,94.75,98.75,97
CA,101000,7,2,2014,2014-05-16T00:00:00Z,14,89.5,0,1,0.5,75,85,80,25,35,30,95,100,97.5,,,,0,1,0.5,96.24999999999999,100,98.25
CA,101000,8,2,2014,2014-05-16T00:00:00Z,14,51,0,1,0.5,45,55,50,1,3,2,95,100,97.5,,,,0,1,0.5,95.04999999999998,100,97.55
CA,101000,9,2,2014,2014-05-15T00:00:00Z,13,102,0,1,0.5,85,95,90,0,1,0.5,95,100,97.5,,,,1,3,2,95,100,97.5125
CA,101000,10,2,2014,2014-05-15T00:00:00Z,13,109.5,0,1,0.5,85,95,90,0,1,0.5,95,100,97.5,,,,0,1,0.5,95,100,97.5125
CA,101000,11,2,2014,2014-06-03T00:00:00Z,11,112,0,1,0.5,95,100,97.5,3,5,4,95,100,97.5,,,,0,1,0.5,95.15,100,97.6
CA,101000,12,2,2014,2014-05-15T00:00:00Z,11,145.5,0,1,0.5,95,100,97.5,0,1,0.5,95,100,97.5,,,,0,1,0.5,95,100,97.5125
CA,101000,13,2,2014,2014-05-21T00:00:00Z,14,146.5,0,1,0.5,95,100,97.5,0,1,0.5,95,100,97.5,,,,0,1,0.5,95,100,97.5125
CA,101000,14,2,2014,2014-05-05T00:00:00Z,12,144,0,1,0.5,95,100,97.5,0,1,0.5,85,95,90,,,,0,1,0.5,85,95.04999999999998,90.05000000000001
CA,101000,15,2,2014,2014-05-21T00:00:00Z,20,88.5,0,1,0.5,65,75,70,35,45,40,95,100,97.5,,,,1,3,2,96.75,100,98.5
CA,101000,16,2,2014,2014-05-20T00:00:00Z,17,94.5,0,1,0.5,75,85,80,45,55,50,95,100,97.5,,,,1,3,2,97.24999999999999,100,98.75
CA,101000,17,2,2014,2014-05-20T00:00:00Z,12,90,0,1,0.5,75,85,80,3,5,4,95,100,97.5,,,,0,1,0.5,95.15,100,97.6
CA,101000,18,2,2014,2014-05-19T00:00:00Z,11,107,0,1,0.5,95,100,97.5,35,45,40,75,85,80,,,,0,1,0.5,83.75,91.75,88
CA,101000,19,2,2014,2014-05-19T00:00:00Z,11,93.5,0,1,0.5,75,85,80,5,10,7.5,95,100,97.5,,,,0,1,0.5,95.24999999999999,100,97.6875
CA,101000,20,2,2014,2014-05-19T00:00:00Z,10,96,0,1,0.5,85,95,90,65,75,70,95,100,97.5,,,,1,3,2,98.25,100,99.25
CA,101000,21,2,2014,2014-05-16T00:00:00Z,11,86.5,0,1,0.5,75,85,80,3,5,4,95,100,97.5,,,,1,3,2,95.15,100,97.6
CA,101000,22,2,2014,2014-05-16T00:00:00Z,11,68,0,1,0.5,55,65,60,3,5,4,95,100,97.5,,,,0,1,0.5,95.15,100,97.6
CA,101000,23,2,2014,2014-05-15T00:00:00Z,9,100.5,0,1,0.5,85,95,90,0,1,0.5,95,100,97.5,,,,1,3,2,95,100,97.5125
CA,101000,24,2,2014,2014-05-15T00:00:00Z,10,108.5,0,1,0.5,95,100,97.5,0,1,0.5,95,100,97.5,,,,0,1,0.5,95,100,97.5125
CA,101000,25,2,2014,2014-05-15T00:00:00Z,11,123,0,1,0.5,95,100,97.5,1,3,2,95,100,97.5,,,,0,1,0.5,95.04999999999998,100,97.55
CA,101000,26,2,2014,2014-05-15T00:00:00Z,11,133.5,0,1,0.5,95,100,97.5,0,1,0.5,95,100,97.5,,,,0,1,0.5,95,100,97.5125
CA,101000,27,2,2014,2014-05-21T00:00:00Z,12,138.5,0,1,0.5,95,100,97.5,0,1,0.5,95,100,97.5,,,,1,3,2,95,100,97.5125
CA,101000,28,2,2014,2014-05-05T00:00:00Z,14,159,0,1,0.5,95,100,97.5,0,1,0.5,95,100,97.5,,,,0,1,0.5,95,100,97.5125
CA,101000,29,2,2014,2014-05-21T00:00:00Z,15,101.5,0,1,0.5,85,95,90,25,35,30,95,100,97.5,,,,1,3,2,96.24999999999999,100,98.25
CA,101000,30,2,2014,2014-05-20T00:00:00Z,11,86.5,0,1,0.5,75,85,80,25,35,30,85,95,90,,,,1,3,2,88.75,96.75,93
CA,101000,31,2,2014,2014-05-20T00:00:00Z,11,127.5,0,1,0.5,85,95,90,35,45,40,45,55,50,,,,0,1,0.5,64.25,75.25,70
CA,101000,32,2,2014,2014-05-19T00:00:00Z,9,106,0,1,0.5,95,100,97.5,55,65,60,85,95,90,,,,1,3,2,93.25,98.25,96
CA,101000,33,2,2014,2014-05-19T00:00:00Z,8,83.5,0,1,0.5,75,85,80,15,25,20,85,95,90,,,,0,1,0.5,87.25,96.24999999999999,92
CA,101000,34,2,2014,2014-05-19T00:00:00Z,9,87,0,1,0.5,75,85,80,65,75,70,85,95,90,,,,0,1,0.5,94.75,98.75,97
CA,101000,35,2,2014,2014-05-16T00:00:00Z,11,99.5,0,1,0.5,85,95,90,1,3,2,95,100,97.5,,,,1,3,2,95.04999999999998,100,97.55
CA,101000,36,2,2014,2014-05-16T00:00:00Z,11,89.5,0,1,0.5,75,85,80,1,3,2,95,100,97.5,,,,0,1,0.5,95.04999999999998,100,97.55
CA,101000,37,2,2014,2014-05-15T00:00:00Z,11,110.5,0,1,0.5,95,100,97.5,0,1,0.5,95,100,97.5,,,,0,1,0.5,95,100,97.5125
CA,101000,38,2,2014,2014-05-15T00:00:00Z,11,118,0,1,0.5,95,100,97.5,0,1,0.5,95,100,97.5,,,,0,1,0.5,95,100,97.5125
CA,101000,39,2,2014,2014-05-15T00:00:00Z,12,122,0,1,0.5,95,100,97.5,0,1,0.5,95,100,97.5,,,,0,1,0.5,95,100,97.5125
CA,101000,40,2,2014,2014-05-15T00:00:00Z,10,117,0,1,0.5,95,100,97.5,0,1,0.5,95,100,97.5,,,,0,1,0.5,95,100,97.5125
CA,101000,41,2,2014,2014-05-21T00:00:00Z,12,115,0,1,0.5,95,100,97.5,0,1,0.5,95,100,97.5,,,,0,1,0.5,95,100,97.5125
CA,101000,42,2,2014,2014-05-05T00:00:00Z,12,146.5,0,1,0.5,95,100,97.5,0,1,0.5,95,100,97.5,,,,0,1,0.5,95,100,97.5125
CA,101000,43,2,2014,2014-05-21T00:00:00Z,10,105.5,0,1,0.5,85,95,90,10,15,12.5,85,95,90,,,,0,1,0.5,86.5,95.75,91.25
CA,101000,44,2,2014,2014-05-20T00:00:00Z,13,102.5,0,1,0.5,85,95,90,,,,,,,,,,1,3,2,,,
CA,101000,45,2,2014,2014-05-20T00:00:00Z,11,107,0,1,0.5,95,100,97.5,25,35,30,85,95,90,,,,0,1,0.5,88.75,96.75,93
CA,101000,46,2,2014,2014-05-19T00:00:00Z,9,104.5,0,1,0.5,95,100,97.5,35,45,40,95,100,97.5,,,,0,1,0.5,96.75,100,98.5
CA,101000,47,2,2014,2014-05-19T00:00:00Z,8,86.5,0,1,0.5,75,85,80,10,15,12.5,85,95,90,,,,0,1,0.5,86.5,95.75,91.25
CA,101000,48,2,2014,2014-05-16T00:00:00Z,11,100,0,1,0.5,85,95,90,85,95,90,85,95,90,,,,1,3,2,97.75,99.75,99
CA,101000,49,2,2014,2014-05-16T00:00:00Z,13,113,0,1,0.5,85,95,90,15,25,20,85,95,90,,,,1,3,2,87.25,96.24999999999999,92
CA,101000,50,2,2014,2014-05-16T00:00:00Z,8,105,0,1,0.5,85,95,90,3,5,4,95,100,97.5,,,,1,3,2,95.15,100,97.6
CA,101000,51,2,2014,2014-05-16T00:00:00Z,11,114,0,1,0.5,95,100,97.5,1,3,2,95,100,97.5,,,,0,1,0.5,95.04999999999998,100,97.55
CA,101000,52,2,2014,2014-05-15T00:00:00Z,9,82.5,0,1,0.5,55,65,60,0,1,0.5,95,100,97.5,,,,0,1,0.5,95,100,97.5125
CA,101000,53,2,2014,2014-05-15T00:00:00Z,12,79,0,1,0.5,55,65,60,0,1,0.5,95,100,97.5,,,,0,1,0.5,95,100,97.5125
CA,101000,54,2,2014,2014-05-15T00:00:00Z,13,85,0,1,0.5,75,85,80,0,1,0.5,95,100,97.5,,,,0,1,0.5,95,100,97.5125
CA,101000,55,2,2014,2014-05-05T00:00:00Z,14,122.5,0,1,0.5,95,100,97.5,0,1,0.5,95,100,97.5,,,,1,3,2,95,100,97.5125
CA,101000,56,2,2014,2014-05-05T00:00:00Z,11,134.5,0,1,0.5,85,95,90,0,1,0.5,95,100,97.5,,,,0,1,0.5,95,100,97.5125
CA,101000,57,2,2014,2014-05-21T00:00:00Z,13,108,0,1,0.5,95,100,97.5,35,45,40,85,95,90,,,,0,1,0.5,90.25,97.24999999999999,94
CA,101000,58,2,2014,2014-05-20T00:00:00Z,10,105,0,1,0.5,95,100,97.5,55,65,60,75,85,80,,,,1,3,2,88.75,94.75,92
CA,101000,59,2,2014,2014-05-20T00:00:00Z,9,107.5,0,1,0.5,95,100,97.5,25,35,30,85,95,90,,,,0,1,0.5,88.75,96.75,93
CA,101000,60,2,2014,2014-05-19T00:00:00Z,11,99.5,0,1,0.5,85,95,90,45,55,50,85,95,90,,,,0,1,0.5,91.75,97.75,95
CA,101000,61,2,2014,2014-05-19T00:00:00Z,9,80,0,1,0.5,65,75,70,55,65,60,85,95,90,,,,0,1,0.5,93.25,98.25,96
CA,101000,62,2,2014,2014-05-16T00:00:00Z,14,103.5,0,1,0.5,85,95,90,55,65,60,95,100,97.5,,,,0,1,0.5,97.75,100,99
CA,101000,63,2,2014,2014-05-16T00:00:00Z,15,114,0,1,0.5,85,95,90,35,45,40,95,100,97.5,,,,0,1,0.5,96.75,100,98.5
CA,101000,64,2,2014,2014-05-16T00:00:00Z,11,105.5,0,1,0.5,95,100,97.5,0,1,0.5,95,100,97.5,,,,0,1,0.5,95,100,97.5125
CA,101000,65,2,2014,2014-05-16T00:00:00Z,10,108,0,1,0.5,95,100,97.5,0,1,0.5,95,100,97.5,,,,0,1,0.5,95,100,97.5125
CA,101000,66,2,2014,2014-05-15T00:00:00Z,13,80.5,0,1,0.5,65,75,70,0,1,0.5,95,100,97.5,,,,0,1,0.5,95,100,97.5125
CA,101000,67,2,2014,2014-05-15T00:00:00Z,11,46.5,0,1,0.5,35,45,40,0,1,0.5,95,100,97.5,,,,1,3,2,95,100,97.5125
CA,101000,68,2,2014,2014-05-15T00:00:00Z,12,96.5,0,1,0.5,75,85,80,0,1,0.5,95,100,97.5,,,,0,1,0.5,95,100,97.5125
CA,101000,69,2,2014,2014-05-21T00:00:00Z,11,112.5,0,1,0.5,95,100,97.5,0,1,0.5,95,100,97.5,,,,0,1,0.5,95,100,97.5125
CA,101000,70,2,2014,2014-05-05T00:00:00Z,11,138,0,1,0.5,85,95,90,0,1,0.5,95,100,97.5,,,,0,1,0.5,95,100,97.5125
CA,101000,71,2,2014,2014-05-21T00:00:00Z,12,109,0,1,0.5,95,100,97.5,5,10,7.5,95,100,97.5,,,,0,1,0.5,95.24999999999999,100,97.6875
CA,101000,72,2,2014,2014-05-20T00:00:00Z,10,102,0,1,0.5,95,100,97.5,15,25,20,95,100,97.5,,,,0,1,0.5,95.75,100,98
CA,101000,73,2,2014,2014-05-20T00:00:00Z,9,106,0,1,0.5,95,100,97.5,35,45,40,95,100,97.5,,,,0,1,0.5,96.75,100,98.5
CA,101000,74,2,2014,2014-05-19T00:00:00Z,9,95.5,0,1,0.5,85,95,90,55,65,60,85,95,90,,,,0,1,0.5,93.25,98.25,96
CA,101000,75,2,2014,2014-05-19T00:00:00Z,12,104.5,0,1,0.5,95,100,97.5,15,25,20,85,95,90,,,,0,1,0.5,87.25,96.24999999999999,92
CA,101000,76,2,2014,2014-05-16T00:00:00Z,17,112,0,1,0.5,95,100,97.5,55,65,60,85,95,90,,,,0,1,0.5,93.25,98.25,96
CA,101000,77,2,2014,2014-05-16T00:00:00Z,13,114.5,0,1,0.5,85,95,90,35,45,40,75,85,80,,,,0,1,0.5,83.75,91.75,88
CA,101000,78,2,2014,2014-05-16T00:00:00Z,10,102.5,0,1,0.5,85,95,90,3,5,4,95,100,97.5,,,,0,1,0.5,95.15,100,97.6
CA,101000,79,2,2014,2014-05-16T00:00:00Z,9,106,1,3,2,95,100,97.5,0,1,0.5,95,100,97.5,,,,1,3,2,95,100,97.5125
CA,101000,80,2,2014,2014-05-15T00:00:00Z,11,103.5,0,1,0.5,85,95,90,0,1,0.5,95,100,97.5,,,,0,1,0.5,95,100,97.5125
CA,101000,81,2,2014,2014-05-15T00:00:00Z,13,84.5,0,1,0.5,65,75,70,15,25,20,95,100,97.5,,,,0,1,0.5,95.75,100,98
CA,101000,82,2,2014,2014-05-15T00:00:00Z,13,122,0,1,0.5,85,95,90,0,1,0.5,95,100,97.5,,,,0,1,0.5,95,100,97.5125
CA,101000,83,2,2014,2014-05-05T00:00:00Z,9,135,0,1,0.5,95,100,97.5,0,1,0.5,95,100,97.5,,,,0,1,0.5,95,100,97.5125
CA,101000,84,2,2014,2014-05-05T00:00:00Z,11,140,0,1,0.5,95,100,97.5,0,1,0.5,95,100,97.5,,,,0,1,0.5,95,100,97.5125
CA,101000,85,2,2014,2014-05-21T00:00:00Z,12,100,0,1,0.5,85,95,90,5,10,7.5,85,95,90,,,,0,1,0.5,85.75,95.5,90.75
CA,101000,86,2,2014,2014-05-20T00:00:00Z,16,99,0,1,0.5,85,95,90,15,25,20,95,100,97.5,,,,0,1,0.5,95.75,100,98
CA,101000,87,2,2014,2014-05-20T00:00:00Z,11,86.5,0,1,0.5,75,85,80,55,65,60,85,95,90,,,,1,3,2,93.25,98.25,96
CA,101000,88,2,2014,2014-05-19T00:00:00Z,7,84.5,0,1,0.5,75,85,80,5,10,7.5,95,100,97.5,,,,0,1,0.5,95.24999999999999,100,97.6875
CA,101000,89,2,2014,2014-05-19T00:00:00Z,10,105,0,1,0.5,95,100,97.5,1,3,2,95,100,97.5,,,,0,1,0.5,95.04999999999998,100,97.55
CA,101000,90,2,2014,2014-05-16T00:00:00Z,13,109.5,0,1,0.5,95,100,97.5,1,3,2,95,100,97.5,,,,0,1,0.5,95.04999999999998,100,97.55
CA,101000,91,2,2014,2014-05-16T00:00:00Z,11,86.5,0,1,0.5,65,75,70,3,5,4,95,100,97.5,,,,0,1,0.5,95.15,100,97.6
CA,101000,92,2,2014,2014-05-16T00:00:00Z,9,100.5,0,1,0.5,85,95,90,1,3,2,95,100,97.5,,,,0,1,0.5,95.04999999999998,100,97.55
CA,101000,93,2,2014,2014-05-16T00:00:00Z,9,109.5,0,1,0.5,95,100,97.5,1,3,2,95,100,97.5,,,,0,1,0.5,95.04999999999998,100,97.55
CA,101000,94,2,2014,2014-05-15T00:00:00Z,12,111.5,0,1,0.5,95,100,97.5,0,1,0.5,95,100,97.5,,,,0,1,0.5,95,100,97.5125
CA,101000,95,2,2014,2014-05-15T00:00:00Z,10,96.5,0,1,0.5,75,85,80,3,5,4,95,100,97.5,,,,0,1,0.5,95.15,100,97.6
CA,101000,96,2,2014,2014-05-15T00:00:00Z,15,86,0,1,0.5,65,75,70,15,25,20,95,100,97.5,,,,0,1,0.5,95.75,100,98
CA,101000,97,2,2014,2014-05-05T00:00:00Z,13,113,0,1,0.5,85,95,90,0,1,0.5,95,100,97.5,,,,0,1,0.5,95,100,97.5125
CA,101000,98,2,2014,2014-05-05T00:00:00Z,10,126,0,1,0.5,85,95,90,0,1,0.5,95,100,97.5,,,,0,1,0.5,95,100,97.5125
CA,111000,1,2,2015,2015-07-06T00:00:00Z,15,202,0,1,0.5,85,95,90,25,35,30,95,100,97.5,0,1,0.5,0,1,0.5,96.24999999999999,100,98.25
CA,111000,2,2,2015,2015-07-06T00:00:00Z,15,228.5,0,1,0.5,85,95,90,35,45,40,95,100,97.5,0,1,0.5,0,1,0.5,96.75,100,98.5
CA,111000,3,2,2015,2015-07-06T00:00:00Z,13,200.5,0,1,0.5,65,75,70,3,5,4,95,100,97.5,0,1,0.5,0,1,0.5,95.15,100,97.6
CA,111000,4,2,2015,2015-07-06T00:00:00Z,12,142,0,1,0.5,75,85,80,5,10,7.5,85,95,90,0,1,0.5,0,1,0.5,85.75,95.5,90.75
CA,111000,5,2,2015,2015-07-15T00:00:00Z,12,132,0,1,0.5,75,85,80,3,5,4,95,100,97.5,0,1,0.5,0,1,0.5,95.15,100,97.6
CA,111000,6,2,2015,2015-07-15T00:00:00Z,16,113,0,1,0.5,65,75,70,25,35,30,85,95,90,0,1,0.5,0,1,0.5,88.75,96.75,93
CA,111000,7,2,2015,2015-07-01T00:00:00Z,13,136,0,1,0.5,55,65,60,15,25,20,85,95,90,0,1,0.5,0,1,0.5,87.25,96.24999999999999,92
CA,111000,8,2,2015,2015-07-01T00:00:00Z,16,73,0,1,0.5,35,45,40,5,10,7.5,95,100,97.5,0,1,0.5,0,1,0.5,95.24999999999999,100,97.6875
CA,111000,9,2,2015,2015-07-01T00:00:00Z,14,77,0,1,0.5,45,55,50,10,15,12.5,85,95,90,0,1,0.5,1,3,2,86.5,95.75,91.25
CA,111000,10,2,2015,2015-07-08T00:00:00Z,14,90,0,1,0.5,35,45,40,1,3,2,95,100,97.5,0,1,0.5,0,1,0.5,95.04999999999998,100,97.55
CA,111000,11,2,2015,2015-08-04T00:00:00Z,18,84.5,1,3,2,55,65,60,5,10,7.5,85,95,90,0,1,0.5,0,1,0.5,85.75,95.5,90.75
CA,111000,12,2,2015,2015-07-13T00:00:00Z,18,91.5,0,1,0.5,65,75,70,5,10,7.5,95,100,97.5,0,1,0.5,0,1,0.5,95.24999999999999,100,97.6875
CA,111000,13,2,2015,2015-07-13T00:00:00Z,15,135,0,1,0.5,25,35,30,5,10,7.5,95,100,97.5,0,1,0.5,0,1,0.5,95.24999999999999,100,97.6875
CA,111000,14,2,2015,2015-07-13T00:00:00Z,12,128.5,0,1,0.5,15,25,20,35,45,40,95,100,97.5,0,1,0.5,0,1,0.5,96.75,100,98.5
CA,111000,15,2,2015,2015-07-06T00:00:00Z,14,197,0,1,0.5,95,100,97.5,15,25,20,95,100,97.5,0,1,0.5,0,1,0.5,95.75,100,98
CA,111000,16,2,2015,2015-07-06T00:00:00Z,9,220,0,1,0.5,75,85,80,25,35,30,85,95,90,0,1,0.5,0,1,0.5,88.75,96.75,93
CA,111000,17,2,2015,2015-07-06T00:00:00Z,15,233,0,1,0.5,75,85,80,15,25,20,85,95,90,0,1,0.5,0,1,0.5,87.25,96.24999999999999,92
CA,111000,18,2,2015,2015-07-06T00:00:00Z,12,209.5,0,1,0.5,85,95,90,0,1,0.5,85,95,90,0,1,0.5,0,1,0.5,85,95.04999999999998,90.05000000000001
CA,111000,19,2,2015,2015-07-15T00:00:00Z,11,171.5,0,1,0.5,75,85,80,10,15,12.5,95,100,97.5,0,1,0.5,0,1,0.5,95.5,100,97.8125
CA,111000,20,2,2015,2015-07-15T00:00:00Z,14,190,0,1,0.5,95,100,97.5,15,25,20,95,100,97.5,0,1,0.5,0,1,0.5,95.75,100,98
CA,111000,21,2,2015,2015-07-01T00:00:00Z,15,92.5,0,1,0.5,65,75,70,55,65,60,95,100,97.5,0,1,0.5,0,1,0.5,97.75,100,99
CA,111000,22,2,2015,2015-07-01T00:00:00Z,16,122,0,1,0.5,55,65,60,10,15,12.5,95,100,97.5,0,1,0.5,1,3,2,95.5,100,97.8125
CA,111000,23,2,2015,2015-07-01T00:00:00Z,14,84,0,1,0.5,35,45,40,15,25,20,95,100,97.5,0,1,0.5,0,1,0.5,95.75,100,98
CA,111000,24,2,2015,2015-07-08T00:00:00Z,15,92,0,1,0.5,35,45,40,35,45,40,85,95,90,0,1,0.5,0,1,0.5,90.25,97.24999999999999,94
CA,111000,25,2,2015,2015-08-04T00:00:00Z,16,104,0,1,0.5,65,75,70,1,3,2,95,100,97.5,0,1,0.5,0,1,0.5,95.04999999999998,100,97.55
CA,111000,26,2,2015,2015-07-13T00:00:00Z,16,106.5,0,1,0.5,45,55,50,3,5,4,95,100,97.5,0,1,0.5,0,1,0.5,95.15,100,97.6
CA,111000,27,2,2015,2015-07-13T00:00:00Z,13,89.5,0,1,0.5,45,55,50,15,25,20,85,95,90,0,1,0.5,0,1,0.5,87.25,96.24999999999999,92
CA,111000,28,2,2015,2015-07-13T00:00:00Z,13,39,0,1,0.5,10,15,12.5,25,35,30,95,100,97.5,0,1,0.5,1,3,2,96.24999999999999,100,98.25
CA,111000,29,2,2015,2015-07-06T00:00:00Z,11,203.5,0,1,0.5,85,95,90,35,45,40,95,100,97.5,0,1,0.5,0,1,0.5,96.75,100,98.5
CA,111000,30,2,2015,2015-07-06T00:00:00Z,13,214.5,0,1,0.5,85,95,90,25,35,30,95,100,97.5,0,1,0.5,0,1,0.5,96.24999999999999,100,98.25
CA,111000,31,2,2015,2015-07-06T00:00:00Z,12,221.5,0,1,0.5,75,85,80,15,25,20,95,100,97.5,0,1,0.5,0,1,0.5,95.75,100,98
CA,111000,32,2,2015,2015-07-06T00:00:00Z,14,199.5,0,1,0.5,75,85,80,35,45,40,85,95,90,0,1,0.5,0,1,0.5,90.25,97.24999999999999,94
CA,111000,33,2,2015,2015-07-15T00:00:00Z,12,177,0,1,0.5,95,100,97.5,35,45,40,85,95,90,0,1,0.5,0,1,0.5,90.25,97.24999999999999,94
CA,111000,34,2,2015,2015-07-15T00:00:00Z,11,184.5,0,1,0.5,85,95,90,75,85,80,75,85,80,0,1,0.5,0,1,0.5,93.75,97.75,96
CA,111000,35,2,2015,2015-07-01T00:00:00Z,12,141.5,0,1,0.5,85,95,90,65,75,70,25,35,30,0,1,0.5,0,1,0.5,73.75,83.75,79
CA,111000,36,2,2015,2015-07-01T00:00:00Z,15,77.5,0,1,0.5,55,65,60,25,35,30,85,95,90,0,1,0.5,1,3,2,88.75,96.75,93
CA,111000,37,2,2015,2015-07-01T00:00:00Z,17,83,0,1,0.5,65,75,70,0,1,0.5,95,100,97.5,0,1,0.5,0,1,0.5,95,100,97.5125
CA,111000,38,2,2015,2015-07-08T00:00:00Z,13,85.5,0,1,0.5,55,65,60,0,1,0.5,95,100,97.5,0,1,0.5,0,1,0.5,95,100,97.5125
CA,111000,39,2,2015,2015-08-04T00:00:00Z,17,125,0,1,0.5,65,75,70,5,10,7.5,95,100,97.5,0,1,0.5,0,1,0.5,95.24999999999999,100,97.6875
CA,111000,40,2,2015,2015-07-13T00:00:00Z,13,74,0,1,0.5,35,45,40,10,15,12.5,85,95,90,0,1,0.5,0,1,0.5,86.5,95.75,91.25
CA,111000,41,2,2015,2015-07-13T00:00:00Z,12,64.5,0,1,0.5,35,45,40,15,25,20,95,100,97.5,0,1,0.5,0,1,0.5,95.75,100,98
CA,111000,42,2,2015,2015-07-13T00:00:00Z,12,28.5,0,1,0.5,10,15,12.5,35,45,40,85,95,90,0,1,0.5,0,1,0.5,90.25,97.24999999999999,94
CA,111000,43,2,2015,2015-07-06T00:00:00Z,14,171,0,1,0.5,65,75,70,10,15,12.5,95,100,97.5,0,1,0.5,0,1,0.5,95.5,100,97.8125
CA,111000,44,2,2015,2015-07-06T00:00:00Z,12,207,0,1,0.5,75,85,80,15,25,20,95,100,97.5,0,1,0.5,0,1,0.5,95.75,100,98
CA,111000,45,2,2015,2015-07-06T00:00:00Z,12,234.5,0,1,0.5,75,85,80,35,45,40,65,75,70,0,1,0.5,0,1,0.5,77.25,86.25,82
CA,111000,46,2,2015,2015-07-06T00:00:00Z,13,208.5,0,1,0.5,85,95,90,15,25,20,75,85,80,0,1,0.5,0,1,0.5,78.75,88.75,84.00000000000001
CA,111000,47,2,2015,2015-07-15T00:00:00Z,13,173,0,1,0.5,95,100,97.5,3,5,4,85,95,90,0,1,0.5,0,1,0.5,85.45,95.24999999999999,90.4
CA,111000,48,2,2015,2015-08-04T00:00:00Z,10,143,1,3,2,85,95,90,45,55,50,15,25,20,0,1,0.5,0,1,0.5,53.25,66.25000000000001,60
CA,111000,49,2,2015,2015-08-04T00:00:00Z,9,101.5,0,1,0.5,85,95,90,55,65,60,25,35,30,0,1,0.5,0,1,0.5,66.25000000000001,77.25,72
CA,111000,50,2,2015,2015-07-01T00:00:00Z,11,76,0,1,0.5,55,65,60,10,15,12.5,95,100,97.5,0,1,0.5,0,1,0.5,95.5,100,97.8125
CA,111000,51,2,2015,2015-07-08T00:00:00Z,12,103,0,1,0.5,55,65,60,10,15,12.5,85,95,90,0,1,0.5,1,3,2,86.5,95.75,91.25
CA,111000,52,2,2015,2015-07-08T00:00:00Z,14,143,0,1,0.5,75,85,80,10,15,12.5,95,100,97.5,0,1,0.5,0,1,0.5,95.5,100,97.8125
CA,111000,53,2,2015,2015-08-04T00:00:00Z,17,115.5,1,3,2,45,55,50,15,25,20,85,95,90,0,1,0.5,0,1,0.5,87.25,96.24999999999999,92
CA,111000,54,2,2015,2015-07-13T00:00:00Z,12,102,0,1,0.5,45,55,50,5,10,7.5,85,95,90,0,1,0.5,0,1,0.5,85.75,95.5,90.75
CA,111000,55,2,2015,2015-07-13T00:00:00Z,12,65,0,1,0.5,25,35,30,25,35,30,85,95,90,0,1,0.5,0,1,0.5,88.75,96.75,93
CA,111000,56,2,2015,2015-07-13T00:00:00Z,12,45.5,0,1,0.5,15,25,20,15,25,20,95,100,97.5,0,1,0.5,1,3,2,95.75,100,98
CA,111000,57,2,2015,2015-06-29T00:00:00Z,14,100,0,1,0.5,65,75,70,10,15,12.5,95,100,97.5,0,1,0.5,0,1,0.5,95.5,100,97.8125
CA,111000,58,2,2015,2015-06-29T00:00:00Z,9,214,0,1,0.5,85,95,90,5,10,7.5,95,100,97.5,0,1,0.5,0,1,0.5,95.24999999999999,100,97.6875
CA,111000,59,2,2015,2015-06-29T00:00:00Z,10,203.5,0,1,0.5,85,95,90,10,15,12.5,85,95,90,0,1,0.5,0,1,0.5,86.5,95.75,91.25
CA,111000,60,2,2015,2015-06-29T00:00:00Z,11,171.5,0,1,0.5,65,75,70,5,10,7.5,95,100,97.5,0,1,0.5,0,1,0.5,95.24999999999999,100,97.6875
CA,111000,61,2,2015,2015-05-12T00:00:00Z,12,172.5,0,1,0.5,85,95,90,45,55,50,55,65,60,0,1,0.5,0,1,0.5,75.25,84.25,80
CA,111000,62,2,2015,2015-08-04T00:00:00Z,5,108,0,1,0.5,95,100,97.5,0,1,0.5,0,1,0.5,0,1,0.5,0,1,0.5,0,1.9900000000000029,0.9974999999999956
CA,111000,63,2,2015,2015-08-04T00:00:00Z,9,113,0,1,0.5,95,100,97.5,5,10,7.5,45,55,50,0,1,0.5,0,1,0.5,47.75,59.5,53.75
CA,111000,64,2,2015,2015-07-01T00:00:00Z,12,103.5,0,1,0.5,65,75,70,15,25,20,95,100,97.5,0,1,0.5,1,3,2,95.75,100,98
CA,111000,65,2,2015,2015-07-08T00:00:00Z,12,86,0,1,0.5,55,65,60,15,25,20,95,100,97.5,0,1,0.5,1,3,2,95.75,100,98
CA,111000,66,2,2015,2015-07-08T00:00:00Z,15,106,0,1,0.5,65,75,70,5,10,7.5,85,95,90,0,1,0.5,0,1,0.5,85.75,95.5,90.75
CA,111000,67,2,2015,2015-08-04T00:00:00Z,14,154.5,0,1,0.5,75,85,80,15,25,20,75,85,80,0,1,0.5,0,1,0.5,78.75,88.75,84.00000000000001
CA,111000,68,2,2015,2015-07-13T00:00:00Z,17,153.5,0,1,0.5,65,75,70,1,3,2,95,100,97.5,0,1,0.5,0,1,0.5,95.04999999999998,100,97.55
CA,111000,69,2,2015,2015-07-13T00:00:00Z,12,107,0,1,0.5,35,45,40,65,75,70,85,95,90,0,1,0.5,0,1,0.5,94.75,98.75,97
CA,111000,70,2,2015,2015-07-13T00:00:00Z,15,118,0,1,0.5,45,55,50,35,45,40,85,95,90,0,1,0.5,0,1,0.5,90.25,97.24999999999999,94
CA,111000,71,2,2015,2015-06-29T00:00:00Z,15,65,0,1,0.5,45,55,50,0,1,0.5,95,100,97.5,0,1,0.5,0,1,0.5,95,100,97.5125
CA,111000,72,2,2015,2015-06-29T00:00:00Z,12,102,0,1,0.5,55,65,60,1,3,2,85,95,90,0,1,0.5,0,1,0.5,85.14999999999999,95.15,90.2
CA,111000,73,2,2015,2015-06-29T00:00:00Z,13,172.5,0,1,0.5,65,75,70,5,10,7.5,95,100,97.5,0,1,0.5,1,3,2,95.24999999999999,100,97.6875
CA,111000,74,2,2015,2015-06-29T00:00:00Z,14,193,0,1,0.5,65,75,70,35,45,40,95,100,97.5,0,1,0.5,0,1,0.5,96.75,100,98.5
CA,111000,75,2,2015,2015-06-29T00:00:00Z,13,164.5,0,1,0.5,95,100,97.5,5,10,7.5,75,85,80,0,1,0.5,0,1,0.5,76.25,86.5,81.5
CA,111000,76,2,2015,2015-08-04T00:00:00Z,7,118,0,1,0.5,95,100,97.5,3,5,4,85,95,90,0,1,0.5,0,1,0.5,85.45,95.24999999999999,90.4
CA,111000,77,2,2015,2015-08-04T00:00:00Z,7,114,0,1,0.5,95,100,97.5,3,5,4,75,85,80,0,1,0.5,0,1,0.5,75.75,85.75,80.80000000000001
CA,111000,78,2,2015,2015-07-01T00:00:00Z,12,100,0,1,0.5,55,65,60,15,25,20,95,100,97.5,0,1,0.5,0,1,0.5,95.75,100,98
CA,111000,79,2,2015,2015-07-08T00:00:00Z,12,81,0,1,0.5,45,55,50,10,15,12.5,85,95,90,0,1,0.5,0,1,0.5,86.5,95.75,91.25
CA,111000,80,2,2015,2015-07-08T00:00:00Z,14,109.5,0,1,0.5,65,75,70,10,15,12.5,95,100,97.5,0,1,0.5,0,1,0.5,95.5,100,97.8125
CA,111000,81,2,2015,2015-08-04T00:00:00Z,16,134,1,3,2,65,75,70,5,10,7.5,85,95,90,0,1,0.5,0,1,0.5,85.75,95.5,90.75
CA,111000,82,2,2015,2015-07-13T00:00:00Z,10,170.5,0,1,0.5,65,75,70,10,15,12.5,85,95,90,0,1,0.5,0,1,0.5,86.5,95.75,91.25
CA,111000,83,2,2015,2015-07-13T00:00:00Z,14,106.5,1,3,2,35,45,40,15,25,20,85,95,90,0,1,0.5,0,1,0.5,87.25,96.24999999999999,92
CA,111000,84,2,2015,2015-07-13T00:00:00Z,17,100.5,0,1,0.5,45,55,50,15,25,20,95,100,97.5,0,1,0.5,0,1,0.5,95.75,100,98
CA,111000,85,2,2015,2015-06-29T00:00:00Z,13,78,0,1,0.5,25,35,30,0,1,0.5,95,100,97.5,0,1,0.5,1,3,2,95,100,97.5125
CA,111000,86,2,2015,2015-06-29T00:00:00Z,18,115.5,0,1,0.5,65,75,70,15,25,20,95,100,97.5,0,1,0.5,0,1,0.5,95.75,100,98
CA,111000,87,2,2015,2015-06-29T00:00:00Z,14,148,0,1,0.5,75,85,80,5,10,7.5,85,95,90,0,1,0.5,0,1,0.5,85.75,95.5,90.75
CA,111000,88,2,2015,2015-06-29T00:00:00Z,13,171,0,1,0.5,75,85,80,15,25,20,95,100,97.5,0,1,0.5,0,1,0.5,95.75,100,98
CA,111000,89,2,2015,2015-06-29T00:00:00Z,17,158,0,1,0.5,75,85,80,1,3,2,95,100,97.5,0,1,0.5,0,1,0.5,95.04999999999998,100,97.55
CA,111000,90,2,2015,2015-06-29T00:00:00Z,16,105,0,1,0.5,75,85,80,5,10,7.5,85,95,90,0,1,0.5,0,1,0.5,85.75,95.5,90.75
CA,111000,91,2,2015,2015-06-29T00:00:00Z,16,96.5,0,1,0.5,75,85,80,3,5,4,95,100,97.5,0,1,0.5,0,1,0.5,95.15,100,97.6
CA,111000,92,2,2015,2015-06-29T00:00:00Z,18,152,0,1,0.5,65,75,70,0,1,0.5,95,100,97.5,0,1,0.5,0,1,0.5,95,100,97.5125
CA,111000,93,2,2015,2015-06-29T00:00:00Z,14,98.5,0,1,0.5,35,45,40,25,35,30,95,100,97.5,0,1,0.5,0,1,0.5,96.24999999999999,100,98.25
CA,111000,94,2,2015,2015-06-29T00:00:00Z,14,94,0,1,0.5,45,55,50,0,1,0.5,95,100,97.5,0,1,0.5,0,1,0.5,95,100,97.5125
CA,111000,95,2,2015,2015-06-29T00:00:00Z,14,81,0,1,0.5,45,55,50,15,25,20,95,100,97.5,0,1,0.5,0,1,0.5,95.75,100,98
CA,111000,96,2,2015,2015-06-29T00:00:00Z,16,169.5,0,1,0.5,55,65,60,5,10,7.5,95,100,97.5,0,1,0.5,0,1,0.5,95.24999999999999,100,97.6875
CA,111000,97,2,2015,2015-06-29T00:00:00Z,15,113,0,1,0.5,35,45,40,10,15,12.5,95,100,97.5,0,1,0.5,0,1,0.5,95.5,100,97.8125
CA,111000,98,2,2015,2015-06-29T00:00:00Z,14,102.5,0,1,0.5,55,65,60,15,25,20,95,100,97.5,0,1,0.5,0,1,0.5,95.75,100,98
CA,121000,1,2,2016,2016-07-20T00:00:00Z,16,86,0,1,0.5,45,55,50,5,10,7.5,85,95,90,0,1,0.5,0,1,0.5,85.75,95.5,90.75
CA,121000,2,2,2016,2016-07-20T00:00:00Z,13,94.5,0,1,0.5,35,45,40,3,5,4,85,95,90,0,1,0.5,0,1,0.5,85.45,95.24999999999999,90.4
CA,121000,3,2,2016,2016-07-20T00:00:00Z,12,71.5,0,1,0.5,45,55,50,0,1,0.5,95,100,97.5,0,1,0.5,0,1,0.5,95,100,97.5125
CA,121000,4,2,2016,2016-07-20T00:00:00Z,17,65.5,0,1,0.5,35,45,40,0,1,0.5,75,85,80,0,1,0.5,0,1,0.5,75,85.14999999999999,80.10000000000001
CA,121000,5,2,2016,2016-07-20T00:00:00Z,19,93.5,0,1,0.5,15,25,20,,,,,,,0,1,0.5,0,1,0.5,,,
CA,121000,6,2,2016,2016-07-20T00:00:00Z,15,137.5,0,1,0.5,45,55,50,0,1,0.5,85,95,90,0,1,0.5,0,1,0.5,85,95.04999999999998,90.05000000000001
CA,121000,7,2,2016,2016-07-18T00:00:00Z,20,98,0,1,0.5,25,35,30,0,1,0.5,95,100,97.5,0,1,0.5,0,1,0.5,95,100,97.5125
CA,121000,8,2,2016,2016-07-18T00:00:00Z,19,102.5,0,1,0.5,35,45,40,3,5,4,95,100,97.5,0,1,0.5,0,1,0.5,95.15,100,97.6
CA,121000,9,2,2016,2016-07-18T00:00:00Z,16,104,0,1,0.5,25,35,30,5,10,7.5,95,100,97.5,0,1,0.5,0,1,0.5,95.24999999999999,100,97.6875
CA,121000,10,2,2016,2016-07-18T00:00:00Z,18,110.5,0,1,0.5,35,45,40,15,25,20,85,95,90,0,1,0.5,0,1,0.5,87.25,96.24999999999999,92
CA,121000,11,2,2016,2016-07-18T00:00:00Z,14,127,0,1,0.5,45,55,50,45,55,50,85,95,90,0,1,0.5,0,1,0.5,91.75,97.75,95
CA,121000,12,2,2016,2016-07-18T00:00:00Z,18,138.5,0,1,0.5,55,65,60,25,35,30,85,95,90,0,1,0.5,0,1,0.5,88.75,96.75,93
CA,121000,13,2,2016,2016-07-18T00:00:00Z,19,130,0,1,0.5,45,55,50,35,45,40,85,95,90,0,1,0.5,0,1,0.5,90.25,97.24999999999999,94
CA,121000,14,2,2016,2016-07-18T00:00:00Z,14,97.5,0,1,0.5,15,25,20,75,85,80,85,95,90,0,1,0.5,1,3,2,96.25,99.25,98
CA,121000,15,2,2016,2016-07-20T00:00:00Z,16,55.5,0,1,0.5,25,35,30,25,35,30,85,95,90,0,1,0.5,1,3,2,88.75,96.75,93
CA,121000,16,2,2016,2016-07-20T00:00:00Z,14,86,0,1,0.5,25,35,30,5,10,7.5,85,95,90,0,1,0.5,0,1,0.5,85.75,95.5,90.75
CA,121000,17,2,2016,2016-07-20T00:00:00Z,17,95,0,1,0.5,35,45,40,3,5,4,85,95,90,0,1,0.5,1,3,2,85.45,95.24999999999999,90.4
CA,121000,18,2,2016,2016-07-20T00:00:00Z,17,58,0,1,0.5,25,35,30,3,5,4,75,85,80,0,1,0.5,0,1,0.5,75.75,85.75,80.80000000000001
CA,121000,19,2,2016,2016-07-25T10:57:52Z,17,89.5,0,1,0.5,15,25,20,0,1,0.5,85,95,90,0,1,0.5,0,1,0.5,85,95.04999999999998,90.05000000000001
CA,121000,20,2,2016,2016-07-25T11:20:14Z,18,98,0,1,0.5,25,35,30,0,1,0.5,85,95,90,0,1,0.5,0,1,0.5,85,95.04999999999998,90.05000000000001
CA,121000,21,2,2016,2016-07-25T11:34:25Z,16,108.5,0,1,0.5,35,45,40,1,3,2,95,100,97.5,0,1,0.5,0,1,0.5,95.04999999999998,100,97.55
CA,121000,22,2,2016,2016-07-25T11:37:25Z,16,130.5,0,1,0.5,45,55,50,1,3,2,95,100,97.5,0,1,0.5,1,3,2,95.04999999999998,100,97.55
CA,121000,23,2,2016,2016-07-25T12:01:36Z,17,120,0,1,0.5,35,45,40,0,1,0.5,95,100,97.5,0,1,0.5,0,1,0.5,95,100,97.5125
CA,121000,24,2,2016,2016-07-25T12:06:03Z,18,113,0,1,0.5,15,25,20,1,3,2,85,95,90,0,1,0.5,0,1,0.5,85.14999999999999,95.15,90.2
CA,121000,25,2,2016,2016-07-25T12:40:09Z,15,136.5,0,1,0.5,55,65,60,3,5,4,85,95,90,0,1,0.5,0,1,0.5,85.45,95.24999999999999,90.4
CA,121000,26,2,2016,2016-07-25T13:02:28Z,16,128.5,0,1,0.5,55,65,60,45,55,50,85,95,90,0,1,0.5,0,1,0.5,91.75,97.75,95
CA,121000,27,2,2016,2016-07-25T13:05:34Z,18,134.5,0,1,0.5,75,85,80,1,3,2,85,95,90,0,1,0.5,0,1,0.5,85.14999999999999,95.15,90.2
CA,121000,28,2,2016,2016-07-25T13:18:29Z,18,105,0,1,0.5,35,45,40,15,25,20,85,95,90,0,1,0.5,0,1,0.5,87.25,96.24999999999999,92
CA,121000,29,2,2016,2016-07-26T12:51:10Z,14,79.5,0,1,0.5,15,25,20,45,55,50,75,85,80,0,1,0.5,1,3,2,86.25,93.25,90
CA,121000,30,2,2016,2016-07-26T12:33:38Z,16,88,0,1,0.5,35,45,40,45,55,50,75,85,80,0,1,0.5,1,3,2,86.25,93.25,90
CA,121000,31,2,2016,2016-07-26T12:19:12Z,16,113,1,3,2,45,55,50,45,55,50,85,95,90,0,1,0.5,1,3,2,91.75,97.75,95
CA,121000,32,2,2016,2016-07-26T12:03:44Z,16,125.5,1,3,2,45,55,50,35,45,40,85,95,90,0,1,0.5,3,5,4,90.25,97.24999999999999,94
CA,121000,33,2,2016,2016-07-26T11:30:14Z,18,114.5,0,1,0.5,45,55,50,1,3,2,85,95,90,0,1,0.5,0,1,0.5,85.14999999999999,95.15,90.2
CA,121000,34,2,2016,2016-07-26T11:19:09Z,12,85.5,0,1,0.5,25,35,30,5,10,7.5,85,95,90,0,1,0.5,0,1,0.5,85.75,95.5,90.75
CA,121000,35,2,2016,2016-07-26T11:07:20Z,16,109,0,1,0.5,25,35,30,25,35,30,85,95,90,0,1,0.5,1,3,2,88.75,96.75,93
CA,121000,36,2,2016,2016-07-26T10:56:38Z,16,102,0,1,0.5,15,25,20,25,35,30,85,95,90,0,1,0.5,0,1,0.5,88.75,96.75,93
CA,121000,37,2,2016,2016-07-26T10:45:12Z,18,92.5,0,1,0.5,35,45,40,10,15,12.5,95,100,97.5,0,1,0.5,1,3,2,95.5,100,97.8125
CA,121000,38,2,2016,2016-07-26T10:30:56Z,19,112.5,0,1,0.5,25,35,30,15,25,20,85,95,90,0,1,0.5,0,1,0.5,87.25,96.24999999999999,92
CA,121000,39,2,2016,2016-07-26T10:17:46Z,20,111,0,1,0.5,35,45,40,15,25,20,85,95,90,0,1,0.5,0,1,0.5,87.25,96.24999999999999,92
CA,121000,40,2,2016,2016-07-25T14:08:02Z,20,136,0,1,0.5,65,75,70,10,15,12.5,85,95,90,0,1,0.5,0,1,0.5,86.5,95.75,91.25
CA,121000,41,2,2016,2016-07-25T13:51:03Z,18,115.5,0,1,0.5,45,55,50,35,45,40,85,95,90,0,1,0.5,0,1,0.5,90.25,97.24999999999999,94
CA,121000,42,2,2016,2016-07-25T13:37:50Z,15,122,1,3,2,45,55,50,15,25,20,85,95,90,0,1,0.5,0,1,0.5,87.25,96.24999999999999,92
CA,121000,43,2,2016,2016-07-26T13:03:31Z,15,103.5,0,1,0.5,45,55,50,25,35,30,85,95,90,0,1,0.5,0,1,0.5,88.75,96.75,93
CA,121000,44,2,2016,2016-07-26T13:17:32Z,19,126.5,0,1,0.5,65,75,70,1,3,2,85,95,90,0,1,0.5,0,1,0.5,85.14999999999999,95.15,90.2
CA,121000,45,2,2016,2016-07-26T13:30:07Z,17,128,0,1,0.5,65,75,70,15,25,20,85,95,90,0,1,0.5,1,3,2,87.25,96.24999999999999,92
CA,121000,46,2,2016,2016-07-26T13:43:44Z,17,105,0,1,0.5,55,65,60,15,25,20,85,95,90,0,1,0.5,1,3,2,87.25,96.24999999999999,92
CA,121000,47,2,2016,2016-07-26T13:57:22Z,17,132,0,1,0.5,45,55,50,10,15,12.5,85,95,90,0,1,0.5,1,3,2,86.5,95.75,91.25
CA,121000,48,2,2016,2016-07-27T10:30:26Z,17,106,0,1,0.5,65,75,70,1,3,2,85,95,90,0,1,0.5,0,1,0.5,85.14999999999999,95.15,90.2
CA,121000,49,2,2016,2016-07-27T10:51:15Z,16,123,0,1,0.5,55,65,60,3,5,4,85,95,90,0,1,0.5,0,1,0.5,85.45,95.24999999999999,90.4
CA,121000,50,2,2016,2016-07-27T10:56:12Z,16,128,0,1,0.5,35,45,40,10,15,12.5,85,95,90,0,1,0.5,0,1,0.5,86.5,95.75,91.25
CA,121000,51,2,2016,2016-07-27T11:08:08Z,18,118,0,1,0.5,45,55,50,3,5,4,85,95,90,0,1,0.5,0,1,0.5,85.45,95.24999999999999,90.4
CA,121000,52,2,2016,2016-07-27T11:19:41Z,15,82,0,1,0.5,35,45,40,3,5,4,85,95,90,0,1,0.5,0,1,0.5,85.45,95.24999999999999,90.4
CA,121000,53,2,2016,2016-07-27T11:32:36Z,19,133.5,0,1,0.5,45,55,50,0,1,0.5,85,95,90,0,1,0.5,0,1,0.5,85,95.04999999999998,90.05000000000001
CA,121000,54,2,2016,2016-07-27T11:44:49Z,21,109,0,1,0.5,35,45,40,15,25,20,85,95,90,0,1,0.5,0,1,0.5,87.25,96.24999999999999,92
CA,121000,55,2,2016,2016-07-27T11:57:36Z,17,112,0,1,0.5,35,45,40,35,45,40,75,85,80,0,1,0.5,0,1,0.5,83.75,91.75,88
CA,121000,56,2,2016,2016-07-27T12:08:16Z,14,120.5,0,1,0.5,35,45,40,35,45,40,75,85,80,0,1,0.5,1,3,2,83.75,91.75,88
CA,121000,57,2,2016,2016-07-28T10:44:21Z,16,113.5,0,1,0.5,45,55,50,45,55,50,85,95,90,0,1,0.5,1,3,2,91.75,97.75,95
CA,121000,58,2,2016,2016-07-28T10:30:01Z,18,107.5,0,1,0.5,35,45,40,5,10,7.5,85,95,90,0,1,0.5,1,3,2,85.75,95.5,90.75
CA,121000,59,2,2016,2016-07-27T14:32:23Z,14,111.5,0,1,0.5,55,65,60,3,5,4,95,100,97.5,0,1,0.5,0,1,0.5,95.15,100,97.6
CA,121000,60,2,2016,2016-07-27T14:21:15Z,16,149,0,1,0.5,85,95,90,15,25,20,85,95,90,0,1,0.5,0,1,0.5,87.25,96.24999999999999,92
CA,121000,61,2,2016,2016-07-27T14:08:58Z,19,158,0,1,0.5,65,75,70,15,25,20,95,100,97.5,0,1,0.5,0,1,0.5,95.75,100,98
CA,121000,62,2,2016,2016-07-27T13:56:48Z,13,138.5,0,1,0.5,55,65,60,35,45,40,85,95,90,0,1,0.5,0,1,0.5,90.25,97.24999999999999,94
CA,121000,63,2,2016,2016-07-27T13:46:27Z,16,143,0,1,0.5,65,75,70,10,15,12.5,85,95,90,0,1,0.5,0,1,0.5,86.5,95.75,91.25
CA,121000,64,2,2016,2016-07-27T13:33:57Z,15,119,0,1,0.5,35,45,40,10,15,12.5,85,95,90,0,1,0.5,1,3,2,86.5,95.75,91.25
CA,121000,65,2,2016,2016-07-27T13:22:52Z,17,69.5,0,1,0.5,15,25,20,3,5,4,95,100,97.5,0,1,0.5,1,3,2,95.15,100,97.6
CA,121000,66,2,2016,2016-07-27T13:12:37Z,16,116.5,0,1,0.5,35,45,40,5,10,7.5,85,95,90,0,1,0.5,1,3,2,85.75,95.5,90.75
CA,121000,67,2,2016,2016-07-27T13:02:25Z,17,129,0,1,0.5,35,45,40,0,1,0.5,85,95,90,0,1,0.5,0,1,0.5,85,95.04999999999998,90.05000000000001
CA,121000,68,2,2016,2016-07-27T12:51:03Z,16,112,0,1,0.5,55,65,60,5,10,7.5,85,95,90,0,1,0.5,0,1,0.5,85.75,95.5,90.75
CA,121000,69,2,2016,2016-07-27T12:39:23Z,17,99,0,1,0.5,45,55,50,3,5,4,85,95,90,0,1,0.5,0,1,0.5,85.45,95.24999999999999,90.4
CA,121000,70,2,2016,2016-07-27T12:19:31Z,19,136,0,1,0.5,45,55,50,1,3,2,85,95,90,0,1,0.5,0,1,0.5,85.14999999999999,95.15,90.2
CA,121000,71,2,2016,2016-07-28T10:55:52Z,15,124.5,0,1,0.5,45,55,50,25,35,30,85,95,90,0,1,0.5,1,3,2,88.75,96.75,93
CA,121000,72,2,2016,2016-07-28T11:09:44Z,18,116,0,1,0.5,55,65,60,35,45,40,85,95,90,0,1,0.5,1,3,2,90.25,97.24999999999999,94
CA,121000,73,2,2016,2016-07-28T11:23:08Z,19,113.5,0,1,0.5,55,65,60,35,45,40,85,95,90,0,1,0.5,0,1,0.5,90.25,97.24999999999999,94
CA,121000,74,2,2016,2016-07-28T11:37:43Z,16,95,0,1,0.5,55,65,60,5,10,7.5,85,95,90,0,1,0.5,0,1,0.5,85.75,95.5,90.75
CA,121000,75,2,2016,2016-07-28T11:52:40Z,15,103,0,1,0.5,45,55,50,35,45,40,85,95,90,0,1,0.5,0,1,0.5,90.25,97.24999999999999,94
CA,121000,76,2,2016,2016-07-28T12:42:01Z,16,135,0,1,0.5,65,75,70,35,45,40,85,95,90,0,1,0.5,0,1,0.5,90.25,97.24999999999999,94
CA,121000,77,2,2016,2016-07-28T12:56:10Z,17,145.5,0,1,0.5,65,75,70,25,35,30,85,95,90,0,1,0.5,1,3,2,88.75,96.75,93
CA,121000,78,2,2016,2016-07-28T13:09:01Z,16,120.5,0,1,0.5,55,65,60,10,15,12.5,85,95,90,0,1,0.5,0,1,0.5,86.5,95.75,91.25
CA,121000,79,2,2016,2016-07-28T13:20:44Z,15,98,0,1,0.5,45,55,50,25,35,30,85,95,90,0,1,0.5,3,5,4,88.75,96.75,93
CA,121000,80,2,2016,2016-07-28T13:34:47Z,14,107,0,1,0.5,35,45,40,10,15,12.5,85,95,90,0,1,0.5,1,3,2,86.5,95.75,91.25
CA,121000,81,2,2016,2016-07-28T13:46:08Z,14,111.5,0,1,0.5,55,65,60,1,3,2,85,95,90,0,1,0.5,0,1,0.5,85.14999999999999,95.15,90.2
CA,121000,82,2,2016,2016-07-28T13:56:25Z,14,131.5,0,1,0.5,55,65,60,1,3,2,85,95,90,0,1,0.5,0,1,0.5,85.14999999999999,95.15,90.2
CA,121000,83,2,2016,2016-07-28T14:06:59Z,13,139.5,0,1,0.5,65,75,70,5,10,7.5,85,95,90,0,1,0.5,0,1,0.5,85.75,95.5,90.75
CA,121000,84,2,2016,2016-07-28T14:19:06Z,17,136.5,0,1,0.5,55,65,60,5,10,7.5,85,95,90,0,1,0.5,0,1,0.5,85.75,95.5,90.75
CA,121000,85,2,2016,2016-08-02T13:40:47Z,14,125,0,1,0.5,45,55,50,25,35,30,85,95,90,0,1,0.5,0,1,0.5,88.75,96.75,93
CA,121000,86,2,2016,2016-08-02T13:30:14Z,17,106.5,0,1,0.5,35,45,40,35,45,40,85,95,90,0,1,0.5,0,1,0.5,90.25,97.24999999999999,94
CA,121000,87,2,2016,2016-08-02T13:16:31Z,21,95.5,0,1,0.5,45,55,50,5,10,7.5,85,95,90,0,1,0.5,0,1,0.5,85.75,95.5,90.75
CA,121000,88,2,2016,2016-08-02T12:54:46Z,17,46,3,5,4,15,25,20,45,55,50,85,95,90,0,1,0.5,0,1,0.5,91.75,97.75,95
CA,121000,89,2,2016,2016-08-02T12:38:14Z,15,60.5,1,3,2,35,45,40,65,75,70,75,85,80,0,1,0.5,0,1,0.5,91.25,96.25,94
CA,121000,90,2,2016,2016-08-02T12:22:31Z,14,132.5,0,1,0.5,45,55,50,55,65,60,85,95,90,0,1,0.5,0,1,0.5,93.25,98.25,96
CA,121000,91,2,2016,2016-08-02T12:03:08Z,14,117,0,1,0.5,35,45,40,25,35,30,75,85,80,0,1,0.5,0,1,0.5,81.25,90.25,86.00000000000001
CA,121000,92,2,2016,2016-08-02T11:42:17Z,14,57.5,0,1,0.5,35,45,40,45,55,50,85,95,90,0,1,0.5,1,3,2,91.75,97.75,95
CA,121000,93,2,2016,2016-08-02T11:31:01Z,15,55.5,0,1,0.5,25,35,30,5,10,7.5,85,95,90,0,1,0.5,3,5,4,85.75,95.5,90.75
CA,121000,94,2,2016,2016-08-02T11:28:37Z,14,129.5,0,1,0.5,45,55,50,5,10,7.5,85,95,90,0,1,0.5,1,3,2,85.75,95.5,90.75
CA,121000,95,2,2016,2016-08-02T11:10:09Z,12,123.5,0,1,0.5,45,55,50,3,5,4,85,95,90,0,1,0.5,1,3,2,85.45,95.24999999999999,90.4
CA,121000,96,2,2016,2016-07-28T13:50:00Z,15,130,0,1,0.5,45,55,50,10,15,12.5,85,95,90,0,1,0.5,0,1,0.5,86.5,95.75,91.25
CA,121000,97,2,2016,2016-07-28T14:45:38Z,17,127,0,1,0.5,45,55,50,15,25,20,85,95,90,0,1,0.5,0,1,0.5,87.25,96.24999999999999,92
CA,121000,98,2,2016,2016-07-28T14:33:04Z,17,117,0,1,0.5,35,45,40,35,45,40,85,95,90,0,1,0.5,0,1,0.5,90.25,97.24999999999999,94
CA,131000,1,2,2016,2016-05-27T09:50:46Z,6,96,0,1,0.5,85,95,90,25,35,30,85,95,90,0,1,0.5,0,1,0.5,88.75,96.75,93
CA,131000,2,2,2016,2016-05-27T10:04:52Z,3,74.5,0,1,0.5,65,75,70,45,55,50,85,95,90,0,1,0.5,1,3,2,91.75,97.75,95
CA,131000,3,2,2016,2016-05-27T10:10:04Z,4,94.5,0,1,0.5,85,95,90,15,25,20,85,95,90,0,1,0.5,0,1,0.5,87.25,96.24999999999999,92
CA,131000,4,2,2016,2016-05-27T10:18:06Z,5,93.5,0,1,0.5,85,95,90,15,25,20,85,95,90,0,1,0.5,0,1,0.5,87.25,96.24999999999999,92
CA,131000,5,2,2016,2016-05-27T10:27:33Z,8,68,0,1,0.5,55,65,60,25,35,30,85,95,90,0,1,0.5,0,1,0.5,88.75,96.75,93
CA,131000,6,2,2016,2016-05-27T10:37:44Z,5,93.5,0,1,0.5,85,95,90,1,3,2,75,85,80,0,1,0.5,0,1,0.5,75.25,85.45,80.4
CA,131000,7,2,2016,2016-05-27T10:44:36Z,7,84.5,0,1,0.5,75,85,80,10,15,12.5,85,95,90,0,1,0.5,0,1,0.5,86.5,95.75,91.25
CA,131000,8,2,2016,2016-05-27T10:52:45Z,7,84.5,0,1,0.5,75,85,80,10,15,12.5,85,95,90,0,1,0.5,0,1,0.5,86.5,95.75,91.25
CA,131000,9,2,2016,2016-05-27T11:02:34Z,7,76,0,1,0.5,65,75,70,10,15,12.5,85,95,90,0,1,0.5,0,1,0.5,86.5,95.75,91.25
CA,131000,10,2,2016,2016-05-26T13:56:12Z,6,41,0,1,0.5,35,45,40,65,75,70,85,95,90,0,1,0.5,0,1,0.5,94.75,98.75,97
CA,131000,11,2,2016,2016-05-26T13:40:17Z,7,73,0,1,0.5,65,75,70,15,25,20,75,85,80,0,1,0.5,0,1,0.5,78.75,88.75,84.00000000000001
CA,131000,12,2,2016,2016-05-26T13:31:42Z,8,38,0,1,0.5,35,45,40,55,65,60,75,85,80,0,1,0.5,1,3,2,88.75,94.75,92
CA,131000,13,2,2016,2016-05-26T13:21:31Z,7,36.5,0,1,0.5,35,45,40,55,65,60,65,75,70,0,1,0.5,1,3,2,84.25,91.25,88
CA,131000,14,2,2016,2016-05-26T13:15:12Z,4,73,0,1,0.5,65,75,70,55,65,60,65,75,70,0,1,0.5,0,1,0.5,84.25,91.25,88
CA,131000,15,2,2016,2016-05-26T13:05:47Z,6,76,0,1,0.5,65,75,70,35,45,40,65,75,70,0,1,0.5,0,1,0.5,77.25,86.25,82
CA,131000,16,2,2016,2016-05-26T12:52:24Z,8,16,0,1,0.5,10,15,12.5,35,45,40,75,85,80,0,1,0.5,0,1,0.5,83.75,91.75,88
CA,131000,17,2,2016,2016-05-26T12:32:36Z,8,77.5,0,1,0.5,65,75,70,5,10,7.5,85,95,90,0,1,0.5,0,1,0.5,85.75,95.5,90.75
CA,131000,18,2,2016,2016-05-26T12:16:38Z,9,58,0,1,0.5,65,75,70,3,5,4,85,95,90,0,1,0.5,0,1,0.5,85.45,95.24999999999999,90.4
CA,131000,19,2,2016,2016-05-26T11:34:41Z,8,22.5,0,1,0.5,25,35,30,25,35,30,85,95,90,0,1,0.5,1,3,2,88.75,96.75,93
CA,131000,20,2,2016,2016-05-26T11:09:37Z,10,32,0,1,0.5,35,45,40,45,55,50,85,95,90,0,1,0.5,0,1,0.5,91.75,97.75,95
CA,131000,21,2,2016,2016-05-26T10:54:57Z,11,52.5,0,1,0.5,55,65,60,10,15,12.5,85,95,90,0,1,0.5,0,1,0.5,86.5,95.75,91.25
CA,131000,22,2,2016,2016-05-26T10:34:21Z,8,35.5,0,1,0.5,35,45,40,5,10,7.5,85,95,90,0,1,0.5,0,1,0.5,85.75,95.5,90.75
CA,131000,23,2,2016,2016-05-26T09:55:20Z,6,59,0,1,0.5,45,55,50,15,25,20,85,95,90,0,1,0.5,0,1,0.5,87.25,96.24999999999999,92
CA,131000,24,2,2016,2016-05-27T12:32:26Z,6,28.5,0,1,0.5,25,35,30,15,25,20,95,100,97.5,0,1,0.5,0,1,0.5,95.75,100,98
CA,131000,25,2,2016,2016-05-27T12:53:10Z,10,41,0,1,0.5,25,35,30,5,10,7.5,85,95,90,0,1,0.5,1,3,2,85.75,95.5,90.75
CA,131000,26,2,2016,2016-05-27T13:01:13Z,6,57.5,0,1,0.5,45,55,50,10,15,12.5,85,95,90,0,1,0.5,0,1,0.5,86.5,95.75,91.25
CA,131000,27,2,2016,2016-05-27T13:18:08Z,10,74.5,0,1,0.5,65,75,70,10,15,12.5,65,75,70,0,1,0.5,0,1,0.5,68.5,78.75,73.75
CA,131000,28,2,2016,2016-05-27T13:33:21Z,17,88,0,1,0.5,65,75,70,65,75,70,65,75,70,0,1,0.5,0,1,0.5,87.75,93.75,90.99999999999999
CA,131000,29,2,2016,2016-05-31T13:09:03Z,21,74.5,3,5,4,75,85,80,75,85,80,65,75,70,0,1,0.5,0,1,0.5,91.25,96.25,94
CA,131000,30,2,2016,2016-05-31T12:41:27Z,20,130,5,10,7.5,95,100,97.5,55,65,60,55,65,60,0,1,0.5,0,1,0.5,79.75000000000001,87.75,84
CA,131000,31,2,2016,2016-05-31T12:11:53Z,26,105.5,3,5,4,85,95,90,75,85,80,65,75,70,0,1,0.5,0,1,0.5,91.25,96.25,94
CA,131000,32,2,2016,2016-05-31T11:35:48Z,26,67.5,0,1,0.5,55,65,60,85,95,90,75,85,80,0,1,0.5,1,3,2,96.25,99.25,98
CA,131000,33,2,2016,2016-05-31T10:56:13Z,21,99.5,0,1,0.5,85,95,90,35,45,40,85,95,90,0,1,0.5,0,1,0.5,90.25,97.24999999999999,94
CA,131000,34,2,2016,2016-05-31T10:29:34Z,26,89.5,0,1,0.5,85,95,90,65,75,70,85,95,90,0,1,0.5,0,1,0.5,94.75,98.75,97
CA,141100,1,2,2017,2017-06-22T12:26:59Z,25,96,0,1,0.5,85,95,90,1,3,2,75,85,80,3,5,4,0,1,0.5,75.25,85.45,80.4
CA,141100,2,2,2017,2017-06-22T11:44:27Z,24,51.5,0,1,0.5,55,65,60,15,25,20,75,85,80,25,35,30,0,1,0.5,78.75,88.75,84.00000000000001
CA,141100,3,2,2017,2017-06-22T11:16:31Z,23,72,1,3,2,65,75,70,55,65,60,75,85,80,45,55,50,0,1,0.5,88.75,94.75,92
CA,141100,4,2,2017,2017-06-19T13:36:01Z,28,78.5,0,1,0.5,85,95,90,3,5,4,45,55,50,35,45,40,0,1,0.5,46.650000000000006,57.25,52
CA,141100,5,2,2017,2017-06-19T13:11:48Z,20,109,0,1,0.5,85,95,90,1,3,2,85,95,90,45,55,50,0,1,0.5,85.14999999999999,95.15,90.2
CA,141100,6,2,2017,2017-06-19T12:51:46Z,19,92.5,0,1,0.5,95,100,97.5,1,3,2,75,85,80,75,85,80,0,1,0.5,75.25,85.45,80.4
CA,141100,7,2,2017,2017-06-19T12:33:39Z,20,87,0,1,0.5,95,100,97.5,3,5,4,85,95,90,65,75,70,0,1,0.5,85.45,95.24999999999999,90.4
CA,141100,8,2,2017,2017-06-19T12:11:36Z,19,91,0,1,0.5,85,95,90,5,10,7.5,85,95,90,45,55,50,0,1,0.5,85.75,95.5,90.75
CA,141100,9,2,2017,2017-06-19T11:37:58Z,23,63,0,1,0.5,85,95,90,10,15,12.5,75,85,80,45,55,50,0,1,0.5,77.5,87.25,82.5
CA,141100,10,2,2017,2017-06-19T10:57:59Z,17,96,1,3,2,85,95,90,10,15,12.5,85,95,90,5,10,7.5,0,1,0.5,86.5,95.75,91.25
CA,141100,11,2,2017,2017-06-22T12:47:08Z,22,84.5,1,3,2,85,95,90,0,1,0.5,75,85,80,65,75,70,0,1,0.5,75,85.14999999999999,80.10000000000001
CA,141100,12,2,2017,2017-07-05T00:00:00Z,20,94,0,1,0.5,85,95,90,15,25,20,75,85,80,75,85,80,0,1,0.5,78.75,88.75,84.00000000000001
CA,141100,13,2,2017,2017-07-05T00:00:00Z,19,83,0,1,0.5,85,95,90,0,1,0.5,85,95,90,85,95,90,0,1,0.5,85,95.04999999999998,90.05000000000001
CA,141100,14,2,2017,2017-07-05T00:00:00Z,25,74.5,0,1,0.5,95,100,97.5,1,3,2,85,95,90,15,25,20,0,1,0.5,85.14999999999999,95.15,90.2
CA,141100,15,2,2017,2017-07-06T00:00:00Z,25,98.5,1,3,2,95,100,97.5,5,10,7.5,65,75,70,75,85,80,0,1,0.5,66.75,77.5,72.24999999999999
CA,141100,16,2,2017,2017-07-06T00:00:00Z,21,122,0,1,0.5,85,95,90,10,15,12.5,65,75,70,75,85,80,0,1,0.5,68.5,78.75,73.75
CA,141100,17,2,2017,2017-07-06T00:00:00Z,21,107.5,1,3,2,95,100,97.5,3,5,4,75,85,80,75,85,80,0,1,0.5,75.75,85.75,80.80000000000001
CA,141100,18,2,2017,2017-07-06T00:00:00Z,26,105,1,3,2,85,95,90,15,25,20,55,65,60,75,85,80,0,1,0.5,61.75000000000001,73.75,68
CA,141100,19,2,2017,2017-07-06T00:00:00Z,22,100,1,3,2,95,100,97.5,10,15,12.5,75,85,80,25,35,30,0,1,0.5,77.5,87.25,82.5
CA,141100,20,2,2017,2017-07-13T00:00:00Z,20,107,1,3,2,95,100,97.5,5,10,7.5,75,85,80,45,55,50,0,1,0.5,76.25,86.5,81.5
CA,141100,21,2,2017,2017-06-22T13:05:08Z,19,131.5,,,,,,,,,,,,,0,1,0.5,0,1,0.5,,,
CA,141100,22,2,2017,2017-06-22T13:25:11Z,18,110.5,1,3,2,95,100,97.5,1,3,2,75,85,80,75,85,80,0,1,0.5,75.25,85.45,80.4
CA,141100,23,2,2017,2017-06-22T13:37:31Z,20,131.5,0,1,0.5,95,100,97.5,1,3,2,65,75,70,75,85,80,0,1,0.5,65.35,75.75,70.6
CA,141100,24,2,2017,2017-07-05T00:00:00Z,21,117.5,0,1,0.5,95,100,97.5,3,5,4,75,85,80,75,85,80,0,1,0.5,75.75,85.75,80.80000000000001
CA,141100,25,2,2017,2017-07-05T00:00:00Z,25,97,0,1,0.5,85,95,90,10,15,12.5,75,85,80,75,85,80,0,1,0.5,77.5,87.25,82.5
CA,141100,26,2,2017,2017-07-03T00:00:00Z,18,101.5,0,1,0.5,85,95,90,1,3,2,45,55,50,55,65,60,0,1,0.5,45.550000000000004,56.35000000000001,51
CA,141100,27,2,2017,2017-07-03T00:00:00Z,19,75.5,0,1,0.5,85,95,90,10,15,12.5,85,95,90,55,65,60,0,1,0.5,86.5,95.75,91.25
CA,141100,28,2,2017,2017-07-03T13:39:41Z,16,81.5,0,1,0.5,85,95,90,5,10,7.5,75,85,80,75,85,80,0,1,0.5,76.25,86.5,81.5
CA,141100,29,2,2017,2017-07-03T00:00:00Z,19,102.5,0,1,0.5,95,100,97.5,10,15,12.5,75,85,80,75,85,80,0,1,0.5,77.5,87.25,82.5
CA,141100,30,2,2017,2017-07-03T00:00:00Z,17,94,0,1,0.5,85,95,90,1,3,2,75,85,80,75,85,80,0,1,0.5,75.25,85.45,80.4
CA,141100,31,2,2017,2017-06-29T11:37:37Z,20,128,0,1,0.5,85,95,90,3,5,4,85,95,90,85,95,90,0,1,0.5,85.45,95.24999999999999,90.4
CA,141100,32,2,2017,2017-06-29T11:50:07Z,15,57,0,1,0.5,45,55,50,25,35,30,65,75,70,95,100,97.5,0,1,0.5,73.75,83.75,79
CA,141100,33,2,2017,2017-06-29T12:03:10Z,17,112.5,0,1,0.5,85,95,90,15,25,20,75,85,80,85,95,90,0,1,0.5,78.75,88.75,84.00000000000001
CA,141100,34,2,2017,2017-06-29T12:19:51Z,17,109.5,0,1,0.5,85,95,90,,,,,,,85,95,90,0,1,0.5,,,
CA,141100,35,2,2017,2017-06-29T12:36:32Z,25,74,0,1,0.5,95,100,97.5,3,5,4,85,95,90,95,100,97.5,0,1,0.5,85.45,95.24999999999999,90.4
CA,141100,36,2,2017,2017-06-29T13:05:33Z,20,126.5,0,1,0.5,95,100,97.5,10,15,12.5,75,85,80,85,95,90,0,1,0.5,77.5,87.25,82.5
CA,141100,37,2,2017,2017-06-29T13:15:17Z,14,98,,,,95,100,97.5,35,45,40,75,85,80,85,95,90,0,1,0.5,83.75,91.75,88
CA,141100,38,2,2017,2017-06-29T13:28:35Z,17,109,0,1,0.5,95,100,97.5,15,25,20,85,95,90,85,95,90,0,1,0.5,87.25,96.24999999999999,92
CA,141100,39,2,2017,2017-06-29T13:38:13Z,20,70,0,1,0.5,75,85,80,45,55,50,75,85,80,85,95,90,0,1,0.5,86.25,93.25,90
CA,141100,40,2,2017,2017-06-29T13:52:18Z,15,86.5,0,1,0.5,75,85,80,5,10,7.5,85,95,90,85,95,90,0,1,0.5,85.75,95.5,90.75
CA,141100,41,2,2017,2017-06-26T13:24:23Z,18,110,0,1,0.5,95,100,97.5,3,5,4,85,95,90,85,95,90,0,1,0.5,85.45,95.24999999999999,90.4
CA,141100,42,2,2017,2017-06-26T13:20:27Z,18,77.5,0,1,0.5,65,75,70,35,45,40,75,85,80,85,95,90,0,1,0.5,83.75,91.75,88
CA,141100,43,2,2017,2017-06-26T12:59:18Z,17,97.5,0,1,0.5,75,85,80,5,10,7.5,75,85,80,85,95,90,0,1,0.5,76.25,86.5,81.5
CA,141100,44,2,2017,2017-06-26T12:47:59Z,16,79,0,1,0.5,65,75,70,45,55,50,65,75,70,85,95,90,0,1,0.5,80.75,88.75,85
CA,141100,45,2,2017,2017-06-26T12:38:06Z,18,63,0,1,0.5,55,65,60,15,25,20,75,85,80,85,95,90,0,1,0.5,78.75,88.75,84.00000000000001
CA,141100,46,2,2017,2017-06-26T12:25:54Z,18,118,0,1,0.5,85,95,90,35,45,40,75,85,80,85,95,90,0,1,0.5,83.75,91.75,88
CA,141100,47,2,2017,2017-06-26T11:43:31Z,18,96.5,0,1,0.5,85,95,90,35,45,40,55,65,60,85,95,90,0,1,0.5,70.75,80.75,76
CA,141100,48,2,2017,2017-06-26T11:31:43Z,18,114.5,0,1,0.5,85,95,90,10,15,12.5,75,85,80,85,95,90,0,1,0.5,77.5,87.25,82.5
CA,141100,49,2,2017,2017-06-26T11:23:21Z,18,98,0,1,0.5,0,1,0.5,5,10,7.5,85,95,90,85,95,90,0,1,0.5,85.75,95.5,90.75
CA,141100,50,2,2017,2017-06-26T11:01:08Z,15,97,0,1,0.5,95,100,97.5,5,10,7.5,75,85,80,75,85,80,0,1,0.5,76.25,86.5,81.5
CA,141200,1,2,2017,2017-07-19T00:00:00Z,9,108,1,3,2,75,85,80,55,65,60,75,85,80,0,1,0.5,0,1,0.5,88.75,94.75,92
CA,141200,2,2,2017,2017-07-19T00:00:00Z,13,67,1,3,2,75,85,80,35,45,40,55,65,60,0,1,0.5,0,1,0.5,70.75,80.75,76
CA,141200,3,2,2017,2017-07-20T00:00:00Z,15,101.5,15,25,20,65,75,70,25,35,30,45,55,50,0,1,0.5,0,1,0.5,58.74999999999999,70.75,65
CA,141200,4,2,2017,2017-07-20T00:00:00Z,11,90,3,5,4,85,95,90,15,25,20,75,85,80,0,1,0.5,0,1,0.5,78.75,88.75,84.00000000000001
CA,141200,5,2,2017,2017-07-24T00:00:00Z,13,104,1,3,2,85,95,90,5,10,7.5,85,95,90,0,1,0.5,0,1,0.5,85.75,95.5,90.75
CA,141200,6,2,2017,2017-07-24T00:00:00Z,9,112,5,10,7.5,85,95,90,15,25,20,65,75,70,0,1,0.5,0,1,0.5,70.25,81.25,76
CA,141200,7,2,2017,2017-07-25T00:00:00Z,16,119.5,35,45,40,65,75,70,5,10,7.5,55,65,60,0,1,0.5,0,1,0.5,57.25,68.5,62.999999999999986
CA,141200,8,2,2017,2017-07-27T00:00:00Z,12,94,3,5,4,75,85,80,3,5,4,75,85,80,0,1,0.5,0,1,0.5,75.75,85.75,80.80000000000001
CA,141200,9,2,2017,2017-07-27T00:00:00Z,7,96.5,5,10,7.5,85,95,90,15,25,20,65,75,70,0,1,0.5,0,1,0.5,70.25,81.25,76
CA,141200,10,2,2017,2017-07-27T00:00:00Z,11,91.5,1,3,2,85,95,90,10,15,12.5,65,75,70,0,1,0.5,0,1,0.5,68.5,78.75,73.75
CA,141200,11,2,2017,2017-07-19T00:00:00Z,10,80.5,1,3,2,75,85,80,55,65,60,75,85,80,0,1,0.5,0,1,0.5,88.75,94.75,92
CA,141200,12,2,2017,2017-07-19T00:00:00Z,11,102,0,1,0.5,85,95,90,15,25,20,75,85,80,0,1,0.5,0,1,0.5,78.75,88.75,84.00000000000001
CA,141200,13,2,2017,2017-07-20T00:00:00Z,11,126,1,3,2,95,100,97.5,25,35,30,75,85,80,0,1,0.5,0,1,0.5,81.25,90.25,86.00000000000001
CA,141200,14,2,2017,2017-07-20T00:00:00Z,10,100,1,3,2,85,95,90,25,35,30,75,85,80,0,1,0.5,0,1,0.5,81.25,90.25,86.00000000000001
CA,141200,15,2,2017,2017-07-24T00:00:00Z,13,124,15,25,20,75,85,80,,,,,,,0,1,0.5,0,1,0.5,,,
CA,141200,16,2,2017,2017-07-24T00:00:00Z,11,125.5,35,45,40,55,65,60,25,35,30,45,55,50,0,1,0.5,0,1,0.5,58.74999999999999,70.75,65
CA,141200,17,2,2017,2017-07-25T00:00:00Z,10,76.5,25,35,30,45,55,50,10,15,12.5,75,85,80,0,1,0.5,0,1,0.5,77.5,87.25,82.5
CA,141200,18,2,2017,2017-07-27T00:00:00Z,11,89.5,35,45,40,45,55,50,,,,,,,0,1,0.5,0,1,0.5,,,
CA,141200,19,2,2017,2017-07-27T00:00:00Z,8,104.5,35,45,40,55,65,60,5,10,7.5,85,95,90,0,1,0.5,0,1,0.5,85.75,95.5,90.75
CA,141200,20,2,2017,2017-07-27T00:00:00Z,7,87.5,1,3,2,85,95,90,3,5,4,85,95,90,0,1,0.5,0,1,0.5,85.45,95.24999999999999,90.4
CA,141200,21,2,2017,2017-07-17T00:00:00Z,9,100.5,1,3,2,85,95,90,15,25,20,85,95,90,0,1,0.5,0,1,0.5,87.25,96.24999999999999,92
CA,141200,22,2,2017,2017-07-19T00:00:00Z,10,110.5,3,5,4,85,95,90,35,45,40,85,95,90,0,1,0.5,0,1,0.5,90.25,97.24999999999999,94
CA,141200,23,2,2017,2017-07-20T00:00:00Z,10,115.5,1,3,2,85,95,90,10,15,12.5,75,85,80,0,1,0.5,0,1,0.5,77.5,87.25,82.5
CA,141200,24,2,2017,2017-07-20T00:00:00Z,10,123,1,3,2,95,100,97.5,3,5,4,85,95,90,0,1,0.5,0,1,0.5,85.45,95.24999999999999,90.4
CA,141200,25,2,2017,2017-07-24T00:00:00Z,9,106,1,3,2,85,95,90,5,10,7.5,75,85,80,0,1,0.5,0,1,0.5,76.25,86.5,81.5
CA,141200,26,2,2017,2017-07-25T00:00:00Z,10,96,3,5,4,85,95,90,5,10,7.5,75,85,80,0,1,0.5,0,1,0.5,76.25,86.5,81.5
CA,141200,27,2,2017,2017-07-25T00:00:00Z,10,100.5,35,45,40,55,65,60,10,15,12.5,75,85,80,0,1,0.5,0,1,0.5,77.5,87.25,82.5
CA,141200,28,2,2017,2017-07-27T00:00:00Z,14,70.5,25,35,30,45,55,50,15,25,20,65,75,70,0,1,0.5,0,1,0.5,70.25,81.25,76
CA,141200,29,2,2017,2017-07-27T00:00:00Z,10,99,65,75,70,15,25,20,35,45,40,25,35,30,0,1,0.5,0,1,0.5,51.24999999999999,64.25,58.00000000000001
CA,141200,30,2,2017,2017-07-27T00:00:00Z,9,106.5,25,35,30,65,75,70,55,65,60,35,45,40,0,1,0.5,0,1,0.5,70.75,80.75,76
CA,141200,31,2,2017,2017-07-17T00:00:00Z,9,93,1,3,2,85,95,90,10,15,12.5,75,85,80,0,1,0.5,0,1,0.5,77.5,87.25,82.5
CA,141200,32,2,2017,2017-07-19T00:00:00Z,11,113.5,1,3,2,85,95,90,15,25,20,65,75,70,0,1,0.5,0,1,0.5,70.25,81.25,76
CA,141200,33,2,2017,2017-07-20T00:00:00Z,12,109.5,3,5,4,85,95,90,25,35,30,75,85,80,0,1,0.5,0,1,0.5,81.25,90.25,86.00000000000001
CA,141200,34,2,2017,2017-07-24T00:00:00Z,11,104.5,1,3,2,85,95,90,35,45,40,75,85,80,0,1,0.5,0,1,0.5,83.75,91.75,88
CA,141200,35,2,2017,2017-07-24T00:00:00Z,10,88,1,3,2,75,85,80,45,55,50,55,65,60,0,1,0.5,0,1,0.5,75.25,84.25,80
CA,141200,36,2,2017,2017-07-25T00:00:00Z,13,109.5,1,3,2,95,100,97.5,15,25,20,75,85,80,0,1,0.5,0,1,0.5,78.75,88.75,84.00000000000001
CA,141200,37,2,2017,2017-07-25T00:00:00Z,13,105.5,1,3,2,85,95,90,15,25,20,65,75,70,0,1,0.5,0,1,0.5,70.25,81.25,76
CA,141200,38,2,2017,2017-07-27T00:00:00Z,12,76.5,15,25,20,55,65,60,5,10,7.5,55,65,60,0,1,0.5,1,3,2,57.25,68.5,62.999999999999986
CA,141200,39,2,2017,2017-07-27T00:00:00Z,12,85,15,25,20,55,65,60,10,15,12.5,85,95,90,0,1,0.5,0,1,0.5,86.5,95.75,91.25
CA,141200,40,2,2017,2017-07-27T00:00:00Z,10,105.5,25,35,30,65,75,70,15,25,20,45,55,50,0,1,0.5,0,1,0.5,53.25,66.25000000000001,60
CA,141200,41,2,2017,2017-07-17T00:00:00Z,12,140.5,0,1,0.5,85,95,90,25,35,30,65,75,70,0,1,0.5,0,1,0.5,73.75,83.75,79
CA,141200,42,2,2017,2017-07-19T00:00:00Z,11,118.5,1,3,2,95,100,97.5,3,5,4,65,75,70,0,1,0.5,0,1,0.5,66.05000000000001,76.25,71.2
CA,141200,43,2,2017,2017-07-20T00:00:00Z,9,116.5,1,3,2,85,95,90,1,3,2,85,95,90,0,1,0.5,0,1,0.5,85.14999999999999,95.15,90.2
CA,141200,44,2,2017,2017-07-24T00:00:00Z,9,100,1,3,2,85,95,90,3,5,4,85,95,90,0,1,0.5,0,1,0.5,85.45,95.24999999999999,90.4
CA,141200,45,2,2017,2017-07-24T00:00:00Z,9,125,1,3,2,95,100,97.5,1,3,2,95,100,97.5,0,1,0.5,0,1,0.5,95.04999999999998,100,97.55
CA,141200,46,2,2017,2017-07-25T00:00:00Z,8,95.5,1,3,2,85,95,90,25,35,30,95,100,97.5,0,1,0.5,0,1,0.5,96.24999999999999,100,98.25
CA,141200,47,2,2017,2017-07-25T00:00:00Z,9,97,0,1,0.5,85,95,90,3,5,4,85,95,90,0,1,0.5,0,1,0.5,85.45,95.24999999999999,90.4
CA,141200,48,2,2017,2017-07-27T00:00:00Z,6,98.5,1,3,2,85,95,90,5,10,7.5,75,85,80,0,1,0.5,0,1,0.5,76.25,86.5,81.5
CA,141200,49,2,2017,2017-07-27T00:00:00Z,12,101.5,1,3,2,85,95,90,10,15,12.5,75,85,80,0,1,0.5,0,1,0.5,77.5,87.25,82.5
CA,141200,50,2,2017,2017-07-27T00:00:00Z,10,89,5,10,7.5,75,85,80,25,35,30,65,75,70,0,1,0.5,0,1,0.5,73.75,83.75,79
CA,151000,18,2,2018,2018-06-18T00:00:00Z,27,113.5,0,1,0.5,85,95,90,85,95,90,45,55,50,0,1,0.5,0,1,0.5,91.75,97.75,95
CA,151000,19,2,2018,2018-06-18T00:00:00Z,27,203.5,1,3,2,95,100,97.5,85,95,90,45,55,50,0,1,0.5,0,1,0.5,91.75,97.75,95
CA,151000,20,2,2018,2018-06-19T00:00:00Z,29,157,3,5,4,85,95,90,65,75,70,65,75,70,0,1,0.5,0,1,0.5,87.75,93.75,90.99999999999999
CA,151000,21,2,2018,2018-06-19T13:59:01Z,32,143.5,5,10,7.5,85,95,90,65,75,70,55,65,60,0,1,0.5,0,1,0.5,84.25,91.25,88
CA,151000,22,2,2018,2018-06-26T11:20:34Z,23,104.5,0,1,0.5,95,100,97.5,75,85,80,45,55,50,0,1,0.5,0,1,0.5,86.25,93.25,90
CA,151000,23,2,2018,2018-06-26T13:24:41Z,26,178.5,0,1,0.5,85,95,90,95,100,97.5,15,25,20,0,1,0.5,0,1,0.5,95.75,100,98
CA,151000,24,2,2018,2018-07-03T00:00:00Z,30,142,0,1,0.5,85,95,90,85,95,90,25,35,30,0,1,0.5,0,1,0.5,88.75,96.75,93
CA,151000,25,2,2018,2018-07-04T00:00:00Z,30,107.5,5,10,7.5,85,95,90,55,65,60,45,55,50,0,1,0.5,0,1,0.5,75.25,84.25,80
CA,151000,26,2,2018,2018-07-04T00:00:00Z,24,72,0,1,0.5,95,100,97.5,75,85,80,75,85,80,0,1,0.5,0,1,0.5,93.75,97.75,96
CA,151000,27,2,2018,2018-07-06T12:29:17Z,19,81.5,0,1,0.5,95,100,97.5,65,75,70,75,85,80,0,1,0.5,0,1,0.5,91.25,96.25,94
CA,151000,28,2,2018,2018-07-06T12:28:48Z,21,119.5,0,1,0.5,85,95,90,85,95,90,75,85,80,0,1,0.5,0,1,0.5,96.25,99.25,98
CA,151000,29,2,2018,2018-07-09T00:00:00Z,25,97.5,1,3,2,55,65,60,65,75,70,65,75,70,0,1,0.5,0,1,0.5,87.75,93.75,90.99999999999999
CA,151000,30,2,2018,2018-07-09T00:00:00Z,25,82,1,3,2,45,55,50,85,95,90,65,75,70,0,1,0.5,0,1,0.5,94.75,98.75,97
CA,151000,31,2,2018,2018-07-10T00:00:00Z,26,155,0,1,0.5,65,75,70,75,85,80,65,75,70,0,1,0.5,0,1,0.5,91.25,96.25,94
CA,151000,32,2,2018,2018-07-10T00:00:00Z,27,127,0,1,0.5,45,55,50,85,95,90,65,75,70,0,1,0.5,0,1,0.5,94.75,98.75,97
CA,151000,34,2,2018,2018-06-18T00:00:00Z,32,101,10,15,12.5,95,100,97.5,25,35,30,65,75,70,0,1,0.5,0,1,0.5,73.75,83.75,79
CA,151000,35,2,2018,2018-06-18T00:00:00Z,34,86.5,1,3,2,75,85,80,95,100,97.5,45,55,50,0,1,0.5,0,1,0.5,97.24999999999999,100,98.75
CA,151000,36,2,2018,2018-06-19T00:00:00Z,31,107.5,3,5,4,95,100,97.5,75,85,80,65,75,70,0,1,0.5,0,1,0.5,91.25,96.25,94
CA,151000,37,2,2018,2018-05-08T00:00:00Z,29,140.5,5,10,7.5,85,95,90,85,95,90,35,45,40,0,1,0.5,0,1,0.5,90.25,97.24999999999999,94
CA,151000,38,2,2018,2018-06-26T11:28:59Z,32,77,0,1,0.5,85,95,90,75,85,80,35,45,40,0,1,0.5,0,1,0.5,83.75,91.75,88
CA,151000,39,2,2018,2018-06-26T13:18:56Z,29,98.5,0,1,0.5,95,100,97.5,65,75,70,15,25,20,0,1,0.5,0,1,0.5,70.25,81.25,76
CA,151000,40,2,2018,2018-07-03T00:00:00Z,31,129,1,3,2,95,100,97.5,75,85,80,25,35,30,0,1,0.5,0,1,0.5,81.25,90.25,86.00000000000001
CA,151000,41,2,2018,2018-07-04T00:00:00Z,27,155.5,3,5,4,85,95,90,25,35,30,25,35,30,0,1,0.5,0,1,0.5,43.75,57.74999999999999,51
CA,151000,42,2,2018,2018-07-04T00:00:00Z,20,94.5,0,1,0.5,95,100,97.5,75,85,80,75,85,80,0,1,0.5,0,1,0.5,93.75,97.75,96
CA,151000,43,2,2018,2018-07-06T12:23:17Z,20,71,1,3,2,95,100,97.5,65,75,70,75,85,80,0,1,0.5,0,1,0.5,91.25,96.25,94
CA,151000,44,2,2018,2018-07-06T12:21:06Z,19,114,0,1,0.5,85,95,90,65,75,70,45,55,50,0,1,0.5,0,1,0.5,80.75,88.75,85
CA,151000,45,2,2018,2018-07-09T00:00:00Z,30,100,1,3,2,75,85,80,85,95,90,55,65,60,0,1,0.5,0,1,0.5,93.25,98.25,96
CA,151000,46,2,2018,2018-07-09T00:00:00Z,26,140,0,1,0.5,85,95,90,85,95,90,45,55,50,0,1,0.5,0,1,0.5,91.75,97.75,95
CA,151000,47,2,2018,2018-07-10T00:00:00Z,27,167,0,1,0.5,95,100,97.5,65,75,70,75,85,80,0,1,0.5,0,1,0.5,91.25,96.25,94
CA,151000,48,2,2018,2018-07-10T00:00:00Z,25,142.5,0,1,0.5,95,100,97.5,65,75,70,75,85,80,0,1,0.5,0,1,0.5,91.25,96.25,94
CA,151000,50,2,2018,2018-06-18T00:00:00Z,29,95,5,10,7.5,85,95,90,85,95,90,35,45,40,0,1,0.5,0,1,0.5,90.25,97.24999999999999,94
CA,151000,51,2,2018,2018-06-18T00:00:00Z,37,85,3,5,4,85,95,90,85,95,90,35,45,40,0,1,0.5,0,1,0.5,90.25,97.24999999999999,94
CA,151000,52,2,2018,2018-06-19T00:00:00Z,37,156.5,5,10,7.5,85,95,90,75,85,80,35,45,40,0,1,0.5,0,1,0.5,83.75,91.75,88
CA,151000,53,2,2018,2018-06-19T13:36:14Z,29,144.5,1,3,2,85,95,90,85,95,90,25,35,30,0,1,0.5,0,1,0.5,88.75,96.75,93
CA,151000,54,2,2018,2018-06-26T11:36:18Z,31,90,0,1,0.5,95,100,97.5,75,85,80,45,55,50,0,1,0.5,0,1,0.5,86.25,93.25,90
CA,151000,55,2,2018,2018-06-26T13:12:55Z,30,100.5,0,1,0.5,95,100,97.5,65,75,70,25,35,30,0,1,0.5,0,1,0.5,73.75,83.75,79
CA,151000,56,2,2018,2018-07-03T00:00:00Z,33,82.5,1,3,2,85,95,90,45,55,50,45,55,50,0,1,0.5,0,1,0.5,69.75,79.75000000000001,75
CA,151000,57,2,2018,2018-07-04T00:00:00Z,34,98.5,3,5,4,85,95,90,55,65,60,55,65,60,0,1,0.5,0,1,0.5,79.75000000000001,87.75,84
CA,151000,58,2,2018,2018-07-04T00:00:00Z,21,76.5,0,1,0.5,95,100,97.5,65,75,70,65,75,70,0,1,0.5,0,1,0.5,87.75,93.75,90.99999999999999
CA,151000,59,2,2018,2018-07-06T12:14:41Z,23,97,0,1,0.5,95,100,97.5,45,55,50,75,85,80,0,1,0.5,0,1,0.5,86.25,93.25,90
CA,151000,60,2,2018,2018-07-06T12:13:56Z,25,124,0,1,0.5,95,100,97.5,65,75,70,75,85,80,0,1,0.5,0,1,0.5,91.25,96.25,94
CA,151000,61,2,2018,2018-07-09T00:00:00Z,29,112.5,0,1,0.5,75,85,80,85,95,90,65,75,70,0,1,0.5,0,1,0.5,94.75,98.75,97
CA,151000,62,2,2018,2018-07-09T00:00:00Z,21,109.5,0,1,0.5,95,100,97.5,65,75,70,65,75,70,0,1,0.5,0,1,0.5,87.75,93.75,90.99999999999999
CA,151000,63,2,2018,2018-07-10T00:00:00Z,25,130,0,1,0.5,95,100,97.5,55,65,60,65,75,70,0,1,0.5,0,1,0.5,84.25,91.25,88
CA,151000,64,2,2018,2018-07-10T00:00:00Z,24,148.5,0,1,0.5,85,95,90,85,95,90,65,75,70,0,1,0.5,0,1,0.5,94.75,98.75,97
CA,151000,66,2,2018,2018-06-18T00:00:00Z,32,87,3,5,4,65,75,70,95,100,97.5,35,45,40,0,1,0.5,0,1,0.5,96.75,100,98.5
CA,151000,67,2,2018,2018-06-18T00:00:00Z,37,108.5,3,5,4,85,95,90,85,95,90,35,45,40,0,1,0.5,0,1,0.5,90.25,97.24999999999999,94
CA,151000,68,2,2018,2018-06-19T12:04:53Z,33,141,5,10,7.5,85,95,90,85,95,90,45,55,50,0,1,0.5,0,1,0.5,91.75,97.75,95
CA,151000,69,2,2018,2018-05-08T00:00:00Z,34,116,3,5,4,95,100,97.5,85,95,90,35,45,40,0,1,0.5,0,1,0.5,90.25,97.24999999999999,94
CA,151000,70,2,2018,2018-06-26T11:46:08Z,32,85,0,1,0.5,85,95,90,85,95,90,45,55,50,0,1,0.5,0,1,0.5,91.75,97.75,95
CA,151000,71,2,2018,2018-06-26T13:05:53Z,34,97,0,1,0.5,95,100,97.5,65,75,70,35,45,40,0,1,0.5,0,1,0.5,77.25,86.25,82
CA,151000,72,2,2018,2018-07-03T00:00:00Z,34,92.5,3,5,4,95,100,97.5,85,95,90,15,25,20,0,1,0.5,0,1,0.5,87.25,96.24999999999999,92
CA,151000,73,2,2018,2018-07-04T00:00:00Z,36,78,5,10,7.5,85,95,90,55,65,60,45,55,50,0,1,0.5,0,1,0.5,75.25,84.25,80
CA,151000,74,2,2018,2018-07-04T00:00:00Z,23,95.5,0,1,0.5,95,100,97.5,45,55,50,85,95,90,0,1,0.5,0,1,0.5,91.75,97.75,95
CA,151000,75,2,2018,2018-07-06T12:06:57Z,21,98.5,0,1,0.5,95,100,97.5,35,45,40,65,75,70,0,1,0.5,0,1,0.5,77.25,86.25,82
CA,151000,76,2,2018,2018-07-06T00:00:00Z,17,109.5,0,1,0.5,95,100,97.5,25,35,30,65,75,70,0,1,0.5,0,1,0.5,73.75,83.75,79
CA,151000,77,2,2018,2018-07-09T00:00:00Z,20,121.5,0,1,0.5,85,95,90,65,75,70,65,75,70,0,1,0.5,0,1,0.5,87.75,93.75,90.99999999999999
CA,151000,78,2,2018,2018-07-09T00:00:00Z,17,111.5,0,1,0.5,85,95,90,65,75,70,75,85,80,0,1,0.5,0,1,0.5,91.25,96.25,94
CA,151000,79,2,2018,2018-07-10T00:00:00Z,19,134.5,0,1,0.5,95,100,97.5,75,85,80,75,85,80,0,1,0.5,0,1,0.5,93.75,97.75,96
CA,151000,80,2,2018,2018-07-10T00:00:00Z,24,169.5,0,1,0.5,85,95,90,65,75,70,65,75,70,0,1,0.5,0,1,0.5,87.75,93.75,90.99999999999999
CA,151000,82,2,2018,2018-06-18T00:00:00Z,26,88,3,5,4,85,95,90,85,95,90,45,55,50,0,1,0.5,0,1,0.5,91.75,97.75,95
CA,151000,83,2,2018,2018-06-18T00:00:00Z,31,70.5,3,5,4,85,95,90,85,95,90,55,65,60,0,1,0.5,0,1,0.5,93.25,98.25,96
CA,151000,84,2,2018,2018-06-19T12:13:59Z,27,118.5,3,5,4,85,95,90,75,85,80,45,55,50,0,1,0.5,0,1,0.5,86.25,93.25,90
CA,151000,85,2,2018,2018-06-19T13:11:41Z,33,143.5,3,5,4,85,95,90,85,95,90,25,35,30,0,1,0.5,0,1,0.5,88.75,96.75,93
CA,151000,86,2,2018,2018-06-26T12:16:22Z,36,73.5,0,1,0.5,75,85,80,85,95,90,35,45,40,0,1,0.5,0,1,0.5,90.25,97.24999999999999,94
CA,151000,87,2,2018,2018-06-26T12:50:00Z,29,81.5,0,1,0.5,85,95,90,75,85,80,25,35,30,0,1,0.5,0,1,0.5,81.25,90.25,86.00000000000001
CA,151000,88,2,2018,2018-07-03T00:00:00Z,38,105.5,3,5,4,85,95,90,95,100,97.5,15,25,20,0,1,0.5,0,1,0.5,95.75,100,98
CA,151000,89,2,2018,2018-07-04T00:00:00Z,37,115,1,3,2,85,95,90,65,75,70,55,65,60,0,1,0.5,0,1,0.5,84.25,91.25,88
CA,151000,90,2,2018,2018-07-04T00:00:00Z,21,98,0,1,0.5,95,100,97.5,55,65,60,75,85,80,0,1,0.5,0,1,0.5,88.75,94.75,92
CA,151000,91,2,2018,2018-07-06T12:01:27Z,20,81,0,1,0.5,85,95,90,65,75,70,75,85,80,0,1,0.5,0,1,0.5,91.25,96.25,94
CA,151000,92,2,2018,2018-07-06T11:56:32Z,16,106,0,1,0.5,85,95,90,55,65,60,65,75,70,0,1,0.5,0,1,0.5,84.25,91.25,88
CA,151000,93,2,2018,2018-07-09T00:00:00Z,16,71.5,0,1,0.5,95,100,97.5,65,75,70,75,85,80,0,1,0.5,0,1,0.5,91.25,96.25,94
CA,151000,94,2,2018,2018-07-09T00:00:00Z,17,103,0,1,0.5,95,100,97.5,25,35,30,65,75,70,0,1,0.5,0,1,0.5,73.75,83.75,79
CA,151000,95,2,2018,2018-07-10T00:00:00Z,23,122.5,0,1,0.5,95,100,97.5,55,65,60,75,85,80,0,1,0.5,0,1,0.5,88.75,94.75,92
CA,151000,96,2,2018,2018-07-10T00:00:00Z,24,152.5,0,1,0.5,95,100,97.5,85,95,90,75,85,80,0,1,0.5,0,1,0.5,96.25,99.25,98
CA,151000,98,2,2018,2018-05-04T13:59:32Z,30,73.5,5,10,7.5,85,95,90,95,100,97.5,15,25,20,0,1,0.5,0,1,0.5,95.75,100,98
CA,151000,99,2,2018,2018-06-18T00:00:00Z,34,98,1,3,2,75,85,80,75,85,80,45,55,50,0,1,0.5,0,1,0.5,86.25,93.25,90
CA,151000,100,2,2018,2018-06-19T12:24:06Z,28,170.5,1,3,2,75,85,80,75,85,80,35,45,40,0,1,0.5,0,1,0.5,83.75,91.75,88
CA,151000,101,2,2018,2018-05-08T00:00:00Z,31,100,3,5,4,85,95,90,85,95,90,25,35,30,0,1,0.5,0,1,0.5,88.75,96.75,93
CA,151000,102,2,2018,2018-06-26T12:23:54Z,31,69,0,1,0.5,85,95,90,85,95,90,35,45,40,0,1,0.5,0,1,0.5,90.25,97.24999999999999,94
CA,151000,103,2,2018,2018-06-26T12:48:53Z,32,109.5,0,1,0.5,85,95,90,85,95,90,35,45,40,0,1,0.5,0,1,0.5,90.25,97.24999999999999,94
CA,151000,104,2,2018,2018-07-03T00:00:00Z,28,126,5,10,7.5,95,100,97.5,95,100,97.5,10,15,12.5,0,1,0.5,0,1,0.5,95.5,100,97.8125
CA,151000,105,2,2018,2018-07-04T00:00:00Z,30,136,1,3,2,85,95,90,65,75,70,45,55,50,0,1,0.5,0,1,0.5,80.75,88.75,85
CA,151000,106,2,2018,2018-07-04T00:00:00Z,22,87.5,0,1,0.5,95,100,97.5,65,75,70,75,85,80,0,1,0.5,0,1,0.5,91.25,96.25,94
CA,151000,107,2,2018,2018-07-06T11:55:08Z,25,106.5,0,1,0.5,85,95,90,45,55,50,75,85,80,0,1,0.5,0,1,0.5,86.25,93.25,90
CA,151000,108,2,2018,2018-07-06T00:00:00Z,30,68.5,1,3,2,95,100,97.5,15,25,20,65,75,70,0,1,0.5,0,1,0.5,70.25,81.25,76
CA,151000,109,2,2018,2018-07-09T00:00:00Z,24,130,0,1,0.5,95,100,97.5,45,55,50,75,85,80,0,1,0.5,0,1,0.5,86.25,93.25,90
CA,151000,110,2,2018,2018-07-09T00:00:00Z,23,103,0,1,0.5,85,95,90,35,45,40,75,85,80,0,1,0.5,0,1,0.5,83.75,91.75,88
CA,151000,111,2,2018,2018-07-10T00:00:00Z,23,112,0,1,0.5,85,95,90,85,95,90,75,85,80,0,1,0.5,0,1,0.5,96.25,99.25,98
CA,151000,112,2,2018,2018-07-10T00:00:00Z,27,125.5,0,1,0.5,95,100,97.5,55,65,60,75,85,80,0,1,0.5,0,1,0.5,88.75,94.75,92
CA,151000,114,2,2018,2018-06-06T00:00:00Z,33,98.5,5,10,7.5,55,65,60,85,95,90,45,55,50,0,1,0.5,0,1,0.5,91.75,97.75,95
CA,151000,115,2,2018,2018-06-18T00:00:00Z,37,91,3,5,4,55,65,60,75,85,80,35,45,40,0,1,0.5,0,1,0.5,83.75,91.75,88
CA,151000,116,2,2018,2018-06-19T12:31:56Z,29,125.5,10,15,12.5,35,45,40,75,85,80,35,45,40,0,1,0.5,0,1,0.5,83.75,91.75,88
CA,151000,117,2,2018,2018-06-19T12:47:10Z,26,142,10,15,12.5,45,55,50,75,85,80,35,45,40,0,1,0.5,0,1,0.5,83.75,91.75,88
CA,151000,118,2,2018,2018-06-26T12:31:45Z,33,85.5,1,3,2,85,95,90,85,95,90,35,45,40,0,1,0.5,0,1,0.5,90.25,97.24999999999999,94
CA,151000,119,2,2018,2018-06-26T12:37:42Z,28,130,1,3,2,75,85,80,85,95,90,35,45,40,0,1,0.5,0,1,0.5,90.25,97.24999999999999,94
CA,151000,120,2,2018,2018-07-03T00:00:00Z,26,177.5,5,10,7.5,75,85,80,95,100,97.5,15,25,20,0,1,0.5,0,1,0.5,95.75,100,98
CA,151000,121,2,2018,2018-07-04T00:00:00Z,34,108.5,3,5,4,85,95,90,85,95,90,55,65,60,0,1,0.5,0,1,0.5,93.25,98.25,96
CA,151000,122,2,2018,2018-07-04T00:00:00Z,17,77.5,0,1,0.5,95,100,97.5,55,65,60,75,85,80,0,1,0.5,0,1,0.5,88.75,94.75,92
CA,151000,123,2,2018,2018-07-06T11:54:00Z,24,92,0,1,0.5,85,95,90,55,65,60,75,85,80,0,1,0.5,0,1,0.5,88.75,94.75,92
CA,151000,124,2,2018,2018-07-06T11:52:50Z,21,120.5,0,1,0.5,65,75,70,55,65,60,85,95,90,0,1,0.5,0,1,0.5,93.25,98.25,96
CA,151000,125,2,2018,2018-07-09T00:00:00Z,32,83,0,1,0.5,95,100,97.5,55,65,60,75,85,80,0,1,0.5,0,1,0.5,88.75,94.75,92
CA,151000,126,2,2018,2018-07-09T00:00:00Z,31,110.5,1,3,2,95,100,97.5,45,55,50,65,75,70,0,1,0.5,0,1,0.5,80.75,88.75,85
CA,151000,127,2,2018,2018-07-10T00:00:00Z,28,51,0,1,0.5,85,95,90,65,75,70,75,85,80,0,1,0.5,0,1,0.5,91.25,96.25,94
CA,151000,128,2,2018,2018-07-10T00:00:00Z,26,91.5,0,1,0.5,85,95,90,65,75,70,65,75,70,0,1,0.5,0,1,0.5,87.75,93.75,90.99999999999999
CA,171100,1,2,2014,2014-08-13T00:00:00Z,31,48.5,0,1,0.5,45,55,50,65,75,70,55,65,60,0,1,0.5,0,1,0.5,84.25,91.25,88
CA,171100,2,2,2014,2014-08-11T00:00:00Z,33,43.5,1,3,2,45,55,50,75,85,80,55,65,60,1,3,2,0,1,0.5,88.75,94.75,92
CA,171100,3,2,2014,2014-08-11T00:00:00Z,42,53,0,1,0.5,55,65,60,45,55,50,55,65,60,3,5,4,0,1,0.5,75.25,84.25,80
CA,171100,4,2,2014,2014-07-30T00:00:00Z,30,29,5,10,7.5,45,55,50,35,45,40,75,85,80,3,5,4,0,1,0.5,83.75,91.75,88
CA,171100,5,2,2014,2014-07-24T00:00:00Z,40,64.5,1,3,2,55,65,60,45,55,50,55,65,60,5,10,7.5,1,3,2,75.25,84.25,80
CA,171100,6,2,2014,2014-07-17T00:00:00Z,28,36.5,1,3,2,35,45,40,35,45,40,55,65,60,15,25,20,0,1,0.5,70.75,80.75,76
CA,171100,7,2,2014,2014-07-14T00:00:00Z,35,44.5,0,1,0.5,35,45,40,55,65,60,85,95,90,25,35,30,0,1,0.5,93.25,98.25,96
CA,171100,8,2,2014,2014-07-14T00:00:00Z,26,39,0,1,0.5,25,35,30,35,45,40,85,95,90,25,35,30,0,1,0.5,90.25,97.24999999999999,94
CA,171100,9,2,2014,2014-07-09T00:00:00Z,26,53,0,1,0.5,45,55,50,35,45,40,75,85,80,0,1,0.5,0,1,0.5,83.75,91.75,88
CA,171100,10,2,2014,2014-07-09T00:00:00Z,24,45,0,1,0.5,35,45,40,75,85,80,65,75,70,0,1,0.5,0,1,0.5,91.25,96.25,94
CA,171100,11,2,2014,2014-08-13T00:00:00Z,26,45,0,1,0.5,35,45,40,75,85,80,85,95,90,0,1,0.5,0,1,0.5,96.25,99.25,98
CA,171100,12,2,2014,2014-08-11T00:00:00Z,33,67.5,1,3,2,65,75,70,65,75,70,65,75,70,3,5,4,0,1,0.5,87.75,93.75,90.99999999999999
CA,171100,13,2,2014,2014-08-11T00:00:00Z,36,59,0,1,0.5,55,65,60,45,55,50,65,75,70,0,1,0.5,0,1,0.5,80.75,88.75,85
CA,171100,14,2,2014,2014-07-30T00:00:00Z,27,30,1,3,2,45,55,50,55,65,60,75,85,80,1,3,2,0,1,0.5,88.75,94.75,92
CA,171100,15,2,2014,2014-07-24T00:00:00Z,43,54,0,1,0.5,55,65,60,5,10,7.5,75,85,80,1,3,2,1,3,2,76.25,86.5,81.5
CA,171100,16,2,2014,2014-07-17T00:00:00Z,38,40.5,0,1,0.5,45,55,50,25,35,30,65,75,70,15,25,20,0,1,0.5,73.75,83.75,79
CA,171100,17,2,2014,2014-07-14T00:00:00Z,31,77,0,1,0.5,75,85,80,25,35,30,75,85,80,15,25,20,0,1,0.5,81.25,90.25,86.00000000000001
CA,171100,18,2,2014,2014-07-14T00:00:00Z,30,38.5,0,1,0.5,45,55,50,35,45,40,75,85,80,25,35,30,0,1,0.5,83.75,91.75,88
CA,171100,19,2,2014,2014-07-09T00:00:00Z,26,63,0,1,0.5,55,65,60,65,75,70,75,85,80,0,1,0.5,0,1,0.5,91.25,96.25,94
CA,171100,20,2,2014,2014-07-09T00:00:00Z,22,45.5,0,1,0.5,55,65,60,45,55,50,65,75,70,0,1,0.5,0,1,0.5,80.75,88.75,85
CA,171100,21,2,2014,2014-08-13T00:00:00Z,28,51,1,3,2,55,65,60,65,75,70,75,85,80,1,3,2,0,1,0.5,91.25,96.25,94
CA,171100,22,2,2014,2014-08-11T00:00:00Z,34,61,1,3,2,55,65,60,35,45,40,65,75,70,0,1,0.5,0,1,0.5,77.25,86.25,82
CA,171100,23,2,2014,2014-08-11T00:00:00Z,39,81,1,3,2,75,85,80,45,55,50,55,65,60,0,1,0.5,0,1,0.5,75.25,84.25,80
CA,171100,24,2,2014,2014-07-30T00:00:00Z,35,27,0,1,0.5,55,65,60,55,65,60,75,85,80,1,3,2,0,1,0.5,88.75,94.75,92
CA,171100,25,2,2014,2014-07-24T00:00:00Z,29,29.5,1,3,2,25,35,30,15,25,20,95,100,97.5,0,1,0.5,0,1,0.5,95.75,100,98
CA,171100,26,2,2014,2014-07-17T00:00:00Z,28,55,0,1,0.5,35,45,40,25,35,30,75,85,80,35,45,40,0,1,0.5,81.25,90.25,86.00000000000001
CA,171100,27,2,2014,2014-07-14T00:00:00Z,34,91.5,10,15,12.5,85,95,90,35,45,40,25,35,30,0,1,0.5,0,1,0.5,51.24999999999999,64.25,58.00000000000001
CA,171100,28,2,2014,2014-07-14T00:00:00Z,26,40.5,0,1,0.5,55,65,60,15,25,20,75,85,80,15,25,20,0,1,0.5,78.75,88.75,84.00000000000001
CA,171100,29,2,2014,2014-07-10T00:00:00Z,24,62.5,0,1,0.5,75,85,80,10,15,12.5,75,85,80,0,1,0.5,0,1,0.5,77.5,87.25,82.5
CA,171100,30,2,2014,2014-07-09T00:00:00Z,29,71,0,1,0.5,65,75,70,15,25,20,75,85,80,0,1,0.5,0,1,0.5,78.75,88.75,84.00000000000001
CA,171100,31,2,2014,2014-08-13T00:00:00Z,29,49.5,0,1,0.5,55,65,60,75,85,80,75,85,80,1,3,2,0,1,0.5,93.75,97.75,96
CA,171100,32,2,2014,2014-08-11T00:00:00Z,23,47.5,0,1,0.5,45,55,50,25,35,30,85,95,90,3,5,4,0,1,0.5,88.75,96.75,93
CA,171100,33,2,2014,2014-08-11T00:00:00Z,27,74.5,0,1,0.5,85,95,90,45,55,50,65,75,70,1,3,2,0,1,0.5,80.75,88.75,85
CA,171100,34,2,2014,2014-07-30T00:00:00Z,37,38.5,3,5,4,55,65,60,55,65,60,65,75,70,1,3,2,0,1,0.5,84.25,91.25,88
CA,171100,35,2,2014,2014-07-24T00:00:00Z,30,35.5,0,1,0.5,45,55,50,10,15,12.5,85,95,90,1,3,2,0,1,0.5,86.5,95.75,91.25
CA,171100,36,2,2014,2014-07-17T00:00:00Z,30,47.5,1,3,2,65,75,70,5,10,7.5,85,95,90,0,1,0.5,0,1,0.5,85.75,95.5,90.75
CA,171100,37,2,2014,2014-07-14T00:00:00Z,30,60.5,1,3,2,65,75,70,35,45,40,65,75,70,15,25,20,0,1,0.5,77.25,86.25,82
CA,171100,38,2,2014,2014-07-14T00:00:00Z,34,53,0,1,0.5,65,75,70,35,45,40,75,85,80,0,1,0.5,0,1,0.5,83.75,91.75,88
CA,171100,39,2,2014,2014-07-10T00:00:00Z,24,64,0,1,0.5,75,85,80,15,25,20,75,85,80,0,1,0.5,0,1,0.5,78.75,88.75,84.00000000000001
CA,171100,40,2,2014,2014-07-09T00:00:00Z,28,31.5,0,1,0.5,85,95,90,45,55,50,75,85,80,0,1,0.5,0,1,0.5,86.25,93.25,90
CA,171100,41,2,2014,2014-08-13T00:00:00Z,29,48,3,5,4,55,65,60,55,65,60,85,95,90,1,3,2,0,1,0.5,93.25,98.25,96
CA,171100,42,2,2014,2014-08-11T00:00:00Z,26,61,0,1,0.5,55,65,60,25,35,30,85,95,90,1,3,2,0,1,0.5,88.75,96.75,93
CA,171100,43,2,2014,2014-08-11T00:00:00Z,25,90.5,0,1,0.5,85,95,90,55,65,60,85,95,90,1,3,2,0,1,0.5,93.25,98.25,96
CA,171100,44,2,2014,2014-07-30T00:00:00Z,33,66,0,1,0.5,75,85,80,45,55,50,75,85,80,1,3,2,0,1,0.5,86.25,93.25,90
CA,171100,45,2,2014,2014-07-24T00:00:00Z,30,42.5,1,3,2,45,55,50,25,35,30,95,100,97.5,0,1,0.5,0,1,0.5,96.24999999999999,100,98.25
CA,171100,46,2,2014,2014-07-17T00:00:00Z,31,40.5,1,3,2,55,65,60,10,15,12.5,85,95,90,15,25,20,0,1,0.5,86.5,95.75,91.25
CA,171100,47,2,2014,2014-07-14T00:00:00Z,29,64,0,1,0.5,65,75,70,55,65,60,75,85,80,25,35,30,1,3,2,88.75,94.75,92
CA,171100,48,2,2014,2014-07-14T00:00:00Z,33,53,1,3,2,55,65,60,35,45,40,75,85,80,15,25,20,0,1,0.5,83.75,91.75,88
CA,171100,49,2,2014,2014-07-10T00:00:00Z,24,48,1,3,2,45,55,50,75,85,80,65,75,70,0,1,0.5,1,3,2,91.25,96.25,94
CA,171100,50,2,2014,2014-07-09T00:00:00Z,35,89.5,0,1,0.5,85,95,90,10,15,12.5,85,95,90,0,1,0.5,0,1,0.5,86.5,95.75,91.25
CA,171200,1,2,2014,2014-07-10T00:00:00Z,18,29,0,1,0.5,25,35,30,35,45,40,75,85,80,0,1,0.5,0,1,0.5,83.75,91.75,88
CA,171200,2,2,2014,2014-07-10T00:00:00Z,20,31.5,1,3,2,25,35,30,35,45,40,25,35,30,0,1,0.5,0,1,0.5,51.24999999999999,64.25,58.00000000000001
CA,171200,3,2,2014,2014-07-10T00:00:00Z,20,38.5,1,3,2,35,45,40,3,5,4,85,95,90,0,1,0.5,0,1,0.5,85.45,95.24999999999999,90.4
CA,171200,4,2,2014,2014-07-10T00:00:00Z,21,44,1,3,2,45,55,50,3,5,4,75,85,80,0,1,0.5,0,1,0.5,75.75,85.75,80.80000000000001
CA,171200,5,2,2014,2014-07-10T00:00:00Z,25,67,1,3,2,65,75,70,,,,,,,0,1,0.5,0,1,0.5,,,
CA,171200,6,2,2014,2014-07-10T00:00:00Z,25,36.5,0,1,0.5,35,45,40,65,75,70,25,35,30,0,1,0.5,1,3,2,73.75,83.75,79
CA,171200,7,2,2014,2014-07-04T00:00:00Z,23,32,0,1,0.5,35,45,40,25,35,30,75,85,80,0,1,0.5,0,1,0.5,81.25,90.25,86.00000000000001
CA,171200,8,2,2014,2014-07-04T00:00:00Z,20,27.5,0,1,0.5,45,55,50,35,45,40,75,85,80,0,1,0.5,0,1,0.5,83.75,91.75,88
CA,171200,9,2,2014,2014-07-04T00:00:00Z,22,52,0,1,0.5,65,75,70,55,65,60,10,15,12.5,0,1,0.5,0,1,0.5,59.5,70.25,64.99999999999999
CA,171200,10,2,2014,2014-07-04T00:00:00Z,27,46,0,1,0.5,55,65,60,65,75,70,25,35,30,0,1,0.5,0,1,0.5,73.75,83.75,79
CA,171200,11,2,2014,2014-07-03T00:00:00Z,20,31.5,1,3,2,15,25,20,25,35,30,55,65,60,0,1,0.5,0,1,0.5,66.25000000000001,77.25,72
CA,171200,12,2,2014,2014-07-03T00:00:00Z,25,36,1,3,2,25,35,30,15,25,20,75,85,80,0,1,0.5,0,1,0.5,78.75,88.75,84.00000000000001
CA,171200,13,2,2014,2014-07-03T00:00:00Z,21,25.5,1,3,2,15,25,20,10,15,12.5,75,85,80,0,1,0.5,0,1,0.5,77.5,87.25,82.5
CA,171200,14,2,2014,2014-07-03T00:00:00Z,22,25.5,1,3,2,25,35,30,3,5,4,75,85,80,0,1,0.5,1,3,2,75.75,85.75,80.80000000000001
CA,171200,15,2,2014,2014-07-03T00:00:00Z,20,28.5,0,1,0.5,25,35,30,15,25,20,55,65,60,0,1,0.5,1,3,2,61.75000000000001,73.75,68
CA,171200,16,2,2014,2014-07-03T00:00:00Z,23,39.5,0,1,0.5,3,5,4,75,85,80,45,55,50,0,1,0.5,1,3,2,86.25,93.25,90
CA,171200,17,2,2014,2014-07-03T00:00:00Z,22,49.5,1,3,2,35,45,40,10,15,12.5,65,75,70,0,1,0.5,0,1,0.5,68.5,78.75,73.75
CA,171200,18,2,2014,2014-07-03T00:00:00Z,16,88.5,0,1,0.5,75,85,80,45,55,50,35,45,40,0,1,0.5,0,1,0.5,64.25,75.25,70
CA,171200,19,2,2014,2014-07-04T00:00:00Z,17,92.5,0,1,0.5,85,95,90,25,35,30,35,45,40,0,1,0.5,0,1,0.5,51.24999999999999,64.25,58.00000000000001
CA,171200,20,2,2014,2014-07-04T00:00:00Z,25,96,1,3,2,85,95,90,25,35,30,15,25,20,0,1,0.5,0,1,0.5,36.25000000000001,51.24999999999999,44.00000000000001
CA,171200,21,2,2014,2014-07-02T00:00:00Z,15,12,1,3,2,3,5,4,15,25,20,85,95,90,0,1,0.5,0,1,0.5,87.25,96.24999999999999,92
CA,171200,22,2,2014,2014-07-02T00:00:00Z,15,13.5,1,3,2,3,5,4,10,15,12.5,85,95,90,0,1,0.5,0,1,0.5,86.5,95.75,91.25
CA,171200,23,2,2014,2014-07-02T00:00:00Z,16,11,1,3,2,5,10,7.5,3,5,4,85,95,90,0,1,0.5,0,1,0.5,85.45,95.24999999999999,90.4
CA,171200,24,2,2014,2014-07-02T00:00:00Z,15,11,1,3,2,3,5,4,15,25,20,95,100,97.5,0,1,0.5,0,1,0.5,95.75,100,98
CA,171200,25,2,2014,2014-07-02T00:00:00Z,15,15.5,1,3,2,5,10,7.5,25,35,30,85,95,90,0,1,0.5,0,1,0.5,88.75,96.75,93
CA,171200,26,2,2014,2014-07-02T00:00:00Z,16,42,0,1,0.5,25,35,30,5,10,7.5,95,100,97.5,0,1,0.5,0,1,0.5,95.24999999999999,100,97.6875
CA,171200,27,2,2014,2014-07-02T00:00:00Z,18,35,0,1,0.5,25,35,30,15,25,20,85,95,90,0,1,0.5,0,1,0.5,87.25,96.24999999999999,92
CA,171200,28,2,2014,2014-07-02T00:00:00Z,16,46.5,1,3,2,45,55,50,3,5,4,35,45,40,0,1,0.5,0,1,0.5,36.95,47.75,42.400000000000006
CA,171200,29,2,2014,2014-07-02T00:00:00Z,20,47,3,5,4,25,35,30,15,25,20,85,95,90,0,1,0.5,0,1,0.5,87.25,96.24999999999999,92
CA,171200,30,2,2014,2014-07-02T00:00:00Z,20,50,0,1,0.5,45,55,50,10,15,12.5,35,45,40,0,1,0.5,0,1,0.5,41.49999999999999,53.25,47.5
CA,171200,31,2,2014,2014-06-27T00:00:00Z,11,9,1,3,2,3,5,4,0,1,0.5,95,100,97.5,0,1,0.5,0,1,0.5,95,100,97.5125
CA,171200,32,2,2014,2014-06-27T00:00:00Z,9,11.5,1,3,2,5,10,7.5,5,10,7.5,95,100,97.5,0,1,0.5,0,1,0.5,95.24999999999999,100,97.6875
CA,171200,33,2,2014,2014-06-27T00:00:00Z,14,7,0,1,0.5,1,3,2,5,10,7.5,85,95,90,0,1,0.5,1,3,2,85.75,95.5,90.75
CA,171200,34,2,2014,2014-06-27T00:00:00Z,12,9,0,1,0.5,3,5,4,25,35,30,85,95,90,0,1,0.5,1,3,2,88.75,96.75,93
CA,171200,35,2,2014,2014-06-27T00:00:00Z,13,13,0,1,0.5,5,10,7.5,45,55,50,95,100,97.5,0,1,0.5,1,3,2,97.24999999999999,100,98.75
CA,171200,36,2,2014,2014-06-27T00:00:00Z,10,56,0,1,0.5,45,55,50,10,15,12.5,85,95,90,0,1,0.5,0,1,0.5,86.5,95.75,91.25
CA,171200,37,2,2014,2014-06-27T00:00:00Z,12,37,0,1,0.5,25,35,30,15,25,20,75,85,80,0,1,0.5,0,1,0.5,78.75,88.75,84.00000000000001
CA,171200,38,2,2014,2014-06-27T00:00:00Z,12,28.5,0,1,0.5,15,25,20,25,35,30,85,95,90,0,1,0.5,0,1,0.5,88.75,96.75,93
CA,171200,39,2,2014,2014-06-27T00:00:00Z,15,19,1,3,2,5,10,7.5,5,10,7.5,75,85,80,0,1,0.5,0,1,0.5,76.25,86.5,81.5
CA,171200,40,2,2014,2014-06-27T00:00:00Z,19,19.5,1,3,2,10,15,12.5,10,15,12.5,85,95,90,0,1,0.5,1,3,2,86.5,95.75,91.25
CA,171200,41,2,2014,2014-06-26T00:00:00Z,15,15,1,3,2,5,10,7.5,55,65,60,75,85,80,0,1,0.5,1,3,2,88.75,94.75,92
CA,171200,42,2,2014,2014-06-26T00:00:00Z,15,13.5,1,3,2,5,10,7.5,3,5,4,85,95,90,0,1,0.5,1,3,2,85.45,95.24999999999999,90.4
CA,171200,43,2,2014,2014-06-26T00:00:00Z,17,11.5,1,3,2,5,10,7.5,10,15,12.5,75,85,80,0,1,0.5,0,1,0.5,77.5,87.25,82.5
CA,171200,44,2,2014,2014-06-26T00:00:00Z,18,24,0,1,0.5,15,25,20,25,35,30,75,85,80,0,1,0.5,0,1,0.5,81.25,90.25,86.00000000000001
CA,171200,45,2,2014,2014-06-26T00:00:00Z,17,25,0,1,0.5,15,25,20,15,25,20,85,95,90,0,1,0.5,0,1,0.5,87.25,96.24999999999999,92
CA,171200,46,2,2014,2014-06-26T00:00:00Z,19,36.5,0,1,0.5,45,55,50,45,55,50,55,65,60,0,1,0.5,0,1,0.5,75.25,84.25,80
CA,171200,47,2,2014,2014-06-26T00:00:00Z,18,54,0,1,0.5,45,55,50,15,25,20,55,65,60,0,1,0.5,0,1,0.5,61.75000000000001,73.75,68
CA,171200,48,2,2014,2014-06-26T00:00:00Z,23,54,0,1,0.5,55,65,60,15,25,20,45,55,50,0,1,0.5,0,1,0.5,53.25,66.25000000000001,60
CA,171200,49,2,2014,2014-06-26T00:00:00Z,23,68.5,0,1,0.5,45,55,50,25,35,30,85,95,90,0,1,0.5,0,1,0.5,88.75,96.75,93
CA,171200,50,2,2014,2014-06-26T00:00:00Z,27,64.5,0,1,0.5,55,65,60,25,35,30,55,65,60,0,1,0.5,0,1,0.5,66.25000000000001,77.25,72
CP,101,1,3,2023,2023-07-05T00:00:00Z,19,45,0,1,0.5,25,35,30,45,55,50,85,95,90,0,1,0.5,1,3,2,91.75,97.75,95
CP,102,1,3,2023,2023-07-04T00:00:00Z,16,40,1,3,2,45,55,50,15,25,20,85,95,90,0,1,0.5,10,15,12.5,87.25,96.24999999999999,92
CP,103,1,3,2023,2023-07-05T00:00:00Z,20,95.5,0,1,0.5,45,55,50,65,75,70,85,95,90,0,1,0.5,1,3,2,94.75,98.75,97
CP,104,1,3,2023,2023-07-05T00:00:00Z,23,62.5,0,1,0.5,45,55,50,45,55,50,85,95,90,0,1,0.5,25,35,30,91.75,97.75,95
CP,105,1,3,2023,2023-07-04T00:00:00Z,20,122.5,0,1,0.5,55,65,60,45,55,50,85,95,90,0,1,0.5,1,3,2,91.75,97.75,95
CP,106,1,3,2023,2023-07-05T00:00:00Z,18,138,0,1,0.5,65,75,70,15,25,20,85,95,90,0,1,0.5,0,1,0.5,87.25,96.24999999999999,92
CP,107,1,3,2023,2023-07-05T00:00:00Z,20,64.5,0,1,0.5,55,65,60,55,65,60,85,95,90,0,1,0.5,0,1,0.5,93.25,98.25,96
CP,108,1,3,2023,2023-07-05T00:00:00Z,17,107.5,0,1,0.5,65,75,70,35,45,40,65,75,70,0,1,0.5,1,3,2,77.25,86.25,82
CP,109,1,3,2023,2023-07-04T00:00:00Z,22,97,0,1,0.5,75,85,80,35,45,40,65,75,70,0,1,0.5,10,15,12.5,77.25,86.25,82
CP,110,1,3,2023,2023-07-04T00:00:00Z,19,99.5,0,1,0.5,35,45,40,45,55,50,85,95,90,0,1,0.5,35,45,40,91.75,97.75,95
CP,111,1,3,2023,2023-07-03T00:00:00Z,11,30.5,1,3,2,15,25,20,5,10,7.5,85,95,90,0,1,0.5,1,3,2,85.75,95.5,90.75
CP,112,1,3,2023,2023-07-05T00:00:00Z,19,39.5,0,1,0.5,45,55,50,15,25,20,85,95,90,0,1,0.5,5,10,7.5,87.25,96.24999999999999,92
CP,113,1,3,2023,2023-07-05T00:00:00Z,20,38,0,1,0.5,25,35,30,10,15,12.5,85,95,90,0,1,0.5,1,3,2,86.5,95.75,91.25
CP,114,1,3,2023,2023-07-05T00:00:00Z,20,132,0,1,0.5,65,75,70,15,25,20,85,95,90,0,1,0.5,0,1,0.5,87.25,96.24999999999999,92
CP,115,1,3,2023,2023-07-04T00:00:00Z,22,91.5,0,1,0.5,65,75,70,5,10,7.5,85,95,90,0,1,0.5,55,65,60,85.75,95.5,90.75
CP,116,1,3,2023,2023-07-03T00:00:00Z,16,19.5,0,1,0.5,10,15,12.5,65,75,70,85,95,90,0,1,0.5,0,1,0.5,94.75,98.75,97
CP,117,1,3,2023,2023-07-05T00:00:00Z,18,105,1,3,2,65,75,70,55,65,60,85,95,90,0,1,0.5,3,5,4,93.25,98.25,96
CP,118,1,3,2023,2023-07-05T00:00:00Z,17,39,0,1,0.5,45,55,50,25,35,30,85,95,90,0,1,0.5,5,10,7.5,88.75,96.75,93
CP,119,1,3,2023,2023-07-04T00:00:00Z,20,161.5,0,1,0.5,65,75,70,45,55,50,85,95,90,0,1,0.5,25,35,30,91.75,97.75,95
CP,120,1,3,2023,2023-07-04T00:00:00Z,18,75.5,0,1,0.5,55,65,60,35,45,40,85,95,90,0,1,0.5,25,35,30,90.25,97.24999999999999,94
CP,121,1,3,2023,2023-07-03T00:00:00Z,13,32,0,1,0.5,10,15,12.5,15,25,20,85,95,90,0,1,0.5,1,3,2,87.25,96.24999999999999,92
CP,122,1,3,2023,2023-07-05T00:00:00Z,18,25.5,0,1,0.5,25,35,30,15,25,20,95,100,97.5,0,1,0.5,0,1,0.5,95.75,100,98
CP,123,1,3,2023,2023-06-26T00:00:00Z,16,84,0,1,0.5,55,65,60,45,55,50,85,95,90,0,1,0.5,15,25,20,91.75,97.75,95
CP,124,1,3,2023,2023-07-04T00:00:00Z,17,66,0,1,0.5,45,55,50,55,65,60,85,95,90,0,1,0.5,1,3,2,93.25,98.25,96
CP,125,1,3,2023,2023-07-03T00:00:00Z,13,16,0,1,0.5,10,15,12.5,10,15,12.5,85,95,90,0,1,0.5,0,1,0.5,86.5,95.75,91.25
CP,126,1,3,2023,2023-07-03T00:00:00Z,9,6,0,1,0.5,3,5,4,1,3,2,95,100,97.5,0,1,0.5,1,3,2,95.04999999999998,100,97.55
CP,127,1,3,2023,2023-06-26T00:00:00Z,16,47,0,1,0.5,45,55,50,3,5,4,85,95,90,0,1,0.5,3,5,4,85.45,95.24999999999999,90.4
CP,128,1,3,2023,2023-06-26T00:00:00Z,18,33,0,1,0.5,25,35,30,15,25,20,85,95,90,0,1,0.5,10,15,12.5,87.25,96.24999999999999,92
CP,129,1,3,2023,2023-07-03T00:00:00Z,11,43.5,0,1,0.5,15,25,20,3,5,4,95,100,97.5,0,1,0.5,1,3,2,95.15,100,97.6
CP,130,1,3,2023,2023-07-03T00:00:00Z,4,2,0,1,0.5,0,1,0.5,5,10,7.5,95,100,97.5,0,1,0.5,1,3,2,95.24999999999999,100,97.6875
CP,131,1,3,2023,2023-06-26T00:00:00Z,17,66,0,1,0.5,55,65,60,55,65,60,85,95,90,0,1,0.5,3,5,4,93.25,98.25,96
CP,132,1,3,2023,2023-06-26T00:00:00Z,20,41.5,1,3,2,25,35,30,15,25,20,95,100,97.5,0,1,0.5,0,1,0.5,95.75,100,98
CP,133,1,3,2023,2023-07-03T00:00:00Z,10,8.5,0,1,0.5,5,10,7.5,10,15,12.5,95,100,97.5,0,1,0.5,1,3,2,95.5,100,97.8125
CP,134,1,3,2023,2023-07-03T00:00:00Z,13,27,0,1,0.5,15,25,20,45,55,50,85,95,90,0,1,0.5,3,5,4,91.75,97.75,95
CP,135,1,3,2023,2023-07-03T00:00:00Z,9,6,0,1,0.5,0,1,0.5,5,10,7.5,95,100,97.5,0,1,0.5,0,1,0.5,95.24999999999999,100,97.6875
CP,136,1,3,2023,2023-06-26T00:00:00Z,17,86,1,3,2,75,85,80,25,35,30,85,95,90,0,1,0.5,25,35,30,88.75,96.75,93
CP,137,1,3,2023,2023-06-26T00:00:00Z,20,60,0,1,0.5,35,45,40,55,65,60,85,95,90,0,1,0.5,1,3,2,93.25,98.25,96
CP,138,1,3,2023,2023-07-05T00:00:00Z,17,58,0,1,0.5,15,25,20,65,75,70,85,95,90,0,1,0.5,10,15,12.5,94.75,98.75,97
CP,139,1,3,2023,2023-07-04T00:00:00Z,22,39.5,0,1,0.5,35,45,40,35,45,40,85,95,90,0,1,0.5,65,75,70,90.25,97.24999999999999,94
CP,140,1,3,2023,2023-07-04T00:00:00Z,21,91,1,3,2,25,35,30,35,45,40,65,75,70,0,1,0.5,5,10,7.5,77.25,86.25,82
CP,141,1,3,2023,2023-07-03T00:00:00Z,11,29,0,1,0.5,10,15,12.5,15,25,20,85,95,90,0,1,0.5,1,3,2,87.25,96.24999999999999,92
CP,142,1,3,2023,2023-07-03T00:00:00Z,16,22.5,0,1,0.5,15,25,20,15,25,20,85,95,90,0,1,0.5,1,3,2,87.25,96.24999999999999,92
CP,143,1,3,2023,2023-06-26T00:00:00Z,13,11.5,0,1,0.5,5,10,7.5,3,5,4,85,95,90,0,1,0.5,5,10,7.5,85.45,95.24999999999999,90.4
CP,144,1,3,2023,2023-06-26T00:00:00Z,15,97.5,0,1,0.5,25,35,30,45,55,50,85,95,90,0,1,0.5,0,1,0.5,91.75,97.75,95
CP,145,1,3,2023,2023-07-03T00:00:00Z,15,91.5,1,3,2,15,25,20,15,25,20,85,95,90,0,1,0.5,5,10,7.5,87.25,96.24999999999999,92
CP,146,1,3,2023,2023-07-03T00:00:00Z,21,84,0,1,0.5,45,55,50,35,45,40,75,85,80,0,1,0.5,3,5,4,83.75,91.75,88
CP,147,1,3,2023,2023-06-26T00:00:00Z,15,52,0,1,0.5,35,45,40,3,5,4,85,95,90,0,1,0.5,5,10,7.5,85.45,95.24999999999999,90.4
CP,148,1,3,2023,2023-06-26T00:00:00Z,7,24.5,0,1,0.5,1,3,2,1,3,2,85,95,90,0,1,0.5,1,3,2,85.14999999999999,95.15,90.2
CP,200,1,3,2022,2022-06-29T00:00:00Z,5,72,45,55,50,65,75,70,5,10,7.5,75,85,80,0,1,0.5,0,1,0.5,76.25,86.5,81.5
CP,204,1,3,2022,2022-06-28T00:00:00Z,10,24.5,95,100,97.5,15,25,20,0,1,0.5,65,75,70,0,1,0.5,1,3,2,65,75.25,70.15
CP,205,1,3,2022,2022-06-28T00:00:00Z,8,12.5,85,95,90,10,15,12.5,0,1,0.5,10,15,12.5,75,85,80,0,1,0.5,9.999999999999998,15.849999999999998,12.937500000000002
CP,206,1,3,2022,2022-06-28T00:00:00Z,7,10.5,85,95,90,10,15,12.5,0,1,0.5,65,75,70,0,1,0.5,0,1,0.5,65,75.25,70.15
CP,207,1,3,2022,2022-06-29T00:00:00Z,12,14.5,75,85,80,5,10,7.5,1,3,2,75,85,80,0,1,0.5,0,1,0.5,75.25,85.45,80.4
CP,209,1,3,2022,2022-07-04T00:00:00Z,4,100.5,0,1,0.5,95,100,97.5,1,3,2,3,5,4,0,1,0.5,0,1,0.5,3.970000000000007,7.850000000000001,5.9200000000000035
CP,210,1,3,2022,2022-07-04T00:00:00Z,4,99,0,1,0.5,95,100,97.5,0,1,0.5,10,15,12.5,0,1,0.5,0,1,0.5,9.999999999999998,15.849999999999998,12.937500000000002
CP,211,1,3,2022,2022-07-01T00:00:00Z,6,101.5,0,1,0.5,95,100,97.5,10,15,12.5,25,35,30,0,1,0.5,0,1,0.5,32.49999999999999,44.75,38.75000000000001
CP,212,1,3,2022,2022-07-01T00:00:00Z,5,101,0,1,0.5,95,100,97.5,0,1,0.5,3,5,4,0,1,0.5,0,1,0.5,3.0000000000000027,5.949999999999999,4.480000000000006
CP,213,1,3,2022,2022-07-01T00:00:00Z,4,99,1,3,2,95,100,97.5,5,10,7.5,85,95,90,0,1,0.5,0,1,0.5,85.75,95.5,90.75
CP,214,1,3,2022,2022-07-01T00:00:00Z,11,68,35,45,40,65,75,70,1,3,2,85,95,90,0,1,0.5,1,3,2,85.14999999999999,95.15,90.2
CP,215,1,3,2022,2022-07-04T00:00:00Z,13,79,3,5,4,65,75,70,10,15,12.5,65,75,70,0,1,0.5,0,1,0.5,68.5,78.75,73.75
CP,216,1,3,2022,2022-07-04T00:00:00Z,12,60.5,15,25,20,55,65,60,10,15,12.5,75,85,80,0,1,0.5,1,3,2,77.5,87.25,82.5
CP,217,1,3,2022,2022-06-17T00:00:00Z,6,100,45,55,50,95,100,97.5,3,5,4,75,85,80,0,1,0.5,0,1,0.5,75.75,85.75,80.80000000000001
CP,218,1,3,2022,2022-07-01T00:00:00Z,8,95,3,5,4,85,95,90,15,25,20,75,85,80,0,1,0.5,0,1,0.5,78.75,88.75,84.00000000000001
CP,219,1,3,2022,2022-06-16T00:00:00Z,4,99,15,25,20,95,100,97.5,0,1,0.5,65,75,70,0,1,0.5,0,1,0.5,65,75.25,70.15
CP,220,1,3,2022,2022-07-01T00:00:00Z,11,85,0,1,0.5,75,85,80,1,3,2,55,65,60,0,1,0.5,0,1,0.5,55.45,66.05000000000001,60.8
CP,221,1,3,2022,2022-06-16T00:00:00Z,9,64,25,35,30,55,65,60,1,3,2,75,85,80,0,1,0.5,0,1,0.5,75.25,85.45,80.4
CP,223,1,3,2022,2022-06-17T00:00:00Z,13,96,35,45,40,85,95,90,15,25,20,65,75,70,0,1,0.5,0,1,0.5,70.25,81.25,76
CP,224,1,3,2022,2022-06-29T00:00:00Z,9,101.5,1,3,2,95,100,97.5,1,3,2,65,75,70,0,1,0.5,0,1,0.5,65.35,75.75,70.6
CP,225,1,3,2022,2022-06-29T00:00:00Z,5,83.5,1,3,2,75,85,80,10,15,12.5,75,85,80,0,1,0.5,0,1,0.5,77.5,87.25,82.5
CP,226,1,3,2022,2022-06-29T00:00:00Z,9,64,5,10,7.5,55,65,60,0,1,0.5,85,95,90,0,1,0.5,0,1,0.5,85,95.04999999999998,90.05000000000001
CP,227,1,3,2022,2022-06-17T00:00:00Z,11,95,15,25,20,85,95,90,1,3,2,65,75,70,0,1,0.5,0,1,0.5,65.35,75.75,70.6
CP,228,1,3,2022,2022-06-29T00:00:00Z,6,92.5,35,45,40,85,95,90,0,1,0.5,75,85,80,0,1,0.5,0,1,0.5,75,85.14999999999999,80.10000000000001
CP,229,1,3,2022,2022-06-16T00:00:00Z,7,33,75,85,80,25,35,30,3,5,4,65,75,70,0,1,0.5,1,3,2,66.05000000000001,76.25,71.2
CP,401,1,3,2023,2023-06-12T00:00:00Z,6,3,0,1,0.5,1,3,2,0,1,0.5,85,95,90,0,1,0.5,0,1,0.5,85,95.04999999999998,90.05000000000001
CP,402,1,3,2023,2023-06-16T00:00:00Z,10,31.5,0,1,0.5,15,25,20,1,3,2,55,65,60,0,1,0.5,0,1,0.5,55.45,66.05000000000001,60.8
CP,403,1,3,2023,2023-06-16T00:00:00Z,8,5.5,0,1,0.5,1,3,2,0,1,0.5,95,100,97.5,0,1,0.5,0,1,0.5,95,100,97.5125
CP,404,1,3,2023,2023-06-12T00:00:00Z,7,6.5,0,1,0.5,1,3,2,0,1,0.5,95,100,97.5,0,1,0.5,0,1,0.5,95,100,97.5125
CP,405,1,3,2023,2023-06-16T00:00:00Z,11,22.5,0,1,0.5,15,25,20,0,1,0.5,95,100,97.5,0,1,0.5,0,1,0.5,95,100,97.5125
CP,406,1,3,2023,2023-06-21T00:00:00Z,10,21.5,0,1,0.5,10,15,12.5,3,5,4,75,85,80,0,1,0.5,0,1,0.5,75.75,85.75,80.80000000000001
CP,407,1,3,2023,2023-06-16T00:00:00Z,14,21.5,0,1,0.5,15,25,20,1,3,2,85,95,90,0,1,0.5,0,1,0.5,85.14999999999999,95.15,90.2
CP,408,1,3,2023,2023-06-12T00:00:00Z,7,7,0,1,0.5,3,5,4,10,15,12.5,95,100,97.5,0,1,0.5,0,1,0.5,95.5,100,97.8125
CP,409,1,3,2023,2023-06-16T00:00:00Z,7,5,0,1,0.5,3,5,4,0,1,0.5,95,100,97.5,0,1,0.5,0,1,0.5,95,100,97.5125
CP,410,1,3,2023,2023-06-21T00:00:00Z,5,2.5,0,1,0.5,0,1,0.5,0,1,0.5,85,95,90,0,1,0.5,0,1,0.5,85,95.04999999999998,90.05000000000001
CP,411,1,3,2023,2023-06-21T00:00:00Z,11,96,0,1,0.5,75,85,80,45,55,50,65,75,70,0,1,0.5,0,1,0.5,80.75,88.75,85
CP,412,1,3,2023,2023-06-19T00:00:00Z,16,108,0,1,0.5,85,95,90,45,55,50,85,95,90,0,1,0.5,0,1,0.5,91.75,97.75,95
CP,413,1,3,2023,2023-06-19T00:00:00Z,13,18,3,5,4,15,25,20,15,25,20,55,65,60,0,1,0.5,0,1,0.5,61.75000000000001,73.75,68
CP,414,1,3,2023,2023-06-21T00:00:00Z,17,79.5,1,3,2,75,85,80,75,85,80,35,45,40,0,1,0.5,0,1,0.5,83.75,91.75,88
CP,415,1,3,2023,2023-06-20T00:00:00Z,12,41.5,0,1,0.5,35,45,40,15,25,20,85,95,90,0,1,0.5,0,1,0.5,87.25,96.24999999999999,92
CP,416,1,3,2023,2023-06-19T00:00:00Z,12,89.5,0,1,0.5,85,95,90,15,25,20,85,95,90,0,1,0.5,1,3,2,87.25,96.24999999999999,92
CP,417,1,3,2023,2023-06-16T00:00:00Z,8,17.5,0,1,0.5,15,25,20,0,1,0.5,95,100,97.5,0,1,0.5,1,3,2,95,100,97.5125
CP,418,1,3,2023,2023-06-16T00:00:00Z,14,100,0,1,0.5,85,95,90,15,25,20,65,75,70,0,1,0.5,0,1,0.5,70.25,81.25,76
CP,419,1,3,2023,2023-06-19T00:00:00Z,9,8,1,3,2,3,5,4,3,5,4,85,95,90,0,1,0.5,0,1,0.5,85.45,95.24999999999999,90.4
CP,420,1,3,2023,2023-06-12T00:00:00Z,9,41.5,0,1,0.5,35,45,40,0,1,0.5,95,100,97.5,0,1,0.5,1,3,2,95,100,97.5125
CP,421,1,3,2023,2023-06-19T00:00:00Z,9,69,0,1,0.5,65,75,70,15,25,20,85,95,90,0,1,0.5,5,10,7.5,87.25,96.24999999999999,92
CP,422,1,3,2023,2023-06-21T00:00:00Z,15,95,0,1,0.5,85,95,90,45,55,50,65,75,70,0,1,0.5,1,3,2,80.75,88.75,85
CP,423,1,3,2023,2023-06-12T00:00:00Z,17,59,0,1,0.5,65,75,70,3,5,4,85,95,90,0,1,0.5,10,15,12.5,85.45,95.24999999999999,90.4
CP,425,1,3,2023,2023-06-12T00:00:00Z,7,47,0,1,0.5,55,65,60,15,25,20,75,85,80,0,1,0.5,1,3,2,78.75,88.75,84.00000000000001
CP,427,1,3,2023,2023-06-19T00:00:00Z,7,76.5,0,1,0.5,55,65,60,10,15,12.5,85,95,90,0,1,0.5,0,1,0.5,86.5,95.75,91.25
CP,428,1,3,2023,2023-06-12T00:00:00Z,10,27.5,0,1,0.5,15,25,20,25,35,30,85,95,90,0,1,0.5,1,3,2,88.75,96.75,93
CP,429,1,3,2023,2023-06-12T00:00:00Z,7,15.5,0,1,0.5,10,15,12.5,0,1,0.5,85,95,90,0,1,0.5,0,1,0.5,85,95.04999999999998,90.05000000000001
CP,430,1,3,2023,2023-06-22T00:00:00Z,8,8.5,0,1,0.5,3,5,4,5,10,7.5,85,95,90,0,1,0.5,1,3,2,85.75,95.5,90.75
CP,431,1,3,2023,2023-06-22T00:00:00Z,12,67.5,0,1,0.5,55,65,60,1,3,2,85,95,90,0,1,0.5,1,3,2,85.14999999999999,95.15,90.2
CP,432,1,3,2023,2023-06-22T00:00:00Z,10,28,0,1,0.5,15,25,20,1,3,2,85,95,90,0,1,0.5,0,1,0.5,85.14999999999999,95.15,90.2
CP,433,1,3,2023,2023-06-27T00:00:00Z,7,68,1,3,2,55,65,60,3,5,4,75,85,80,0,1,0.5,0,1,0.5,75.75,85.75,80.80000000000001
CP,434,1,3,2023,2023-06-28T00:00:00Z,6,50.5,0,1,0.5,55,65,60,0,1,0.5,85,95,90,0,1,0.5,0,1,0.5,85,95.04999999999998,90.05000000000001
CP,435,1,3,2023,2023-07-19T00:00:00Z,8,57,0,1,0.5,45,55,50,0,1,0.5,95,100,97.5,0,1,0.5,0,1,0.5,95,100,97.5125
CP,436,1,3,2023,2023-06-28T00:00:00Z,6,91.5,0,1,0.5,75,85,80,15,25,20,65,75,70,0,1,0.5,0,1,0.5,70.25,81.25,76
CP,437,1,3,2023,2023-06-28T00:00:00Z,6,59.5,0,1,0.5,65,75,70,3,5,4,55,65,60,0,1,0.5,1,3,2,56.35000000000001,66.75,61.6
CP,438,1,3,2023,2023-06-23T00:00:00Z,7,34.5,0,1,0.5,25,35,30,1,3,2,75,85,80,0,1,0.5,0,1,0.5,75.25,85.45,80.4
CP,439,1,3,2023,2023-06-23T00:00:00Z,10,57.5,1,3,2,65,75,70,1,3,2,35,45,40,0,1,0.5,0,1,0.5,35.650000000000006,46.650000000000006,41.2
CP,440,1,3,2023,2023-07-19T00:00:00Z,6,82,0,1,0.5,75,85,80,1,3,2,75,85,80,0,1,0.5,0,1,0.5,75.25,85.45,80.4
CP,441,1,3,2023,2023-07-19T00:00:00Z,5,58.5,0,1,0.5,45,55,50,3,5,4,75,85,80,0,1,0.5,0,1,0.5,75.75,85.75,80.80000000000001
CP,442,1,3,2023,2023-07-19T00:00:00Z,8,71.5,0,1,0.5,65,75,70,10,15,12.5,75,85,80,0,1,0.5,1,3,2,77.5,87.25,82.5
CP,443,1,3,2023,2023-07-19T00:00:00Z,11,53.5,0,1,0.5,45,55,50,1,3,2,85,95,90,0,1,0.5,1,3,2,85.14999999999999,95.15,90.2
CP,444,1,3,2023,2023-07-19T00:00:00Z,6,60,0,1,0.5,65,75,70,15,25,20,45,55,50,0,1,0.5,0,1,0.5,53.25,66.25000000000001,60
CP,445,1,3,2023,2023-06-20T00:00:00Z,17,20.5,0,1,0.5,15,25,20,1,3,2,85,95,90,0,1,0.5,0,1,0.5,85.14999999999999,95.15,90.2
CP,446,1,3,2023,2023-06-20T00:00:00Z,15,56.5,0,1,0.5,45,55,50,65,75,70,85,95,90,0,1,0.5,0,1,0.5,94.75,98.75,97
CP,447,1,3,2023,2023-06-23T00:00:00Z,20,105,3,5,4,85,95,90,5,10,7.5,65,75,70,0,1,0.5,0,1,0.5,66.75,77.5,72.24999999999999
CP,448,1,3,2023,2023-06-21T00:00:00Z,10,18,0,1,0.5,15,25,20,1,3,2,95,100,97.5,0,1,0.5,0,1,0.5,95.04999999999998,100,97.55
CP,449,1,3,2023,2023-06-21T00:00:00Z,13,43.5,0,1,0.5,35,45,40,1,3,2,85,95,90,0,1,0.5,1,3,2,85.14999999999999,95.15,90.2
CP,450,1,3,2023,2023-06-20T00:00:00Z,12,42,0,1,0.5,35,45,40,3,5,4,65,75,70,0,1,0.5,0,1,0.5,66.05000000000001,76.25,71.2
CP,451,1,3,2023,2023-06-27T00:00:00Z,9,85.5,0,1,0.5,75,85,80,1,3,2,85,95,90,0,1,0.5,0,1,0.5,85.14999999999999,95.15,90.2
CP,452,1,3,2023,2023-06-28T00:00:00Z,8,35,0,1,0.5,25,35,30,1,3,2,95,100,97.5,0,1,0.5,0,1,0.5,95.04999999999998,100,97.55
CP,453,1,3,2023,2023-07-24T00:00:00Z,3,114,0,1,0.5,95,100,97.5,0,1,0.5,45,55,50,0,1,0.5,0,1,0.5,44.99999999999999,55.45,50.24999999999999
CP,454,1,3,2023,2023-06-28T00:00:00Z,13,96,1,3,2,85,95,90,1,3,2,95,100,97.5,0,1,0.5,1,3,2,95.04999999999998,100,97.55
CP,455,1,3,2023,2023-07-25T00:00:00Z,5,2.5,0,1,0.5,0,1,0.5,0,1,0.5,95,100,97.5,0,1,0.5,0,1,0.5,95,100,97.5125
CP,456,1,3,2023,2023-08-03T00:00:00Z,9,11.5,1,3,2,5,10,7.5,0,1,0.5,95,100,97.5,0,1,0.5,0,1,0.5,95,100,97.5125
CP,457,1,3,2023,2023-07-25T00:00:00Z,4,3.5,0,1,0.5,1,3,2,0,1,0.5,95,100,97.5,0,1,0.5,3,5,4,95,100,97.5125
CP,458,1,3,2023,2023-07-20T00:00:00Z,6,15,1,3,2,10,15,12.5,0,1,0.5,95,100,97.5,0,1,0.5,3,5,4,95,100,97.5125
CP,459,1,3,2023,2023-08-03T00:00:00Z,6,46,0,1,0.5,35,45,40,0,1,0.5,85,95,90,0,1,0.5,0,1,0.5,85,95.04999999999998,90.05000000000001
CP,460,1,3,2023,2023-07-25T00:00:00Z,6,42.5,0,1,0.5,35,45,40,0,1,0.5,75,85,80,0,1,0.5,5,10,7.5,75,85.14999999999999,80.10000000000001
CP,461,1,3,2023,2023-07-25T00:00:00Z,7,28,0,1,0.5,15,25,20,3,5,4,85,95,90,0,1,0.5,3,5,4,85.45,95.24999999999999,90.4
CP,462,1,3,2023,2023-08-03T00:00:00Z,3,3,0,1,0.5,1,3,2,0,1,0.5,95,100,97.5,0,1,0.5,5,10,7.5,95,100,97.5125
CP,463,1,3,2023,2023-07-25T00:00:00Z,1,7.5,0,1,0.5,5,10,7.5,0,1,0.5,95,100,97.5,0,1,0.5,3,5,4,95,100,97.5125
CP,464,1,3,2023,2023-07-20T00:00:00Z,6,51,0,1,0.5,45,55,50,0,1,0.5,75,85,80,0,1,0.5,0,1,0.5,75,85.14999999999999,80.10000000000001
CP,465,1,3,2023,2023-07-25T00:00:00Z,1,4,0,1,0.5,3,5,4,0,1,0.5,95,100,97.5,0,1,0.5,3,5,4,95,100,97.5125
CP,466,1,3,2023,2023-07-20T00:00:00Z,5,25,0,1,0.5,25,35,30,0,1,0.5,85,95,90,0,1,0.5,1,3,2,85,95.04999999999998,90.05000000000001
CP,467,1,3,2023,2023-07-25T00:00:00Z,3,3,1,3,2,1,3,2,0,1,0.5,95,100,97.5,0,1,0.5,1,3,2,95,100,97.5125
CP,468,1,3,2023,2023-07-20T00:00:00Z,8,30,0,1,0.5,25,35,30,3,5,4,75,85,80,0,1,0.5,1,3,2,75.75,85.75,80.80000000000001
CP,469,1,3,2023,2023-07-20T00:00:00Z,7,22,1,3,2,15,25,20,1,3,2,75,85,80,0,1,0.5,3,5,4,75.25,85.45,80.4
CP,470,1,3,2023,2023-07-24T00:00:00Z,9,68.5,1,3,2,55,65,60,15,25,20,65,75,70,0,1,0.5,0,1,0.5,70.25,81.25,76
CP,471,1,3,2023,2023-07-20T00:00:00Z,10,18.5,0,1,0.5,15,25,20,0,1,0.5,95,100,97.5,0,1,0.5,1,3,2,95,100,97.5125
CP,472,1,3,2023,2023-07-18T00:00:00Z,8,7,0,1,0.5,3,5,4,1,3,2,95,100,97.5,0,1,0.5,1,3,2,95.04999999999998,100,97.55
CP,473,1,3,2023,2023-06-28T00:00:00Z,16,84,0,1,0.5,75,85,80,10,15,12.5,85,95,90,0,1,0.5,0,1,0.5,86.5,95.75,91.25
CP,474,1,3,2023,2023-07-24T00:00:00Z,6,32.5,1,3,2,25,35,30,0,1,0.5,95,100,97.5,0,1,0.5,1,3,2,95,100,97.5125
CP,475,1,3,2023,2023-07-20T00:00:00Z,10,115.5,1,3,2,85,95,90,0,1,0.5,55,65,60,0,1,0.5,0,1,0.5,55.00000000000001,65.35,60.199999999999996
CP,476,1,3,2023,2023-07-18T00:00:00Z,13,150.5,0,1,0.5,95,100,97.5,15,25,20,95,100,97.5,0,1,0.5,0,1,0.5,95.75,100,98
CP,477,1,3,2023,2023-07-24T00:00:00Z,6,24,0,1,0.5,15,25,20,1,3,2,95,100,97.5,0,1,0.5,3,5,4,95.04999999999998,100,97.55
CP,478,1,3,2023,2023-07-24T00:00:00Z,5,72.5,0,1,0.5,65,75,70,15,25,20,65,75,70,0,1,0.5,0,1,0.5,70.25,81.25,76
CP,479,1,3,2023,2023-06-27T00:00:00Z,12,69,0,1,0.5,85,95,90,1,3,2,85,95,90,0,1,0.5,1,3,2,85.14999999999999,95.15,90.2
CP,480,1,3,2023,2023-06-28T00:00:00Z,11,117.5,0,1,0.5,95,100,97.5,25,35,30,75,85,80,0,1,0.5,0,1,0.5,81.25,90.25,86.00000000000001
CP,481,1,3,2023,2023-07-24T00:00:00Z,9,46.5,0,1,0.5,45,55,50,3,5,4,95,100,97.5,0,1,0.5,3,5,4,95.15,100,97.6
CP,483,1,3,2023,2023-06-27T00:00:00Z,13,137,0,1,0.5,95,100,97.5,3,5,4,85,95,90,0,1,0.5,0,1,0.5,85.45,95.24999999999999,90.4
CP,484,1,3,2023,2023-07-24T00:00:00Z,8,56.5,0,1,0.5,45,55,50,10,15,12.5,85,95,90,0,1,0.5,3,5,4,86.5,95.75,91.25
CP,485,1,3,2023,2023-06-28T00:00:00Z,8,11,0,1,0.5,5,10,7.5,3,5,4,95,100,97.5,0,1,0.5,0,1,0.5,95.15,100,97.6
CP,486,1,3,2023,2023-06-28T00:00:00Z,18,86.5,1,3,2,65,75,70,0,1,0.5,85,95,90,0,1,0.5,0,1,0.5,85,95.04999999999998,90.05000000000001
CP,487,1,3,2023,2023-07-19T00:00:00Z,7,97.5,0,1,0.5,75,85,80,5,10,7.5,65,75,70,0,1,0.5,1,3,2,66.75,77.5,72.24999999999999
CP,488,1,3,2023,2023-06-23T00:00:00Z,6,64,1,3,2,55,65,60,5,10,7.5,65,75,70,0,1,0.5,0,1,0.5,66.75,77.5,72.24999999999999
CP,489,1,3,2023,2023-06-22T00:00:00Z,12,100,0,1,0.5,65,75,70,55,65,60,65,75,70,0,1,0.5,0,1,0.5,84.25,91.25,88
CP,490,1,3,2023,2023-06-20T00:00:00Z,13,77,0,1,0.5,75,85,80,1,3,2,85,95,90,0,1,0.5,1,3,2,85.14999999999999,95.15,90.2
CP,491,1,3,2023,2023-06-20T00:00:00Z,22,106.5,1,3,2,85,95,90,45,55,50,75,85,80,0,1,0.5,0,1,0.5,86.25,93.25,90
CP,492,1,3,2023,2023-06-27T00:00:00Z,17,43.5,3,5,4,35,45,40,15,25,20,85,95,90,0,1,0.5,0,1,0.5,87.25,96.24999999999999,92
CP,493,1,3,2023,2023-07-18T00:00:00Z,17,65.5,1,3,2,75,85,80,25,35,30,75,85,80,0,1,0.5,1,3,2,81.25,90.25,86.00000000000001
CP,494,1,3,2023,2023-08-03T00:00:00Z,8,5.5,0,1,0.5,1,3,2,5,10,7.5,95,100,97.5,0,1,0.5,0,1,0.5,95.24999999999999,100,97.6875
CP,495,1,3,2023,2023-06-27T00:00:00Z,16,72.5,1,3,2,55,65,60,35,45,40,85,95,90,0,1,0.5,3,5,4,90.25,97.24999999999999,94
CP,496,1,3,2023,2023-07-18T00:00:00Z,13,59.5,0,1,0.5,45,55,50,15,25,20,85,95,90,0,1,0.5,1,3,2,87.25,96.24999999999999,92
CP,497,1,3,2023,2023-06-28T00:00:00Z,10,17,0,1,0.5,10,15,12.5,0,1,0.5,95,100,97.5,0,1,0.5,1,3,2,95,100,97.5125
CP,498,1,3,2023,2023-06-27T00:00:00Z,5,105,0,1,0.5,75,85,80,5,10,7.5,75,85,80,0,1,0.5,10,15,12.5,76.25,86.5,81.5
CP,499,1,3,2023,2023-07-18T00:00:00Z,7,46,0,1,0.5,35,45,40,1,3,2,95,100,97.5,0,1,0.5,0,1,0.5,95.04999999999998,100,97.55
CP,500,1,3,2023,2023-06-22T00:00:00Z,20,130,1,3,2,85,95,90,1,3,2,85,95,90,0,1,0.5,0,1,0.5,85.14999999999999,95.15,90.2
CP,501,1,3,2023,2023-06-27T00:00:00Z,9,59.5,0,1,0.5,45,55,50,1,3,2,85,95,90,0,1,0.5,0,1,0.5,85.14999999999999,95.15,90.2
CP,502,1,3,2023,2023-06-22T00:00:00Z,7,46.5,0,1,0.5,35,45,40,15,25,20,85,95,90,0,1,0.5,1,3,2,87.25,96.24999999999999,92
CP,503,1,3,2023,2023-06-27T00:00:00Z,11,93.5,0,1,0.5,65,75,70,1,3,2,85,95,90,0,1,0.5,3,5,4,85.14999999999999,95.15,90.2
CP,504,1,3,2023,2023-06-23T00:00:00Z,18,51.5,5,10,7.5,45,55,50,10,15,12.5,85,95,90,0,1,0.5,0,1,0.5,86.5,95.75,91.25
CP,505,1,3,2023,2023-06-22T00:00:00Z,17,113,3,5,4,85,95,90,0,1,0.5,75,85,80,0,1,0.5,0,1,0.5,75,85.14999999999999,80.10000000000001
CP,506,1,3,2023,2023-06-27T00:00:00Z,13,145.5,0,1,0.5,95,100,97.5,15,25,20,85,95,90,0,1,0.5,0,1,0.5,87.25,96.24999999999999,92
CP,507,1,3,2023,2023-06-19T00:00:00Z,17,65.5,3,5,4,55,65,60,35,45,40,65,75,70,5,10,7.5,0,1,0.5,77.25,86.25,82
CP,508,1,3,2023,2023-06-22T00:00:00Z,22,79,3,5,4,85,95,90,45,55,50,75,85,80,0,1,0.5,0,1,0.5,86.25,93.25,90
CP,509,1,3,2023,2023-06-27T00:00:00Z,14,82.5,1,3,2,65,75,70,3,5,4,85,95,90,0,1,0.5,1,3,2,85.45,95.24999999999999,90.4
CP,510,1,3,2023,2023-07-18T00:00:00Z,8,16,0,1,0.5,10,15,12.5,3,5,4,75,85,80,0,1,0.5,3,5,4,75.75,85.75,80.80000000000001
CP,511,1,3,2023,2023-06-28T00:00:00Z,5,6,0,1,0.5,3,5,4,1,3,2,95,100,97.5,0,1,0.5,0,1,0.5,95.04999999999998,100,97.55
CP,512,1,3,2023,2023-06-22T00:00:00Z,22,53.5,1,3,2,55,65,60,10,15,12.5,85,95,90,0,1,0.5,3,5,4,86.5,95.75,91.25
CP,513,1,3,2023,2023-07-18T00:00:00Z,6,46,1,3,2,35,45,40,5,10,7.5,85,95,90,0,1,0.5,1,3,2,85.75,95.5,90.75
CP,514,1,3,2023,2023-06-23T00:00:00Z,15,139.5,1,3,2,85,95,90,1,3,2,85,95,90,0,1,0.5,0,1,0.5,85.14999999999999,95.15,90.2
CP,515,1,3,2023,2023-06-22T00:00:00Z,8,29.5,0,1,0.5,15,25,20,10,15,12.5,85,95,90,0,1,0.5,1,3,2,86.5,95.75,91.25
CP,516,1,3,2023,2023-06-19T00:00:00Z,8,5.5,1,3,2,25,35,30,0,1,0.5,85,95,90,0,1,0.5,0,1,0.5,85,95.04999999999998,90.05000000000001
CP,517,1,3,2023,2023-06-20T00:00:00Z,13,104.5,0,1,0.5,75,85,80,0,1,0.5,95,100,97.5,0,1,0.5,0,1,0.5,95,100,97.5125
CP,518,1,3,2023,2023-06-19T00:00:00Z,17,68.5,0,1,0.5,55,65,60,25,35,30,75,85,80,0,1,0.5,15,25,20,81.25,90.25,86.00000000000001
CP,519,1,3,2023,2023-06-19T00:00:00Z,11,17,1,3,2,10,15,12.5,10,15,12.5,85,95,90,0,1,0.5,1,3,2,86.5,95.75,91.25
CP,520,1,3,2023,2023-06-21T00:00:00Z,13,76.5,1,3,2,75,85,80,1,3,2,75,85,80,0,1,0.5,0,1,0.5,75.25,85.45,80.4
CP,521,1,3,2023,2023-06-23T00:00:00Z,15,89.5,5,10,7.5,65,75,70,25,35,30,65,75,70,0,1,0.5,0,1,0.5,73.75,83.75,79
CP,522,1,3,2023,2023-06-20T00:00:00Z,14,49,0,1,0.5,45,55,50,3,5,4,85,95,90,0,1,0.5,0,1,0.5,85.45,95.24999999999999,90.4
CP,523,1,3,2023,2023-06-23T00:00:00Z,16,46.5,1,3,2,65,75,70,25,35,30,75,85,80,0,1,0.5,0,1,0.5,81.25,90.25,86.00000000000001
CP,701,1,3,2024,2024-07-25T00:00:00Z,11,19,1,3,2,10,15,12.5,25,35,30,85,95,90,0,1,0.5,0,1,0.5,88.75,96.75,93
CP,702,1,3,2024,2024-07-25T00:00:00Z,23,34.5,1,3,2,45,55,50,65,75,70,45,55,50,1,3,2,0,1,0.5,80.75,88.75,85
CP,703,1,3,2024,2024-06-20T00:00:00Z,13,34,5,10,7.5,35,45,40,3,5,4,65,75,70,1,3,2,0,1,0.5,66.05000000000001,76.25,71.2
CP,704,1,3,2024,2024-06-20T00:00:00Z,18,15,3,5,4,5,10,7.5,15,25,20,75,85,80,1,3,2,0,1,0.5,78.75,88.75,84.00000000000001
CP,705,1,3,2024,2024-05-29T00:00:00Z,11,12.5,1,3,2,5,10,7.5,35,45,40,75,85,80,1,3,2,1,3,2,83.75,91.75,88
CP,706,1,3,2024,2024-06-20T00:00:00Z,7,96.5,0,1,0.5,85,95,90,15,25,20,55,65,60,0,1,0.5,0,1,0.5,61.75000000000001,73.75,68
CP,707,1,3,2024,2024-06-19T00:00:00Z,13,42,45,55,50,45,55,50,0,1,0.5,65,75,70,0,1,0.5,0,1,0.5,65,75.25,70.15
CP,708,1,3,2024,2024-06-20T00:00:00Z,23,59.5,1,3,2,35,45,40,25,35,30,45,55,50,10,15,12.5,0,1,0.5,58.74999999999999,70.75,65
CP,709,1,3,2024,2024-06-19T00:00:00Z,12,28.5,3,5,4,25,35,30,1,3,2,95,100,97.5,1,3,2,0,1,0.5,95.04999999999998,100,97.55
CP,710,1,3,2024,2024-09-02T00:00:00Z,15,31,,,,15,25,20,,,,,,,0,1,0.5,0,1,0.5,,,
CP,711,1,3,2024,2024-09-02T00:00:00Z,34,72.5,1,3,2,65,75,70,35,45,40,65,75,70,0,1,0.5,0,1,0.5,77.25,86.25,82
CP,712,1,3,2024,2024-07-25T00:00:00Z,25,57,0,1,0.5,75,85,80,45,55,50,35,45,40,1,3,2,0,1,0.5,64.25,75.25,70
CP,713,1,3,2024,2024-09-02T00:00:00Z,16,16,5,10,7.5,10,15,12.5,75,85,80,85,95,90,0,1,0.5,0,1,0.5,96.25,99.25,98
CP,714,1,3,2024,2024-09-02T00:00:00Z,15,37,3,5,4,45,55,50,15,25,20,85,95,90,0,1,0.5,0,1,0.5,87.25,96.24999999999999,92
CP,715,1,3,2024,2024-09-02T00:00:00Z,15,56.5,3,5,4,55,65,60,45,55,50,75,85,80,0,1,0.5,0,1,0.5,86.25,93.25,90
CP,716,1,3,2024,2024-09-02T00:00:00Z,17,22,1,3,2,25,35,30,35,45,40,85,95,90,0,1,0.5,0,1,0.5,90.25,97.24999999999999,94
CP,717,1,3,2024,2024-09-03T00:00:00Z,21,51,10,15,12.5,45,55,50,15,25,20,65,75,70,0,1,0.5,0,1,0.5,70.25,81.25,76
CP,718,1,3,2024,2024-09-06T00:00:00Z,25,55,3,5,4,65,75,70,65,75,70,45,55,50,0,1,0.5,0,1,0.5,80.75,88.75,85
CP,719,1,3,2024,2024-07-25T00:00:00Z,20,104,3,5,4,65,75,70,25,35,30,65,75,70,0,1,0.5,0,1,0.5,73.75,83.75,79
CP,720,1,3,2024,2024-06-21T00:00:00Z,14,13,15,25,20,3,5,4,1,3,2,85,95,90,0,1,0.5,0,1,0.5,85.14999999999999,95.15,90.2
CP,721,1,3,2024,2024-06-21T00:00:00Z,12,38,5,10,7.5,35,45,40,10,15,12.5,65,75,70,10,15,12.5,0,1,0.5,68.5,78.75,73.75
CP,722,1,3,2024,2024-06-21T00:00:00Z,18,127.5,0,1,0.5,95,100,97.5,3,5,4,65,75,70,1,3,2,0,1,0.5,66.05000000000001,76.25,71.2
CP,723,1,3,2024,2024-06-21T00:00:00Z,17,62,10,15,12.5,45,55,50,3,5,4,75,85,80,0,1,0.5,0,1,0.5,75.75,85.75,80.80000000000001
CP,724,1,3,2024,2024-09-02T00:00:00Z,16,28,1,3,2,45,55,50,55,65,60,75,85,80,0,1,0.5,0,1,0.5,88.75,94.75,92
CP,725,1,3,2024,2024-07-19T00:00:00Z,12,104.5,0,1,0.5,85,95,90,10,15,12.5,35,45,40,0,1,0.5,0,1,0.5,41.49999999999999,53.25,47.5
CP,726,1,3,2024,2024-07-19T00:00:00Z,22,107,1,3,2,75,85,80,55,65,60,45,55,50,0,1,0.5,0,1,0.5,75.25,84.25,80
CP,727,1,3,2024,2024-07-19T00:00:00Z,14,10,3,5,4,5,10,7.5,15,25,20,75,85,80,3,5,4,0,1,0.5,78.75,88.75,84.00000000000001
CP,728,1,3,2024,2024-07-08T00:00:00Z,16,72,3,5,4,75,85,80,3,5,4,75,85,80,0,1,0.5,0,1,0.5,75.75,85.75,80.80000000000001
CP,729,1,3,2024,2024-07-10T00:00:00Z,19,19.5,1,3,2,45,55,50,55,65,60,55,65,60,5,10,7.5,0,1,0.5,79.75000000000001,87.75,84
CP,730,1,3,2024,2024-09-03T00:00:00Z,21,46,3,5,4,45,55,50,75,85,80,10,15,12.5,0,1,0.5,0,1,0.5,77.5,87.25,82.5
CP,731,1,3,2024,2024-06-05T00:00:00Z,11,26,1,3,2,15,25,20,1,3,2,85,95,90,0,1,0.5,0,1,0.5,85.14999999999999,95.15,90.2
CP,732,1,3,2024,2024-06-24T00:00:00Z,9,90,0,1,0.5,75,85,80,35,45,40,55,65,60,5,10,7.5,0,1,0.5,70.75,80.75,76
CP,733,1,3,2024,2024-07-08T00:00:00Z,16,55,5,10,7.5,65,75,70,15,25,20,75,85,80,10,15,12.5,0,1,0.5,78.75,88.75,84.00000000000001
CP,734,1,3,2024,2024-06-05T00:00:00Z,14,27,1,3,2,35,45,40,35,45,40,75,85,80,5,10,7.5,0,1,0.5,83.75,91.75,88
CP,735,1,3,2024,2024-07-08T00:00:00Z,21,28.5,5,10,7.5,35,45,40,10,15,12.5,65,75,70,15,25,20,0,1,0.5,68.5,78.75,73.75
CP,736,1,3,2024,2024-06-24T00:00:00Z,12,30,0,1,0.5,15,25,20,1,3,2,75,85,80,5,10,7.5,0,1,0.5,75.25,85.45,80.4
CP,737,1,3,2024,2024-07-08T00:00:00Z,20,73,3,5,4,65,75,70,10,15,12.5,55,65,60,5,10,7.5,0,1,0.5,59.5,70.25,64.99999999999999
CP,738,1,3,2024,2024-06-19T00:00:00Z,11,20.5,3,5,4,10,15,12.5,35,45,40,45,55,50,5,10,7.5,0,1,0.5,64.25,75.25,70
CP,739,1,3,2024,2024-06-20T00:00:00Z,10,9.5,25,35,30,3,5,4,1,3,2,95,100,97.5,0,1,0.5,0,1,0.5,95.04999999999998,100,97.55
CP,740,1,3,2024,2024-05-29T00:00:00Z,16,36.5,1,3,2,25,35,30,15,25,20,85,95,90,0,1,0.5,1,3,2,87.25,96.24999999999999,92
CP,741,1,3,2024,2024-07-10T00:00:00Z,14,8.5,0,1,0.5,1,3,2,75,85,80,45,55,50,65,75,70,0,1,0.5,86.25,93.25,90
CP,742,1,3,2024,2024-07-10T00:00:00Z,24,116.5,1,3,2,85,95,90,25,35,30,45,55,50,1,3,2,0,1,0.5,58.74999999999999,70.75,65
CP,743,1,3,2024,2024-07-16T00:00:00Z,23,82.5,0,1,0.5,75,85,80,15,25,20,35,45,40,0,1,0.5,0,1,0.5,44.75,58.74999999999999,52
CP,744,1,3,2024,2024-07-16T00:00:00Z,31,88,0,1,0.5,85,95,90,10,15,12.5,65,75,70,0,1,0.5,0,1,0.5,68.5,78.75,73.75
CP,745,1,3,2024,2024-07-25T00:00:00Z,22,24,0,1,0.5,15,25,20,85,95,90,45,55,50,15,25,20,0,1,0.5,91.75,97.75,95
CP,746,1,3,2024,2024-07-25T00:00:00Z,20,44.5,1,3,2,25,35,30,25,35,30,75,85,80,0,1,0.5,0,1,0.5,81.25,90.25,86.00000000000001
CP,747,1,3,2024,2024-09-04T00:00:00Z,12,70,1,3,2,65,75,70,55,65,60,55,65,60,0,1,0.5,0,1,0.5,79.75000000000001,87.75,84
CP,748,1,3,2024,2024-06-24T00:00:00Z,10,41,5,10,7.5,35,45,40,55,65,60,65,75,70,10,15,12.5,0,1,0.5,84.25,91.25,88
CP,749,1,3,2024,2024-07-10T00:00:00Z,20,23,1,3,2,15,25,20,75,85,80,15,25,20,35,45,40,0,1,0.5,78.75,88.75,84.00000000000001
CP,750,1,3,2024,2024-09-04T00:00:00Z,29,49.5,3,5,4,45,55,50,15,25,20,55,65,60,0,1,0.5,0,1,0.5,61.75000000000001,73.75,68
CP,751,1,3,2024,2024-06-05T00:00:00Z,12,17.5,,,,5,10,7.5,55,65,60,65,75,70,0,1,0.5,0,1,0.5,84.25,91.25,88
CP,752,1,3,2024,2024-09-04T00:00:00Z,21,23.5,3,5,4,25,35,30,25,35,30,65,75,70,0,1,0.5,0,1,0.5,73.75,83.75,79
CP,753,1,3,2024,2024-06-24T00:00:00Z,11,17.5,0,1,0.5,15,25,20,1,3,2,75,85,80,0,1,0.5,0,1,0.5,75.25,85.45,80.4
CP,754,1,3,2024,2024-06-05T00:00:00Z,23,73,1,3,2,85,95,90,45,55,50,35,45,40,5,10,7.5,0,1,0.5,64.25,75.25,70
CP,755,1,3,2024,2024-06-24T00:00:00Z,20,33.5,0,1,0.5,35,45,40,75,85,80,55,65,60,35,45,40,0,1,0.5,88.75,94.75,92
CP,756,1,3,2024,2024-06-24T00:00:00Z,21,61.5,5,10,7.5,55,65,60,5,10,7.5,85,95,90,0,1,0.5,0,1,0.5,85.75,95.5,90.75
CP,757,1,3,2024,2024-06-24T00:00:00Z,23,78,0,1,0.5,75,85,80,1,3,2,75,85,80,10,15,12.5,0,1,0.5,75.25,85.45,80.4
CP,758,1,3,2024,2024-07-16T00:00:00Z,32,68.5,0,1,0.5,75,85,80,25,35,30,65,75,70,5,10,7.5,0,1,0.5,73.75,83.75,79
CP,759,1,3,2024,2024-05-29T00:00:00Z,12,57.5,25,35,30,55,65,60,10,15,12.5,85,95,90,1,3,2,1,3,2,86.5,95.75,91.25
CP,760,1,3,2024,2024-05-29T00:00:00Z,9,44,10,15,12.5,45,55,50,10,15,12.5,85,95,90,1,3,2,1,3,2,86.5,95.75,91.25
CP,761,1,3,2024,2024-09-04T00:00:00Z,27,68,3,5,4,55,65,60,35,45,40,5,10,7.5,0,1,0.5,0,1,0.5,38.25000000000001,50.499999999999986,44.49999999999999
CP,762,1,3,2024,2024-06-05T00:00:00Z,18,69.5,3,5,4,45,55,50,10,15,12.5,85,95,90,15,25,20,0,1,0.5,86.5,95.75,91.25
CP,763,1,3,2024,2024-09-03T00:00:00Z,21,101,1,3,2,65,75,70,35,45,40,65,75,70,0,1,0.5,0,1,0.5,77.25,86.25,82
CP,764,1,3,2024,2024-09-03T00:00:00Z,22,48.5,15,25,20,45,55,50,55,65,60,15,25,20,0,1,0.5,0,1,0.5,61.75000000000001,73.75,68
CP,765,1,3,2024,2024-09-06T00:00:00Z,30,100.5,0,1,0.5,75,85,80,15,25,20,65,75,70,0,1,0.5,0,1,0.5,70.25,81.25,76
CP,766,1,3,2024,2024-09-03T00:00:00Z,26,129,0,1,0.5,95,100,97.5,45,55,50,35,45,40,0,1,0.5,0,1,0.5,64.25,75.25,70
CP,767,1,3,2024,2024-09-06T00:00:00Z,26,105.5,0,1,0.5,75,85,80,15,25,20,55,65,60,0,1,0.5,0,1,0.5,61.75000000000001,73.75,68
CP,768,1,3,2024,2024-09-03T00:00:00Z,12,67,0,1,0.5,65,75,70,3,5,4,75,85,80,0,1,0.5,0,1,0.5,75.75,85.75,80.80000000000001
CP,801,1,3,2024,2024-04-30T00:00:00Z,13,120.5,0,1,0.5,85,95,90,0,1,0.5,65,75,70,0,1,0.5,0,1,0.5,65,75.25,70.15
CP,802,1,3,2024,2024-04-30T00:00:00Z,15,132.5,0,1,0.5,85,95,90,0,1,0.5,85,95,90,0,1,0.5,0,1,0.5,85,95.04999999999998,90.05000000000001
CP,803,1,3,2024,2024-04-30T00:00:00Z,19,82,0,1,0.5,65,75,70,3,5,4,85,95,90,0,1,0.5,0,1,0.5,85.45,95.24999999999999,90.4
CP,804,1,3,2024,2024-04-30T00:00:00Z,17,79.5,0,1,0.5,65,75,70,3,5,4,65,75,70,0,1,0.5,0,1,0.5,66.05000000000001,76.25,71.2
CP,805,1,3,2024,2024-04-24T00:00:00Z,16,116,0,1,0.5,95,100,97.5,25,35,30,85,95,90,0,1,0.5,0,1,0.5,88.75,96.75,93
CP,806,1,3,2024,2024-04-30T00:00:00Z,14,78,0,1,0.5,65,75,70,1,3,2,85,95,90,0,1,0.5,0,1,0.5,85.14999999999999,95.15,90.2
CP,807,1,3,2024,2024-04-30T00:00:00Z,14,103.5,0,1,0.5,85,95,90,15,25,20,85,95,90,0,1,0.5,0,1,0.5,87.25,96.24999999999999,92
CP,808,1,3,2024,2024-04-30T00:00:00Z,12,101.5,0,1,0.5,85,95,90,15,25,20,85,95,90,0,1,0.5,0,1,0.5,87.25,96.24999999999999,92
CP,809,1,3,2024,2024-04-24T00:00:00Z,14,91,0,1,0.5,85,95,90,45,55,50,85,95,90,0,1,0.5,0,1,0.5,91.75,97.75,95
CP,810,1,3,2024,2024-04-29T00:00:00Z,13,96,0,1,0.5,95,100,97.5,0,1,0.5,85,95,90,0,1,0.5,0,1,0.5,85,95.04999999999998,90.05000000000001
CP,811,1,3,2024,2024-04-30T00:00:00Z,19,140,0,1,0.5,95,100,97.5,15,25,20,85,95,90,0,1,0.5,0,1,0.5,87.25,96.24999999999999,92
CP,812,1,3,2024,2024-04-29T00:00:00Z,20,105.5,0,1,0.5,95,100,97.5,15,25,20,85,95,90,0,1,0.5,0,1,0.5,87.25,96.24999999999999,92
CP,813,1,3,2024,2024-04-24T00:00:00Z,11,41.5,0,1,0.5,45,55,50,15,25,20,85,95,90,0,1,0.5,0,1,0.5,87.25,96.24999999999999,92
CP,814,1,3,2024,2024-04-29T00:00:00Z,17,121,0,1,0.5,95,100,97.5,3,5,4,75,85,80,0,1,0.5,0,1,0.5,75.75,85.75,80.80000000000001
CP,815,1,3,2024,2024-04-30T00:00:00Z,22,75.5,0,1,0.5,65,75,70,45,55,50,75,85,80,0,1,0.5,0,1,0.5,86.25,93.25,90
CP,816,1,3,2024,2024-04-29T00:00:00Z,13,34,0,1,0.5,25,35,30,15,25,20,75,85,80,0,1,0.5,0,1,0.5,78.75,88.75,84.00000000000001
CP,817,1,3,2024,2024-04-24T00:00:00Z,16,92.5,0,1,0.5,75,85,80,5,10,7.5,85,95,90,0,1,0.5,0,1,0.5,85.75,95.5,90.75
CP,818,1,3,2024,2024-04-29T00:00:00Z,11,128,0,1,0.5,95,100,97.5,1,3,2,75,85,80,0,1,0.5,0,1,0.5,75.25,85.45,80.4
CP,819,1,3,2024,2024-04-26T00:00:00Z,15,76.5,0,1,0.5,65,75,70,10,15,12.5,85,95,90,0,1,0.5,0,1,0.5,86.5,95.75,91.25
CP,820,1,3,2024,2024-04-26T00:00:00Z,17,125,0,1,0.5,85,95,90,1,3,2,85,95,90,0,1,0.5,0,1,0.5,85.14999999999999,95.15,90.2
CP,821,1,3,2024,2024-04-29T00:00:00Z,12,44.5,0,1,0.5,35,45,40,75,85,80,75,85,80,0,1,0.5,0,1,0.5,93.75,97.75,96
CP,822,1,3,2024,2024-04-24T00:00:00Z,15,141,0,1,0.5,95,100,97.5,25,35,30,85,95,90,0,1,0.5,0,1,0.5,88.75,96.75,93
CP,823,1,3,2024,2024-04-26T00:00:00Z,5,4,0,1,0.5,1,3,2,0,1,0.5,85,95,90,0,1,0.5,0,1,0.5,85,95.04999999999998,90.05000000000001
CP,824,1,3,2024,2024-04-26T00:00:00Z,13,84,0,1,0.5,75,85,80,1,3,2,85,95,90,0,1,0.5,1,3,2,85.14999999999999,95.15,90.2
CP,825,1,3,2024,2024-04-29T00:00:00Z,19,39,0,1,0.5,35,45,40,10,15,12.5,75,85,80,0,1,0.5,0,1,0.5,77.5,87.25,82.5
CP,826,1,3,2024,2024-04-26T00:00:00Z,9,34,0,1,0.5,25,35,30,0,1,0.5,95,100,97.5,0,1,0.5,0,1,0.5,95,100,97.5125
CP,827,1,3,2024,2024-04-26T00:00:00Z,8,78,0,1,0.5,75,85,80,1,3,2,85,95,90,0,1,0.5,0,1,0.5,85.14999999999999,95.15,90.2
CP,828,1,3,2024,2024-04-26T00:00:00Z,6,42.5,0,1,0.5,25,35,30,0,1,0.5,95,100,97.5,0,1,0.5,0,1,0.5,95,100,97.5125
CP,829,1,3,2024,2024-04-29T00:00:00Z,10,97,0,1,0.5,95,100,97.5,65,75,70,85,95,90,0,1,0.5,0,1,0.5,94.75,98.75,97
CP,830,1,3,2024,2024-04-26T00:00:00Z,3,91,,,,85,95,90,,,,,,,0,1,0.5,1,3,2,,,
CP,831,1,3,2024,2024-04-26T00:00:00Z,6,3,0,1,0.5,0,1,0.5,0,1,0.5,85,95,90,0,1,0.5,0,1,0.5,85,95.04999999999998,90.05000000000001
CP,832,1,3,2024,2024-04-26T00:00:00Z,3,31,0,1,0.5,25,35,30,0,1,0.5,95,100,97.5,0,1,0.5,0,1,0.5,95,100,97.5125
CP,833,1,3,2024,2024-04-29T00:00:00Z,6,100,0,1,0.5,95,100,97.5,65,75,70,65,75,70,0,1,0.5,0,1,0.5,87.75,93.75,90.99999999999999
CP,1701,1,3,2020,2020-06-24T00:00:00Z,15,27,0,1,0.5,15,25,20,15,25,20,95,100,97.5,0,1,0.5,5,10,7.5,95.75,100,98
CP,1702,1,3,2020,2020-06-24T00:00:00Z,11,7,0,1,0.5,1,3,2,15,25,20,85,95,90,0,1,0.5,1,3,2,87.25,96.24999999999999,92
CP,1703,1,3,2020,2020-06-24T00:00:00Z,12,10.5,0,1,0.5,3,5,4,35,45,40,85,95,90,0,1,0.5,1,3,2,90.25,97.24999999999999,94
CP,1704,1,3,2020,2020-06-24T00:00:00Z,14,8.5,0,1,0.5,1,3,2,15,25,20,95,100,97.5,0,1,0.5,3,5,4,95.75,100,98
CP,1705,1,3,2020,2020-06-24T00:00:00Z,26,85,3,5,4,35,45,40,35,45,40,85,95,90,0,1,0.5,0,1,0.5,90.25,97.24999999999999,94
CP,1706,1,3,2020,2020-06-24T00:00:00Z,15,63,0,1,0.5,45,55,50,15,25,20,85,95,90,0,1,0.5,0,1,0.5,87.25,96.24999999999999,92
CP,1707,1,3,2020,2020-06-24T00:00:00Z,9,19.5,1,3,2,15,25,20,5,10,7.5,95,100,97.5,0,1,0.5,0,1,0.5,95.24999999999999,100,97.6875
CP,1708,1,3,2020,2020-06-24T00:00:00Z,14,28,0,1,0.5,1,3,2,15,25,20,95,100,97.5,0,1,0.5,0,1,0.5,95.75,100,98
CP,1709,1,3,2020,2020-07-02T00:00:00Z,16,39,1,3,2,5,10,7.5,55,65,60,85,95,90,5,10,7.5,1,3,2,93.25,98.25,96
CP,1710,1,3,2020,2020-07-02T00:00:00Z,15,63.5,0,1,0.5,3,5,4,25,35,30,85,95,90,0,1,0.5,1,3,2,88.75,96.75,93
CP,1711,1,3,2020,2020-06-24T00:00:00Z,14,12,0,1,0.5,1,3,2,10,15,12.5,95,100,97.5,0,1,0.5,1,3,2,95.5,100,97.8125
CP,1712,1,3,2020,2020-06-24T00:00:00Z,18,31.5,0,1,0.5,3,5,4,5,10,7.5,95,100,97.5,0,1,0.5,3,5,4,95.24999999999999,100,97.6875
CP,1713,1,3,2020,2020-07-02T00:00:00Z,28,84.5,0,1,0.5,15,25,20,35,45,40,85,95,90,15,25,20,1,3,2,90.25,97.24999999999999,94
CP,1714,1,3,2020,2020-06-30T00:00:00Z,15,37,0,1,0.5,10,15,12.5,25,35,30,85,95,90,0,1,0.5,0,1,0.5,88.75,96.75,93
CP,1715,1,3,2020,2020-06-15T00:00:00Z,13,30.5,0,1,0.5,25,35,30,35,45,40,75,85,80,0,1,0.5,1,3,2,83.75,91.75,88
CP,1716,1,3,2020,2020-06-15T00:00:00Z,14,53.5,0,1,0.5,45,55,50,35,45,40,85,95,90,0,1,0.5,0,1,0.5,90.25,97.24999999999999,94
CP,1717,1,3,2020,2020-06-30T00:00:00Z,29,47,0,1,0.5,15,25,20,35,45,40,75,85,80,0,1,0.5,10,15,12.5,83.75,91.75,88
CP,1718,1,3,2020,2020-06-30T00:00:00Z,13,37.5,0,1,0.5,25,35,30,15,25,20,75,85,80,0,1,0.5,0,1,0.5,78.75,88.75,84.00000000000001
CP,1719,1,3,2020,2020-06-30T00:00:00Z,13,15,0,1,0.5,10,15,12.5,45,55,50,45,55,50,0,1,0.5,0,1,0.5,69.75,79.75000000000001,75
CP,1720,1,3,2020,2020-06-15T00:00:00Z,19,19.5,0,1,0.5,10,15,12.5,35,45,40,85,95,90,0,1,0.5,3,5,4,90.25,97.24999999999999,94
CP,1721,1,3,2020,2020-06-15T00:00:00Z,15,12,0,1,0.5,5,10,7.5,10,15,12.5,75,85,80,0,1,0.5,3,5,4,77.5,87.25,82.5
CP,1722,1,3,2020,2020-06-30T00:00:00Z,11,89.5,1,3,2,55,65,60,10,15,12.5,85,95,90,0,1,0.5,0,1,0.5,86.5,95.75,91.25
CP,1723,1,3,2020,2020-06-30T00:00:00Z,18,59.5,0,1,0.5,55,65,60,45,55,50,65,75,70,0,1,0.5,0,1,0.5,80.75,88.75,85
CP,1724,1,3,2020,2020-06-25T00:00:00Z,15,31.5,0,1,0.5,25,35,30,15,25,20,55,65,60,0,1,0.5,0,1,0.5,61.75000000000001,73.75,68
CP,1725,1,3,2020,2020-06-15T00:00:00Z,11,22,0,1,0.5,25,35,30,45,55,50,55,65,60,0,1,0.5,1,3,2,75.25,84.25,80
CP,1726,1,3,2020,2020-06-15T00:00:00Z,22,25.5,0,1,0.5,25,35,30,35,45,40,75,85,80,0,1,0.5,0,1,0.5,83.75,91.75,88
CP,1727,1,3,2020,2020-06-30T00:00:00Z,17,11.5,1,3,2,3,5,4,15,25,20,85,95,90,0,1,0.5,0,1,0.5,87.25,96.24999999999999,92
CP,1728,1,3,2020,2020-06-25T00:00:00Z,9,65.5,0,1,0.5,55,65,60,25,35,30,75,85,80,0,1,0.5,3,5,4,81.25,90.25,86.00000000000001
CP,1729,1,3,2020,2020-06-25T00:00:00Z,11,70,0,1,0.5,65,75,70,15,25,20,75,85,80,0,1,0.5,3,5,4,78.75,88.75,84.00000000000001
CP,1730,1,3,2020,2020-06-15T00:00:00Z,28,19,5,10,7.5,5,10,7.5,10,15,12.5,75,85,80,0,1,0.5,0,1,0.5,77.5,87.25,82.5
CP,1731,1,3,2020,2020-06-15T00:00:00Z,16,9.5,3,5,4,1,3,2,55,65,60,85,95,90,0,1,0.5,0,1,0.5,93.25,98.25,96
CP,1732,1,3,2020,2020-06-15T00:00:00Z,38,76.5,0,1,0.5,55,65,60,65,75,70,75,85,80,0,1,0.5,0,1,0.5,91.25,96.25,94
CP,2001,1,3,2021,2021-06-16T00:00:00Z,10,10,0,1,0.5,3,5,4,0,1,0.5,95,100,97.5,0,1,0.5,1,3,2,95,100,97.5125
CP,2002,1,3,2021,2021-06-16T00:00:00Z,9,6,0,1,0.5,1,3,2,3,5,4,95,100,97.5,0,1,0.5,0,1,0.5,95.15,100,97.6
CP,2003,1,3,2021,2021-06-22T00:00:00Z,11,20.5,1,3,2,15,25,20,0,1,0.5,85,95,90,0,1,0.5,1,3,2,85,95.04999999999998,90.05000000000001
CP,2004,1,3,2021,2021-06-18T00:00:00Z,11,15.5,0,1,0.5,15,25,20,0,1,0.5,95,100,97.5,0,1,0.5,0,1,0.5,95,100,97.5125
CP,2005,1,3,2021,2021-06-18T00:00:00Z,9,13,0,1,0.5,10,15,12.5,0,1,0.5,95,100,97.5,0,1,0.5,1,3,2,95,100,97.5125
CP,2006,1,3,2021,2021-06-18T00:00:00Z,8,22.5,1,3,2,15,25,20,0,1,0.5,95,100,97.5,0,1,0.5,0,1,0.5,95,100,97.5125
CP,2007,1,3,2021,2021-06-18T00:00:00Z,9,7.5,0,1,0.5,3,5,4,1,3,2,95,100,97.5,0,1,0.5,0,1,0.5,95.04999999999998,100,97.55
CP,2008,1,3,2021,2021-06-18T00:00:00Z,13,20,0,1,0.5,15,25,20,3,5,4,95,100,97.5,0,1,0.5,0,1,0.5,95.15,100,97.6
CP,2009,1,3,2021,2021-06-18T00:00:00Z,9,6,0,1,0.5,1,3,2,1,3,2,95,100,97.5,0,1,0.5,0,1,0.5,95.04999999999998,100,97.55
CP,2010,1,3,2021,2021-06-18T00:00:00Z,3,3,0,1,0.5,1,3,2,0,1,0.5,95,100,97.5,0,1,0.5,0,1,0.5,95,100,97.5125
CP,2011,1,3,2021,2021-06-22T00:00:00Z,9,25.5,0,1,0.5,15,25,20,0,1,0.5,95,100,97.5,0,1,0.5,0,1,0.5,95,100,97.5125
CP,2012,1,3,2021,2021-06-22T00:00:00Z,10,6.5,0,1,0.5,1,3,2,0,1,0.5,95,100,97.5,0,1,0.5,0,1,0.5,95,100,97.5125
CP,2013,1,3,2021,2021-06-22T00:00:00Z,5,4,0,1,0.5,1,3,2,1,3,2,95,100,97.5,0,1,0.5,0,1,0.5,95.04999999999998,100,97.55
CP,2014,1,3,2021,2021-06-18T00:00:00Z,6,4.5,1,3,2,1,3,2,1,3,2,55,65,60,0,1,0.5,0,1,0.5,55.45,66.05000000000001,60.8
CP,2015,1,3,2021,2021-06-29T00:00:00Z,1,4,0,1,0.5,3,5,4,5,10,7.5,95,100,97.5,0,1,0.5,0,1,0.5,95.24999999999999,100,97.6875
CP,2016,1,3,2021,2021-06-16T00:00:00Z,14,15,0,1,0.5,15,25,20,3,5,4,95,100,97.5,0,1,0.5,0,1,0.5,95.15,100,97.6
CP,2017,1,3,2021,2021-06-22T00:00:00Z,10,33.5,0,1,0.5,25,35,30,1,3,2,75,85,80,0,1,0.5,0,1,0.5,75.25,85.45,80.4
CP,2018,1,3,2021,2021-06-23T00:00:00Z,13,15.5,1,3,2,10,15,12.5,10,15,12.5,35,45,40,0,1,0.5,0,1,0.5,41.49999999999999,53.25,47.5
CP,2019,1,3,2021,2021-06-23T00:00:00Z,21,61,0,1,0.5,95,100,97.5,1,3,2,95,100,97.5,0,1,0.5,95,100,97.5,95.04999999999998,100,97.55
CP,2020,1,3,2021,2021-06-23T00:00:00Z,13,13,0,1,0.5,10,15,12.5,3,5,4,95,100,97.5,0,1,0.5,1,3,2,95.15,100,97.6
CP,2021,1,3,2021,2021-06-22T00:00:00Z,11,17,0,1,0.5,15,25,20,0,1,0.5,75,85,80,0,1,0.5,0,1,0.5,75,85.14999999999999,80.10000000000001
CP,2022,1,3,2021,2021-06-23T00:00:00Z,12,12.5,0,1,0.5,10,15,12.5,5,10,7.5,75,85,80,0,1,0.5,0,1,0.5,76.25,86.5,81.5
CP,2023,1,3,2021,2021-06-23T00:00:00Z,16,32,1,3,2,35,45,40,0,1,0.5,65,75,70,0,1,0.5,1,3,2,65,75.25,70.15
CP,2024,1,3,2021,2021-06-23T00:00:00Z,12,12,0,1,0.5,5,10,7.5,0,1,0.5,95,100,97.5,0,1,0.5,0,1,0.5,95,100,97.5125
CP,2025,1,3,2021,2021-06-22T00:00:00Z,11,18.5,0,1,0.5,15,25,20,15,25,20,85,95,90,0,1,0.5,0,1,0.5,87.25,96.24999999999999,92
CP,2026,1,3,2021,2021-06-16T00:00:00Z,12,13.5,0,1,0.5,10,15,12.5,3,5,4,95,100,97.5,0,1,0.5,0,1,0.5,95.15,100,97.6
CP,2027,1,3,2021,2021-06-16T00:00:00Z,8,98,0,1,0.5,85,95,90,15,25,20,95,100,97.5,0,1,0.5,0,1,0.5,95.75,100,98
CP,2028,1,3,2021,2021-06-16T00:00:00Z,17,96.5,0,1,0.5,85,95,90,5,10,7.5,75,85,80,0,1,0.5,0,1,0.5,76.25,86.5,81.5
CP,2029,1,3,2021,2021-06-23T00:00:00Z,15,25.5,0,1,0.5,15,25,20,10,15,12.5,95,100,97.5,0,1,0.5,0,1,0.5,95.5,100,97.8125
CP,2030,1,3,2021,2021-06-23T00:00:00Z,19,64,0,1,0.5,75,85,80,10,15,12.5,85,95,90,0,1,0.5,0,1,0.5,86.5,95.75,91.25
CP,2031,1,3,2021,2021-06-23T00:00:00Z,14,11.5,0,1,0.5,3,5,4,1,3,2,75,85,80,0,1,0.5,0,1,0.5,75.25,85.45,80.4
CP,2032,1,3,2021,2021-06-22T00:00:00Z,22,55,1,3,2,45,55,50,5,10,7.5,95,100,97.5,0,1,0.5,0,1,0.5,95.24999999999999,100,97.6875
CP,2033,1,3,2021,2021-06-22T00:00:00Z,6,15,0,1,0.5,10,15,12.5,1,3,2,95,100,97.5,0,1,0.5,0,1,0.5,95.04999999999998,100,97.55
CP,2034,1,3,2021,2021-06-25T00:00:00Z,16,50.5,0,1,0.5,3,5,4,1,3,2,95,100,97.5,0,1,0.5,0,1,0.5,95.04999999999998,100,97.55
CP,2035,1,3,2021,2021-06-30T00:00:00Z,22,69.5,0,1,0.5,15,25,20,3,5,4,95,100,97.5,0,1,0.5,0,1,0.5,95.15,100,97.6
CP,2036,1,3,2021,2021-06-30T00:00:00Z,17,36,1,3,2,10,15,12.5,3,5,4,95,100,97.5,0,1,0.5,1,3,2,95.15,100,97.6
CP,2037,1,3,2021,2021-06-30T00:00:00Z,14,22,0,1,0.5,25,35,30,1,3,2,95,100,97.5,0,1,0.5,1,3,2,95.04999999999998,100,97.55
CP,2038,1,3,2021,2021-06-30T00:00:00Z,7,26.5,0,1,0.5,15,25,20,3,5,4,95,100,97.5,0,1,0.5,3,5,4,95.15,100,97.6
CP,2039,1,3,2021,2021-06-30T00:00:00Z,20,69,1,3,2,55,65,60,15,25,20,55,65,60,0,1,0.5,0,1,0.5,61.75000000000001,73.75,68
CP,2040,1,3,2021,2021-06-30T00:00:00Z,12,17.5,1,3,2,5,10,7.5,0,1,0.5,95,100,97.5,0,1,0.5,1,3,2,95,100,97.5125
CP,2041,1,3,2021,2021-06-25T00:00:00Z,8,43,0,1,0.5,15,25,20,1,3,2,95,100,97.5,0,1,0.5,0,1,0.5,95.04999999999998,100,97.55
CP,2042,1,3,2021,2021-06-25T00:00:00Z,11,51.5,1,3,2,45,55,50,3,5,4,65,75,70,0,1,0.5,0,1,0.5,66.05000000000001,76.25,71.2
CP,2043,1,3,2021,2021-06-25T00:00:00Z,16,108.5,0,1,0.5,45,55,50,0,1,0.5,65,75,70,0,1,0.5,0,1,0.5,65,75.25,70.15
CP,2044,1,3,2021,2021-06-25T00:00:00Z,7,26,0,1,0.5,1,3,2,1,3,2,65,75,70,0,1,0.5,1,3,2,65.35,75.75,70.6
CP,2045,1,3,2021,2021-06-29T00:00:00Z,8,109,0,1,0.5,75,85,80,0,1,0.5,35,45,40,0,1,0.5,0,1,0.5,35,45.550000000000004,40.300000000000004
CP,2046,1,3,2021,2021-06-29T00:00:00Z,5,9.5,0,1,0.5,3,5,4,0,1,0.5,95,100,97.5,0,1,0.5,0,1,0.5,95,100,97.5125
CP,2047,1,3,2021,2021-06-29T00:00:00Z,8,48,0,1,0.5,35,45,40,0,1,0.5,55,65,60,0,1,0.5,0,1,0.5,55.00000000000001,65.35,60.199999999999996
CP,2048,1,3,2021,2021-06-30T00:00:00Z,24,117,0,1,0.5,95,100,97.5,75,85,80,95,100,97.5,0,1,0.5,0,1,0.5,98.75,100,99.5
CP,2049,1,3,2021,2021-06-29T00:00:00Z,5,2.5,0,1,0.5,0,1,0.5,1,3,2,95,100,97.5,0,1,0.5,0,1,0.5,95.04999999999998,100,97.55
CP,2050,1,3,2021,2021-06-29T00:00:00Z,13,16.5,1,3,2,5,10,7.5,5,10,7.5,85,95,90,0,1,0.5,0,1,0.5,85.75,95.5,90.75
CP,2051,1,3,2021,2021-06-29T00:00:00Z,14,51.5,0,1,0.5,45,55,50,15,25,20,95,100,97.5,0,1,0.5,0,1,0.5,95.75,100,98
CP,2053,1,3,2021,2021-06-18T00:00:00Z,18,17.5,0,1,0.5,10,15,12.5,1,3,2,95,100,97.5,0,1,0.5,0,1,0.5,95.04999999999998,100,97.55
CP,2054,1,3,2021,2021-06-18T00:00:00Z,13,22,0,1,0.5,25,35,30,0,1,0.5,95,100,97.5,0,1,0.5,0,1,0.5,95,100,97.5125
CP,2055,1,3,2021,2021-06-29T00:00:00Z,17,25,1,3,2,15,25,20,15,25,20,55,65,60,0,1,0.5,0,1,0.5,61.75000000000001,73.75,68
CP,2056,1,3,2021,2021-06-25T00:00:00Z,9,29,0,1,0.5,15,25,20,75,85,80,85,95,90,0,1,0.5,0,1,0.5,96.25,99.25,98
CP,2057,1,3,2021,2021-06-25T00:00:00Z,13,23.5,0,1,0.5,15,25,20,45,55,50,85,95,90,0,1,0.5,0,1,0.5,91.75,97.75,95
CP,2058,1,3,2021,2021-07-08T00:00:00Z,17,153,0,1,0.5,75,85,80,25,35,30,55,65,60,0,1,0.5,0,1,0.5,66.25000000000001,77.25,72
CP,2059,1,3,2021,2021-06-25T00:00:00Z,15,131.5,0,1,0.5,65,75,70,1,3,2,85,95,90,0,1,0.5,0,1,0.5,85.14999999999999,95.15,90.2
CP,2060,1,3,2021,2021-07-08T00:00:00Z,18,39.5,0,1,0.5,25,35,30,5,10,7.5,65,75,70,0,1,0.5,0,1,0.5,66.75,77.5,72.24999999999999
CP,2061,1,3,2021,2021-07-08T00:00:00Z,15,137.5,0,1,0.5,85,95,90,3,5,4,75,85,80,0,1,0.5,0,1,0.5,75.75,85.75,80.80000000000001
CP,2062,1,3,2021,2021-06-25T00:00:00Z,9,29.5,0,1,0.5,25,35,30,85,95,90,75,85,80,0,1,0.5,0,1,0.5,96.25,99.25,98
CP,2063,1,3,2021,2021-07-08T00:00:00Z,14,18,0,1,0.5,10,15,12.5,15,25,20,95,100,97.5,0,1,0.5,0,1,0.5,95.75,100,98
CP,2064,1,3,2021,2021-07-08T00:00:00Z,13,62,0,1,0.5,65,75,70,35,45,40,85,95,90,0,1,0.5,0,1,0.5,90.25,97.24999999999999,94
CP,2065,1,3,2021,2021-07-08T00:00:00Z,17,44.5,0,1,0.5,45,55,50,3,5,4,85,95,90,0,1,0.5,1,3,2,85.45,95.24999999999999,90.4
CP,2101,1,3,2020,2020-06-11T00:00:00Z,15,101,0,1,0.5,15,25,20,3,5,4,85,95,90,0,1,0.5,0,1,0.5,85.45,95.24999999999999,90.4
CP,2102,1,3,2020,2020-06-11T00:00:00Z,20,88,0,1,0.5,15,25,20,65,75,70,75,85,80,0,1,0.5,0,1,0.5,91.25,96.25,94
CP,2103,1,3,2020,2020-06-11T00:00:00Z,11,52.5,0,1,0.5,45,55,50,45,55,50,65,75,70,0,1,0.5,0,1,0.5,80.75,88.75,85
CP,2104,1,3,2020,2020-06-11T00:00:00Z,10,13.5,0,1,0.5,10,15,12.5,1,3,2,95,100,97.5,0,1,0.5,0,1,0.5,95.04999999999998,100,97.55
CP,2105,1,3,2020,2020-06-11T00:00:00Z,18,109.5,1,3,2,25,35,30,15,25,20,95,100,97.5,0,1,0.5,0,1,0.5,95.75,100,98
CP,2106,1,3,2020,2020-06-11T00:00:00Z,10,13,1,3,2,5,10,7.5,5,10,7.5,95,100,97.5,0,1,0.5,0,1,0.5,95.24999999999999,100,97.6875
CP,2107,1,3,2020,2020-06-11T00:00:00Z,12,47,0,1,0.5,45,55,50,1,3,2,95,100,97.5,0,1,0.5,0,1,0.5,95.04999999999998,100,97.55
CP,2108,1,3,2020,2020-06-11T00:00:00Z,24,89.5,1,3,2,75,85,80,25,35,30,85,95,90,0,1,0.5,0,1,0.5,88.75,96.75,93
CP,2109,1,3,2020,2020-06-11T00:00:00Z,18,159.5,0,1,0.5,75,85,80,15,25,20,95,100,97.5,0,1,0.5,0,1,0.5,95.75,100,98
CP,2110,1,3,2020,2020-06-02T00:00:00Z,11,87,0,1,0.5,15,25,20,1,3,2,95,100,97.5,0,1,0.5,0,1,0.5,95.04999999999998,100,97.55
CP,2111,1,3,2020,2020-06-02T00:00:00Z,11,28.5,1,3,2,15,25,20,1,3,2,95,100,97.5,0,1,0.5,0,1,0.5,95.04999999999998,100,97.55
CP,2112,1,3,2020,2020-06-02T00:00:00Z,15,33.5,0,1,0.5,15,25,20,15,25,20,85,95,90,0,1,0.5,0,1,0.5,87.25,96.24999999999999,92
CP,2113,1,3,2020,2020-06-08T00:00:00Z,39,62,3,5,4,55,65,60,5,10,7.5,75,85,80,0,1,0.5,1,3,2,76.25,86.5,81.5
CP,2114,1,3,2020,2020-06-08T00:00:00Z,11,79.5,0,1,0.5,3,5,4,0,1,0.5,95,100,97.5,0,1,0.5,0,1,0.5,95,100,97.5125
CP,2115,1,3,2020,2020-06-08T00:00:00Z,12,28.5,0,1,0.5,1,3,2,0,1,0.5,95,100,97.5,0,1,0.5,0,1,0.5,95,100,97.5125
CP,2116,1,3,2020,2020-06-02T00:00:00Z,18,30,1,3,2,15,25,20,1,3,2,95,100,97.5,0,1,0.5,0,1,0.5,95.04999999999998,100,97.55
CP,2117,1,3,2020,2020-06-02T00:00:00Z,12,7.5,1,3,2,5,10,7.5,,,,95,100,97.5,0,1,0.5,0,1,0.5,,,
CP,2118,1,3,2020,2020-06-02T00:00:00Z,14,106,0,1,0.5,65,75,70,0,1,0.5,95,100,97.5,0,1,0.5,0,1,0.5,95,100,97.5125
CP,2119,1,3,2020,2020-06-02T00:00:00Z,25,195.5,5,10,7.5,85,95,90,0,1,0.5,95,100,97.5,0,1,0.5,1,3,2,95,100,97.5125
CP,2120,1,3,2020,2020-06-08T00:00:00Z,35,56.5,10,15,12.5,15,25,20,15,25,20,85,95,90,0,1,0.5,0,1,0.5,87.25,96.24999999999999,92
CP,2121,1,3,2020,2020-06-08T00:00:00Z,22,97,0,1,0.5,10,15,12.5,1,3,2,95,100,97.5,0,1,0.5,0,1,0.5,95.04999999999998,100,97.55
CP,2122,1,3,2020,2020-06-08T00:00:00Z,17,89.5,0,1,0.5,1,3,2,0,1,0.5,95,100,97.5,0,1,0.5,0,1,0.5,95,100,97.5125
CP,2123,1,3,2020,2020-06-08T00:00:00Z,17,76,0,1,0.5,5,10,7.5,0,1,0.5,95,100,97.5,0,1,0.5,0,1,0.5,95,100,97.5125
CP,2124,1,3,2020,2020-06-16T00:00:00Z,16,21.5,0,1,0.5,10,15,12.5,5,10,7.5,75,85,80,0,1,0.5,0,1,0.5,76.25,86.5,81.5
CP,2125,1,3,2020,2020-06-03T00:00:00Z,10,87.5,1,3,2,75,85,80,45,55,50,85,95,90,0,1,0.5,0,1,0.5,91.75,97.75,95
CP,2126,1,3,2020,2020-06-03T00:00:00Z,18,10.5,0,1,0.5,3,5,4,15,25,20,75,85,80,0,1,0.5,0,1,0.5,78.75,88.75,84.00000000000001
CP,2127,1,3,2020,2020-06-03T00:00:00Z,14,103,0,1,0.5,85,95,90,75,85,80,95,100,97.5,0,1,0.5,0,1,0.5,98.75,100,99.5
CP,2128,1,3,2020,2020-06-09T00:00:00Z,16,107,1,3,2,15,25,20,3,5,4,95,100,97.5,0,1,0.5,0,1,0.5,95.15,100,97.6
CP,2129,1,3,2020,2020-06-09T00:00:00Z,29,90.5,0,1,0.5,75,85,80,25,35,30,45,55,50,0,1,0.5,0,1,0.5,58.74999999999999,70.75,65
CP,2130,1,3,2020,2020-06-08T00:00:00Z,17,55.5,0,1,0.5,5,10,7.5,1,3,2,85,95,90,0,1,0.5,1,3,2,85.14999999999999,95.15,90.2
CP,2131,1,3,2020,2020-06-16T00:00:00Z,17,46,0,1,0.5,45,55,50,5,10,7.5,45,55,50,0,1,0.5,0,1,0.5,47.75,59.5,53.75
CP,2132,1,3,2020,2020-06-03T00:00:00Z,12,9,0,1,0.5,3,5,4,0,1,0.5,95,100,97.5,0,1,0.5,0,1,0.5,95,100,97.5125
CP,2133,1,3,2020,2020-06-03T00:00:00Z,1,0.5,0,1,0.5,0,1,0.5,0,1,0.5,95,100,97.5,0,1,0.5,0,1,0.5,95,100,97.5125
CP,2134,1,3,2020,2020-06-09T00:00:00Z,15,84.5,1,3,2,25,35,30,3,5,4,95,100,97.5,0,1,0.5,0,1,0.5,95.15,100,97.6
CP,2135,1,3,2020,2020-06-09T00:00:00Z,15,101,0,1,0.5,55,65,60,3,5,4,95,100,97.5,0,1,0.5,0,1,0.5,95.15,100,97.6
CP,2136,1,3,2020,2020-06-09T00:00:00Z,12,48.5,0,1,0.5,3,5,4,1,3,2,95,100,97.5,0,1,0.5,0,1,0.5,95.04999999999998,100,97.55
CP,2137,1,3,2020,2020-06-08T00:00:00Z,29,93.5,0,1,0.5,55,65,60,0,1,0.5,95,100,97.5,0,1,0.5,0,1,0.5,95,100,97.5125
CP,2138,1,3,2020,2020-05-28T00:00:00Z,32,53,1,3,2,15,25,20,0,1,0.5,95,100,97.5,0,1,0.5,0,1,0.5,95,100,97.5125
CP,2139,1,3,2020,2020-06-16T00:00:00Z,21,85,1,3,2,75,85,80,10,15,12.5,95,100,97.5,0,1,0.5,0,1,0.5,95.5,100,97.8125
CP,2140,1,3,2020,2020-06-03T00:00:00Z,7,5,1,3,2,1,3,2,0,1,0.5,55,65,60,0,1,0.5,0,1,0.5,55.00000000000001,65.35,60.199999999999996
CP,2141,1,3,2020,2020-06-03T00:00:00Z,9,4.5,0,1,0.5,1,3,2,0,1,0.5,95,100,97.5,0,1,0.5,0,1,0.5,95,100,97.5125
CP,2142,1,3,2020,2020-06-09T00:00:00Z,14,11.5,1,3,2,1,3,2,0,1,0.5,95,100,97.5,0,1,0.5,1,3,2,95,100,97.5125
CP,2143,1,3,2020,2020-06-09T00:00:00Z,11,7,0,1,0.5,1,3,2,0,1,0.5,95,100,97.5,0,1,0.5,0,1,0.5,95,100,97.5125
CP,2144,1,3,2020,2020-06-09T00:00:00Z,15,24.5,0,1,0.5,15,25,20,0,1,0.5,85,95,90,0,1,0.5,0,1,0.5,85,95.04999999999998,90.05000000000001
CP,2145,1,3,2020,2020-06-09T00:00:00Z,14,99.5,0,1,0.5,5,10,7.5,0,1,0.5,85,95,90,0,1,0.5,0,1,0.5,85,95.04999999999998,90.05000000000001
CP,2146,1,3,2020,2020-05-28T00:00:00Z,15,91.5,0,1,0.5,45,55,50,0,1,0.5,95,100,97.5,0,1,0.5,0,1,0.5,95,100,97.5125
CP,2147,1,3,2020,2020-05-28T00:00:00Z,33,116.5,3,5,4,35,45,40,0,1,0.5,95,100,97.5,0,1,0.5,0,1,0.5,95,100,97.5125
CP,2148,1,3,2020,2020-06-03T00:00:00Z,3,3,1,3,2,1,3,2,0,1,0.5,95,100,97.5,0,1,0.5,0,1,0.5,95,100,97.5125
CP,2149,1,3,2020,2020-05-29T00:00:00Z,12,6,1,3,2,1,3,2,1,3,2,65,75,70,0,1,0.5,0,1,0.5,65.35,75.75,70.6
CP,2150,1,3,2020,2020-05-29T00:00:00Z,8,5.5,0,1,0.5,1,3,2,0,1,0.5,95,100,97.5,0,1,0.5,0,1,0.5,95,100,97.5125
CP,2151,1,3,2020,2020-05-29T00:00:00Z,14,32,0,1,0.5,25,35,30,3,5,4,85,95,90,0,1,0.5,0,1,0.5,85.45,95.24999999999999,90.4
CP,2152,1,3,2020,2020-06-22T00:00:00Z,15,105,0,1,0.5,15,25,20,0,1,0.5,85,95,90,0,1,0.5,0,1,0.5,85,95.04999999999998,90.05000000000001
CP,2153,1,3,2020,2020-05-28T00:00:00Z,14,89.5,0,1,0.5,5,10,7.5,0,1,0.5,95,100,97.5,0,1,0.5,1,3,2,95,100,97.5125
CP,2154,1,3,2020,2020-05-28T00:00:00Z,14,91,0,1,0.5,10,15,12.5,1,3,2,95,100,97.5,0,1,0.5,0,1,0.5,95.04999999999998,100,97.55
CP,2155,1,3,2020,2020-05-26T00:00:00Z,10,9.5,0,1,0.5,3,5,4,1,3,2,95,100,97.5,0,1,0.5,0,1,0.5,95.04999999999998,100,97.55
CP,2156,1,3,2020,2020-05-26T00:00:00Z,11,10,0,1,0.5,1,3,2,0,1,0.5,95,100,97.5,0,1,0.5,0,1,0.5,95,100,97.5125
CP,2157,1,3,2020,2020-05-26T00:00:00Z,16,35.5,1,3,2,25,35,30,1,3,2,65,75,70,0,1,0.5,0,1,0.5,65.35,75.75,70.6
CP,2158,1,3,2020,2020-05-26T00:00:00Z,18,83.5,1,3,2,45,55,50,35,45,40,75,85,80,0,1,0.5,0,1,0.5,83.75,91.75,88
CP,2159,1,3,2020,2020-05-28T00:00:00Z,12,88.5,0,1,0.5,25,35,30,0,1,0.5,95,100,97.5,0,1,0.5,0,1,0.5,95,100,97.5125
CP,2160,1,3,2020,2020-05-28T00:00:00Z,8,35,0,1,0.5,3,5,4,0,1,0.5,55,65,60,0,1,0.5,0,1,0.5,55.00000000000001,65.35,60.199999999999996
CP,2161,1,3,2020,2020-05-26T00:00:00Z,7,94.5,0,1,0.5,85,95,90,0,1,0.5,95,100,97.5,0,1,0.5,0,1,0.5,95,100,97.5125
CP,2162,1,3,2020,2020-05-26T00:00:00Z,9,6,0,1,0.5,1,3,2,0,1,0.5,95,100,97.5,0,1,0.5,0,1,0.5,95,100,97.5125
CP,2163,1,3,2020,2020-05-26T00:00:00Z,17,22,0,1,0.5,15,25,20,65,75,70,55,65,60,0,1,0.5,0,1,0.5,84.25,91.25,88
CP,2164,1,3,2020,2020-05-29T00:00:00Z,12,27,1,3,2,1,3,2,0,1,0.5,95,100,97.5,0,1,0.5,1,3,2,95,100,97.5125
CP,2165,1,3,2020,2020-05-28T00:00:00Z,12,93.5,1,3,2,10,15,12.5,1,3,2,95,100,97.5,0,1,0.5,0,1,0.5,95.04999999999998,100,97.55
CP,2166,1,3,2020,2020-05-18T00:00:00Z,8,4,0,1,0.5,1,3,2,5,10,7.5,95,100,97.5,0,1,0.5,0,1,0.5,95.24999999999999,100,97.6875
CP,2167,1,3,2020,2020-05-18T00:00:00Z,13,6.5,0,1,0.5,1,3,2,10,15,12.5,95,100,97.5,0,1,0.5,0,1,0.5,95.5,100,97.8125
CP,2168,1,3,2020,2020-05-26T00:00:00Z,23,146.5,0,1,0.5,85,95,90,5,10,7.5,85,95,90,0,1,0.5,0,1,0.5,85.75,95.5,90.75
CP,2169,1,3,2020,2020-05-19T00:00:00Z,11,17.5,0,1,0.5,10,15,12.5,5,10,7.5,95,100,97.5,0,1,0.5,0,1,0.5,95.24999999999999,100,97.6875
CP,2170,1,3,2020,2020-05-25T00:00:00Z,12,9,0,1,0.5,3,5,4,1,3,2,95,100,97.5,0,1,0.5,1,3,2,95.04999999999998,100,97.55
CP,2171,1,3,2020,2020-05-18T00:00:00Z,5,4,0,1,0.5,1,3,2,1,3,2,85,95,90,0,1,0.5,0,1,0.5,85.14999999999999,95.15,90.2
CP,2172,1,3,2020,2020-05-18T00:00:00Z,8,9,0,1,0.5,3,5,4,0,1,0.5,85,95,90,0,1,0.5,0,1,0.5,85,95.04999999999998,90.05000000000001
CP,2173,1,3,2020,2020-05-18T00:00:00Z,7,8.5,0,1,0.5,3,5,4,1,3,2,95,100,97.5,0,1,0.5,0,1,0.5,95.04999999999998,100,97.55
CP,2174,1,3,2020,2020-05-19T00:00:00Z,7,3.5,0,1,0.5,1,3,2,0,1,0.5,95,100,97.5,0,1,0.5,0,1,0.5,95,100,97.5125
CP,2175,1,3,2020,2020-05-25T00:00:00Z,14,8.5,0,1,0.5,1,3,2,0,1,0.5,95,100,97.5,0,1,0.5,0,1,0.5,95,100,97.5125
CP,2176,1,3,2020,2020-05-25T00:00:00Z,13,26,0,1,0.5,25,35,30,1,3,2,95,100,97.5,0,1,0.5,0,1,0.5,95.04999999999998,100,97.55
CP,2177,1,3,2020,2020-05-29T00:00:00Z,18,15,1,3,2,5,10,7.5,15,25,20,75,85,80,0,1,0.5,0,1,0.5,78.75,88.75,84.00000000000001
CP,2178,1,3,2020,2020-05-29T00:00:00Z,5,5.5,0,1,0.5,1,3,2,0,1,0.5,95,100,97.5,0,1,0.5,0,1,0.5,95,100,97.5125
CP,2179,1,3,2020,2020-05-19T00:00:00Z,7,5,0,1,0.5,1,3,2,1,3,2,95,100,97.5,0,1,0.5,0,1,0.5,95.04999999999998,100,97.55
CP,2180,1,3,2020,2020-05-25T00:00:00Z,11,7,0,1,0.5,1,3,2,0,1,0.5,95,100,97.5,0,1,0.5,1,3,2,95,100,97.5125
CP,2181,1,3,2020,2020-05-25T00:00:00Z,8,7,0,1,0.5,3,5,4,0,1,0.5,95,100,97.5,0,1,0.5,0,1,0.5,95,100,97.5125
CP,2182,1,3,2020,2020-05-29T00:00:00Z,9,13,0,1,0.5,10,15,12.5,0,1,0.5,95,100,97.5,0,1,0.5,0,1,0.5,95,100,97.5125
CP,2183,1,3,2020,2020-05-19T00:00:00Z,9,16.5,0,1,0.5,10,15,12.5,0,1,0.5,85,95,90,0,1,0.5,0,1,0.5,85,95.04999999999998,90.05000000000001
CP,2184,1,3,2020,2020-05-25T00:00:00Z,8,5.5,0,1,0.5,3,5,4,1,3,2,85,95,90,0,1,0.5,0,1,0.5,85.14999999999999,95.15,90.2
CP,2185,1,3,2020,2020-05-25T00:00:00Z,11,13,0,1,0.5,3,5,4,3,5,4,95,100,97.5,0,1,0.5,0,1,0.5,95.15,100,97.6
CP,2186,1,3,2020,2020-05-19T00:00:00Z,14,8.5,0,1,0.5,3,5,4,0,1,0.5,85,95,90,0,1,0.5,0,1,0.5,85,95.04999999999998,90.05000000000001
CA,11000,155511,3,2021,2021-07-20T00:00:00Z,3,103.5,0,1,0.5,95,100,97.5,1,3,2,65,75,70,0,1,0.5,0,1,0.5,65.35,75.75,70.6
CA,11000,155521,3,2021,2021-07-20T00:00:00Z,6,115.5,0,1,0.5,85,95,90,0,1,0.5,85,95,90,0,1,0.5,0,1,0.5,85,95.04999999999998,90.05000000000001
CA,11000,155531,3,2021,2021-07-20T00:00:00Z,9,11,0,1,0.5,5,10,7.5,0,1,0.5,95,100,97.5,0,1,0.5,0,1,0.5,95,100,97.5125
CA,11000,155541,3,2021,2021-07-20T00:00:00Z,6,4.5,0,1,0.5,1,3,2,1,3,2,95,100,97.5,0,1,0.5,0,1,0.5,95.04999999999998,100,97.55
CA,11000,155551,3,2021,2021-07-20T00:00:00Z,4,2,1,3,2,1,3,2,1,3,2,95,100,97.5,0,1,0.5,0,1,0.5,95.04999999999998,100,97.55
CA,11000,156011,3,2021,2021-07-19T00:00:00Z,5,21,1,3,2,15,25,20,3,5,4,85,95,90,0,1,0.5,0,1,0.5,85.45,95.24999999999999,90.4
CA,11000,156021,3,2021,2021-07-19T00:00:00Z,9,7.5,0,1,0.5,1,3,2,0,1,0.5,85,95,90,0,1,0.5,0,1,0.5,85,95.04999999999998,90.05000000000001
CA,11000,156031,3,2021,2021-07-19T00:00:00Z,11,35.5,0,1,0.5,35,45,40,0,1,0.5,85,95,90,0,1,0.5,0,1,0.5,85,95.04999999999998,90.05000000000001
CA,11000,156041,3,2021,2021-07-19T00:00:00Z,13,79,0,1,0.5,55,65,60,0,1,0.5,65,75,70,0,1,0.5,1,3,2,65,75.25,70.15
CA,11000,156051,3,2021,2021-07-19T00:00:00Z,12,139,0,1,0.5,95,100,97.5,5,10,7.5,0,1,0.5,0,1,0.5,0,1,0.5,5.000000000000004,10.899999999999999,7.962499999999995
CA,11000,156511,3,2021,2021-07-26T00:00:00Z,12,125,0,1,0.5,95,100,97.5,1,3,2,35,45,40,0,1,0.5,0,1,0.5,35.650000000000006,46.650000000000006,41.2
CA,11000,156521,3,2021,2021-07-26T00:00:00Z,10,78.5,0,1,0.5,75,85,80,3,5,4,65,75,70,0,1,0.5,0,1,0.5,66.05000000000001,76.25,71.2
CA,11000,156531,3,2021,2021-07-26T00:00:00Z,9,97.5,0,1,0.5,95,100,97.5,3,5,4,85,95,90,0,1,0.5,0,1,0.5,85.45,95.24999999999999,90.4
CA,11000,156541,3,2021,2021-07-26T00:00:00Z,11,94,0,1,0.5,85,95,90,5,10,7.5,85,95,90,0,1,0.5,0,1,0.5,85.75,95.5,90.75
CA,11000,156551,3,2021,2021-07-26T00:00:00Z,7,17,0,1,0.5,10,15,12.5,25,35,30,95,100,97.5,0,1,0.5,1,3,2,96.24999999999999,100,98.25
CA,11000,205511,3,2021,2021-07-20T00:00:00Z,6,99.5,0,1,0.5,95,100,97.5,0,1,0.5,0,1,0.5,0,1,0.5,0,1,0.5,0,1.9900000000000029,0.9974999999999956
CA,11000,205521,3,2021,2021-07-20T00:00:00Z,6,100,0,1,0.5,95,100,97.5,1,3,2,0,1,0.5,0,1,0.5,0,1,0.5,1.0000000000000009,3.970000000000007,2.4900000000000033
CA,11000,205531,3,2021,2021-07-20T00:00:00Z,5,92,0,1,0.5,85,95,90,1,3,2,0,1,0.5,0,1,0.5,0,1,0.5,1.0000000000000009,3.970000000000007,2.4900000000000033
CA,11000,205541,3,2021,2021-07-20T00:00:00Z,6,72.5,0,1,0.5,65,75,70,0,1,0.5,0,1,0.5,0,1,0.5,1,3,2,0,1.9900000000000029,0.9974999999999956
CA,11000,205551,3,2021,2021-07-20T00:00:00Z,3,96,0,1,0.5,85,95,90,1,3,2,75,85,80,0,1,0.5,0,1,0.5,75.25,85.45,80.4
CA,11000,206011,3,2021,2021-07-19T00:00:00Z,6,35.5,0,1,0.5,25,35,30,0,1,0.5,45,55,50,0,1,0.5,0,1,0.5,44.99999999999999,55.45,50.24999999999999
CA,11000,206021,3,2021,2021-07-19T00:00:00Z,10,71,5,10,7.5,45,55,50,0,1,0.5,65,75,70,0,1,0.5,0,1,0.5,65,75.25,70.15
CA,11000,206031,3,2021,2021-07-19T00:00:00Z,10,71,5,10,7.5,55,65,60,5,10,7.5,45,55,50,0,1,0.5,0,1,0.5,47.75,59.5,53.75
CA,11000,206041,3,2021,2021-07-19T00:00:00Z,3,34,0,1,0.5,25,35,30,5,10,7.5,75,85,80,0,1,0.5,1,3,2,76.25,86.5,81.5
CA,11000,206051,3,2021,2021-07-19T00:00:00Z,8,65.5,0,1,0.5,55,65,60,0,1,0.5,65,75,70,0,1,0.5,0,1,0.5,65,75.25,70.15
CA,11000,206511,3,2021,2021-07-26T00:00:00Z,14,61.5,3,5,4,35,45,40,5,10,7.5,75,85,80,0,1,0.5,0,1,0.5,76.25,86.5,81.5
CA,11000,206521,3,2021,2021-07-26T00:00:00Z,11,171,0,1,0.5,85,95,90,0,1,0.5,45,55,50,0,1,0.5,0,1,0.5,44.99999999999999,55.45,50.24999999999999
CA,11000,206531,3,2021,2021-07-26T00:00:00Z,10,190,1,3,2,95,100,97.5,1,3,2,15,25,20,0,1,0.5,0,1,0.5,15.849999999999998,27.249999999999996,21.599999999999998
CA,11000,206541,3,2021,2021-07-26T00:00:00Z,16,79.5,0,1,0.5,75,85,80,5,10,7.5,95,100,97.5,0,1,0.5,0,1,0.5,95.24999999999999,100,97.6875
CA,11000,206551,3,2021,2021-07-26T00:00:00Z,15,122.5,0,1,0.5,95,100,97.5,0,1,0.5,65,75,70,0,1,0.5,0,1,0.5,65,75.25,70.15
CA,11000,207011,3,2021,2021-07-16T00:00:00Z,18,40,1,3,2,45,55,50,15,25,20,25,35,30,0,1,0.5,0,1,0.5,36.25000000000001,51.24999999999999,44.00000000000001
CA,11000,207021,3,2021,2021-07-16T00:00:00Z,12,7.5,0,1,0.5,3,5,4,5,10,7.5,95,100,97.5,0,1,0.5,0,1,0.5,95.24999999999999,100,97.6875
CA,11000,207031,3,2021,2021-07-16T00:00:00Z,3,1.5,0,1,0.5,0,1,0.5,3,5,4,95,100,97.5,0,1,0.5,0,1,0.5,95.15,100,97.6
CA,11000,207041,3,2021,2021-07-16T00:00:00Z,1,0.5,0,1,0.5,0,1,0.5,3,5,4,95,100,97.5,0,1,0.5,0,1,0.5,95.15,100,97.6
CA,11000,207051,3,2021,2021-07-16T00:00:00Z,6,6,0,1,0.5,3,5,4,15,25,20,95,100,97.5,0,1,0.5,0,1,0.5,95.75,100,98
CA,11000,255511,3,2021,2021-07-20T00:00:00Z,8,104.5,3,5,4,75,85,80,15,25,20,65,75,70,0,1,0.5,0,1,0.5,70.25,81.25,76
CA,11000,255521,3,2021,2021-07-20T00:00:00Z,6,95,0,1,0.5,75,85,80,0,1,0.5,45,55,50,0,1,0.5,0,1,0.5,44.99999999999999,55.45,50.24999999999999
CA,11000,255531,3,2021,2021-07-20T00:00:00Z,9,115,1,3,2,85,95,90,15,25,20,0,1,0.5,0,1,0.5,0,1,0.5,15.000000000000002,25.750000000000007,20.399999999999995
CA,11000,255541,3,2021,2021-07-20T00:00:00Z,10,99,0,1,0.5,85,95,90,1,3,2,0,1,0.5,0,1,0.5,0,1,0.5,1.0000000000000009,3.970000000000007,2.4900000000000033
CA,11000,255551,3,2021,2021-07-20T00:00:00Z,6,99.5,0,1,0.5,95,100,97.5,0,1,0.5,0,1,0.5,0,1,0.5,0,1,0.5,0,1.9900000000000029,0.9974999999999956
CA,11000,256011,3,2021,2021-07-19T00:00:00Z,7,36.5,1,3,2,45,55,50,65,75,70,45,55,50,0,1,0.5,0,1,0.5,80.75,88.75,85
CA,11000,256021,3,2021,2021-07-19T00:00:00Z,7,29,0,1,0.5,25,35,30,55,65,60,55,65,60,0,1,0.5,0,1,0.5,79.75000000000001,87.75,84
CA,11000,256031,3,2021,2021-07-19T00:00:00Z,5,49,0,1,0.5,45,55,50,15,25,20,85,95,90,0,1,0.5,1,3,2,87.25,96.24999999999999,92
CA,11000,256041,3,2021,2021-07-19T00:00:00Z,8,90.5,0,1,0.5,75,85,80,0,1,0.5,55,65,60,0,1,0.5,0,1,0.5,55.00000000000001,65.35,60.199999999999996
CA,11000,256051,3,2021,2021-07-19T00:00:00Z,7,76.5,0,1,0.5,75,85,80,0,1,0.5,25,35,30,0,1,0.5,0,1,0.5,25,35.650000000000006,30.349999999999998
CA,11000,256511,3,2021,2021-07-23T00:00:00Z,7,39.5,1,3,2,35,45,40,3,5,4,95,100,97.5,0,1,0.5,0,1,0.5,95.15,100,97.6
CA,11000,256521,3,2021,2021-07-23T00:00:00Z,11,64,0,1,0.5,65,75,70,15,25,20,95,100,97.5,0,1,0.5,1,3,2,95.75,100,98
CA,11000,256531,3,2021,2021-07-26T00:00:00Z,9,122.5,0,1,0.5,85,95,90,10,15,12.5,55,65,60,0,1,0.5,0,1,0.5,59.5,70.25,64.99999999999999
CA,11000,256541,3,2021,2021-07-26T00:00:00Z,15,64.5,3,5,4,65,75,70,15,25,20,35,45,40,0,1,0.5,0,1,0.5,44.75,58.74999999999999,52
CA,11000,256551,3,2021,2021-07-26T00:00:00Z,12,29,0,1,0.5,25,35,30,5,10,7.5,95,100,97.5,0,1,0.5,0,1,0.5,95.24999999999999,100,97.6875
CA,11000,257011,3,2021,2021-07-16T00:00:00Z,9,9,1,3,2,3,5,4,5,10,7.5,95,100,97.5,0,1,0.5,0,1,0.5,95.24999999999999,100,97.6875
CA,11000,257021,3,2021,2021-07-16T00:00:00Z,7,33.5,0,1,0.5,35,45,40,0,1,0.5,95,100,97.5,0,1,0.5,0,1,0.5,95,100,97.5125
CA,11000,257031,3,2021,2021-07-16T00:00:00Z,7,19,0,1,0.5,15,25,20,1,3,2,95,100,97.5,0,1,0.5,0,1,0.5,95.04999999999998,100,97.55
CA,11000,257041,3,2021,2021-07-16T00:00:00Z,6,4.5,0,1,0.5,1,3,2,5,10,7.5,95,100,97.5,0,1,0.5,0,1,0.5,95.24999999999999,100,97.6875
CA,11000,257051,3,2021,2021-07-16T00:00:00Z,12,11,1,3,2,5,10,7.5,25,35,30,65,75,70,0,1,0.5,0,1,0.5,73.75,83.75,79
CA,11000,305511,3,2021,2021-07-20T00:00:00Z,5,2.5,0,1,0.5,0,1,0.5,0,1,0.5,95,100,97.5,0,1,0.5,0,1,0.5,95,100,97.5125
CA,11000,305521,3,2021,2021-07-20T00:00:00Z,5,2.5,0,1,0.5,0,1,0.5,5,10,7.5,95,100,97.5,0,1,0.5,0,1,0.5,95.24999999999999,100,97.6875
CA,11000,305531,3,2021,2021-07-20T00:00:00Z,6,7.5,1,3,2,3,5,4,3,5,4,95,100,97.5,0,1,0.5,0,1,0.5,95.15,100,97.6
CA,11000,305541,3,2021,2021-07-20T00:00:00Z,8,24.5,1,3,2,15,25,20,0,1,0.5,85,95,90,0,1,0.5,0,1,0.5,85,95.04999999999998,90.05000000000001
CA,11000,305551,3,2021,2021-07-20T00:00:00Z,7,73.5,0,1,0.5,65,75,70,1,3,2,95,100,97.5,0,1,0.5,0,1,0.5,95.04999999999998,100,97.55
CA,11000,306011,3,2021,2021-07-19T00:00:00Z,3,1.5,0,1,0.5,0,1,0.5,0,1,0.5,95,100,97.5,0,1,0.5,1,3,2,95,100,97.5125
CA,11000,306021,3,2021,2021-07-19T00:00:00Z,2,1,0,1,0.5,0,1,0.5,1,3,2,95,100,97.5,0,1,0.5,0,1,0.5,95.04999999999998,100,97.55
CA,11000,306031,3,2021,2021-07-19T00:00:00Z,5,2.5,0,1,0.5,0,1,0.5,1,3,2,95,100,97.5,0,1,0.5,0,1,0.5,95.04999999999998,100,97.55
CA,11000,306041,3,2021,2021-07-19T00:00:00Z,6,15,0,1,0.5,10,15,12.5,1,3,2,95,100,97.5,0,1,0.5,0,1,0.5,95.04999999999998,100,97.55
CA,11000,306051,3,2021,2021-07-19T00:00:00Z,5,55.5,0,1,0.5,55,65,60,1,3,2,95,100,97.5,0,1,0.5,0,1,0.5,95.04999999999998,100,97.55
CA,11000,306511,3,2021,2021-07-23T00:00:00Z,10,31,0,1,0.5,35,45,40,5,10,7.5,95,100,97.5,0,1,0.5,1,3,2,95.24999999999999,100,97.6875
CA,11000,306521,3,2021,2021-07-23T00:00:00Z,10,27,1,3,2,15,25,20,1,3,2,95,100,97.5,0,1,0.5,0,1,0.5,95.04999999999998,100,97.55
CA,11000,306531,3,2021,2021-07-23T00:00:00Z,11,13.5,1,3,2,5,10,7.5,1,3,2,95,100,97.5,0,1,0.5,1,3,2,95.04999999999998,100,97.55
CA,11000,306541,3,2021,2021-07-23T00:00:00Z,9,49.5,0,1,0.5,45,55,50,0,1,0.5,85,95,90,0,1,0.5,1,3,2,85,95.04999999999998,90.05000000000001
CA,11000,306551,3,2021,2021-07-23T00:00:00Z,9,72.5,0,1,0.5,55,65,60,1,3,2,95,100,97.5,0,1,0.5,0,1,0.5,95.04999999999998,100,97.55
CA,11000,307011,3,2021,2021-07-16T00:00:00Z,12,18,0,1,0.5,15,25,20,1,3,2,95,100,97.5,0,1,0.5,0,1,0.5,95.04999999999998,100,97.55
CA,11000,307021,3,2021,2021-07-16T00:00:00Z,1,2,0,1,0.5,1,3,2,3,5,4,95,100,97.5,0,1,0.5,1,3,2,95.15,100,97.6
CA,11000,307031,3,2021,2021-07-16T00:00:00Z,3,3,0,1,0.5,1,3,2,5,10,7.5,95,100,97.5,0,1,0.5,0,1,0.5,95.24999999999999,100,97.6875
CA,11000,307041,3,2021,2021-07-16T00:00:00Z,7,5,1,3,2,1,3,2,1,3,2,95,100,97.5,0,1,0.5,0,1,0.5,95.04999999999998,100,97.55
CA,11000,307051,3,2021,2021-07-16T00:00:00Z,8,7,0,1,0.5,1,3,2,1,3,2,95,100,97.5,0,1,0.5,1,3,2,95.04999999999998,100,97.55
CA,11000,307511,3,2021,2021-07-13T00:00:00Z,4,2,0,1,0.5,1,3,2,1,3,2,95,100,97.5,0,1,0.5,0,1,0.5,95.04999999999998,100,97.55
CA,11000,307521,3,2021,2021-07-13T00:00:00Z,8,12.5,0,1,0.5,5,10,7.5,15,25,20,85,95,90,0,1,0.5,1,3,2,87.25,96.24999999999999,92
CA,11000,307531,3,2021,2021-07-13T00:00:00Z,7,96,0,1,0.5,85,95,90,25,35,30,3,5,4,0,1,0.5,0,1,0.5,27.249999999999996,38.25000000000001,32.800000000000004
CA,11000,307541,3,2021,2021-07-13T00:00:00Z,7,114,0,1,0.5,95,100,97.5,5,10,7.5,5,10,7.5,0,1,0.5,0,1,0.5,9.750000000000004,18.999999999999993,14.437499999999993
CA,11000,307551,3,2021,2021-07-13T00:00:00Z,10,79.5,0,1,0.5,65,75,70,3,5,4,55,65,60,0,1,0.5,0,1,0.5,56.35000000000001,66.75,61.6
CA,11000,355511,3,2021,2021-07-20T00:00:00Z,8,18,0,1,0.5,15,25,20,0,1,0.5,75,85,80,0,1,0.5,0,1,0.5,75,85.14999999999999,80.10000000000001
CA,11000,355521,3,2021,2021-07-20T00:00:00Z,12,7.5,3,5,4,1,3,2,0,1,0.5,35,45,40,0,1,0.5,0,1,0.5,35,45.550000000000004,40.300000000000004
CA,11000,355531,3,2021,2021-07-20T00:00:00Z,9,4.5,0,1,0.5,0,1,0.5,0,1,0.5,65,75,70,0,1,0.5,0,1,0.5,65,75.25,70.15
CA,11000,355541,3,2021,2021-07-20T00:00:00Z,8,4,0,1,0.5,0,1,0.5,0,1,0.5,95,100,97.5,0,1,0.5,0,1,0.5,95,100,97.5125
CA,11000,355551,3,2021,2021-07-20T00:00:00Z,8,4,0,1,0.5,0,1,0.5,0,1,0.5,95,100,97.5,0,1,0.5,0,1,0.5,95,100,97.5125
CA,11000,356011,3,2021,2021-07-19T00:00:00Z,3,1.5,0,1,0.5,0,1,0.5,0,1,0.5,95,100,97.5,0,1,0.5,0,1,0.5,95,100,97.5125
CA,11000,356021,3,2021,2021-07-19T00:00:00Z,4,2,0,1,0.5,0,1,0.5,1,3,2,95,100,97.5,0,1,0.5,0,1,0.5,95.04999999999998,100,97.55
CA,11000,356031,3,2021,2021-07-19T00:00:00Z,3,3,0,1,0.5,1,3,2,1,3,2,95,100,97.5,0,1,0.5,3,5,4,95.04999999999998,100,97.55
CA,11000,356041,3,2021,2021-07-19T00:00:00Z,3,1.5,0,1,0.5,0,1,0.5,3,5,4,95,100,97.5,0,1,0.5,3,5,4,95.15,100,97.6
CA,11000,356051,3,2021,2021-07-19T00:00:00Z,6,3,0,1,0.5,0,1,0.5,0,1,0.5,95,100,97.5,0,1,0.5,1,3,2,95,100,97.5125
CA,11000,356511,3,2021,2021-07-23T00:00:00Z,7,5,0,1,0.5,1,3,2,1,3,2,95,100,97.5,0,1,0.5,1,3,2,95.04999999999998,100,97.55
CA,11000,356521,3,2021,2021-07-23T00:00:00Z,3,1.5,0,1,0.5,0,1,0.5,1,3,2,95,100,97.5,0,1,0.5,1,3,2,95.04999999999998,100,97.55
CA,11000,356531,3,2021,2021-07-23T00:00:00Z,2,1,0,1,0.5,0,1,0.5,1,3,2,95,100,97.5,0,1,0.5,3,5,4,95.04999999999998,100,97.55
CA,11000,356541,3,2021,2021-07-23T00:00:00Z,6,6,0,1,0.5,1,3,2,0,1,0.5,95,100,97.5,0,1,0.5,1,3,2,95,100,97.5125
CA,11000,356551,3,2021,2021-07-23T00:00:00Z,6,4.5,0,1,0.5,1,3,2,1,3,2,95,100,97.5,0,1,0.5,1,3,2,95.04999999999998,100,97.55
CA,11000,357011,3,2021,2021-07-16T00:00:00Z,14,23,0,1,0.5,25,35,30,0,1,0.5,95,100,97.5,0,1,0.5,0,1,0.5,95,100,97.5125
CA,11000,357021,3,2021,2021-07-16T00:00:00Z,13,11,0,1,0.5,3,5,4,0,1,0.5,95,100,97.5,0,1,0.5,0,1,0.5,95,100,97.5125
CA,11000,357031,3,2021,2021-07-16T00:00:00Z,13,18,1,3,2,15,25,20,0,1,0.5,95,100,97.5,0,1,0.5,0,1,0.5,95,100,97.5125
CA,11000,357041,3,2021,2021-07-16T00:00:00Z,9,4.5,3,5,4,1,3,2,1,3,2,95,100,97.5,0,1,0.5,0,1,0.5,95.04999999999998,100,97.55
CA,11000,357051,3,2021,2021-07-16T00:00:00Z,8,9,0,1,0.5,5,10,7.5,3,5,4,85,95,90,0,1,0.5,0,1,0.5,85.45,95.24999999999999,90.4
CA,11000,357511,3,2021,2021-07-13T00:00:00Z,3,3,0,1,0.5,1,3,2,5,10,7.5,85,95,90,0,1,0.5,0,1,0.5,85.75,95.5,90.75
CA,11000,357521,3,2021,2021-07-13T00:00:00Z,6,4.5,0,1,0.5,1,3,2,3,5,4,95,100,97.5,0,1,0.5,0,1,0.5,95.15,100,97.6
CA,11000,357531,3,2021,2021-07-13T00:00:00Z,12,12,1,3,2,5,10,7.5,1,3,2,95,100,97.5,0,1,0.5,0,1,0.5,95.04999999999998,100,97.55
CA,11000,357541,3,2021,2021-07-13T00:00:00Z,12,16,1,3,2,10,15,12.5,0,1,0.5,95,100,97.5,0,1,0.5,0,1,0.5,95,100,97.5125
CA,11000,357551,3,2021,2021-07-13T00:00:00Z,4,5.5,1,3,2,0,1,0.5,0,1,0.5,95,100,97.5,0,1,0.5,0,1,0.5,95,100,97.5125
CA,11000,358011,3,2021,2021-07-13T00:00:00Z,8,21,0,1,0.5,15,25,20,0,1,0.5,85,95,90,0,1,0.5,1,3,2,85,95.04999999999998,90.05000000000001
CA,11000,358021,3,2021,2021-07-13T00:00:00Z,7,6.5,0,1,0.5,3,5,4,1,3,2,95,100,97.5,0,1,0.5,0,1,0.5,95.04999999999998,100,97.55
CA,11000,358031,3,2021,2021-07-13T00:00:00Z,13,48,0,1,0.5,45,55,50,0,1,0.5,95,100,97.5,0,1,0.5,0,1,0.5,95,100,97.5125
CA,11000,358041,3,2021,2021-07-13T00:00:00Z,15,64.5,0,1,0.5,65,75,70,15,25,20,95,100,97.5,0,1,0.5,0,1,0.5,95.75,100,98
CA,11000,358051,3,2021,2021-07-13T00:00:00Z,12,64.5,0,1,0.5,65,75,70,15,25,20,95,100,97.5,0,1,0.5,0,1,0.5,95.75,100,98
CA,11000,405511,3,2021,2021-07-20T00:00:00Z,16,37.5,0,1,0.5,35,45,40,1,3,2,95,100,97.5,0,1,0.5,1,3,2,95.04999999999998,100,97.55
CA,11000,405521,3,2021,2021-07-20T00:00:00Z,19,15.5,0,1,0.5,3,5,4,25,35,30,95,100,97.5,0,1,0.5,0,1,0.5,96.24999999999999,100,98.25
CA,11000,405531,3,2021,2021-07-20T00:00:00Z,5,2.5,0,1,0.5,0,1,0.5,0,1,0.5,75,85,80,0,1,0.5,0,1,0.5,75,85.14999999999999,80.10000000000001
CA,11000,405541,3,2021,2021-07-20T00:00:00Z,1,0.5,0,1,0.5,0,1,0.5,0,1,0.5,55,65,60,0,1,0.5,0,1,0.5,55.00000000000001,65.35,60.199999999999996
CA,11000,405551,3,2021,2021-07-20T00:00:00Z,11,7,0,1,0.5,1,3,2,0,1,0.5,85,95,90,0,1,0.5,0,1,0.5,85,95.04999999999998,90.05000000000001
CA,11000,406011,3,2021,2021-07-19T00:00:00Z,11,8.5,0,1,0.5,3,5,4,5,10,7.5,95,100,97.5,0,1,0.5,0,1,0.5,95.24999999999999,100,97.6875
CA,11000,406021,3,2021,2021-07-19T00:00:00Z,18,17,0,1,0.5,5,10,7.5,0,1,0.5,85,95,90,0,1,0.5,0,1,0.5,85,95.04999999999998,90.05000000000001
CA,11000,406031,3,2021,2021-07-19T00:00:00Z,18,46.5,0,1,0.5,55,65,60,0,1,0.5,95,100,97.5,0,1,0.5,0,1,0.5,95,100,97.5125
CA,11000,406041,3,2021,2021-07-19T00:00:00Z,11,22.5,1,3,2,15,25,20,0,1,0.5,95,100,97.5,0,1,0.5,0,1,0.5,95,100,97.5125
CA,11000,406051,3,2021,2021-07-19T00:00:00Z,5,16,0,1,0.5,10,15,12.5,0,1,0.5,95,100,97.5,0,1,0.5,0,1,0.5,95,100,97.5125
CA,11000,406511,3,2021,2021-07-23T00:00:00Z,11,12,0,1,0.5,3,5,4,0,1,0.5,95,100,97.5,0,1,0.5,0,1,0.5,95,100,97.5125
CA,11000,406521,3,2021,2021-07-23T00:00:00Z,15,20.5,1,3,2,10,15,12.5,0,1,0.5,95,100,97.5,0,1,0.5,1,3,2,95,100,97.5125
CA,11000,406531,3,2021,2021-07-23T00:00:00Z,19,22,3,5,4,10,15,12.5,0,1,0.5,95,100,97.5,0,1,0.5,5,10,7.5,95,100,97.5125
CA,11000,406541,3,2021,2021-07-23T00:00:00Z,13,14.5,0,1,0.5,5,10,7.5,0,1,0.5,95,100,97.5,0,1,0.5,3,5,4,95,100,97.5125
CA,11000,406551,3,2021,2021-07-23T00:00:00Z,10,5,0,1,0.5,1,3,2,1,3,2,95,100,97.5,0,1,0.5,3,5,4,95.04999999999998,100,97.55
CA,11000,407011,3,2021,2021-07-16T00:00:00Z,9,29,0,1,0.5,25,35,30,1,3,2,85,95,90,0,1,0.5,0,1,0.5,85.14999999999999,95.15,90.2
CA,11000,407021,3,2021,2021-07-16T00:00:00Z,4,5,0,1,0.5,3,5,4,5,10,7.5,95,100,97.5,0,1,0.5,0,1,0.5,95.24999999999999,100,97.6875
CA,11000,407031,3,2021,2021-07-16T00:00:00Z,7,5,0,1,0.5,1,3,2,1,3,2,95,100,97.5,0,1,0.5,0,1,0.5,95.04999999999998,100,97.55
CA,11000,407041,3,2021,2021-07-16T00:00:00Z,8,7,0,1,0.5,3,5,4,1,3,2,95,100,97.5,0,1,0.5,0,1,0.5,95.04999999999998,100,97.55
CA,11000,407051,3,2021,2021-07-16T00:00:00Z,10,13.5,1,3,2,5,10,7.5,1,3,2,95,100,97.5,0,1,0.5,0,1,0.5,95.04999999999998,100,97.55
CA,11000,407511,3,2021,2021-07-13T00:00:00Z,10,50,0,1,0.5,65,75,70,35,45,40,55,65,60,0,1,0.5,0,1,0.5,70.75,80.75,76
CA,11000,407521,3,2021,2021-07-13T00:00:00Z,9,77.5,0,1,0.5,75,85,80,35,45,40,15,25,20,0,1,0.5,0,1,0.5,44.75,58.74999999999999,52
CA,11000,407531,3,2021,2021-07-13T00:00:00Z,12,120,0,1,0.5,75,85,80,1,3,2,45,55,50,0,1,0.5,0,1,0.5,45.550000000000004,56.35000000000001,51
CA,11000,407541,3,2021,2021-07-13T00:00:00Z,8,9,0,1,0.5,3,5,4,3,5,4,95,100,97.5,0,1,0.5,1,3,2,95.15,100,97.6
CA,11000,407551,3,2021,2021-07-13T00:00:00Z,6,4.5,0,1,0.5,1,3,2,1,3,2,95,100,97.5,0,1,0.5,0,1,0.5,95.04999999999998,100,97.55
CA,11000,408011,3,2021,2021-07-13T00:00:00Z,4,3.5,0,1,0.5,1,3,2,5,10,7.5,95,100,97.5,0,1,0.5,0,1,0.5,95.24999999999999,100,97.6875
CA,11000,408021,3,2021,2021-07-13T00:00:00Z,2,1,0,1,0.5,0,1,0.5,5,10,7.5,95,100,97.5,0,1,0.5,0,1,0.5,95.24999999999999,100,97.6875
CA,11000,408031,3,2021,2021-07-13T00:00:00Z,2,1,0,1,0.5,0,1,0.5,1,3,2,95,100,97.5,0,1,0.5,0,1,0.5,95.04999999999998,100,97.55
CA,11000,408041,3,2021,2021-07-13T00:00:00Z,3,1.5,0,1,0.5,0,1,0.5,25,35,30,95,100,97.5,0,1,0.5,0,1,0.5,96.24999999999999,100,98.25
CA,11000,408051,3,2021,2021-07-13T00:00:00Z,6,4.5,0,1,0.5,1,3,2,15,25,20,95,100,97.5,0,1,0.5,0,1,0.5,95.75,100,98
CA,31000,1,3,2022,2022-05-03T00:00:00Z,12,66.5,1,3,2,95,100,97.5,15,25,20,75,85,80,0,1,0.5,0,1,0.5,78.75,88.75,84.00000000000001
CA,31000,2,3,2022,2022-05-03T00:00:00Z,17,60.5,0,1,0.5,95,100,97.5,45,55,50,75,85,80,0,1,0.5,0,1,0.5,86.25,93.25,90
CA,31000,3,3,2022,2022-05-04T00:00:00Z,6,132.5,0,1,0.5,95,100,97.5,25,35,30,65,75,70,0,1,0.5,0,1,0.5,73.75,83.75,79
CA,31000,4,3,2022,2022-05-04T00:00:00Z,7,116.5,0,1,0.5,95,100,97.5,55,65,60,75,85,80,0,1,0.5,0,1,0.5,88.75,94.75,92
CA,31000,5,3,2022,2022-05-04T00:00:00Z,7,118,0,1,0.5,95,100,97.5,15,25,20,85,95,90,0,1,0.5,0,1,0.5,87.25,96.24999999999999,92
CA,31000,6,3,2022,2022-05-06T00:00:00Z,6,97.5,0,1,0.5,95,100,97.5,5,10,7.5,85,95,90,0,1,0.5,0,1,0.5,85.75,95.5,90.75
CA,31000,7,3,2022,2022-05-06T00:00:00Z,7,100.5,0,1,0.5,95,100,97.5,3,5,4,85,95,90,0,1,0.5,0,1,0.5,85.45,95.24999999999999,90.4
CA,31000,8,3,2022,2022-05-06T00:00:00Z,7,108,0,1,0.5,95,100,97.5,5,10,7.5,75,85,80,0,1,0.5,0,1,0.5,76.25,86.5,81.5
CA,31000,9,3,2022,2022-05-09T00:00:00Z,10,102,0,1,0.5,95,100,97.5,5,10,7.5,85,95,90,0,1,0.5,0,1,0.5,85.75,95.5,90.75
CA,31000,10,3,2022,2022-05-09T00:00:00Z,6,104.5,0,1,0.5,95,100,97.5,5,10,7.5,85,95,90,0,1,0.5,0,1,0.5,85.75,95.5,90.75
CA,31000,11,3,2022,2022-05-03T00:00:00Z,12,49,0,1,0.5,65,75,70,65,75,70,65,75,70,0,1,0.5,0,1,0.5,87.75,93.75,90.99999999999999
CA,31000,12,3,2022,2022-05-03T00:00:00Z,8,123,0,1,0.5,95,100,97.5,35,45,40,65,75,70,0,1,0.5,0,1,0.5,77.25,86.25,82
CA,31000,13,3,2022,2022-05-04T00:00:00Z,8,145.5,0,1,0.5,95,100,97.5,35,45,40,75,85,80,0,1,0.5,0,1,0.5,83.75,91.75,88
CA,31000,14,3,2022,2022-05-04T00:00:00Z,7,101,0,1,0.5,95,100,97.5,45,55,50,95,100,97.5,0,1,0.5,0,1,0.5,97.24999999999999,100,98.75
CA,31000,15,3,2022,2022-05-04T00:00:00Z,7,88,0,1,0.5,85,95,90,35,45,40,75,85,80,0,1,0.5,0,1,0.5,83.75,91.75,88
CA,31000,16,3,2022,2022-05-06T00:00:00Z,4,82,0,1,0.5,75,85,80,5,10,7.5,85,95,90,0,1,0.5,0,1,0.5,85.75,95.5,90.75
CA,31000,17,3,2022,2022-05-06T00:00:00Z,6,108.5,0,1,0.5,95,100,97.5,95,100,97.5,45,55,50,0,1,0.5,0,1,0.5,97.24999999999999,100,98.75
CA,31000,18,3,2022,2022-05-06T00:00:00Z,8,177,0,1,0.5,95,100,97.5,10,15,12.5,55,65,60,0,1,0.5,0,1,0.5,59.5,70.25,64.99999999999999
CA,31000,19,3,2022,2022-05-09T00:00:00Z,12,194.5,0,1,0.5,95,100,97.5,5,10,7.5,65,75,70,0,1,0.5,0,1,0.5,66.75,77.5,72.24999999999999
CA,31000,20,3,2022,2022-05-09T00:00:00Z,9,118,0,1,0.5,95,100,97.5,3,5,4,55,65,60,0,1,0.5,0,1,0.5,56.35000000000001,66.75,61.6
CA,31000,21,3,2022,2022-05-03T00:00:00Z,13,114,0,1,0.5,85,95,90,5,10,7.5,85,95,90,0,1,0.5,0,1,0.5,85.75,95.5,90.75
CA,31000,22,3,2022,2022-05-03T00:00:00Z,10,64.5,0,1,0.5,75,85,80,75,85,80,75,85,80,0,1,0.5,0,1,0.5,93.75,97.75,96
CA,31000,23,3,2022,2022-05-03T00:00:00Z,9,122.5,0,1,0.5,95,100,97.5,5,10,7.5,75,85,80,0,1,0.5,0,1,0.5,76.25,86.5,81.5
CA,31000,24,3,2022,2022-05-04T00:00:00Z,9,79,0,1,0.5,75,85,80,65,75,70,75,85,80,0,1,0.5,0,1,0.5,91.25,96.25,94
CA,31000,25,3,2022,2022-05-04T00:00:00Z,8,106,0,1,0.5,75,85,80,45,55,50,45,55,50,0,1,0.5,0,1,0.5,69.75,79.75000000000001,75
CA,31000,26,3,2022,2022-05-06T00:00:00Z,7,43,0,1,0.5,55,65,60,15,25,20,75,85,80,0,1,0.5,0,1,0.5,78.75,88.75,84.00000000000001
CA,31000,27,3,2022,2022-05-06T00:00:00Z,7,107,0,1,0.5,95,100,97.5,55,65,60,45,55,50,0,1,0.5,0,1,0.5,75.25,84.25,80
CA,31000,28,3,2022,2022-05-09T00:00:00Z,9,138,1,3,2,95,100,97.5,3,5,4,75,85,80,0,1,0.5,0,1,0.5,75.75,85.75,80.80000000000001
CA,31000,29,3,2022,2022-05-09T00:00:00Z,8,126,0,1,0.5,95,100,97.5,15,25,20,75,85,80,0,1,0.5,0,1,0.5,78.75,88.75,84.00000000000001
CA,31000,30,3,2022,2022-05-09T00:00:00Z,11,122.5,1,3,2,95,100,97.5,1,3,2,95,100,97.5,0,1,0.5,0,1,0.5,95.04999999999998,100,97.55
CA,31000,31,3,2022,2022-05-03T00:00:00Z,12,47.5,0,1,0.5,85,95,90,15,25,20,85,95,90,0,1,0.5,0,1,0.5,87.25,96.24999999999999,92
CA,31000,32,3,2022,2022-05-03T00:00:00Z,12,53.5,0,1,0.5,85,95,90,55,65,60,85,95,90,0,1,0.5,0,1,0.5,93.25,98.25,96
CA,31000,33,3,2022,2022-05-03T00:00:00Z,18,114,0,1,0.5,85,95,90,15,25,20,95,100,97.5,0,1,0.5,0,1,0.5,95.75,100,98
CA,31000,34,3,2022,2022-05-04T00:00:00Z,13,109.5,0,1,0.5,75,85,80,5,10,7.5,25,35,30,0,1,0.5,0,1,0.5,28.750000000000007,41.49999999999999,35.25
CA,31000,35,3,2022,2022-05-04T00:00:00Z,8,105,0,1,0.5,75,85,80,5,10,7.5,55,65,60,0,1,0.5,0,1,0.5,57.25,68.5,62.999999999999986
CA,31000,36,3,2022,2022-05-06T00:00:00Z,9,120.5,0,1,0.5,95,100,97.5,3,5,4,85,95,90,0,1,0.5,0,1,0.5,85.45,95.24999999999999,90.4
CA,31000,37,3,2022,2022-05-06T00:00:00Z,6,146.5,0,1,0.5,95,100,97.5,10,15,12.5,45,55,50,0,1,0.5,0,1,0.5,50.499999999999986,61.75000000000001,56.25
CA,31000,38,3,2022,2022-05-09T00:00:00Z,13,185.5,0,1,0.5,95,100,97.5,35,45,40,75,85,80,0,1,0.5,0,1,0.5,83.75,91.75,88
CA,31000,39,3,2022,2022-05-09T00:00:00Z,17,142,0,1,0.5,95,100,97.5,1,3,2,15,25,20,0,1,0.5,0,1,0.5,15.849999999999998,27.249999999999996,21.599999999999998
CA,31000,40,3,2022,2022-05-09T00:00:00Z,14,180,0,1,0.5,85,95,90,15,25,20,55,65,60,0,1,0.5,0,1,0.5,61.75000000000001,73.75,68
CA,31000,41,3,2022,2022-05-03T00:00:00Z,12,110,0,1,0.5,85,95,90,35,45,40,75,85,80,0,1,0.5,0,1,0.5,83.75,91.75,88
CA,31000,42,3,2022,2022-05-03T00:00:00Z,12,68,0,1,0.5,65,75,70,65,75,70,55,65,60,0,1,0.5,0,1,0.5,84.25,91.25,88
CA,31000,43,3,2022,2022-05-03T00:00:00Z,9,86.5,0,1,0.5,75,85,80,15,25,20,85,95,90,0,1,0.5,0,1,0.5,87.25,96.24999999999999,92
CA,31000,44,3,2022,2022-05-04T00:00:00Z,17,77.5,0,1,0.5,75,85,80,35,45,40,55,65,60,0,1,0.5,0,1,0.5,70.75,80.75,76
CA,31000,45,3,2022,2022-05-04T00:00:00Z,11,131.5,0,1,0.5,85,95,90,5,10,7.5,85,95,90,0,1,0.5,0,1,0.5,85.75,95.5,90.75
CA,31000,46,3,2022,2022-05-06T00:00:00Z,6,128.5,0,1,0.5,95,100,97.5,5,10,7.5,95,100,97.5,0,1,0.5,0,1,0.5,95.24999999999999,100,97.6875
CA,31000,47,3,2022,2022-05-06T00:00:00Z,7,115.5,0,1,0.5,95,100,97.5,0,1,0.5,0,1,0.5,0,1,0.5,0,1,0.5,0,1.9900000000000029,0.9974999999999956
CA,31000,48,3,2022,2022-05-09T00:00:00Z,11,132,0,1,0.5,95,100,97.5,35,45,40,75,85,80,0,1,0.5,0,1,0.5,83.75,91.75,88
CA,31000,49,3,2022,2022-05-09T00:00:00Z,12,119.5,0,1,0.5,95,100,97.5,65,75,70,35,45,40,0,1,0.5,0,1,0.5,77.25,86.25,82
CA,31000,50,3,2022,2022-05-09T00:00:00Z,15,88.5,0,1,0.5,95,100,97.5,55,65,60,55,65,60,0,1,0.5,0,1,0.5,79.75000000000001,87.75,84
CA,41000,1,3,2022,2022-05-24T00:00:00Z,13,80,0,1,0.5,65,75,70,55,65,60,85,95,90,0,1,0.5,0,1,0.5,93.25,98.25,96
CA,41000,2,3,2022,2022-05-30T00:00:00Z,12,44,0,1,0.5,35,45,40,75,85,80,85,95,90,0,1,0.5,0,1,0.5,96.25,99.25,98
CA,41000,3,3,2022,2022-05-24T00:00:00Z,10,90.5,0,1,0.5,85,95,90,10,15,12.5,75,85,80,0,1,0.5,1,3,2,77.5,87.25,82.5
CA,41000,4,3,2022,2022-05-31T00:00:00Z,12,30,0,1,0.5,15,25,20,65,75,70,75,85,80,0,1,0.5,0,1,0.5,91.25,96.25,94
CA,41000,5,3,2022,2022-05-30T00:00:00Z,14,56.5,0,1,0.5,45,55,50,85,95,90,85,95,90,0,1,0.5,0,1,0.5,97.75,99.75,99
CA,41000,6,3,2022,2022-05-24T00:00:00Z,13,47,0,1,0.5,55,65,60,45,55,50,85,95,90,0,1,0.5,3,5,4,91.75,97.75,95
CA,41000,7,3,2022,2022-06-02T00:00:00Z,7,10,0,1,0.5,5,10,7.5,45,55,50,85,95,90,0,1,0.5,0,1,0.5,91.75,97.75,95
CA,41000,8,3,2022,2022-05-31T00:00:00Z,9,11.5,0,1,0.5,5,10,7.5,85,95,90,85,95,90,0,1,0.5,0,1,0.5,97.75,99.75,99
CA,41000,9,3,2022,2022-05-30T00:00:00Z,14,55,0,1,0.5,55,65,60,75,85,80,85,95,90,0,1,0.5,0,1,0.5,96.25,99.25,98
CA,41000,10,3,2022,2022-05-24T00:00:00Z,8,75,0,1,0.5,75,85,80,35,45,40,85,95,90,0,1,0.5,0,1,0.5,90.25,97.24999999999999,94
CA,41000,11,3,2022,2022-06-02T00:00:00Z,10,21.5,0,1,0.5,25,35,30,35,45,40,65,75,70,0,1,0.5,0,1,0.5,77.25,86.25,82
CA,41000,12,3,2022,2022-06-02T00:00:00Z,11,14,0,1,0.5,5,10,7.5,35,45,40,85,95,90,0,1,0.5,0,1,0.5,90.25,97.24999999999999,94
CA,41000,13,3,2022,2022-05-31T00:00:00Z,11,53,0,1,0.5,45,55,50,75,85,80,75,85,80,0,1,0.5,0,1,0.5,93.75,97.75,96
CA,41000,14,3,2022,2022-05-30T00:00:00Z,12,19.5,0,1,0.5,10,15,12.5,65,75,70,85,95,90,0,1,0.5,0,1,0.5,94.75,98.75,97
CA,41000,15,3,2022,2022-05-24T00:00:00Z,14,11.5,0,1,0.5,5,10,7.5,10,15,12.5,85,95,90,0,1,0.5,0,1,0.5,86.5,95.75,91.25
CA,41000,16,3,2022,2022-06-24T00:00:00Z,7,8,0,1,0.5,5,10,7.5,5,10,7.5,95,100,97.5,0,1,0.5,0,1,0.5,95.24999999999999,100,97.6875
CA,41000,17,3,2022,2022-06-02T00:00:00Z,10,13,0,1,0.5,5,10,7.5,75,85,80,75,85,80,0,1,0.5,0,1,0.5,93.75,97.75,96
CA,41000,18,3,2022,2022-06-02T00:00:00Z,11,13,0,1,0.5,10,15,12.5,45,55,50,55,65,60,0,1,0.5,0,1,0.5,75.25,84.25,80
CA,41000,19,3,2022,2022-05-31T00:00:00Z,9,49.5,0,1,0.5,55,65,60,35,45,40,85,95,90,0,1,0.5,3,5,4,90.25,97.24999999999999,94
CA,41000,20,3,2022,2022-05-30T00:00:00Z,11,14,0,1,0.5,10,15,12.5,15,25,20,75,85,80,0,1,0.5,0,1,0.5,78.75,88.75,84.00000000000001
CA,41000,21,3,2022,2022-05-24T00:00:00Z,7,15,0,1,0.5,15,25,20,25,35,30,85,95,90,0,1,0.5,0,1,0.5,88.75,96.75,93
CA,41000,22,3,2022,2022-06-24T00:00:00Z,0,,0,1,0.5,0,1,0.5,0,1,0.5,95,100,97.5,0,1,0.5,0,1,0.5,95,100,97.5125
CA,41000,23,3,2022,2022-06-24T00:00:00Z,9,19.5,0,1,0.5,15,25,20,3,5,4,95,100,97.5,0,1,0.5,0,1,0.5,95.15,100,97.6
CA,41000,24,3,2022,2022-06-02T00:00:00Z,10,11,0,1,0.5,15,25,20,55,65,60,75,85,80,0,1,0.5,0,1,0.5,88.75,94.75,92
CA,41000,25,3,2022,2022-06-02T00:00:00Z,9,30,0,1,0.5,35,45,40,5,10,7.5,95,100,97.5,0,1,0.5,0,1,0.5,95.24999999999999,100,97.6875
CA,41000,26,3,2022,2022-05-31T00:00:00Z,12,23,0,1,0.5,15,25,20,1,3,2,95,100,97.5,0,1,0.5,0,1,0.5,95.04999999999998,100,97.55
CA,41000,27,3,2022,2022-05-30T00:00:00Z,9,21.5,0,1,0.5,15,25,20,15,25,20,85,95,90,0,1,0.5,0,1,0.5,87.25,96.24999999999999,92
CA,41000,28,3,2022,2022-05-24T00:00:00Z,12,21,0,1,0.5,25,35,30,35,45,40,65,75,70,5,10,7.5,0,1,0.5,77.25,86.25,82
CA,41000,29,3,2022,2022-06-24T00:00:00Z,1,0.5,0,1,0.5,0,1,0.5,0,1,0.5,95,100,97.5,0,1,0.5,0,1,0.5,95,100,97.5125
CA,41000,30,3,2022,2022-06-24T00:00:00Z,7,31.5,0,1,0.5,25,35,30,15,25,20,85,95,90,0,1,0.5,0,1,0.5,87.25,96.24999999999999,92
CA,41000,31,3,2022,2022-06-02T00:00:00Z,10,24,0,1,0.5,35,45,40,25,35,30,85,95,90,0,1,0.5,0,1,0.5,88.75,96.75,93
CA,41000,32,3,2022,2022-06-02T00:00:00Z,8,12.5,0,1,0.5,10,15,12.5,3,5,4,95,100,97.5,0,1,0.5,0,1,0.5,95.15,100,97.6
CA,41000,33,3,2022,2022-05-31T00:00:00Z,12,28.5,0,1,0.5,15,25,20,0,1,0.5,95,100,97.5,0,1,0.5,1,3,2,95,100,97.5125
CA,41000,34,3,2022,2022-05-30T00:00:00Z,15,54.5,0,1,0.5,65,75,70,35,45,40,65,75,70,5,10,7.5,0,1,0.5,77.25,86.25,82
CA,41000,35,3,2022,2022-05-24T00:00:00Z,11,31.5,0,1,0.5,25,35,30,45,55,50,75,85,80,0,1,0.5,0,1,0.5,86.25,93.25,90
CA,41000,36,3,2022,2022-06-24T00:00:00Z,5,2.5,0,1,0.5,1,3,2,0,1,0.5,95,100,97.5,0,1,0.5,0,1,0.5,95,100,97.5125
CA,41000,37,3,2022,2022-06-24T00:00:00Z,9,27,0,1,0.5,10,15,12.5,0,1,0.5,85,95,90,0,1,0.5,0,1,0.5,85,95.04999999999998,90.05000000000001
CA,41000,38,3,2022,2022-06-02T00:00:00Z,11,83,0,1,0.5,75,85,80,5,10,7.5,85,95,90,0,1,0.5,0,1,0.5,85.75,95.5,90.75
CA,41000,39,3,2022,2022-06-02T00:00:00Z,9,9,0,1,0.5,3,5,4,0,1,0.5,95,100,97.5,0,1,0.5,0,1,0.5,95,100,97.5125
CA,41000,40,3,2022,2022-05-31T00:00:00Z,14,68.5,0,1,0.5,75,85,80,45,55,50,85,95,90,5,10,7.5,0,1,0.5,91.75,97.75,95
CA,41000,41,3,2022,2022-05-30T00:00:00Z,12,39,0,1,0.5,45,55,50,25,35,30,95,100,97.5,0,1,0.5,0,1,0.5,96.24999999999999,100,98.25
CA,41000,42,3,2022,2022-05-24T00:00:00Z,9,10.5,0,1,0.5,5,10,7.5,45,55,50,85,95,90,0,1,0.5,0,1,0.5,91.75,97.75,95
CA,41000,43,3,2022,2022-06-24T00:00:00Z,6,6,0,1,0.5,3,5,4,0,1,0.5,95,100,97.5,0,1,0.5,0,1,0.5,95,100,97.5125
CA,41000,44,3,2022,2022-06-24T00:00:00Z,8,12.5,0,1,0.5,10,15,12.5,0,1,0.5,85,95,90,0,1,0.5,0,1,0.5,85,95.04999999999998,90.05000000000001
CA,41000,45,3,2022,2022-06-02T00:00:00Z,8,7,0,1,0.5,1,3,2,10,15,12.5,95,100,97.5,0,1,0.5,0,1,0.5,95.5,100,97.8125
CA,41000,46,3,2022,2022-06-02T00:00:00Z,10,18,0,1,0.5,25,35,30,5,10,7.5,85,95,90,0,1,0.5,0,1,0.5,85.75,95.5,90.75
CA,41000,47,3,2022,2022-06-01T00:00:00Z,12,15.5,0,1,0.5,10,15,12.5,15,25,20,95,100,97.5,3,5,4,0,1,0.5,95.75,100,98
CA,41000,48,3,2022,2022-05-30T00:00:00Z,10,16,0,1,0.5,5,10,7.5,15,25,20,95,100,97.5,0,1,0.5,1,3,2,95.75,100,98
CA,41000,49,3,2022,2022-05-24T00:00:00Z,10,13.5,0,1,0.5,10,15,12.5,5,10,7.5,85,95,90,0,1,0.5,0,1,0.5,85.75,95.5,90.75
CA,41000,50,3,2022,2022-06-24T00:00:00Z,4,3.5,0,1,0.5,1,3,2,0,1,0.5,95,100,97.5,0,1,0.5,0,1,0.5,95,100,97.5125
CA,41000,51,3,2022,2022-06-24T00:00:00Z,5,2.5,0,1,0.5,1,3,2,0,1,0.5,95,100,97.5,0,1,0.5,0,1,0.5,95,100,97.5125
CA,41000,52,3,2022,2022-06-27T00:00:00Z,13,23,0,1,0.5,25,35,30,15,25,20,95,100,97.5,5,10,7.5,0,1,0.5,95.75,100,98
CA,41000,53,3,2022,2022-06-02T00:00:00Z,10,5,0,1,0.5,1,3,2,5,10,7.5,75,85,80,0,1,0.5,1,3,2,76.25,86.5,81.5
CA,41000,54,3,2022,2022-06-01T00:00:00Z,14,11.5,0,1,0.5,3,5,4,3,5,4,95,100,97.5,0,1,0.5,0,1,0.5,95.15,100,97.6
CA,41000,55,3,2022,2022-05-30T00:00:00Z,10,58.5,0,1,0.5,55,65,60,5,10,7.5,65,75,70,0,1,0.5,0,1,0.5,66.75,77.5,72.24999999999999
CA,41000,56,3,2022,2022-05-24T00:00:00Z,12,9.5,0,1,0.5,5,10,7.5,55,65,60,95,100,97.5,0,1,0.5,0,1,0.5,97.75,100,99
CA,41000,57,3,2022,2022-06-24T00:00:00Z,4,2,0,1,0.5,0,1,0.5,0,1,0.5,95,100,97.5,0,1,0.5,0,1,0.5,95,100,97.5125
CA,41000,58,3,2022,2022-06-24T00:00:00Z,8,16,0,1,0.5,10,15,12.5,0,1,0.5,95,100,97.5,0,1,0.5,0,1,0.5,95,100,97.5125
CA,41000,59,3,2022,2022-06-27T00:00:00Z,5,11,0,1,0.5,5,10,7.5,5,10,7.5,85,95,90,5,10,7.5,0,1,0.5,85.75,95.5,90.75
CA,41000,60,3,2022,2022-06-01T00:00:00Z,10,5,1,3,2,1,3,2,5,10,7.5,95,100,97.5,0,1,0.5,5,10,7.5,95.24999999999999,100,97.6875
CA,41000,61,3,2022,2022-06-01T00:00:00Z,11,13.5,0,1,0.5,5,10,7.5,3,5,4,95,100,97.5,0,1,0.5,0,1,0.5,95.15,100,97.6
CA,41000,62,3,2022,2022-05-30T00:00:00Z,7,75.5,0,1,0.5,75,85,80,65,75,70,45,55,50,0,1,0.5,0,1,0.5,80.75,88.75,85
CA,41000,63,3,2022,2022-05-24T00:00:00Z,7,51,0,1,0.5,45,55,50,45,55,50,85,95,90,0,1,0.5,0,1,0.5,91.75,97.75,95
CA,41000,64,3,2022,2022-06-24T00:00:00Z,4,2,0,1,0.5,0,1,0.5,0,1,0.5,95,100,97.5,0,1,0.5,0,1,0.5,95,100,97.5125
CA,41000,65,3,2022,2022-06-24T00:00:00Z,7,7,0,1,0.5,3,5,4,15,25,20,95,100,97.5,0,1,0.5,0,1,0.5,95.75,100,98
CA,41000,66,3,2022,2022-06-27T00:00:00Z,5,2.5,1,3,2,1,3,2,0,1,0.5,85,95,90,0,1,0.5,0,1,0.5,85,95.04999999999998,90.05000000000001
CA,41000,67,3,2022,2022-06-01T00:00:00Z,12,12.5,0,1,0.5,5,10,7.5,15,25,20,95,100,97.5,0,1,0.5,5,10,7.5,95.75,100,98
CA,41000,68,3,2022,2022-06-01T00:00:00Z,9,30.5,0,1,0.5,15,25,20,65,75,70,75,85,80,0,1,0.5,0,1,0.5,91.25,96.25,94
CA,41000,69,3,2022,2022-05-30T00:00:00Z,10,21.5,0,1,0.5,25,35,30,65,75,70,85,95,90,0,1,0.5,0,1,0.5,94.75,98.75,97
CA,41000,70,3,2022,2022-05-24T00:00:00Z,9,59,0,1,0.5,55,65,60,35,45,40,75,85,80,0,1,0.5,0,1,0.5,83.75,91.75,88
CA,41000,71,3,2022,2022-06-24T00:00:00Z,3,1.5,0,1,0.5,0,1,0.5,0,1,0.5,95,100,97.5,0,1,0.5,0,1,0.5,95,100,97.5125
CA,41000,72,3,2022,2022-06-27T00:00:00Z,10,10,0,1,0.5,5,10,7.5,0,1,0.5,85,95,90,0,1,0.5,0,1,0.5,85,95.04999999999998,90.05000000000001
CA,41000,73,3,2022,2022-06-27T00:00:00Z,11,10,0,1,0.5,3,5,4,45,55,50,75,85,80,0,1,0.5,0,1,0.5,86.25,93.25,90
CA,41000,74,3,2022,2022-06-01T00:00:00Z,11,22.5,0,1,0.5,15,25,20,55,65,60,85,95,90,0,1,0.5,1,3,2,93.25,98.25,96
CA,41000,75,3,2022,2022-06-01T00:00:00Z,11,35,0,1,0.5,35,45,40,55,65,60,65,75,70,0,1,0.5,0,1,0.5,84.25,91.25,88
CA,41000,76,3,2022,2022-05-30T00:00:00Z,11,17,0,1,0.5,15,25,20,75,85,80,85,95,90,0,1,0.5,0,1,0.5,96.25,99.25,98
CA,41000,77,3,2022,2022-05-24T00:00:00Z,7,7,0,1,0.5,3,5,4,55,65,60,95,100,97.5,0,1,0.5,0,1,0.5,97.75,100,99
CA,41000,78,3,2022,2022-06-24T00:00:00Z,2,20.5,0,1,0.5,15,25,20,25,35,30,95,100,97.5,0,1,0.5,0,1,0.5,96.24999999999999,100,98.25
CA,41000,79,3,2022,2022-06-27T00:00:00Z,10,15,0,1,0.5,5,10,7.5,25,35,30,95,100,97.5,0,1,0.5,0,1,0.5,96.24999999999999,100,98.25
CA,41000,80,3,2022,2022-06-30T00:00:00Z,10,14,0,1,0.5,5,10,7.5,85,95,90,85,95,90,0,1,0.5,0,1,0.5,97.75,99.75,99
CA,41000,81,3,2022,2022-06-01T00:00:00Z,10,10,0,1,0.5,5,10,7.5,65,75,70,85,95,90,0,1,0.5,1,3,2,94.75,98.75,97
CA,41000,82,3,2022,2022-06-01T00:00:00Z,8,10,0,1,0.5,5,10,7.5,85,95,90,85,95,90,0,1,0.5,0,1,0.5,97.75,99.75,99
CA,41000,83,3,2022,2022-05-30T00:00:00Z,13,23.5,0,1,0.5,25,35,30,35,45,40,85,95,90,0,1,0.5,0,1,0.5,90.25,97.24999999999999,94
CA,41000,84,3,2022,2022-06-24T00:00:00Z,9,18,0,1,0.5,15,25,20,0,1,0.5,95,100,97.5,0,1,0.5,0,1,0.5,95,100,97.5125
CA,41000,85,3,2022,2022-06-27T00:00:00Z,11,91.5,0,1,0.5,85,95,90,35,45,40,85,95,90,0,1,0.5,0,1,0.5,90.25,97.24999999999999,94
CA,41000,86,3,2022,2022-06-30T00:00:00Z,8,7,0,1,0.5,5,10,7.5,65,75,70,75,85,80,25,35,30,0,1,0.5,91.25,96.25,94
CA,41000,87,3,2022,2022-06-01T00:00:00Z,8,7,0,1,0.5,3,5,4,55,65,60,95,100,97.5,0,1,0.5,0,1,0.5,97.75,100,99
CA,41000,88,3,2022,2022-06-01T00:00:00Z,11,19,0,1,0.5,25,35,30,65,75,70,95,100,97.5,0,1,0.5,0,1,0.5,98.25,100,99.25
CA,41000,89,3,2022,2022-06-24T00:00:00Z,10,42.5,1,3,2,35,45,40,25,35,30,85,95,90,0,1,0.5,0,1,0.5,88.75,96.75,93
CA,41000,90,3,2022,2022-06-27T00:00:00Z,9,27,0,1,0.5,25,35,30,55,65,60,55,65,60,35,45,40,0,1,0.5,79.75000000000001,87.75,84
CA,41000,91,3,2022,2022-06-30T00:00:00Z,9,6,0,1,0.5,1,3,2,65,75,70,75,85,80,0,1,0.5,0,1,0.5,91.25,96.25,94
CA,41000,92,3,2022,2022-06-01T00:00:00Z,10,9.5,0,1,0.5,5,10,7.5,55,65,60,85,95,90,0,1,0.5,0,1,0.5,93.25,98.25,96
CA,41000,93,3,2022,2022-06-24T00:00:00Z,10,57.5,0,1,0.5,55,65,60,25,35,30,65,75,70,0,1,0.5,0,1,0.5,73.75,83.75,79
CA,41000,94,3,2022,2022-06-27T00:00:00Z,9,11,0,1,0.5,5,10,7.5,85,95,90,75,85,80,3,5,4,0,1,0.5,96.25,99.25,98
CA,41000,95,3,2022,2022-06-30T00:00:00Z,9,4.5,0,1,0.5,1,3,2,55,65,60,85,95,90,0,1,0.5,0,1,0.5,93.25,98.25,96
CA,41000,96,3,2022,2022-06-24T00:00:00Z,11,10,0,1,0.5,5,10,7.5,15,25,20,85,95,90,0,1,0.5,0,1,0.5,87.25,96.24999999999999,92
CA,41000,97,3,2022,2022-06-27T00:00:00Z,13,13,0,1,0.5,5,10,7.5,75,85,80,85,95,90,0,1,0.5,0,1,0.5,96.25,99.25,98
CA,41000,98,3,2022,2022-06-24T00:00:00Z,11,11.5,0,1,0.5,5,10,7.5,10,15,12.5,85,95,90,0,1,0.5,0,1,0.5,86.5,95.75,91.25
CA,43000,1,3,2022,2022-05-18T00:00:00Z,12,89.5,0,1,0.5,85,95,90,35,45,40,25,35,30,0,1,0.5,0,1,0.5,51.24999999999999,64.25,58.00000000000001
CA,43000,2,3,2022,2022-05-18T00:00:00Z,11,38,0,1,0.5,55,65,60,10,15,12.5,15,25,20,0,1,0.5,0,1,0.5,23.5,36.25000000000001,29.999999999999993
CA,43000,3,3,2022,2022-05-18T00:00:00Z,17,102.5,0,1,0.5,85,95,90,65,75,70,45,55,50,0,1,0.5,0,1,0.5,80.75,88.75,85
CA,43000,4,3,2022,2022-05-18T00:00:00Z,22,42,0,1,0.5,45,55,50,75,85,80,55,65,60,0,1,0.5,0,1,0.5,88.75,94.75,92
CA,43000,5,3,2022,2022-05-18T00:00:00Z,22,32,1,3,2,55,65,60,65,75,70,75,85,80,3,5,4,0,1,0.5,91.25,96.25,94
CA,43000,6,3,2022,2022-05-18T00:00:00Z,11,34.5,0,1,0.5,35,45,40,45,55,50,95,100,97.5,0,1,0.5,0,1,0.5,97.24999999999999,100,98.75
CA,43000,7,3,2022,2022-05-18T00:00:00Z,11,14,0,1,0.5,15,25,20,35,45,40,85,95,90,0,1,0.5,0,1,0.5,90.25,97.24999999999999,94
CA,43000,8,3,2022,2022-05-18T00:00:00Z,15,59,0,1,0.5,55,65,60,55,65,60,65,75,70,1,3,2,0,1,0.5,84.25,91.25,88
CA,43000,9,3,2022,2022-05-18T00:00:00Z,20,60.5,0,1,0.5,75,85,80,75,85,80,75,85,80,1,3,2,0,1,0.5,93.75,97.75,96
CA,43000,10,3,2022,2022-05-18T00:00:00Z,16,58,0,1,0.5,75,85,80,85,95,90,65,75,70,0,1,0.5,0,1,0.5,94.75,98.75,97
CA,43000,11,3,2022,2022-05-17T00:00:00Z,15,78,0,1,0.5,85,95,90,55,65,60,45,55,50,0,1,0.5,0,1,0.5,75.25,84.25,80
CA,43000,12,3,2022,2022-05-17T00:00:00Z,9,98.5,0,1,0.5,85,95,90,25,35,30,45,55,50,0,1,0.5,0,1,0.5,58.74999999999999,70.75,65
CA,43000,13,3,2022,2022-05-17T00:00:00Z,11,79.5,0,1,0.5,65,75,70,65,75,70,75,85,80,0,1,0.5,0,1,0.5,91.25,96.25,94
CA,43000,14,3,2022,2022-05-17T00:00:00Z,21,67,0,1,0.5,55,65,60,45,55,50,75,85,80,0,1,0.5,0,1,0.5,86.25,93.25,90
CA,43000,15,3,2022,2022-05-17T00:00:00Z,20,23,3,5,4,15,25,20,75,85,80,85,95,90,0,1,0.5,0,1,0.5,96.25,99.25,98
CA,43000,16,3,2022,2022-05-17T00:00:00Z,11,31,0,1,0.5,25,35,30,45,55,50,95,100,97.5,0,1,0.5,0,1,0.5,97.24999999999999,100,98.75
CA,43000,17,3,2022,2022-05-17T00:00:00Z,13,13,0,1,0.5,15,25,20,75,85,80,85,95,90,0,1,0.5,0,1,0.5,96.25,99.25,98
CA,43000,18,3,2022,2022-05-17T00:00:00Z,13,16.5,0,1,0.5,15,25,20,75,85,80,85,95,90,0,1,0.5,0,1,0.5,96.25,99.25,98
CA,43000,19,3,2022,2022-05-17T00:00:00Z,14,38.5,0,1,0.5,45,55,50,85,95,90,75,85,80,0,1,0.5,0,1,0.5,96.25,99.25,98
CA,43000,20,3,2022,2022-05-17T00:00:00Z,8,95,0,1,0.5,85,95,90,45,55,50,65,75,70,0,1,0.5,0,1,0.5,80.75,88.75,85
CA,43000,21,3,2022,2022-05-16T00:00:00Z,14,40,1,3,2,45,55,50,55,65,60,85,95,90,0,1,0.5,0,1,0.5,93.25,98.25,96
CA,43000,22,3,2022,2022-05-16T00:00:00Z,11,88,0,1,0.5,75,85,80,75,85,80,65,75,70,0,1,0.5,0,1,0.5,91.25,96.25,94
CA,43000,23,3,2022,2022-05-16T00:00:00Z,11,98,0,1,0.5,85,95,90,65,75,70,65,75,70,0,1,0.5,0,1,0.5,87.75,93.75,90.99999999999999
CA,43000,24,3,2022,2022-05-16T00:00:00Z,14,48,1,3,2,35,45,40,55,65,60,85,95,90,0,1,0.5,0,1,0.5,93.25,98.25,96
CA,43000,25,3,2022,2022-05-16T00:00:00Z,13,62,1,3,2,65,75,70,45,55,50,75,85,80,3,5,4,0,1,0.5,86.25,93.25,90
CA,43000,26,3,2022,2022-05-16T00:00:00Z,13,90.5,0,1,0.5,75,85,80,35,45,40,85,95,90,0,1,0.5,0,1,0.5,90.25,97.24999999999999,94
CA,43000,27,3,2022,2022-05-16T00:00:00Z,11,61,0,1,0.5,55,65,60,85,95,90,55,65,60,0,1,0.5,0,1,0.5,93.25,98.25,96
CA,43000,28,3,2022,2022-05-16T00:00:00Z,8,11.5,0,1,0.5,10,15,12.5,85,95,90,0,1,0.5,0,1,0.5,0,1,0.5,85,95.04999999999998,90.05000000000001
CA,43000,29,3,2022,2022-05-16T00:00:00Z,17,43.5,0,1,0.5,65,75,70,85,95,90,5,10,7.5,0,1,0.5,0,1,0.5,85.75,95.5,90.75
CA,43000,30,3,2022,2022-05-16T00:00:00Z,12,31,0,1,0.5,25,35,30,25,35,30,75,85,80,0,1,0.5,0,1,0.5,81.25,90.25,86.00000000000001
CA,43000,31,3,2022,2022-05-13T00:00:00Z,11,49.5,0,1,0.5,55,65,60,55,65,60,85,95,90,0,1,0.5,0,1,0.5,93.25,98.25,96
CA,43000,32,3,2022,2022-05-13T00:00:00Z,9,103,0,1,0.5,95,100,97.5,45,55,50,65,75,70,0,1,0.5,0,1,0.5,80.75,88.75,85
CA,43000,33,3,2022,2022-05-13T00:00:00Z,13,99.5,0,1,0.5,85,95,90,75,85,80,65,75,70,0,1,0.5,0,1,0.5,91.25,96.25,94
CA,43000,34,3,2022,2022-05-13T00:00:00Z,12,16,0,1,0.5,1,3,2,45,55,50,85,95,90,0,1,0.5,0,1,0.5,91.75,97.75,95
CA,43000,35,3,2022,2022-05-13T00:00:00Z,12,33,5,10,7.5,35,45,40,35,45,40,95,100,97.5,0,1,0.5,0,1,0.5,96.75,100,98.5
CA,43000,36,3,2022,2022-05-13T00:00:00Z,12,63,1,3,2,55,65,60,55,65,60,75,85,80,0,1,0.5,0,1,0.5,88.75,94.75,92
CA,43000,37,3,2022,2022-05-13T00:00:00Z,24,45.5,1,3,2,45,55,50,75,85,80,15,25,20,0,1,0.5,0,1,0.5,78.75,88.75,84.00000000000001
CA,43000,38,3,2022,2022-05-13T00:00:00Z,20,50,1,3,2,55,65,60,85,95,90,5,10,7.5,0,1,0.5,0,1,0.5,85.75,95.5,90.75
CA,43000,39,3,2022,2022-05-13T00:00:00Z,12,62.5,0,1,0.5,65,75,70,55,65,60,75,85,80,0,1,0.5,0,1,0.5,88.75,94.75,92
CA,43000,40,3,2022,2022-05-13T00:00:00Z,12,24,1,3,2,25,35,30,5,10,7.5,85,95,90,0,1,0.5,0,1,0.5,85.75,95.5,90.75
CA,43000,41,3,2022,2022-05-11T00:00:00Z,12,29.5,0,1,0.5,35,45,40,55,65,60,85,95,90,0,1,0.5,0,1,0.5,93.25,98.25,96
CA,43000,42,3,2022,2022-05-11T00:00:00Z,13,71,0,1,0.5,65,75,70,55,65,60,85,95,90,0,1,0.5,0,1,0.5,93.25,98.25,96
CA,43000,43,3,2022,2022-05-11T00:00:00Z,10,67.5,0,1,0.5,55,65,60,85,95,90,85,95,90,0,1,0.5,0,1,0.5,97.75,99.75,99
CA,43000,44,3,2022,2022-05-11T00:00:00Z,15,68.5,0,1,0.5,55,65,60,85,95,90,85,95,90,1,3,2,0,1,0.5,97.75,99.75,99
CA,43000,45,3,2022,2022-05-11T00:00:00Z,18,28,1,3,2,15,25,20,45,55,50,85,95,90,3,5,4,0,1,0.5,91.75,97.75,95
CA,43000,46,3,2022,2022-05-11T00:00:00Z,17,82.5,1,3,2,65,75,70,65,75,70,75,85,80,0,1,0.5,0,1,0.5,91.25,96.25,94
CA,43000,47,3,2022,2022-05-11T00:00:00Z,24,47.5,3,5,4,45,55,50,75,85,80,35,45,40,0,1,0.5,0,1,0.5,83.75,91.75,88
CA,43000,48,3,2022,2022-05-11T00:00:00Z,18,100,0,1,0.5,75,85,80,45,55,50,15,25,20,0,1,0.5,0,1,0.5,53.25,66.25000000000001,60
CA,43000,49,3,2022,2022-05-11T00:00:00Z,15,39,0,1,0.5,25,35,30,55,65,60,45,55,50,0,1,0.5,0,1,0.5,75.25,84.25,80
CA,43000,50,3,2022,2022-05-11T00:00:00Z,9,6,3,5,4,1,3,2,0,1,0.5,95,100,97.5,0,1,0.5,0,1,0.5,95,100,97.5125
CA,71000,1,3,2023,2023-06-05T00:00:00Z,5,4,0,1,0.5,1,3,2,0,1,0.5,85,95,90,0,1,0.5,0,1,0.5,85,95.04999999999998,90.05000000000001
CA,71000,2,3,2023,2023-06-05T00:00:00Z,8,55,0,1,0.5,45,55,50,0,1,0.5,85,95,90,0,1,0.5,0,1,0.5,85,95.04999999999998,90.05000000000001
CA,71000,3,3,2023,2023-06-05T00:00:00Z,9,34,0,1,0.5,25,35,30,0,1,0.5,85,95,90,0,1,0.5,0,1,0.5,85,95.04999999999998,90.05000000000001
CA,71000,4,3,2023,2023-06-05T00:00:00Z,6,10,0,1,0.5,5,10,7.5,0,1,0.5,95,100,97.5,0,1,0.5,0,1,0.5,95,100,97.5125
CA,71000,5,3,2023,2023-06-05T00:00:00Z,4,2,0,1,0.5,0,1,0.5,0,1,0.5,95,100,97.5,0,1,0.5,0,1,0.5,95,100,97.5125
CA,71000,6,3,2023,2023-06-05T00:00:00Z,5,4,0,1,0.5,1,3,2,0,1,0.5,95,100,97.5,0,1,0.5,0,1,0.5,95,100,97.5125
CA,71000,7,3,2023,2023-06-05T00:00:00Z,3,3,0,1,0.5,1,3,2,0,1,0.5,95,100,97.5,0,1,0.5,1,3,2,95,100,97.5125
CA,71000,8,3,2023,2023-06-05T00:00:00Z,2,1,0,1,0.5,0,1,0.5,0,1,0.5,85,95,90,0,1,0.5,0,1,0.5,85,95.04999999999998,90.05000000000001
CA,71000,9,3,2023,2023-06-05T00:00:00Z,5,52,0,1,0.5,45,55,50,1,3,2,75,85,80,0,1,0.5,0,1,0.5,75.25,85.45,80.4
CA,71000,10,3,2023,2023-06-05T00:00:00Z,6,72.5,0,1,0.5,75,85,80,3,5,4,75,85,80,0,1,0.5,0,1,0.5,75.75,85.75,80.80000000000001
CA,71000,11,3,2023,2023-06-05T00:00:00Z,6,32.5,0,1,0.5,25,35,30,0,1,0.5,85,95,90,0,1,0.5,1,3,2,85,95.04999999999998,90.05000000000001
CA,71000,12,3,2023,2023-06-05T00:00:00Z,5,4,0,1,0.5,1,3,2,0,1,0.5,85,95,90,0,1,0.5,0,1,0.5,85,95.04999999999998,90.05000000000001
CA,71000,13,3,2023,2023-06-05T00:00:00Z,5,4,0,1,0.5,1,3,2,0,1,0.5,85,95,90,0,1,0.5,0,1,0.5,85,95.04999999999998,90.05000000000001
CA,71000,14,3,2023,2023-06-05T00:00:00Z,5,6,0,1,0.5,3,5,4,0,1,0.5,85,95,90,0,1,0.5,0,1,0.5,85,95.04999999999998,90.05000000000001
CA,71000,15,3,2023,2023-06-05T00:00:00Z,7,3.5,0,1,0.5,0,1,0.5,3,5,4,95,100,97.5,0,1,0.5,0,1,0.5,95.15,100,97.6
CA,71000,16,3,2023,2023-06-05T00:00:00Z,6,4.5,0,1,0.5,0,1,0.5,0,1,0.5,95,100,97.5,0,1,0.5,0,1,0.5,95,100,97.5125
CA,71000,17,3,2023,2023-06-05T00:00:00Z,5,14.5,0,1,0.5,10,15,12.5,1,3,2,85,95,90,0,1,0.5,1,3,2,85.14999999999999,95.15,90.2
CA,71000,18,3,2023,2023-06-05T00:00:00Z,7,74.5,0,1,0.5,65,75,70,1,3,2,95,100,97.5,0,1,0.5,1,3,2,95.04999999999998,100,97.55
CA,71000,19,3,2023,2023-06-05T00:00:00Z,6,15,0,1,0.5,10,15,12.5,0,1,0.5,85,95,90,0,1,0.5,1,3,2,85,95.04999999999998,90.05000000000001
CA,71000,20,3,2023,2023-06-05T00:00:00Z,4,2,1,3,2,0,1,0.5,0,1,0.5,85,95,90,0,1,0.5,1,3,2,85,95.04999999999998,90.05000000000001
CA,71000,21,3,2023,2023-06-05T00:00:00Z,4,3.5,0,1,0.5,1,3,2,0,1,0.5,85,95,90,0,1,0.5,1,3,2,85,95.04999999999998,90.05000000000001
CA,71000,22,3,2023,2023-06-06T00:00:00Z,4,2,0,1,0.5,0,1,0.5,0,1,0.5,85,95,90,0,1,0.5,1,3,2,85,95.04999999999998,90.05000000000001
CA,71000,23,3,2023,2023-06-06T00:00:00Z,5,2.5,0,1,0.5,0,1,0.5,1,3,2,85,95,90,0,1,0.5,1,3,2,85.14999999999999,95.15,90.2
CA,71000,24,3,2023,2023-06-06T00:00:00Z,7,6.5,0,1,0.5,3,5,4,0,1,0.5,85,95,90,0,1,0.5,1,3,2,85,95.04999999999998,90.05000000000001
CA,71000,25,3,2023,2023-06-06T00:00:00Z,8,16,1,3,2,10,15,12.5,1,3,2,85,95,90,0,1,0.5,0,1,0.5,85.14999999999999,95.15,90.2
CA,71000,26,3,2023,2023-06-06T00:00:00Z,8,25,0,1,0.5,15,25,20,1,3,2,85,95,90,0,1,0.5,3,5,4,85.14999999999999,95.15,90.2
CA,71000,27,3,2023,2023-06-06T00:00:00Z,6,3,1,3,2,0,1,0.5,0,1,0.5,85,95,90,0,1,0.5,1,3,2,85,95.04999999999998,90.05000000000001
CA,71000,28,3,2023,2023-06-06T00:00:00Z,4,3.5,0,1,0.5,1,3,2,0,1,0.5,85,95,90,0,1,0.5,1,3,2,85,95.04999999999998,90.05000000000001
CA,71000,29,3,2023,2023-06-06T00:00:00Z,5,2.5,1,3,2,0,1,0.5,0,1,0.5,85,95,90,0,1,0.5,1,3,2,85,95.04999999999998,90.05000000000001
CA,71000,30,3,2023,2023-06-06T00:00:00Z,6,4.5,0,1,0.5,1,3,2,0,1,0.5,85,95,90,0,1,0.5,0,1,0.5,85,95.04999999999998,90.05000000000001
CA,71000,31,3,2023,2023-06-06T00:00:00Z,8,9,1,3,2,3,5,4,3,5,4,85,95,90,0,1,0.5,0,1,0.5,85.45,95.24999999999999,90.4
CA,71000,32,3,2023,2023-06-06T00:00:00Z,10,39.5,0,1,0.5,25,35,30,0,1,0.5,85,95,90,0,1,0.5,0,1,0.5,85,95.04999999999998,90.05000000000001
CA,71000,33,3,2023,2023-06-06T00:00:00Z,9,25.5,0,1,0.5,15,25,20,0,1,0.5,85,95,90,0,1,0.5,1,3,2,85,95.04999999999998,90.05000000000001
CA,71000,34,3,2023,2023-06-06T00:00:00Z,7,7,0,1,0.5,3,5,4,1,3,2,85,95,90,0,1,0.5,5,10,7.5,85.14999999999999,95.15,90.2
CA,71000,35,3,2023,2023-06-06T00:00:00Z,7,5,0,1,0.5,1,3,2,0,1,0.5,85,95,90,0,1,0.5,5,10,7.5,85,95.04999999999998,90.05000000000001
CA,71000,36,3,2023,2023-06-06T00:00:00Z,5,7.5,0,1,0.5,3,5,4,0,1,0.5,55,65,60,0,1,0.5,0,1,0.5,55.00000000000001,65.35,60.199999999999996
CA,71000,37,3,2023,2023-06-06T00:00:00Z,8,16,0,1,0.5,10,15,12.5,0,1,0.5,65,75,70,0,1,0.5,0,1,0.5,65,75.25,70.15
CA,71000,38,3,2023,2023-06-06T00:00:00Z,10,31.5,0,1,0.5,35,45,40,3,5,4,65,75,70,0,1,0.5,0,1,0.5,66.05000000000001,76.25,71.2
CA,71000,39,3,2023,2023-06-06T00:00:00Z,8,10.5,0,1,0.5,1,3,2,0,1,0.5,85,95,90,0,1,0.5,1,3,2,85,95.04999999999998,90.05000000000001
CA,71000,40,3,2023,2023-06-06T00:00:00Z,7,6.5,0,1,0.5,3,5,4,0,1,0.5,75,85,80,0,1,0.5,0,1,0.5,75,85.14999999999999,80.10000000000001
CA,71000,41,3,2023,2023-06-06T00:00:00Z,9,37.5,0,1,0.5,25,35,30,0,1,0.5,75,85,80,0,1,0.5,0,1,0.5,75,85.14999999999999,80.10000000000001
CA,71000,42,3,2023,2023-06-06T00:00:00Z,7,10,0,1,0.5,3,5,4,0,1,0.5,85,95,90,0,1,0.5,1,3,2,85,95.04999999999998,90.05000000000001
CA,71000,43,3,2023,2023-06-06T00:00:00Z,8,21,0,1,0.5,15,25,20,0,1,0.5,65,75,70,0,1,0.5,0,1,0.5,65,75.25,70.15
CA,71000,44,3,2023,2023-06-06T00:00:00Z,7,12,1,3,2,5,10,7.5,0,1,0.5,75,85,80,0,1,0.5,0,1,0.5,75,85.14999999999999,80.10000000000001
CA,71000,45,3,2023,2023-06-06T00:00:00Z,8,9,1,3,2,5,10,7.5,0,1,0.5,65,75,70,0,1,0.5,0,1,0.5,65,75.25,70.15
CA,71000,46,3,2023,2023-06-06T00:00:00Z,8,11,0,1,0.5,10,15,12.5,0,1,0.5,85,95,90,0,1,0.5,0,1,0.5,85,95.04999999999998,90.05000000000001
CA,71000,47,3,2023,2023-06-06T00:00:00Z,6,13.5,0,1,0.5,5,10,7.5,0,1,0.5,95,100,97.5,0,1,0.5,0,1,0.5,95,100,97.5125
CA,71000,48,3,2023,2023-06-06T00:00:00Z,7,17,0,1,0.5,10,15,12.5,1,3,2,95,100,97.5,0,1,0.5,0,1,0.5,95.04999999999998,100,97.55
CA,71000,49,3,2023,2023-06-06T00:00:00Z,7,38,0,1,0.5,35,45,40,0,1,0.5,85,95,90,0,1,0.5,0,1,0.5,85,95.04999999999998,90.05000000000001
CA,71000,50,3,2023,2023-06-08T00:00:00Z,8,46.5,1,3,2,35,45,40,0,1,0.5,85,95,90,0,1,0.5,0,1,0.5,85,95.04999999999998,90.05000000000001
CA,71000,51,3,2023,2023-06-08T00:00:00Z,8,46.5,1,3,2,35,45,40,25,35,30,85,95,90,0,1,0.5,0,1,0.5,88.75,96.75,93
CA,71000,52,3,2023,2023-06-08T00:00:00Z,8,14.5,0,1,0.5,10,15,12.5,5,10,7.5,85,95,90,0,1,0.5,0,1,0.5,85.75,95.5,90.75
CA,71000,53,3,2023,2023-06-08T00:00:00Z,4,7,0,1,0.5,5,10,7.5,1,3,2,85,95,90,0,1,0.5,0,1,0.5,85.14999999999999,95.15,90.2
CA,71000,54,3,2023,2023-06-08T00:00:00Z,4,2,0,1,0.5,0,1,0.5,0,1,0.5,85,95,90,0,1,0.5,0,1,0.5,85,95.04999999999998,90.05000000000001
CA,71000,55,3,2023,2023-06-08T00:00:00Z,6,3,0,1,0.5,0,1,0.5,0,1,0.5,85,95,90,0,1,0.5,0,1,0.5,85,95.04999999999998,90.05000000000001
CA,71000,56,3,2023,2023-06-08T00:00:00Z,8,17.5,0,1,0.5,10,15,12.5,1,3,2,85,95,90,0,1,0.5,0,1,0.5,85.14999999999999,95.15,90.2
CA,71000,57,3,2023,2023-06-08T00:00:00Z,7,10.5,1,3,2,5,10,7.5,3,5,4,85,95,90,0,1,0.5,0,1,0.5,85.45,95.24999999999999,90.4
CA,71000,58,3,2023,2023-06-08T00:00:00Z,8,27.5,0,1,0.5,10,15,12.5,5,10,7.5,85,95,90,0,1,0.5,0,1,0.5,85.75,95.5,90.75
CA,71000,59,3,2023,2023-06-08T00:00:00Z,5,24.5,1,3,2,15,25,20,5,10,7.5,85,95,90,0,1,0.5,0,1,0.5,85.75,95.5,90.75
CA,71000,60,3,2023,2023-06-08T00:00:00Z,5,12.5,1,3,2,5,10,7.5,0,1,0.5,85,95,90,0,1,0.5,0,1,0.5,85,95.04999999999998,90.05000000000001
CA,71000,61,3,2023,2023-06-08T00:00:00Z,4,3.5,0,1,0.5,1,3,2,1,3,2,95,100,97.5,0,1,0.5,5,10,7.5,95.04999999999998,100,97.55
CA,71000,62,3,2023,2023-06-08T00:00:00Z,5,13,0,1,0.5,15,25,20,1,3,2,85,95,90,0,1,0.5,0,1,0.5,85.14999999999999,95.15,90.2
CA,71000,63,3,2023,2023-06-08T00:00:00Z,9,45.5,0,1,0.5,0,1,0.5,0,1,0.5,85,95,90,0,1,0.5,0,1,0.5,85,95.04999999999998,90.05000000000001
CA,71000,64,3,2023,2023-06-08T00:00:00Z,7,8.5,0,1,0.5,3,5,4,25,35,30,85,95,90,0,1,0.5,0,1,0.5,88.75,96.75,93
CA,71000,65,3,2023,2023-06-08T00:00:00Z,6,31,0,1,0.5,25,35,30,3,5,4,55,65,60,0,1,0.5,0,1,0.5,56.35000000000001,66.75,61.6
CA,71000,66,3,2023,2023-06-08T00:00:00Z,4,94,0,1,0.5,85,95,90,5,10,7.5,35,45,40,0,1,0.5,0,1,0.5,38.25000000000001,50.499999999999986,44.49999999999999
CA,71000,67,3,2023,2023-06-08T00:00:00Z,6,93.5,0,1,0.5,75,85,80,3,5,4,25,35,30,0,1,0.5,0,1,0.5,27.249999999999996,38.25000000000001,32.800000000000004
CA,71000,68,3,2023,2023-06-08T00:00:00Z,6,54,0,1,0.5,45,55,50,0,1,0.5,85,95,90,0,1,0.5,0,1,0.5,85,95.04999999999998,90.05000000000001
CA,71000,69,3,2023,2023-06-08T00:00:00Z,5,63.5,0,1,0.5,55,65,60,0,1,0.5,85,95,90,0,1,0.5,3,5,4,85,95.04999999999998,90.05000000000001
CA,71000,70,3,2023,2023-06-08T00:00:00Z,6,73.5,0,1,0.5,75,85,80,1,3,2,85,95,90,0,1,0.5,1,3,2,85.14999999999999,95.15,90.2
CA,71000,71,3,2023,2023-06-08T00:00:00Z,8,38.5,0,1,0.5,35,45,40,10,15,12.5,85,95,90,0,1,0.5,0,1,0.5,86.5,95.75,91.25
CA,71000,72,3,2023,2023-06-08T00:00:00Z,5,20,0,1,0.5,25,35,30,5,10,7.5,65,75,70,0,1,0.5,3,5,4,66.75,77.5,72.24999999999999
CA,71000,73,3,2023,2023-06-08T00:00:00Z,4,64,0,1,0.5,55,65,60,1,3,2,65,75,70,0,1,0.5,1,3,2,65.35,75.75,70.6
CA,71000,74,3,2023,2023-06-08T00:00:00Z,4,65,0,1,0.5,65,75,70,5,10,7.5,65,75,70,0,1,0.5,0,1,0.5,66.75,77.5,72.24999999999999
CA,71000,75,3,2023,2023-06-08T00:00:00Z,4,83,0,1,0.5,75,85,80,0,1,0.5,75,85,80,0,1,0.5,0,1,0.5,75,85.14999999999999,80.10000000000001
CA,71000,76,3,2023,2023-06-08T00:00:00Z,8,28,0,1,0.5,25,35,30,0,1,0.5,85,95,90,0,1,0.5,0,1,0.5,85,95.04999999999998,90.05000000000001
CA,71000,77,3,2023,2023-06-08T00:00:00Z,8,28.5,0,1,0.5,25,35,30,1,3,2,85,95,90,0,1,0.5,1,3,2,85.14999999999999,95.15,90.2
CA,71000,78,3,2023,2023-06-09T00:00:00Z,7,41.5,0,1,0.5,25,35,30,5,10,7.5,85,95,90,0,1,0.5,5,10,7.5,85.75,95.5,90.75
CA,71000,79,3,2023,2023-06-09T00:00:00Z,5,57,0,1,0.5,55,65,60,5,10,7.5,85,95,90,0,1,0.5,1,3,2,85.75,95.5,90.75
CA,71000,80,3,2023,2023-06-09T00:00:00Z,4,61.5,0,1,0.5,55,65,60,5,10,7.5,75,85,80,0,1,0.5,3,5,4,76.25,86.5,81.5
CA,71000,81,3,2023,2023-06-09T00:00:00Z,5,57,0,1,0.5,65,75,70,5,10,7.5,75,85,80,0,1,0.5,0,1,0.5,76.25,86.5,81.5
CA,71000,82,3,2023,2023-06-09T00:00:00Z,4,43,0,1,0.5,35,45,40,55,65,60,85,95,90,0,1,0.5,0,1,0.5,93.25,98.25,96
CA,71000,83,3,2023,2023-06-09T00:00:00Z,7,64,0,1,0.5,65,75,70,5,10,7.5,65,75,70,0,1,0.5,0,1,0.5,66.75,77.5,72.24999999999999
CA,71000,84,3,2023,2023-06-09T00:00:00Z,8,28,1,3,2,25,35,30,0,1,0.5,85,95,90,0,1,0.5,0,1,0.5,85,95.04999999999998,90.05000000000001
CA,71000,85,3,2023,2023-06-09T00:00:00Z,9,60.5,0,1,0.5,45,55,50,1,3,2,95,100,97.5,0,1,0.5,0,1,0.5,95.04999999999998,100,97.55
CA,71000,86,3,2023,2023-06-09T00:00:00Z,5,67,0,1,0.5,55,65,60,5,10,7.5,85,95,90,0,1,0.5,0,1,0.5,85.75,95.5,90.75
CA,71000,87,3,2023,2023-06-09T00:00:00Z,4,72.5,0,1,0.5,75,85,80,0,1,0.5,85,95,90,0,1,0.5,0,1,0.5,85,95.04999999999998,90.05000000000001
CA,71000,88,3,2023,2023-06-09T00:00:00Z,5,55,1,3,2,65,75,70,3,5,4,85,95,90,0,1,0.5,0,1,0.5,85.45,95.24999999999999,90.4
CA,71000,89,3,2023,2023-06-09T00:00:00Z,6,60.5,0,1,0.5,55,65,60,1,3,2,75,85,80,0,1,0.5,0,1,0.5,75.25,85.45,80.4
CA,71000,90,3,2023,2023-06-09T00:00:00Z,4,76.5,1,3,2,75,85,80,5,10,7.5,25,35,30,0,1,0.5,0,1,0.5,28.750000000000007,41.49999999999999,35.25
CA,71000,91,3,2023,2023-06-09T00:00:00Z,10,36.5,0,1,0.5,25,35,30,0,1,0.5,95,100,97.5,0,1,0.5,5,10,7.5,95,100,97.5125
CA,71000,92,3,2023,2023-06-09T00:00:00Z,9,33.5,0,1,0.5,35,45,40,15,25,20,85,95,90,0,1,0.5,0,1,0.5,87.25,96.24999999999999,92
CA,71000,93,3,2023,2023-06-09T00:00:00Z,10,52.5,0,1,0.5,45,55,50,10,15,12.5,85,95,90,0,1,0.5,0,1,0.5,86.5,95.75,91.25
CA,71000,94,3,2023,2023-06-09T00:00:00Z,8,35.5,0,1,0.5,45,55,50,5,10,7.5,85,95,90,0,1,0.5,10,15,12.5,85.75,95.5,90.75
CA,71000,95,3,2023,2023-06-09T00:00:00Z,6,79.5,0,1,0.5,75,85,80,3,5,4,85,95,90,0,1,0.5,0,1,0.5,85.45,95.24999999999999,90.4
CA,71000,96,3,2023,2023-06-09T00:00:00Z,4,41.5,1,3,2,45,55,50,5,10,7.5,95,100,97.5,0,1,0.5,0,1,0.5,95.24999999999999,100,97.6875
CA,71000,97,3,2023,2023-06-09T00:00:00Z,9,75.5,0,1,0.5,75,85,80,0,1,0.5,85,95,90,0,1,0.5,0,1,0.5,85,95.04999999999998,90.05000000000001
CA,71000,98,3,2023,2023-06-09T00:00:00Z,19,78.5,0,1,0.5,75,85,80,0,1,0.5,85,95,90,0,1,0.5,0,1,0.5,85,95.04999999999998,90.05000000000001
CA,81000,1,3,2023,2023-05-23T00:00:00Z,11,33.5,0,1,0.5,10,15,12.5,65,75,70,65,75,70,0,1,0.5,1,3,2,87.75,93.75,90.99999999999999
CA,81000,2,3,2023,2023-05-23T00:00:00Z,7,40,0,1,0.5,15,25,20,95,100,97.5,85,95,90,0,1,0.5,15,25,20,99.25,100,99.75
CA,81000,3,3,2023,2023-05-24T00:00:00Z,14,21.5,1,3,2,25,35,30,25,35,30,85,95,90,0,1,0.5,35,45,40,88.75,96.75,93
CA,81000,4,3,2023,2023-05-24T00:00:00Z,14,40.5,0,1,0.5,65,75,70,35,45,40,85,95,90,0,1,0.5,1,3,2,90.25,97.24999999999999,94
CA,81000,5,3,2023,2023-05-25T00:00:00Z,19,63.5,0,1,0.5,65,75,70,45,55,50,85,95,90,0,1,0.5,0,1,0.5,91.75,97.75,95
CA,81000,6,3,2023,2023-05-25T00:00:00Z,13,66.5,0,1,0.5,75,85,80,45,55,50,65,75,70,0,1,0.5,0,1,0.5,80.75,88.75,85
CA,81000,7,3,2023,2023-05-26T00:00:00Z,13,111,0,1,0.5,85,95,90,25,35,30,45,55,50,0,1,0.5,0,1,0.5,58.74999999999999,70.75,65
CA,81000,8,3,2023,2023-05-26T00:00:00Z,17,107,0,1,0.5,95,100,97.5,3,5,4,95,100,97.5,0,1,0.5,1,3,2,95.15,100,97.6
CA,81000,9,3,2023,2023-05-30T00:00:00Z,16,41,0,1,0.5,35,45,40,35,45,40,85,95,90,0,1,0.5,15,25,20,90.25,97.24999999999999,94
CA,81000,10,3,2023,2023-05-30T00:00:00Z,14,34,0,1,0.5,15,25,20,55,65,60,85,95,90,0,1,0.5,45,55,50,93.25,98.25,96
CA,81000,11,3,2023,2023-05-31T00:00:00Z,17,46,0,1,0.5,55,65,60,3,5,4,85,95,90,0,1,0.5,1,3,2,85.45,95.24999999999999,90.4
CA,81000,12,3,2023,2023-05-31T00:00:00Z,16,48,0,1,0.5,55,65,60,5,10,7.5,85,95,90,0,1,0.5,0,1,0.5,85.75,95.5,90.75
CA,81000,13,3,2023,2023-06-02T00:00:00Z,11,57.5,0,1,0.5,75,85,80,15,25,20,85,95,90,0,1,0.5,0,1,0.5,87.25,96.24999999999999,92
CA,81000,14,3,2023,2023-06-02T00:00:00Z,13,54.5,0,1,0.5,45,55,50,65,75,70,95,100,97.5,0,1,0.5,5,10,7.5,98.25,100,99.25
CA,81000,15,3,2023,2023-05-23T00:00:00Z,14,20.5,0,1,0.5,5,10,7.5,75,85,80,35,45,40,0,1,0.5,15,25,20,83.75,91.75,88
CA,81000,16,3,2023,2023-05-23T00:00:00Z,12,16.5,0,1,0.5,5,10,7.5,95,100,97.5,75,85,80,0,1,0.5,45,55,50,98.75,100,99.5
CA,81000,17,3,2023,2023-05-24T00:00:00Z,20,47,0,1,0.5,55,65,60,15,25,20,85,95,90,0,1,0.5,10,15,12.5,87.25,96.24999999999999,92
CA,81000,18,3,2023,2023-05-24T00:00:00Z,18,81.5,0,1,0.5,65,75,70,15,25,20,85,95,90,0,1,0.5,0,1,0.5,87.25,96.24999999999999,92
CA,81000,19,3,2023,2023-05-25T00:00:00Z,19,63.5,0,1,0.5,75,85,80,10,15,12.5,75,85,80,0,1,0.5,1,3,2,77.5,87.25,82.5
CA,81000,20,3,2023,2023-05-25T00:00:00Z,18,72.5,0,1,0.5,65,75,70,45,55,50,45,55,50,0,1,0.5,3,5,4,69.75,79.75000000000001,75
CA,81000,21,3,2023,2023-05-26T00:00:00Z,20,99.5,1,3,2,75,85,80,55,65,60,65,75,70,0,1,0.5,1,3,2,84.25,91.25,88
CA,81000,22,3,2023,2023-05-26T00:00:00Z,15,80,0,1,0.5,85,95,90,85,95,90,85,95,90,0,1,0.5,0,1,0.5,97.75,99.75,99
CA,81000,23,3,2023,2023-05-30T00:00:00Z,14,24,0,1,0.5,25,35,30,45,55,50,85,95,90,0,1,0.5,15,25,20,91.75,97.75,95
CA,81000,24,3,2023,2023-05-30T00:00:00Z,16,40,0,1,0.5,55,65,60,10,15,12.5,85,95,90,0,1,0.5,15,25,20,86.5,95.75,91.25
CA,81000,25,3,2023,2023-05-31T00:00:00Z,15,38.5,0,1,0.5,35,45,40,10,15,12.5,85,95,90,0,1,0.5,3,5,4,86.5,95.75,91.25
CA,81000,26,3,2023,2023-05-31T00:00:00Z,16,62.5,0,1,0.5,65,75,70,1,3,2,85,95,90,0,1,0.5,1,3,2,85.14999999999999,95.15,90.2
CA,81000,27,3,2023,2023-06-02T00:00:00Z,15,55,0,1,0.5,65,75,70,3,5,4,95,100,97.5,0,1,0.5,0,1,0.5,95.15,100,97.6
CA,81000,28,3,2023,2023-06-02T00:00:00Z,12,45,0,1,0.5,45,55,50,5,10,7.5,95,100,97.5,0,1,0.5,1,3,2,95.24999999999999,100,97.6875
CA,81000,29,3,2023,2023-05-23T00:00:00Z,20,16,0,1,0.5,5,10,7.5,35,45,40,85,95,90,0,1,0.5,75,85,80,90.25,97.24999999999999,94
CA,81000,30,3,2023,2023-05-23T00:00:00Z,18,28,0,1,0.5,15,25,20,15,25,20,95,100,97.5,0,1,0.5,55,65,60,95.75,100,98
CA,81000,31,3,2023,2023-05-24T00:00:00Z,20,52.5,0,1,0.5,65,75,70,3,5,4,85,95,90,0,1,0.5,5,10,7.5,85.45,95.24999999999999,90.4
CA,81000,32,3,2023,2023-05-24T00:00:00Z,17,76,0,1,0.5,75,85,80,25,35,30,85,95,90,0,1,0.5,0,1,0.5,88.75,96.75,93
CA,81000,33,3,2023,2023-05-25T00:00:00Z,17,106.5,0,1,0.5,75,85,80,15,25,20,65,75,70,0,1,0.5,0,1,0.5,70.25,81.25,76
CA,81000,34,3,2023,2023-05-25T00:00:00Z,15,97,0,1,0.5,65,75,70,45,55,50,75,85,80,0,1,0.5,0,1,0.5,86.25,93.25,90
CA,81000,35,3,2023,2023-05-26T00:00:00Z,11,138,0,1,0.5,65,75,70,65,75,70,85,95,90,0,1,0.5,0,1,0.5,94.75,98.75,97
CA,81000,36,3,2023,2023-05-26T00:00:00Z,15,71,0,1,0.5,75,85,80,45,55,50,85,95,90,0,1,0.5,1,3,2,91.75,97.75,95
CA,81000,37,3,2023,2023-05-30T00:00:00Z,19,69,0,1,0.5,55,65,60,10,15,12.5,85,95,90,0,1,0.5,0,1,0.5,86.5,95.75,91.25
CA,81000,38,3,2023,2023-05-30T00:00:00Z,16,24,0,1,0.5,25,35,30,0,1,0.5,95,100,97.5,0,1,0.5,15,25,20,95,100,97.5125
CA,81000,39,3,2023,2023-05-31T00:00:00Z,14,28.5,0,1,0.5,15,25,20,10,15,12.5,85,95,90,0,1,0.5,3,5,4,86.5,95.75,91.25
CA,81000,40,3,2023,2023-05-31T00:00:00Z,15,58,0,1,0.5,55,65,60,15,25,20,85,95,90,0,1,0.5,1,3,2,87.25,96.24999999999999,92
CA,81000,41,3,2023,2023-06-02T00:00:00Z,13,24.5,1,3,2,15,25,20,55,65,60,75,85,80,0,1,0.5,3,5,4,88.75,94.75,92
CA,81000,42,3,2023,2023-06-02T00:00:00Z,16,35.5,1,3,2,35,45,40,15,25,20,55,65,60,0,1,0.5,0,1,0.5,61.75000000000001,73.75,68
CA,81000,43,3,2023,2023-05-23T00:00:00Z,20,49.5,0,1,0.5,65,75,70,5,10,7.5,85,95,90,0,1,0.5,15,25,20,85.75,95.5,90.75
CA,81000,44,3,2023,2023-05-23T00:00:00Z,18,54,0,1,0.5,25,35,30,1,3,2,85,95,90,0,1,0.5,35,45,40,85.14999999999999,95.15,90.2
CA,81000,45,3,2023,2023-05-24T00:00:00Z,16,36,0,1,0.5,45,55,50,15,25,20,85,95,90,0,1,0.5,15,25,20,87.25,96.24999999999999,92
CA,81000,46,3,2023,2023-05-24T00:00:00Z,14,45.5,0,1,0.5,55,65,60,35,45,40,85,95,90,0,1,0.5,1,3,2,90.25,97.24999999999999,94
CA,81000,47,3,2023,2023-05-25T00:00:00Z,14,81,0,1,0.5,55,65,60,35,45,40,85,95,90,0,1,0.5,0,1,0.5,90.25,97.24999999999999,94
CA,81000,48,3,2023,2023-05-25T00:00:00Z,14,87.5,0,1,0.5,65,75,70,25,35,30,85,95,90,0,1,0.5,1,3,2,88.75,96.75,93
CA,81000,49,3,2023,2023-05-26T00:00:00Z,13,61.5,0,1,0.5,35,45,40,45,55,50,75,85,80,0,1,0.5,0,1,0.5,86.25,93.25,90
CA,81000,50,3,2023,2023-05-26T00:00:00Z,12,80.5,0,1,0.5,65,75,70,55,65,60,75,85,80,0,1,0.5,0,1,0.5,88.75,94.75,92
CA,81000,51,3,2023,2023-05-30T00:00:00Z,14,86,0,1,0.5,65,75,70,15,25,20,85,95,90,0,1,0.5,0,1,0.5,87.25,96.24999999999999,92
CA,81000,52,3,2023,2023-05-30T00:00:00Z,19,39,0,1,0.5,25,35,30,1,3,2,95,100,97.5,0,1,0.5,10,15,12.5,95.04999999999998,100,97.55
CA,81000,53,3,2023,2023-05-31T00:00:00Z,16,31,0,1,0.5,15,25,20,10,15,12.5,85,95,90,0,1,0.5,5,10,7.5,86.5,95.75,91.25
CA,81000,54,3,2023,2023-05-31T00:00:00Z,17,36.5,0,1,0.5,25,35,30,25,35,30,85,95,90,0,1,0.5,0,1,0.5,88.75,96.75,93
CA,81000,55,3,2023,2023-06-02T00:00:00Z,14,55,0,1,0.5,15,25,20,25,35,30,85,95,90,0,1,0.5,0,1,0.5,88.75,96.75,93
CA,81000,56,3,2023,2023-06-02T00:00:00Z,13,28,0,1,0.5,45,55,50,55,65,60,85,95,90,0,1,0.5,3,5,4,93.25,98.25,96
CA,81000,57,3,2023,2023-05-23T00:00:00Z,14,91,0,1,0.5,65,75,70,3,5,4,85,95,90,0,1,0.5,0,1,0.5,85.45,95.24999999999999,90.4
CA,81000,58,3,2023,2023-05-23T00:00:00Z,15,53,0,1,0.5,55,65,60,1,3,2,85,95,90,0,1,0.5,5,10,7.5,85.14999999999999,95.15,90.2
CA,81000,59,3,2023,2023-05-24T00:00:00Z,17,31.5,0,1,0.5,25,35,30,3,5,4,85,95,90,0,1,0.5,45,55,50,85.45,95.24999999999999,90.4
CA,81000,60,3,2023,2023-05-24T00:00:00Z,17,52,0,1,0.5,55,65,60,1,3,2,85,95,90,0,1,0.5,0,1,0.5,85.14999999999999,95.15,90.2
CA,81000,61,3,2023,2023-05-25T00:00:00Z,18,41.5,0,1,0.5,55,65,60,15,25,20,85,95,90,0,1,0.5,0,1,0.5,87.25,96.24999999999999,92
CA,81000,62,3,2023,2023-05-25T00:00:00Z,14,76,0,1,0.5,75,85,80,45,55,50,85,95,90,0,1,0.5,0,1,0.5,91.75,97.75,95
CA,81000,63,3,2023,2023-05-26T00:00:00Z,17,59,0,1,0.5,25,35,30,45,55,50,65,75,70,0,1,0.5,3,5,4,80.75,88.75,85
CA,81000,64,3,2023,2023-05-26T00:00:00Z,14,78,0,1,0.5,75,85,80,45,55,50,75,85,80,0,1,0.5,0,1,0.5,86.25,93.25,90
CA,81000,65,3,2023,2023-05-30T00:00:00Z,15,86,0,1,0.5,75,85,80,5,10,7.5,85,95,90,0,1,0.5,0,1,0.5,85.75,95.5,90.75
CA,81000,66,3,2023,2023-05-30T00:00:00Z,17,59,0,1,0.5,65,75,70,10,15,12.5,85,95,90,0,1,0.5,0,1,0.5,86.5,95.75,91.25
CA,81000,67,3,2023,2023-05-31T00:00:00Z,18,45,0,1,0.5,45,55,50,10,15,12.5,85,95,90,0,1,0.5,0,1,0.5,86.5,95.75,91.25
CA,81000,68,3,2023,2023-05-31T00:00:00Z,16,39.5,0,1,0.5,15,25,20,75,85,80,65,75,70,0,1,0.5,1,3,2,91.25,96.25,94
CA,81000,69,3,2023,2023-06-02T00:00:00Z,16,80.5,0,1,0.5,10,15,12.5,75,85,80,95,100,97.5,0,1,0.5,0,1,0.5,98.75,100,99.5
CA,81000,70,3,2023,2023-06-02T00:00:00Z,14,59,0,1,0.5,55,65,60,3,5,4,95,100,97.5,0,1,0.5,0,1,0.5,95.15,100,97.6
CA,81000,71,3,2023,2023-05-23T00:00:00Z,15,47.5,0,1,0.5,55,65,60,15,25,20,85,95,90,0,1,0.5,1,3,2,87.25,96.24999999999999,92
CA,81000,72,3,2023,2023-05-23T00:00:00Z,19,33,0,1,0.5,35,45,40,15,25,20,85,95,90,0,1,0.5,25,35,30,87.25,96.24999999999999,92
CA,81000,73,3,2023,2023-05-24T00:00:00Z,18,58,0,1,0.5,35,45,40,15,25,20,85,95,90,0,1,0.5,10,15,12.5,87.25,96.24999999999999,92
CA,81000,74,3,2023,2023-05-24T00:00:00Z,17,80.5,0,1,0.5,65,75,70,5,10,7.5,95,100,97.5,0,1,0.5,0,1,0.5,95.24999999999999,100,97.6875
CA,81000,75,3,2023,2023-05-25T00:00:00Z,15,96,0,1,0.5,75,85,80,0,1,0.5,85,95,90,0,1,0.5,0,1,0.5,85,95.04999999999998,90.05000000000001
CA,81000,76,3,2023,2023-05-25T00:00:00Z,14,63,1,3,2,65,75,70,15,25,20,85,95,90,0,1,0.5,1,3,2,87.25,96.24999999999999,92
CA,81000,77,3,2023,2023-05-26T00:00:00Z,13,16,0,1,0.5,10,15,12.5,85,95,90,65,75,70,0,1,0.5,1,3,2,94.75,98.75,97
CA,81000,78,3,2023,2023-05-26T00:00:00Z,10,30,0,1,0.5,25,35,30,55,65,60,85,95,90,0,1,0.5,5,10,7.5,93.25,98.25,96
CA,81000,79,3,2023,2023-05-30T00:00:00Z,15,46,0,1,0.5,55,65,60,55,65,60,85,95,90,0,1,0.5,1,3,2,93.25,98.25,96
CA,81000,80,3,2023,2023-05-30T00:00:00Z,18,59,0,1,0.5,65,75,70,25,35,30,85,95,90,0,1,0.5,0,1,0.5,88.75,96.75,93
CA,81000,81,3,2023,2023-05-31T00:00:00Z,16,37.5,0,1,0.5,35,45,40,1,3,2,85,95,90,0,1,0.5,0,1,0.5,85.14999999999999,95.15,90.2
CA,81000,82,3,2023,2023-05-31T00:00:00Z,13,25.5,0,1,0.5,15,25,20,45,55,50,75,85,80,0,1,0.5,0,1,0.5,86.25,93.25,90
CA,81000,83,3,2023,2023-06-02T00:00:00Z,16,48.5,1,3,2,25,35,30,55,65,60,95,100,97.5,0,1,0.5,1,3,2,97.75,100,99
CA,81000,84,3,2023,2023-06-02T00:00:00Z,14,42.5,0,1,0.5,25,35,30,15,25,20,95,100,97.5,0,1,0.5,10,15,12.5,95.75,100,98
CA,81000,85,3,2023,2023-05-23T00:00:00Z,20,91,0,1,0.5,65,75,70,15,25,20,85,95,90,0,1,0.5,10,15,12.5,87.25,96.24999999999999,92
CA,81000,86,3,2023,2023-05-23T00:00:00Z,19,52,0,1,0.5,65,75,70,15,25,20,85,95,90,0,1,0.5,0,1,0.5,87.25,96.24999999999999,92
CA,81000,87,3,2023,2023-05-24T00:00:00Z,19,58.5,0,1,0.5,75,85,80,25,35,30,85,95,90,0,1,0.5,5,10,7.5,88.75,96.75,93
CA,81000,88,3,2023,2023-05-24T00:00:00Z,15,73,0,1,0.5,55,65,60,5,10,7.5,85,95,90,0,1,0.5,0,1,0.5,85.75,95.5,90.75
CA,81000,89,3,2023,2023-05-25T00:00:00Z,16,82,0,1,0.5,65,75,70,15,25,20,85,95,90,0,1,0.5,0,1,0.5,87.25,96.24999999999999,92
CA,81000,90,3,2023,2023-05-25T00:00:00Z,16,81.5,0,1,0.5,65,75,70,1,3,2,85,95,90,0,1,0.5,1,3,2,85.14999999999999,95.15,90.2
CA,81000,91,3,2023,2023-05-26T00:00:00Z,18,21.5,0,1,0.5,10,15,12.5,5,10,7.5,95,100,97.5,0,1,0.5,1,3,2,95.24999999999999,100,97.6875
CA,81000,92,3,2023,2023-05-26T00:00:00Z,15,28,0,1,0.5,15,25,20,55,65,60,65,75,70,0,1,0.5,1,3,2,84.25,91.25,88
CA,81000,93,3,2023,2023-05-30T00:00:00Z,16,54,0,1,0.5,45,55,50,85,95,90,75,85,80,0,1,0.5,0,1,0.5,96.25,99.25,98
CA,81000,94,3,2023,2023-05-30T00:00:00Z,15,64,0,1,0.5,65,75,70,65,75,70,55,65,60,0,1,0.5,15,25,20,84.25,91.25,88
CA,81000,95,3,2023,2023-05-31T00:00:00Z,16,38,0,1,0.5,35,45,40,35,45,40,75,85,80,0,1,0.5,0,1,0.5,83.75,91.75,88
CA,81000,96,3,2023,2023-05-31T00:00:00Z,13,41.5,0,1,0.5,45,55,50,55,65,60,85,95,90,0,1,0.5,0,1,0.5,93.25,98.25,96
CA,81000,97,3,2023,2023-06-02T00:00:00Z,17,39,0,1,0.5,15,25,20,55,65,60,85,95,90,0,1,0.5,10,15,12.5,93.25,98.25,96
CA,81000,98,3,2023,2023-06-02T00:00:00Z,12,40,0,1,0.5,45,55,50,5,10,7.5,85,95,90,0,1,0.5,5,10,7.5,85.75,95.5,90.75
CA,91000,1,3,2024,2024-07-30T00:00:00Z,9,112,0,1,0.5,85,95,90,35,45,40,10,15,12.5,0,1,0.5,0,1,0.5,41.49999999999999,53.25,47.5
CA,91000,2,3,2024,2024-07-30T00:00:00Z,12,57,3,5,4,65,75,70,15,25,20,65,75,70,0,1,0.5,0,1,0.5,70.25,81.25,76
CA,91000,3,3,2024,2024-07-31T00:00:00Z,10,83,5,10,7.5,75,85,80,10,15,12.5,35,45,40,0,1,0.5,0,1,0.5,41.49999999999999,53.25,47.5
CA,91000,4,3,2024,2024-08-05T00:00:00Z,13,64.5,10,15,12.5,75,85,80,35,45,40,45,55,50,0,1,0.5,0,1,0.5,64.25,75.25,70
CA,91000,5,3,2024,2024-08-06T00:00:00Z,12,73,1,3,2,85,95,90,25,35,30,45,55,50,0,1,0.5,0,1,0.5,58.74999999999999,70.75,65
CA,91000,6,3,2024,2024-08-08T00:00:00Z,13,56.5,5,10,7.5,65,75,70,5,10,7.5,75,85,80,0,1,0.5,0,1,0.5,76.25,86.5,81.5
CA,91000,7,3,2024,2024-08-14T00:00:00Z,15,103,1,3,2,65,75,70,15,25,20,25,35,30,0,1,0.5,0,1,0.5,36.25000000000001,51.24999999999999,44.00000000000001
CA,91000,8,3,2024,2024-08-14T00:00:00Z,14,54,3,5,4,55,65,60,25,35,30,65,75,70,0,1,0.5,0,1,0.5,73.75,83.75,79
CA,91000,9,3,2024,2024-08-21T00:00:00Z,21,44.5,5,10,7.5,55,65,60,75,85,80,15,25,20,0,1,0.5,0,1,0.5,78.75,88.75,84.00000000000001
CA,91000,10,3,2024,2024-08-26T00:00:00Z,18,68.5,3,5,4,65,75,70,35,45,40,75,85,80,0,1,0.5,0,1,0.5,83.75,91.75,88
CA,91000,11,3,2024,2024-08-26T00:00:00Z,19,83,0,1,0.5,75,85,80,15,25,20,45,55,50,0,1,0.5,0,1,0.5,53.25,66.25000000000001,60
CA,91000,12,3,2024,2024-08-27T00:00:00Z,23,68.5,5,10,7.5,75,85,80,45,55,50,25,35,30,0,1,0.5,0,1,0.5,58.74999999999999,70.75,65
CA,91000,13,3,2024,2024-08-27T00:00:00Z,21,35.5,3,5,4,55,65,60,75,85,80,3,5,4,0,1,0.5,0,1,0.5,75.75,85.75,80.80000000000001
CA,91000,14,3,2024,2024-08-28T00:00:00Z,11,103,1,3,2,95,100,97.5,65,75,70,15,25,20,0,1,0.5,0,1,0.5,70.25,81.25,76
CA,91000,15,3,2024,2024-07-30T00:00:00Z,10,73,0,1,0.5,75,85,80,15,25,20,65,75,70,0,1,0.5,0,1,0.5,70.25,81.25,76
CA,91000,16,3,2024,2024-07-30T00:00:00Z,9,56,5,10,7.5,65,75,70,45,55,50,55,65,60,0,1,0.5,0,1,0.5,75.25,84.25,80
CA,91000,17,3,2024,2024-07-31T00:00:00Z,9,38,5,10,7.5,45,55,50,45,55,50,10,15,12.5,0,1,0.5,0,1,0.5,50.499999999999986,61.75000000000001,56.25
CA,91000,18,3,2024,2024-08-05T00:00:00Z,13,77.5,5,10,7.5,85,95,90,45,55,50,25,35,30,0,1,0.5,0,1,0.5,58.74999999999999,70.75,65
CA,91000,19,3,2024,2024-08-06T00:00:00Z,16,89,3,5,4,75,85,80,3,5,4,65,75,70,0,1,0.5,0,1,0.5,66.05000000000001,76.25,71.2
CA,91000,20,3,2024,2024-08-08T00:00:00Z,19,81.5,5,10,7.5,75,85,80,25,35,30,45,55,50,0,1,0.5,0,1,0.5,58.74999999999999,70.75,65
CA,91000,21,3,2024,2024-08-14T00:00:00Z,22,71.5,1,3,2,65,75,70,45,55,50,55,65,60,0,1,0.5,0,1,0.5,75.25,84.25,80
CA,91000,22,3,2024,2024-08-14T00:00:00Z,20,58.5,15,25,20,55,65,60,25,35,30,10,15,12.5,0,1,0.5,0,1,0.5,32.49999999999999,44.75,38.75000000000001
CA,91000,23,3,2024,2024-08-21T00:00:00Z,20,30,5,10,7.5,45,55,50,85,95,90,3,5,4,0,1,0.5,0,1,0.5,85.45,95.24999999999999,90.4
CA,91000,24,3,2024,2024-08-26T00:00:00Z,23,37,1,3,2,55,65,60,75,85,80,35,45,40,0,1,0.5,0,1,0.5,83.75,91.75,88
CA,91000,25,3,2024,2024-08-26T00:00:00Z,22,88,0,1,0.5,65,75,70,25,35,30,45,55,50,0,1,0.5,0,1,0.5,58.74999999999999,70.75,65
CA,91000,26,3,2024,2024-08-27T00:00:00Z,18,59.5,3,5,4,65,75,70,25,35,30,45,55,50,0,1,0.5,0,1,0.5,58.74999999999999,70.75,65
CA,91000,27,3,2024,2024-08-27T00:00:00Z,22,63.5,3,5,4,75,85,80,85,95,90,3,5,4,0,1,0.5,0,1,0.5,85.45,95.24999999999999,90.4
CA,91000,28,3,2024,2024-08-28T00:00:00Z,16,103.5,1,3,2,95,100,97.5,85,95,90,5,10,7.5,0,1,0.5,0,1,0.5,85.75,95.5,90.75
CA,91000,29,3,2024,2024-07-30T00:00:00Z,11,100,0,1,0.5,85,95,90,5,10,7.5,55,65,60,0,1,0.5,0,1,0.5,57.25,68.5,62.999999999999986
CA,91000,30,3,2024,2024-07-30T00:00:00Z,11,67,5,10,7.5,65,75,70,45,55,50,45,55,50,0,1,0.5,0,1,0.5,69.75,79.75000000000001,75
CA,91000,31,3,2024,2024-07-31T00:00:00Z,19,71,3,5,4,65,75,70,65,75,70,15,25,20,0,1,0.5,0,1,0.5,70.25,81.25,76
CA,91000,32,3,2024,2024-08-05T00:00:00Z,22,46.5,5,10,7.5,55,65,60,35,45,40,65,75,70,0,1,0.5,0,1,0.5,77.25,86.25,82
CA,91000,33,3,2024,2024-08-06T00:00:00Z,17,81.5,0,1,0.5,65,75,70,45,55,50,35,45,40,0,1,0.5,0,1,0.5,64.25,75.25,70
CA,91000,34,3,2024,2024-08-08T00:00:00Z,16,46,1,3,2,55,65,60,95,100,97.5,15,25,20,0,1,0.5,0,1,0.5,95.75,100,98
CA,91000,35,3,2024,2024-08-08T00:00:00Z,21,79,1,3,2,75,85,80,15,25,20,45,55,50,0,1,0.5,0,1,0.5,53.25,66.25000000000001,60
CA,91000,36,3,2024,2024-08-21T00:00:00Z,20,91,3,5,4,75,85,80,85,95,90,3,5,4,0,1,0.5,0,1,0.5,85.45,95.24999999999999,90.4
CA,91000,37,3,2024,2024-08-21T00:00:00Z,20,75.5,0,1,0.5,75,85,80,75,85,80,1,3,2,0,1,0.5,0,1,0.5,75.25,85.45,80.4
CA,91000,38,3,2024,2024-08-26T00:00:00Z,20,77.5,1,3,2,65,75,70,85,95,90,15,25,20,0,1,0.5,0,1,0.5,87.25,96.24999999999999,92
CA,91000,39,3,2024,2024-08-26T00:00:00Z,17,51,0,1,0.5,45,55,50,65,75,70,55,65,60,0,1,0.5,0,1,0.5,84.25,91.25,88
CA,91000,40,3,2024,2024-08-27T00:00:00Z,17,72.5,1,3,2,75,85,80,45,55,50,55,65,60,0,1,0.5,0,1,0.5,75.25,84.25,80
CA,91000,41,3,2024,2024-08-27T00:00:00Z,13,119,3,5,4,85,95,90,85,95,90,10,15,12.5,0,1,0.5,0,1,0.5,86.5,95.75,91.25
CA,91000,42,3,2024,2024-08-28T00:00:00Z,12,108.5,0,1,0.5,95,100,97.5,55,65,60,15,25,20,0,1,0.5,0,1,0.5,61.75000000000001,73.75,68
CA,91000,43,3,2024,2024-07-30T00:00:00Z,15,81,0,1,0.5,65,75,70,10,15,12.5,65,75,70,0,1,0.5,0,1,0.5,68.5,78.75,73.75
CA,91000,44,3,2024,2024-07-30T00:00:00Z,21,79,1,3,2,85,95,90,15,25,20,55,65,60,0,1,0.5,0,1,0.5,61.75000000000001,73.75,68
CA,91000,45,3,2024,2024-07-31T00:00:00Z,17,139,15,25,20,85,95,90,85,95,90,10,15,12.5,0,1,0.5,0,1,0.5,86.5,95.75,91.25
CA,91000,46,3,2024,2024-08-05T00:00:00Z,25,62.5,5,10,7.5,75,85,80,85,95,90,5,10,7.5,0,1,0.5,0,1,0.5,85.75,95.5,90.75
CA,91000,47,3,2024,2024-08-06T00:00:00Z,13,111,0,1,0.5,95,100,97.5,35,45,40,10,15,12.5,0,1,0.5,0,1,0.5,41.49999999999999,53.25,47.5
CA,91000,48,3,2024,2024-08-08T00:00:00Z,16,110.5,0,1,0.5,95,100,97.5,75,85,80,1,3,2,0,1,0.5,0,1,0.5,75.25,85.45,80.4
CA,91000,49,3,2024,2024-08-14T00:00:00Z,22,108,0,1,0.5,85,95,90,35,45,40,1,3,2,0,1,0.5,0,1,0.5,35.650000000000006,46.650000000000006,41.2
CA,91000,50,3,2024,2024-08-21T00:00:00Z,16,101.5,1,3,2,85,95,90,55,65,60,45,55,50,0,1,0.5,0,1,0.5,75.25,84.25,80
CA,91000,51,3,2024,2024-08-21T00:00:00Z,20,104,0,1,0.5,95,100,97.5,65,75,70,55,65,60,0,1,0.5,0,1,0.5,84.25,91.25,88
CA,91000,52,3,2024,2024-08-26T00:00:00Z,15,106,1,3,2,95,100,97.5,15,25,20,55,65,60,0,1,0.5,0,1,0.5,61.75000000000001,73.75,68
CA,91000,53,3,2024,2024-08-26T00:00:00Z,12,65.5,0,1,0.5,65,75,70,65,75,70,15,25,20,0,1,0.5,0,1,0.5,70.25,81.25,76
CA,91000,54,3,2024,2024-08-27T00:00:00Z,7,101,0,1,0.5,85,95,90,5,10,7.5,65,75,70,0,1,0.5,0,1,0.5,66.75,77.5,72.24999999999999
CA,91000,55,3,2024,2024-08-27T00:00:00Z,9,113,0,1,0.5,95,100,97.5,3,5,4,15,25,20,0,1,0.5,0,1,0.5,17.549999999999997,28.750000000000007,23.2
CA,91000,56,3,2024,2024-08-28T00:00:00Z,10,108,0,1,0.5,95,100,97.5,10,15,12.5,55,65,60,0,1,0.5,0,1,0.5,59.5,70.25,64.99999999999999
CA,91000,57,3,2024,2024-07-30T00:00:00Z,8,121.5,0,1,0.5,85,95,90,15,25,20,65,75,70,0,1,0.5,0,1,0.5,70.25,81.25,76
CA,91000,58,3,2024,2024-07-30T00:00:00Z,12,87.5,3,5,4,85,95,90,65,75,70,35,45,40,0,1,0.5,0,1,0.5,77.25,86.25,82
CA,91000,59,3,2024,2024-07-31T00:00:00Z,23,85,3,5,4,75,85,80,85,95,90,15,25,20,0,1,0.5,0,1,0.5,87.25,96.24999999999999,92
CA,91000,60,3,2024,2024-08-05T00:00:00Z,26,77.5,3,5,4,85,95,90,85,95,90,5,10,7.5,0,1,0.5,0,1,0.5,85.75,95.5,90.75
CA,91000,61,3,2024,2024-08-06T00:00:00Z,13,105.5,0,1,0.5,95,100,97.5,55,65,60,15,25,20,0,1,0.5,0,1,0.5,61.75000000000001,73.75,68
CA,91000,62,3,2024,2024-08-08T00:00:00Z,17,105.5,1,3,2,95,100,97.5,75,85,80,55,65,60,0,1,0.5,0,1,0.5,88.75,94.75,92
CA,91000,63,3,2024,2024-08-14T00:00:00Z,30,75.5,1,3,2,75,85,80,75,85,80,10,15,12.5,0,1,0.5,0,1,0.5,77.5,87.25,82.5
CA,91000,64,3,2024,2024-08-21T00:00:00Z,21,109.5,0,1,0.5,95,100,97.5,35,45,40,25,35,30,0,1,0.5,0,1,0.5,51.24999999999999,64.25,58.00000000000001
CA,91000,65,3,2024,2024-08-21T00:00:00Z,16,107.5,1,3,2,95,100,97.5,35,45,40,35,45,40,0,1,0.5,0,1,0.5,57.74999999999999,69.75,64
CA,91000,66,3,2024,2024-08-26T00:00:00Z,15,103.5,0,1,0.5,95,100,97.5,15,25,20,15,25,20,0,1,0.5,0,1,0.5,27.750000000000007,43.75,35.999999999999986
CA,91000,67,3,2024,2024-08-26T00:00:00Z,10,106.5,0,1,0.5,95,100,97.5,35,45,40,35,45,40,0,1,0.5,0,1,0.5,57.74999999999999,69.75,64
CA,91000,68,3,2024,2024-08-27T00:00:00Z,11,114,0,1,0.5,95,100,97.5,35,45,40,35,45,40,0,1,0.5,0,1,0.5,57.74999999999999,69.75,64
CA,91000,69,3,2024,2024-08-27T00:00:00Z,12,113.5,0,1,0.5,95,100,97.5,15,25,20,55,65,60,0,1,0.5,0,1,0.5,61.75000000000001,73.75,68
CA,91000,70,3,2024,2024-08-28T00:00:00Z,10,106.5,0,1,0.5,95,100,97.5,3,5,4,45,55,50,0,1,0.5,0,1,0.5,46.650000000000006,57.25,52
CA,91000,71,3,2024,2024-07-30T00:00:00Z,20,61,1,3,2,55,65,60,55,65,60,55,65,60,0,1,0.5,0,1,0.5,79.75000000000001,87.75,84
CA,91000,72,3,2024,2024-07-30T00:00:00Z,16,77.5,0,1,0.5,85,95,90,55,65,60,45,55,50,0,1,0.5,0,1,0.5,75.25,84.25,80
CA,91000,73,3,2024,2024-07-31T00:00:00Z,17,53,1,3,2,55,65,60,75,85,80,25,35,30,0,1,0.5,0,1,0.5,81.25,90.25,86.00000000000001
CA,91000,74,3,2024,2024-08-05T00:00:00Z,22,102.5,3,5,4,85,95,90,65,75,70,15,25,20,0,1,0.5,0,1,0.5,70.25,81.25,76
CA,91000,75,3,2024,2024-08-06T00:00:00Z,13,100.5,0,1,0.5,95,100,97.5,55,65,60,55,65,60,0,1,0.5,0,1,0.5,79.75000000000001,87.75,84
CA,91000,76,3,2024,2024-08-08T00:00:00Z,23,71.5,0,1,0.5,75,85,80,55,65,60,35,45,40,0,1,0.5,0,1,0.5,70.75,80.75,76
CA,91000,77,3,2024,2024-08-14T00:00:00Z,23,107.5,0,1,0.5,95,100,97.5,65,75,70,15,25,20,0,1,0.5,0,1,0.5,70.25,81.25,76
CA,91000,78,3,2024,2024-08-21T00:00:00Z,22,101,0,1,0.5,85,95,90,10,15,12.5,65,75,70,0,1,0.5,0,1,0.5,68.5,78.75,73.75
CA,91000,79,3,2024,2024-08-21T00:00:00Z,17,104,1,3,2,95,100,97.5,10,15,12.5,10,15,12.5,0,1,0.5,0,1,0.5,18.999999999999993,27.750000000000007,23.4375
CA,91000,80,3,2024,2024-08-26T00:00:00Z,7,105.5,0,1,0.5,95,100,97.5,15,25,20,15,25,20,0,1,0.5,0,1,0.5,27.750000000000007,43.75,35.999999999999986
CA,91000,81,3,2024,2024-08-26T00:00:00Z,9,106.5,0,1,0.5,95,100,97.5,35,45,40,10,15,12.5,0,1,0.5,0,1,0.5,41.49999999999999,53.25,47.5
CA,91000,82,3,2024,2024-08-27T00:00:00Z,11,99.5,0,1,0.5,85,95,90,15,25,20,25,35,30,0,1,0.5,0,1,0.5,36.25000000000001,51.24999999999999,44.00000000000001
CA,91000,83,3,2024,2024-08-27T00:00:00Z,10,103.5,0,1,0.5,95,100,97.5,5,10,7.5,25,35,30,0,1,0.5,0,1,0.5,28.750000000000007,41.49999999999999,35.25
CA,91000,84,3,2024,2024-08-28T00:00:00Z,13,108,0,1,0.5,95,100,97.5,5,10,7.5,35,45,40,0,1,0.5,0,1,0.5,38.25000000000001,50.499999999999986,44.49999999999999
CA,91000,85,3,2024,2024-07-30T00:00:00Z,32,68.5,1,3,2,65,75,70,45,55,50,55,65,60,0,1,0.5,0,1,0.5,75.25,84.25,80
CA,91000,86,3,2024,2024-07-30T00:00:00Z,31,69,1,3,2,75,85,80,45,55,50,25,35,30,0,1,0.5,0,1,0.5,58.74999999999999,70.75,65
CA,91000,87,3,2024,2024-07-31T00:00:00Z,26,54,1,3,2,55,65,60,25,35,30,35,45,40,0,1,0.5,0,1,0.5,51.24999999999999,64.25,58.00000000000001
CA,91000,88,3,2024,2024-08-05T00:00:00Z,25,97.5,1,3,2,85,95,90,45,55,50,25,35,30,0,1,0.5,0,1,0.5,58.74999999999999,70.75,65
CA,91000,89,3,2024,2024-08-06T00:00:00Z,30,102,0,1,0.5,75,85,80,45,55,50,65,75,70,0,1,0.5,0,1,0.5,80.75,88.75,85
CA,91000,90,3,2024,2024-08-08T00:00:00Z,31,120.5,0,1,0.5,75,85,80,45,55,50,65,75,70,0,1,0.5,0,1,0.5,80.75,88.75,85
CA,91000,91,3,2024,2024-08-14T00:00:00Z,26,91.5,1,3,2,75,85,80,15,25,20,55,65,60,0,1,0.5,0,1,0.5,61.75000000000001,73.75,68
CA,91000,92,3,2024,2024-08-21T00:00:00Z,31,83.5,0,1,0.5,75,85,80,5,10,7.5,45,55,50,0,1,0.5,0,1,0.5,47.75,59.5,53.75
CA,91000,93,3,2024,2024-08-21T00:00:00Z,20,66.5,0,1,0.5,55,65,60,15,25,20,65,75,70,0,1,0.5,0,1,0.5,70.25,81.25,76
CA,91000,94,3,2024,2024-08-26T00:00:00Z,10,104.5,0,1,0.5,95,100,97.5,45,55,50,75,85,80,0,1,0.5,0,1,0.5,86.25,93.25,90
CA,91000,95,3,2024,2024-08-26T00:00:00Z,10,96,0,1,0.5,85,95,90,25,35,30,65,75,70,0,1,0.5,0,1,0.5,73.75,83.75,79
CA,91000,96,3,2024,2024-08-27T00:00:00Z,13,99,0,1,0.5,85,95,90,5,10,7.5,75,85,80,0,1,0.5,0,1,0.5,76.25,86.5,81.5
CA,91000,97,3,2024,2024-08-27T00:00:00Z,14,110.5,0,1,0.5,85,95,90,25,35,30,55,65,60,0,1,0.5,0,1,0.5,66.25000000000001,77.25,72
CA,91000,98,3,2024,2024-08-28T00:00:00Z,18,89.5,0,1,0.5,85,95,90,35,45,40,75,85,80,0,1,0.5,0,1,0.5,83.75,91.75,88
CA,101000,1,3,2024,2024-04-22T00:00:00Z,16,92,0,1,0.5,35,45,40,25,35,30,85,95,90,0,1,0.5,0,1,0.5,88.75,96.75,93
CA,101000,2,3,2024,2024-05-27T00:00:00Z,14,107.5,0,1,0.5,65,75,70,55,65,60,85,95,90,0,1,0.5,0,1,0.5,93.25,98.25,96
CA,101000,3,3,2024,2024-05-27T00:00:00Z,12,83.5,0,1,0.5,45,55,50,25,35,30,85,95,90,0,1,0.5,0,1,0.5,88.75,96.75,93
CA,101000,4,3,2024,2024-05-27T00:00:00Z,15,54.5,0,1,0.5,25,35,30,15,25,20,85,95,90,0,1,0.5,0,1,0.5,87.25,96.24999999999999,92
CA,101000,5,3,2024,2024-05-17T00:00:00Z,9,85.5,0,1,0.5,25,35,30,25,35,30,85,95,90,0,1,0.5,0,1,0.5,88.75,96.75,93
CA,101000,6,3,2024,2024-05-17T00:00:00Z,9,85.5,0,1,0.5,25,35,30,55,65,60,85,95,90,0,1,0.5,0,1,0.5,93.25,98.25,96
CA,101000,7,3,2024,2024-05-17T00:00:00Z,12,67,0,1,0.5,25,35,30,1,3,2,95,100,97.5,0,1,0.5,0,1,0.5,95.04999999999998,100,97.55
CA,101000,8,3,2024,2024-05-17T00:00:00Z,12,70.5,0,1,0.5,35,45,40,1,3,2,95,100,97.5,0,1,0.5,0,1,0.5,95.04999999999998,100,97.55
CA,101000,9,3,2024,2024-05-14T00:00:00Z,12,93.5,0,1,0.5,65,75,70,0,1,0.5,95,100,97.5,0,1,0.5,0,1,0.5,95,100,97.5125
CA,101000,10,3,2024,2024-05-14T00:00:00Z,11,114,0,1,0.5,65,75,70,0,1,0.5,95,100,97.5,0,1,0.5,0,1,0.5,95,100,97.5125
CA,101000,11,3,2024,2024-05-14T00:00:00Z,11,110.5,0,1,0.5,55,65,60,3,5,4,95,100,97.5,0,1,0.5,0,1,0.5,95.15,100,97.6
CA,101000,12,3,2024,2024-05-14T00:00:00Z,10,150,0,1,0.5,45,55,50,0,1,0.5,95,100,97.5,0,1,0.5,0,1,0.5,95,100,97.5125
CA,101000,13,3,2024,2024-05-14T00:00:00Z,12,102.5,0,1,0.5,45,55,50,0,1,0.5,95,100,97.5,0,1,0.5,0,1,0.5,95,100,97.5125
CA,101000,14,3,2024,2024-05-14T00:00:00Z,12,111.5,0,1,0.5,45,55,50,0,1,0.5,95,100,97.5,0,1,0.5,0,1,0.5,95,100,97.5125
CA,101000,15,3,2024,2024-05-27T00:00:00Z,15,88.5,0,1,0.5,55,65,60,1,3,2,85,95,90,0,1,0.5,0,1,0.5,85.14999999999999,95.15,90.2
CA,101000,16,3,2024,2024-05-27T00:00:00Z,13,76,0,1,0.5,55,65,60,25,35,30,85,95,90,0,1,0.5,0,1,0.5,88.75,96.75,93
CA,101000,17,3,2024,2024-05-27T00:00:00Z,12,68.5,0,1,0.5,25,35,30,1,3,2,85,95,90,0,1,0.5,0,1,0.5,85.14999999999999,95.15,90.2
CA,101000,18,3,2024,2024-05-27T00:00:00Z,12,87,0,1,0.5,25,35,30,5,10,7.5,85,95,90,0,1,0.5,0,1,0.5,85.75,95.5,90.75
CA,101000,19,3,2024,2024-05-17T00:00:00Z,11,78,0,1,0.5,35,45,40,10,15,12.5,85,95,90,0,1,0.5,0,1,0.5,86.5,95.75,91.25
CA,101000,20,3,2024,2024-05-17T00:00:00Z,8,85,0,1,0.5,25,35,30,25,35,30,85,95,90,0,1,0.5,0,1,0.5,88.75,96.75,93
CA,101000,21,3,2024,2024-05-17T00:00:00Z,11,68,0,1,0.5,35,45,40,1,3,2,95,100,97.5,0,1,0.5,0,1,0.5,95.04999999999998,100,97.55
CA,101000,22,3,2024,2024-05-17T00:00:00Z,15,66.5,0,1,0.5,45,55,50,0,1,0.5,95,100,97.5,0,1,0.5,0,1,0.5,95,100,97.5125
CA,101000,23,3,2024,2024-05-14T00:00:00Z,9,77,0,1,0.5,15,25,20,0,1,0.5,95,100,97.5,0,1,0.5,0,1,0.5,95,100,97.5125
CA,101000,24,3,2024,2024-05-14T00:00:00Z,12,107,0,1,0.5,45,55,50,0,1,0.5,95,100,97.5,0,1,0.5,0,1,0.5,95,100,97.5125
CA,101000,25,3,2024,2024-05-14T00:00:00Z,11,112.5,0,1,0.5,65,75,70,1,3,2,95,100,97.5,0,1,0.5,0,1,0.5,95.04999999999998,100,97.55
CA,101000,26,3,2024,2024-05-14T00:00:00Z,13,121.5,0,1,0.5,65,75,70,0,1,0.5,95,100,97.5,0,1,0.5,0,1,0.5,95,100,97.5125
CA,101000,27,3,2024,2024-05-14T00:00:00Z,14,102,0,1,0.5,45,55,50,0,1,0.5,95,100,97.5,0,1,0.5,0,1,0.5,95,100,97.5125
CA,101000,28,3,2024,2024-05-14T00:00:00Z,12,109.5,0,1,0.5,45,55,50,0,1,0.5,95,100,97.5,0,1,0.5,0,1,0.5,95,100,97.5125
CA,101000,29,3,2024,2024-05-27T00:00:00Z,13,72,0,1,0.5,35,45,40,10,15,12.5,85,95,90,0,1,0.5,0,1,0.5,86.5,95.75,91.25
CA,101000,30,3,2024,2024-05-27T00:00:00Z,13,67.5,0,1,0.5,25,35,30,10,15,12.5,85,95,90,0,1,0.5,0,1,0.5,86.5,95.75,91.25
CA,101000,31,3,2024,2024-05-27T00:00:00Z,11,108.5,0,1,0.5,45,55,50,3,5,4,85,95,90,0,1,0.5,0,1,0.5,85.45,95.24999999999999,90.4
CA,101000,32,3,2024,2024-05-27T00:00:00Z,10,105,0,1,0.5,35,45,40,10,15,12.5,85,95,90,0,1,0.5,0,1,0.5,86.5,95.75,91.25
CA,101000,33,3,2024,2024-05-17T00:00:00Z,9,98.5,0,1,0.5,45,55,50,5,10,7.5,75,85,80,0,1,0.5,0,1,0.5,76.25,86.5,81.5
CA,101000,34,3,2024,2024-05-17T00:00:00Z,8,83.5,0,1,0.5,35,45,40,45,55,50,85,95,90,0,1,0.5,0,1,0.5,91.75,97.75,95
CA,101000,35,3,2024,2024-05-17T00:00:00Z,10,87.5,0,1,0.5,25,35,30,0,1,0.5,95,100,97.5,0,1,0.5,0,1,0.5,95,100,97.5125
CA,101000,36,3,2024,2024-05-17T00:00:00Z,10,66,0,1,0.5,25,35,30,0,1,0.5,95,100,97.5,0,1,0.5,0,1,0.5,95,100,97.5125
CA,101000,37,3,2024,2024-05-14T00:00:00Z,12,63.5,0,1,0.5,15,25,20,0,1,0.5,95,100,97.5,0,1,0.5,0,1,0.5,95,100,97.5125
CA,101000,38,3,2024,2024-05-14T00:00:00Z,10,98,0,1,0.5,45,55,50,0,1,0.5,95,100,97.5,0,1,0.5,0,1,0.5,95,100,97.5125
CA,101000,39,3,2024,2024-05-14T00:00:00Z,12,137,0,1,0.5,45,55,50,0,1,0.5,95,100,97.5,0,1,0.5,0,1,0.5,95,100,97.5125
CA,101000,40,3,2024,2024-05-14T00:00:00Z,11,116.5,0,1,0.5,45,55,50,0,1,0.5,95,100,97.5,0,1,0.5,0,1,0.5,95,100,97.5125
CA,101000,41,3,2024,2024-05-14T00:00:00Z,11,100.5,0,1,0.5,45,55,50,0,1,0.5,95,100,97.5,0,1,0.5,0,1,0.5,95,100,97.5125
CA,101000,42,3,2024,2024-05-14T00:00:00Z,13,102,0,1,0.5,35,45,40,0,1,0.5,95,100,97.5,0,1,0.5,0,1,0.5,95,100,97.5125
CA,101000,43,3,2024,2024-05-27T00:00:00Z,13,89.5,0,1,0.5,35,45,40,25,35,30,85,95,90,0,1,0.5,0,1,0.5,88.75,96.75,93
CA,101000,44,3,2024,2024-05-27T00:00:00Z,11,101.5,0,1,0.5,55,65,60,10,15,12.5,85,95,90,0,1,0.5,0,1,0.5,86.5,95.75,91.25
CA,101000,45,3,2024,2024-05-27T00:00:00Z,10,109.5,0,1,0.5,45,55,50,10,15,12.5,85,95,90,0,1,0.5,0,1,0.5,86.5,95.75,91.25
CA,101000,46,3,2024,2024-05-27T00:00:00Z,9,106,0,1,0.5,35,45,40,45,55,50,85,95,90,0,1,0.5,0,1,0.5,91.75,97.75,95
CA,101000,47,3,2024,2024-05-17T00:00:00Z,9,103,0,1,0.5,45,55,50,10,15,12.5,85,95,90,0,1,0.5,0,1,0.5,86.5,95.75,91.25
CA,101000,48,3,2024,2024-05-17T00:00:00Z,6,95.5,0,1,0.5,35,45,40,55,65,60,85,95,90,0,1,0.5,0,1,0.5,93.25,98.25,96
CA,101000,49,3,2024,2024-05-17T00:00:00Z,9,87,0,1,0.5,45,55,50,1,3,2,95,100,97.5,0,1,0.5,0,1,0.5,95.04999999999998,100,97.55
CA,101000,50,3,2024,2024-05-17T00:00:00Z,9,72.5,0,1,0.5,15,25,20,0,1,0.5,95,100,97.5,0,1,0.5,0,1,0.5,95,100,97.5125
CA,101000,51,3,2024,2024-05-14T00:00:00Z,10,70,0,1,0.5,35,45,40,0,1,0.5,95,100,97.5,0,1,0.5,0,1,0.5,95,100,97.5125
CA,101000,52,3,2024,2024-05-14T00:00:00Z,8,39,0,1,0.5,55,65,60,0,1,0.5,85,95,90,0,1,0.5,0,1,0.5,85,95.04999999999998,90.05000000000001
CA,101000,53,3,2024,2024-05-14T00:00:00Z,10,81,0,1,0.5,25,35,30,0,1,0.5,95,100,97.5,0,1,0.5,0,1,0.5,95,100,97.5125
CA,101000,54,3,2024,2024-05-14T00:00:00Z,10,98.5,0,1,0.5,45,55,50,0,1,0.5,95,100,97.5,0,1,0.5,0,1,0.5,95,100,97.5125
CA,101000,55,3,2024,2024-05-14T00:00:00Z,12,79.5,0,1,0.5,45,55,50,0,1,0.5,95,100,97.5,0,1,0.5,0,1,0.5,95,100,97.5125
CA,101000,56,3,2024,2024-05-14T00:00:00Z,12,111,0,1,0.5,45,55,50,0,1,0.5,95,100,97.5,0,1,0.5,0,1,0.5,95,100,97.5125
CA,101000,57,3,2024,2024-05-27T00:00:00Z,11,93,0,1,0.5,35,45,40,35,45,40,85,95,90,0,1,0.5,0,1,0.5,90.25,97.24999999999999,94
CA,101000,58,3,2024,2024-05-27T00:00:00Z,12,107.5,0,1,0.5,35,45,40,65,75,70,85,95,90,0,1,0.5,0,1,0.5,94.75,98.75,97
CA,101000,59,3,2024,2024-05-27T00:00:00Z,8,107.5,0,1,0.5,45,55,50,25,35,30,85,95,90,0,1,0.5,0,1,0.5,88.75,96.75,93
CA,101000,60,3,2024,2024-05-27T00:00:00Z,8,109.5,0,1,0.5,35,45,40,25,35,30,85,95,90,0,1,0.5,0,1,0.5,88.75,96.75,93
CA,101000,61,3,2024,2024-05-17T00:00:00Z,9,88.5,0,1,0.5,35,45,40,35,45,40,85,95,90,0,1,0.5,0,1,0.5,90.25,97.24999999999999,94
CA,101000,62,3,2024,2024-05-17T00:00:00Z,11,98,0,1,0.5,35,45,40,25,35,30,85,95,90,0,1,0.5,0,1,0.5,88.75,96.75,93
CA,101000,63,3,2024,2024-05-17T00:00:00Z,14,76.5,0,1,0.5,35,45,40,5,10,7.5,95,100,97.5,0,1,0.5,0,1,0.5,95.24999999999999,100,97.6875
CA,101000,64,3,2024,2024-05-17T00:00:00Z,10,97.5,0,1,0.5,35,45,40,0,1,0.5,95,100,97.5,0,1,0.5,0,1,0.5,95,100,97.5125
CA,101000,65,3,2024,2024-05-14T00:00:00Z,9,80,0,1,0.5,35,45,40,0,1,0.5,85,95,90,0,1,0.5,0,1,0.5,85,95.04999999999998,90.05000000000001
CA,101000,66,3,2024,2024-05-14T00:00:00Z,11,13.5,0,1,0.5,15,25,20,0,1,0.5,95,100,97.5,0,1,0.5,0,1,0.5,95,100,97.5125
CA,101000,67,3,2024,2024-05-14T00:00:00Z,12,38.5,0,1,0.5,15,25,20,0,1,0.5,95,100,97.5,0,1,0.5,0,1,0.5,95,100,97.5125
CA,101000,68,3,2024,2024-05-14T00:00:00Z,13,111.5,0,1,0.5,45,55,50,0,1,0.5,95,100,97.5,0,1,0.5,0,1,0.5,95,100,97.5125
CA,101000,69,3,2024,2024-05-14T00:00:00Z,14,102.5,0,1,0.5,35,45,40,0,1,0.5,95,100,97.5,0,1,0.5,0,1,0.5,95,100,97.5125
CA,101000,70,3,2024,2024-05-14T00:00:00Z,13,120,0,1,0.5,45,55,50,0,1,0.5,95,100,97.5,0,1,0.5,0,1,0.5,95,100,97.5125
CA,101000,71,3,2024,2024-05-27T00:00:00Z,15,94.5,0,1,0.5,35,45,40,10,15,12.5,85,95,90,0,1,0.5,0,1,0.5,86.5,95.75,91.25
CA,101000,72,3,2024,2024-05-27T00:00:00Z,10,102,0,1,0.5,35,45,40,15,25,20,85,95,90,0,1,0.5,0,1,0.5,87.25,96.24999999999999,92
CA,101000,73,3,2024,2024-05-27T00:00:00Z,9,101.5,0,1,0.5,35,45,40,35,45,40,85,95,90,0,1,0.5,0,1,0.5,90.25,97.24999999999999,94
CA,101000,74,3,2024,2024-05-27T00:00:00Z,8,101,0,1,0.5,35,45,40,55,65,60,85,95,90,0,1,0.5,0,1,0.5,93.25,98.25,96
CA,101000,75,3,2024,2024-05-17T00:00:00Z,10,103.5,0,1,0.5,55,65,60,3,5,4,85,95,90,0,1,0.5,0,1,0.5,85.45,95.24999999999999,90.4
CA,101000,76,3,2024,2024-05-17T00:00:00Z,13,97.5,0,1,0.5,55,65,60,15,25,20,85,95,90,0,1,0.5,0,1,0.5,87.25,96.24999999999999,92
CA,101000,77,3,2024,2024-05-17T00:00:00Z,14,86,0,1,0.5,45,55,50,3,5,4,95,100,97.5,0,1,0.5,0,1,0.5,95.15,100,97.6
CA,101000,78,3,2024,2024-05-17T00:00:00Z,8,79.5,0,1,0.5,35,45,40,0,1,0.5,95,100,97.5,0,1,0.5,0,1,0.5,95,100,97.5125
CA,101000,79,3,2024,2024-05-14T00:00:00Z,7,57.5,1,3,2,35,45,40,0,1,0.5,95,100,97.5,0,1,0.5,0,1,0.5,95,100,97.5125
CA,101000,80,3,2024,2024-05-14T00:00:00Z,10,25.5,0,1,0.5,35,45,40,0,1,0.5,95,100,97.5,0,1,0.5,0,1,0.5,95,100,97.5125
CA,101000,81,3,2024,2024-05-14T00:00:00Z,11,61.5,0,1,0.5,25,35,30,15,25,20,95,100,97.5,0,1,0.5,0,1,0.5,95.75,100,98
CA,101000,82,3,2024,2024-05-14T00:00:00Z,13,108.5,0,1,0.5,45,55,50,0,1,0.5,95,100,97.5,0,1,0.5,0,1,0.5,95,100,97.5125
CA,101000,83,3,2024,2024-05-14T00:00:00Z,12,118,0,1,0.5,45,55,50,0,1,0.5,95,100,97.5,0,1,0.5,0,1,0.5,95,100,97.5125
CA,101000,84,3,2024,2024-05-14T00:00:00Z,11,102,0,1,0.5,45,55,50,0,1,0.5,95,100,97.5,0,1,0.5,0,1,0.5,95,100,97.5125
CA,101000,85,3,2024,2024-05-27T00:00:00Z,14,102.5,0,1,0.5,35,45,40,10,15,12.5,85,95,90,0,1,0.5,0,1,0.5,86.5,95.75,91.25
CA,101000,86,3,2024,2024-05-27T00:00:00Z,12,87,0,1,0.5,35,45,40,10,15,12.5,85,95,90,0,1,0.5,0,1,0.5,86.5,95.75,91.25
CA,101000,87,3,2024,2024-05-27T00:00:00Z,11,95,0,1,0.5,35,45,40,55,65,60,85,95,90,0,1,0.5,0,1,0.5,93.25,98.25,96
CA,101000,88,3,2024,2024-05-27T00:00:00Z,9,95.5,0,1,0.5,5,10,7.5,35,45,40,85,95,90,0,1,0.5,0,1,0.5,90.25,97.24999999999999,94
CA,101000,89,3,2024,2024-05-17T00:00:00Z,13,110,0,1,0.5,55,65,60,1,3,2,95,100,97.5,0,1,0.5,0,1,0.5,95.04999999999998,100,97.55
CA,101000,90,3,2024,2024-05-17T00:00:00Z,11,101.5,0,1,0.5,25,35,30,1,3,2,85,95,90,0,1,0.5,0,1,0.5,85.14999999999999,95.15,90.2
CA,101000,91,3,2024,2024-05-17T00:00:00Z,9,77,0,1,0.5,25,35,30,3,5,4,95,100,97.5,0,1,0.5,0,1,0.5,95.15,100,97.6
CA,101000,92,3,2024,2024-05-17T00:00:00Z,6,84.5,0,1,0.5,35,45,40,1,3,2,95,100,97.5,0,1,0.5,0,1,0.5,95.04999999999998,100,97.55
CA,101000,93,3,2024,2024-05-14T00:00:00Z,8,69.5,0,1,0.5,25,35,30,0,1,0.5,95,100,97.5,0,1,0.5,0,1,0.5,95,100,97.5125
CA,101000,94,3,2024,2024-05-14T00:00:00Z,12,69,0,1,0.5,35,45,40,0,1,0.5,95,100,97.5,0,1,0.5,0,1,0.5,95,100,97.5125
CA,101000,95,3,2024,2024-05-14T00:00:00Z,8,72,0,1,0.5,45,55,50,3,5,4,95,100,97.5,0,1,0.5,0,1,0.5,95.15,100,97.6
CA,101000,96,3,2024,2024-05-14T00:00:00Z,11,99.5,0,1,0.5,35,45,40,15,25,20,95,100,97.5,0,1,0.5,0,1,0.5,95.75,100,98
CA,101000,97,3,2024,2024-05-14T00:00:00Z,11,99,0,1,0.5,35,45,40,0,1,0.5,95,100,97.5,0,1,0.5,0,1,0.5,95,100,97.5125
CA,101000,98,3,2024,2024-04-22T00:00:00Z,13,92.5,0,1,0.5,35,45,40,0,1,0.5,95,100,97.5,0,1,0.5,0,1,0.5,95,100,97.5125
