plottype,plot_id,period,year,species,number_of_subplots_with_species,perc_of_subplots,number_of_subplots_browsed,number_of_subplots_seriously_browsed,perc_of_subplots_browsed,perc_of_subplots_seriously_browsed,mean_coverage_class_average_perc
CA,11000,1,2000,7,1,0.13333333333333333,,,,,0.5
CA,11000,1,2000,11,535,71.33333333333333,,,,,34.73364485981308
CA,11000,1,2000,15,3,0.4,,,,,0.5
CA,11000,1,2000,40,1,0.13333333333333333,,,,,0.5
CA,11000,1,2000,48,20,2.6666666666666665,,,,,0.5
CA,11000,1,2000,68,3,0.4,,,,,0.5
CA,11000,1,2000,71,44,5.866666666666666,,,,,0.5
CA,11000,1,2000,112,4,0.5333333333333333,,,,,0.5
CA,11000,1,2000,117,18,2.4,,,,,3.2222222222222223
CA,11000,1,2000,131,9,1.2,,,,,0.5
CA,11000,1,2000,138,345,46,,,,,1.1057971014492753
CA,11000,1,2000,144,1,0.13333333333333333,,,,,0.5
CA,11000,1,2000,153,2,0.26666666666666666,,,,,0.5
CA,11000,1,2000,157,3,0.4,,,,,0.5
CA,11000,1,2000,158,2,0.26666666666666666,,,,,0.5
CA,11000,1,2000,161,258,34.4,,,,,1.1414728682170543
CA,11000,1,2000,197,2,0.26666666666666666,,,,,0.5
CA,11000,1,2000,239,22,2.933333333333333,,,,,0.5
CA,11000,1,2000,283,12,1.6,,,,,1.2083333333333333
CA,11000,1,2000,297,3,0.4,,,,,0.5
CA,11000,1,2000,299,11,1.4666666666666666,,,,,0.5
CA,11000,1,2000,317,16,2.1333333333333333,,,,,0.9375
CA,11000,1,2000,324,1,0.13333333333333333,,,,,0.5
CA,11000,1,2000,326,1,0.13333333333333333,,,,,0.5
CA,11000,1,2000,343,280,37.333333333333336,,,,,4.1375
CA,11000,1,2000,370,1,0.13333333333333333,,,,,4
CA,11000,1,2000,399,2,0.26666666666666666,,,,,0.5
CA,11000,1,2000,404,6,0.8,,,,,0.5
CA,11000,1,2000,430,1,0.13333333333333333,,,,,0.5
CA,11000,1,2000,431,9,1.2,,,,,0.5
CA,11000,1,2000,439,444,59.2,,,,,9.132882882882884
CA,11000,1,2000,468,57,7.6,,,,,0.6842105263157895
CA,11000,1,2000,476,1,0.13333333333333333,,,,,0.5
CA,11000,1,2000,481,103,13.733333333333333,,,,,2.2184466019417477
CA,11000,1,2000,498,132,17.6,,,,,1.3484848484848484
CA,11000,1,2000,504,39,5.2,,,,,1.4871794871794872
CA,11000,1,2000,519,6,0.8,,,,,15.916666666666666
CA,11000,1,2000,534,1,0.13333333333333333,,,,,0.5
CA,11000,1,2000,553,3,0.4,,,,,0.5
CA,11000,1,2000,581,2,0.26666666666666666,,,,,0.5
CA,11000,1,2000,584,177,23.6,,,,,0.9124293785310734
CA,11000,1,2000,616,8,1.0666666666666667,,,,,0.5
CA,11000,1,2000,632,33,4.4,,,,,0.8181818181818182
CA,11000,1,2000,702,6,0.8,,,,,0.5
CA,11000,1,2000,760,7,0.9333333333333333,,,,,1.5
CA,11000,1,2000,768,1,0.13333333333333333,,,,,0.5
CA,11000,1,2000,791,34,4.533333333333333,,,,,1.6176470588235294
CA,11000,1,2000,821,9,1.2,,,,,0.5
CA,11000,1,2000,825,1,0.13333333333333333,,,,,0.5
CA,11000,1,2000,858,1,0.13333333333333333,,,,,0.5
CA,11000,1,2000,892,4,0.5333333333333333,,,,,0.5
CA,11000,1,2000,913,5,0.6666666666666666,,,,,0.5
CA,11000,1,2000,915,185,24.666666666666668,,,,,1.2081081081081082
CA,11000,1,2000,949,7,0.9333333333333333,,,,,8.214285714285714
CA,11000,1,2000,993,63,8.4,,,,,0.5555555555555556
CA,11000,1,2000,996,3,0.4,,,,,1
CA,11000,1,2000,1006,114,15.2,,,,,1.6710526315789473
CA,11000,1,2000,1091,627,83.6,,,,,6.500797448165869
CA,11000,1,2000,1132,1,0.13333333333333333,,,,,0.5
CA,11000,1,2000,1161,4,0.5333333333333333,,,,,0.5
CA,11000,1,2000,1168,1,0.13333333333333333,,,,,0.5
CA,11000,1,2000,1199,2,0.26666666666666666,,,,,0.5
CA,11000,1,2000,1212,1,0.13333333333333333,,,,,0.5
CA,11000,1,2000,1218,1,0.13333333333333333,,,,,0.5
CA,11000,1,2000,1219,1,0.13333333333333333,,,,,0.5
CA,11000,1,2000,1245,26,3.466666666666667,,,,,0.9038461538461539
CA,11000,1,2000,1265,313,41.733333333333334,,,,,1.1693290734824282
CA,11000,1,2000,1271,58,7.733333333333333,,,,,1.4310344827586208
CA,11000,1,2000,1284,3,0.4,,,,,0.5
CA,11000,1,2000,1292,1,0.13333333333333333,,,,,0.5
CA,11000,1,2000,1294,1,0.13333333333333333,,,,,20
CA,11000,1,2000,1299,408,54.4,,,,,3.3688725490196076
CA,11000,1,2000,1305,3,0.4,,,,,0.5
CA,11000,1,2000,1355,4,0.5333333333333333,,,,,0.5
CA,11000,1,2000,1371,9,1.2,,,,,0.6666666666666666
CA,11000,1,2000,1399,4,0.5333333333333333,,,,,1.375
CA,11000,1,2000,,40,5.333333333333333,,,,,
CA,31000,1,2001,1,10,100,,,,,38.95
CA,31000,1,2001,15,4,40,,,,,0.875
CA,31000,1,2001,84,3,30,,,,,1
CA,31000,1,2001,130,2,20,,,,,0.5
CA,31000,1,2001,161,5,50,,,,,0.5
CA,31000,1,2001,200,6,60,,,,,1.9166666666666667
CA,31000,1,2001,239,7,70,,,,,0.5
CA,31000,1,2001,277,1,10,,,,,0.5
CA,31000,1,2001,299,7,70,,,,,22.357142857142858
CA,31000,1,2001,395,1,10,,,,,0.5
CA,31000,1,2001,406,7,70,,,,,3.9285714285714284
CA,31000,1,2001,431,3,30,,,,,0.5
CA,31000,1,2001,452,10,100,,,,,0.65
CA,31000,1,2001,481,9,90,,,,,15.666666666666666
CA,31000,1,2001,489,1,10,,,,,0.5
CA,31000,1,2001,510,1,10,,,,,0.5
CA,31000,1,2001,528,2,20,,,,,0.5
CA,31000,1,2001,568,6,60,,,,,1
CA,31000,1,2001,596,1,10,,,,,2
CA,31000,1,2001,616,8,80,,,,,0.5
CA,31000,1,2001,657,1,10,,,,,0.5
CA,31000,1,2001,669,6,60,,,,,0.5
CA,31000,1,2001,707,1,10,,,,,0.5
CA,31000,1,2001,732,7,70,,,,,0.9285714285714286
CA,31000,1,2001,783,2,20,,,,,0.5
CA,31000,1,2001,791,2,20,,,,,0.5
CA,31000,1,2001,831,1,10,,,,,0.5
CA,31000,1,2001,833,2,20,,,,,0.5
CA,31000,1,2001,933,1,10,,,,,0.5
CA,31000,1,2001,996,8,80,,,,,3.9375
CA,31000,1,2001,1091,10,100,,,,,7.7
CA,31000,1,2001,1212,8,80,,,,,3.5
CA,31000,1,2001,1219,1,10,,,,,0.5
CA,31000,1,2001,1221,2,20,,,,,0.5
CA,31000,1,2001,1247,1,10,,,,,0.5
CA,31000,1,2001,1306,1,10,,,,,0.5
CA,31000,1,2001,1309,2,20,,,,,0.5
CA,41000,1,2001,11,33,33.673469387755105,,,,,1.5606060606060606
CA,41000,1,2001,38,9,9.183673469387756,,,,,0.5
CA,41000,1,2001,48,2,2.0408163265306123,,,,,0.5
CA,41000,1,2001,71,35,35.714285714285715,,,,,0.5
CA,41000,1,2001,112,1,1.0204081632653061,,,,,0.5
CA,41000,1,2001,161,43,43.87755102040816,,,,,0.8837209302325582
CA,41000,1,2001,167,2,2.0408163265306123,,,,,0.5
CA,41000,1,2001,246,2,2.0408163265306123,,,,,0.5
CA,41000,1,2001,297,98,100,,,,,4.892857142857143
CA,41000,1,2001,299,16,16.3265306122449,,,,,0.5
CA,41000,1,2001,341,6,6.122448979591836,,,,,0.5
CA,41000,1,2001,343,2,2.0408163265306123,,,,,0.5
CA,41000,1,2001,438,3,3.061224489795918,,,,,0.5
CA,41000,1,2001,452,3,3.061224489795918,,,,,1
CA,41000,1,2001,468,26,26.53061224489796,,,,,1.1153846153846154
CA,41000,1,2001,510,4,4.081632653061225,,,,,0.5
CA,41000,1,2001,519,3,3.061224489795918,,,,,0.5
CA,41000,1,2001,528,1,1.0204081632653061,,,,,0.5
CA,41000,1,2001,532,6,6.122448979591836,,,,,0.5
CA,41000,1,2001,581,19,19.387755102040817,,,,,0.5
CA,41000,1,2001,584,3,3.061224489795918,,,,,0.5
CA,41000,1,2001,731,4,4.081632653061225,,,,,2.625
CA,41000,1,2001,760,4,4.081632653061225,,,,,0.5
CA,41000,1,2001,776,8,8.16326530612245,,,,,0.5
CA,41000,1,2001,791,3,3.061224489795918,,,,,1
CA,41000,1,2001,813,2,2.0408163265306123,,,,,0.5
CA,41000,1,2001,935,2,2.0408163265306123,,,,,0.5
CA,41000,1,2001,941,3,3.061224489795918,,,,,0.5
CA,41000,1,2001,965,2,2.0408163265306123,,,,,1.25
CA,41000,1,2001,993,4,4.081632653061225,,,,,0.5
CA,41000,1,2001,1041,2,2.0408163265306123,,,,,0.5
CA,41000,1,2001,1058,1,1.0204081632653061,,,,,7.5
CA,41000,1,2001,1082,1,1.0204081632653061,,,,,0.5
CA,41000,1,2001,1091,74,75.51020408163265,,,,,2.054054054054054
CA,41000,1,2001,1132,2,2.0408163265306123,,,,,0.5
CA,41000,1,2001,1265,39,39.795918367346935,,,,,0.9487179487179487
CA,41000,1,2001,1271,36,36.734693877551024,,,,,0.7916666666666666
CA,41000,1,2001,1299,2,2.0408163265306123,,,,,0.5
CA,41000,1,2001,1371,28,28.571428571428573,,,,,0.5
CA,43000,1,2001,71,7,70,,,,,0.5
CA,43000,1,2001,112,1,10,,,,,0.5
CA,43000,1,2001,131,1,10,,,,,0.5
CA,43000,1,2001,133,7,70,,,,,13.285714285714286
CA,43000,1,2001,155,2,20,,,,,0.5
CA,43000,1,2001,156,4,40,,,,,1.25
CA,43000,1,2001,158,1,10,,,,,0.5
CA,43000,1,2001,161,5,50,,,,,0.5
CA,43000,1,2001,199,7,70,,,,,11.928571428571429
CA,43000,1,2001,246,1,10,,,,,0.5
CA,43000,1,2001,279,2,20,,,,,0.5
CA,43000,1,2001,297,10,100,,,,,2.15
CA,43000,1,2001,299,4,40,,,,,0.5
CA,43000,1,2001,343,10,100,,,,,7.3
CA,43000,1,2001,377,6,60,,,,,0.5
CA,43000,1,2001,452,3,30,,,,,0.5
CA,43000,1,2001,468,9,90,,,,,1.9444444444444444
CA,43000,1,2001,510,2,20,,,,,0.5
CA,43000,1,2001,532,3,30,,,,,0.5
CA,43000,1,2001,581,1,10,,,,,0.5
CA,43000,1,2001,584,3,30,,,,,0.5
CA,43000,1,2001,731,7,70,,,,,2.2142857142857144
CA,43000,1,2001,732,3,30,,,,,2.8333333333333335
CA,43000,1,2001,827,1,10,,,,,0.5
CA,43000,1,2001,838,1,10,,,,,4
CA,43000,1,2001,914,7,70,,,,,0.9285714285714286
CA,43000,1,2001,941,3,30,,,,,0.5
CA,43000,1,2001,993,1,10,,,,,0.5
CA,43000,1,2001,995,1,10,,,,,0.5
CA,43000,1,2001,1006,2,20,,,,,0.5
CA,43000,1,2001,1041,9,90,,,,,1.2222222222222223
CA,43000,1,2001,1091,7,70,,,,,0.5
CA,43000,1,2001,1132,1,10,,,,,0.5
CA,43000,1,2001,1265,8,80,,,,,2
CA,43000,1,2001,1271,3,30,,,,,0.5
CA,43000,1,2001,1299,3,30,,,,,1
CA,43000,1,2001,1371,5,50,,,,,0.5
CA,43000,1,2001,1388,1,10,,,,,0.5
CA,51000,1,2001,1,2,2.0408163265306123,,,,,1.25
CA,51000,1,2001,4,1,1.0204081632653061,,,,,0.5
CA,51000,1,2001,38,8,8.16326530612245,,,,,0.5
CA,51000,1,2001,40,52,53.06122448979592,,,,,1.8365384615384615
CA,51000,1,2001,48,23,23.46938775510204,,,,,0.5
CA,51000,1,2001,68,3,3.061224489795918,,,,,0.5
CA,51000,1,2001,71,1,1.0204081632653061,,,,,0.5
CA,51000,1,2001,84,68,69.38775510204081,,,,,0.7647058823529411
CA,51000,1,2001,112,1,1.0204081632653061,,,,,0.5
CA,51000,1,2001,130,40,40.816326530612244,,,,,1.3125
CA,51000,1,2001,132,2,2.0408163265306123,,,,,0.5
CA,51000,1,2001,136,1,1.0204081632653061,,,,,2
CA,51000,1,2001,138,2,2.0408163265306123,,,,,0.5
CA,51000,1,2001,143,79,80.61224489795919,,,,,0.9493670886075949
CA,51000,1,2001,151,3,3.061224489795918,,,,,0.5
CA,51000,1,2001,155,46,46.93877551020408,,,,,1.5
CA,51000,1,2001,157,1,1.0204081632653061,,,,,0.5
CA,51000,1,2001,158,26,26.53061224489796,,,,,0.8846153846153846
CA,51000,1,2001,161,90,91.83673469387755,,,,,1.8833333333333333
CA,51000,1,2001,167,4,4.081632653061225,,,,,0.5
CA,51000,1,2001,200,22,22.448979591836736,,,,,1.1136363636363635
CA,51000,1,2001,239,4,4.081632653061225,,,,,0.5
CA,51000,1,2001,279,8,8.16326530612245,,,,,0.6875
CA,51000,1,2001,282,30,30.612244897959183,,,,,1.3833333333333333
CA,51000,1,2001,285,8,8.16326530612245,,,,,0.5
CA,51000,1,2001,297,92,93.87755102040816,,,,,2.739130434782609
CA,51000,1,2001,299,31,31.632653061224488,,,,,0.5
CA,51000,1,2001,317,5,5.1020408163265305,,,,,0.5
CA,51000,1,2001,326,55,56.12244897959184,,,,,0.7727272727272727
CA,51000,1,2001,341,72,73.46938775510205,,,,,2.125
CA,51000,1,2001,343,14,14.285714285714286,,,,,16.714285714285715
CA,51000,1,2001,358,24,24.489795918367346,,,,,0.625
CA,51000,1,2001,371,2,2.0408163265306123,,,,,1.25
CA,51000,1,2001,382,5,5.1020408163265305,,,,,0.5
CA,51000,1,2001,394,42,42.857142857142854,,,,,0.8928571428571429
CA,51000,1,2001,396,1,1.0204081632653061,,,,,0.5
CA,51000,1,2001,404,4,4.081632653061225,,,,,0.5
CA,51000,1,2001,424,30,30.612244897959183,,,,,5.166666666666667
CA,51000,1,2001,436,8,8.16326530612245,,,,,0.5
CA,51000,1,2001,439,1,1.0204081632653061,,,,,0.5
CA,51000,1,2001,451,3,3.061224489795918,,,,,0.5
CA,51000,1,2001,452,21,21.428571428571427,,,,,0.5
CA,51000,1,2001,468,3,3.061224489795918,,,,,1.6666666666666667
CA,51000,1,2001,481,24,24.489795918367346,,,,,19.75
CA,51000,1,2001,488,3,3.061224489795918,,,,,0.5
CA,51000,1,2001,489,25,25.510204081632654,,,,,0.5
CA,51000,1,2001,510,21,21.428571428571427,,,,,0.5
CA,51000,1,2001,520,12,12.244897959183673,,,,,0.5
CA,51000,1,2001,532,17,17.346938775510203,,,,,0.5
CA,51000,1,2001,552,15,15.306122448979592,,,,,1.6333333333333333
CA,51000,1,2001,553,2,2.0408163265306123,,,,,0.5
CA,51000,1,2001,568,44,44.89795918367347,,,,,5.1477272727272725
CA,51000,1,2001,578,25,25.510204081632654,,,,,0.8
CA,51000,1,2001,584,23,23.46938775510204,,,,,1.434782608695652
CA,51000,1,2001,596,7,7.142857142857143,,,,,0.5
CA,51000,1,2001,605,12,12.244897959183673,,,,,0.5
CA,51000,1,2001,616,14,14.285714285714286,,,,,0.8214285714285714
CA,51000,1,2001,680,5,5.1020408163265305,,,,,0.5
CA,51000,1,2001,702,1,1.0204081632653061,,,,,0.5
CA,51000,1,2001,707,22,22.448979591836736,,,,,0.5681818181818182
CA,51000,1,2001,731,26,26.53061224489796,,,,,3.1153846153846154
CA,51000,1,2001,732,39,39.795918367346935,,,,,1.0128205128205128
CA,51000,1,2001,763,9,9.183673469387756,,,,,0.5
CA,51000,1,2001,765,7,7.142857142857143,,,,,0.5
CA,51000,1,2001,776,50,51.02040816326531,,,,,0.53
CA,51000,1,2001,779,5,5.1020408163265305,,,,,0.5
CA,51000,1,2001,788,3,3.061224489795918,,,,,1
CA,51000,1,2001,791,10,10.204081632653061,,,,,0.65
CA,51000,1,2001,796,2,2.0408163265306123,,,,,0.5
CA,51000,1,2001,827,55,56.12244897959184,,,,,1.009090909090909
CA,51000,1,2001,833,12,12.244897959183673,,,,,0.625
CA,51000,1,2001,838,86,87.75510204081633,,,,,46.20348837209303
CA,51000,1,2001,841,9,9.183673469387756,,,,,1.6111111111111112
CA,51000,1,2001,867,1,1.0204081632653061,,,,,0.5
CA,51000,1,2001,892,13,13.26530612244898,,,,,0.5
CA,51000,1,2001,915,18,18.367346938775512,,,,,0.5833333333333334
CA,51000,1,2001,926,1,1.0204081632653061,,,,,0.5
CA,51000,1,2001,965,13,13.26530612244898,,,,,0.8846153846153846
CA,51000,1,2001,996,19,19.387755102040817,,,,,0.7631578947368421
CA,51000,1,2001,1006,56,57.142857142857146,,,,,3.5357142857142856
CA,51000,1,2001,1018,1,1.0204081632653061,,,,,90
CA,51000,1,2001,1041,1,1.0204081632653061,,,,,0.5
CA,51000,1,2001,1091,49,50,,,,,0.7142857142857143
CA,51000,1,2001,1132,1,1.0204081632653061,,,,,0.5
CA,51000,1,2001,1212,1,1.0204081632653061,,,,,0.5
CA,51000,1,2001,1218,14,14.285714285714286,,,,,1.8928571428571428
CA,51000,1,2001,1243,17,17.346938775510203,,,,,1.1176470588235294
CA,51000,1,2001,1251,1,1.0204081632653061,,,,,0.5
CA,51000,1,2001,1265,43,43.87755102040816,,,,,0.6744186046511628
CA,51000,1,2001,1271,65,66.3265306122449,,,,,0.7769230769230769
CA,51000,1,2001,1284,1,1.0204081632653061,,,,,0.5
CA,51000,1,2001,1305,1,1.0204081632653061,,,,,0.5
CA,51000,1,2001,1311,2,2.0408163265306123,,,,,0.5
CA,51000,1,2001,1320,1,1.0204081632653061,,,,,0.5
CA,51000,1,2001,1371,75,76.53061224489795,,,,,0.5933333333333334
CA,51000,1,2001,1375,4,4.081632653061225,,,,,0.5
CA,51000,1,2001,1386,2,2.0408163265306123,,,,,0.5
CA,51000,1,2001,1388,1,1.0204081632653061,,,,,0.5
CA,53000,1,2001,38,4,40,,,,,0.5
CA,53000,1,2001,40,6,60,,,,,0.5
CA,53000,1,2001,48,1,10,,,,,0.5
CA,53000,1,2001,68,5,50,,,,,0.8
CA,53000,1,2001,84,9,90,,,,,0.8333333333333334
CA,53000,1,2001,93,2,20,,,,,0.5
CA,53000,1,2001,117,3,30,,,,,0.5
CA,53000,1,2001,161,9,90,,,,,1.3333333333333333
CA,53000,1,2001,165,5,50,,,,,2.2
CA,53000,1,2001,224,1,10,,,,,2
CA,53000,1,2001,341,2,20,,,,,0.5
CA,53000,1,2001,370,1,10,,,,,0.5
CA,53000,1,2001,439,2,20,,,,,1.25
CA,53000,1,2001,488,1,10,,,,,0.5
CA,53000,1,2001,510,10,100,,,,,2.1
CA,53000,1,2001,532,2,20,,,,,0.5
CA,53000,1,2001,539,1,10,,,,,0.5
CA,53000,1,2001,563,7,70,,,,,1.2142857142857142
CA,53000,1,2001,584,1,10,,,,,0.5
CA,53000,1,2001,596,3,30,,,,,0.5
CA,53000,1,2001,680,2,20,,,,,0.5
CA,53000,1,2001,732,1,10,,,,,0.5
CA,53000,1,2001,763,4,40,,,,,0.5
CA,53000,1,2001,776,7,70,,,,,0.5
CA,53000,1,2001,788,8,80,,,,,3.9375
CA,53000,1,2001,829,2,20,,,,,2.25
CA,53000,1,2001,832,2,20,,,,,2
CA,53000,1,2001,910,10,100,,,,,17.2
CA,53000,1,2001,915,10,100,,,,,1.75
CA,53000,1,2001,993,1,10,,,,,0.5
CA,53000,1,2001,996,1,10,,,,,0.5
CA,53000,1,2001,1058,1,10,,,,,0.5
CA,53000,1,2001,1082,2,20,,,,,0.5
CA,53000,1,2001,1091,1,10,,,,,2
CA,53000,1,2001,1096,9,90,,,,,0.8333333333333334
CA,53000,1,2001,1161,5,50,,,,,0.5
CA,53000,1,2001,1271,10,100,,,,,1.4
CA,53000,1,2001,1371,7,70,,,,,0.5
CA,53000,1,2001,1375,1,10,,,,,0.5
CA,53000,1,2001,1377,9,90,,,,,1.1666666666666667
CA,53000,1,2001,1386,1,10,,,,,0.5
CA,53000,1,2001,1388,1,10,,,,,0.5
CA,53000,1,2001,1398,9,90,,,,,15.277777777777779
CA,71000,1,2002,11,64,65.3061224489796,,,,,3.484375
CA,71000,1,2002,38,2,2.0408163265306123,,,,,0.5
CA,71000,1,2002,71,10,10.204081632653061,,,,,0.5
CA,71000,1,2002,156,1,1.0204081632653061,,,,,0.5
CA,71000,1,2002,161,98,100,,,,,34.56122448979592
CA,71000,1,2002,165,1,1.0204081632653061,,,,,7.5
CA,71000,1,2002,200,3,3.061224489795918,,,,,8
CA,71000,1,2002,297,50,51.02040816326531,,,,,0.57
CA,71000,1,2002,299,68,69.38775510204081,,,,,0.5220588235294118
CA,71000,1,2002,343,16,16.3265306122449,,,,,1.34375
CA,71000,1,2002,438,8,8.16326530612245,,,,,0.5
CA,71000,1,2002,439,62,63.265306122448976,,,,,3.5483870967741935
CA,71000,1,2002,452,4,4.081632653061225,,,,,0.5
CA,71000,1,2002,468,1,1.0204081632653061,,,,,0.5
CA,71000,1,2002,532,25,25.510204081632654,,,,,0.5
CA,71000,1,2002,581,4,4.081632653061225,,,,,0.5
CA,71000,1,2002,584,1,1.0204081632653061,,,,,0.5
CA,71000,1,2002,996,1,1.0204081632653061,,,,,0.5
CA,71000,1,2002,1058,3,3.061224489795918,,,,,1
CA,71000,1,2002,1091,74,75.51020408163265,,,,,1.364864864864865
CA,71000,1,2002,1132,58,59.183673469387756,,,,,0.6982758620689655
CA,71000,1,2002,1212,4,4.081632653061225,,,,,0.5
CA,71000,1,2002,1265,8,8.16326530612245,,,,,0.5
CA,71000,1,2002,1271,1,1.0204081632653061,,,,,0.5
CA,71000,1,2002,1299,4,4.081632653061225,,,,,0.875
CA,71000,1,2002,1371,74,75.51020408163265,,,,,0.5
CA,71000,1,2002,1388,1,1.0204081632653061,,,,,0.5
CA,81000,1,2002,38,2,2.0408163265306123,,,,,0.5
CA,81000,1,2002,40,26,26.53061224489796,,,,,0.5
CA,81000,1,2002,48,1,1.0204081632653061,,,,,0.5
CA,81000,1,2002,71,84,85.71428571428571,,,,,0.5
CA,81000,1,2002,93,1,1.0204081632653061,,,,,0.5
CA,81000,1,2002,109,1,1.0204081632653061,,,,,0.5
CA,81000,1,2002,112,11,11.224489795918368,,,,,0.5
CA,81000,1,2002,131,87,88.77551020408163,,,,,0.6724137931034483
CA,81000,1,2002,138,96,97.95918367346938,,,,,1.359375
CA,81000,1,2002,151,7,7.142857142857143,,,,,0.5
CA,81000,1,2002,156,9,9.183673469387756,,,,,0.5
CA,81000,1,2002,158,7,7.142857142857143,,,,,0.5
CA,81000,1,2002,161,90,91.83673469387755,,,,,0.6166666666666667
CA,81000,1,2002,165,86,87.75510204081633,,,,,1.1511627906976745
CA,81000,1,2002,197,5,5.1020408163265305,,,,,0.5
CA,81000,1,2002,200,6,6.122448979591836,,,,,0.5
CA,81000,1,2002,239,4,4.081632653061225,,,,,0.5
CA,81000,1,2002,282,9,9.183673469387756,,,,,0.5
CA,81000,1,2002,283,9,9.183673469387756,,,,,1.8333333333333333
CA,81000,1,2002,297,41,41.83673469387755,,,,,0.5
CA,81000,1,2002,299,98,100,,,,,3.857142857142857
CA,81000,1,2002,326,1,1.0204081632653061,,,,,0.5
CA,81000,1,2002,343,61,62.244897959183675,,,,,1.4918032786885247
CA,81000,1,2002,370,2,2.0408163265306123,,,,,1.25
CA,81000,1,2002,404,51,52.04081632653061,,,,,0.5
CA,81000,1,2002,431,1,1.0204081632653061,,,,,0.5
CA,81000,1,2002,439,63,64.28571428571429,,,,,5.079365079365079
CA,81000,1,2002,451,13,13.26530612244898,,,,,0.5
CA,81000,1,2002,498,17,17.346938775510203,,,,,0.7647058823529411
CA,81000,1,2002,519,17,17.346938775510203,,,,,0.5
CA,81000,1,2002,532,88,89.79591836734694,,,,,0.5
CA,81000,1,2002,581,15,15.306122448979592,,,,,0.5
CA,81000,1,2002,584,12,12.244897959183673,,,,,0.5
CA,81000,1,2002,680,79,80.61224489795919,,,,,0.5379746835443038
CA,81000,1,2002,731,2,2.0408163265306123,,,,,0.5
CA,81000,1,2002,760,20,20.408163265306122,,,,,0.5
CA,81000,1,2002,776,64,65.3061224489796,,,,,0.5
CA,81000,1,2002,791,16,16.3265306122449,,,,,1.1875
CA,81000,1,2002,876,1,1.0204081632653061,,,,,0.5
CA,81000,1,2002,913,5,5.1020408163265305,,,,,0.5
CA,81000,1,2002,915,36,36.734693877551024,,,,,0.8333333333333334
CA,81000,1,2002,935,1,1.0204081632653061,,,,,0.5
CA,81000,1,2002,993,55,56.12244897959184,,,,,0.5
CA,81000,1,2002,1000,2,2.0408163265306123,,,,,0.5
CA,81000,1,2002,1006,12,12.244897959183673,,,,,0.5
CA,81000,1,2002,1009,1,1.0204081632653061,,,,,0.5
CA,81000,1,2002,1058,97,98.9795918367347,,,,,3.551546391752577
CA,81000,1,2002,1082,6,6.122448979591836,,,,,0.5
CA,81000,1,2002,1132,28,28.571428571428573,,,,,0.5
CA,81000,1,2002,1245,1,1.0204081632653061,,,,,0.5
CA,81000,1,2002,1265,97,98.9795918367347,,,,,8.438144329896907
CA,81000,1,2002,1271,13,13.26530612244898,,,,,1.5384615384615385
CA,81000,1,2002,1299,96,97.95918367346938,,,,,4.375
CA,81000,1,2002,1371,98,100,,,,,0.5
CA,91000,1,2003,23,6,6.122448979591836,,,,,0.5
CA,91000,1,2003,40,1,1.0204081632653061,,,,,0.5
CA,91000,1,2003,48,16,16.3265306122449,,,,,0.5
CA,91000,1,2003,50,1,1.0204081632653061,,,,,0.5
CA,91000,1,2003,84,27,27.551020408163264,,,,,0.5555555555555556
CA,91000,1,2003,90,7,7.142857142857143,,,,,0.9285714285714286
CA,91000,1,2003,113,1,1.0204081632653061,,,,,0.5
CA,91000,1,2003,130,15,15.306122448979592,,,,,0.6
CA,91000,1,2003,136,1,1.0204081632653061,,,,,0.5
CA,91000,1,2003,143,10,10.204081632653061,,,,,0.5
CA,91000,1,2003,161,77,78.57142857142857,,,,,41.103896103896105
CA,91000,1,2003,200,74,75.51020408163265,,,,,20.864864864864863
CA,91000,1,2003,239,3,3.061224489795918,,,,,0.5
CA,91000,1,2003,285,1,1.0204081632653061,,,,,0.5
CA,91000,1,2003,297,38,38.775510204081634,,,,,0.7105263157894737
CA,91000,1,2003,299,24,24.489795918367346,,,,,0.5625
CA,91000,1,2003,326,14,14.285714285714286,,,,,0.5
CA,91000,1,2003,341,10,10.204081632653061,,,,,0.5
CA,91000,1,2003,349,13,13.26530612244898,,,,,0.8461538461538461
CA,91000,1,2003,370,2,2.0408163265306123,,,,,0.5
CA,91000,1,2003,387,5,5.1020408163265305,,,,,0.5
CA,91000,1,2003,394,10,10.204081632653061,,,,,0.5
CA,91000,1,2003,396,6,6.122448979591836,,,,,0.5
CA,91000,1,2003,404,3,3.061224489795918,,,,,0.5
CA,91000,1,2003,406,1,1.0204081632653061,,,,,0.5
CA,91000,1,2003,424,10,10.204081632653061,,,,,0.95
CA,91000,1,2003,439,14,14.285714285714286,,,,,7.928571428571429
CA,91000,1,2003,451,2,2.0408163265306123,,,,,0.5
CA,91000,1,2003,452,89,90.81632653061224,,,,,2.449438202247191
CA,91000,1,2003,481,34,34.69387755102041,,,,,1.25
CA,91000,1,2003,488,25,25.510204081632654,,,,,0.5
CA,91000,1,2003,510,20,20.408163265306122,,,,,0.575
CA,91000,1,2003,520,3,3.061224489795918,,,,,0.5
CA,91000,1,2003,532,25,25.510204081632654,,,,,0.62
CA,91000,1,2003,552,42,42.857142857142854,,,,,0.8214285714285714
CA,91000,1,2003,553,1,1.0204081632653061,,,,,0.5
CA,91000,1,2003,568,79,80.61224489795919,,,,,7.4113924050632916
CA,91000,1,2003,578,15,15.306122448979592,,,,,0.7
CA,91000,1,2003,596,4,4.081632653061225,,,,,0.5
CA,91000,1,2003,605,1,1.0204081632653061,,,,,0.5
CA,91000,1,2003,606,3,3.061224489795918,,,,,0.5
CA,91000,1,2003,616,3,3.061224489795918,,,,,0.5
CA,91000,1,2003,702,3,3.061224489795918,,,,,0.5
CA,91000,1,2003,707,6,6.122448979591836,,,,,0.5
CA,91000,1,2003,731,11,11.224489795918368,,,,,1.3636363636363635
CA,91000,1,2003,732,7,7.142857142857143,,,,,0.7142857142857143
CA,91000,1,2003,791,1,1.0204081632653061,,,,,0.5
CA,91000,1,2003,827,52,53.06122448979592,,,,,0.8461538461538461
CA,91000,1,2003,833,26,26.53061224489796,,,,,0.6153846153846154
CA,91000,1,2003,838,12,12.244897959183673,,,,,7.291666666666667
CA,91000,1,2003,902,22,22.448979591836736,,,,,3.3863636363636362
CA,91000,1,2003,914,2,2.0408163265306123,,,,,0.5
CA,91000,1,2003,915,18,18.367346938775512,,,,,0.6666666666666666
CA,91000,1,2003,946,1,1.0204081632653061,,,,,0.5
CA,91000,1,2003,949,7,7.142857142857143,,,,,0.5
CA,91000,1,2003,965,23,23.46938775510204,,,,,3.9347826086956523
CA,91000,1,2003,996,3,3.061224489795918,,,,,0.5
CA,91000,1,2003,1000,1,1.0204081632653061,,,,,0.5
CA,91000,1,2003,1006,15,15.306122448979592,,,,,0.6
CA,91000,1,2003,1082,2,2.0408163265306123,,,,,0.5
CA,91000,1,2003,1091,58,59.183673469387756,,,,,0.6810344827586207
CA,91000,1,2003,1199,3,3.061224489795918,,,,,0.5
CA,91000,1,2003,1212,1,1.0204081632653061,,,,,0.5
CA,91000,1,2003,1265,15,15.306122448979592,,,,,0.6
CA,91000,1,2003,1271,2,2.0408163265306123,,,,,0.5
CA,91000,1,2003,1284,2,2.0408163265306123,,,,,0.5
CA,91000,1,2003,1311,13,13.26530612244898,,,,,0.7307692307692307
CA,91000,1,2003,1320,1,1.0204081632653061,,,,,0.5
CA,91000,1,2003,1371,27,27.551020408163264,,,,,0.5
CA,91000,1,2003,1380,1,1.0204081632653061,,,,,0.5
CA,91000,1,2003,1386,1,1.0204081632653061,,,,,0.5
CA,91000,1,2003,1388,1,1.0204081632653061,,,,,0.5
CA,101000,1,2004,11,14,14.285714285714286,,,,,0.9642857142857143
CA,101000,1,2004,40,3,3.061224489795918,,,,,0.5
CA,101000,1,2004,71,19,19.387755102040817,,,,,0.5
CA,101000,1,2004,131,55,56.12244897959184,,,,,3.1363636363636362
CA,101000,1,2004,138,64,65.3061224489796,,,,,0.5
CA,101000,1,2004,140,98,100,,,,,87.52551020408163
CA,101000,1,2004,151,5,5.1020408163265305,,,,,0.5
CA,101000,1,2004,156,1,1.0204081632653061,,,,,0.5
CA,101000,1,2004,161,73,74.48979591836735,,,,,0.7945205479452054
CA,101000,1,2004,165,75,76.53061224489795,,,,,1.2133333333333334
CA,101000,1,2004,239,2,2.0408163265306123,,,,,0.5
CA,101000,1,2004,246,1,1.0204081632653061,,,,,0.5
CA,101000,1,2004,297,25,25.510204081632654,,,,,0.5
CA,101000,1,2004,299,96,97.95918367346938,,,,,1.015625
CA,101000,1,2004,326,1,1.0204081632653061,,,,,0.5
CA,101000,1,2004,343,86,87.75510204081633,,,,,1.319767441860465
CA,101000,1,2004,404,54,55.10204081632653,,,,,0.5277777777777778
CA,101000,1,2004,439,1,1.0204081632653061,,,,,0.5
CA,101000,1,2004,468,7,7.142857142857143,,,,,0.5
CA,101000,1,2004,481,5,5.1020408163265305,,,,,0.5
CA,101000,1,2004,519,12,12.244897959183673,,,,,0.5
CA,101000,1,2004,532,8,8.16326530612245,,,,,0.5
CA,101000,1,2004,581,12,12.244897959183673,,,,,1.875
CA,101000,1,2004,584,3,3.061224489795918,,,,,0.5
CA,101000,1,2004,616,10,10.204081632653061,,,,,0.5
CA,101000,1,2004,680,44,44.89795918367347,,,,,0.5340909090909091
CA,101000,1,2004,760,1,1.0204081632653061,,,,,0.5
CA,101000,1,2004,776,2,2.0408163265306123,,,,,0.5
CA,101000,1,2004,791,6,6.122448979591836,,,,,0.75
CA,101000,1,2004,867,1,1.0204081632653061,,,,,0.5
CA,101000,1,2004,1009,1,1.0204081632653061,,,,,0.5
CA,101000,1,2004,1058,85,86.73469387755102,,,,,1.6176470588235294
CA,101000,1,2004,1132,18,18.367346938775512,,,,,0.5
CA,101000,1,2004,1212,1,1.0204081632653061,,,,,0.5
CA,101000,1,2004,1245,2,2.0408163265306123,,,,,0.5
CA,101000,1,2004,1265,96,97.95918367346938,,,,,5.71875
CA,101000,1,2004,1271,5,5.1020408163265305,,,,,0.8
CA,101000,1,2004,1275,1,1.0204081632653061,,,,,0.5
CA,101000,1,2004,1299,61,62.244897959183675,,,,,1.9836065573770492
CA,101000,1,2004,1371,11,11.224489795918368,,,,,0.5
CA,171100,1,2004,1,11,22,,,,,0.7727272727272727
CA,171100,1,2004,40,3,6,,,,,0.5
CA,171100,1,2004,48,16,32,,,,,0.5
CA,171100,1,2004,50,1,2,,,,,0.5
CA,171100,1,2004,71,1,2,,,,,0.5
CA,171100,1,2004,84,50,100,,,,,2.58
CA,171100,1,2004,85,12,24,,,,,0.5
CA,171100,1,2004,90,43,86,,,,,0.7790697674418605
CA,171100,1,2004,130,2,4,,,,,0.5
CA,171100,1,2004,141,1,2,,,,,0.5
CA,171100,1,2004,155,5,10,,,,,0.5
CA,171100,1,2004,161,46,92,,,,,0.5978260869565217
CA,171100,1,2004,165,15,30,,,,,1.3333333333333333
CA,171100,1,2004,239,30,60,,,,,0.5
CA,171100,1,2004,266,50,100,,,,,10.63
CA,171100,1,2004,279,1,2,,,,,0.5
CA,171100,1,2004,288,2,4,,,,,0.5
CA,171100,1,2004,291,48,96,,,,,1.71875
CA,171100,1,2004,297,30,60,,,,,0.9333333333333333
CA,171100,1,2004,299,1,2,,,,,0.5
CA,171100,1,2004,341,15,30,,,,,0.5
CA,171100,1,2004,349,4,8,,,,,3.875
CA,171100,1,2004,353,14,28,,,,,0.5
CA,171100,1,2004,364,21,42,,,,,0.5
CA,171100,1,2004,370,1,2,,,,,0.5
CA,171100,1,2004,399,5,10,,,,,0.5
CA,171100,1,2004,406,47,94,,,,,1.1914893617021276
CA,171100,1,2004,436,2,4,,,,,0.5
CA,171100,1,2004,451,30,60,,,,,0.7
CA,171100,1,2004,481,34,68,,,,,0.6764705882352942
CA,171100,1,2004,484,2,4,,,,,0.5
CA,171100,1,2004,488,44,88,,,,,0.5340909090909091
CA,171100,1,2004,495,1,2,,,,,0.5
CA,171100,1,2004,509,7,14,,,,,0.5
CA,171100,1,2004,510,48,96,,,,,0.96875
CA,171100,1,2004,520,41,82,,,,,1.8170731707317074
CA,171100,1,2004,552,48,96,,,,,3.0208333333333335
CA,171100,1,2004,553,5,10,,,,,0.5
CA,171100,1,2004,563,22,44,,,,,0.5
CA,171100,1,2004,568,9,18,,,,,0.6666666666666666
CA,171100,1,2004,578,31,62,,,,,0.5
CA,171100,1,2004,581,1,2,,,,,0.5
CA,171100,1,2004,584,50,100,,,,,4.86
CA,171100,1,2004,596,20,40,,,,,0.5
CA,171100,1,2004,645,3,6,,,,,1
CA,171100,1,2004,702,1,2,,,,,0.5
CA,171100,1,2004,732,9,18,,,,,0.5
CA,171100,1,2004,763,8,16,,,,,0.6875
CA,171100,1,2004,776,21,42,,,,,0.5
CA,171100,1,2004,799,12,24,,,,,0.5
CA,171100,1,2004,817,4,8,,,,,0.875
CA,171100,1,2004,821,2,4,,,,,0.5
CA,171100,1,2004,827,19,38,,,,,0.5
CA,171100,1,2004,829,2,4,,,,,0.5
CA,171100,1,2004,830,20,40,,,,,5.625
CA,171100,1,2004,831,29,58,,,,,1.1206896551724137
CA,171100,1,2004,832,2,4,,,,,0.5
CA,171100,1,2004,833,48,96,,,,,0.8645833333333334
CA,171100,1,2004,838,42,84,,,,,3.5238095238095237
CA,171100,1,2004,892,4,8,,,,,0.5
CA,171100,1,2004,906,2,4,,,,,0.5
CA,171100,1,2004,914,25,50,,,,,0.5
CA,171100,1,2004,915,45,90,,,,,1.1777777777777778
CA,171100,1,2004,948,1,2,,,,,0.5
CA,171100,1,2004,949,7,14,,,,,0.9285714285714286
CA,171100,1,2004,996,12,24,,,,,4.625
CA,171100,1,2004,1058,46,92,,,,,1.8369565217391304
CA,171100,1,2004,1082,25,50,,,,,0.5
CA,171100,1,2004,1107,46,92,,,,,4.184782608695652
CA,171100,1,2004,1132,2,4,,,,,0.5
CA,171100,1,2004,1178,2,4,,,,,0.5
CA,171100,1,2004,1212,3,6,,,,,0.5
CA,171100,1,2004,1219,7,14,,,,,0.5
CA,171100,1,2004,1243,36,72,,,,,0.5416666666666666
CA,171100,1,2004,1245,16,32,,,,,0.59375
CA,171100,1,2004,1250,19,38,,,,,0.5
CA,171100,1,2004,1251,8,16,,,,,0.5
CA,171100,1,2004,1265,43,86,,,,,1.372093023255814
CA,171100,1,2004,1284,21,42,,,,,0.6428571428571429
CA,171100,1,2004,1311,50,100,,,,,3.78
CA,171100,1,2004,1320,3,6,,,,,1
CA,171100,1,2004,1322,3,6,,,,,0.5
CA,171100,1,2004,1371,39,78,,,,,0.5769230769230769
CA,171100,1,2004,1384,47,94,,,,,0.5
CA,171100,1,2004,1386,1,2,,,,,0.5
CA,171100,1,2004,1388,49,98,,,,,1.989795918367347
CA,171100,1,2004,1399,45,90,,,,,0.8666666666666667
CA,171100,1,2004,1400,12,24,,,,,1.4166666666666667
CA,171200,1,2004,1,3,6,,,,,0.5
CA,171200,1,2004,37,2,4,,,,,0.5
CA,171200,1,2004,38,5,10,,,,,0.5
CA,171200,1,2004,40,23,46,,,,,0.5
CA,171200,1,2004,48,6,12,,,,,0.5
CA,171200,1,2004,68,1,2,,,,,0.5
CA,171200,1,2004,84,42,84,,,,,0.5357142857142857
CA,171200,1,2004,85,10,20,,,,,0.5
CA,171200,1,2004,90,8,16,,,,,0.5
CA,171200,1,2004,155,1,2,,,,,0.5
CA,171200,1,2004,161,50,100,,,,,4.95
CA,171200,1,2004,165,35,70,,,,,0.6714285714285714
CA,171200,1,2004,239,4,8,,,,,0.5
CA,171200,1,2004,266,47,94,,,,,3.978723404255319
CA,171200,1,2004,287,1,2,,,,,0.5
CA,171200,1,2004,291,23,46,,,,,0.6304347826086957
CA,171200,1,2004,299,2,4,,,,,0.5
CA,171200,1,2004,310,2,4,,,,,2.25
CA,171200,1,2004,341,7,14,,,,,0.5
CA,171200,1,2004,349,34,68,,,,,0.5441176470588235
CA,171200,1,2004,353,4,8,,,,,0.5
CA,171200,1,2004,370,16,32,,,,,4.40625
CA,171200,1,2004,399,1,2,,,,,0.5
CA,171200,1,2004,406,1,2,,,,,0.5
CA,171200,1,2004,427,1,2,,,,,0.5
CA,171200,1,2004,481,3,6,,,,,1
CA,171200,1,2004,488,23,46,,,,,0.5
CA,171200,1,2004,509,4,8,,,,,0.5
CA,171200,1,2004,510,50,100,,,,,1.28
CA,171200,1,2004,520,4,8,,,,,1.25
CA,171200,1,2004,552,40,80,,,,,2.5125
CA,171200,1,2004,553,2,4,,,,,0.5
CA,171200,1,2004,563,3,6,,,,,0.5
CA,171200,1,2004,578,7,14,,,,,0.5
CA,171200,1,2004,581,5,10,,,,,0.5
CA,171200,1,2004,584,22,44,,,,,0.5
CA,171200,1,2004,596,2,4,,,,,0.5
CA,171200,1,2004,709,8,16,,,,,2.125
CA,171200,1,2004,731,2,4,,,,,0.5
CA,171200,1,2004,732,3,6,,,,,0.5
CA,171200,1,2004,763,2,4,,,,,0.5
CA,171200,1,2004,776,46,92,,,,,0.5
CA,171200,1,2004,788,1,2,,,,,0.5
CA,171200,1,2004,796,4,8,,,,,0.5
CA,171200,1,2004,799,13,26,,,,,0.5
CA,171200,1,2004,825,2,4,,,,,0.5
CA,171200,1,2004,827,1,2,,,,,0.5
CA,171200,1,2004,830,16,32,,,,,1.78125
CA,171200,1,2004,832,5,10,,,,,0.8
CA,171200,1,2004,833,27,54,,,,,0.5
CA,171200,1,2004,838,31,62,,,,,1.7903225806451613
CA,171200,1,2004,892,4,8,,,,,0.5
CA,171200,1,2004,914,12,24,,,,,0.5
CA,171200,1,2004,915,29,58,,,,,0.5
CA,171200,1,2004,926,1,2,,,,,0.5
CA,171200,1,2004,948,2,4,,,,,1.25
CA,171200,1,2004,949,7,14,,,,,1.1428571428571428
CA,171200,1,2004,996,1,2,,,,,0.5
CA,171200,1,2004,999,1,2,,,,,0.5
CA,171200,1,2004,1000,1,2,,,,,0.5
CA,171200,1,2004,1058,45,90,,,,,2.1777777777777776
CA,171200,1,2004,1082,46,92,,,,,0.5
CA,171200,1,2004,1107,10,20,,,,,0.95
CA,171200,1,2004,1132,2,4,,,,,0.5
CA,171200,1,2004,1168,1,2,,,,,0.5
CA,171200,1,2004,1188,3,6,,,,,0.5
CA,171200,1,2004,1243,2,4,,,,,0.5
CA,171200,1,2004,1250,24,48,,,,,0.5
CA,171200,1,2004,1251,23,46,,,,,0.6304347826086957
CA,171200,1,2004,1252,1,2,,,,,0.5
CA,171200,1,2004,1265,29,58,,,,,1.3448275862068966
CA,171200,1,2004,1282,6,12,,,,,0.5
CA,171200,1,2004,1298,1,2,,,,,0.5
CA,171200,1,2004,1311,36,72,,,,,0.6666666666666666
CA,171200,1,2004,1320,22,44,,,,,0.7045454545454546
CA,171200,1,2004,1322,2,4,,,,,0.5
CA,171200,1,2004,1355,2,4,,,,,0.5
CA,171200,1,2004,1371,45,90,,,,,0.5333333333333333
CA,171200,1,2004,1380,1,2,,,,,0.5
CA,171200,1,2004,1384,10,20,,,,,0.5
CA,171200,1,2004,1388,24,48,,,,,0.75
CA,171200,1,2004,1399,18,36,,,,,0.5
CA,61000,1,2005,40,1,10,,,,,0.5
CA,61000,1,2005,68,1,10,,,,,0.5
CA,61000,1,2005,161,1,10,,,,,0.5
CA,61000,1,2005,165,3,30,,,,,0.5
CA,61000,1,2005,225,2,20,,,,,0.5
CA,61000,1,2005,299,1,10,,,,,0.5
CA,61000,1,2005,581,2,20,,,,,0.5
CA,61000,1,2005,776,4,40,,,,,0.5
CA,61000,1,2005,910,10,100,,,,,75
CA,61000,1,2005,1000,1,10,,,,,0.5
CA,61000,1,2005,1082,3,30,,,,,0.5
CA,61000,1,2005,1320,2,20,,,,,0.5
CA,61000,1,2005,1371,3,30,,,,,0.5
CA,101000,1,2005,1275,79,80.61224489795919,,,,,0.5569620253164557
CA,111000,1,2005,11,1,1.0204081632653061,,,,,0.5
CA,111000,1,2005,50,1,1.0204081632653061,,,,,0.5
CA,111000,1,2005,71,66,67.34693877551021,,,,,0.5
CA,111000,1,2005,138,5,5.1020408163265305,,,,,0.5
CA,111000,1,2005,140,1,1.0204081632653061,,,,,20
CA,111000,1,2005,141,40,40.816326530612244,,,,,0.5
CA,111000,1,2005,161,94,95.91836734693878,,,,,0.6914893617021277
CA,111000,1,2005,165,14,14.285714285714286,,,,,0.7142857142857143
CA,111000,1,2005,196,2,2.0408163265306123,,,,,0.5
CA,111000,1,2005,297,98,100,,,,,2.4081632653061225
CA,111000,1,2005,298,97,98.9795918367347,,,,,6.206185567010309
CA,111000,1,2005,299,80,81.63265306122449,,,,,0.66875
CA,111000,1,2005,326,1,1.0204081632653061,,,,,0.5
CA,111000,1,2005,343,51,52.04081632653061,,,,,20.235294117647058
CA,111000,1,2005,404,1,1.0204081632653061,,,,,0.5
CA,111000,1,2005,451,37,37.755102040816325,,,,,0.5
CA,111000,1,2005,468,15,15.306122448979592,,,,,0.8
CA,111000,1,2005,481,1,1.0204081632653061,,,,,0.5
CA,111000,1,2005,519,9,9.183673469387756,,,,,0.5
CA,111000,1,2005,532,25,25.510204081632654,,,,,0.5
CA,111000,1,2005,553,46,46.93877551020408,,,,,0.5
CA,111000,1,2005,616,3,3.061224489795918,,,,,0.5
CA,111000,1,2005,680,2,2.0408163265306123,,,,,0.5
CA,111000,1,2005,776,4,4.081632653061225,,,,,0.5
CA,111000,1,2005,1006,9,9.183673469387756,,,,,1
CA,111000,1,2005,1058,6,6.122448979591836,,,,,0.75
CA,111000,1,2005,1132,36,36.734693877551024,,,,,0.5
CA,111000,1,2005,1161,3,3.061224489795918,,,,,1
CA,111000,1,2005,1212,35,35.714285714285715,,,,,0.5
CA,111000,1,2005,1265,98,100,,,,,8.744897959183673
CA,111000,1,2005,1275,6,6.122448979591836,,,,,0.75
CA,111000,1,2005,1371,94,95.91836734693878,,,,,0.5
CA,111000,1,2006,131,98,100,,,,,34.85204081632653
CA,111000,1,2006,140,97,98.9795918367347,,,,,26.396907216494846
CA,111000,1,2006,141,1,1.0204081632653061,,,,,0.5
CA,111000,1,2006,404,1,1.0204081632653061,,,,,0.5
CA,111000,1,2006,451,1,1.0204081632653061,,,,,0.5
CA,111000,1,2006,468,2,2.0408163265306123,,,,,0.5
CA,111000,1,2006,519,1,1.0204081632653061,,,,,0.5
CA,111000,1,2006,553,2,2.0408163265306123,,,,,0.5
CA,111000,1,2006,1371,1,1.0204081632653061,,,,,0.5
CA,121000,1,2006,38,18,18.367346938775512,,,,,0.5
CA,121000,1,2006,40,6,6.122448979591836,,,,,0.5
CA,121000,1,2006,41,4,4.081632653061225,,,,,0.5
CA,121000,1,2006,48,1,1.0204081632653061,,,,,0.5
CA,121000,1,2006,50,6,6.122448979591836,,,,,0.5
CA,121000,1,2006,71,63,64.28571428571429,,,,,0.5
CA,121000,1,2006,131,98,100,,,,,68.9795918367347
CA,121000,1,2006,138,97,98.9795918367347,,,,,1.7010309278350515
CA,121000,1,2006,141,26,26.53061224489796,,,,,0.5
CA,121000,1,2006,158,4,4.081632653061225,,,,,0.5
CA,121000,1,2006,161,88,89.79591836734694,,,,,1.0170454545454546
CA,121000,1,2006,165,37,37.755102040816325,,,,,0.5405405405405406
CA,121000,1,2006,167,1,1.0204081632653061,,,,,0.5
CA,121000,1,2006,197,3,3.061224489795918,,,,,0.5
CA,121000,1,2006,239,13,13.26530612244898,,,,,0.5
CA,121000,1,2006,283,46,46.93877551020408,,,,,1.391304347826087
CA,121000,1,2006,297,49,50,,,,,0.5
CA,121000,1,2006,298,59,60.204081632653065,,,,,0.5
CA,121000,1,2006,299,98,100,,,,,5.8979591836734695
CA,121000,1,2006,317,3,3.061224489795918,,,,,0.5
CA,121000,1,2006,343,97,98.9795918367347,,,,,12.407216494845361
CA,121000,1,2006,404,72,73.46938775510205,,,,,0.5
CA,121000,1,2006,439,86,87.75510204081633,,,,,7.174418604651163
CA,121000,1,2006,447,1,1.0204081632653061,,,,,0.5
CA,121000,1,2006,451,31,31.632653061224488,,,,,0.5
CA,121000,1,2006,481,9,9.183673469387756,,,,,6.944444444444445
CA,121000,1,2006,498,45,45.91836734693877,,,,,4.488888888888889
CA,121000,1,2006,519,16,16.3265306122449,,,,,0.5
CA,121000,1,2006,532,88,89.79591836734694,,,,,0.5
CA,121000,1,2006,553,47,47.95918367346939,,,,,0.5319148936170213
CA,121000,1,2006,581,1,1.0204081632653061,,,,,0.5
CA,121000,1,2006,584,1,1.0204081632653061,,,,,0.5
CA,121000,1,2006,616,7,7.142857142857143,,,,,0.5
CA,121000,1,2006,654,1,1.0204081632653061,,,,,0.5
CA,121000,1,2006,680,35,35.714285714285715,,,,,0.5
CA,121000,1,2006,731,1,1.0204081632653061,,,,,0.5
CA,121000,1,2006,760,23,23.46938775510204,,,,,0.5
CA,121000,1,2006,776,20,20.408163265306122,,,,,0.5
CA,121000,1,2006,791,14,14.285714285714286,,,,,0.6071428571428571
CA,121000,1,2006,806,1,1.0204081632653061,,,,,0.5
CA,121000,1,2006,849,17,17.346938775510203,,,,,0.8529411764705882
CA,121000,1,2006,873,1,1.0204081632653061,,,,,0.5
CA,121000,1,2006,915,1,1.0204081632653061,,,,,0.5
CA,121000,1,2006,993,8,8.16326530612245,,,,,0.5
CA,121000,1,2006,996,1,1.0204081632653061,,,,,0.5
CA,121000,1,2006,1006,36,36.734693877551024,,,,,0.7222222222222222
CA,121000,1,2006,1009,2,2.0408163265306123,,,,,0.5
CA,121000,1,2006,1058,90,91.83673469387755,,,,,0.9222222222222223
CA,121000,1,2006,1082,1,1.0204081632653061,,,,,0.5
CA,121000,1,2006,1091,2,2.0408163265306123,,,,,0.5
CA,121000,1,2006,1132,1,1.0204081632653061,,,,,0.5
CA,121000,1,2006,1134,1,1.0204081632653061,,,,,0.5
CA,121000,1,2006,1212,9,9.183673469387756,,,,,0.5
CA,121000,1,2006,1265,97,98.9795918367347,,,,,3.5257731958762886
CA,121000,1,2006,1271,28,28.571428571428573,,,,,0.5
CA,121000,1,2006,1287,1,1.0204081632653061,,,,,0.5
CA,121000,1,2006,1288,38,38.775510204081634,,,,,0.5
CA,121000,1,2006,1299,98,100,,,,,3.7244897959183674
CA,121000,1,2006,1371,88,89.79591836734694,,,,,0.8125
CA,131000,1,2006,1,2,5.882352941176471,,,,,3
CA,131000,1,2006,38,26,76.47058823529412,,,,,3.3653846153846154
CA,131000,1,2006,40,8,23.529411764705884,,,,,0.875
CA,131000,1,2006,161,33,97.05882352941177,,,,,61.833333333333336
CA,131000,1,2006,165,19,55.88235294117647,,,,,0.6578947368421053
CA,131000,1,2006,196,3,8.823529411764707,,,,,1.5
CA,131000,1,2006,200,5,14.705882352941176,,,,,1.2
CA,131000,1,2006,279,2,5.882352941176471,,,,,0.5
CA,131000,1,2006,297,5,14.705882352941176,,,,,0.5
CA,131000,1,2006,298,1,2.9411764705882355,,,,,0.5
CA,131000,1,2006,299,3,8.823529411764707,,,,,0.5
CA,131000,1,2006,317,1,2.9411764705882355,,,,,0.5
CA,131000,1,2006,326,5,14.705882352941176,,,,,1.4
CA,131000,1,2006,343,5,14.705882352941176,,,,,1.4
CA,131000,1,2006,377,5,14.705882352941176,,,,,0.5
CA,131000,1,2006,387,1,2.9411764705882355,,,,,0.5
CA,131000,1,2006,404,8,23.529411764705884,,,,,0.6875
CA,131000,1,2006,439,11,32.35294117647059,,,,,7.409090909090909
CA,131000,1,2006,452,3,8.823529411764707,,,,,1
CA,131000,1,2006,468,7,20.58823529411765,,,,,7.571428571428571
CA,131000,1,2006,481,6,17.647058823529413,,,,,3.9166666666666665
CA,131000,1,2006,532,9,26.470588235294116,,,,,0.5
CA,131000,1,2006,553,1,2.9411764705882355,,,,,0.5
CA,131000,1,2006,568,7,20.58823529411765,,,,,16.5
CA,131000,1,2006,578,2,5.882352941176471,,,,,0.5
CA,131000,1,2006,581,1,2.9411764705882355,,,,,0.5
CA,131000,1,2006,616,1,2.9411764705882355,,,,,0.5
CA,131000,1,2006,680,6,17.647058823529413,,,,,6.583333333333333
CA,131000,1,2006,702,1,2.9411764705882355,,,,,0.5
CA,131000,1,2006,776,18,52.94117647058823,,,,,0.5
CA,131000,1,2006,779,3,8.823529411764707,,,,,0.5
CA,131000,1,2006,783,3,8.823529411764707,,,,,8.666666666666666
CA,131000,1,2006,796,2,5.882352941176471,,,,,0.5
CA,131000,1,2006,827,2,5.882352941176471,,,,,1.25
CA,131000,1,2006,965,6,17.647058823529413,,,,,3.5833333333333335
CA,131000,1,2006,1046,2,5.882352941176471,,,,,0.5
CA,131000,1,2006,1058,29,85.29411764705883,,,,,0.9655172413793104
CA,131000,1,2006,1082,1,2.9411764705882355,,,,,0.5
CA,131000,1,2006,1132,9,26.470588235294116,,,,,0.6666666666666666
CA,131000,1,2006,1161,7,20.58823529411765,,,,,0.5
CA,131000,1,2006,1212,6,17.647058823529413,,,,,1.5833333333333333
CA,131000,1,2006,1265,6,17.647058823529413,,,,,0.5
CA,131000,1,2006,1271,16,47.05882352941177,,,,,1.75
CA,131000,1,2006,1356,1,2.9411764705882355,,,,,0.5
CA,131000,1,2006,1371,7,20.58823529411765,,,,,0.5
CA,131000,1,2006,1388,1,2.9411764705882355,,,,,0.5
CA,141100,1,2007,1,4,8,,,,,3
CA,141100,1,2007,48,4,8,,,,,0.5
CA,141100,1,2007,84,49,98,,,,,3.306122448979592
CA,141100,1,2007,90,6,12,,,,,0.5
CA,141100,1,2007,153,2,4,,,,,0.5
CA,141100,1,2007,161,39,78,,,,,2.7435897435897436
CA,141100,1,2007,165,47,94,,,,,1.8297872340425532
CA,141100,1,2007,166,5,10,,,,,1.1
CA,141100,1,2007,239,2,4,,,,,0.5
CA,141100,1,2007,279,8,16,,,,,1.5
CA,141100,1,2007,291,50,100,,,,,14.76
CA,141100,1,2007,297,33,66,,,,,0.8181818181818182
CA,141100,1,2007,317,25,50,,,,,0.62
CA,141100,1,2007,326,8,16,,,,,0.6875
CA,141100,1,2007,341,24,48,,,,,0.8125
CA,141100,1,2007,349,43,86,,,,,1.0348837209302326
CA,141100,1,2007,353,1,2,,,,,0.5
CA,141100,1,2007,424,4,8,,,,,0.5
CA,141100,1,2007,481,43,86,,,,,0.8953488372093024
CA,141100,1,2007,484,11,22,,,,,9.727272727272727
CA,141100,1,2007,488,24,48,,,,,0.5
CA,141100,1,2007,510,34,68,,,,,0.5882352941176471
CA,141100,1,2007,532,7,14,,,,,0.5
CA,141100,1,2007,552,43,86,,,,,0.8372093023255814
CA,141100,1,2007,553,1,2,,,,,0.5
CA,141100,1,2007,563,14,28,,,,,0.5
CA,141100,1,2007,578,11,22,,,,,0.7727272727272727
CA,141100,1,2007,581,1,2,,,,,0.5
CA,141100,1,2007,596,3,6,,,,,0.5
CA,141100,1,2007,616,2,4,,,,,0.5
CA,141100,1,2007,731,2,4,,,,,0.5
CA,141100,1,2007,732,2,4,,,,,0.5
CA,141100,1,2007,763,2,4,,,,,0.5
CA,141100,1,2007,776,14,28,,,,,0.6071428571428571
CA,141100,1,2007,799,36,72,,,,,0.5416666666666666
CA,141100,1,2007,827,8,16,,,,,0.5
CA,141100,1,2007,830,2,4,,,,,2.25
CA,141100,1,2007,833,45,90,,,,,1.211111111111111
CA,141100,1,2007,838,6,12,,,,,36.916666666666664
CA,141100,1,2007,914,7,14,,,,,0.5
CA,141100,1,2007,915,16,32,,,,,0.5
CA,141100,1,2007,948,50,100,,,,,8.18
CA,141100,1,2007,996,12,24,,,,,1.0833333333333333
CA,141100,1,2007,1009,1,2,,,,,0.5
CA,141100,1,2007,1058,37,74,,,,,0.581081081081081
CA,141100,1,2007,1082,2,4,,,,,0.5
CA,141100,1,2007,1091,1,2,,,,,0.5
CA,141100,1,2007,1096,1,2,,,,,0.5
CA,141100,1,2007,1107,50,100,,,,,33.57
CA,141100,1,2007,1178,1,2,,,,,0.5
CA,141100,1,2007,1218,5,10,,,,,2.8
CA,141100,1,2007,1243,13,26,,,,,1.3846153846153846
CA,141100,1,2007,1250,4,8,,,,,0.5
CA,141100,1,2007,1251,5,10,,,,,1.7
CA,141100,1,2007,1265,39,78,,,,,1.5128205128205128
CA,141100,1,2007,1271,46,92,,,,,0.717391304347826
CA,141100,1,2007,1282,1,2,,,,,0.5
CA,141100,1,2007,1311,29,58,,,,,0.6551724137931034
CA,141100,1,2007,1355,1,2,,,,,0.5
CA,141100,1,2007,1371,8,16,,,,,0.5
CA,141100,1,2007,1386,10,20,,,,,3.05
CA,141100,1,2007,1388,44,88,,,,,0.5
CA,141200,1,2007,40,17,34,,,,,0.5882352941176471
CA,141200,1,2007,93,5,10,,,,,0.5
CA,141200,1,2007,161,29,58,,,,,1.0862068965517242
CA,141200,1,2007,165,11,22,,,,,0.9090909090909091
CA,141200,1,2007,239,1,2,,,,,0.5
CA,141200,1,2007,317,2,4,,,,,0.5
CA,141200,1,2007,360,1,2,,,,,0.5
CA,141200,1,2007,552,1,2,,,,,0.5
CA,141200,1,2007,581,4,8,,,,,0.5
CA,141200,1,2007,776,39,78,,,,,0.5769230769230769
CA,141200,1,2007,838,2,4,,,,,1.25
CA,141200,1,2007,910,50,100,,,,,80.85
CA,141200,1,2007,915,7,14,,,,,0.5
CA,141200,1,2007,948,50,100,,,,,1.71
CA,141200,1,2007,1058,19,38,,,,,0.5
CA,141200,1,2007,1082,29,58,,,,,0.5
CA,141200,1,2007,1091,3,6,,,,,0.5
CA,141200,1,2007,1096,2,4,,,,,0.5
CA,141200,1,2007,1271,33,66,,,,,1.5606060606060606
CA,141200,1,2007,1292,2,4,,,,,0.5
CA,141200,1,2007,1320,26,52,,,,,0.5576923076923077
CA,141200,1,2007,1355,2,4,,,,,0.5
CA,141200,1,2007,1371,47,94,,,,,8.97872340425532
CA,141200,1,2007,1377,6,12,,,,,0.5
CA,141200,1,2007,1388,13,26,,,,,0.5
CA,141200,1,2007,1395,15,30,,,,,1.0666666666666667
CA,141200,1,2007,1398,22,44,,,,,9.090909090909092
CA,151000,1,2008,1,88,83.80952380952381,,,,,3.164772727272727
CA,151000,1,2008,38,1,0.9523809523809523,,,,,0.5
CA,151000,1,2008,40,2,1.9047619047619047,,,,,0.5
CA,151000,1,2008,48,6,5.714285714285714,,,,,0.5
CA,151000,1,2008,71,9,8.571428571428571,,,,,0.5
CA,151000,1,2008,84,2,1.9047619047619047,,,,,0.5
CA,151000,1,2008,130,77,73.33333333333333,,,,,0.7792207792207793
CA,151000,1,2008,131,55,52.38095238095238,,,,,25.827272727272728
CA,151000,1,2008,141,10,9.523809523809524,,,,,0.5
CA,151000,1,2008,143,76,72.38095238095238,,,,,0.8026315789473685
CA,151000,1,2008,148,9,8.571428571428571,,,,,0.5
CA,151000,1,2008,153,1,0.9523809523809523,,,,,0.5
CA,151000,1,2008,155,70,66.66666666666667,,,,,0.65
CA,151000,1,2008,158,97,92.38095238095238,,,,,0.9072164948453608
CA,151000,1,2008,161,76,72.38095238095238,,,,,1.0592105263157894
CA,151000,1,2008,165,53,50.476190476190474,,,,,0.5
CA,151000,1,2008,167,4,3.8095238095238093,,,,,0.5
CA,151000,1,2008,197,10,9.523809523809524,,,,,0.65
CA,151000,1,2008,200,103,98.0952380952381,,,,,15.470873786407767
CA,151000,1,2008,239,6,5.714285714285714,,,,,0.5
CA,151000,1,2008,277,2,1.9047619047619047,,,,,0.5
CA,151000,1,2008,279,3,2.857142857142857,,,,,0.5
CA,151000,1,2008,282,104,99.04761904761905,,,,,1.2644230769230769
CA,151000,1,2008,285,36,34.285714285714285,,,,,0.5
CA,151000,1,2008,297,98,93.33333333333333,,,,,0.7704081632653061
CA,151000,1,2008,298,100,95.23809523809524,,,,,1.235
CA,151000,1,2008,299,32,30.476190476190474,,,,,0.5
CA,151000,1,2008,313,2,1.9047619047619047,,,,,0.5
CA,151000,1,2008,315,1,0.9523809523809523,,,,,0.5
CA,151000,1,2008,326,69,65.71428571428571,,,,,0.8478260869565217
CA,151000,1,2008,341,68,64.76190476190476,,,,,0.5
CA,151000,1,2008,343,70,66.66666666666667,,,,,15.614285714285714
CA,151000,1,2008,349,3,2.857142857142857,,,,,0.5
CA,151000,1,2008,370,7,6.666666666666667,,,,,0.5
CA,151000,1,2008,377,100,95.23809523809524,,,,,0.605
CA,151000,1,2008,387,5,4.761904761904762,,,,,0.5
CA,151000,1,2008,390,2,1.9047619047619047,,,,,0.5
CA,151000,1,2008,394,27,25.714285714285715,,,,,0.5
CA,151000,1,2008,395,4,3.8095238095238093,,,,,0.5
CA,151000,1,2008,398,2,1.9047619047619047,,,,,0.5
CA,151000,1,2008,404,104,99.04761904761905,,,,,2.2115384615384617
CA,151000,1,2008,406,8,7.619047619047619,,,,,1.375
CA,151000,1,2008,412,42,40,,,,,0.9523809523809523
CA,151000,1,2008,438,8,7.619047619047619,,,,,0.875
CA,151000,1,2008,468,94,89.52380952380952,,,,,1.1595744680851063
CA,151000,1,2008,481,37,35.23809523809524,,,,,0.6756756756756757
CA,151000,1,2008,488,8,7.619047619047619,,,,,0.5
CA,151000,1,2008,489,73,69.52380952380952,,,,,0.5
CA,151000,1,2008,498,3,2.857142857142857,,,,,0.5
CA,151000,1,2008,505,1,0.9523809523809523,,,,,0.5
CA,151000,1,2008,510,1,0.9523809523809523,,,,,0.5
CA,151000,1,2008,519,3,2.857142857142857,,,,,0.5
CA,151000,1,2008,532,85,80.95238095238095,,,,,0.8176470588235294
CA,151000,1,2008,537,34,32.38095238095238,,,,,0.6764705882352942
CA,151000,1,2008,539,2,1.9047619047619047,,,,,0.5
CA,151000,1,2008,553,5,4.761904761904762,,,,,0.5
CA,151000,1,2008,558,5,4.761904761904762,,,,,2.2
CA,151000,1,2008,568,82,78.0952380952381,,,,,1.2804878048780488
CA,151000,1,2008,578,38,36.19047619047619,,,,,0.5394736842105263
CA,151000,1,2008,581,2,1.9047619047619047,,,,,0.5
CA,151000,1,2008,584,21,20,,,,,0.5714285714285714
CA,151000,1,2008,605,1,0.9523809523809523,,,,,0.5
CA,151000,1,2008,616,31,29.523809523809526,,,,,0.5483870967741935
CA,151000,1,2008,680,92,87.61904761904762,,,,,2.989130434782609
CA,151000,1,2008,707,2,1.9047619047619047,,,,,0.5
CA,151000,1,2008,717,3,2.857142857142857,,,,,0.5
CA,151000,1,2008,731,27,25.714285714285715,,,,,0.5
CA,151000,1,2008,732,1,0.9523809523809523,,,,,0.5
CA,151000,1,2008,760,9,8.571428571428571,,,,,2.111111111111111
CA,151000,1,2008,776,8,7.619047619047619,,,,,0.5
CA,151000,1,2008,791,1,0.9523809523809523,,,,,0.5
CA,151000,1,2008,827,94,89.52380952380952,,,,,1.3882978723404256
CA,151000,1,2008,828,4,3.8095238095238093,,,,,0.5
CA,151000,1,2008,831,3,2.857142857142857,,,,,0.5
CA,151000,1,2008,841,20,19.047619047619047,,,,,1.875
CA,151000,1,2008,849,79,75.23809523809524,,,,,0.5379746835443038
CA,151000,1,2008,867,28,26.666666666666668,,,,,0.5
CA,151000,1,2008,892,15,14.285714285714286,,,,,0.5
CA,151000,1,2008,902,8,7.619047619047619,,,,,0.875
CA,151000,1,2008,914,8,7.619047619047619,,,,,0.5
CA,151000,1,2008,915,1,0.9523809523809523,,,,,0.5
CA,151000,1,2008,942,5,4.761904761904762,,,,,0.5
CA,151000,1,2008,949,3,2.857142857142857,,,,,0.5
CA,151000,1,2008,965,83,79.04761904761905,,,,,1.3614457831325302
CA,151000,1,2008,996,48,45.714285714285715,,,,,3.1041666666666665
CA,151000,1,2008,1006,95,90.47619047619048,,,,,2.694736842105263
CA,151000,1,2008,1041,104,99.04761904761905,,,,,1.8269230769230769
CA,151000,1,2008,1058,1,0.9523809523809523,,,,,0.5
CA,151000,1,2008,1068,21,20,,,,,0.5
CA,151000,1,2008,1072,54,51.42857142857143,,,,,9.305555555555555
CA,151000,1,2008,1196,3,2.857142857142857,,,,,0.5
CA,151000,1,2008,1212,7,6.666666666666667,,,,,0.5
CA,151000,1,2008,1243,3,2.857142857142857,,,,,0.5
CA,151000,1,2008,1265,8,7.619047619047619,,,,,0.5
CA,151000,1,2008,1271,21,20,,,,,0.5714285714285714
CA,151000,1,2008,1288,9,8.571428571428571,,,,,0.8333333333333334
CA,151000,1,2008,1342,1,0.9523809523809523,,,,,0.5
CA,151000,1,2008,1356,93,88.57142857142857,,,,,19.629032258064516
CA,151000,1,2008,1371,29,27.61904761904762,,,,,0.5
CA,151000,1,2008,1386,7,6.666666666666667,,,,,1.1428571428571428
CA,151000,1,2008,1388,1,0.9523809523809523,,,,,0.5
CA,151000,1,2008,1409,4,3.8095238095238093,,,,,1.75
CA,21000,1,2009,11,12,12.244897959183673,,,,,9.625
CA,21000,1,2009,40,9,9.183673469387756,,,,,0.5
CA,21000,1,2009,71,49,50,,,,,0.5
CA,21000,1,2009,131,98,100,,,,,28.25
CA,21000,1,2009,138,50,51.02040816326531,,,,,0.71
CA,21000,1,2009,140,6,6.122448979591836,,,,,0.5
CA,21000,1,2009,141,15,15.306122448979592,,,,,0.5
CA,21000,1,2009,155,1,1.0204081632653061,,,,,0.5
CA,21000,1,2009,158,3,3.061224489795918,,,,,0.5
CA,21000,1,2009,161,27,27.551020408163264,,,,,0.5
CA,21000,1,2009,165,80,81.63265306122449,,,,,3.675
CA,21000,1,2009,196,1,1.0204081632653061,,,,,0.5
CA,21000,1,2009,197,3,3.061224489795918,,,,,0.5
CA,21000,1,2009,239,19,19.387755102040817,,,,,0.5
CA,21000,1,2009,297,21,21.428571428571427,,,,,0.5
CA,21000,1,2009,299,97,98.9795918367347,,,,,1.2628865979381443
CA,21000,1,2009,317,14,14.285714285714286,,,,,0.5
CA,21000,1,2009,396,1,1.0204081632653061,,,,,0.5
CA,21000,1,2009,404,13,13.26530612244898,,,,,0.5
CA,21000,1,2009,430,1,1.0204081632653061,,,,,0.5
CA,21000,1,2009,439,18,18.367346938775512,,,,,0.5833333333333334
CA,21000,1,2009,468,3,3.061224489795918,,,,,0.5
CA,21000,1,2009,519,96,97.95918367346938,,,,,0.8333333333333334
CA,21000,1,2009,581,19,19.387755102040817,,,,,0.5
CA,21000,1,2009,584,39,39.795918367346935,,,,,0.5769230769230769
CA,21000,1,2009,632,1,1.0204081632653061,,,,,0.5
CA,21000,1,2009,680,72,73.46938775510205,,,,,0.5
CA,21000,1,2009,702,1,1.0204081632653061,,,,,0.5
CA,21000,1,2009,776,7,7.142857142857143,,,,,0.5
CA,21000,1,2009,791,20,20.408163265306122,,,,,0.8
CA,21000,1,2009,849,2,2.0408163265306123,,,,,0.5
CA,21000,1,2009,867,42,42.857142857142854,,,,,0.5
CA,21000,1,2009,874,1,1.0204081632653061,,,,,0.5
CA,21000,1,2009,915,4,4.081632653061225,,,,,0.5
CA,21000,1,2009,993,2,2.0408163265306123,,,,,0.5
CA,21000,1,2009,1006,13,13.26530612244898,,,,,0.5
CA,21000,1,2009,1013,5,5.1020408163265305,,,,,0.5
CA,21000,1,2009,1058,90,91.83673469387755,,,,,4.177777777777778
CA,21000,1,2009,1132,3,3.061224489795918,,,,,0.5
CA,21000,1,2009,1134,1,1.0204081632653061,,,,,0.5
CA,21000,1,2009,1212,1,1.0204081632653061,,,,,0.5
CA,21000,1,2009,1265,65,66.3265306122449,,,,,2.2846153846153845
CA,21000,1,2009,1271,5,5.1020408163265305,,,,,0.5
CA,21000,1,2009,1299,73,74.48979591836735,,,,,7.1506849315068495
CA,21000,1,2009,1371,93,94.89795918367346,,,,,0.5
CA,21000,1,2009,1408,2,2.0408163265306123,,,,,0.5
CA,151000,1,2009,131,49,46.666666666666664,,,,,18.897959183673468
CA,151000,1,2009,849,3,2.857142857142857,,,,,0.5
CA,151000,1,2009,1072,49,46.666666666666664,,,,,3.163265306122449
CA,11000,2,2011,11,98,70,,,,,26.0765306122449
CA,11000,2,2011,40,4,2.857142857142857,,,,,0.5
CA,11000,2,2011,48,2,1.4285714285714286,,,,,0.5
CA,11000,2,2011,71,123,87.85714285714286,,,,,0.9024390243902439
CA,11000,2,2011,112,3,2.142857142857143,,,,,0.5
CA,11000,2,2011,117,2,1.4285714285714286,,,,,0.5
CA,11000,2,2011,131,37,26.428571428571427,,,,,0.5
CA,11000,2,2011,138,36,25.714285714285715,,,,,0.5833333333333334
CA,11000,2,2011,140,3,2.142857142857143,,,,,0.5
CA,11000,2,2011,141,4,2.857142857142857,,,,,0.5
CA,11000,2,2011,157,1,0.7142857142857143,,,,,0.5
CA,11000,2,2011,161,57,40.714285714285715,,,,,2.4298245614035086
CA,11000,2,2011,165,100,71.42857142857143,,,,,3.28
CA,11000,2,2011,239,5,3.5714285714285716,,,,,0.5
CA,11000,2,2011,246,1,0.7142857142857143,,,,,0.5
CA,11000,2,2011,283,12,8.571428571428571,,,,,0.625
CA,11000,2,2011,297,3,2.142857142857143,,,,,0.5
CA,11000,2,2011,299,12,8.571428571428571,,,,,0.5
CA,11000,2,2011,317,16,11.428571428571429,,,,,0.59375
CA,11000,2,2011,343,46,32.857142857142854,,,,,1.9565217391304348
CA,11000,2,2011,404,3,2.142857142857143,,,,,0.5
CA,11000,2,2011,428,2,1.4285714285714286,,,,,0.5
CA,11000,2,2011,431,1,0.7142857142857143,,,,,0.5
CA,11000,2,2011,439,89,63.57142857142857,,,,,7.764044943820225
CA,11000,2,2011,468,9,6.428571428571429,,,,,0.6666666666666666
CA,11000,2,2011,481,25,17.857142857142858,,,,,1.2
CA,11000,2,2011,498,37,26.428571428571427,,,,,1.7702702702702702
CA,11000,2,2011,504,5,3.5714285714285716,,,,,1.2
CA,11000,2,2011,519,5,3.5714285714285716,,,,,0.5
CA,11000,2,2011,581,8,5.714285714285714,,,,,0.5
CA,11000,2,2011,584,22,15.714285714285714,,,,,0.6363636363636364
CA,11000,2,2011,616,6,4.285714285714286,,,,,0.5
CA,11000,2,2011,632,22,15.714285714285714,,,,,1.7954545454545454
CA,11000,2,2011,680,7,5,,,,,0.5
CA,11000,2,2011,702,1,0.7142857142857143,,,,,0.5
CA,11000,2,2011,760,4,2.857142857142857,,,,,3.5
CA,11000,2,2011,776,1,0.7142857142857143,,,,,0.5
CA,11000,2,2011,791,8,5.714285714285714,,,,,0.6875
CA,11000,2,2011,867,1,0.7142857142857143,,,,,0.5
CA,11000,2,2011,913,3,2.142857142857143,,,,,0.5
CA,11000,2,2011,915,25,17.857142857142858,,,,,0.56
CA,11000,2,2011,975,1,0.7142857142857143,,,,,0.5
CA,11000,2,2011,993,5,3.5714285714285716,,,,,0.5
CA,11000,2,2011,1006,21,15,,,,,0.5714285714285714
CA,11000,2,2011,1010,1,0.7142857142857143,,,,,0.5
CA,11000,2,2011,1058,79,56.42857142857143,,,,,1.0379746835443038
CA,11000,2,2011,1091,1,0.7142857142857143,,,,,0.5
CA,11000,2,2011,1132,1,0.7142857142857143,,,,,0.5
CA,11000,2,2011,1212,2,1.4285714285714286,,,,,0.5
CA,11000,2,2011,1218,1,0.7142857142857143,,,,,0.5
CA,11000,2,2011,1245,1,0.7142857142857143,,,,,0.5
CA,11000,2,2011,1265,52,37.142857142857146,,,,,1.1153846153846154
CA,11000,2,2011,1271,12,8.571428571428571,,,,,3.25
CA,11000,2,2011,1282,3,2.142857142857143,,,,,0.5
CA,11000,2,2011,1299,67,47.857142857142854,,,,,1.126865671641791
CA,11000,2,2011,1371,37,26.428571428571427,,,,,0.5
CA,31000,2,2012,1,50,100,,,,,44.28
CA,31000,2,2012,40,1,2,,,,,0.5
CA,31000,2,2012,48,12,24,,,,,0.5
CA,31000,2,2012,50,1,2,,,,,0.5
CA,31000,2,2012,71,2,4,,,,,0.5
CA,31000,2,2012,84,24,48,,,,,0.5625
CA,31000,2,2012,85,1,2,,,,,0.5
CA,31000,2,2012,130,4,8,,,,,0.5
CA,31000,2,2012,141,1,2,,,,,0.5
CA,31000,2,2012,161,44,88,,,,,9.261363636363637
CA,31000,2,2012,165,31,62,,,,,4.838709677419355
CA,31000,2,2012,196,1,2,,,,,0.5
CA,31000,2,2012,200,26,52,,,,,2.3846153846153846
CA,31000,2,2012,239,23,46,,,,,0.5
CA,31000,2,2012,277,2,4,,,,,0.5
CA,31000,2,2012,299,42,84,,,,,8.55952380952381
CA,31000,2,2012,313,4,8,,,,,0.5
CA,31000,2,2012,326,18,36,,,,,0.5
CA,31000,2,2012,349,3,6,,,,,1
CA,31000,2,2012,370,1,2,,,,,0.5
CA,31000,2,2012,386,1,2,,,,,0.5
CA,31000,2,2012,392,17,34,,,,,0.5
CA,31000,2,2012,399,24,48,,,,,0.5
CA,31000,2,2012,406,4,8,,,,,0.875
CA,31000,2,2012,424,2,4,,,,,0.5
CA,31000,2,2012,431,1,2,,,,,0.5
CA,31000,2,2012,452,26,52,,,,,0.8846153846153846
CA,31000,2,2012,481,46,92,,,,,12
CA,31000,2,2012,510,1,2,,,,,0.5
CA,31000,2,2012,528,2,4,,,,,0.5
CA,31000,2,2012,543,1,2,,,,,0.5
CA,31000,2,2012,568,16,32,,,,,0.59375
CA,31000,2,2012,571,2,4,,,,,0.5
CA,31000,2,2012,596,12,24,,,,,0.5
CA,31000,2,2012,616,33,66,,,,,0.7424242424242424
CA,31000,2,2012,626,1,2,,,,,0.5
CA,31000,2,2012,649,1,2,,,,,0.5
CA,31000,2,2012,669,16,32,,,,,0.5
CA,31000,2,2012,682,3,6,,,,,0.5
CA,31000,2,2012,707,2,4,,,,,0.5
CA,31000,2,2012,732,29,58,,,,,0.6724137931034483
CA,31000,2,2012,779,18,36,,,,,1.8611111111111112
CA,31000,2,2012,783,6,12,,,,,0.5
CA,31000,2,2012,791,9,18,,,,,0.8333333333333334
CA,31000,2,2012,796,17,34,,,,,0.5
CA,31000,2,2012,833,2,4,,,,,0.5
CA,31000,2,2012,876,1,2,,,,,0.5
CA,31000,2,2012,892,3,6,,,,,0.5
CA,31000,2,2012,933,4,8,,,,,0.5
CA,31000,2,2012,996,22,44,,,,,0.5681818181818182
CA,31000,2,2012,1005,1,2,,,,,0.5
CA,31000,2,2012,1009,4,8,,,,,0.5
CA,31000,2,2012,1058,4,8,,,,,0.5
CA,31000,2,2012,1091,15,30,,,,,4.433333333333334
CA,31000,2,2012,1212,29,58,,,,,1.0172413793103448
CA,31000,2,2012,1219,11,22,,,,,0.9090909090909091
CA,31000,2,2012,1221,9,18,,,,,0.5
CA,31000,2,2012,1237,2,4,,,,,0.5
CA,31000,2,2012,1309,15,30,,,,,8.333333333333334
CA,31000,2,2012,1371,10,20,,,,,0.5
CA,31000,2,2012,1380,3,6,,,,,0.5
CA,31000,2,2012,1388,1,2,,,,,0.5
CA,41000,2,2012,11,23,23.46938775510204,,,,,1.5
CA,41000,2,2012,38,13,13.26530612244898,,,,,1
CA,41000,2,2012,40,12,12.244897959183673,,,,,0.5
CA,41000,2,2012,71,78,79.59183673469387,,,,,0.5192307692307693
CA,41000,2,2012,117,1,1.0204081632653061,,,,,0.5
CA,41000,2,2012,141,6,6.122448979591836,,,,,0.5
CA,41000,2,2012,158,2,2.0408163265306123,,,,,0.5
CA,41000,2,2012,161,58,59.183673469387756,,,,,3.6810344827586206
CA,41000,2,2012,165,71,72.44897959183673,,,,,1.9647887323943662
CA,41000,2,2012,200,1,1.0204081632653061,,,,,0.5
CA,41000,2,2012,246,2,2.0408163265306123,,,,,0.5
CA,41000,2,2012,297,97,98.9795918367347,,,,,6.701030927835052
CA,41000,2,2012,299,2,2.0408163265306123,,,,,0.5
CA,41000,2,2012,341,5,5.1020408163265305,,,,,0.5
CA,41000,2,2012,343,2,2.0408163265306123,,,,,0.5
CA,41000,2,2012,438,1,1.0204081632653061,,,,,0.5
CA,41000,2,2012,452,1,1.0204081632653061,,,,,2
CA,41000,2,2012,468,28,28.571428571428573,,,,,4.017857142857143
CA,41000,2,2012,510,4,4.081632653061225,,,,,0.5
CA,41000,2,2012,519,16,16.3265306122449,,,,,0.5
CA,41000,2,2012,532,63,64.28571428571429,,,,,0.5714285714285714
CA,41000,2,2012,581,49,50,,,,,0.5
CA,41000,2,2012,584,2,2.0408163265306123,,,,,0.5
CA,41000,2,2012,680,3,3.061224489795918,,,,,0.5
CA,41000,2,2012,731,3,3.061224489795918,,,,,1
CA,41000,2,2012,760,2,2.0408163265306123,,,,,0.5
CA,41000,2,2012,776,8,8.16326530612245,,,,,0.5
CA,41000,2,2012,791,1,1.0204081632653061,,,,,0.5
CA,41000,2,2012,913,1,1.0204081632653061,,,,,0.5
CA,41000,2,2012,915,3,3.061224489795918,,,,,0.5
CA,41000,2,2012,941,7,7.142857142857143,,,,,0.5
CA,41000,2,2012,993,2,2.0408163265306123,,,,,0.5
CA,41000,2,2012,1041,2,2.0408163265306123,,,,,0.5
CA,41000,2,2012,1058,33,33.673469387755105,,,,,0.8484848484848485
CA,41000,2,2012,1132,14,14.285714285714286,,,,,0.5
CA,41000,2,2012,1157,1,1.0204081632653061,,,,,0.5
CA,41000,2,2012,1265,53,54.08163265306123,,,,,2.0377358490566038
CA,41000,2,2012,1271,22,22.448979591836736,,,,,0.5
CA,41000,2,2012,1371,85,86.73469387755102,,,,,0.5176470588235295
CA,41000,2,2012,1388,1,1.0204081632653061,,,,,0.5
CA,43000,2,2012,4,2,4,,,,,0.5
CA,43000,2,2012,11,3,6,,,,,0.5
CA,43000,2,2012,38,5,10,,,,,0.5
CA,43000,2,2012,40,4,8,,,,,0.5
CA,43000,2,2012,71,47,94,,,,,0.5319148936170213
CA,43000,2,2012,93,1,2,,,,,0.5
CA,43000,2,2012,117,1,2,,,,,0.5
CA,43000,2,2012,130,3,6,,,,,0.5
CA,43000,2,2012,131,7,14,,,,,0.5
CA,43000,2,2012,133,20,40,,,,,5.225
CA,43000,2,2012,155,10,20,,,,,0.5
CA,43000,2,2012,156,5,10,,,,,0.5
CA,43000,2,2012,158,7,14,,,,,0.5
CA,43000,2,2012,161,37,74,,,,,1.337837837837838
CA,43000,2,2012,165,27,54,,,,,1.0185185185185186
CA,43000,2,2012,167,1,2,,,,,0.5
CA,43000,2,2012,199,31,62,,,,,28.032258064516128
CA,43000,2,2012,279,7,14,,,,,0.7142857142857143
CA,43000,2,2012,291,2,4,,,,,0.5
CA,43000,2,2012,297,50,100,,,,,9.49
CA,43000,2,2012,298,7,14,,,,,4.928571428571429
CA,43000,2,2012,299,20,40,,,,,0.75
CA,43000,2,2012,326,1,2,,,,,0.5
CA,43000,2,2012,341,1,2,,,,,0.5
CA,43000,2,2012,343,49,98,,,,,4.959183673469388
CA,43000,2,2012,377,23,46,,,,,0.6304347826086957
CA,43000,2,2012,404,1,2,,,,,0.5
CA,43000,2,2012,424,1,2,,,,,0.5
CA,43000,2,2012,452,6,12,,,,,0.5
CA,43000,2,2012,468,50,100,,,,,4.6
CA,43000,2,2012,510,5,10,,,,,0.5
CA,43000,2,2012,519,2,4,,,,,0.5
CA,43000,2,2012,525,4,8,,,,,0.875
CA,43000,2,2012,532,33,66,,,,,0.5454545454545454
CA,43000,2,2012,581,12,24,,,,,0.5
CA,43000,2,2012,584,8,16,,,,,0.6875
CA,43000,2,2012,731,24,48,,,,,1.1041666666666667
CA,43000,2,2012,732,8,16,,,,,1.5625
CA,43000,2,2012,776,6,12,,,,,0.5
CA,43000,2,2012,827,6,12,,,,,0.5
CA,43000,2,2012,838,9,18,,,,,6.5
CA,43000,2,2012,891,1,2,,,,,0.5
CA,43000,2,2012,913,2,4,,,,,0.5
CA,43000,2,2012,914,17,34,,,,,1.1764705882352942
CA,43000,2,2012,941,19,38,,,,,0.5
CA,43000,2,2012,965,1,2,,,,,0.5
CA,43000,2,2012,993,3,6,,,,,0.5
CA,43000,2,2012,996,2,4,,,,,1.25
CA,43000,2,2012,1006,7,14,,,,,0.7142857142857143
CA,43000,2,2012,1041,28,56,,,,,0.8928571428571429
CA,43000,2,2012,1058,7,14,,,,,0.9285714285714286
CA,43000,2,2012,1091,9,18,,,,,0.6666666666666666
CA,43000,2,2012,1132,3,6,,,,,0.5
CA,43000,2,2012,1265,45,90,,,,,2.5444444444444443
CA,43000,2,2012,1271,15,30,,,,,0.7
CA,43000,2,2012,1299,6,12,,,,,2.4166666666666665
CA,43000,2,2012,1371,36,72,,,,,0.5
CA,51000,2,2012,1,7,7.142857142857143,,,,,0.7142857142857143
CA,51000,2,2012,38,1,1.0204081632653061,,,,,0.5
CA,51000,2,2012,40,35,35.714285714285715,,,,,0.5
CA,51000,2,2012,48,24,24.489795918367346,,,,,0.5
CA,51000,2,2012,68,1,1.0204081632653061,,,,,0.5
CA,51000,2,2012,84,87,88.77551020408163,,,,,1.5
CA,51000,2,2012,130,15,15.306122448979592,,,,,0.6
CA,51000,2,2012,132,8,8.16326530612245,,,,,1.75
CA,51000,2,2012,141,4,4.081632653061225,,,,,0.5
CA,51000,2,2012,143,41,41.83673469387755,,,,,1.0975609756097562
CA,51000,2,2012,151,1,1.0204081632653061,,,,,0.5
CA,51000,2,2012,153,4,4.081632653061225,,,,,0.875
CA,51000,2,2012,155,6,6.122448979591836,,,,,0.75
CA,51000,2,2012,158,8,8.16326530612245,,,,,0.5
CA,51000,2,2012,161,93,94.89795918367346,,,,,2.7688172043010755
CA,51000,2,2012,165,23,23.46938775510204,,,,,0.5
CA,51000,2,2012,200,31,31.632653061224488,,,,,0.5
CA,51000,2,2012,279,7,7.142857142857143,,,,,0.5
CA,51000,2,2012,282,20,20.408163265306122,,,,,1.5
CA,51000,2,2012,291,8,8.16326530612245,,,,,0.5
CA,51000,2,2012,297,94,95.91836734693878,,,,,1.5585106382978724
CA,51000,2,2012,299,14,14.285714285714286,,,,,0.5
CA,51000,2,2012,326,35,35.714285714285715,,,,,1.4428571428571428
CA,51000,2,2012,341,71,72.44897959183673,,,,,1.1830985915492958
CA,51000,2,2012,343,12,12.244897959183673,,,,,6.416666666666667
CA,51000,2,2012,358,23,23.46938775510204,,,,,1.4130434782608696
CA,51000,2,2012,370,1,1.0204081632653061,,,,,0.5
CA,51000,2,2012,382,6,6.122448979591836,,,,,1
CA,51000,2,2012,394,9,9.183673469387756,,,,,0.5
CA,51000,2,2012,399,1,1.0204081632653061,,,,,0.5
CA,51000,2,2012,424,22,22.448979591836736,,,,,1.8636363636363635
CA,51000,2,2012,427,2,2.0408163265306123,,,,,0.5
CA,51000,2,2012,447,1,1.0204081632653061,,,,,2
CA,51000,2,2012,452,37,37.755102040816325,,,,,2.945945945945946
CA,51000,2,2012,468,9,9.183673469387756,,,,,1.6111111111111112
CA,51000,2,2012,481,19,19.387755102040817,,,,,1.7105263157894737
CA,51000,2,2012,488,32,32.6530612244898,,,,,0.5
CA,51000,2,2012,489,2,2.0408163265306123,,,,,0.5
CA,51000,2,2012,510,35,35.714285714285715,,,,,0.6285714285714286
CA,51000,2,2012,519,1,1.0204081632653061,,,,,0.5
CA,51000,2,2012,520,4,4.081632653061225,,,,,0.5
CA,51000,2,2012,532,52,53.06122448979592,,,,,0.5288461538461539
CA,51000,2,2012,539,6,6.122448979591836,,,,,0.5
CA,51000,2,2012,552,13,13.26530612244898,,,,,0.6153846153846154
CA,51000,2,2012,553,1,1.0204081632653061,,,,,0.5
CA,51000,2,2012,568,35,35.714285714285715,,,,,2.7857142857142856
CA,51000,2,2012,578,11,11.224489795918368,,,,,0.9090909090909091
CA,51000,2,2012,584,34,34.69387755102041,,,,,3.1470588235294117
CA,51000,2,2012,596,2,2.0408163265306123,,,,,0.5
CA,51000,2,2012,605,5,5.1020408163265305,,,,,0.5
CA,51000,2,2012,680,22,22.448979591836736,,,,,0.5681818181818182
CA,51000,2,2012,707,10,10.204081632653061,,,,,0.65
CA,51000,2,2012,731,9,9.183673469387756,,,,,3.1666666666666665
CA,51000,2,2012,732,23,23.46938775510204,,,,,1.3478260869565217
CA,51000,2,2012,763,15,15.306122448979592,,,,,4.3
CA,51000,2,2012,765,14,14.285714285714286,,,,,3.8214285714285716
CA,51000,2,2012,776,32,32.6530612244898,,,,,0.5
CA,51000,2,2012,791,11,11.224489795918368,,,,,0.7727272727272727
CA,51000,2,2012,796,8,8.16326530612245,,,,,0.5
CA,51000,2,2012,809,2,2.0408163265306123,,,,,0.5
CA,51000,2,2012,827,40,40.816326530612244,,,,,1.2
CA,51000,2,2012,833,5,5.1020408163265305,,,,,0.5
CA,51000,2,2012,838,94,95.91836734693878,,,,,78.83510638297872
CA,51000,2,2012,841,3,3.061224489795918,,,,,1.6666666666666667
CA,51000,2,2012,892,10,10.204081632653061,,,,,0.5
CA,51000,2,2012,914,2,2.0408163265306123,,,,,0.5
CA,51000,2,2012,915,5,5.1020408163265305,,,,,0.5
CA,51000,2,2012,921,1,1.0204081632653061,,,,,2
CA,51000,2,2012,926,1,1.0204081632653061,,,,,0.5
CA,51000,2,2012,965,24,24.489795918367346,,,,,0.6458333333333334
CA,51000,2,2012,996,2,2.0408163265306123,,,,,2
CA,51000,2,2012,1006,30,30.612244897959183,,,,,3.65
CA,51000,2,2012,1058,6,6.122448979591836,,,,,0.5
CA,51000,2,2012,1068,1,1.0204081632653061,,,,,0.5
CA,51000,2,2012,1082,5,5.1020408163265305,,,,,0.5
CA,51000,2,2012,1091,9,9.183673469387756,,,,,0.5
CA,51000,2,2012,1157,19,19.387755102040817,,,,,0.5
CA,51000,2,2012,1199,2,2.0408163265306123,,,,,0.5
CA,51000,2,2012,1212,1,1.0204081632653061,,,,,0.5
CA,51000,2,2012,1218,19,19.387755102040817,,,,,3.0789473684210527
CA,51000,2,2012,1243,4,4.081632653061225,,,,,1.375
CA,51000,2,2012,1265,42,42.857142857142854,,,,,0.6785714285714286
CA,51000,2,2012,1271,52,53.06122448979592,,,,,0.5865384615384616
CA,51000,2,2012,1282,5,5.1020408163265305,,,,,0.5
CA,51000,2,2012,1283,3,3.061224489795918,,,,,0.5
CA,51000,2,2012,1311,4,4.081632653061225,,,,,0.5
CA,51000,2,2012,1320,2,2.0408163265306123,,,,,0.5
CA,51000,2,2012,1371,68,69.38775510204081,,,,,0.5661764705882353
CA,51000,2,2012,1375,3,3.061224489795918,,,,,0.5
CA,51000,2,2012,1388,39,39.795918367346935,,,,,0.5769230769230769
CA,53000,2,2012,37,4,40,,,,,0.5
CA,53000,2,2012,38,3,30,,,,,0.5
CA,53000,2,2012,40,8,80,,,,,1.5625
CA,53000,2,2012,68,5,50,,,,,0.5
CA,53000,2,2012,71,2,20,,,,,0.5
CA,53000,2,2012,84,8,80,,,,,0.9375
CA,53000,2,2012,93,1,10,,,,,0.5
CA,53000,2,2012,117,1,10,,,,,0.5
CA,53000,2,2012,138,1,10,,,,,0.5
CA,53000,2,2012,141,1,10,,,,,0.5
CA,53000,2,2012,157,1,10,,,,,0.5
CA,53000,2,2012,161,10,100,,,,,2.45
CA,53000,2,2012,165,4,40,,,,,3.125
CA,53000,2,2012,167,2,20,,,,,0.5
CA,53000,2,2012,224,1,10,,,,,2
CA,53000,2,2012,297,1,10,,,,,0.5
CA,53000,2,2012,310,2,20,,,,,0.5
CA,53000,2,2012,326,1,10,,,,,0.5
CA,53000,2,2012,341,1,10,,,,,0.5
CA,53000,2,2012,370,2,20,,,,,0.5
CA,53000,2,2012,424,1,10,,,,,0.5
CA,53000,2,2012,452,4,40,,,,,1.625
CA,53000,2,2012,453,1,10,,,,,0.5
CA,53000,2,2012,488,2,20,,,,,0.5
CA,53000,2,2012,510,10,100,,,,,5.15
CA,53000,2,2012,528,1,10,,,,,0.5
CA,53000,2,2012,532,2,20,,,,,0.5
CA,53000,2,2012,539,2,20,,,,,0.5
CA,53000,2,2012,563,7,70,,,,,1.7142857142857142
CA,53000,2,2012,584,1,10,,,,,0.5
CA,53000,2,2012,596,6,60,,,,,0.5
CA,53000,2,2012,680,8,80,,,,,1.3125
CA,53000,2,2012,707,2,20,,,,,0.5
CA,53000,2,2012,732,1,10,,,,,0.5
CA,53000,2,2012,763,7,70,,,,,0.5
CA,53000,2,2012,776,8,80,,,,,1.0625
CA,53000,2,2012,788,7,70,,,,,4.214285714285714
CA,53000,2,2012,796,1,10,,,,,0.5
CA,53000,2,2012,832,2,20,,,,,5.75
CA,53000,2,2012,892,1,10,,,,,0.5
CA,53000,2,2012,910,10,100,,,,,13.1
CA,53000,2,2012,915,10,100,,,,,0.5
CA,53000,2,2012,1082,4,40,,,,,0.5
CA,53000,2,2012,1091,6,60,,,,,0.75
CA,53000,2,2012,1096,7,70,,,,,0.5
CA,53000,2,2012,1161,7,70,,,,,0.5
CA,53000,2,2012,1186,4,40,,,,,0.5
CA,53000,2,2012,1271,9,90,,,,,1.3333333333333333
CA,53000,2,2012,1282,1,10,,,,,0.5
CA,53000,2,2012,1320,1,10,,,,,0.5
CA,53000,2,2012,1371,7,70,,,,,1
CA,53000,2,2012,1377,9,90,,,,,0.5
CA,53000,2,2012,1386,1,10,,,,,0.5
CA,53000,2,2012,1388,9,90,,,,,1.3333333333333333
CA,53000,2,2012,1393,1,10,,,,,0.5
CA,53000,2,2012,1398,9,90,,,,,7.388888888888889
CA,71000,2,2013,11,47,47.95918367346939,,,,,13.904255319148936
CA,71000,2,2013,38,3,3.061224489795918,,,,,0.5
CA,71000,2,2013,68,1,1.0204081632653061,,,,,0.5
CA,71000,2,2013,71,21,21.428571428571427,,,,,0.5
CA,71000,2,2013,161,88,89.79591836734694,,,,,18.073863636363637
CA,71000,2,2013,165,90,91.83673469387755,,,,,5.35
CA,71000,2,2013,297,52,53.06122448979592,,,,,0.5288461538461539
CA,71000,2,2013,298,26,26.53061224489796,,,,,0.5
CA,71000,2,2013,299,26,26.53061224489796,,,,,0.5576923076923077
CA,71000,2,2013,317,3,3.061224489795918,,,,,1.5
CA,71000,2,2013,343,16,16.3265306122449,,,,,4.15625
CA,71000,2,2013,438,4,4.081632653061225,,,,,0.5
CA,71000,2,2013,439,59,60.204081632653065,,,,,6.279661016949152
CA,71000,2,2013,452,1,1.0204081632653061,,,,,0.5
CA,71000,2,2013,468,1,1.0204081632653061,,,,,2
CA,71000,2,2013,498,3,3.061224489795918,,,,,0.5
CA,71000,2,2013,532,21,21.428571428571427,,,,,0.5
CA,71000,2,2013,581,14,14.285714285714286,,,,,0.5
CA,71000,2,2013,584,2,2.0408163265306123,,,,,0.5
CA,71000,2,2013,776,3,3.061224489795918,,,,,0.5
CA,71000,2,2013,849,1,1.0204081632653061,,,,,0.5
CA,71000,2,2013,1009,1,1.0204081632653061,,,,,0.5
CA,71000,2,2013,1058,14,14.285714285714286,,,,,0.5
CA,71000,2,2013,1132,79,80.61224489795919,,,,,0.5379746835443038
CA,71000,2,2013,1265,6,6.122448979591836,,,,,0.75
CA,71000,2,2013,1271,2,2.0408163265306123,,,,,0.5
CA,71000,2,2013,1299,4,4.081632653061225,,,,,0.875
CA,71000,2,2013,1371,82,83.6734693877551,,,,,0.7621951219512195
CA,71000,2,2013,1388,13,13.26530612244898,,,,,0.5
CA,81000,2,2013,40,23,23.46938775510204,,,,,0.5
CA,81000,2,2013,71,81,82.65306122448979,,,,,0.5740740740740741
CA,81000,2,2013,112,1,1.0204081632653061,,,,,0.5
CA,81000,2,2013,131,98,100,,,,,6.622448979591836
CA,81000,2,2013,138,97,98.9795918367347,,,,,2.0412371134020617
CA,81000,2,2013,141,22,22.448979591836736,,,,,0.5
CA,81000,2,2013,158,2,2.0408163265306123,,,,,0.5
CA,81000,2,2013,161,88,89.79591836734694,,,,,1.5454545454545454
CA,81000,2,2013,165,97,98.9795918367347,,,,,4.154639175257732
CA,81000,2,2013,197,7,7.142857142857143,,,,,0.5
CA,81000,2,2013,239,8,8.16326530612245,,,,,0.5
CA,81000,2,2013,282,6,6.122448979591836,,,,,0.75
CA,81000,2,2013,283,10,10.204081632653061,,,,,4.45
CA,81000,2,2013,297,41,41.83673469387755,,,,,0.5365853658536586
CA,81000,2,2013,299,98,100,,,,,9.290816326530612
CA,81000,2,2013,343,67,68.36734693877551,,,,,2.4477611940298507
CA,81000,2,2013,404,47,47.95918367346939,,,,,0.5
CA,81000,2,2013,439,51,52.04081632653061,,,,,2.8333333333333335
CA,81000,2,2013,451,8,8.16326530612245,,,,,0.5
CA,81000,2,2013,498,18,18.367346938775512,,,,,1.0833333333333333
CA,81000,2,2013,519,12,12.244897959183673,,,,,0.5
CA,81000,2,2013,532,66,67.34693877551021,,,,,0.5
CA,81000,2,2013,581,21,21.428571428571427,,,,,0.6428571428571429
CA,81000,2,2013,584,6,6.122448979591836,,,,,0.5
CA,81000,2,2013,680,88,89.79591836734694,,,,,1.3295454545454546
CA,81000,2,2013,731,1,1.0204081632653061,,,,,0.5
CA,81000,2,2013,732,1,1.0204081632653061,,,,,0.5
CA,81000,2,2013,760,26,26.53061224489796,,,,,0.6153846153846154
CA,81000,2,2013,776,39,39.795918367346935,,,,,0.5
CA,81000,2,2013,791,20,20.408163265306122,,,,,1.625
CA,81000,2,2013,873,1,1.0204081632653061,,,,,0.5
CA,81000,2,2013,915,3,3.061224489795918,,,,,0.5
CA,81000,2,2013,993,21,21.428571428571427,,,,,0.5
CA,81000,2,2013,1006,4,4.081632653061225,,,,,0.5
CA,81000,2,2013,1058,85,86.73469387755102,,,,,1.2705882352941176
CA,81000,2,2013,1082,7,7.142857142857143,,,,,0.5
CA,81000,2,2013,1132,33,33.673469387755105,,,,,0.5
CA,81000,2,2013,1168,1,1.0204081632653061,,,,,0.5
CA,81000,2,2013,1265,98,100,,,,,10.591836734693878
CA,81000,2,2013,1271,15,15.306122448979592,,,,,0.5
CA,81000,2,2013,1299,98,100,,,,,2.8418367346938775
CA,81000,2,2013,1371,90,91.83673469387755,,,,,0.95
CA,91000,2,2014,1,1,1.0204081632653061,0,0,0,0,0.5
CA,91000,2,2014,23,3,3.061224489795918,0,0,0,0,0.5
CA,91000,2,2014,38,4,4.081632653061225,0,0,0,0,0.5
CA,91000,2,2014,40,11,11.224489795918368,2,1,18.181818181818183,9.090909090909092,0.6363636363636364
CA,91000,2,2014,48,33,33.673469387755105,2,1,6.0606060606060606,3.0303030303030303,0.5
CA,91000,2,2014,84,15,15.306122448979592,0,0,0,0,0.5
CA,91000,2,2014,90,38,38.775510204081634,0,0,0,0,1.7105263157894737
CA,91000,2,2014,130,10,10.204081632653061,0,0,0,0,1.45
CA,91000,2,2014,143,19,19.387755102040817,0,0,0,0,3.4473684210526314
CA,91000,2,2014,155,1,1.0204081632653061,0,0,0,0,0.5
CA,91000,2,2014,161,84,85.71428571428571,78,77,92.85714285714286,91.66666666666667,3.4761904761904763
CA,91000,2,2014,165,24,24.489795918367346,8,7,33.333333333333336,29.166666666666668,1.1666666666666667
CA,91000,2,2014,200,76,77.55102040816327,68,68,89.47368421052632,89.47368421052632,1.605263157894737
CA,91000,2,2014,239,9,9.183673469387756,0,0,0,0,0.5
CA,91000,2,2014,297,80,81.63265306122449,47,37,58.75,46.25,0.96875
CA,91000,2,2014,299,90,91.83673469387755,6,1,6.666666666666667,1.1111111111111112,2.311111111111111
CA,91000,2,2014,326,36,36.734693877551024,8,6,22.22222222222222,16.666666666666668,0.5416666666666666
CA,91000,2,2014,341,11,11.224489795918368,7,7,63.63636363636363,63.63636363636363,0.5
CA,91000,2,2014,349,24,24.489795918367346,0,0,0,0,0.625
CA,91000,2,2014,358,9,9.183673469387756,0,0,0,0,0.5
CA,91000,2,2014,370,2,2.0408163265306123,0,0,0,0,0.5
CA,91000,2,2014,387,2,2.0408163265306123,0,0,0,0,0.5
CA,91000,2,2014,394,2,2.0408163265306123,1,1,50,50,0.5
CA,91000,2,2014,395,1,1.0204081632653061,0,0,0,0,0.5
CA,91000,2,2014,424,12,12.244897959183673,0,0,0,0,0.75
CA,91000,2,2014,439,16,16.3265306122449,1,1,6.25,6.25,17.65625
CA,91000,2,2014,447,10,10.204081632653061,0,0,0,0,1.1
CA,91000,2,2014,451,7,7.142857142857143,1,1,14.285714285714286,14.285714285714286,0.5
CA,91000,2,2014,452,91,92.85714285714286,43,33,47.252747252747255,36.26373626373626,7.6098901098901095
CA,91000,2,2014,481,44,44.89795918367347,0,0,0,0,0.9772727272727273
CA,91000,2,2014,488,7,7.142857142857143,2,2,28.571428571428573,28.571428571428573,0.5
CA,91000,2,2014,510,18,18.367346938775512,6,5,33.333333333333336,27.77777777777778,0.5
CA,91000,2,2014,532,49,50,2,2,4.081632653061225,4.081632653061225,0.5
CA,91000,2,2014,552,52,53.06122448979592,0,0,0,0,3.1826923076923075
CA,91000,2,2014,553,2,2.0408163265306123,1,1,50,50,0.5
CA,91000,2,2014,563,12,12.244897959183673,0,0,0,0,0.5
CA,91000,2,2014,568,82,83.6734693877551,1,0,1.2195121951219512,0,21.536585365853657
CA,91000,2,2014,578,2,2.0408163265306123,0,0,0,0,0.5
CA,91000,2,2014,596,3,3.061224489795918,0,0,0,0,0.5
CA,91000,2,2014,605,12,12.244897959183673,1,0,8.333333333333334,0,0.5
CA,91000,2,2014,616,2,2.0408163265306123,0,0,0,0,0.5
CA,91000,2,2014,680,1,1.0204081632653061,0,0,0,0,0.5
CA,91000,2,2014,702,17,17.346938775510203,1,1,5.882352941176471,5.882352941176471,0.5
CA,91000,2,2014,707,2,2.0408163265306123,0,0,0,0,0.5
CA,91000,2,2014,731,10,10.204081632653061,0,0,0,0,0.8
CA,91000,2,2014,732,10,10.204081632653061,0,0,0,0,0.5
CA,91000,2,2014,768,4,4.081632653061225,0,0,0,0,0.5
CA,91000,2,2014,776,3,3.061224489795918,1,0,33.333333333333336,0,0.5
CA,91000,2,2014,791,11,11.224489795918368,2,2,18.181818181818183,18.181818181818183,0.5
CA,91000,2,2014,796,2,2.0408163265306123,1,1,50,50,0.5
CA,91000,2,2014,827,45,45.91836734693877,4,2,8.88888888888889,4.444444444444445,0.5333333333333333
CA,91000,2,2014,833,48,48.97959183673469,0,0,0,0,0.5625
CA,91000,2,2014,838,19,19.387755102040817,0,0,0,0,15.263157894736842
CA,91000,2,2014,873,1,1.0204081632653061,0,0,0,0,0.5
CA,91000,2,2014,892,1,1.0204081632653061,0,0,0,0,0.5
CA,91000,2,2014,902,29,29.591836734693878,0,0,0,0,6.827586206896552
CA,91000,2,2014,914,33,33.673469387755105,1,1,3.0303030303030303,3.0303030303030303,0.5
CA,91000,2,2014,915,55,56.12244897959184,0,0,0,0,0.8909090909090909
CA,91000,2,2014,949,3,3.061224489795918,0,0,0,0,1
CA,91000,2,2014,965,14,14.285714285714286,8,7,57.142857142857146,50,0.5
CA,91000,2,2014,996,1,1.0204081632653061,0,0,0,0,2
CA,91000,2,2014,1006,26,26.53061224489796,0,0,0,0,1.75
CA,91000,2,2014,1058,74,75.51020408163265,21,13,28.37837837837838,17.56756756756757,2.97972972972973
CA,91000,2,2014,1082,13,13.26530612244898,1,1,7.6923076923076925,7.6923076923076925,0.5
CA,91000,2,2014,1132,2,2.0408163265306123,0,0,0,0,0.5
CA,91000,2,2014,1162,1,1.0204081632653061,0,0,0,0,0.5
CA,91000,2,2014,1199,5,5.1020408163265305,0,0,0,0,0.5
CA,91000,2,2014,1265,28,28.571428571428573,2,2,7.142857142857143,7.142857142857143,0.7142857142857143
CA,91000,2,2014,1271,3,3.061224489795918,0,0,0,0,0.5
CA,91000,2,2014,1283,1,1.0204081632653061,0,0,0,0,0.5
CA,91000,2,2014,1311,31,31.632653061224488,12,11,38.70967741935484,35.483870967741936,1.2741935483870968
CA,91000,2,2014,1320,2,2.0408163265306123,0,0,0,0,0.5
CA,91000,2,2014,1342,1,1.0204081632653061,0,0,0,0,0.5
CA,91000,2,2014,1371,37,37.755102040816325,10,7,27.027027027027028,18.91891891891892,0.5
CA,91000,2,2014,1386,1,1.0204081632653061,0,0,0,0,2
CA,91000,2,2014,1388,3,3.061224489795918,0,0,0,0,0.5
CA,101000,2,2014,11,12,12.244897959183673,0,0,0,0,0.875
CA,101000,2,2014,71,78,79.59183673469387,4,0,5.128205128205129,0,0.7115384615384616
CA,101000,2,2014,131,47,47.95918367346939,0,0,0,0,18.19148936170213
CA,101000,2,2014,138,55,56.12244897959184,0,0,0,0,0.7454545454545455
CA,101000,2,2014,140,98,100,0,0,0,0,83.13775510204081
CA,101000,2,2014,141,3,3.061224489795918,0,0,0,0,0.5
CA,101000,2,2014,161,43,43.87755102040816,6,6,13.953488372093023,13.953488372093023,0.6395348837209303
CA,101000,2,2014,165,95,96.93877551020408,7,4,7.368421052631579,4.2105263157894735,1.805263157894737
CA,101000,2,2014,297,25,25.510204081632654,1,1,4,4,0.5
CA,101000,2,2014,299,84,85.71428571428571,33,29,39.285714285714285,34.523809523809526,0.6845238095238095
CA,101000,2,2014,343,80,81.63265306122449,0,0,0,0,2.35
CA,101000,2,2014,404,20,20.408163265306122,0,0,0,0,0.5
CA,101000,2,2014,439,1,1.0204081632653061,0,0,0,0,0.5
CA,101000,2,2014,447,2,2.0408163265306123,0,0,0,0,1.25
CA,101000,2,2014,468,2,2.0408163265306123,0,0,0,0,1.25
CA,101000,2,2014,519,4,4.081632653061225,0,0,0,0,0.5
CA,101000,2,2014,532,6,6.122448979591836,0,0,0,0,0.5
CA,101000,2,2014,581,19,19.387755102040817,2,2,10.526315789473685,10.526315789473685,0.6842105263157895
CA,101000,2,2014,584,4,4.081632653061225,0,0,0,0,0.5
CA,101000,2,2014,616,1,1.0204081632653061,0,0,0,0,0.5
CA,101000,2,2014,680,54,55.10204081632653,0,0,0,0,0.5277777777777778
CA,101000,2,2014,776,2,2.0408163265306123,0,0,0,0,0.5
CA,101000,2,2014,791,7,7.142857142857143,0,0,0,0,0.7142857142857143
CA,101000,2,2014,1058,97,98.9795918367347,16,12,16.49484536082474,12.371134020618557,2.422680412371134
CA,101000,2,2014,1132,52,53.06122448979592,0,0,0,0,0.5288461538461539
CA,101000,2,2014,1265,96,97.95918367346938,59,55,61.458333333333336,57.291666666666664,2.8489583333333335
CA,101000,2,2014,1271,4,4.081632653061225,0,0,0,0,0.5
CA,101000,2,2014,1275,75,76.53061224489795,0,0,0,0,0.6
CA,101000,2,2014,1288,1,1.0204081632653061,0,0,0,0,0.5
CA,101000,2,2014,1299,31,31.632653061224488,0,0,0,0,0.7419354838709677
CA,101000,2,2014,1371,34,34.69387755102041,0,0,0,0,0.5441176470588235
CA,171100,2,2014,1,6,12,1,0,16.666666666666668,0,0.5
CA,171100,2,2014,37,1,2,0,0,0,0,0.5
CA,171100,2,2014,38,1,2,0,0,0,0,0.5
CA,171100,2,2014,40,2,4,0,0,0,0,0.5
CA,171100,2,2014,48,7,14,0,0,0,0,0.5
CA,171100,2,2014,71,1,2,0,0,0,0,0.5
CA,171100,2,2014,84,47,94,4,3,8.51063829787234,6.382978723404255,1.1170212765957446
CA,171100,2,2014,90,46,92,1,1,2.1739130434782608,2.1739130434782608,0.532608695652174
CA,171100,2,2014,130,1,2,0,0,0,0,0.5
CA,171100,2,2014,141,1,2,0,0,0,0,0.5
CA,171100,2,2014,155,4,8,0,0,0,0,0.5
CA,171100,2,2014,161,46,92,40,39,86.95652173913044,84.78260869565217,0.8260869565217391
CA,171100,2,2014,165,13,26,1,1,7.6923076923076925,7.6923076923076925,0.6153846153846154
CA,171100,2,2014,200,18,36,12,11,66.66666666666667,61.111111111111114,0.5
CA,171100,2,2014,239,23,46,0,0,0,0,0.5
CA,171100,2,2014,279,1,2,0,0,0,0,0.5
CA,171100,2,2014,288,18,36,0,0,0,0,0.5
CA,171100,2,2014,291,46,92,0,0,0,0,1.9565217391304348
CA,171100,2,2014,297,35,70,19,18,54.285714285714285,51.42857142857143,0.6714285714285714
CA,171100,2,2014,299,4,8,0,0,0,0,0.5
CA,171100,2,2014,341,14,28,8,8,57.142857142857146,57.142857142857146,0.5
CA,171100,2,2014,349,50,100,1,1,2,2,11.85
CA,171100,2,2014,364,5,10,0,0,0,0,0.5
CA,171100,2,2014,399,1,2,0,0,0,0,0.5
CA,171100,2,2014,406,27,54,0,0,0,0,0.5
CA,171100,2,2014,417,1,2,0,0,0,0,0.5
CA,171100,2,2014,439,1,2,0,0,0,0,0.5
CA,171100,2,2014,447,24,48,0,0,0,0,1.5
CA,171100,2,2014,451,31,62,9,9,29.032258064516128,29.032258064516128,0.7419354838709677
CA,171100,2,2014,481,24,48,0,0,0,0,0.6875
CA,171100,2,2014,484,9,18,0,0,0,0,0.8333333333333334
CA,171100,2,2014,488,47,94,18,14,38.297872340425535,29.78723404255319,0.5
CA,171100,2,2014,509,2,4,0,0,0,0,0.5
CA,171100,2,2014,510,47,94,14,10,29.78723404255319,21.27659574468085,1.2765957446808511
CA,171100,2,2014,520,42,84,0,0,0,0,0.6071428571428571
CA,171100,2,2014,539,8,16,1,1,12.5,12.5,0.6875
CA,171100,2,2014,552,42,84,0,0,0,0,2.1666666666666665
CA,171100,2,2014,553,7,14,0,0,0,0,0.5
CA,171100,2,2014,563,27,54,0,0,0,0,0.7222222222222222
CA,171100,2,2014,568,2,4,0,0,0,0,1.25
CA,171100,2,2014,578,9,18,0,0,0,0,0.5
CA,171100,2,2014,584,49,98,0,0,0,0,2.326530612244898
CA,171100,2,2014,596,18,36,0,0,0,0,0.5833333333333334
CA,171100,2,2014,606,4,8,0,0,0,0,0.5
CA,171100,2,2014,707,1,2,0,0,0,0,0.5
CA,171100,2,2014,709,1,2,1,1,100,100,0.5
CA,171100,2,2014,732,1,2,0,0,0,0,0.5
CA,171100,2,2014,765,1,2,0,0,0,0,0.5
CA,171100,2,2014,776,10,20,4,4,40,40,0.5
CA,171100,2,2014,791,1,2,0,0,0,0,0.5
CA,171100,2,2014,799,14,28,2,2,14.285714285714286,14.285714285714286,0.5
CA,171100,2,2014,817,10,20,0,0,0,0,0.5
CA,171100,2,2014,827,9,18,0,0,0,0,0.5
CA,171100,2,2014,830,27,54,0,0,0,0,12.074074074074074
CA,171100,2,2014,831,18,36,0,0,0,0,0.5
CA,171100,2,2014,832,1,2,0,0,0,0,0.5
CA,171100,2,2014,833,31,62,0,0,0,0,0.5
CA,171100,2,2014,838,4,8,0,0,0,0,15.75
CA,171100,2,2014,872,33,66,0,0,0,0,3.196969696969697
CA,171100,2,2014,873,1,2,0,0,0,0,0.5
CA,171100,2,2014,892,2,4,0,0,0,0,0.5
CA,171100,2,2014,902,3,6,0,0,0,0,0.5
CA,171100,2,2014,914,4,8,0,0,0,0,0.5
CA,171100,2,2014,915,43,86,0,0,0,0,1.372093023255814
CA,171100,2,2014,948,4,8,0,0,0,0,0.5
CA,171100,2,2014,949,1,2,0,0,0,0,0.5
CA,171100,2,2014,996,1,2,0,0,0,0,2
CA,171100,2,2014,1058,36,72,2,0,5.555555555555555,0,1.2361111111111112
CA,171100,2,2014,1082,31,62,4,4,12.903225806451612,12.903225806451612,0.5
CA,171100,2,2014,1107,45,90,0,0,0,0,5.955555555555556
CA,171100,2,2014,1132,1,2,0,0,0,0,0.5
CA,171100,2,2014,1199,1,2,0,0,0,0,0.5
CA,171100,2,2014,1243,48,96,0,0,0,0,0.9479166666666666
CA,171100,2,2014,1245,9,18,0,0,0,0,0.6666666666666666
CA,171100,2,2014,1250,7,14,0,0,0,0,0.5
CA,171100,2,2014,1251,35,70,0,0,0,0,1.3
CA,171100,2,2014,1265,30,60,4,4,13.333333333333334,13.333333333333334,0.7
CA,171100,2,2014,1282,20,40,1,0,5,0,0.5
CA,171100,2,2014,1283,19,38,3,3,15.789473684210526,15.789473684210526,0.5789473684210527
CA,171100,2,2014,1284,1,2,0,0,0,0,0.5
CA,171100,2,2014,1311,49,98,2,0,4.081632653061225,0,1.4591836734693877
CA,171100,2,2014,1320,5,10,0,0,0,0,0.5
CA,171100,2,2014,1322,2,4,1,0,50,0,0.5
CA,171100,2,2014,1371,27,54,2,1,7.407407407407407,3.7037037037037037,0.5
CA,171100,2,2014,1377,1,2,0,0,0,0,0.5
CA,171100,2,2014,1384,26,52,0,0,0,0,0.5
CA,171100,2,2014,1386,7,14,0,0,0,0,0.7142857142857143
CA,171100,2,2014,1388,50,100,2,2,4,4,1.81
CA,171100,2,2014,1399,35,70,0,0,0,0,0.7285714285714285
CA,171100,2,2014,1406,2,4,0,0,0,0,0.5
CA,171200,2,2014,37,12,24,1,1,8.333333333333334,8.333333333333334,0.5
CA,171200,2,2014,40,16,32,4,4,25,25,0.5
CA,171200,2,2014,50,1,2,0,0,0,0,0.5
CA,171200,2,2014,71,1,2,0,0,0,0,0.5
CA,171200,2,2014,77,21,42,0,0,0,0,0.8571428571428571
CA,171200,2,2014,84,6,12,2,1,33.333333333333336,16.666666666666668,0.75
CA,171200,2,2014,155,1,2,0,0,0,0,0.5
CA,171200,2,2014,161,48,96,36,36,75,75,0.65625
CA,171200,2,2014,165,20,40,10,10,50,50,0.5
CA,171200,2,2014,239,1,2,0,0,0,0,0.5
CA,171200,2,2014,291,37,74,0,0,0,0,0.9054054054054054
CA,171200,2,2014,341,1,2,1,1,100,100,0.5
CA,171200,2,2014,349,38,76,0,0,0,0,3.9210526315789473
CA,171200,2,2014,370,13,26,0,0,0,0,2.8846153846153846
CA,171200,2,2014,423,1,2,0,0,0,0,0.5
CA,171200,2,2014,481,3,6,0,0,0,0,5
CA,171200,2,2014,488,33,66,19,19,57.57575757575758,57.57575757575758,0.5
CA,171200,2,2014,510,49,98,7,4,14.285714285714286,8.16326530612245,1.4285714285714286
CA,171200,2,2014,520,5,10,0,0,0,0,1.4
CA,171200,2,2014,552,30,60,0,0,0,0,3.783333333333333
CA,171200,2,2014,563,16,32,0,0,0,0,0.59375
CA,171200,2,2014,578,1,2,0,0,0,0,0.5
CA,171200,2,2014,581,10,20,3,3,30,30,0.5
CA,171200,2,2014,584,16,32,0,0,0,0,0.59375
CA,171200,2,2014,596,1,2,0,0,0,0,0.5
CA,171200,2,2014,709,15,30,7,7,46.666666666666664,46.666666666666664,2.1666666666666665
CA,171200,2,2014,731,1,2,0,0,0,0,2
CA,171200,2,2014,732,2,4,0,0,0,0,0.5
CA,171200,2,2014,776,47,94,40,40,85.1063829787234,85.1063829787234,0.7553191489361702
CA,171200,2,2014,788,4,8,0,0,0,0,1.25
CA,171200,2,2014,796,3,6,1,1,33.333333333333336,33.333333333333336,0.5
CA,171200,2,2014,817,2,4,0,0,0,0,0.5
CA,171200,2,2014,825,1,2,0,0,0,0,0.5
CA,171200,2,2014,829,1,2,0,0,0,0,2
CA,171200,2,2014,830,19,38,0,0,0,0,4.368421052631579
CA,171200,2,2014,833,3,6,0,0,0,0,0.5
CA,171200,2,2014,838,22,44,0,0,0,0,15.409090909090908
CA,171200,2,2014,872,24,48,0,0,0,0,10.708333333333334
CA,171200,2,2014,910,2,4,0,0,0,0,0.5
CA,171200,2,2014,914,1,2,0,0,0,0,0.5
CA,171200,2,2014,915,46,92,0,0,0,0,1.9782608695652173
CA,171200,2,2014,948,4,8,0,0,0,0,2.625
CA,171200,2,2014,949,5,10,0,0,0,0,0.5
CA,171200,2,2014,1005,1,2,0,0,0,0,0.5
CA,171200,2,2014,1009,2,4,0,0,0,0,0.5
CA,171200,2,2014,1058,48,96,15,9,31.25,18.75,2.0520833333333335
CA,171200,2,2014,1082,48,96,40,39,83.33333333333333,81.25,0.65625
CA,171200,2,2014,1107,20,40,0,0,0,0,1.575
CA,171200,2,2014,1132,1,2,0,0,0,0,0.5
CA,171200,2,2014,1243,1,2,0,0,0,0,0.5
CA,171200,2,2014,1250,2,4,0,0,0,0,0.5
CA,171200,2,2014,1251,30,60,0,0,0,0,2.4166666666666665
CA,171200,2,2014,1252,1,2,0,0,0,0,0.5
CA,171200,2,2014,1265,26,52,8,4,30.76923076923077,15.384615384615385,1.2115384615384615
CA,171200,2,2014,1282,5,10,0,0,0,0,0.8
CA,171200,2,2014,1311,26,52,1,1,3.8461538461538463,3.8461538461538463,0.5
CA,171200,2,2014,1320,23,46,8,7,34.78260869565217,30.434782608695652,0.5
CA,171200,2,2014,1371,44,88,2,2,4.545454545454546,4.545454545454546,0.5
CA,171200,2,2014,1377,9,18,0,0,0,0,0.8333333333333334
CA,171200,2,2014,1384,2,4,0,0,0,0,1.25
CA,171200,2,2014,1388,33,66,4,4,12.121212121212121,12.121212121212121,0.5454545454545454
CA,171200,2,2014,1399,12,24,0,0,0,0,1.125
CA,111000,2,2015,38,3,3.061224489795918,0,0,0,0,0.5
CA,111000,2,2015,40,2,2.0408163265306123,0,0,0,0,0.5
CA,111000,2,2015,71,92,93.87755102040816,0,0,0,0,0.5815217391304348
CA,111000,2,2015,112,2,2.0408163265306123,0,0,0,0,0.5
CA,111000,2,2015,131,98,100,0,0,0,0,48.392857142857146
CA,111000,2,2015,138,7,7.142857142857143,0,0,0,0,0.5
CA,111000,2,2015,140,98,100,0,0,0,0,17.908163265306122
CA,111000,2,2015,141,55,56.12244897959184,0,0,0,0,0.5
CA,111000,2,2015,158,3,3.061224489795918,0,0,0,0,0.5
CA,111000,2,2015,161,93,94.89795918367346,35,24,37.634408602150536,25.806451612903224,14.505376344086022
CA,111000,2,2015,165,59,60.204081632653065,3,3,5.084745762711864,5.084745762711864,1.3644067796610169
CA,111000,2,2015,297,97,98.9795918367347,28,9,28.8659793814433,9.278350515463918,4.912371134020619
CA,111000,2,2015,298,33,33.673469387755105,0,0,0,0,2.1666666666666665
CA,111000,2,2015,299,82,83.6734693877551,1,0,1.2195121951219512,0,1.3597560975609757
CA,111000,2,2015,317,3,3.061224489795918,0,0,0,0,0.5
CA,111000,2,2015,326,1,1.0204081632653061,0,0,0,0,0.5
CA,111000,2,2015,343,51,52.04081632653061,0,0,0,0,21.647058823529413
CA,111000,2,2015,404,1,1.0204081632653061,0,0,0,0,0.5
CA,111000,2,2015,451,44,44.89795918367347,8,6,18.181818181818183,13.636363636363637,0.6022727272727273
CA,111000,2,2015,468,40,40.816326530612244,1,1,2.5,2.5,0.9625
CA,111000,2,2015,481,1,1.0204081632653061,0,0,0,0,0.5
CA,111000,2,2015,519,12,12.244897959183673,0,0,0,0,0.5
CA,111000,2,2015,532,57,58.16326530612245,0,0,0,0,0.5
CA,111000,2,2015,553,5,5.1020408163265305,0,0,0,0,0.5
CA,111000,2,2015,581,4,4.081632653061225,0,0,0,0,0.5
CA,111000,2,2015,584,1,1.0204081632653061,0,0,0,0,0.5
CA,111000,2,2015,616,23,23.46938775510204,0,0,0,0,1.1304347826086956
CA,111000,2,2015,680,7,7.142857142857143,0,0,0,0,0.5
CA,111000,2,2015,776,5,5.1020408163265305,0,0,0,0,0.5
CA,111000,2,2015,791,8,8.16326530612245,1,1,12.5,12.5,0.5
CA,111000,2,2015,796,2,2.0408163265306123,0,0,0,0,0.5
CA,111000,2,2015,867,4,4.081632653061225,0,0,0,0,0.5
CA,111000,2,2015,876,1,1.0204081632653061,0,0,0,0,0.5
CA,111000,2,2015,915,8,8.16326530612245,0,0,0,0,0.5
CA,111000,2,2015,993,1,1.0204081632653061,0,0,0,0,0.5
CA,111000,2,2015,996,2,2.0408163265306123,0,0,0,0,0.5
CA,111000,2,2015,1006,9,9.183673469387756,0,0,0,0,1.3333333333333333
CA,111000,2,2015,1058,7,7.142857142857143,1,1,14.285714285714286,14.285714285714286,0.7142857142857143
CA,111000,2,2015,1132,78,79.59183673469387,0,0,0,0,0.6153846153846154
CA,111000,2,2015,1161,2,2.0408163265306123,0,0,0,0,0.5
CA,111000,2,2015,1168,1,1.0204081632653061,0,0,0,0,0.5
CA,111000,2,2015,1212,19,19.387755102040817,0,0,0,0,0.5
CA,111000,2,2015,1265,97,98.9795918367347,29,13,29.896907216494846,13.402061855670103,29.056701030927837
CA,111000,2,2015,1275,6,6.122448979591836,0,0,0,0,1.3333333333333333
CA,111000,2,2015,1288,1,1.0204081632653061,0,0,0,0,0.5
CA,111000,2,2015,1371,82,83.6734693877551,1,0,1.2195121951219512,0,0.5
CA,111000,2,2015,1388,1,1.0204081632653061,0,0,0,0,0.5
CA,121000,2,2016,40,2,2.0408163265306123,0,0,0,0,0.5
CA,121000,2,2016,41,3,3.061224489795918,0,0,0,0,0.5
CA,121000,2,2016,50,6,6.122448979591836,0,0,0,0,0.5
CA,121000,2,2016,71,69,70.40816326530613,0,0,0,0,0.5
CA,121000,2,2016,131,98,100,0,0,0,0,69.48979591836735
CA,121000,2,2016,138,97,98.9795918367347,0,0,0,0,2.288659793814433
CA,121000,2,2016,140,1,1.0204081632653061,0,0,0,0,0.5
CA,121000,2,2016,141,24,24.489795918367346,0,0,0,0,0.5
CA,121000,2,2016,158,2,2.0408163265306123,0,0,0,0,0.5
CA,121000,2,2016,161,71,72.44897959183673,6,6,8.450704225352112,8.450704225352112,0.6901408450704225
CA,121000,2,2016,165,60,61.224489795918366,0,0,0,0,0.8
CA,121000,2,2016,200,1,1.0204081632653061,0,0,0,0,0.5
CA,121000,2,2016,283,58,59.183673469387756,0,0,0,0,2.5775862068965516
CA,121000,2,2016,297,27,27.551020408163264,0,0,0,0,0.5
CA,121000,2,2016,299,98,100,0,0,0,0,11.739795918367347
CA,121000,2,2016,343,97,98.9795918367347,0,0,0,0,8.20103092783505
CA,121000,2,2016,404,44,44.89795918367347,1,1,2.272727272727273,2.272727272727273,0.5
CA,121000,2,2016,439,80,81.63265306122449,0,0,0,0,4.54375
CA,121000,2,2016,447,1,1.0204081632653061,0,0,0,0,0.5
CA,121000,2,2016,451,28,28.571428571428573,5,5,17.857142857142858,17.857142857142858,0.5
CA,121000,2,2016,468,1,1.0204081632653061,0,0,0,0,0.5
CA,121000,2,2016,481,11,11.224489795918368,0,0,0,0,3.6818181818181817
CA,121000,2,2016,498,50,51.02040816326531,0,0,0,0,5.8
CA,121000,2,2016,519,13,13.26530612244898,0,0,0,0,0.5
CA,121000,2,2016,532,79,80.61224489795919,0,0,0,0,0.5
CA,121000,2,2016,553,12,12.244897959183673,0,0,0,0,0.5
CA,121000,2,2016,581,4,4.081632653061225,0,0,0,0,0.5
CA,121000,2,2016,654,1,1.0204081632653061,0,0,0,0,2
CA,121000,2,2016,680,41,41.83673469387755,0,0,0,0,0.5365853658536586
CA,121000,2,2016,731,1,1.0204081632653061,0,0,0,0,0.5
CA,121000,2,2016,776,7,7.142857142857143,0,0,0,0,0.5
CA,121000,2,2016,791,13,13.26530612244898,0,0,0,0,0.6153846153846154
CA,121000,2,2016,806,1,1.0204081632653061,0,0,0,0,0.5
CA,121000,2,2016,849,36,36.734693877551024,0,0,0,0,1.0138888888888888
CA,121000,2,2016,993,4,4.081632653061225,0,0,0,0,0.5
CA,121000,2,2016,996,3,3.061224489795918,0,0,0,0,1
CA,121000,2,2016,1006,32,32.6530612244898,0,0,0,0,0.84375
CA,121000,2,2016,1058,88,89.79591836734694,0,0,0,0,1.0113636363636365
CA,121000,2,2016,1072,1,1.0204081632653061,0,0,0,0,0.5
CA,121000,2,2016,1134,1,1.0204081632653061,0,0,0,0,0.5
CA,121000,2,2016,1212,9,9.183673469387756,0,0,0,0,0.5
CA,121000,2,2016,1265,97,98.9795918367347,0,0,0,0,2.716494845360825
CA,121000,2,2016,1271,9,9.183673469387756,0,0,0,0,0.5
CA,121000,2,2016,1288,25,25.510204081632654,0,0,0,0,0.5
CA,121000,2,2016,1299,96,97.95918367346938,0,0,0,0,1.5364583333333333
CA,121000,2,2016,1371,97,98.9795918367347,0,0,0,0,1.5051546391752577
CA,131000,2,2016,1,4,11.764705882352942,0,0,0,0,7
CA,131000,2,2016,38,20,58.8235294117647,8,8,40,40,7.275
CA,131000,2,2016,40,7,20.58823529411765,1,1,14.285714285714286,14.285714285714286,0.9285714285714286
CA,131000,2,2016,48,1,2.9411764705882355,0,0,0,0,0.5
CA,131000,2,2016,130,2,5.882352941176471,0,0,0,0,0.5
CA,131000,2,2016,131,4,11.764705882352942,0,0,0,0,0.875
CA,131000,2,2016,141,1,2.9411764705882355,0,0,0,0,0.5
CA,131000,2,2016,153,1,2.9411764705882355,0,0,0,0,0.5
CA,131000,2,2016,161,32,94.11764705882354,7,0,21.875,0,47.40625
CA,131000,2,2016,165,28,82.3529411764706,1,1,3.5714285714285716,3.5714285714285716,1.0535714285714286
CA,131000,2,2016,196,3,8.823529411764707,1,1,33.333333333333336,33.333333333333336,0.5
CA,131000,2,2016,200,7,20.58823529411765,0,0,0,0,1.1428571428571428
CA,131000,2,2016,239,1,2.9411764705882355,0,0,0,0,0.5
CA,131000,2,2016,279,1,2.9411764705882355,0,0,0,0,0.5
CA,131000,2,2016,297,6,17.647058823529413,0,0,0,0,0.5
CA,131000,2,2016,299,3,8.823529411764707,0,0,0,0,0.5
CA,131000,2,2016,317,1,2.9411764705882355,0,0,0,0,0.5
CA,131000,2,2016,326,5,14.705882352941176,2,2,40,40,0.8
CA,131000,2,2016,343,5,14.705882352941176,0,0,0,0,0.8
CA,131000,2,2016,377,7,20.58823529411765,0,0,0,0,1.3571428571428572
CA,131000,2,2016,404,7,20.58823529411765,1,0,14.285714285714286,0,1.1428571428571428
CA,131000,2,2016,424,1,2.9411764705882355,0,0,0,0,0.5
CA,131000,2,2016,439,7,20.58823529411765,0,0,0,0,0.9285714285714286
CA,131000,2,2016,452,1,2.9411764705882355,0,0,0,0,0.5
CA,131000,2,2016,468,7,20.58823529411765,2,0,28.571428571428573,0,18.928571428571427
CA,131000,2,2016,481,7,20.58823529411765,0,0,0,0,10.714285714285714
CA,131000,2,2016,489,2,5.882352941176471,0,0,0,0,0.5
CA,131000,2,2016,532,17,50,1,1,5.882352941176471,5.882352941176471,0.5
CA,131000,2,2016,568,7,20.58823529411765,0,0,0,0,5.428571428571429
CA,131000,2,2016,578,2,5.882352941176471,0,0,0,0,0.5
CA,131000,2,2016,581,1,2.9411764705882355,0,0,0,0,12.5
CA,131000,2,2016,616,7,20.58823529411765,0,0,0,0,1.7142857142857142
CA,131000,2,2016,680,14,41.1764705882353,0,0,0,0,4.642857142857143
CA,131000,2,2016,776,17,50,1,0,5.882352941176471,0,0.7647058823529411
CA,131000,2,2016,779,4,11.764705882352942,0,0,0,0,0.875
CA,131000,2,2016,783,3,8.823529411764707,0,0,0,0,0.5
CA,131000,2,2016,791,1,2.9411764705882355,0,0,0,0,0.5
CA,131000,2,2016,796,3,8.823529411764707,0,0,0,0,0.5
CA,131000,2,2016,827,2,5.882352941176471,0,0,0,0,0.5
CA,131000,2,2016,849,4,11.764705882352942,0,0,0,0,0.875
CA,131000,2,2016,915,1,2.9411764705882355,0,0,0,0,0.5
CA,131000,2,2016,965,5,14.705882352941176,2,1,40,20,4.2
CA,131000,2,2016,996,1,2.9411764705882355,0,0,0,0,0.5
CA,131000,2,2016,1041,2,5.882352941176471,0,0,0,0,0.5
CA,131000,2,2016,1046,2,5.882352941176471,0,0,0,0,0.5
CA,131000,2,2016,1058,24,70.58823529411765,0,0,0,0,1.1875
CA,131000,2,2016,1072,6,17.647058823529413,0,0,0,0,2.6666666666666665
CA,131000,2,2016,1082,2,5.882352941176471,0,0,0,0,0.5
CA,131000,2,2016,1132,10,29.41176470588235,0,0,0,0,1.15
CA,131000,2,2016,1161,4,11.764705882352942,0,0,0,0,0.875
CA,131000,2,2016,1212,5,14.705882352941176,0,0,0,0,0.8
CA,131000,2,2016,1265,5,14.705882352941176,0,0,0,0,0.8
CA,131000,2,2016,1271,20,58.8235294117647,2,1,10,5,3.15
CA,131000,2,2016,1356,2,5.882352941176471,0,0,0,0,1.25
CA,131000,2,2016,1371,5,14.705882352941176,0,0,0,0,0.5
CA,141100,2,2017,1,4,8,0,0,0,0,1.25
CA,141100,2,2017,48,2,4,0,0,0,0,0.5
CA,141100,2,2017,77,2,4,0,0,0,0,0.5
CA,141100,2,2017,84,49,98,0,0,0,0,2.306122448979592
CA,141100,2,2017,90,6,12,0,0,0,0,0.5
CA,141100,2,2017,153,1,2,0,0,0,0,0.5
CA,141100,2,2017,161,39,78,1,0,2.5641025641025643,0,5.282051282051282
CA,141100,2,2017,165,49,98,1,0,2.0408163265306123,0,1.5918367346938775
CA,141100,2,2017,279,6,12,0,0,0,0,1
CA,141100,2,2017,288,1,2,0,0,0,0,0.5
CA,141100,2,2017,291,49,98,0,0,0,0,5.704081632653061
CA,141100,2,2017,297,20,40,0,0,0,0,0.5
CA,141100,2,2017,317,8,16,0,0,0,0,0.5
CA,141100,2,2017,326,1,2,0,0,0,0,0.5
CA,141100,2,2017,341,21,42,0,0,0,0,0.6428571428571429
CA,141100,2,2017,349,42,84,0,0,0,0,2.1904761904761907
CA,141100,2,2017,424,2,4,0,0,0,0,0.5
CA,141100,2,2017,468,1,2,0,0,0,0,0.5
CA,141100,2,2017,481,31,62,0,0,0,0,0.5
CA,141100,2,2017,484,13,26,0,0,0,0,21.884615384615383
CA,141100,2,2017,488,23,46,0,0,0,0,0.5
CA,141100,2,2017,510,48,96,0,0,0,0,1.4479166666666667
CA,141100,2,2017,532,4,8,0,0,0,0,0.5
CA,141100,2,2017,552,42,84,0,0,0,0,0.8571428571428571
CA,141100,2,2017,563,3,6,0,0,0,0,0.5
CA,141100,2,2017,566,2,4,0,0,0,0,0.5
CA,141100,2,2017,578,11,22,0,0,0,0,0.6363636363636364
CA,141100,2,2017,596,4,8,0,0,0,0,0.5
CA,141100,2,2017,732,1,2,0,0,0,0,0.5
CA,141100,2,2017,776,10,20,0,0,0,0,0.8
CA,141100,2,2017,791,1,2,0,0,0,0,0.5
CA,141100,2,2017,799,35,70,0,0,0,0,0.7142857142857143
CA,141100,2,2017,827,5,10,0,0,0,0,0.5
CA,141100,2,2017,830,2,4,0,0,0,0,4
CA,141100,2,2017,833,48,96,0,0,0,0,0.6875
CA,141100,2,2017,838,11,22,0,0,0,0,30.227272727272727
CA,141100,2,2017,914,5,10,0,0,0,0,0.5
CA,141100,2,2017,915,15,30,0,0,0,0,0.7
CA,141100,2,2017,948,50,100,0,0,0,0,12.7
CA,141100,2,2017,996,2,4,0,0,0,0,0.5
CA,141100,2,2017,1058,39,78,0,0,0,0,0.6538461538461539
CA,141100,2,2017,1082,1,2,0,0,0,0,0.5
CA,141100,2,2017,1107,50,100,0,0,0,0,44.71
CA,141100,2,2017,1178,2,4,0,0,0,0,0.5
CA,141100,2,2017,1218,5,10,0,0,0,0,2.1
CA,141100,2,2017,1243,22,44,0,0,0,0,1.4545454545454546
CA,141100,2,2017,1250,2,4,0,0,0,0,0.5
CA,141100,2,2017,1251,7,14,0,0,0,0,2.857142857142857
CA,141100,2,2017,1265,31,62,0,0,0,0,1.596774193548387
CA,141100,2,2017,1271,43,86,0,0,0,0,0.6395348837209303
CA,141100,2,2017,1282,3,6,0,0,0,0,0.5
CA,141100,2,2017,1311,27,54,0,0,0,0,0.6111111111111112
CA,141100,2,2017,1320,1,2,0,0,0,0,0.5
CA,141100,2,2017,1371,7,14,0,0,0,0,0.5
CA,141100,2,2017,1386,7,14,0,0,0,0,1.7142857142857142
CA,141100,2,2017,1388,47,94,0,0,0,0,0.5
CA,141100,2,2017,1399,21,42,0,0,0,0,0.5714285714285714
CA,141100,2,2017,1400,1,2,0,0,0,0,0.5
CA,141200,2,2017,38,5,10,0,0,0,0,0.5
CA,141200,2,2017,40,17,34,0,0,0,0,0.5882352941176471
CA,141200,2,2017,77,6,12,0,0,0,0,1.5833333333333333
CA,141200,2,2017,93,11,22,0,0,0,0,1.1818181818181819
CA,141200,2,2017,161,41,82,1,0,2.4390243902439024,0,3.158536585365854
CA,141200,2,2017,165,28,56,0,0,0,0,1.1071428571428572
CA,141200,2,2017,317,2,4,0,0,0,0,0.5
CA,141200,2,2017,515,2,4,0,0,0,0,0.5
CA,141200,2,2017,552,2,4,0,0,0,0,0.5
CA,141200,2,2017,581,3,6,0,0,0,0,0.5
CA,141200,2,2017,776,40,80,0,0,0,0,0.95
CA,141200,2,2017,838,4,8,0,0,0,0,3
CA,141200,2,2017,910,50,100,0,0,0,0,68.4
CA,141200,2,2017,915,3,6,0,0,0,0,0.5
CA,141200,2,2017,948,49,98,0,0,0,0,3.2244897959183674
CA,141200,2,2017,1000,5,10,0,0,0,0,0.5
CA,141200,2,2017,1058,35,70,0,0,0,0,0.6285714285714286
CA,141200,2,2017,1082,43,86,0,0,0,0,0.6395348837209303
CA,141200,2,2017,1096,3,6,0,0,0,0,0.5
CA,141200,2,2017,1271,35,70,0,0,0,0,5.728571428571429
CA,141200,2,2017,1282,5,10,0,0,0,0,0.5
CA,141200,2,2017,1292,1,2,0,0,0,0,0.5
CA,141200,2,2017,1320,24,48,0,0,0,0,0.6875
CA,141200,2,2017,1355,1,2,0,0,0,0,0.5
CA,141200,2,2017,1371,50,100,2,0,4,0,9.34
CA,141200,2,2017,1377,8,16,0,0,0,0,0.5
CA,141200,2,2017,1388,15,30,0,0,0,0,0.5
CA,141200,2,2017,1395,17,34,0,0,0,0,1.6764705882352942
CA,141200,2,2017,1398,22,44,0,0,0,0,22.272727272727273
CA,151000,2,2018,1,78,74.28571428571429,0,0,0,0,2.967948717948718
CA,151000,2,2018,40,5,4.761904761904762,0,0,0,0,0.5
CA,151000,2,2018,48,6,5.714285714285714,0,0,0,0,0.5
CA,151000,2,2018,71,11,10.476190476190476,0,0,0,0,0.5
CA,151000,2,2018,84,1,0.9523809523809523,0,0,0,0,0.5
CA,151000,2,2018,130,57,54.285714285714285,0,0,0,0,0.6842105263157895
CA,151000,2,2018,131,105,100,0,0,0,0,29.97142857142857
CA,151000,2,2018,136,2,1.9047619047619047,0,0,0,0,0.5
CA,151000,2,2018,141,33,31.428571428571427,0,0,0,0,0.5454545454545454
CA,151000,2,2018,143,62,59.04761904761905,0,0,0,0,0.5725806451612904
CA,151000,2,2018,148,8,7.619047619047619,0,0,0,0,0.5
CA,151000,2,2018,153,1,0.9523809523809523,0,0,0,0,0.5
CA,151000,2,2018,155,49,46.666666666666664,0,0,0,0,0.6326530612244898
CA,151000,2,2018,158,70,66.66666666666667,0,0,0,0,0.6714285714285714
CA,151000,2,2018,161,86,81.9047619047619,0,0,0,0,3.9767441860465116
CA,151000,2,2018,165,43,40.95238095238095,0,0,0,0,0.5
CA,151000,2,2018,167,1,0.9523809523809523,0,0,0,0,0.5
CA,151000,2,2018,197,4,3.8095238095238093,0,0,0,0,0.875
CA,151000,2,2018,200,103,98.0952380952381,0,0,0,0,28.902912621359224
CA,151000,2,2018,279,1,0.9523809523809523,0,0,0,0,0.5
CA,151000,2,2018,282,99,94.28571428571429,0,0,0,0,1.2323232323232323
CA,151000,2,2018,285,41,39.04761904761905,0,0,0,0,0.5365853658536586
CA,151000,2,2018,297,42,40,0,0,0,0,0.5357142857142857
CA,151000,2,2018,299,76,72.38095238095238,0,0,0,0,1.4276315789473684
CA,151000,2,2018,313,1,0.9523809523809523,0,0,0,0,0.5
CA,151000,2,2018,326,62,59.04761904761905,0,0,0,0,0.6209677419354839
CA,151000,2,2018,341,73,69.52380952380952,0,0,0,0,0.5
CA,151000,2,2018,343,53,50.476190476190474,0,0,0,0,2.4339622641509435
CA,151000,2,2018,377,105,100,0,0,0,0,0.6571428571428571
CA,151000,2,2018,387,2,1.9047619047619047,0,0,0,0,0.5
CA,151000,2,2018,394,5,4.761904761904762,0,0,0,0,0.5
CA,151000,2,2018,404,100,95.23809523809524,0,0,0,0,1.29
CA,151000,2,2018,406,1,0.9523809523809523,0,0,0,0,0.5
CA,151000,2,2018,412,68,64.76190476190476,0,0,0,0,0.6544117647058824
CA,151000,2,2018,438,8,7.619047619047619,0,0,0,0,0.875
CA,151000,2,2018,468,90,85.71428571428571,0,0,0,0,0.85
CA,151000,2,2018,481,33,31.428571428571427,0,0,0,0,0.9393939393939394
CA,151000,2,2018,488,1,0.9523809523809523,0,0,0,0,0.5
CA,151000,2,2018,489,60,57.142857142857146,0,0,0,0,0.5
CA,151000,2,2018,498,2,1.9047619047619047,0,0,0,0,0.5
CA,151000,2,2018,510,1,0.9523809523809523,0,0,0,0,0.5
CA,151000,2,2018,517,2,1.9047619047619047,0,0,0,0,0.5
CA,151000,2,2018,519,4,3.8095238095238093,0,0,0,0,0.5
CA,151000,2,2018,532,81,77.14285714285714,0,0,0,0,0.7777777777777778
CA,151000,2,2018,537,25,23.80952380952381,0,0,0,0,0.62
CA,151000,2,2018,539,3,2.857142857142857,0,0,0,0,0.5
CA,151000,2,2018,558,4,3.8095238095238093,0,0,0,0,0.875
CA,151000,2,2018,568,48,45.714285714285715,0,0,0,0,0.9791666666666666
CA,151000,2,2018,578,15,14.285714285714286,0,0,0,0,0.6
CA,151000,2,2018,581,10,9.523809523809524,0,0,0,0,0.5
CA,151000,2,2018,584,12,11.428571428571429,0,0,0,0,0.5
CA,151000,2,2018,616,31,29.523809523809526,0,0,0,0,0.5
CA,151000,2,2018,680,101,96.19047619047619,0,0,0,0,7.366336633663367
CA,151000,2,2018,731,11,10.476190476190476,0,0,0,0,0.6363636363636364
CA,151000,2,2018,760,9,8.571428571428571,0,0,0,0,1.7777777777777777
CA,151000,2,2018,776,11,10.476190476190476,0,0,0,0,0.5
CA,151000,2,2018,791,1,0.9523809523809523,0,0,0,0,0.5
CA,151000,2,2018,827,82,78.0952380952381,0,0,0,0,1.5731707317073171
CA,151000,2,2018,828,2,1.9047619047619047,0,0,0,0,0.5
CA,151000,2,2018,831,1,0.9523809523809523,0,0,0,0,0.5
CA,151000,2,2018,841,10,9.523809523809524,0,0,0,0,1.15
CA,151000,2,2018,849,72,68.57142857142857,0,0,0,0,0.7638888888888888
CA,151000,2,2018,867,39,37.142857142857146,0,0,0,0,0.5
CA,151000,2,2018,892,10,9.523809523809524,0,0,0,0,0.5
CA,151000,2,2018,902,6,5.714285714285714,0,0,0,0,0.5
CA,151000,2,2018,914,2,1.9047619047619047,0,0,0,0,0.5
CA,151000,2,2018,915,2,1.9047619047619047,0,0,0,0,0.5
CA,151000,2,2018,942,8,7.619047619047619,0,0,0,0,0.5
CA,151000,2,2018,949,2,1.9047619047619047,0,0,0,0,0.5
CA,151000,2,2018,965,78,74.28571428571429,0,0,0,0,1.1538461538461537
CA,151000,2,2018,996,6,5.714285714285714,0,0,0,0,0.5
CA,151000,2,2018,1006,84,80,0,0,0,0,1.6011904761904763
CA,151000,2,2018,1041,105,100,0,0,0,0,1.3
CA,151000,2,2018,1058,11,10.476190476190476,0,0,0,0,0.5
CA,151000,2,2018,1068,69,65.71428571428571,0,0,0,0,0.5
CA,151000,2,2018,1072,105,100,0,0,0,0,9.304761904761905
CA,151000,2,2018,1212,6,5.714285714285714,0,0,0,0,0.5
CA,151000,2,2018,1218,4,3.8095238095238093,0,0,0,0,0.5
CA,151000,2,2018,1243,1,0.9523809523809523,0,0,0,0,0.5
CA,151000,2,2018,1265,8,7.619047619047619,0,0,0,0,0.5
CA,151000,2,2018,1271,15,14.285714285714286,0,0,0,0,0.6
CA,151000,2,2018,1272,1,0.9523809523809523,0,0,0,0,0.5
CA,151000,2,2018,1273,2,1.9047619047619047,0,0,0,0,0.5
CA,151000,2,2018,1288,12,11.428571428571429,0,0,0,0,0.625
CA,151000,2,2018,1356,94,89.52380952380952,0,0,0,0,13.207446808510639
CA,151000,2,2018,1371,6,5.714285714285714,0,0,0,0,0.5
CA,151000,2,2018,1386,4,3.8095238095238093,0,0,0,0,0.5
CA,151000,2,2018,1388,2,1.9047619047619047,0,0,0,0,0.5
CA,151000,2,2018,1409,15,14.285714285714286,0,0,0,0,1.5
CA,21000,2,2019,11,10,10.204081632653061,0,0,0,0,2.7
CA,21000,2,2019,40,6,6.122448979591836,0,0,0,0,0.5
CA,21000,2,2019,71,88,89.79591836734694,0,0,0,0,0.6363636363636364
CA,21000,2,2019,131,98,100,2,1,2.0408163265306123,1.0204081632653061,46.25
CA,21000,2,2019,138,52,53.06122448979592,0,0,0,0,0.625
CA,21000,2,2019,140,14,14.285714285714286,4,1,28.571428571428573,7.142857142857143,0.5
CA,21000,2,2019,141,16,16.3265306122449,0,0,0,0,0.5
CA,21000,2,2019,158,1,1.0204081632653061,0,0,0,0,0.5
CA,21000,2,2019,161,18,18.367346938775512,9,9,50,50,0.5
CA,21000,2,2019,165,87,88.77551020408163,0,0,0,0,2.4655172413793105
CA,21000,2,2019,239,25,25.510204081632654,0,0,0,0,0.5
CA,21000,2,2019,297,20,20.408163265306122,0,0,0,0,0.5
CA,21000,2,2019,299,98,100,1,1,1.0204081632653061,1.0204081632653061,48.83673469387755
CA,21000,2,2019,317,3,3.061224489795918,1,1,33.333333333333336,33.333333333333336,0.5
CA,21000,2,2019,404,11,11.224489795918368,0,0,0,0,0.5
CA,21000,2,2019,439,13,13.26530612244898,0,0,0,0,0.8461538461538461
CA,21000,2,2019,468,4,4.081632653061225,0,0,0,0,0.5
CA,21000,2,2019,519,78,79.59183673469387,4,4,5.128205128205129,5.128205128205129,1.4423076923076923
CA,21000,2,2019,581,28,28.571428571428573,5,5,17.857142857142858,17.857142857142858,0.5
CA,21000,2,2019,584,23,23.46938775510204,0,0,0,0,0.5
CA,21000,2,2019,616,1,1.0204081632653061,0,0,0,0,0.5
CA,21000,2,2019,680,70,71.42857142857143,0,0,0,0,0.7
CA,21000,2,2019,776,6,6.122448979591836,1,1,16.666666666666668,16.666666666666668,0.5
CA,21000,2,2019,791,21,21.428571428571427,0,0,0,0,0.7142857142857143
CA,21000,2,2019,849,1,1.0204081632653061,0,0,0,0,0.5
CA,21000,2,2019,867,9,9.183673469387756,0,0,0,0,0.5
CA,21000,2,2019,915,1,1.0204081632653061,0,0,0,0,0.5
CA,21000,2,2019,942,1,1.0204081632653061,0,0,0,0,0.5
CA,21000,2,2019,993,2,2.0408163265306123,0,0,0,0,0.5
CA,21000,2,2019,1006,7,7.142857142857143,0,0,0,0,0.5
CA,21000,2,2019,1013,11,11.224489795918368,2,1,18.181818181818183,9.090909090909092,0.9090909090909091
CA,21000,2,2019,1058,83,84.6938775510204,1,1,1.2048192771084338,1.2048192771084338,1.391566265060241
CA,21000,2,2019,1132,2,2.0408163265306123,0,0,0,0,0.5
CA,21000,2,2019,1134,1,1.0204081632653061,0,0,0,0,0.5
CA,21000,2,2019,1265,60,61.224489795918366,0,0,0,0,3.175
CA,21000,2,2019,1271,4,4.081632653061225,0,0,0,0,0.5
CA,21000,2,2019,1288,1,1.0204081632653061,0,0,0,0,0.5
CA,21000,2,2019,1299,71,72.44897959183673,0,0,0,0,1.119718309859155
CA,21000,2,2019,1371,98,100,0,0,0,0,23.571428571428573
CA,11000,3,2021,11,84,60,1,1,1.1904761904761905,1.1904761904761905,30.136904761904763
CA,11000,3,2021,40,5,3.5714285714285716,0,0,0,0,0.5
CA,11000,3,2021,71,140,100,0,0,0,0,3.8285714285714287
CA,11000,3,2021,77,4,2.857142857142857,0,0,0,0,0.5
CA,11000,3,2021,112,1,0.7142857142857143,0,0,0,0,0.5
CA,11000,3,2021,117,2,1.4285714285714286,0,0,0,0,0.5
CA,11000,3,2021,131,41,29.285714285714285,0,0,0,0,0.5365853658536586
CA,11000,3,2021,138,37,26.428571428571427,0,0,0,0,0.581081081081081
CA,11000,3,2021,140,3,2.142857142857143,0,0,0,0,0.5
CA,11000,3,2021,141,8,5.714285714285714,0,0,0,0,0.5
CA,11000,3,2021,158,1,0.7142857142857143,0,0,0,0,0.5
CA,11000,3,2021,161,68,48.57142857142857,32,25,47.05882352941177,36.76470588235294,9.897058823529411
CA,11000,3,2021,165,93,66.42857142857143,0,0,0,0,3.736559139784946
CA,11000,3,2021,239,8,5.714285714285714,0,0,0,0,0.5
CA,11000,3,2021,283,12,8.571428571428571,0,0,0,0,1.7083333333333333
CA,11000,3,2021,297,9,6.428571428571429,0,0,0,0,0.5
CA,11000,3,2021,299,68,48.57142857142857,1,1,1.4705882352941178,1.4705882352941178,0.6764705882352942
CA,11000,3,2021,317,17,12.142857142857142,10,8,58.8235294117647,47.05882352941177,1.588235294117647
CA,11000,3,2021,324,1,0.7142857142857143,0,0,0,0,0.5
CA,11000,3,2021,343,44,31.428571428571427,0,0,0,0,1.2272727272727273
CA,11000,3,2021,399,1,0.7142857142857143,0,0,0,0,0.5
CA,11000,3,2021,404,3,2.142857142857143,0,0,0,0,0.5
CA,11000,3,2021,439,84,60,0,0,0,0,5.434523809523809
CA,11000,3,2021,468,7,5,0,0,0,0,0.7142857142857143
CA,11000,3,2021,481,18,12.857142857142858,0,0,0,0,0.9166666666666666
CA,11000,3,2021,498,32,22.857142857142858,0,0,0,0,1.296875
CA,11000,3,2021,504,5,3.5714285714285716,0,0,0,0,1.2
CA,11000,3,2021,519,7,5,0,0,0,0,0.5
CA,11000,3,2021,581,6,4.285714285714286,0,0,0,0,1
CA,11000,3,2021,584,29,20.714285714285715,0,0,0,0,1.3793103448275863
CA,11000,3,2021,632,12,8.571428571428571,0,0,0,0,1.625
CA,11000,3,2021,680,6,4.285714285714286,0,0,0,0,0.5
CA,11000,3,2021,760,1,0.7142857142857143,0,0,0,0,0.5
CA,11000,3,2021,776,1,0.7142857142857143,0,0,0,0,0.5
CA,11000,3,2021,791,4,2.857142857142857,0,0,0,0,1.25
CA,11000,3,2021,867,4,2.857142857142857,0,0,0,0,0.5
CA,11000,3,2021,892,1,0.7142857142857143,0,0,0,0,0.5
CA,11000,3,2021,913,1,0.7142857142857143,0,0,0,0,0.5
CA,11000,3,2021,915,19,13.571428571428571,0,0,0,0,0.7631578947368421
CA,11000,3,2021,935,1,0.7142857142857143,0,0,0,0,0.5
CA,11000,3,2021,993,1,0.7142857142857143,0,0,0,0,0.5
CA,11000,3,2021,1006,14,10,0,0,0,0,0.5
CA,11000,3,2021,1058,96,68.57142857142857,0,0,0,0,1.4375
CA,11000,3,2021,1132,4,2.857142857142857,0,0,0,0,0.5
CA,11000,3,2021,1134,1,0.7142857142857143,0,0,0,0,0.5
CA,11000,3,2021,1150,1,0.7142857142857143,0,0,0,0,0.5
CA,11000,3,2021,1265,45,32.142857142857146,0,0,0,0,0.9777777777777777
CA,11000,3,2021,1271,9,6.428571428571429,0,0,0,0,1.5555555555555556
CA,11000,3,2021,1282,1,0.7142857142857143,0,0,0,0,0.5
CA,11000,3,2021,1284,2,1.4285714285714286,0,0,0,0,0.5
CA,11000,3,2021,1299,56,40,0,0,0,0,1.1517857142857142
CA,11000,3,2021,1305,1,0.7142857142857143,0,0,0,0,0.5
CA,11000,3,2021,1371,31,22.142857142857142,0,0,0,0,0.5483870967741935
CA,11000,3,2021,1411,1,0.7142857142857143,0,0,0,0,0.5
CA,11000,3,2021,1412,1,0.7142857142857143,0,0,0,0,0.5
CA,31000,3,2022,1,50,100,0,0,0,0,58.36
CA,31000,3,2022,23,1,2,0,0,0,0,0.5
CA,31000,3,2022,38,1,2,0,0,0,0,0.5
CA,31000,3,2022,40,2,4,0,0,0,0,0.5
CA,31000,3,2022,48,7,14,0,0,0,0,0.5
CA,31000,3,2022,71,1,2,0,0,0,0,0.5
CA,31000,3,2022,84,3,6,0,0,0,0,0.5
CA,31000,3,2022,158,1,2,0,0,0,0,0.5
CA,31000,3,2022,161,45,90,0,0,0,0,19.255555555555556
CA,31000,3,2022,165,45,90,0,0,0,0,5.177777777777778
CA,31000,3,2022,200,18,36,0,0,0,0,1.4722222222222223
CA,31000,3,2022,239,4,8,0,0,0,0,0.5
CA,31000,3,2022,299,47,94,0,0,0,0,9.808510638297872
CA,31000,3,2022,313,3,6,0,0,0,0,1
CA,31000,3,2022,326,12,24,0,0,0,0,0.5
CA,31000,3,2022,349,4,8,0,0,0,0,0.875
CA,31000,3,2022,370,2,4,0,0,0,0,0.5
CA,31000,3,2022,399,1,2,0,0,0,0,0.5
CA,31000,3,2022,406,1,2,0,0,0,0,0.5
CA,31000,3,2022,424,13,26,0,0,0,0,0.9615384615384616
CA,31000,3,2022,447,1,2,0,0,0,0,0.5
CA,31000,3,2022,452,17,34,0,0,0,0,0.8823529411764706
CA,31000,3,2022,481,41,82,0,0,0,0,18
CA,31000,3,2022,520,7,14,0,0,0,0,0.5
CA,31000,3,2022,528,3,6,0,0,0,0,1
CA,31000,3,2022,568,8,16,0,0,0,0,0.6875
CA,31000,3,2022,581,2,4,0,0,0,0,0.5
CA,31000,3,2022,596,8,16,0,0,0,0,0.6875
CA,31000,3,2022,616,31,62,0,0,0,0,2.2903225806451615
CA,31000,3,2022,669,3,6,0,0,0,0,0.5
CA,31000,3,2022,682,3,6,0,0,0,0,1.6666666666666667
CA,31000,3,2022,732,9,18,0,0,0,0,0.6666666666666666
CA,31000,3,2022,776,1,2,0,0,0,0,0.5
CA,31000,3,2022,779,11,22,0,0,0,0,0.9090909090909091
CA,31000,3,2022,791,6,12,0,0,0,0,1.3333333333333333
CA,31000,3,2022,796,16,32,0,0,0,0,0.5
CA,31000,3,2022,892,2,4,0,0,0,0,0.5
CA,31000,3,2022,933,2,4,0,0,0,0,0.5
CA,31000,3,2022,996,18,36,0,0,0,0,1.1111111111111112
CA,31000,3,2022,1072,2,4,0,0,0,0,1.25
CA,31000,3,2022,1113,1,2,0,0,0,0,0.5
CA,31000,3,2022,1212,21,42,0,0,0,0,0.9285714285714286
CA,31000,3,2022,1218,1,2,0,0,0,0,0.5
CA,31000,3,2022,1219,3,6,0,0,0,0,0.5
CA,31000,3,2022,1309,1,2,0,0,0,0,0.5
CA,31000,3,2022,1371,8,16,0,0,0,0,0.5
CA,31000,3,2022,1380,1,2,0,0,0,0,0.5
CA,31000,3,2022,1408,1,2,0,0,0,0,0.5
CA,31000,3,2022,1413,2,4,0,0,0,0,0.5
CA,41000,3,2022,11,21,21.428571428571427,0,0,0,0,1.5238095238095237
CA,41000,3,2022,38,33,33.673469387755105,0,0,0,0,0.5
CA,41000,3,2022,40,34,34.69387755102041,0,0,0,0,0.5
CA,41000,3,2022,71,82,83.6734693877551,0,0,0,0,3.323170731707317
CA,41000,3,2022,117,2,2.0408163265306123,0,0,0,0,0.5
CA,41000,3,2022,141,24,24.489795918367346,0,0,0,0,0.5
CA,41000,3,2022,161,66,67.34693877551021,11,6,16.666666666666668,9.090909090909092,13.098484848484848
CA,41000,3,2022,165,64,65.3061224489796,1,1,1.5625,1.5625,1.9375
CA,41000,3,2022,167,1,1.0204081632653061,0,0,0,0,0.5
CA,41000,3,2022,246,2,2.0408163265306123,0,0,0,0,0.5
CA,41000,3,2022,297,90,91.83673469387755,3,1,3.3333333333333335,1.1111111111111112,3.8333333333333335
CA,41000,3,2022,299,58,59.183673469387756,0,0,0,0,0.5775862068965517
CA,41000,3,2022,341,1,1.0204081632653061,0,0,0,0,0.5
CA,41000,3,2022,343,1,1.0204081632653061,0,0,0,0,2
CA,41000,3,2022,468,29,29.591836734693878,0,0,0,0,4.517241379310345
CA,41000,3,2022,519,35,35.714285714285715,1,1,2.857142857142857,2.857142857142857,0.7571428571428571
CA,41000,3,2022,532,66,67.34693877551021,0,0,0,0,0.6363636363636364
CA,41000,3,2022,581,69,70.40816326530613,1,1,1.4492753623188406,1.4492753623188406,1.1014492753623188
CA,41000,3,2022,760,1,1.0204081632653061,0,0,0,0,0.5
CA,41000,3,2022,776,5,5.1020408163265305,0,0,0,0,0.5
CA,41000,3,2022,791,3,3.061224489795918,0,0,0,0,0.5
CA,41000,3,2022,796,1,1.0204081632653061,0,0,0,0,0.5
CA,41000,3,2022,813,3,3.061224489795918,0,0,0,0,0.5
CA,41000,3,2022,913,2,2.0408163265306123,0,0,0,0,0.5
CA,41000,3,2022,941,6,6.122448979591836,0,0,0,0,0.75
CA,41000,3,2022,993,1,1.0204081632653061,0,0,0,0,0.5
CA,41000,3,2022,1003,2,2.0408163265306123,0,0,0,0,0.5
CA,41000,3,2022,1041,1,1.0204081632653061,0,0,0,0,0.5
CA,41000,3,2022,1058,31,31.632653061224488,0,0,0,0,0.6935483870967742
CA,41000,3,2022,1132,46,46.93877551020408,0,0,0,0,0.5
CA,41000,3,2022,1134,1,1.0204081632653061,0,0,0,0,0.5
CA,41000,3,2022,1265,51,52.04081632653061,0,0,0,0,1.4607843137254901
CA,41000,3,2022,1271,13,13.26530612244898,0,0,0,0,0.6153846153846154
CA,41000,3,2022,1371,79,80.61224489795919,0,0,0,0,2.3164556962025316
CA,41000,3,2022,,1,1.0204081632653061,,,,,
CA,43000,3,2022,4,1,2,0,0,0,0,2
CA,43000,3,2022,11,3,6,0,0,0,0,1
CA,43000,3,2022,38,5,10,0,0,0,0,0.5
CA,43000,3,2022,40,9,18,0,0,0,0,0.5
CA,43000,3,2022,71,46,92,0,0,0,0,1.2391304347826086
CA,43000,3,2022,117,1,2,0,0,0,0,0.5
CA,43000,3,2022,130,1,2,0,0,0,0,0.5
CA,43000,3,2022,131,7,14,0,0,0,0,0.5
CA,43000,3,2022,133,2,4,0,0,0,0,2
CA,43000,3,2022,141,4,8,0,0,0,0,0.5
CA,43000,3,2022,153,1,2,0,0,0,0,0.5
CA,43000,3,2022,155,5,10,0,0,0,0,0.8
CA,43000,3,2022,156,6,12,0,0,0,0,0.75
CA,43000,3,2022,158,10,20,0,0,0,0,0.65
CA,43000,3,2022,161,42,84,15,8,35.714285714285715,19.047619047619047,9.452380952380953
CA,43000,3,2022,165,33,66,0,0,0,0,0.9545454545454546
CA,43000,3,2022,199,36,72,0,0,0,0,37.736111111111114
CA,43000,3,2022,279,5,10,0,0,0,0,2.2
CA,43000,3,2022,291,2,4,0,0,0,0,0.5
CA,43000,3,2022,297,49,98,0,0,0,0,2.2653061224489797
CA,43000,3,2022,299,33,66,2,2,6.0606060606060606,6.0606060606060606,0.5454545454545454
CA,43000,3,2022,326,7,14,0,0,0,0,0.5
CA,43000,3,2022,343,46,92,0,0,0,0,2.902173913043478
CA,43000,3,2022,377,8,16,0,0,0,0,0.5
CA,43000,3,2022,404,1,2,0,0,0,0,0.5
CA,43000,3,2022,424,2,4,0,0,0,0,0.5
CA,43000,3,2022,452,3,6,0,0,0,0,0.5
CA,43000,3,2022,468,42,84,0,0,0,0,5.785714285714286
CA,43000,3,2022,481,1,2,0,0,0,0,0.5
CA,43000,3,2022,510,3,6,0,0,0,0,0.5
CA,43000,3,2022,519,1,2,0,0,0,0,0.5
CA,43000,3,2022,525,6,12,0,0,0,0,1.9166666666666667
CA,43000,3,2022,532,39,78,0,0,0,0,0.6153846153846154
CA,43000,3,2022,568,1,2,0,0,0,0,12.5
CA,43000,3,2022,581,12,24,0,0,0,0,0.5
CA,43000,3,2022,584,10,20,0,0,0,0,0.8
CA,43000,3,2022,731,14,28,0,0,0,0,0.6071428571428571
CA,43000,3,2022,732,5,10,0,0,0,0,1.5
CA,43000,3,2022,760,1,2,0,0,0,0,0.5
CA,43000,3,2022,791,1,2,0,0,0,0,0.5
CA,43000,3,2022,827,4,8,0,0,0,0,0.5
CA,43000,3,2022,838,6,12,0,0,0,0,5.416666666666667
CA,43000,3,2022,891,3,6,0,0,0,0,6.166666666666667
CA,43000,3,2022,913,1,2,0,0,0,0,0.5
CA,43000,3,2022,914,10,20,0,0,0,0,0.8
CA,43000,3,2022,915,1,2,0,0,0,0,0.5
CA,43000,3,2022,941,19,38,0,0,0,0,0.7631578947368421
CA,43000,3,2022,993,4,8,0,0,0,0,0.5
CA,43000,3,2022,996,2,4,0,0,0,0,1.25
CA,43000,3,2022,1005,1,2,0,0,0,0,2
CA,43000,3,2022,1006,5,10,0,0,0,0,0.5
CA,43000,3,2022,1041,17,34,0,0,0,0,0.6764705882352942
CA,43000,3,2022,1058,12,24,0,0,0,0,0.75
CA,43000,3,2022,1132,9,18,0,0,0,0,0.8888888888888888
CA,43000,3,2022,1265,46,92,0,0,0,0,1.184782608695652
CA,43000,3,2022,1271,14,28,0,0,0,0,0.7142857142857143
CA,43000,3,2022,1299,3,6,0,0,0,0,1
CA,43000,3,2022,1371,43,86,0,0,0,0,1.302325581395349
CA,71000,3,2023,11,47,47.95918367346939,0,0,0,0,6.712765957446808
CA,71000,3,2023,71,64,65.3061224489796,3,1,4.6875,1.5625,0.5
CA,71000,3,2023,161,80,81.63265306122449,72,71,90,88.75,6.7375
CA,71000,3,2023,165,98,100,35,25,35.714285714285715,25.510204081632654,11.239795918367347
CA,71000,3,2023,297,14,14.285714285714286,0,0,0,0,0.6071428571428571
CA,71000,3,2023,299,67,68.36734693877551,0,0,0,0,0.7686567164179104
CA,71000,3,2023,326,1,1.0204081632653061,1,1,100,100,0.5
CA,71000,3,2023,343,8,8.16326530612245,0,0,0,0,1.125
CA,71000,3,2023,439,53,54.08163265306123,0,0,0,0,15.264150943396226
CA,71000,3,2023,468,1,1.0204081632653061,0,0,0,0,0.5
CA,71000,3,2023,519,1,1.0204081632653061,0,0,0,0,0.5
CA,71000,3,2023,532,20,20.408163265306122,0,0,0,0,0.5
CA,71000,3,2023,581,23,23.46938775510204,8,7,34.78260869565217,30.434782608695652,0.5652173913043478
CA,71000,3,2023,584,3,3.061224489795918,1,1,33.333333333333336,33.333333333333336,1
CA,71000,3,2023,616,1,1.0204081632653061,0,0,0,0,0.5
CA,71000,3,2023,680,1,1.0204081632653061,0,0,0,0,0.5
CA,71000,3,2023,776,2,2.0408163265306123,0,0,0,0,0.5
CA,71000,3,2023,796,1,1.0204081632653061,0,0,0,0,0.5
CA,71000,3,2023,827,1,1.0204081632653061,0,0,0,0,0.5
CA,71000,3,2023,892,1,1.0204081632653061,0,0,0,0,0.5
CA,71000,3,2023,996,1,1.0204081632653061,0,0,0,0,0.5
CA,71000,3,2023,1003,1,1.0204081632653061,0,0,0,0,0.5
CA,71000,3,2023,1058,4,4.081632653061225,0,0,0,0,0.5
CA,71000,3,2023,1082,1,1.0204081632653061,0,0,0,0,0.5
CA,71000,3,2023,1132,50,51.02040816326531,2,2,4,4,0.56
CA,71000,3,2023,1265,7,7.142857142857143,0,0,0,0,0.5
CA,71000,3,2023,1271,1,1.0204081632653061,0,0,0,0,0.5
CA,71000,3,2023,1371,78,79.59183673469387,0,0,0,0,0.7371794871794872
CA,81000,3,2023,40,21,21.428571428571427,1,1,4.761904761904762,4.761904761904762,0.5
CA,81000,3,2023,41,1,1.0204081632653061,0,0,0,0,0.5
CA,81000,3,2023,48,1,1.0204081632653061,0,0,0,0,0.5
CA,81000,3,2023,71,86,87.75510204081633,0,0,0,0,1.2383720930232558
CA,81000,3,2023,131,98,100,0,0,0,0,15.061224489795919
CA,81000,3,2023,138,97,98.9795918367347,0,0,0,0,1.2061855670103092
CA,81000,3,2023,141,8,8.16326530612245,0,0,0,0,0.5
CA,81000,3,2023,158,3,3.061224489795918,0,0,0,0,0.5
CA,81000,3,2023,161,87,88.77551020408163,36,27,41.37931034482759,31.03448275862069,1.9655172413793103
CA,81000,3,2023,165,95,96.93877551020408,1,0,1.0526315789473684,0,2.6052631578947367
CA,81000,3,2023,239,7,7.142857142857143,0,0,0,0,0.7142857142857143
CA,81000,3,2023,283,21,21.428571428571427,0,0,0,0,3.238095238095238
CA,81000,3,2023,297,21,21.428571428571427,0,0,0,0,0.5
CA,81000,3,2023,299,98,100,1,0,1.0204081632653061,0,12.438775510204081
CA,81000,3,2023,343,65,66.3265306122449,0,0,0,0,1.7076923076923076
CA,81000,3,2023,404,31,31.632653061224488,1,1,3.225806451612903,3.225806451612903,0.5
CA,81000,3,2023,439,52,53.06122448979592,0,0,0,0,6.4326923076923075
CA,81000,3,2023,451,12,12.244897959183673,0,0,0,0,0.5
CA,81000,3,2023,468,4,4.081632653061225,0,0,0,0,0.5
CA,81000,3,2023,498,22,22.448979591836736,0,0,0,0,2.3863636363636362
CA,81000,3,2023,519,10,10.204081632653061,2,1,20,10,0.5
CA,81000,3,2023,532,77,78.57142857142857,2,2,2.5974025974025974,2.5974025974025974,0.6753246753246753
CA,81000,3,2023,581,19,19.387755102040817,2,2,10.526315789473685,10.526315789473685,0.5
CA,81000,3,2023,584,11,11.224489795918368,0,0,0,0,0.6363636363636364
CA,81000,3,2023,616,3,3.061224489795918,0,0,0,0,0.5
CA,81000,3,2023,680,72,73.46938775510205,0,0,0,0,0.5208333333333334
CA,81000,3,2023,731,1,1.0204081632653061,0,0,0,0,0.5
CA,81000,3,2023,760,18,18.367346938775512,0,0,0,0,0.5
CA,81000,3,2023,776,28,28.571428571428573,1,1,3.5714285714285716,3.5714285714285716,0.5
CA,81000,3,2023,791,21,21.428571428571427,0,0,0,0,1.4047619047619047
CA,81000,3,2023,849,2,2.0408163265306123,0,0,0,0,0.5
CA,81000,3,2023,915,3,3.061224489795918,0,0,0,0,0.5
CA,81000,3,2023,993,2,2.0408163265306123,0,0,0,0,0.5
CA,81000,3,2023,1006,4,4.081632653061225,0,0,0,0,0.5
CA,81000,3,2023,1058,84,85.71428571428571,0,0,0,0,1.0952380952380953
CA,81000,3,2023,1132,33,33.673469387755105,0,0,0,0,0.5909090909090909
CA,81000,3,2023,1212,1,1.0204081632653061,0,0,0,0,0.5
CA,81000,3,2023,1265,98,100,0,0,0,0,6.438775510204081
CA,81000,3,2023,1271,9,9.183673469387756,0,0,0,0,0.8333333333333334
CA,81000,3,2023,1299,98,100,0,0,0,0,3.0408163265306123
CA,81000,3,2023,1371,97,98.9795918367347,0,0,0,0,2.3247422680412373
CA,91000,3,2024,38,12,12.244897959183673,0,0,0,0,0.5
CA,91000,3,2024,40,21,21.428571428571427,0,0,0,0,0.6428571428571429
CA,91000,3,2024,48,18,18.367346938775512,0,0,0,0,0.5
CA,91000,3,2024,50,4,4.081632653061225,0,0,0,0,0.5
CA,91000,3,2024,68,3,3.061224489795918,0,0,0,0,1
CA,91000,3,2024,77,13,13.26530612244898,0,0,0,0,0.6153846153846154
CA,91000,3,2024,84,31,31.632653061224488,0,0,0,0,0.5967741935483871
CA,91000,3,2024,90,37,37.755102040816325,0,0,0,0,0.581081081081081
CA,91000,3,2024,130,7,7.142857142857143,0,0,0,0,3.4285714285714284
CA,91000,3,2024,143,26,26.53061224489796,0,0,0,0,3.1923076923076925
CA,91000,3,2024,155,1,1.0204081632653061,0,0,0,0,0.5
CA,91000,3,2024,158,1,1.0204081632653061,0,0,0,0,0.5
CA,91000,3,2024,161,80,81.63265306122449,16,10,20,12.5,8.05
CA,91000,3,2024,165,26,26.53061224489796,1,0,3.8461538461538463,0,6.25
CA,91000,3,2024,189,2,2.0408163265306123,0,0,0,0,0.5
CA,91000,3,2024,200,65,66.3265306122449,7,5,10.76923076923077,7.6923076923076925,1.9846153846153847
CA,91000,3,2024,239,3,3.061224489795918,0,0,0,0,0.5
CA,91000,3,2024,279,3,3.061224489795918,0,0,0,0,1
CA,91000,3,2024,297,47,47.95918367346939,1,1,2.127659574468085,2.127659574468085,1.574468085106383
CA,91000,3,2024,299,27,27.551020408163264,0,0,0,0,0.5555555555555556
CA,91000,3,2024,326,20,20.408163265306122,0,0,0,0,1.8
CA,91000,3,2024,341,9,9.183673469387756,1,1,11.11111111111111,11.11111111111111,0.5
CA,91000,3,2024,349,37,37.755102040816325,0,0,0,0,1.2702702702702702
CA,91000,3,2024,358,9,9.183673469387756,0,0,0,0,0.6666666666666666
CA,91000,3,2024,370,3,3.061224489795918,0,0,0,0,0.5
CA,91000,3,2024,382,8,8.16326530612245,0,0,0,0,0.5
CA,91000,3,2024,404,1,1.0204081632653061,0,0,0,0,0.5
CA,91000,3,2024,406,1,1.0204081632653061,0,0,0,0,0.5
CA,91000,3,2024,424,7,7.142857142857143,0,0,0,0,1.1428571428571428
CA,91000,3,2024,428,25,25.510204081632654,0,0,0,0,1.96
CA,91000,3,2024,439,13,13.26530612244898,0,0,0,0,25.73076923076923
CA,91000,3,2024,447,4,4.081632653061225,0,0,0,0,0.875
CA,91000,3,2024,451,15,15.306122448979592,0,0,0,0,0.8
CA,91000,3,2024,452,90,91.83673469387755,0,0,0,0,3.388888888888889
CA,91000,3,2024,481,40,40.816326530612244,0,0,0,0,0.575
CA,91000,3,2024,488,19,19.387755102040817,0,0,0,0,0.5
CA,91000,3,2024,510,12,12.244897959183673,0,0,0,0,0.5
CA,91000,3,2024,520,2,2.0408163265306123,0,0,0,0,0.5
CA,91000,3,2024,528,1,1.0204081632653061,0,0,0,0,0.5
CA,91000,3,2024,532,45,45.91836734693877,0,0,0,0,0.5
CA,91000,3,2024,552,53,54.08163265306123,0,0,0,0,2.981132075471698
CA,91000,3,2024,553,3,3.061224489795918,0,0,0,0,0.5
CA,91000,3,2024,563,10,10.204081632653061,0,0,0,0,0.5
CA,91000,3,2024,568,52,53.06122448979592,0,0,0,0,1.7115384615384615
CA,91000,3,2024,578,3,3.061224489795918,0,0,0,0,0.5
CA,91000,3,2024,581,2,2.0408163265306123,0,0,0,0,0.5
CA,91000,3,2024,584,5,5.1020408163265305,0,0,0,0,0.8
CA,91000,3,2024,596,5,5.1020408163265305,0,0,0,0,0.5
CA,91000,3,2024,605,2,2.0408163265306123,0,0,0,0,0.5
CA,91000,3,2024,606,6,6.122448979591836,0,0,0,0,0.5
CA,91000,3,2024,669,1,1.0204081632653061,0,0,0,0,0.5
CA,91000,3,2024,680,2,2.0408163265306123,0,0,0,0,0.5
CA,91000,3,2024,702,5,5.1020408163265305,0,0,0,0,0.5
CA,91000,3,2024,707,3,3.061224489795918,0,0,0,0,0.5
CA,91000,3,2024,731,7,7.142857142857143,0,0,0,0,1.5
CA,91000,3,2024,732,4,4.081632653061225,0,0,0,0,0.5
CA,91000,3,2024,768,3,3.061224489795918,0,0,0,0,0.5
CA,91000,3,2024,776,3,3.061224489795918,0,0,0,0,0.5
CA,91000,3,2024,791,2,2.0408163265306123,0,0,0,0,0.5
CA,91000,3,2024,796,3,3.061224489795918,0,0,0,0,0.5
CA,91000,3,2024,827,27,27.551020408163264,0,0,0,0,0.6666666666666666
CA,91000,3,2024,833,67,68.36734693877551,0,0,0,0,2.1417910447761193
CA,91000,3,2024,838,8,8.16326530612245,0,0,0,0,1.6875
CA,91000,3,2024,872,78,79.59183673469387,0,0,0,0,52.81410256410256
CA,91000,3,2024,892,1,1.0204081632653061,0,0,0,0,0.5
CA,91000,3,2024,902,32,32.6530612244898,0,0,0,0,7.140625
CA,91000,3,2024,914,20,20.408163265306122,0,0,0,0,0.5
CA,91000,3,2024,915,80,81.63265306122449,0,0,0,0,5.23125
CA,91000,3,2024,949,8,8.16326530612245,0,0,0,0,1.9375
CA,91000,3,2024,965,17,17.346938775510203,0,0,0,0,0.5882352941176471
CA,91000,3,2024,995,2,2.0408163265306123,0,0,0,0,1.25
CA,91000,3,2024,996,10,10.204081632653061,0,0,0,0,0.65
CA,91000,3,2024,1000,3,3.061224489795918,0,0,0,0,0.5
CA,91000,3,2024,1006,60,61.224489795918366,0,0,0,0,5.508333333333334
CA,91000,3,2024,1058,68,69.38775510204081,0,0,0,0,8.088235294117647
CA,91000,3,2024,1073,1,1.0204081632653061,0,0,0,0,0.5
CA,91000,3,2024,1082,26,26.53061224489796,0,0,0,0,0.5
CA,91000,3,2024,1107,1,1.0204081632653061,0,0,0,0,2
CA,91000,3,2024,1162,3,3.061224489795918,0,0,0,0,0.5
CA,91000,3,2024,1199,4,4.081632653061225,0,0,0,0,0.5
CA,91000,3,2024,1218,1,1.0204081632653061,0,0,0,0,0.5
CA,91000,3,2024,1243,1,1.0204081632653061,0,0,0,0,0.5
CA,91000,3,2024,1265,17,17.346938775510203,0,0,0,0,0.6764705882352942
CA,91000,3,2024,1271,11,11.224489795918368,0,0,0,0,0.5
CA,91000,3,2024,1272,1,1.0204081632653061,0,0,0,0,0.5
CA,91000,3,2024,1282,2,2.0408163265306123,0,0,0,0,0.5
CA,91000,3,2024,1283,1,1.0204081632653061,0,0,0,0,0.5
CA,91000,3,2024,1311,49,50,0,0,0,0,0.7142857142857143
CA,91000,3,2024,1320,30,30.612244897959183,0,0,0,0,0.5
CA,91000,3,2024,1355,1,1.0204081632653061,0,0,0,0,0.5
CA,91000,3,2024,1371,51,52.04081632653061,0,0,0,0,0.5
CA,91000,3,2024,1386,2,2.0408163265306123,0,0,0,0,1.25
CA,91000,3,2024,1388,21,21.428571428571427,0,0,0,0,0.5
CA,91000,3,2024,1400,2,2.0408163265306123,0,0,0,0,0.5
CA,101000,3,2024,11,1,1.0204081632653061,0,0,0,0,0.5
CA,101000,3,2024,71,85,86.73469387755102,1,1,1.1764705882352942,1.1764705882352942,0.5
CA,101000,3,2024,131,49,50,0,0,0,0,29.887755102040817
CA,101000,3,2024,138,44,44.89795918367347,0,0,0,0,0.5340909090909091
CA,101000,3,2024,140,98,100,0,0,0,0,64.86224489795919
CA,101000,3,2024,141,8,8.16326530612245,0,0,0,0,0.5
CA,101000,3,2024,161,26,26.53061224489796,1,1,3.8461538461538463,3.8461538461538463,0.5
CA,101000,3,2024,165,97,98.9795918367347,1,1,1.0309278350515463,1.0309278350515463,2.0876288659793816
CA,101000,3,2024,297,56,57.142857142857146,1,1,1.7857142857142858,1.7857142857142858,0.5
CA,101000,3,2024,299,81,82.65306122448979,1,1,1.2345679012345678,1.2345679012345678,0.6851851851851852
CA,101000,3,2024,343,60,61.224489795918366,0,0,0,0,1.5
CA,101000,3,2024,404,5,5.1020408163265305,0,0,0,0,0.5
CA,101000,3,2024,439,1,1.0204081632653061,0,0,0,0,2
CA,101000,3,2024,468,2,2.0408163265306123,0,0,0,0,1.25
CA,101000,3,2024,519,12,12.244897959183673,0,0,0,0,0.5
CA,101000,3,2024,532,15,15.306122448979592,0,0,0,0,0.5
CA,101000,3,2024,581,22,22.448979591836736,0,0,0,0,0.5681818181818182
CA,101000,3,2024,584,2,2.0408163265306123,0,0,0,0,0.5
CA,101000,3,2024,616,2,2.0408163265306123,0,0,0,0,0.5
CA,101000,3,2024,680,44,44.89795918367347,0,0,0,0,0.5681818181818182
CA,101000,3,2024,791,6,6.122448979591836,0,0,0,0,1
CA,101000,3,2024,1058,97,98.9795918367347,0,0,0,0,2.0103092783505154
CA,101000,3,2024,1132,44,44.89795918367347,0,0,0,0,0.5340909090909091
CA,101000,3,2024,1265,97,98.9795918367347,6,4,6.185567010309279,4.123711340206185,2.0463917525773194
CA,101000,3,2024,1271,2,2.0408163265306123,0,0,0,0,0.5
CA,101000,3,2024,1275,79,80.61224489795919,0,0,0,0,0.9430379746835443
CA,101000,3,2024,1299,1,1.0204081632653061,0,0,0,0,0.5
CA,101000,3,2024,1371,42,42.857142857142854,0,0,0,0,0.5
CA,101000,3,2024,1408,2,2.0408163265306123,0,0,0,0,0.5
CA,171200,3,2024,37,11,22,0,0,0,0,0.5
CA,171200,3,2024,40,20,40,0,0,0,0,0.5
CA,171200,3,2024,48,8,16,0,0,0,0,0.5
CA,171200,3,2024,50,2,4,0,0,0,0,1.25
CA,171200,3,2024,68,1,2,0,0,0,0,0.5
CA,171200,3,2024,71,8,16,0,0,0,0,0.5
CA,171200,3,2024,77,24,48,0,0,0,0,0.6875
CA,171200,3,2024,84,2,4,0,0,0,0,0.5
CA,171200,3,2024,85,1,2,0,0,0,0,0.5
CA,171200,3,2024,90,6,12,0,0,0,0,0.5
CA,171200,3,2024,141,2,4,0,0,0,0,0.5
CA,171200,3,2024,161,50,100,4,3,8,6,0.5
CA,171200,3,2024,165,12,24,0,0,0,0,0.875
CA,171200,3,2024,179,4,8,0,0,0,0,0.5
CA,171200,3,2024,291,35,70,0,0,0,0,0.7571428571428571
CA,171200,3,2024,297,1,2,0,0,0,0,0.5
CA,171200,3,2024,341,2,4,0,0,0,0,0.5
CA,171200,3,2024,349,25,50,0,0,0,0,0.74
CA,171200,3,2024,370,3,6,0,0,0,0,0.5
CA,171200,3,2024,428,4,8,0,0,0,0,0.875
CA,171200,3,2024,447,3,6,0,0,0,0,5.166666666666667
CA,171200,3,2024,484,1,2,0,0,0,0,0.5
CA,171200,3,2024,488,5,10,0,0,0,0,0.5
CA,171200,3,2024,510,26,52,0,0,0,0,0.6153846153846154
CA,171200,3,2024,520,5,10,0,0,0,0,0.5
CA,171200,3,2024,532,4,8,0,0,0,0,0.5
CA,171200,3,2024,552,25,50,0,0,0,0,1.22
CA,171200,3,2024,563,22,44,0,0,0,0,0.6363636363636364
CA,171200,3,2024,581,14,28,0,0,0,0,0.6071428571428571
CA,171200,3,2024,584,20,40,0,0,0,0,0.95
CA,171200,3,2024,625,50,100,0,0,0,0,39.95
CA,171200,3,2024,707,1,2,0,0,0,0,0.5
CA,171200,3,2024,709,3,6,0,0,0,0,1
CA,171200,3,2024,731,1,2,0,0,0,0,0.5
CA,171200,3,2024,776,50,100,0,0,0,0,0.56
CA,171200,3,2024,788,4,8,0,0,0,0,1.25
CA,171200,3,2024,796,6,12,0,0,0,0,0.5
CA,171200,3,2024,830,16,32,0,0,0,0,3.125
CA,171200,3,2024,831,6,12,0,0,0,0,0.5
CA,171200,3,2024,833,4,8,0,0,0,0,0.875
CA,171200,3,2024,838,29,58,0,0,0,0,6.379310344827586
CA,171200,3,2024,872,18,36,0,0,0,0,9.333333333333334
CA,171200,3,2024,892,1,2,0,0,0,0,0.5
CA,171200,3,2024,906,1,2,0,0,0,0,0.5
CA,171200,3,2024,910,3,6,0,0,0,0,1.5
CA,171200,3,2024,913,1,2,0,0,0,0,0.5
CA,171200,3,2024,914,11,22,0,0,0,0,0.5
CA,171200,3,2024,915,47,94,0,0,0,0,1.7659574468085106
CA,171200,3,2024,948,4,8,0,0,0,0,5.75
CA,171200,3,2024,949,1,2,0,0,0,0,0.5
CA,171200,3,2024,996,3,6,0,0,0,0,0.5
CA,171200,3,2024,1000,4,8,0,0,0,0,0.5
CA,171200,3,2024,1023,1,2,0,0,0,0,0.5
CA,171200,3,2024,1058,42,84,0,0,0,0,1.5952380952380953
CA,171200,3,2024,1082,49,98,0,0,0,0,0.6224489795918368
CA,171200,3,2024,1107,18,36,0,0,0,0,2.0277777777777777
CA,171200,3,2024,1132,3,6,0,0,0,0,0.5
CA,171200,3,2024,1243,11,22,0,0,0,0,0.5
CA,171200,3,2024,1245,1,2,0,0,0,0,0.5
CA,171200,3,2024,1250,1,2,0,0,0,0,0.5
CA,171200,3,2024,1251,17,34,0,0,0,0,1.2352941176470589
CA,171200,3,2024,1265,24,48,0,0,0,0,1.625
CA,171200,3,2024,1282,2,4,0,0,0,0,0.5
CA,171200,3,2024,1283,1,2,0,0,0,0,0.5
CA,171200,3,2024,1311,27,54,0,0,0,0,0.9444444444444444
CA,171200,3,2024,1320,32,64,0,0,0,0,0.5
CA,171200,3,2024,1355,4,8,0,0,0,0,0.875
CA,171200,3,2024,1371,50,100,0,0,0,0,0.5
CA,171200,3,2024,1377,16,32,0,0,0,0,0.5
CA,171200,3,2024,1384,4,8,1,0,25,0,0.5
CA,171200,3,2024,1388,38,76,0,0,0,0,0.7368421052631579
CA,171200,3,2024,1399,28,56,0,0,0,0,1.1428571428571428
CA,171200,3,2024,1400,2,4,0,0,0,0,0.5
CA,111000,3,2025,48,1,1.0204081632653061,0,0,0,0,0.5
CA,111000,3,2025,71,91,92.85714285714286,2,2,2.197802197802198,2.197802197802198,0.6153846153846154
CA,111000,3,2025,131,97,98.9795918367347,0,0,0,0,56.345360824742265
CA,111000,3,2025,138,3,3.061224489795918,0,0,0,0,0.5
CA,111000,3,2025,140,98,100,0,0,0,0,16.352040816326532
CA,111000,3,2025,141,6,6.122448979591836,0,0,0,0,0.5
CA,111000,3,2025,158,1,1.0204081632653061,0,0,0,0,0.5
CA,111000,3,2025,161,98,100,12,11,12.244897959183673,11.224489795918368,26.306122448979593
CA,111000,3,2025,165,56,57.142857142857146,3,3,5.357142857142857,5.357142857142857,0.8839285714285714
CA,111000,3,2025,199,1,1.0204081632653061,0,0,0,0,0.5
CA,111000,3,2025,297,98,100,0,0,0,0,1.8877551020408163
CA,111000,3,2025,299,97,98.9795918367347,2,2,2.0618556701030926,2.0618556701030926,3.865979381443299
CA,111000,3,2025,343,3,3.061224489795918,0,0,0,0,0.5
CA,111000,3,2025,404,1,1.0204081632653061,1,0,100,0,0.5
CA,111000,3,2025,451,13,13.26530612244898,0,0,0,0,0.5
CA,111000,3,2025,468,28,28.571428571428573,0,0,0,0,1.6071428571428572
CA,111000,3,2025,519,7,7.142857142857143,0,0,0,0,0.5
CA,111000,3,2025,532,60,61.224489795918366,0,0,0,0,0.65
CA,111000,3,2025,581,4,4.081632653061225,0,0,0,0,0.875
CA,111000,3,2025,616,4,4.081632653061225,0,0,0,0,0.5
CA,111000,3,2025,680,4,4.081632653061225,0,0,0,0,0.5
CA,111000,3,2025,776,1,1.0204081632653061,0,0,0,0,0.5
CA,111000,3,2025,791,2,2.0408163265306123,0,0,0,0,0.5
CA,111000,3,2025,796,1,1.0204081632653061,0,0,0,0,0.5
CA,111000,3,2025,867,1,1.0204081632653061,0,0,0,0,0.5
CA,111000,3,2025,1006,5,5.1020408163265305,0,0,0,0,0.5
CA,111000,3,2025,1058,4,4.081632653061225,0,0,0,0,0.5
CA,111000,3,2025,1132,87,88.77551020408163,0,0,0,0,0.7586206896551724
CA,111000,3,2025,1212,5,5.1020408163265305,1,1,20,20,0.5
CA,111000,3,2025,1218,2,2.0408163265306123,0,0,0,0,0.5
CA,111000,3,2025,1265,98,100,2,1,2.0408163265306123,1.0204081632653061,15.933673469387756
CA,111000,3,2025,1271,2,2.0408163265306123,0,0,0,0,0.5
CA,111000,3,2025,1275,8,8.16326530612245,0,0,0,0,1.125
CA,111000,3,2025,1288,1,1.0204081632653061,0,0,0,0,0.5
CA,111000,3,2025,1371,95,96.93877551020408,0,0,0,0,0.8315789473684211
CA,111000,3,2025,1408,1,1.0204081632653061,0,0,0,0,0.5
CA,171100,3,2025,40,1,2,0,0,0,0,0.5
CA,171100,3,2025,48,22,44,8,7,36.36363636363637,31.818181818181817,0.5
CA,171100,3,2025,71,1,2,0,0,0,0,0.5
CA,171100,3,2025,84,34,68,0,0,0,0,0.5
CA,171100,3,2025,90,47,94,0,0,0,0,0.7553191489361702
CA,171100,3,2025,161,21,42,1,1,4.761904761904762,4.761904761904762,0.5
CA,171100,3,2025,165,22,44,0,0,0,0,0.6363636363636364
CA,171100,3,2025,179,3,6,0,0,0,0,0.5
CA,171100,3,2025,200,8,16,0,0,0,0,0.5
CA,171100,3,2025,239,9,18,0,0,0,0,0.5
CA,171100,3,2025,288,23,46,0,0,0,0,0.5
CA,171100,3,2025,291,41,82,0,0,0,0,1.0121951219512195
CA,171100,3,2025,297,21,42,6,6,28.571428571428573,28.571428571428573,0.5
CA,171100,3,2025,313,1,2,0,0,0,0,0.5
CA,171100,3,2025,341,6,12,0,0,0,0,0.5
CA,171100,3,2025,349,50,100,0,0,0,0,5.89
CA,171100,3,2025,353,40,80,0,0,0,0,0.575
CA,171100,3,2025,406,2,4,0,0,0,0,0.5
CA,171100,3,2025,428,1,2,0,0,0,0,0.5
CA,171100,3,2025,447,24,48,0,0,0,0,0.9583333333333334
CA,171100,3,2025,451,30,60,0,0,0,0,1.05
CA,171100,3,2025,481,12,24,0,0,0,0,0.625
CA,171100,3,2025,484,10,20,0,0,0,0,2.1
CA,171100,3,2025,488,22,44,2,1,9.090909090909092,4.545454545454546,0.5
CA,171100,3,2025,509,2,4,0,0,0,0,0.5
CA,171100,3,2025,510,43,86,2,0,4.651162790697675,0,1.3372093023255813
CA,171100,3,2025,520,40,80,0,0,0,0,0.5
CA,171100,3,2025,539,7,14,0,0,0,0,1.3571428571428572
CA,171100,3,2025,552,18,36,0,0,0,0,0.5
CA,171100,3,2025,563,20,40,0,0,0,0,0.875
CA,171100,3,2025,584,47,94,0,0,0,0,1.4893617021276595
CA,171100,3,2025,589,2,4,0,0,0,0,0.5
CA,171100,3,2025,596,5,10,0,0,0,0,0.5
CA,171100,3,2025,625,42,84,0,0,0,0,0.8571428571428571
CA,171100,3,2025,732,1,2,0,0,0,0,0.5
CA,171100,3,2025,776,2,4,0,0,0,0,0.5
CA,171100,3,2025,799,4,8,0,0,0,0,0.5
CA,171100,3,2025,830,27,54,0,0,0,0,10.166666666666666
CA,171100,3,2025,831,42,84,0,0,0,0,0.5714285714285714
CA,171100,3,2025,833,39,78,0,0,0,0,0.5769230769230769
CA,171100,3,2025,838,13,26,0,0,0,0,0.6153846153846154
CA,171100,3,2025,872,8,16,0,0,0,0,0.875
CA,171100,3,2025,902,3,6,0,0,0,0,0.5
CA,171100,3,2025,914,50,100,0,0,0,0,0.53
CA,171100,3,2025,915,44,88,0,0,0,0,2.590909090909091
CA,171100,3,2025,948,4,8,0,0,0,0,0.875
CA,171100,3,2025,1058,1,2,0,0,0,0,0.5
CA,171100,3,2025,1082,38,76,0,0,0,0,0.618421052631579
CA,171100,3,2025,1107,47,94,0,0,0,0,6.446808510638298
CA,171100,3,2025,1199,1,2,0,0,0,0,0.5
CA,171100,3,2025,1243,50,100,0,0,0,0,4.08
CA,171100,3,2025,1245,10,20,0,0,0,0,0.5
CA,171100,3,2025,1250,17,34,0,0,0,0,0.5
CA,171100,3,2025,1251,50,100,0,0,0,0,4.28
CA,171100,3,2025,1265,10,20,0,0,0,0,0.5
CA,171100,3,2025,1282,11,22,0,0,0,0,0.5
CA,171100,3,2025,1283,8,16,0,0,0,0,0.5
CA,171100,3,2025,1311,48,96,0,0,0,0,0.90625
CA,171100,3,2025,1320,1,2,0,0,0,0,0.5
CA,171100,3,2025,1322,1,2,0,0,0,0,0.5
CA,171100,3,2025,1371,25,50,1,1,4,4,0.5
CA,171100,3,2025,1384,46,92,5,5,10.869565217391305,10.869565217391305,0.5
CA,171100,3,2025,1386,6,12,0,0,0,0,0.75
CA,171100,3,2025,1388,48,96,0,0,0,0,0.9479166666666666
CA,171100,3,2025,1399,2,4,0,0,0,0,0.5
